1 2 0 8 500 2
1 2 0 3 500 2
1 2 15 9 500 2
1 2 15 8 500 2
1 2 15 6 500 2
1 2 14 8 500 2
1 2 11 0 500 2
1 2 11 9 500 2
1 2 9 0 500 2
1 2 9 0 500 2
1 2 8 4 500 2
1 2 7 3 500 2
1 2 6 9 500 2
1 2 6 4 500 2
1 2 5 9 500 2
1 2 5 1 500 2
1 2 5 3 500 2
1 2 3 8 500 2
1 2 8 8 500 2
1 2 6 9 1000 2
1 2 6 9 1000 2
1 2 7 1 1000 2
1 2 8 4 1000 2
1 2 8 7 1000 2
1 2 10 9 1000 2
1 2 11 4 1000 2
1 2 13 2 1000 2
1 2 15 5 1000 2
1 2 15 1 1000 2
1 2 3 3 1000 2
1 2 5 9 1000 2
1 2 0 4 1000 2
1 2 1 2 1000 2
1 2 2 2 1000 2
1 2 2 2 1000 2
1 2 2 7 1000 2
1 2 3 2 1000 2
1 2 4 3 1000 2
1 2 4 3 1000 2
1 2 5 8 1000 2
1 2 6 3 1000 2
1 2 8 2 1500 2
1 2 15 4 1500 2
1 2 14 0 1500 2
1 2 13 7 1500 2
1 2 11 3 1500 2
1 2 11 0 1500 2
1 2 11 8 1500 2
1 2 8 7 1500 2
1 2 8 1 1500 2
1 2 7 6 1500 2
1 2 4 2 1500 2
1 2 6 9 1500 2
1 2 2 7 1500 2
1 2 3 8 1500 2
1 2 4 8 1500 2
1 2 4 8 1500 2
1 2 5 8 1500 2
1 2 6 0 1500 2
1 2 2 8 1500 2
1 2 6 3 1500 2
1 2 6 7 1500 2
1 2 6 3 2000 2
1 2 10 9 2000 2
1 2 6 7 2000 2
1 2 7 8 2000 2
1 2 7 4 2000 2
1 2 9 3 2000 2
1 2 10 7 2000 2
1 2 10 5 2000 2
1 2 11 8 2000 2
1 2 11 3 2000 2
1 2 14 2 2000 2
1 2 5 9 2000 2
1 2 6 2 2000 2
1 2 0 1 2000 2
1 2 1 5 2000 2
1 2 2 2 2000 2
1 2 2 2 2000 2
1 2 2 7 2000 2
1 2 3 8 2000 2
1 2 3 2 2000 2
1 2 4 3 2000 2
1 2 4 1 2000 2
1 2 4 9 2000 2
1 2 15 0 2500 2
1 2 14 0 2500 2
1 2 14 3 2500 2
1 2 12 0 2500 2
1 2 7 2 2500 2
1 2 5 9 2500 2
1 2 6 9 2500 2
1 2 6 3 2500 2
1 2 6 7 2500 2
1 2 4 2 2500 2
1 2 4 4 2500 2
1 2 3 4 2500 2
1 2 3 7 2500 2
1 2 0 3 2500 2
1 2 15 6 3000 2
1 2 14 5 3000 2
1 2 13 4 3000 2
1 2 12 5 3000 2
1 2 11 4 3000 2
1 2 11 9 3000 2
1 2 7 7 3000 2
1 2 6 7 3000 2
1 2 6 5 3000 2
1 2 5 8 3000 2
1 2 6 3 3000 2
1 2 0 4 3000 2
1 2 0 3 3000 2
1 2 0 6 3000 2
1 2 0 8 3000 2
1 2 1 7 3000 2
1 2 2 3 3000 2
1 2 4 5 3000 2
1 2 5 3 3000 2
1 2 6 9 3500 2
1 2 15 9 3500 2
1 2 14 0 3500 2
1 2 14 5 3500 2
1 2 13 7 3500 2
1 2 11 9 3500 2
1 2 8 8 3500 2
1 2 7 2 3500 2
1 2 6 0 3500 2
1 2 6 3 3500 2
1 2 0 9 3500 2
1 2 2 6 3500 2
1 2 3 9 3500 2
1 2 4 3 3500 2
1 2 4 8 3500 2
1 2 5 9 3500 2
1 2 5 7 3500 2
1 2 4 6 4000 2
1 2 15 3 4000 2
1 2 14 0 4000 2
1 2 14 0 4000 2
1 2 14 3 4000 2
1 2 13 2 4000 2
1 2 11 7 4000 2
1 2 9 0 4000 2
1 2 7 5 4000 2
1 2 6 3 4000 2
1 2 6 3 4000 2
1 2 6 8 4000 2
1 2 5 4 4000 2
1 2 5 7 4000 2
1 2 4 7 4000 2
1 2 6 0 4000 2
1 2 3 8 4000 2
1 2 9 3 4500 2
1 2 9 2 4500 2
1 2 9 1 4500 2
1 2 10 0 4500 2
1 2 11 3 4500 2
1 2 12 6 4500 2
1 2 12 6 4500 2
1 2 12 4 4500 2
1 2 14 1 4500 2
1 2 15 7 4500 2
1 2 15 8 4500 2
1 2 15 6 4500 2
1 2 11 3 4500 2
1 2 5 0 4500 2
1 2 6 5 4500 2
1 2 0 8 4500 2
1 2 1 1 4500 2
1 2 2 8 4500 2
1 2 2 6 4500 2
1 2 2 8 4500 2
1 2 3 3 4500 2
1 2 4 2 4500 2
1 2 4 2 4500 2
1 2 4 6 4500 2
1 2 4 8 4500 2
1 2 5 8 4500 2
1 2 4 6 4500 2
1 2 7 3 5000 2
1 2 9 3 5000 2
1 2 9 1 5000 2
1 2 10 1 5000 2
1 2 11 5 5000 2
1 2 12 1 5000 2
1 2 12 6 5000 2
1 2 13 4 5000 2
1 2 13 5 5000 2
1 2 14 5 5000 2
1 2 14 2 5000 2
1 2 15 8 5000 2
1 2 0 3 5000 2
1 2 6 6 5000 2
1 2 0 1 5000 2
1 2 1 6 5000 2
1 2 2 0 5000 2
1 2 2 1 5000 2
1 2 2 8 5000 2
1 2 3 3 5000 2
1 2 4 5 5000 2
1 2 4 6 5000 2
1 2 5 8 5000 2
1 2 5 0 5000 2
1 2 10 6 5500 2
1 2 15 6 5500 2
1 2 15 2 5500 2
1 2 14 3 5500 2
1 2 14 2 5500 2
1 2 13 5 5500 2
1 2 13 3 5500 2
1 2 12 5 5500 2
1 2 12 2 5500 2
1 2 11 9 5500 2
1 2 7 2 5500 2
1 2 6 6 5500 2
1 2 5 2 5500 2
1 2 4 1 5500 2
1 2 4 2 5500 2
1 2 3 6 5500 2
1 2 2 6 5500 2
1 2 0 1 5500 2
1 2 9 5 5500 2
1 2 10 5 6000 2
1 2 10 9 6000 2
1 2 11 2 6000 2
1 2 11 5 6000 2
1 2 13 3 6000 2
1 2 14 4 6000 2
1 2 14 3 6000 2
1 2 14 8 6000 2
1 2 14 8 6000 2
1 2 15 5 6000 2
1 2 15 5 6000 2
1 2 12 6 6000 2
1 2 7 8 6000 2
1 2 9 8 6000 2
1 2 0 1 6000 2
1 2 0 8 6000 2
1 2 2 5 6000 2
1 2 4 4 6000 2
1 2 5 0 6000 2
1 2 5 4 6000 2
1 2 6 3 6000 2
1 2 0 3 6000 2
1 2 6 8 6000 2
1 2 6 3 6000 2
1 2 15 3 6500 2
1 2 15 0 6500 2
1 2 14 2 6500 2
1 2 13 6 6500 2
1 2 11 3 6500 2
1 2 11 0 6500 2
1 2 11 0 6500 2
1 2 11 6 6500 2
1 2 10 8 6500 2
1 2 9 1 6500 2
1 2 9 6 6500 2
1 2 0 1 6500 2
1 2 7 2 6500 2
1 2 1 1 6500 2
1 2 2 7 6500 2
1 2 2 6 6500 2
1 2 3 4 6500 2
1 2 4 8 6500 2
1 2 4 3 6500 2
1 2 5 3 6500 2
1 2 6 8 6500 2
1 2 7 2 6500 2
1 2 11 9 7000 2
1 2 15 3 7000 2
1 2 15 2 7000 2
1 2 14 2 7000 2
1 2 12 2 7000 2
1 2 12 5 7000 2
1 2 11 0 7000 2
1 2 11 8 7000 2
1 2 11 2 7000 2
1 2 9 3 7000 2
1 2 8 7 7000 2
1 2 7 1 7000 2
1 2 6 6 7000 2
1 2 5 6 7000 2
1 2 4 6 7000 2
1 2 4 5 7000 2
1 2 0 8 7000 2
1 2 0 8 7000 2
1 2 10 2 7000 2
1 2 9 4 7500 2
1 2 10 0 7500 2
1 2 10 5 7500 2
1 2 10 5 7500 2
1 2 11 0 7500 2
1 2 11 5 7500 2
1 2 13 8 7500 2
1 2 13 2 7500 2
1 2 14 0 7500 2
1 2 14 0 7500 2
1 2 15 7 7500 2
1 2 15 6 7500 2
1 2 5 4 7500 2
1 2 2 9 7500 2
1 2 8 5 7500 2
1 2 0 4 7500 2
1 2 1 7 7500 2
1 2 2 7 7500 2
1 2 3 1 7500 2
1 2 3 9 7500 2
1 2 4 7 7500 2
1 2 5 5 7500 2
1 2 0 1 7500 2
1 2 6 0 7500 2
1 2 7 6 7500 2
1 2 10 7 8000 2
1 2 13 0 8000 2
1 2 11 2 8000 2
1 2 12 8 8000 2
1 2 12 2 8000 2
1 2 13 8 8000 2
1 2 13 8 8000 2
1 2 13 9 8000 2
1 2 14 2 8000 2
1 2 15 5 8000 2
1 2 15 5 8000 2
1 2 15 9 8000 2
1 2 7 5 8000 2
1 2 9 0 8000 2
1 2 2 1 8000 2
1 2 3 6 8000 2
1 2 3 9 8000 2
1 2 3 4 8000 2
1 2 4 9 8000 2
1 2 4 0 8000 2
1 2 4 0 8000 2
1 2 4 0 8000 2
1 2 5 2 8000 2
1 2 7 3 8000 2
1 2 15 8 8500 2
1 2 15 1 8500 2
1 2 12 1 8500 2
1 2 7 8 8500 2
1 2 6 1 8500 2
1 2 4 1 8500 2
1 2 6 3 8500 2
1 2 6 7 8500 2
1 2 5 2 8500 2
1 2 4 2 8500 2
1 2 3 4 8500 2
1 2 1 9 8500 2
1 2 0 3 8500 2
1 2 0 3 8500 2
1 2 15 5 9000 2
1 2 15 6 9000 2
1 2 14 3 9000 2
1 2 13 8 9000 2
1 2 12 2 9000 2
1 2 3 5 9000 2
1 2 11 8 9000 2
1 2 7 1 9000 2
1 2 6 1 9000 2
1 2 3 4 9000 2
1 2 3 6 9000 2
1 2 2 1 9000 2
1 2 1 7 9000 2
1 2 0 8 9000 2
1 2 0 1 9000 2
1 2 7 1 9000 2
1 2 6 5 9500 2
1 2 12 4 9500 2
1 2 7 4 9500 2
1 2 6 5 9500 2
1 2 6 4 9500 2
1 2 1 8 9500 2
1 2 0 4 9500 2
1 2 13 2 10000 2
1 2 15 6 10000 2
1 2 15 7 10000 2
1 2 15 1 10000 2
1 2 13 5 10000 2
1 2 10 1 10000 2
1 2 10 9 10000 2
1 2 8 6 10000 2
1 2 8 6 10000 2
1 2 0 2 10000 2
1 2 6 6 10000 2
1 2 3 6 10000 2
1 2 4 1 10000 2
1 2 4 2 10000 2
1 2 0 2 10000 2
1 2 5 3 10000 2
1 2 6 3 10000 2
1 2 6 3 10000 2
1 2 9 5 10500 2
1 2 14 9 10500 2
1 2 14 5 10500 2
1 2 14 4 10500 2
1 2 12 6 10500 2
1 2 11 4 10500 2
1 2 10 1 10500 2
1 2 10 9 10500 2
1 2 9 2 10500 2
1 2 7 2 10500 2
1 2 6 8 10500 2
1 2 5 3 10500 2
1 2 3 1 10500 2
1 2 1 2 10500 2
1 2 0 2 10500 2
1 2 0 8 10500 2
1 2 15 6 11000 2
1 2 14 9 11000 2
1 2 13 0 11000 2
1 2 13 1 11000 2
1 2 12 8 11000 2
1 2 11 6 11000 2
1 2 11 3 11000 2
1 2 11 6 11000 2
1 2 7 7 11000 2
1 2 5 4 11000 2
1 2 5 3 11000 2
1 2 3 7 11000 2
1 2 3 3 11000 2
1 2 2 0 11000 2
1 2 1 5 11000 2
1 2 10 9 11000 2
1 2 5 3 11500 2
1 2 14 9 11500 2
1 2 14 1 11500 2
1 2 13 2 11500 2
1 2 11 1 11500 2
1 2 7 5 11500 2
1 2 6 1 11500 2
1 2 4 5 11500 2
1 2 4 5 11500 2
1 2 3 1 11500 2
1 2 0 0 12000 2
1 2 15 5 12000 2
1 2 14 9 12000 2
1 2 11 3 12000 2
1 2 9 1 12000 2
1 2 5 2 12000 2
1 2 5 8 12000 2
1 2 15 9 12500 2
1 2 15 6 12500 2
1 2 14 1 12500 2
1 2 14 7 12500 2
1 2 13 6 12500 2
1 2 4 8 12500 2
1 2 13 4 12500 2
1 2 12 6 12500 2
1 2 11 7 12500 2
1 2 10 3 12500 2
1 2 10 0 12500 2
1 2 10 0 12500 2
1 2 9 6 12500 2
1 2 9 0 12500 2
1 2 1 7 12500 2
1 2 2 5 12500 2
1 2 3 4 12500 2
1 2 3 4 12500 2
1 2 4 1 12500 2
1 2 4 0 12500 2
1 2 5 3 12500 2
1 2 6 0 12500 2
1 2 6 0 12500 2
1 2 8 9 12500 2
1 2 9 6 13000 2
1 2 9 4 13000 2
1 2 11 6 13000 2
1 2 11 8 13000 2
1 2 12 9 13000 2
1 2 13 0 13000 2
1 2 14 4 13000 2
1 2 14 8 13000 2
1 2 15 8 13000 2
1 2 15 8 13000 2
1 2 15 9 13000 2
1 2 14 5 13000 2
1 2 8 3 13000 2
1 2 8 0 13000 2
1 2 0 8 13000 2
1 2 2 2 13000 2
1 2 2 0 13000 2
1 2 4 9 13000 2
1 2 4 0 13000 2
1 2 0 5 13000 2
1 2 5 6 13000 2
1 2 6 2 13000 2
1 2 7 3 13000 2
1 2 8 4 13000 2
1 2 11 2 13500 2
1 2 10 1 13500 2
1 2 11 8 13500 2
1 2 11 4 13500 2
1 2 11 3 13500 2
1 2 12 2 13500 2
1 2 12 9 13500 2
1 2 14 0 13500 2
1 2 14 7 13500 2
1 2 14 9 13500 2
1 2 14 8 13500 2
1 2 15 8 13500 2
1 2 15 2 13500 2
1 2 15 9 13500 2
1 2 10 8 13500 2
1 2 1 8 13500 2
1 2 3 8 13500 2
1 2 4 1 13500 2
1 2 4 0 13500 2
1 2 5 0 13500 2
1 2 5 7 13500 2
1 2 6 7 13500 2
1 2 6 3 13500 2
1 2 8 1 13500 2
1 2 8 4 13500 2
1 2 9 6 13500 2
1 2 6 1 13500 2
1 2 9 2 14000 2
1 2 10 0 14000 2
1 2 10 6 14000 2
1 2 11 5 14000 2
1 2 11 9 14000 2
1 2 11 2 14000 2
1 2 13 4 14000 2
1 2 14 0 14000 2
1 2 14 5 14000 2
1 2 14 3 14000 2
1 2 15 9 14000 2
1 2 0 3 14000 2
1 2 8 6 14000 2
1 2 9 5 14000 2
1 2 0 8 14000 2
1 2 1 2 14000 2
1 2 4 6 14000 2
1 2 4 6 14000 2
1 2 5 5 14000 2
1 2 6 0 14000 2
1 2 6 3 14000 2
1 2 7 3 14000 2
1 2 8 4 14000 2
1 2 8 7 14000 2
1 2 9 0 14500 2
1 2 10 8 14500 2
1 2 10 6 14500 2
1 2 10 7 14500 2
1 2 10 7 14500 2
1 2 11 7 14500 2
1 2 11 5 14500 2
1 2 11 9 14500 2
1 2 11 9 14500 2
1 2 11 0 14500 2
1 2 14 7 14500 2
1 2 14 8 14500 2
1 2 14 2 14500 2
1 2 15 8 14500 2
1 2 15 8 14500 2
1 2 2 2 14500 2
1 2 2 8 14500 2
1 2 8 9 14500 2
1 2 1 5 14500 2
1 2 0 3 14500 2
1 2 3 5 14500 2
1 2 3 4 14500 2
1 2 3 7 14500 2
1 2 4 8 14500 2
1 2 5 5 14500 2
1 2 8 7 14500 2
1 2 7 0 14500 2
1 2 6 5 14500 2
1 2 6 8 14500 2
1 2 6 1 14500 2
1 2 5 1 14500 2
1 2 4 1 14500 2
1 2 8 7 15000 2
1 2 15 2 15000 2
1 2 14 0 15000 2
1 2 14 5 15000 2
1 2 13 9 15000 2
1 2 11 5 15000 2
1 2 11 7 15000 2
1 2 11 2 15000 2
1 2 9 2 15000 2
1 2 9 1 15000 2
1 2 9 5 15000 2
1 2 9 6 15000 2
1 2 7 4 15000 2
1 2 8 2 15000 2
1 2 0 8 15000 2
1 2 0 8 15000 2
1 2 3 1 15000 2
1 2 3 2 15000 2
1 2 4 1 15000 2
1 2 4 8 15000 2
1 2 5 8 15000 2
1 2 5 0 15000 2
1 2 6 3 15000 2
1 2 6 9 15000 2
1 2 8 7 15500 2
1 2 9 6 15500 2
1 2 9 1 15500 2
1 2 9 0 15500 2
1 2 10 0 15500 2
1 2 10 1 15500 2
1 2 11 9 15500 2
1 2 11 7 15500 2
1 2 12 8 15500 2
1 2 13 2 15500 2
1 2 14 6 15500 2
1 2 15 2 15500 2
1 2 15 2 15500 2
1 2 0 8 15500 2
1 2 7 4 15500 2
1 2 8 7 15500 2
1 2 0 8 15500 2
1 2 0 5 15500 2
1 2 1 9 15500 2
1 2 1 0 15500 2
1 2 2 6 15500 2
1 2 4 6 15500 2
1 2 4 1 15500 2
1 2 4 7 15500 2
1 2 5 9 15500 2
1 2 6 9 15500 2
1 2 7 5 15500 2
1 2 11 9 16000 2
1 2 15 8 16000 2
1 2 13 0 16000 2
1 2 12 6 16000 2
1 2 11 0 16000 2
1 2 11 6 16000 2
1 2 10 0 16000 2
1 2 8 0 16000 2
1 2 6 0 16000 2
1 2 1 8 16000 2
1 2 3 8 16000 2
1 2 3 4 16000 2
1 2 2 0 16000 2
1 2 1 5 16000 2
1 2 8 7 16000 2
1 2 8 0 16500 2
1 2 15 2 16500 2
1 2 12 9 16500 2
1 2 11 0 16500 2
1 2 11 4 16500 2
1 2 8 7 16500 2
1 2 8 2 16500 2
1 2 8 5 16500 2
1 2 8 6 16500 2
1 2 4 2 16500 2
1 2 15 9 17000 2
1 2 14 2 17000 2
1 2 12 4 17000 2
1 2 12 9 17000 2
1 2 11 9 17000 2
1 2 11 4 17000 2
1 2 11 9 17000 2
1 2 10 8 17000 2
1 2 9 6 17000 2
1 2 6 2 17000 2
1 2 7 8 17000 2
1 2 2 9 17000 2
1 2 3 7 17000 2
1 2 3 1 17000 2
1 2 3 8 17000 2
1 2 4 6 17000 2
1 2 4 2 17000 2
1 2 5 4 17000 2
1 2 11 1 17500 2
1 2 15 9 17500 2
1 2 14 4 17500 2
1 2 14 5 17500 2
1 2 13 9 17500 2
1 2 12 8 17500 2
1 2 11 7 17500 2
1 2 11 7 17500 2
1 2 8 9 17500 2
1 2 8 7 17500 2
1 2 6 8 17500 2
1 2 8 6 17500 2
1 2 5 1 17500 2
1 2 4 9 17500 2
1 2 3 3 17500 2
1 2 3 9 17500 2
1 2 3 6 17500 2
1 2 0 6 17500 2
1 2 0 7 17500 2
1 2 0 3 17500 2
1 2 8 3 18000 2
1 2 9 9 18000 2
1 2 10 9 18000 2
1 2 11 9 18000 2
1 2 11 8 18000 2
1 2 12 6 18000 2
1 2 12 7 18000 2
1 2 13 6 18000 2
1 2 14 0 18000 2
1 2 15 3 18000 2
1 2 15 1 18000 2
1 2 15 2 18000 2
1 2 3 4 18000 2
1 2 8 8 18000 2
1 2 0 6 18000 2
1 2 3 8 18000 2
1 2 4 8 18000 2
1 2 4 0 18000 2
1 2 5 9 18000 2
1 2 5 5 18000 2
1 2 6 2 18000 2
1 2 6 3 18000 2
1 2 6 7 18000 2
1 2 7 5 18000 2
1 2 7 5 18000 2
1 2 8 7 18000 2
1 2 15 4 18500 2
1 2 15 9 18500 2
1 2 15 2 18500 2
1 2 14 3 18500 2
1 2 13 0 18500 2
1 2 13 6 18500 2
1 2 13 8 18500 2
1 2 13 7 18500 2
1 2 11 4 18500 2
1 2 12 4 18500 2
1 2 2 0 18500 2
1 2 6 3 18500 2
1 2 8 0 18500 2
1 2 8 1 18500 2
1 2 8 2 18500 2
1 2 11 4 18500 2
1 2 5 3 19000 2
1 2 15 3 19000 2
1 2 14 7 19000 2
1 2 12 6 19000 2
1 2 8 3 19000 2
1 2 8 2 19000 2
1 2 8 2 19000 2
1 2 7 9 19000 2
1 2 7 4 19000 2
1 2 5 9 19000 2
1 2 4 0 19000 2
1 2 4 1 19000 2
1 2 4 3 19000 2
1 2 3 8 19000 2
1 2 3 6 19000 2
1 2 2 6 19000 2
1 2 1 2 19000 2
1 2 5 4 19500 2
1 2 15 9 19500 2
1 2 15 4 19500 2
1 2 14 8 19500 2
1 2 13 8 19500 2
1 2 12 2 19500 2
1 2 11 2 19500 2
1 2 6 5 19500 2
1 2 5 8 19500 2
1 2 4 2 19500 2
1 2 3 5 19500 2
1 2 3 5 19500 2
1 2 1 2 19500 2
1 2 7 8 20000 2
1 2 14 5 20000 2
1 2 12 2 20000 2
1 2 11 0 20000 2
1 2 8 0 20000 2
1 2 8 7 20000 2
1 2 8 6 20000 2
1 2 7 9 20000 2
1 2 7 4 20000 2
1 2 6 3 20000 2
1 2 5 4 20000 2
1 2 5 9 20000 2
1 2 3 8 20000 2
1 2 1 5 20000 2
1 2 1 2 20000 2
1 2 7 7 20500 2
1 2 11 4 20500 2
1 2 12 2 20500 2
1 2 13 3 20500 2
1 2 14 8 20500 2
1 2 15 5 20500 2
1 2 15 3 20500 2
1 2 8 3 20500 2
1 2 6 3 20500 2
1 2 0 8 20500 2
1 2 5 8 20500 2
1 2 4 3 20500 2
1 2 3 7 20500 2
1 2 0 1 20500 2
1 2 0 1 20500 2
1 2 0 7 20500 2
1 2 6 0 20500 2
1 2 7 9 21000 2
1 2 15 7 21000 2
1 2 13 2 21000 2
1 2 12 2 21000 2
1 2 10 1 21000 2
1 2 6 8 21000 2
1 2 5 9 21000 2
1 2 2 5 21000 2
1 2 5 5 21000 2
1 2 1 5 21000 2
1 2 1 4 21000 2
1 2 0 8 21000 2
1 2 0 4 21000 2
1 2 0 3 21000 2
1 2 7 1 21500 2
1 2 7 1 21500 2
1 2 8 1 21500 2
1 2 8 3 21500 2
1 2 9 1 21500 2
1 2 10 0 21500 2
1 2 12 6 21500 2
1 2 12 2 21500 2
1 2 12 1 21500 2
1 2 14 4 21500 2
1 2 15 7 21500 2
1 2 15 5 21500 2
1 2 6 5 21500 2
1 2 6 2 21500 2
1 2 6 9 21500 2
1 2 0 8 21500 2
1 2 1 9 21500 2
1 2 1 7 21500 2
1 2 1 5 21500 2
1 2 2 2 21500 2
1 2 2 0 21500 2
1 2 2 9 21500 2
1 2 4 9 21500 2
1 2 5 8 21500 2
1 2 5 0 21500 2
1 2 15 7 22000 2
1 2 15 5 22000 2
1 2 12 1 22000 2
1 2 5 6 22000 2
1 2 12 6 22000 2
1 2 12 2 22000 2
1 2 6 5 22000 2
1 2 5 0 22000 2
1 2 5 2 22000 2
1 2 4 0 22000 2
1 2 4 3 22000 2
1 2 0 3 22000 2
1 2 15 3 22500 2
1 2 0 8 22500 2
1 2 14 4 22500 2
1 2 12 1 22500 2
1 2 12 1 22500 2
1 2 8 1 22500 2
1 2 7 1 22500 2
1 2 5 1 22500 2
1 2 4 3 22500 2
1 2 4 9 22500 2
1 2 0 0 22500 2
1 2 7 7 22500 2
1 2 7 5 23000 2
1 2 15 0 23000 2
1 2 15 6 23000 2
1 2 14 9 23000 2
1 2 14 8 23000 2
1 2 12 7 23000 2
1 2 12 8 23000 2
1 2 11 8 23000 2
1 2 10 0 23000 2
1 2 7 3 23000 2
1 2 7 1 23000 2
1 2 6 2 23000 2
1 2 5 9 23000 2
1 2 4 5 23000 2
1 2 1 3 23000 2
1 2 1 3 23000 2
1 2 0 1 23000 2
1 2 0 3 23000 2
1 2 0 6 23000 2
1 2 0 3 23000 2
1 2 7 5 23500 2
1 2 15 3 23500 2
1 2 14 0 23500 2
1 2 11 4 23500 2
1 2 11 3 23500 2
1 2 9 6 23500 2
1 2 6 1 23500 2
1 2 0 4 23500 2
1 2 3 4 23500 2
1 2 3 2 23500 2
1 2 5 6 23500 2
1 2 5 4 23500 2
1 2 4 6 23500 2
1 2 12 7 24000 2
1 2 15 1 24000 2
1 2 15 3 24000 2
1 2 15 5 24000 2
1 2 14 7 24000 2
1 2 13 6 24000 2
1 2 12 2 24000 2
1 2 10 9 24000 2
1 2 10 4 24000 2
1 2 5 4 24000 2
1 2 5 7 24000 2
1 2 5 8 24000 2
1 2 5 9 24000 2
1 2 4 5 24000 2
1 2 3 1 24000 2
1 2 1 1 24000 2
1 2 7 3 24500 2
1 2 8 8 24500 2
1 2 8 3 24500 2
1 2 9 0 24500 2
1 2 7 7 24500 2
1 2 10 5 24500 2
1 2 11 9 24500 2
1 2 12 6 24500 2
1 2 13 6 24500 2
1 2 15 2 24500 2
1 2 2 6 24500 2
1 2 5 7 24500 2
1 2 4 2 24500 2
1 2 4 5 24500 2
1 2 3 8 24500 2
1 2 3 4 24500 2
1 2 2 8 24500 2
1 2 0 8 24500 2
1 2 0 8 24500 2
1 2 0 5 24500 2
1 2 6 1 24500 2
1 2 6 5 25000 2
1 2 15 8 25000 2
1 2 14 4 25000 2
1 2 10 3 25000 2
1 2 10 9 25000 2
1 2 6 0 25000 2
1 2 6 4 25000 2
1 2 5 9 25000 2
1 2 5 3 25000 2
1 2 4 4 25000 2
1 2 3 5 25000 2
1 2 3 6 25000 2
1 2 6 9 25500 2
1 2 4 0 25500 2
1 2 7 9 25500 2
1 2 8 3 25500 2
1 2 10 9 25500 2
1 2 11 6 25500 2
1 2 12 8 25500 2
1 2 13 4 25500 2
1 2 13 9 25500 2
1 2 14 2 25500 2
1 2 14 9 25500 2
1 2 5 7 25500 2
1 2 0 8 25500 2
1 2 2 8 25500 2
1 2 3 4 25500 2
1 2 3 5 25500 2
1 2 5 4 25500 2
1 2 5 8 25500 2
1 2 5 9 25500 2
1 2 5 3 25500 2
1 2 5 8 25500 2
1 2 6 8 25500 2
1 2 8 3 26000 2
1 2 15 2 26000 2
1 2 15 3 26000 2
1 2 14 5 26000 2
1 2 13 2 26000 2
1 2 11 9 26000 2
1 2 10 8 26000 2
1 2 9 5 26000 2
1 2 9 0 26000 2
1 2 8 4 26000 2
1 2 5 3 26000 2
1 2 5 4 26000 2
1 2 4 8 26000 2
1 2 3 4 26000 2
1 2 0 4 26000 2
1 2 15 2 26500 2
1 2 15 8 26500 2
1 2 14 0 26500 2
1 2 11 9 26500 2
1 2 11 1 26500 2
1 2 10 5 26500 2
1 2 9 5 26500 2
1 2 8 3 26500 2
1 2 8 2 26500 2
1 2 0 8 26500 2
1 2 6 4 26500 2
1 2 0 4 26500 2
1 2 0 1 26500 2
1 2 4 7 26500 2
1 2 4 5 26500 2
1 2 5 7 26500 2
1 2 5 3 26500 2
1 2 5 5 26500 2
1 2 6 9 26500 2
1 2 4 5 27000 2
1 2 14 3 27000 2
1 2 12 2 27000 2
1 2 11 2 27000 2
1 2 11 4 27000 2
1 2 10 6 27000 2
1 2 8 8 27000 2
1 2 8 4 27000 2
1 2 3 8 27000 2
1 2 2 6 27000 2
1 2 1 7 27000 2
1 2 0 2 27000 2
1 2 0 6 27000 2
1 2 0 5 27000 2
1 2 4 3 27000 2
1 2 6 4 27500 2
1 2 7 1 27500 2
1 2 8 9 27500 2
1 2 9 9 27500 2
1 2 11 7 27500 2
1 2 12 1 27500 2
1 2 13 7 27500 2
1 2 14 9 27500 2
1 2 15 2 27500 2
1 2 12 4 27500 2
1 2 6 9 27500 2
1 2 6 3 27500 2
1 2 0 7 27500 2
1 2 0 9 27500 2
1 2 2 7 27500 2
1 2 0 4 27500 2
1 2 3 5 27500 2
1 2 4 0 27500 2
1 2 6 4 27500 2
1 2 3 4 27500 2
1 2 10 5 28000 2
1 2 15 2 28000 2
1 2 13 2 28000 2
1 2 13 5 28000 2
1 2 11 7 28000 2
1 2 11 9 28000 2
1 2 11 2 28000 2
1 2 10 6 28000 2
1 2 6 9 28000 2
1 2 5 9 28000 2
1 2 5 7 28000 2
1 2 4 7 28000 2
1 2 3 7 28000 2
1 2 2 9 28000 2
1 2 2 9 28000 2
1 2 1 6 28000 2
1 2 0 4 28000 2
1 2 15 7 28500 2
1 2 12 6 28500 2
1 2 12 2 28500 2
1 2 12 4 28500 2
1 2 12 2 28500 2
1 2 10 9 28500 2
1 2 6 1 28500 2
1 2 6 2 28500 2
1 2 2 7 28500 2
1 2 2 0 28500 2
1 2 7 8 28500 2
1 2 9 5 29000 2
1 2 14 5 29000 2
1 2 13 6 29000 2
1 2 12 5 29000 2
1 2 12 5 29000 2
1 2 12 8 29000 2
1 2 12 8 29000 2
1 2 10 9 29000 2
1 2 10 9 29000 2
1 2 10 5 29000 2
1 2 7 1 29000 2
1 2 7 9 29000 2
1 2 5 3 29000 2
1 2 5 6 29000 2
1 2 4 2 29000 2
1 2 4 1 29000 2
1 2 4 2 29000 2
1 2 2 2 29000 2
1 2 2 7 29000 2
1 2 0 8 29000 2
1 2 12 3 29500 2
1 2 12 8 29500 2
1 2 10 6 29500 2
1 2 10 9 29500 2
1 2 9 3 29500 2
1 2 7 3 29500 2
1 2 7 5 29500 2
1 2 6 3 29500 2
1 2 6 2 29500 2
1 2 4 3 29500 2
1 2 1 9 29500 2
1 2 2 1 29500 2
1 2 7 1 29500 2
1 2 7 9 30000 2
1 2 6 5 30000 2
1 2 8 7 30000 2
1 2 9 5 30000 2
1 2 10 9 30000 2
1 2 11 1 30000 2
1 2 11 1 30000 2
1 2 12 2 30000 2
1 2 12 6 30000 2
1 2 12 2 30000 2
1 2 12 4 30000 2
1 2 15 6 30000 2
1 2 6 0 30000 2
1 2 0 8 30000 2
1 2 2 7 30000 2
1 2 2 2 30000 2
1 2 2 6 30000 2
1 2 2 7 30000 2
1 2 3 8 30000 2
1 2 3 7 30000 2
1 2 4 7 30000 2
1 2 4 3 30000 2
1 2 4 5 30000 2
1 2 5 3 30000 2
1 2 7 7 30500 2
1 2 14 9 30500 2
1 2 14 1 30500 2
1 2 14 9 30500 2
1 2 13 0 30500 2
1 2 12 4 30500 2
1 2 11 1 30500 2
1 2 9 7 30500 2
1 2 7 3 30500 2
1 2 6 5 30500 2
1 2 5 7 30500 2
1 2 5 9 30500 2
1 2 4 3 30500 2
1 2 3 4 30500 2
1 2 2 5 30500 2
1 2 6 3 31000 2
1 2 14 9 31000 2
1 2 13 8 31000 2
1 2 11 4 31000 2
1 2 11 1 31000 2
1 2 10 1 31000 2
1 2 7 9 31000 2
1 2 7 4 31000 2
1 2 6 3 31000 2
1 2 4 9 31000 2
1 2 4 5 31000 2
1 2 3 8 31000 2
1 2 2 2 31000 2
1 2 1 3 31000 2
1 2 0 2 31000 2
1 2 7 3 31500 2
1 2 7 4 31500 2
1 2 8 9 31500 2
1 2 10 9 31500 2
1 2 10 3 31500 2
1 2 12 2 31500 2
1 2 12 8 31500 2
1 2 12 6 31500 2
1 2 13 7 31500 2
1 2 13 1 31500 2
1 2 14 4 31500 2
1 2 14 3 31500 2
1 2 2 9 31500 2
1 2 6 4 31500 2
1 2 7 9 31500 2
1 2 1 3 31500 2
1 2 1 6 31500 2
1 2 3 2 31500 2
1 2 4 9 31500 2
1 2 4 4 31500 2
1 2 5 5 31500 2
1 2 5 9 31500 2
1 2 5 1 31500 2
1 2 5 0 31500 2
1 2 6 8 31500 2
1 2 14 3 32000 2
1 2 13 5 32000 2
1 2 12 5 32000 2
1 2 12 8 32000 2
1 2 12 1 32000 2
1 2 11 6 32000 2
1 2 10 5 32000 2
1 2 7 9 32000 2
1 2 6 3 32000 2
1 2 5 9 32000 2
1 2 5 6 32000 2
1 2 2 2 32000 2
1 2 2 0 32000 2
1 2 1 5 32000 2
1 2 9 7 32000 2
1 2 8 4 32500 2
1 2 13 4 32500 2
1 2 12 8 32500 2
1 2 12 8 32500 2
1 2 11 0 32500 2
1 2 11 4 32500 2
1 2 10 6 32500 2
1 2 6 6 32500 2
1 2 5 5 32500 2
1 2 5 8 32500 2
1 2 4 1 32500 2
1 2 4 5 32500 2
1 2 1 5 32500 2
1 2 0 7 32500 2
1 2 6 3 32500 2
1 2 9 3 33000 2
1 2 10 9 33000 2
1 2 10 4 33000 2
1 2 11 4 33000 2
1 2 12 4 33000 2
1 2 13 4 33000 2
1 2 13 4 33000 2
1 2 15 8 33000 2
1 2 15 0 33000 2
1 2 3 6 33000 2
1 2 5 2 33000 2
1 2 6 3 33000 2
1 2 0 8 33000 2
1 2 3 7 33000 2
1 2 0 9 33000 2
1 2 3 1 33000 2
1 2 3 8 33000 2
1 2 4 4 33000 2
1 2 4 1 33000 2
1 2 4 8 33000 2
1 2 10 6 33500 2
1 2 15 9 33500 2
1 2 15 6 33500 2
1 2 15 7 33500 2
1 2 14 4 33500 2
1 2 13 5 33500 2
1 2 12 4 33500 2
1 2 11 4 33500 2
1 2 10 9 33500 2
1 2 8 2 33500 2
1 2 7 0 33500 2
1 2 6 6 33500 2
1 2 4 0 33500 2
1 2 4 6 33500 2
1 2 4 3 33500 2
1 2 3 8 33500 2
1 2 2 8 33500 2
1 2 0 3 33500 2
1 2 9 2 33500 2
1 2 15 1 34000 2
1 2 11 8 34000 2
1 2 11 0 34000 2
1 2 12 2 34000 2
1 2 12 8 34000 2
1 2 13 7 34000 2
1 2 13 3 34000 2
1 2 13 0 34000 2
1 2 14 4 34000 2
1 2 15 6 34000 2
1 2 15 8 34000 2
1 2 4 5 34000 2
1 2 11 4 34000 2
1 2 3 5 34000 2
1 2 5 9 34000 2
1 2 5 9 34000 2
1 2 6 0 34000 2
1 2 7 0 34000 2
1 2 8 1 34000 2
1 2 8 2 34000 2
1 2 8 8 34000 2
1 2 9 4 34000 2
1 2 9 3 34000 2
1 2 11 1 34000 2
1 2 4 1 34500 2
1 2 15 5 34500 2
1 2 15 5 34500 2
1 2 15 2 34500 2
1 2 14 1 34500 2
1 2 14 8 34500 2
1 2 12 5 34500 2
1 2 12 8 34500 2
1 2 8 2 34500 2
1 2 7 3 34500 2
1 2 5 0 34500 2
1 2 5 6 34500 2
1 2 4 2 34500 2
1 2 2 8 34500 2
1 2 11 4 34500 2
1 2 12 8 35000 2
1 2 15 3 35000 2
1 2 15 2 35000 2
1 2 15 7 35000 2
1 2 14 2 35000 2
1 2 14 0 35000 2
1 2 14 4 35000 2
1 2 12 6 35000 2
1 2 11 9 35000 2
1 2 10 8 35000 2
1 2 9 2 35000 2
1 2 9 4 35000 2
1 2 8 8 35000 2
1 2 7 7 35000 2
1 2 7 3 35000 2
1 2 3 4 35000 2
1 2 3 6 35000 2
1 2 11 4 35500 2
1 2 11 0 35500 2
1 2 12 8 35500 2
1 2 13 5 35500 2
1 2 14 8 35500 2
1 2 15 2 35500 2
1 2 15 4 35500 2
1 2 0 1 35500 2
1 2 9 9 35500 2
1 2 8 9 35500 2
1 2 7 9 35500 2
1 2 5 7 35500 2
1 2 4 8 35500 2
1 2 4 3 35500 2
1 2 3 8 35500 2
1 2 3 2 35500 2
1 2 15 6 36000 2
1 2 12 4 36000 2
1 2 12 8 36000 2
1 2 11 1 36000 2
1 2 11 6 36000 2
1 2 10 2 36000 2
1 2 8 6 36000 2
1 2 7 4 36000 2
1 2 5 9 36000 2
1 2 6 4 36000 2
1 2 1 0 36000 2
1 2 2 4 36000 2
1 2 3 8 36000 2
1 2 3 9 36000 2
1 2 3 2 36000 2
1 2 4 6 36000 2
1 2 4 0 36000 2
1 2 6 1 36500 2
1 2 14 0 36500 2
1 2 7 6 36500 2
1 2 8 9 36500 2
1 2 8 3 36500 2
1 2 9 7 36500 2
1 2 11 0 36500 2
1 2 11 4 36500 2
1 2 12 2 36500 2
1 2 12 8 36500 2
1 2 13 7 36500 2
1 2 13 5 36500 2
1 2 14 3 36500 2
1 2 15 8 36500 2
1 2 15 0 36500 2
1 2 5 1 36500 2
1 2 6 2 36500 2
1 2 2 8 36500 2
1 2 2 8 36500 2
1 2 2 9 36500 2
1 2 1 2 36500 2
1 2 3 5 36500 2
1 2 3 8 36500 2
1 2 3 7 36500 2
1 2 3 4 36500 2
1 2 4 5 36500 2
1 2 4 7 36500 2
1 2 5 5 36500 2
1 2 5 4 36500 2
1 2 3 8 36500 2
1 2 9 9 37000 2
1 2 6 3 37000 2
1 2 10 9 37000 2
1 2 11 4 37000 2
1 2 11 6 37000 2
1 2 12 6 37000 2
1 2 12 8 37000 2
1 2 13 3 37000 2
1 2 13 4 37000 2
1 2 14 8 37000 2
1 2 7 4 37000 2
1 2 6 9 37000 2
1 2 5 3 37000 2
1 2 5 3 37000 2
1 2 4 8 37000 2
1 2 3 4 37000 2
1 2 2 2 37000 2
1 2 2 8 37000 2
1 2 0 2 37000 2
1 2 8 3 37000 2
1 2 8 4 37500 2
1 2 8 8 37500 2
1 2 8 2 37500 2
1 2 11 7 37500 2
1 2 11 0 37500 2
1 2 11 7 37500 2
1 2 12 2 37500 2
1 2 13 6 37500 2
1 2 14 0 37500 2
1 2 15 9 37500 2
1 2 15 9 37500 2
1 2 0 4 37500 2
1 2 0 6 37500 2
1 2 7 1 37500 2
1 2 0 8 37500 2
1 2 1 2 37500 2
1 2 2 5 37500 2
1 2 2 9 37500 2
1 2 3 7 37500 2
1 2 6 1 37500 2
1 2 5 9 37500 2
1 2 4 4 37500 2
1 2 4 8 37500 2
1 2 3 2 37500 2
1 2 8 2 38000 2
1 2 15 2 38000 2
1 2 15 8 38000 2
1 2 13 8 38000 2
1 2 12 3 38000 2
1 2 12 1 38000 2
1 2 12 4 38000 2
1 2 11 7 38000 2
1 2 8 3 38000 2
1 2 8 2 38000 2
1 2 8 7 38000 2
1 2 7 3 38000 2
1 2 7 1 38000 2
1 2 0 5 38000 2
1 2 0 3 38000 2
1 2 0 8 38000 2
1 2 0 3 38000 2
1 2 1 7 38000 2
1 2 2 3 38000 2
1 2 3 8 38000 2
1 2 5 5 38000 2
1 2 5 8 38000 2
1 2 6 0 38000 2
1 2 6 8 38500 2
1 2 7 9 38500 2
1 2 7 4 38500 2
1 2 8 9 38500 2
1 2 8 3 38500 2
1 2 8 4 38500 2
1 2 10 9 38500 2
1 2 11 7 38500 2
1 2 11 4 38500 2
1 2 12 6 38500 2
1 2 12 3 38500 2
1 2 12 6 38500 2
1 2 11 3 38500 2
1 2 5 3 38500 2
1 2 6 6 38500 2
1 2 0 2 38500 2
1 2 0 4 38500 2
1 2 1 0 38500 2
1 2 3 4 38500 2
1 2 0 4 38500 2
1 2 3 4 38500 2
1 2 4 4 38500 2
1 2 4 8 38500 2
1 2 4 2 38500 2
1 2 4 8 38500 2
1 2 3 3 38500 2
1 2 11 9 39000 2
1 2 15 5 39000 2
1 2 14 7 39000 2
1 2 14 4 39000 2
1 2 12 4 39000 2
1 2 11 4 39000 2
1 2 11 0 39000 2
1 2 10 9 39000 2
1 2 8 2 39000 2
1 2 8 7 39000 2
1 2 7 2 39000 2
1 2 1 9 39000 2
1 2 1 0 39000 2
1 2 3 2 39000 2
1 2 4 2 39000 2
1 2 4 9 39000 2
1 2 4 5 39000 2
1 2 5 9 39000 2
1 2 8 3 39000 2
1 2 6 3 39000 2
1 2 7 5 39000 2
1 2 8 0 39500 2
1 2 8 8 39500 2
1 2 9 5 39500 2
1 2 11 7 39500 2
1 2 11 6 39500 2
1 2 11 4 39500 2
1 2 12 4 39500 2
1 2 12 2 39500 2
1 2 12 4 39500 2
1 2 13 8 39500 2
1 2 13 4 39500 2
1 2 14 0 39500 2
1 2 14 4 39500 2
1 2 15 2 39500 2
1 2 8 7 39500 2
1 2 8 5 39500 2
1 2 0 8 39500 2
1 2 0 8 39500 2
1 2 1 7 39500 2
1 2 2 4 39500 2
1 2 3 3 39500 2
1 2 3 9 39500 2
1 2 4 0 39500 2
1 2 5 9 39500 2
1 2 7 7 39500 2
1 2 7 5 39500 2
1 2 7 0 39500 2
1 2 7 8 39500 2
1 2 3 8 39500 2
1 2 10 4 40000 2
1 2 10 7 40000 2
1 2 10 0 40000 2
1 2 11 0 40000 2
1 2 11 7 40000 2
1 2 12 6 40000 2
1 2 12 4 40000 2
1 2 12 0 40000 2
1 2 12 4 40000 2
1 2 13 8 40000 2
1 2 15 6 40000 2
1 2 2 9 40000 2
1 2 10 9 40000 2
1 2 3 4 40000 2
1 2 4 6 40000 2
1 2 5 0 40000 2
1 2 6 7 40000 2
1 2 7 8 40000 2
1 2 7 4 40000 2
1 2 7 7 40000 2
1 2 8 3 40000 2
1 2 9 8 40000 2
1 2 10 0 40000 2
1 2 10 7 40500 2
1 2 15 0 40500 2
1 2 14 5 40500 2
1 2 14 9 40500 2
1 2 14 9 40500 2
1 2 12 8 40500 2
1 2 11 9 40500 2
1 2 11 2 40500 2
1 2 10 4 40500 2
1 2 10 0 40500 2
1 2 9 9 40500 2
1 2 8 9 40500 2
1 2 8 7 40500 2
1 2 5 8 40500 2
1 2 4 9 40500 2
1 2 4 2 40500 2
1 2 2 8 40500 2
1 2 1 7 40500 2
1 2 0 3 40500 2
1 2 9 5 40500 2
1 2 8 8 41000 2
1 2 11 2 41000 2
1 2 11 1 41000 2
1 2 11 9 41000 2
1 2 11 7 41000 2
1 2 11 1 41000 2
1 2 13 8 41000 2
1 2 13 5 41000 2
1 2 14 0 41000 2
1 2 15 8 41000 2
1 2 15 5 41000 2
1 2 15 2 41000 2
1 2 8 6 41000 2
1 2 8 2 41000 2
1 2 2 8 41000 2
1 2 2 9 41000 2
1 2 3 9 41000 2
1 2 4 8 41000 2
1 2 5 5 41000 2
1 2 5 1 41000 2
1 2 6 3 41000 2
1 2 7 2 41000 2
1 2 8 4 41000 2
1 2 5 9 41000 2
1 2 7 6 41500 2
1 2 7 2 41500 2
1 2 8 9 41500 2
1 2 8 8 41500 2
1 2 9 2 41500 2
1 2 10 0 41500 2
1 2 10 7 41500 2
1 2 10 9 41500 2
1 2 11 0 41500 2
1 2 11 3 41500 2
1 2 14 9 41500 2
1 2 15 6 41500 2
1 2 12 6 41500 2
1 2 5 7 41500 2
1 2 6 3 41500 2
1 2 0 5 41500 2
1 2 1 3 41500 2
1 2 0 4 41500 2
1 2 1 6 41500 2
1 2 1 1 41500 2
1 2 4 8 41500 2
1 2 5 5 41500 2
1 2 5 5 41500 2
1 2 5 5 41500 2
1 2 5 4 41500 2
1 2 2 8 41500 2
1 2 9 1 42000 2
1 2 9 0 42000 2
1 2 8 7 42000 2
1 2 10 6 42000 2
1 2 11 2 42000 2
1 2 11 5 42000 2
1 2 11 0 42000 2
1 2 14 5 42000 2
1 2 14 8 42000 2
1 2 15 2 42000 2
1 2 15 2 42000 2
1 2 15 0 42000 2
1 2 8 7 42000 2
1 2 2 3 42000 2
1 2 2 6 42000 2
1 2 4 1 42000 2
1 2 4 8 42000 2
1 2 5 9 42000 2
1 2 5 2 42000 2
1 2 6 8 42000 2
1 2 7 5 42000 2
1 2 7 4 42000 2
1 2 8 2 42000 2
1 2 9 5 42000 2
1 2 15 3 42500 2
1 2 2 8 42500 2
1 2 15 8 42500 2
1 2 12 9 42500 2
1 2 11 8 42500 2
1 2 11 4 42500 2
1 2 11 7 42500 2
1 2 8 5 42500 2
1 2 8 9 42500 2
1 2 7 0 42500 2
1 2 5 0 42500 2
1 2 4 1 42500 2
1 2 3 3 42500 2
1 2 2 7 42500 2
1 2 1 0 42500 2
1 2 8 0 42500 2
1 2 8 9 43000 2
1 2 8 0 43000 2
1 2 9 5 43000 2
1 2 10 6 43000 2
1 2 11 4 43000 2
1 2 11 0 43000 2
1 2 14 2 43000 2
1 2 14 1 43000 2
1 2 14 2 43000 2
1 2 15 9 43000 2
1 2 7 2 43000 2
1 2 0 9 43000 2
1 2 0 8 43000 2
1 2 1 0 43000 2
1 2 2 6 43000 2
1 2 3 2 43000 2
1 2 4 6 43000 2
1 2 4 5 43000 2
1 2 5 0 43000 2
1 2 6 8 43000 2
1 2 0 8 43500 2
1 2 15 0 43500 2
1 2 15 9 43500 2
1 2 15 8 43500 2
1 2 15 7 43500 2
1 2 15 6 43500 2
1 2 11 8 43500 2
1 2 11 7 43500 2
1 2 9 1 43500 2
1 2 6 4 43500 2
1 2 5 0 43500 2
1 2 4 4 43500 2
1 2 3 8 43500 2
1 2 3 2 43500 2
1 2 3 4 43500 2
1 2 1 7 43500 2
1 2 8 9 43500 2
1 2 7 5 44000 2
1 2 8 2 44000 2
1 2 11 0 44000 2
1 2 11 7 44000 2
1 2 11 1 44000 2
1 2 12 6 44000 2
1 2 13 5 44000 2
1 2 14 3 44000 2
1 2 14 0 44000 2
1 2 14 8 44000 2
1 2 15 8 44000 2
1 2 5 2 44000 2
1 2 8 2 44000 2
1 2 0 1 44000 2
1 2 1 7 44000 2
1 2 1 7 44000 2
1 2 2 0 44000 2
1 2 2 6 44000 2
1 2 3 3 44000 2
1 2 3 2 44000 2
1 2 4 6 44000 2
1 2 5 5 44000 2
1 2 8 9 44500 2
1 2 15 7 44500 2
1 2 13 6 44500 2
1 2 12 1 44500 2
1 2 11 0 44500 2
1 2 11 9 44500 2
1 2 10 0 44500 2
1 2 9 6 44500 2
1 2 8 7 44500 2
1 2 8 9 44500 2
1 2 7 8 44500 2
1 2 5 8 44500 2
1 2 4 0 44500 2
1 2 4 7 44500 2
1 2 4 7 44500 2
1 2 2 2 44500 2
1 2 2 6 44500 2
1 2 0 4 44500 2
1 2 8 5 45000 2
1 2 9 0 45000 2
1 2 11 8 45000 2
1 2 11 0 45000 2
1 2 11 4 45000 2
1 2 12 8 45000 2
1 2 15 6 45000 2
1 2 15 9 45000 2
1 2 15 9 45000 2
1 2 6 2 45000 2
1 2 8 6 45000 2
1 2 7 5 45000 2
1 2 6 5 45000 2
1 2 0 3 45000 2
1 2 4 8 45000 2
1 2 3 7 45000 2
1 2 2 9 45000 2
1 2 1 6 45000 2
1 2 8 7 45000 2
1 2 14 4 45500 2
1 2 15 9 45500 2
1 2 15 7 45500 2
1 2 10 5 45500 2
1 2 5 6 45500 2
1 2 5 5 45500 2
1 2 1 0 45500 2
1 2 0 6 45500 2
1 2 7 8 45500 2
1 2 9 3 46000 2
1 2 11 8 46000 2
1 2 11 6 46000 2
1 2 12 1 46000 2
1 2 13 8 46000 2
1 2 14 1 46000 2
1 2 14 8 46000 2
1 2 15 2 46000 2
1 2 15 6 46000 2
1 2 15 6 46000 2
1 2 15 0 46000 2
1 2 5 4 46000 2
1 2 6 0 46000 2
1 2 8 4 46000 2
1 2 3 3 46000 2
1 2 4 3 46000 2
1 2 4 0 46000 2
1 2 1 2 46000 2
1 2 5 4 46000 2
1 2 5 5 46000 2
1 2 5 4 46000 2
1 2 6 8 46000 2
1 2 6 5 46000 2
1 2 6 3 46000 2
1 2 15 9 46500 2
1 2 14 4 46500 2
1 2 11 4 46500 2
1 2 10 7 46500 2
1 2 10 9 46500 2
1 2 10 5 46500 2
1 2 10 5 46500 2
1 2 9 6 46500 2
1 2 8 1 46500 2
1 2 8 7 46500 2
1 2 3 4 46500 2
1 2 4 6 46500 2
1 2 4 8 46500 2
1 2 4 7 46500 2
1 2 4 1 46500 2
1 2 6 9 46500 2
1 2 8 1 46500 2
1 2 15 0 47000 2
1 2 15 7 47000 2
1 2 14 4 47000 2
1 2 11 0 47000 2
1 2 10 4 47000 2
1 2 10 0 47000 2
1 2 10 7 47000 2
1 2 9 3 47000 2
1 2 8 7 47000 2
1 2 9 0 47000 2
1 2 8 8 47000 2
1 2 8 1 47000 2
1 2 6 8 47000 2
1 2 5 7 47000 2
1 2 5 4 47000 2
1 2 3 9 47000 2
1 2 2 2 47000 2
1 2 0 8 47000 2
1 2 14 9 47500 2
1 2 12 8 47500 2
1 2 11 4 47500 2
1 2 8 7 47500 2
1 2 8 6 47500 2
1 2 5 4 47500 2
1 2 6 5 47500 2
1 2 5 2 47500 2
1 2 4 8 47500 2
1 2 2 2 47500 2
1 2 0 9 47500 2
1 2 0 5 47500 2
1 2 5 6 47500 2
1 2 15 3 48000 2
1 2 15 8 48000 2
1 2 14 4 48000 2
1 2 12 1 48000 2
1 2 11 8 48000 2
1 2 10 5 48000 2
1 2 10 8 48000 2
1 2 9 2 48000 2
1 2 9 4 48000 2
1 2 8 7 48000 2
1 2 10 6 48000 2
1 2 6 2 48000 2
1 2 4 4 48000 2
1 2 8 3 48500 2
1 2 9 0 48500 2
1 2 9 0 48500 2
1 2 10 8 48500 2
1 2 11 3 48500 2
1 2 11 4 48500 2
1 2 11 0 48500 2
1 2 12 4 48500 2
1 2 13 6 48500 2
1 2 13 3 48500 2
1 2 13 7 48500 2
1 2 14 9 48500 2
1 2 15 0 48500 2
1 2 15 0 48500 2
1 2 6 0 48500 2
1 2 7 6 48500 2
1 2 0 6 48500 2
1 2 1 2 48500 2
1 2 2 9 48500 2
1 2 3 4 48500 2
1 2 3 8 48500 2
1 2 4 2 48500 2
1 2 4 3 48500 2
1 2 4 0 48500 2
1 2 5 9 48500 2
1 2 6 8 48500 2
1 2 6 4 48500 2
1 2 6 7 48500 2
1 2 7 5 48500 2
1 2 9 3 49000 2
1 2 15 6 49000 2
1 2 14 0 49000 2
1 2 13 6 49000 2
1 2 12 4 49000 2
1 2 11 7 49000 2
1 2 11 9 49000 2
1 2 10 9 49000 2
1 2 9 0 49000 2
1 2 7 4 49000 2
1 2 6 7 49000 2
1 2 6 9 49000 2
1 2 6 2 49000 2
1 2 5 9 49000 2
1 2 4 7 49000 2
1 2 4 9 49000 2
1 2 3 4 49000 2
1 2 2 4 49000 2
1 2 8 9 49000 2
1 2 4 6 49500 2
1 2 13 6 49500 2
1 2 12 6 49500 2
1 2 10 4 49500 2
1 2 7 5 49500 2
1 2 6 4 49500 2
1 2 3 4 49500 2
1 2 3 8 49500 2
1 2 2 5 49500 2
1 2 12 7 50000 2
1 2 15 4 50000 2
1 2 13 7 50000 2
1 2 11 3 50000 2
1 2 6 1 50000 2
1 2 6 2 50000 2
1 2 5 9 50000 2
1 2 5 6 50000 2
1 2 3 5 50000 2
1 2 3 0 50000 2
1 2 3 4 50000 2
1 2 2 4 50000 2
1 2 2 5 50000 2
1 2 0 7 50000 2
1 2 5 9 50000 2
1 2 7 9 50500 2
1 2 6 4 50500 2
1 2 8 7 50500 2
1 2 8 3 50500 2
1 2 10 0 50500 2
1 2 11 9 50500 2
1 2 12 6 50500 2
1 2 12 5 50500 2
1 2 13 1 50500 2
1 2 13 4 50500 2
1 2 14 4 50500 2
1 2 15 5 50500 2
1 2 7 2 50500 2
1 2 6 2 50500 2
1 2 5 9 50500 2
1 2 4 4 50500 2
1 2 4 1 50500 2
1 2 4 4 50500 2
1 2 4 7 50500 2
1 2 3 4 50500 2
1 2 2 7 50500 2
1 2 1 9 50500 2
1 2 0 5 50500 2
1 2 7 4 51000 2
1 2 8 9 51000 2
1 2 11 9 51000 2
1 2 11 1 51000 2
1 2 12 6 51000 2
1 2 12 4 51000 2
1 2 13 4 51000 2
1 2 13 5 51000 2
1 2 13 5 51000 2
1 2 14 3 51000 2
1 2 6 4 51000 2
1 2 6 9 51000 2
1 2 0 2 51000 2
1 2 2 0 51000 2
1 2 3 4 51000 2
1 2 3 4 51000 2
1 2 4 7 51000 2
1 2 4 6 51000 2
1 2 4 4 51000 2
1 2 5 9 51000 2
1 2 5 3 51000 2
1 2 6 2 51000 2
1 2 9 5 51500 2
1 2 14 1 51500 2
1 2 12 6 51500 2
1 2 12 8 51500 2
1 2 9 3 51500 2
1 2 8 3 51500 2
1 2 8 8 51500 2
1 2 8 4 51500 2
1 2 7 8 51500 2
1 2 7 3 51500 2
1 2 6 0 51500 2
1 2 6 7 51500 2
1 2 6 2 51500 2
1 2 6 3 51500 2
1 2 4 1 51500 2
1 2 0 5 51500 2
1 2 4 2 51500 2
1 2 3 7 51500 2
1 2 1 4 51500 2
1 2 7 8 51500 2
1 2 10 9 52000 2
1 2 13 2 52000 2
1 2 11 7 52000 2
1 2 11 1 52000 2
1 2 7 2 52000 2
1 2 2 3 52000 2
1 2 1 4 52000 2
1 2 1 3 52000 2
1 2 0 5 52000 2
1 2 6 1 52000 2
1 2 8 3 52500 2
1 2 10 9 52500 2
1 2 10 7 52500 2
1 2 10 5 52500 2
1 2 11 0 52500 2
1 2 11 4 52500 2
1 2 11 8 52500 2
1 2 13 8 52500 2
1 2 14 5 52500 2
1 2 14 8 52500 2
1 2 15 0 52500 2
1 2 15 3 52500 2
1 2 11 3 52500 2
1 2 8 9 52500 2
1 2 8 6 52500 2
1 2 0 8 52500 2
1 2 1 2 52500 2
1 2 3 2 52500 2
1 2 4 4 52500 2
1 2 4 6 52500 2
1 2 5 5 52500 2
1 2 0 0 52500 2
1 2 5 4 52500 2
1 2 7 4 52500 2
1 2 8 7 52500 2
1 2 4 8 52500 2
1 2 10 9 53000 2
1 2 10 6 53000 2
1 2 10 6 53000 2
1 2 11 9 53000 2
1 2 11 4 53000 2
1 2 11 0 53000 2
1 2 14 9 53000 2
1 2 14 0 53000 2
1 2 14 1 53000 2
1 2 15 5 53000 2
1 2 15 2 53000 2
1 2 15 1 53000 2
1 2 2 2 53000 2
1 2 8 7 53000 2
1 2 1 2 53000 2
1 2 2 8 53000 2
1 2 2 5 53000 2
1 2 3 8 53000 2
1 2 4 1 53000 2
1 2 4 6 53000 2
1 2 6 3 53000 2
1 2 7 5 53000 2
1 2 7 7 53000 2
1 2 8 7 53000 2
1 2 8 4 53000 2
1 2 9 5 53500 2
1 2 15 5 53500 2
1 2 15 8 53500 2
1 2 14 0 53500 2
1 2 11 3 53500 2
1 2 11 2 53500 2
1 2 10 4 53500 2
1 2 10 6 53500 2
1 2 7 4 53500 2
1 2 7 0 53500 2
1 2 5 9 53500 2
1 2 4 6 53500 2
1 2 2 8 53500 2
1 2 2 9 53500 2
1 2 8 2 53500 2
1 2 7 0 54000 2
1 2 7 5 54000 2
1 2 8 4 54000 2
1 2 8 7 54000 2
1 2 9 2 54000 2
1 2 10 0 54000 2
1 2 11 1 54000 2
1 2 13 8 54000 2
1 2 14 8 54000 2
1 2 14 8 54000 2
1 2 15 4 54000 2
1 2 8 7 54000 2
1 2 5 9 54000 2
1 2 6 4 54000 2
1 2 0 8 54000 2
1 2 1 6 54000 2
1 2 2 0 54000 2
1 2 3 2 54000 2
1 2 3 4 54000 2
1 2 3 8 54000 2
1 2 4 0 54000 2
1 2 5 8 54000 2
1 2 0 9 54000 2
1 2 5 5 54000 2
1 2 15 6 54500 2
1 2 14 5 54500 2
1 2 11 7 54500 2
1 2 11 4 54500 2
1 2 11 9 54500 2
1 2 11 4 54500 2
1 2 10 3 54500 2
1 2 10 0 54500 2
1 2 8 0 54500 2
1 2 7 3 54500 2
1 2 8 4 54500 2
1 2 1 8 54500 2
1 2 2 2 54500 2
1 2 2 3 54500 2
1 2 4 4 54500 2
1 2 4 6 54500 2
1 2 4 2 54500 2
1 2 5 4 54500 2
1 2 15 9 55000 2
1 2 15 8 55000 2
1 2 13 4 55000 2
1 2 11 4 55000 2
1 2 11 3 55000 2
1 2 11 4 55000 2
1 2 10 4 55000 2
1 2 10 7 55000 2
1 2 8 9 55000 2
1 2 8 7 55000 2
1 2 7 7 55000 2
1 2 4 4 55000 2
1 2 3 8 55000 2
1 2 1 2 55000 2
1 2 1 7 55000 2
1 2 1 9 55000 2
1 2 9 0 55000 2
1 2 6 3 55500 2
1 2 7 5 55500 2
1 2 8 4 55500 2
1 2 9 8 55500 2
1 2 9 2 55500 2
1 2 10 0 55500 2
1 2 11 9 55500 2
1 2 11 8 55500 2
1 2 11 1 55500 2
1 2 13 3 55500 2
1 2 14 7 55500 2
1 2 14 8 55500 2
1 2 5 9 55500 2
1 2 5 3 55500 2
1 2 1 0 55500 2
1 2 2 8 55500 2
1 2 2 9 55500 2
1 2 2 5 55500 2
1 2 2 9 55500 2
1 2 3 9 55500 2
1 2 3 8 55500 2
1 2 4 1 55500 2
1 2 4 6 55500 2
1 2 4 0 55500 2
1 2 4 2 55500 2
1 2 6 3 56000 2
1 2 15 3 56000 2
1 2 14 8 56000 2
1 2 14 4 56000 2
1 2 12 6 56000 2
1 2 11 0 56000 2
1 2 11 0 56000 2
1 2 10 6 56000 2
1 2 10 8 56000 2
1 2 8 1 56000 2
1 2 5 1 56000 2
1 2 1 2 56000 2
1 2 2 1 56000 2
1 2 2 9 56000 2
1 2 3 2 56000 2
1 2 3 5 56000 2
1 2 3 8 56000 2
1 2 4 4 56000 2
1 2 4 1 56000 2
1 2 15 7 56500 2
1 2 1 5 56500 2
1 2 14 1 56500 2
1 2 14 4 56500 2
1 2 12 4 56500 2
1 2 12 8 56500 2
1 2 12 8 56500 2
1 2 10 5 56500 2
1 2 10 9 56500 2
1 2 10 9 56500 2
1 2 8 6 56500 2
1 2 8 9 56500 2
1 2 6 4 56500 2
1 2 0 4 56500 2
1 2 1 7 56500 2
1 2 1 3 56500 2
1 2 2 1 56500 2
1 2 4 3 56500 2
1 2 4 0 56500 2
1 2 5 9 56500 2
1 2 5 1 56500 2
1 2 6 6 56500 2
1 2 6 3 56500 2
1 2 7 1 56500 2
1 2 2 5 57000 2
1 2 15 1 57000 2
1 2 14 2 57000 2
1 2 14 1 57000 2
1 2 13 5 57000 2
1 2 10 9 57000 2
1 2 9 4 57000 2
1 2 8 6 57000 2
1 2 8 6 57000 2
1 2 7 5 57000 2
1 2 6 1 57000 2
1 2 6 7 57000 2
1 2 5 8 57000 2
1 2 5 1 57000 2
1 2 4 5 57000 2
1 2 3 2 57000 2
1 2 0 4 57000 2
1 2 0 1 57000 2
1 2 0 4 57000 2
1 2 7 8 57000 2
1 2 9 2 57500 2
1 2 15 7 57500 2
1 2 10 0 57500 2
1 2 10 1 57500 2
1 2 11 2 57500 2
1 2 11 7 57500 2
1 2 12 8 57500 2
1 2 12 9 57500 2
1 2 13 5 57500 2
1 2 14 9 57500 2
1 2 15 2 57500 2
1 2 15 6 57500 2
1 2 1 4 57500 2
1 2 6 8 57500 2
1 2 0 1 57500 2
1 2 0 3 57500 2
1 2 2 1 57500 2
1 2 2 9 57500 2
1 2 3 4 57500 2
1 2 4 1 57500 2
1 2 4 2 57500 2
1 2 5 0 57500 2
1 2 5 1 57500 2
1 2 5 3 57500 2
1 2 6 8 58000 2
1 2 15 6 58000 2
1 2 14 2 58000 2
1 2 13 3 58000 2
1 2 11 1 58000 2
1 2 11 5 58000 2
1 2 7 5 58000 2
1 2 6 7 58000 2
1 2 6 3 58000 2
1 2 5 1 58000 2
1 2 5 9 58000 2
1 2 4 8 58000 2
1 2 4 5 58000 2
1 2 3 1 58000 2
1 2 2 7 58000 2
1 2 1 6 58000 2
1 2 0 4 58000 2
1 2 6 1 58000 2
1 2 9 4 58500 2
1 2 9 6 58500 2
1 2 11 6 58500 2
1 2 12 6 58500 2
1 2 12 9 58500 2
1 2 14 4 58500 2
1 2 14 8 58500 2
1 2 14 9 58500 2
1 2 15 6 58500 2
1 2 15 8 58500 2
1 2 0 5 58500 2
1 2 7 1 58500 2
1 2 8 3 58500 2
1 2 0 3 58500 2
1 2 0 1 58500 2
1 2 2 9 58500 2
1 2 2 5 58500 2
1 2 4 1 58500 2
1 2 5 8 58500 2
1 2 5 1 58500 2
1 2 6 8 58500 2
1 2 15 6 59000 2
1 2 13 5 59000 2
1 2 13 9 59000 2
1 2 12 8 59000 2
1 2 12 1 59000 2
1 2 10 8 59000 2
1 2 9 6 59000 2
1 2 9 2 59000 2
1 2 8 7 59000 2
1 2 8 1 59000 2
1 2 7 1 59000 2
1 2 6 8 59000 2
1 2 0 3 59000 2
1 2 0 6 59000 2
1 2 0 9 59000 2
1 2 0 2 59000 2
1 2 0 3 59000 2
1 2 1 9 59000 2
1 2 3 7 59000 2
1 2 5 3 59000 2
1 2 5 6 59000 2
1 2 7 3 59000 2
1 2 15 0 59500 2
1 2 15 3 59500 2
1 2 14 2 59500 2
1 2 14 9 59500 2
1 2 14 2 59500 2
1 2 14 9 59500 2
1 2 13 5 59500 2
1 2 12 8 59500 2
1 2 12 7 59500 2
1 2 10 9 59500 2
1 2 8 7 59500 2
1 2 9 6 59500 2
1 2 0 0 59500 2
1 2 3 0 59500 2
1 2 5 8 59500 2
1 2 5 9 59500 2
1 2 5 4 59500 2
1 2 6 9 59500 2
1 2 6 9 59500 2
1 2 7 7 59500 2
1 2 7 5 59500 2
1 2 14 0 60000 2
1 2 15 1 60000 2
1 2 13 9 60000 2
1 2 13 9 60000 2
1 2 13 5 60000 2
1 2 12 4 60000 2
1 2 12 4 60000 2
1 2 12 2 60000 2
1 2 11 0 60000 2
1 2 11 4 60000 2
1 2 6 6 60000 2
1 2 10 5 60000 2
1 2 0 8 60000 2
1 2 0 4 60000 2
1 2 2 7 60000 2
1 2 3 7 60000 2
1 2 4 3 60000 2
1 2 5 3 60000 2
1 2 5 1 60000 2
1 2 5 8 60000 2
1 2 5 3 60000 2
1 2 15 8 60500 2
1 2 15 5 60500 2
1 2 14 5 60500 2
1 2 13 7 60500 2
1 2 11 3 60500 2
1 2 10 7 60500 2
1 2 10 6 60500 2
1 2 10 6 60500 2
1 2 8 0 60500 2
1 2 9 8 60500 2
1 2 8 6 60500 2
1 2 0 9 60500 2
1 2 0 8 60500 2
1 2 4 1 60500 2
1 2 5 5 60500 2
1 2 7 2 60500 2
1 2 7 4 60500 2
1 2 7 1 60500 2
1 2 7 4 60500 2
1 2 8 0 60500 2
1 2 14 5 61000 2
1 2 13 5 61000 2
1 2 12 8 61000 2
1 2 11 2 61000 2
1 2 11 9 61000 2
1 2 11 5 61000 2
1 2 11 3 61000 2
1 2 9 4 61000 2
1 2 8 7 61000 2
1 2 7 9 61000 2
1 2 6 3 61000 2
1 2 6 8 61000 2
1 2 5 2 61000 2
1 2 3 0 61000 2
1 2 2 8 61000 2
1 2 9 1 61000 2
1 2 10 5 61500 2
1 2 15 6 61500 2
1 2 15 8 61500 2
1 2 14 8 61500 2
1 2 13 1 61500 2
1 2 12 9 61500 2
1 2 10 7 61500 2
1 2 10 5 61500 2
1 2 7 1 61500 2
1 2 7 9 61500 2
1 2 6 8 61500 2
1 2 6 1 61500 2
1 2 4 6 61500 2
1 2 4 6 61500 2
1 2 4 9 61500 2
1 2 10 0 61500 2
1 2 3 4 61500 2
1 2 14 4 62000 2
1 2 8 3 62000 2
1 2 10 7 62000 2
1 2 13 8 62000 2
1 2 13 6 62000 2
1 2 13 9 62000 2
1 2 13 1 62000 2
1 2 14 7 62000 2
1 2 7 5 62000 2
1 2 5 1 62000 2
1 2 5 3 62000 2
1 2 5 5 62000 2
1 2 2 5 62000 2
1 2 2 8 62000 2
1 2 0 3 62000 2
1 2 0 3 62000 2
1 2 8 1 62000 2
1 2 8 7 62500 2
1 2 15 7 62500 2
1 2 14 8 62500 2
1 2 13 5 62500 2
1 2 11 0 62500 2
1 2 11 5 62500 2
1 2 11 5 62500 2
1 2 10 6 62500 2
1 2 8 0 62500 2
1 2 6 1 62500 2
1 2 4 1 62500 2
1 2 3 7 62500 2
1 2 0 4 62500 2
1 2 0 5 62500 2
1 2 0 5 62500 2
1 2 11 3 63000 2
1 2 15 5 63000 2
1 2 11 5 63000 2
1 2 10 6 63000 2
1 2 9 5 63000 2
1 2 8 3 63000 2
1 2 8 9 63000 2
1 2 8 7 63000 2
1 2 5 1 63000 2
1 2 5 3 63000 2
1 2 5 5 63000 2
1 2 4 8 63000 2
1 2 0 5 63000 2
1 2 3 8 63000 2
1 2 2 9 63000 2
1 2 7 4 63000 2
1 2 10 4 63500 2
1 2 15 2 63500 2
1 2 14 9 63500 2
1 2 14 5 63500 2
1 2 11 6 63500 2
1 2 11 0 63500 2
1 2 11 3 63500 2
1 2 11 4 63500 2
1 2 10 6 63500 2
1 2 9 4 63500 2
1 2 8 7 63500 2
1 2 6 8 63500 2
1 2 6 8 63500 2
1 2 3 8 63500 2
1 2 2 4 63500 2
1 2 10 3 64000 2
1 2 14 9 64000 2
1 2 14 7 64000 2
1 2 11 0 64000 2
1 2 11 4 64000 2
1 2 11 2 64000 2
1 2 10 1 64000 2
1 2 7 2 64000 2
1 2 0 3 64000 2
1 2 7 6 64000 2
1 2 4 6 64000 2
1 2 4 6 64000 2
1 2 3 5 64000 2
1 2 3 4 64000 2
1 2 9 3 64000 2
1 2 10 9 64500 2
1 2 15 2 64500 2
1 2 13 6 64500 2
1 2 12 6 64500 2
1 2 12 6 64500 2
1 2 10 8 64500 2
1 2 9 1 64500 2
1 2 7 6 64500 2
1 2 7 7 64500 2
1 2 7 7 64500 2
1 2 4 3 64500 2
1 2 3 4 64500 2
1 2 3 7 64500 2
1 2 8 9 64500 2
1 2 8 7 65000 2
1 2 8 9 65000 2
1 2 10 5 65000 2
1 2 11 0 65000 2
1 2 11 3 65000 2
1 2 11 9 65000 2
1 2 12 6 65000 2
1 2 13 4 65000 2
1 2 13 9 65000 2
1 2 13 3 65000 2
1 2 14 3 65000 2
1 2 5 8 65000 2
1 2 6 6 65000 2
1 2 7 6 65000 2
1 2 3 8 65000 2
1 2 3 8 65000 2
1 2 4 0 65000 2
1 2 5 7 65000 2
1 2 1 5 65000 2
1 2 5 3 65000 2
1 2 5 1 65000 2
1 2 6 2 65000 2
1 2 6 0 65000 2
1 2 14 2 65500 2
1 2 13 1 65500 2
1 2 12 4 65500 2
1 2 11 7 65500 2
1 2 11 9 65500 2
1 2 11 0 65500 2
1 2 11 1 65500 2
1 2 8 7 65500 2
1 2 7 7 65500 2
1 2 7 9 65500 2
1 2 6 3 65500 2
1 2 6 1 65500 2
1 2 5 4 65500 2
1 2 3 7 65500 2
1 2 2 6 65500 2
1 2 7 9 65500 2
1 2 6 3 66000 2
1 2 14 7 66000 2
1 2 11 0 66000 2
1 2 8 6 66000 2
1 2 7 5 66000 2
1 2 7 9 66000 2
1 2 6 3 66000 2
1 2 5 6 66000 2
1 2 4 7 66000 2
1 2 3 4 66000 2
1 2 3 2 66000 2
1 2 3 4 66000 2
1 2 2 9 66000 2
1 2 6 8 66000 2
1 2 10 9 66500 2
1 2 12 4 66500 2
1 2 13 5 66500 2
1 2 13 7 66500 2
1 2 14 7 66500 2
1 2 14 3 66500 2
1 2 14 4 66500 2
1 2 15 0 66500 2
1 2 15 6 66500 2
1 2 15 5 66500 2
1 2 8 7 66500 2
1 2 9 6 66500 2
1 2 1 5 66500 2
1 2 0 3 66500 2
1 2 2 8 66500 2
1 2 2 9 66500 2
1 2 3 4 66500 2
1 2 4 8 66500 2
1 2 5 0 66500 2
1 2 8 9 66500 2
1 2 7 3 67000 2
1 2 15 9 67000 2
1 2 15 7 67000 2
1 2 14 7 67000 2
1 2 14 9 67000 2
1 2 12 6 67000 2
1 2 11 4 67000 2
1 2 11 8 67000 2
1 2 10 8 67000 2
1 2 10 8 67000 2
1 2 9 3 67000 2
1 2 7 5 67000 2
1 2 0 8 67000 2
1 2 1 2 67000 2
1 2 2 0 67000 2
1 2 3 8 67000 2
1 2 3 8 67000 2
1 2 4 0 67000 2
1 2 5 3 67000 2
1 2 5 2 67000 2
1 2 6 0 67000 2
1 2 7 1 67000 2
1 2 4 9 67500 2
1 2 15 9 67500 2
1 2 11 6 67500 2
1 2 10 4 67500 2
1 2 9 7 67500 2
1 2 8 2 67500 2
1 2 8 9 67500 2
1 2 5 4 67500 2
1 2 5 7 67500 2
1 2 1 4 67500 2
1 2 2 5 67500 2
1 2 3 8 67500 2
1 2 1 6 67500 2
1 2 4 0 67500 2
1 2 15 2 68000 2
1 2 15 9 68000 2
1 2 15 6 68000 2
1 2 14 0 68000 2
1 2 14 7 68000 2
1 2 14 5 68000 2
1 2 14 5 68000 2
1 2 12 4 68000 2
1 2 11 7 68000 2
1 2 10 5 68000 2
1 2 10 9 68000 2
1 2 10 7 68000 2
1 2 8 0 68000 2
1 2 7 9 68000 2
1 2 6 7 68000 2
1 2 6 1 68000 2
1 2 5 7 68000 2
1 2 4 9 68000 2
1 2 0 5 68000 2
1 2 15 0 68500 2
1 2 1 1 68500 2
1 2 13 2 68500 2
1 2 13 8 68500 2
1 2 13 0 68500 2
1 2 12 2 68500 2
1 2 11 6 68500 2
1 2 8 3 68500 2
1 2 9 6 68500 2
1 2 1 5 68500 2
1 2 4 1 68500 2
1 2 5 8 68500 2
1 2 8 4 68500 2
1 2 8 2 68500 2
1 2 15 3 69000 2
1 2 15 9 69000 2
1 2 15 8 69000 2
1 2 14 8 69000 2
1 2 14 5 69000 2
1 2 13 2 69000 2
1 2 13 2 69000 2
1 2 13 2 69000 2
1 2 11 4 69000 2
1 2 10 5 69000 2
1 2 9 0 69000 2
1 2 8 4 69000 2
1 2 7 2 69000 2
1 2 6 3 69000 2
1 2 7 7 69000 2
1 2 0 3 69000 2
1 2 0 7 69000 2
1 2 0 3 69000 2
1 2 3 4 69000 2
1 2 3 4 69000 2
1 2 4 7 69000 2
1 2 4 5 69000 2
1 2 5 8 69000 2
1 2 5 0 69000 2
1 2 5 2 69000 2
1 2 6 2 69000 2
1 2 6 8 69000 2
1 2 15 2 69500 2
1 2 15 8 69500 2
1 2 14 0 69500 2
1 2 13 5 69500 2
1 2 11 7 69500 2
1 2 11 9 69500 2
1 2 6 4 69500 2
1 2 9 6 69500 2
1 2 6 0 69500 2
1 2 6 1 69500 2
1 2 5 8 69500 2
1 2 4 2 69500 2
1 2 4 3 69500 2
1 2 0 1 69500 2
1 2 6 4 69500 2
1 2 7 9 70000 2
1 2 8 9 70000 2
1 2 8 2 70000 2
1 2 8 6 70000 2
1 2 5 7 70000 2
1 2 9 6 70000 2
1 2 11 2 70000 2
1 2 12 3 70000 2
1 2 13 3 70000 2
1 2 13 3 70000 2
1 2 14 2 70000 2
1 2 6 4 70000 2
1 2 6 3 70000 2
1 2 6 0 70000 2
1 2 5 5 70000 2
1 2 4 5 70000 2
1 2 4 2 70000 2
1 2 2 7 70000 2
1 2 0 8 70000 2
1 2 0 2 70000 2
1 2 7 7 70000 2
1 2 11 0 70500 2
1 2 15 0 70500 2
1 2 14 9 70500 2
1 2 13 2 70500 2
1 2 13 7 70500 2
1 2 7 9 70500 2
1 2 4 8 70500 2
1 2 4 3 70500 2
1 2 2 9 70500 2
1 2 0 2 70500 2
1 2 10 1 70500 2
1 2 15 6 71000 2
1 2 8 9 71000 2
1 2 8 3 71000 2
1 2 9 0 71000 2
1 2 11 4 71000 2
1 2 11 4 71000 2
1 2 11 8 71000 2
1 2 14 5 71000 2
1 2 14 8 71000 2
1 2 15 0 71000 2
1 2 3 5 71000 2
1 2 7 5 71000 2
1 2 0 8 71000 2
1 2 0 8 71000 2
1 2 1 9 71000 2
1 2 1 3 71000 2
1 2 3 5 71000 2
1 2 4 7 71000 2
1 2 6 2 71000 2
1 2 6 7 71000 2
1 2 6 0 71000 2
1 2 7 1 71000 2
1 2 15 9 71500 2
1 2 15 3 71500 2
1 2 15 3 71500 2
1 2 15 3 71500 2
1 2 14 5 71500 2
1 2 14 8 71500 2
1 2 11 4 71500 2
1 2 11 9 71500 2
1 2 11 3 71500 2
1 2 10 8 71500 2
1 2 8 7 71500 2
1 2 8 7 71500 2
1 2 0 0 71500 2
1 2 1 0 71500 2
1 2 0 7 71500 2
1 2 3 7 71500 2
1 2 6 0 71500 2
1 2 6 3 71500 2
1 2 7 5 71500 2
1 2 8 9 71500 2
1 2 8 9 71500 2
1 2 4 6 72000 2
1 2 15 1 72000 2
1 2 14 5 72000 2
1 2 13 2 72000 2
1 2 11 7 72000 2
1 2 11 9 72000 2
1 2 10 8 72000 2
1 2 9 0 72000 2
1 2 9 7 72000 2
1 2 8 3 72000 2
1 2 8 7 72000 2
1 2 7 4 72000 2
1 2 5 3 72000 2
1 2 4 2 72000 2
1 2 3 4 72000 2
1 2 3 3 72000 2
1 2 2 2 72000 2
1 2 0 7 72000 2
1 2 13 4 72500 2
1 2 15 2 72500 2
1 2 14 3 72500 2
1 2 8 7 72500 2
1 2 5 6 72500 2
1 2 4 8 72500 2
1 2 3 2 72500 2
1 2 8 5 72500 2
1 2 10 5 73000 2
1 2 15 2 73000 2
1 2 14 2 73000 2
1 2 12 8 73000 2
1 2 11 0 73000 2
1 2 11 0 73000 2
1 2 10 3 73000 2
1 2 10 1 73000 2
1 2 9 4 73000 2
1 2 8 1 73000 2
1 2 6 7 73000 2
1 2 6 3 73000 2
1 2 4 3 73000 2
1 2 4 2 73000 2
1 2 4 4 73000 2
1 2 4 7 73000 2
1 2 3 4 73000 2
1 2 0 3 73000 2
1 2 0 0 73000 2
1 2 0 4 73000 2
1 2 7 8 73000 2
1 2 8 3 73500 2
1 2 11 4 73500 2
1 2 13 8 73500 2
1 2 7 8 73500 2
1 2 13 8 73500 2
1 2 13 1 73500 2
1 2 14 3 73500 2
1 2 14 9 73500 2
1 2 14 9 73500 2
1 2 15 4 73500 2
1 2 15 5 73500 2
1 2 7 3 73500 2
1 2 8 8 73500 2
1 2 0 3 73500 2
1 2 1 8 73500 2
1 2 2 0 73500 2
1 2 3 8 73500 2
1 2 4 5 73500 2
1 2 4 6 73500 2
1 2 6 8 73500 2
1 2 7 0 73500 2
1 2 7 3 73500 2
1 2 8 1 74000 2
1 2 13 2 74000 2
1 2 8 3 74000 2
1 2 9 3 74000 2
1 2 9 6 74000 2
1 2 11 3 74000 2
1 2 11 0 74000 2
1 2 14 1 74000 2
1 2 14 3 74000 2
1 2 15 2 74000 2
1 2 15 9 74000 2
1 2 15 0 74000 2
1 2 15 3 74000 2
1 2 6 8 74000 2
1 2 6 9 74000 2
1 2 0 9 74000 2
1 2 0 8 74000 2
1 2 0 2 74000 2
1 2 3 8 74000 2
1 2 3 7 74000 2
1 2 4 1 74000 2
1 2 0 2 74000 2
1 2 4 6 74000 2
1 2 5 7 74000 2
1 2 5 9 74000 2
1 2 5 3 74000 2
1 2 6 3 74000 2
1 2 15 9 74500 2
1 2 15 3 74500 2
1 2 14 4 74500 2
1 2 13 8 74500 2
1 2 12 4 74500 2
1 2 5 9 74500 2
1 2 11 3 74500 2
1 2 10 6 74500 2
1 2 9 5 74500 2
1 2 8 8 74500 2
1 2 7 5 74500 2
1 2 7 1 74500 2
1 2 6 3 74500 2
1 2 5 9 74500 2
1 2 4 0 74500 2
1 2 4 8 74500 2
1 2 0 8 74500 2
1 2 0 2 74500 2
1 2 15 9 75000 2
1 2 5 3 75000 2
1 2 15 7 75000 2
1 2 15 6 75000 2
1 2 15 0 75000 2
1 2 15 8 75000 2
1 2 14 8 75000 2
1 2 12 3 75000 2
1 2 11 8 75000 2
1 2 9 3 75000 2
1 2 7 8 75000 2
1 2 7 9 75000 2
1 2 4 7 75000 2
1 2 14 9 75000 2
1 2 9 7 75500 2
1 2 15 2 75500 2
1 2 13 3 75500 2
1 2 12 4 75500 2
1 2 12 8 75500 2
1 2 12 8 75500 2
1 2 11 0 75500 2
1 2 11 2 75500 2
1 2 10 6 75500 2
1 2 5 9 75500 2
1 2 5 3 75500 2
1 2 4 8 75500 2
1 2 4 4 75500 2
1 2 4 5 75500 2
1 2 3 8 75500 2
1 2 3 4 75500 2
1 2 2 4 75500 2
1 2 2 7 75500 2
1 2 0 1 75500 2
1 2 8 7 76000 2
1 2 9 1 76000 2
1 2 13 3 76000 2
1 2 14 6 76000 2
1 2 14 8 76000 2
1 2 14 4 76000 2
1 2 15 2 76000 2
1 2 15 2 76000 2
1 2 0 2 76000 2
1 2 7 8 76000 2
1 2 6 3 76000 2
1 2 6 6 76000 2
1 2 4 7 76000 2
1 2 4 3 76000 2
1 2 3 6 76000 2
1 2 3 4 76000 2
1 2 7 2 76000 2
1 2 9 2 76500 2
1 2 9 9 76500 2
1 2 9 7 76500 2
1 2 11 2 76500 2
1 2 12 2 76500 2
1 2 13 6 76500 2
1 2 13 4 76500 2
1 2 15 3 76500 2
1 2 8 7 76500 2
1 2 8 8 76500 2
1 2 8 7 76500 2
1 2 7 9 76500 2
1 2 7 6 76500 2
1 2 5 0 76500 2
1 2 4 8 76500 2
1 2 4 7 76500 2
1 2 3 8 76500 2
1 2 3 7 76500 2
1 2 9 3 77000 2
1 2 14 9 77000 2
1 2 13 6 77000 2
1 2 13 3 77000 2
1 2 13 7 77000 2
1 2 12 7 77000 2
1 2 11 4 77000 2
1 2 8 7 77000 2
1 2 6 4 77000 2
1 2 4 0 77000 2
1 2 3 4 77000 2
1 2 1 4 77000 2
1 2 1 4 77000 2
1 2 8 9 77500 2
1 2 14 5 77500 2
1 2 14 2 77500 2
1 2 13 1 77500 2
1 2 11 7 77500 2
1 2 9 6 77500 2
1 2 8 6 77500 2
1 2 7 0 77500 2
1 2 6 4 77500 2
1 2 7 5 77500 2
1 2 2 8 77500 2
1 2 2 3 77500 2
1 2 3 4 77500 2
1 2 4 6 77500 2
1 2 5 3 77500 2
1 2 1 4 77500 2
1 2 15 2 78000 2
1 2 14 4 78000 2
1 2 13 1 78000 2
1 2 13 8 78000 2
1 2 12 7 78000 2
1 2 12 4 78000 2
1 2 11 6 78000 2
1 2 10 3 78000 2
1 2 7 7 78000 2
1 2 6 3 78000 2
1 2 6 3 78000 2
1 2 0 8 78000 2
1 2 2 2 78000 2
1 2 3 8 78000 2
1 2 4 2 78000 2
1 2 4 0 78000 2
1 2 5 4 78000 2
1 2 6 9 78000 2
1 2 6 4 78000 2
1 2 0 5 78500 2
1 2 15 8 78500 2
1 2 14 0 78500 2
1 2 14 9 78500 2
1 2 13 4 78500 2
1 2 13 7 78500 2
1 2 11 0 78500 2
1 2 9 1 78500 2
1 2 8 4 78500 2
1 2 8 3 78500 2
1 2 1 2 78500 2
1 2 2 7 78500 2
1 2 4 4 78500 2
1 2 4 2 78500 2
1 2 7 9 78500 2
1 2 7 8 78500 2
1 2 15 4 79000 2
1 2 15 7 79000 2
1 2 15 5 79000 2
1 2 13 2 79000 2
1 2 13 9 79000 2
1 2 12 6 79000 2
1 2 12 7 79000 2
1 2 11 0 79000 2
1 2 8 4 79000 2
1 2 0 8 79000 2
1 2 7 1 79000 2
1 2 1 4 79000 2
1 2 2 6 79000 2
1 2 4 0 79000 2
1 2 5 9 79000 2
1 2 5 4 79000 2
1 2 5 0 79000 2
1 2 6 3 79000 2
1 2 10 6 79500 2
1 2 14 4 79500 2
1 2 14 3 79500 2
1 2 13 5 79500 2
1 2 13 5 79500 2
1 2 12 6 79500 2
1 2 12 7 79500 2
1 2 11 5 79500 2
1 2 10 4 79500 2
1 2 9 2 79500 2
1 2 8 0 79500 2
1 2 8 9 79500 2
1 2 8 5 79500 2
1 2 5 9 79500 2
1 2 4 8 79500 2
1 2 15 2 80000 2
1 2 15 6 80000 2
1 2 13 4 80000 2
1 2 13 7 80000 2
1 2 9 6 80000 2
1 2 9 5 80000 2
1 2 9 0 80000 2
1 2 6 3 80000 2
1 2 6 0 80000 2
1 2 4 4 80000 2
1 2 4 0 80000 2
1 2 1 2 80000 2
1 2 2 9 80000 2
1 2 2 6 80000 2
1 2 2 8 80000 2
1 2 3 4 80000 2
1 2 3 4 80000 2
1 2 3 4 80000 2
1 2 11 9 80500 2
1 2 15 6 80500 2
1 2 14 9 80500 2
1 2 14 3 80500 2
1 2 14 4 80500 2
1 2 14 8 80500 2
1 2 12 5 80500 2
1 2 12 4 80500 2
1 2 11 9 80500 2
1 2 10 7 80500 2
1 2 6 7 80500 2
1 2 0 8 80500 2
1 2 2 2 80500 2
1 2 3 0 80500 2
1 2 4 5 80500 2
1 2 4 4 80500 2
1 2 5 7 80500 2
1 2 6 3 80500 2
1 2 6 1 80500 2
1 2 4 7 80500 2
1 2 7 5 80500 2
1 2 6 3 81000 2
1 2 6 0 81000 2
1 2 8 4 81000 2
1 2 10 9 81000 2
1 2 11 2 81000 2
1 2 11 0 81000 2
1 2 11 4 81000 2
1 2 13 5 81000 2
1 2 14 9 81000 2
1 2 14 3 81000 2
1 2 15 3 81000 2
1 2 0 2 81000 2
1 2 6 6 81000 2
1 2 5 7 81000 2
1 2 5 9 81000 2
1 2 5 8 81000 2
1 2 4 0 81000 2
1 2 4 2 81000 2
1 2 4 5 81000 2
1 2 3 8 81000 2
1 2 6 3 81000 2
1 2 0 3 81000 2
1 2 0 6 81000 2
1 2 11 7 81500 2
1 2 11 0 81500 2
1 2 12 9 81500 2
1 2 12 5 81500 2
1 2 14 1 81500 2
1 2 14 7 81500 2
1 2 14 3 81500 2
1 2 14 2 81500 2
1 2 15 0 81500 2
1 2 15 1 81500 2
1 2 11 0 81500 2
1 2 10 7 81500 2
1 2 11 1 81500 2
1 2 0 7 81500 2
1 2 3 4 81500 2
1 2 4 4 81500 2
1 2 5 3 81500 2
1 2 5 3 81500 2
1 2 5 3 81500 2
1 2 6 0 81500 2
1 2 7 7 81500 2
1 2 9 0 81500 2
1 2 14 8 82000 2
1 2 8 5 82000 2
1 2 9 5 82000 2
1 2 7 4 82000 2
1 2 10 9 82000 2
1 2 10 3 82000 2
1 2 11 8 82000 2
1 2 12 2 82000 2
1 2 12 3 82000 2
1 2 12 5 82000 2
1 2 14 3 82000 2
1 2 14 4 82000 2
1 2 15 2 82000 2
1 2 1 7 82000 2
1 2 7 7 82000 2
1 2 0 8 82000 2
1 2 1 9 82000 2
1 2 2 2 82000 2
1 2 3 4 82000 2
1 2 3 3 82000 2
1 2 3 4 82000 2
1 2 3 4 82000 2
1 2 4 2 82000 2
1 2 5 7 82000 2
1 2 6 4 82000 2
1 2 6 3 82000 2
1 2 9 9 82500 2
1 2 14 4 82500 2
1 2 14 7 82500 2
1 2 14 0 82500 2
1 2 11 4 82500 2
1 2 11 2 82500 2
1 2 9 3 82500 2
1 2 7 5 82500 2
1 2 6 9 82500 2
1 2 3 4 82500 2
1 2 3 7 82500 2
1 2 2 9 82500 2
1 2 0 8 82500 2
1 2 0 0 82500 2
1 2 8 7 82500 2
1 2 8 2 83000 2
1 2 9 1 83000 2
1 2 9 1 83000 2
1 2 11 2 83000 2
1 2 11 7 83000 2
1 2 11 4 83000 2
1 2 12 4 83000 2
1 2 12 1 83000 2
1 2 13 8 83000 2
1 2 14 7 83000 2
1 2 14 3 83000 2
1 2 15 0 83000 2
1 2 15 5 83000 2
1 2 15 6 83000 2
1 2 6 1 83000 2
1 2 7 0 83000 2
1 2 8 8 83000 2
1 2 0 7 83000 2
1 2 1 9 83000 2
1 2 2 7 83000 2
1 2 2 8 83000 2
1 2 4 1 83000 2
1 2 4 2 83000 2
1 2 5 7 83000 2
1 2 4 6 83000 2
1 2 7 5 83000 2
1 2 6 0 83000 2
1 2 0 6 83000 2
1 2 6 2 83000 2
1 2 6 1 83000 2
1 2 5 7 83500 2
1 2 6 9 83500 2
1 2 6 0 83500 2
1 2 6 2 83500 2
1 2 6 7 83500 2
1 2 7 6 83500 2
1 2 8 3 83500 2
1 2 10 9 83500 2
1 2 10 9 83500 2
1 2 10 3 83500 2
1 2 11 0 83500 2
1 2 11 4 83500 2
1 2 11 2 83500 2
1 2 12 3 83500 2
1 2 14 1 83500 2
1 2 14 8 83500 2
1 2 14 1 83500 2
1 2 5 9 83500 2
1 2 0 6 83500 2
1 2 0 1 83500 2
1 2 1 5 83500 2
1 2 1 8 83500 2
1 2 1 4 83500 2
1 2 2 8 83500 2
1 2 2 8 83500 2
1 2 2 9 83500 2
1 2 3 8 83500 2
1 2 3 3 83500 2
1 2 3 2 83500 2
1 2 3 4 83500 2
1 2 4 5 83500 2
1 2 4 8 83500 2
1 2 4 8 83500 2
1 2 5 1 83500 2
1 2 3 4 83500 2
1 2 6 3 84000 2
1 2 7 7 84000 2
1 2 7 7 84000 2
1 2 8 7 84000 2
1 2 8 3 84000 2
1 2 8 8 84000 2
1 2 9 6 84000 2
1 2 10 5 84000 2
1 2 11 9 84000 2
1 2 11 0 84000 2
1 2 13 6 84000 2
1 2 14 2 84000 2
1 2 15 0 84000 2
1 2 6 3 84000 2
1 2 6 2 84000 2
1 2 0 0 84000 2
1 2 1 5 84000 2
1 2 1 3 84000 2
1 2 2 0 84000 2
1 2 3 1 84000 2
1 2 3 7 84000 2
1 2 3 7 84000 2
1 2 4 2 84000 2
1 2 4 6 84000 2
1 2 5 8 84000 2
1 2 5 5 84500 2
1 2 15 9 84500 2
1 2 15 1 84500 2
1 2 15 2 84500 2
1 2 13 6 84500 2
1 2 12 1 84500 2
1 2 11 4 84500 2
1 2 5 9 84500 2
1 2 4 1 84500 2
1 2 3 6 84500 2
1 2 2 6 84500 2
1 2 0 3 84500 2
1 2 0 3 84500 2
1 2 11 7 84500 2
1 2 15 7 85000 2
1 2 12 7 85000 2
1 2 12 8 85000 2
1 2 12 4 85000 2
1 2 13 4 85000 2
1 2 13 6 85000 2
1 2 14 1 85000 2
1 2 14 5 85000 2
1 2 14 1 85000 2
1 2 15 2 85000 2
1 2 4 2 85000 2
1 2 9 6 85000 2
1 2 1 5 85000 2
1 2 4 5 85000 2
1 2 6 9 85000 2
1 2 8 7 85000 2
1 2 8 7 85000 2
1 2 8 0 85000 2
1 2 8 3 85000 2
1 2 8 8 85000 2
1 2 9 5 85000 2
1 2 9 2 85000 2
1 2 15 1 85500 2
1 2 13 8 85500 2
1 2 12 6 85500 2
1 2 11 7 85500 2
1 2 11 2 85500 2
1 2 8 7 85500 2
1 2 7 9 85500 2
1 2 4 2 85500 2
1 2 2 5 85500 2
1 2 1 5 85500 2
1 2 1 2 85500 2
1 2 0 6 85500 2
1 2 8 9 85500 2
1 2 9 6 86000 2
1 2 15 6 86000 2
1 2 15 2 86000 2
1 2 13 2 86000 2
1 2 13 3 86000 2
1 2 12 7 86000 2
1 2 11 4 86000 2
1 2 8 7 86000 2
1 2 8 4 86000 2
1 2 6 8 86000 2
1 2 4 5 86000 2
1 2 2 6 86000 2
1 2 1 5 86000 2
1 2 1 2 86000 2
1 2 11 2 86500 2
1 2 15 3 86500 2
1 2 15 1 86500 2
1 2 14 8 86500 2
1 2 12 5 86500 2
1 2 12 3 86500 2
1 2 12 6 86500 2
1 2 7 5 86500 2
1 2 6 3 86500 2
1 2 0 3 86500 2
1 2 1 9 86500 2
1 2 3 2 86500 2
1 2 3 9 86500 2
1 2 4 4 86500 2
1 2 4 1 86500 2
1 2 4 8 86500 2
1 2 5 6 87000 2
1 2 15 8 87000 2
1 2 14 9 87000 2
1 2 12 6 87000 2
1 2 11 9 87000 2
1 2 11 5 87000 2
1 2 10 5 87000 2
1 2 10 3 87000 2
1 2 9 4 87000 2
1 2 7 4 87000 2
1 2 6 4 87000 2
1 2 4 8 87000 2
1 2 4 6 87000 2
1 2 3 8 87000 2
1 2 2 8 87000 2
1 2 1 9 87000 2
1 2 0 8 87000 2
1 2 12 6 87500 2
1 2 13 8 87500 2
1 2 13 6 87500 2
1 2 13 5 87500 2
1 2 13 6 87500 2
1 2 15 0 87500 2
1 2 6 6 87500 2
1 2 9 6 87500 2
1 2 5 9 87500 2
1 2 4 8 87500 2
1 2 4 7 87500 2
1 2 3 0 87500 2
1 2 2 6 87500 2
1 2 9 5 87500 2
1 2 9 8 88000 2
1 2 8 0 88000 2
1 2 10 6 88000 2
1 2 11 0 88000 2
1 2 12 8 88000 2
1 2 12 8 88000 2
1 2 12 6 88000 2
1 2 13 5 88000 2
1 2 14 6 88000 2
1 2 15 9 88000 2
1 2 8 7 88000 2
1 2 7 6 88000 2
1 2 7 9 88000 2
1 2 6 3 88000 2
1 2 4 6 88000 2
1 2 3 8 88000 2
1 2 3 4 88000 2
1 2 2 4 88000 2
1 2 2 6 88000 2
1 2 1 2 88000 2
1 2 0 5 88000 2
1 2 9 5 88500 2
1 2 12 6 88500 2
1 2 12 8 88500 2
1 2 12 6 88500 2
1 2 12 4 88500 2
1 2 15 7 88500 2
1 2 15 1 88500 2
1 2 15 9 88500 2
1 2 2 8 88500 2
1 2 7 1 88500 2
1 2 6 3 88500 2
1 2 3 4 88500 2
1 2 3 5 88500 2
1 2 3 8 88500 2
1 2 2 2 88500 2
1 2 0 8 88500 2
1 2 9 6 88500 2
1 2 7 8 89000 2
1 2 8 0 89000 2
1 2 8 6 89000 2
1 2 9 3 89000 2
1 2 10 0 89000 2
1 2 10 5 89000 2
1 2 12 1 89000 2
1 2 12 5 89000 2
1 2 13 6 89000 2
1 2 14 0 89000 2
1 2 15 2 89000 2
1 2 15 9 89000 2
1 2 4 0 89000 2
1 2 6 1 89000 2
1 2 6 5 89000 2
1 2 1 7 89000 2
1 2 2 2 89000 2
1 2 2 9 89000 2
1 2 2 2 89000 2
1 2 3 3 89000 2
1 2 3 4 89000 2
1 2 0 5 89000 2
1 2 5 4 89000 2
1 2 6 7 89000 2
1 2 6 2 89000 2
1 2 14 7 89500 2
1 2 15 4 89500 2
1 2 14 0 89500 2
1 2 12 6 89500 2
1 2 12 2 89500 2
1 2 11 0 89500 2
1 2 10 5 89500 2
1 2 8 7 89500 2
1 2 6 5 89500 2
1 2 6 5 89500 2
1 2 3 0 89500 2
1 2 0 8 89500 2
1 2 3 1 89500 2
1 2 3 4 89500 2
1 2 8 3 89500 2
1 2 11 8 90000 2
1 2 15 6 90000 2
1 2 15 6 90000 2
1 2 12 5 90000 2
1 2 12 8 90000 2
1 2 11 4 90000 2
1 2 8 4 90000 2
1 2 6 7 90000 2
1 2 5 4 90000 2
1 2 4 1 90000 2
1 2 3 2 90000 2
1 2 0 8 90000 2
1 2 15 6 90500 2
1 2 15 3 90500 2
1 2 14 0 90500 2
1 2 13 8 90500 2
1 2 12 5 90500 2
1 2 11 4 90500 2
1 2 10 6 90500 2
1 2 10 2 90500 2
1 2 10 7 90500 2
1 2 8 6 90500 2
1 2 8 7 90500 2
1 2 0 3 90500 2
1 2 0 4 90500 2
1 2 1 6 90500 2
1 2 3 8 90500 2
1 2 4 6 90500 2
1 2 4 2 90500 2
1 2 6 3 90500 2
1 2 6 6 90500 2
1 2 4 3 91000 2
1 2 14 8 91000 2
1 2 8 0 91000 2
1 2 8 9 91000 2
1 2 8 6 91000 2
1 2 7 5 91000 2
1 2 6 4 91000 2
1 2 5 7 91000 2
1 2 4 1 91000 2
1 2 0 8 91000 2
1 2 0 4 91000 2
1 2 0 5 91000 2
1 2 0 3 91000 2
1 2 14 1 91500 2
1 2 15 9 91500 2
1 2 14 2 91500 2
1 2 13 6 91500 2
1 2 13 2 91500 2
1 2 12 1 91500 2
1 2 10 3 91500 2
1 2 8 4 91500 2
1 2 8 4 91500 2
1 2 7 5 91500 2
1 2 7 8 91500 2
1 2 3 4 91500 2
1 2 11 7 91500 2
1 2 10 8 92000 2
1 2 15 0 92000 2
1 2 15 6 92000 2
1 2 13 2 92000 2
1 2 13 6 92000 2
1 2 12 1 92000 2
1 2 11 0 92000 2
1 2 9 7 92000 2
1 2 8 7 92000 2
1 2 6 1 92000 2
1 2 5 7 92000 2
1 2 5 9 92000 2
1 2 5 0 92000 2
1 2 5 8 92000 2
1 2 4 8 92000 2
1 2 3 6 92000 2
1 2 3 8 92000 2
1 2 0 9 92000 2
1 2 7 1 92000 2
1 2 9 0 92500 2
1 2 10 8 92500 2
1 2 11 9 92500 2
1 2 11 0 92500 2
1 2 11 2 92500 2
1 2 11 1 92500 2
1 2 11 4 92500 2
1 2 13 6 92500 2
1 2 14 2 92500 2
1 2 14 6 92500 2
1 2 14 2 92500 2
1 2 11 0 92500 2
1 2 9 9 92500 2
1 2 9 8 92500 2
1 2 1 2 92500 2
1 2 4 6 92500 2
1 2 5 3 92500 2
1 2 5 5 92500 2
1 2 6 0 92500 2
1 2 1 1 92500 2
1 2 6 4 92500 2
1 2 6 3 92500 2
1 2 7 2 92500 2
1 2 7 9 92500 2
1 2 11 6 93000 2
1 2 15 1 93000 2
1 2 13 2 93000 2
1 2 11 1 93000 2
1 2 10 9 93000 2
1 2 10 7 93000 2
1 2 9 0 93000 2
1 2 8 7 93000 2
1 2 8 1 93000 2
1 2 1 9 93000 2
1 2 7 3 93000 2
1 2 1 7 93000 2
1 2 0 6 93000 2
1 2 4 4 93000 2
1 2 4 2 93000 2
1 2 5 6 93000 2
1 2 6 0 93000 2
1 2 7 5 93000 2
1 2 7 3 93000 2
1 2 6 5 93500 2
1 2 15 5 93500 2
1 2 14 2 93500 2
1 2 13 3 93500 2
1 2 12 1 93500 2
1 2 11 3 93500 2
1 2 9 2 93500 2
1 2 4 2 93500 2
1 2 4 4 93500 2
1 2 3 8 93500 2
1 2 2 9 93500 2
1 2 1 9 93500 2
1 2 0 4 93500 2
1 2 4 9 93500 2
1 2 7 7 94000 2
1 2 7 3 94000 2
1 2 7 5 94000 2
1 2 8 9 94000 2
1 2 9 3 94000 2
1 2 11 3 94000 2
1 2 11 9 94000 2
1 2 11 5 94000 2
1 2 12 9 94000 2
1 2 12 4 94000 2
1 2 14 5 94000 2
1 2 6 0 94000 2
1 2 6 4 94000 2
1 2 0 6 94000 2
1 2 0 8 94000 2
1 2 1 9 94000 2
1 2 3 8 94000 2
1 2 4 7 94000 2
1 2 4 1 94000 2
1 2 5 3 94000 2
1 2 5 2 94000 2
1 2 6 2 94000 2
1 2 4 4 94500 2
1 2 15 6 94500 2
1 2 15 8 94500 2
1 2 12 4 94500 2
1 2 12 8 94500 2
1 2 11 0 94500 2
1 2 10 6 94500 2
1 2 9 2 94500 2
1 2 7 2 94500 2
1 2 6 3 94500 2
1 2 5 5 94500 2
1 2 4 6 94500 2
1 2 4 1 94500 2
1 2 4 1 94500 2
1 2 2 0 94500 2
1 2 2 7 94500 2
1 2 1 5 94500 2
1 2 1 2 94500 2
1 2 0 3 94500 2
1 2 7 0 95000 2
1 2 9 5 95000 2
1 2 9 5 95000 2
1 2 11 4 95000 2
1 2 12 4 95000 2
1 2 14 1 95000 2
1 2 15 3 95000 2
1 2 5 3 95000 2
1 2 6 8 95000 2
1 2 7 6 95000 2
1 2 1 2 95000 2
1 2 2 5 95000 2
1 2 3 1 95000 2
1 2 4 5 95000 2
1 2 4 8 95000 2
1 2 5 9 95000 2
1 2 15 5 95500 2
1 2 15 7 95500 2
1 2 15 0 95500 2
1 2 13 3 95500 2
1 2 11 3 95500 2
1 2 11 4 95500 2
1 2 8 7 95500 2
1 2 7 2 95500 2
1 2 7 8 95500 2
1 2 5 8 95500 2
1 2 1 0 95500 2
1 2 1 5 95500 2
1 2 1 5 95500 2
1 2 2 0 95500 2
1 2 2 4 95500 2
1 2 3 9 95500 2
1 2 4 2 95500 2
1 2 6 6 95500 2
1 2 0 3 96000 2
1 2 14 3 96000 2
1 2 13 7 96000 2
1 2 13 6 96000 2
1 2 11 3 96000 2
1 2 11 7 96000 2
1 2 11 9 96000 2
1 2 10 8 96000 2
1 2 5 0 96000 2
1 2 4 5 96000 2
1 2 3 3 96000 2
1 2 2 5 96000 2
1 2 2 5 96000 2
1 2 1 0 96000 2
1 2 7 8 96000 2
1 2 9 3 96500 2
1 2 15 5 96500 2
1 2 15 0 96500 2
1 2 14 3 96500 2
1 2 13 5 96500 2
1 2 12 6 96500 2
1 2 11 7 96500 2
1 2 11 1 96500 2
1 2 10 8 96500 2
1 2 7 7 96500 2
1 2 7 5 96500 2
1 2 6 3 96500 2
1 2 5 7 96500 2
1 2 5 4 96500 2
1 2 3 8 96500 2
1 2 2 2 96500 2
1 2 1 2 96500 2
1 2 1 2 97000 2
1 2 12 6 97000 2
1 2 11 7 97000 2
1 2 11 0 97000 2
1 2 10 7 97000 2
1 2 10 6 97000 2
1 2 5 9 97000 2
1 2 5 9 97000 2
1 2 2 1 97000 2
1 2 2 0 97000 2
1 2 0 4 97000 2
1 2 9 1 97000 2
1 2 4 0 97500 2
1 2 13 4 97500 2
1 2 10 1 97500 2
1 2 9 2 97500 2
1 2 8 9 97500 2
1 2 7 1 97500 2
1 2 4 6 97500 2
1 2 2 4 97500 2
1 2 2 3 97500 2
1 2 0 8 97500 2
1 2 13 6 98000 2
1 2 14 9 98000 2
1 2 13 5 98000 2
1 2 11 4 98000 2
1 2 10 6 98000 2
1 2 7 7 98000 2
1 2 8 7 98000 2
1 2 4 2 98000 2
1 2 6 3 98000 2
1 2 7 4 98000 2
1 2 4 8 98000 2
1 2 11 0 98500 2
1 2 15 1 98500 2
1 2 14 9 98500 2
1 2 13 6 98500 2
1 2 13 7 98500 2
1 2 10 3 98500 2
1 2 10 9 98500 2
1 2 8 9 98500 2
1 2 6 7 98500 2
1 2 4 8 98500 2
1 2 3 7 98500 2
1 2 3 5 98500 2
1 2 2 9 98500 2
1 2 2 2 98500 2
1 2 2 9 98500 2
1 2 0 6 98500 2
1 2 15 9 99000 2
1 2 13 4 99000 2
1 2 12 4 99000 2
1 2 12 2 99000 2
1 2 11 1 99000 2
1 2 10 7 99000 2
1 2 10 6 99000 2
1 2 9 3 99000 2
1 2 6 6 99000 2
1 2 5 8 99000 2
1 2 4 7 99000 2
1 2 4 6 99000 2
1 2 3 8 99000 2
1 2 2 9 99000 2
1 2 6 3 99000 2
1 2 7 4 99500 2
1 2 15 5 99500 2
1 2 14 7 99500 2
1 2 12 1 99500 2
1 2 11 0 99500 2
1 2 10 4 99500 2
1 2 8 7 99500 2
1 2 6 7 99500 2
1 2 5 9 99500 2
1 2 5 7 99500 2
1 2 4 0 99500 2
1 2 3 7 99500 2
1 2 3 9 99500 2
1 2 0 3 99500 2
1 2 12 4 100000 2
1 2 8 9 100000 2
1 2 8 4 100000 2
1 2 7 2 100000 2
1 2 7 5 100000 2
1 2 7 8 100000 2
1 2 6 7 100000 2
1 2 6 9 100000 2
1 2 5 3 100000 2
1 2 4 7 100000 2
1 2 3 8 100000 2
1 2 3 8 100000 2
1 2 2 1 100000 2
1 2 6 0 100000 2
1 2 7 4 100500 2
1 2 8 9 100500 2
1 2 8 9 100500 2
1 2 9 4 100500 2
1 2 10 0 100500 2
1 2 10 6 100500 2
1 2 11 9 100500 2
1 2 11 8 100500 2
1 2 11 4 100500 2
1 2 11 3 100500 2
1 2 12 6 100500 2
1 2 13 6 100500 2
1 2 15 2 100500 2
1 2 15 5 100500 2
1 2 15 9 100500 2
1 2 6 5 100500 2
1 2 0 4 100500 2
1 2 0 9 100500 2
1 2 0 8 100500 2
1 2 1 0 100500 2
1 2 1 8 100500 2
1 2 1 5 100500 2
1 2 2 8 100500 2
1 2 3 5 100500 2
1 2 3 0 100500 2
1 2 4 6 100500 2
1 2 5 1 100500 2
1 2 5 0 100500 2
1 2 3 0 100500 2
1 2 5 1 100500 2
1 2 7 2 100500 2
1 2 10 0 101000 2
1 2 10 7 101000 2
1 2 11 0 101000 2
1 2 11 4 101000 2
1 2 11 0 101000 2
1 2 12 2 101000 2
1 2 12 6 101000 2
1 2 13 3 101000 2
1 2 15 8 101000 2
1 2 15 2 101000 2
1 2 15 1 101000 2
1 2 15 3 101000 2
1 2 14 4 101000 2
1 2 8 7 101000 2
1 2 9 0 101000 2
1 2 0 0 101000 2
1 2 2 8 101000 2
1 2 3 4 101000 2
1 2 3 3 101000 2
1 2 4 2 101000 2
1 2 5 6 101000 2
1 2 5 3 101000 2
1 2 5 4 101000 2
1 2 8 0 101000 2
1 2 8 6 101000 2
1 2 8 2 101000 2
1 2 11 8 101500 2
1 2 10 6 101500 2
1 2 10 6 101500 2
1 2 11 1 101500 2
1 2 11 4 101500 2
1 2 10 6 101500 2
1 2 11 7 101500 2
1 2 11 6 101500 2
1 2 12 8 101500 2
1 2 12 6 101500 2
1 2 13 0 101500 2
1 2 14 4 101500 2
1 2 14 0 101500 2
1 2 15 6 101500 2
1 2 15 0 101500 2
1 2 8 2 101500 2
1 2 9 8 101500 2
1 2 1 7 101500 2
1 2 2 6 101500 2
1 2 3 8 101500 2
1 2 3 5 101500 2
1 2 3 1 101500 2
1 2 3 8 101500 2
1 2 4 4 101500 2
1 2 4 1 101500 2
1 2 5 8 101500 2
1 2 6 8 101500 2
1 2 6 1 101500 2
1 2 8 4 101500 2
1 2 3 8 101500 2
1 2 9 1 102000 2
1 2 10 6 102000 2
1 2 11 9 102000 2
1 2 11 4 102000 2
1 2 12 2 102000 2
1 2 4 0 102000 2
1 2 12 8 102000 2
1 2 14 9 102000 2
1 2 15 6 102000 2
1 2 15 8 102000 2
1 2 8 0 102000 2
1 2 8 9 102000 2
1 2 8 7 102000 2
1 2 7 6 102000 2
1 2 7 5 102000 2
1 2 6 3 102000 2
1 2 4 8 102000 2
1 2 3 8 102000 2
1 2 3 0 102000 2
1 2 3 7 102000 2
1 2 11 0 102500 2
1 2 11 8 102500 2
1 2 11 8 102500 2
1 2 11 5 102500 2
1 2 11 1 102500 2
1 2 11 8 102500 2
1 2 10 6 102500 2
1 2 10 0 102500 2
1 2 11 2 102500 2
1 2 11 4 102500 2
1 2 11 8 102500 2
1 2 12 6 102500 2
1 2 13 3 102500 2
1 2 14 0 102500 2
1 2 15 0 102500 2
1 2 15 3 102500 2
1 2 3 3 102500 2
1 2 8 0 102500 2
1 2 9 3 102500 2
1 2 0 3 102500 2
1 2 1 2 102500 2
1 2 2 7 102500 2
1 2 3 4 102500 2
1 2 3 8 102500 2
1 2 0 1 102500 2
1 2 4 6 102500 2
1 2 4 6 102500 2
1 2 5 6 102500 2
1 2 5 2 102500 2
1 2 5 0 102500 2
1 2 6 4 102500 2
1 2 8 0 102500 2
1 2 8 7 102500 2
1 2 4 1 102500 2
1 2 8 7 103000 2
1 2 10 8 103000 2
1 2 10 6 103000 2
1 2 11 7 103000 2
1 2 11 8 103000 2
1 2 11 0 103000 2
1 2 11 3 103000 2
1 2 12 9 103000 2
1 2 13 2 103000 2
1 2 14 5 103000 2
1 2 14 9 103000 2
1 2 14 8 103000 2
1 2 14 8 103000 2
1 2 15 5 103000 2
1 2 15 2 103000 2
1 2 8 1 103000 2
1 2 8 2 103000 2
1 2 0 3 103000 2
1 2 2 9 103000 2
1 2 2 9 103000 2
1 2 3 6 103000 2
1 2 3 6 103000 2
1 2 3 3 103000 2
1 2 4 0 103000 2
1 2 5 7 103000 2
1 2 5 9 103000 2
1 2 7 1 103000 2
1 2 7 0 103000 2
1 2 8 7 103000 2
1 2 4 8 103000 2
1 2 8 3 103000 2
1 2 10 4 103500 2
1 2 10 5 103500 2
1 2 11 9 103500 2
1 2 11 2 103500 2
1 2 11 8 103500 2
1 2 11 4 103500 2
1 2 12 6 103500 2
1 2 14 8 103500 2
1 2 14 2 103500 2
1 2 15 8 103500 2
1 2 15 4 103500 2
1 2 15 0 103500 2
1 2 8 1 103500 2
1 2 8 2 103500 2
1 2 8 2 103500 2
1 2 2 8 103500 2
1 2 3 3 103500 2
1 2 4 0 103500 2
1 2 4 8 103500 2
1 2 6 3 103500 2
1 2 6 8 103500 2
1 2 1 9 103500 2
1 2 8 9 103500 2
1 2 8 0 103500 2
1 2 8 3 103500 2
1 2 8 3 104000 2
1 2 10 8 104000 2
1 2 10 6 104000 2
1 2 11 6 104000 2
1 2 11 2 104000 2
1 2 11 2 104000 2
1 2 11 4 104000 2
1 2 11 5 104000 2
1 2 12 7 104000 2
1 2 13 1 104000 2
1 2 14 4 104000 2
1 2 14 0 104000 2
1 2 15 0 104000 2
1 2 15 1 104000 2
1 2 15 9 104000 2
1 2 15 3 104000 2
1 2 8 3 104000 2
1 2 2 0 104000 2
1 2 3 8 104000 2
1 2 3 1 104000 2
1 2 3 5 104000 2
1 2 4 6 104000 2
1 2 5 6 104000 2
1 2 5 8 104000 2
1 2 5 3 104000 2
1 2 7 2 104000 2
1 2 8 9 104000 2
1 2 8 2 104000 2
1 2 8 8 104000 2
1 2 8 4 104000 2
1 2 9 2 104000 2
1 2 11 7 104500 2
1 2 14 0 104500 2
1 2 13 8 104500 2
1 2 12 6 104500 2
1 2 11 4 104500 2
1 2 10 2 104500 2
1 2 9 7 104500 2
1 2 8 7 104500 2
1 2 7 4 104500 2
1 2 4 3 104500 2
1 2 7 5 104500 2
1 2 6 4 104500 2
1 2 5 9 104500 2
1 2 8 3 104500 2
1 2 11 6 105000 2
1 2 15 9 105000 2
1 2 14 7 105000 2
1 2 14 7 105000 2
1 2 13 8 105000 2
1 2 11 4 105000 2
1 2 11 7 105000 2
1 2 10 9 105000 2
1 2 8 8 105000 2
1 2 8 3 105000 2
1 2 7 8 105000 2
1 2 6 1 105000 2
1 2 5 7 105000 2
1 2 3 7 105000 2
1 2 10 9 105500 2
1 2 14 5 105500 2
1 2 14 9 105500 2
1 2 14 9 105500 2
1 2 13 2 105500 2
1 2 11 7 105500 2
1 2 11 9 105500 2
1 2 11 1 105500 2
1 2 10 5 105500 2
1 2 10 9 105500 2
1 2 9 7 105500 2
1 2 7 4 105500 2
1 2 4 4 105500 2
1 2 3 4 105500 2
1 2 2 0 105500 2
1 2 0 8 105500 2
1 2 4 3 106000 2
1 2 15 0 106000 2
1 2 14 9 106000 2
1 2 12 8 106000 2
1 2 12 2 106000 2
1 2 10 7 106000 2
1 2 10 9 106000 2
1 2 9 3 106000 2
1 2 4 0 106000 2
1 2 4 4 106000 2
1 2 4 5 106000 2
1 2 3 4 106000 2
1 2 8 5 106500 2
1 2 10 5 106500 2
1 2 10 5 106500 2
1 2 14 9 106500 2
1 2 14 2 106500 2
1 2 15 6 106500 2
1 2 15 4 106500 2
1 2 8 3 106500 2
1 2 8 5 106500 2
1 2 8 9 106500 2
1 2 0 4 106500 2
1 2 2 3 106500 2
1 2 2 4 106500 2
1 2 5 7 106500 2
1 2 8 6 106500 2
1 2 4 7 106500 2
1 2 12 6 107000 2
1 2 14 7 107000 2
1 2 14 8 107000 2
1 2 14 5 107000 2
1 2 8 8 107000 2
1 2 8 7 107000 2
1 2 8 1 107000 2
1 2 6 8 107000 2
1 2 5 9 107000 2
1 2 4 0 107000 2
1 2 4 7 107000 2
1 2 2 6 107000 2
1 2 2 3 107000 2
1 2 14 8 107500 2
1 2 14 4 107500 2
1 2 14 5 107500 2
1 2 13 6 107500 2
1 2 12 8 107500 2
1 2 11 0 107500 2
1 2 10 5 107500 2
1 2 9 2 107500 2
1 2 7 9 107500 2
1 2 7 7 107500 2
1 2 7 9 107500 2
1 2 6 3 107500 2
1 2 3 4 107500 2
1 2 2 4 107500 2
1 2 2 2 107500 2
1 2 0 7 107500 2
1 2 8 7 107500 2
1 2 11 7 108000 2
1 2 15 9 108000 2
1 2 14 5 108000 2
1 2 13 1 108000 2
1 2 12 4 108000 2
1 2 8 7 108000 2
1 2 6 3 108000 2
1 2 3 5 108000 2
1 2 2 0 108000 2
1 2 2 5 108000 2
1 2 10 7 108000 2
1 2 10 8 108500 2
1 2 10 4 108500 2
1 2 10 7 108500 2
1 2 11 9 108500 2
1 2 11 0 108500 2
1 2 12 2 108500 2
1 2 12 6 108500 2
1 2 13 5 108500 2
1 2 14 1 108500 2
1 2 15 3 108500 2
1 2 13 6 108500 2
1 2 9 3 108500 2
1 2 10 1 108500 2
1 2 2 6 108500 2
1 2 2 2 108500 2
1 2 3 2 108500 2
1 2 0 5 108500 2
1 2 4 5 108500 2
1 2 7 7 108500 2
1 2 7 4 108500 2
1 2 8 2 108500 2
1 2 3 8 108500 2
1 2 8 4 109000 2
1 2 14 4 109000 2
1 2 13 1 109000 2
1 2 13 6 109000 2
1 2 13 6 109000 2
1 2 12 2 109000 2
1 2 10 8 109000 2
1 2 8 1 109000 2
1 2 8 7 109000 2
1 2 6 1 109000 2
1 2 0 2 109000 2
1 2 0 5 109000 2
1 2 2 0 109000 2
1 2 3 8 109000 2
1 2 3 0 109000 2
1 2 4 3 109000 2
1 2 4 3 109000 2
1 2 7 8 109000 2
1 2 3 7 109500 2
1 2 14 0 109500 2
1 2 12 6 109500 2
1 2 11 2 109500 2
1 2 11 7 109500 2
1 2 11 0 109500 2
1 2 11 7 109500 2
1 2 10 8 109500 2
1 2 9 2 109500 2
1 2 7 5 109500 2
1 2 5 9 109500 2
1 2 5 9 109500 2
1 2 3 4 109500 2
1 2 3 5 109500 2
1 2 8 3 109500 2
1 2 2 9 109500 2
1 2 2 2 109500 2
1 2 1 5 109500 2
1 2 7 9 110000 2
1 2 8 7 110000 2
1 2 8 7 110000 2
1 2 8 9 110000 2
1 2 8 9 110000 2
1 2 11 8 110000 2
1 2 14 3 110000 2
1 2 15 4 110000 2
1 2 15 5 110000 2
1 2 15 4 110000 2
1 2 10 8 110000 2
1 2 5 9 110000 2
1 2 6 9 110000 2
1 2 0 3 110000 2
1 2 2 0 110000 2
1 2 2 7 110000 2
1 2 3 4 110000 2
1 2 3 4 110000 2
1 2 3 9 110000 2
1 2 3 8 110000 2
1 2 4 2 110000 2
1 2 4 1 110000 2
1 2 8 7 110500 2
1 2 15 8 110500 2
1 2 15 0 110500 2
1 2 14 8 110500 2
1 2 14 4 110500 2
1 2 14 7 110500 2
1 2 13 1 110500 2
1 2 12 4 110500 2
1 2 12 2 110500 2
1 2 9 9 110500 2
1 2 7 4 110500 2
1 2 6 3 110500 2
1 2 5 5 110500 2
1 2 4 1 110500 2
1 2 4 3 110500 2
1 2 3 8 110500 2
1 2 2 3 110500 2
1 2 2 5 110500 2
1 2 2 0 110500 2
1 2 0 3 110500 2
1 2 7 9 111000 2
1 2 0 3 111000 2
1 2 8 7 111000 2
1 2 9 2 111000 2
1 2 10 5 111000 2
1 2 11 4 111000 2
1 2 12 7 111000 2
1 2 12 8 111000 2
1 2 13 6 111000 2
1 2 14 0 111000 2
1 2 15 4 111000 2
1 2 15 2 111000 2
1 2 6 4 111000 2
1 2 0 5 111000 2
1 2 0 8 111000 2
1 2 1 9 111000 2
1 2 1 2 111000 2
1 2 3 4 111000 2
1 2 3 8 111000 2
1 2 3 4 111000 2
1 2 4 4 111000 2
1 2 6 9 111000 2
1 2 6 3 111000 2
1 2 15 0 111500 2
1 2 14 0 111500 2
1 2 13 8 111500 2
1 2 13 2 111500 2
1 2 12 4 111500 2
1 2 12 2 111500 2
1 2 11 7 111500 2
1 2 11 1 111500 2
1 2 7 3 111500 2
1 2 7 9 111500 2
1 2 6 5 111500 2
1 2 4 6 111500 2
1 2 4 4 111500 2
1 2 3 0 111500 2
1 2 2 6 111500 2
1 2 1 9 111500 2
1 2 8 5 111500 2
1 2 11 3 112000 2
1 2 11 2 112000 2
1 2 11 9 112000 2
1 2 12 6 112000 2
1 2 12 2 112000 2
1 2 12 4 112000 2
1 2 12 6 112000 2
1 2 13 5 112000 2
1 2 13 2 112000 2
1 2 14 7 112000 2
1 2 15 8 112000 2
1 2 15 8 112000 2
1 2 15 3 112000 2
1 2 10 9 112000 2
1 2 1 3 112000 2
1 2 2 9 112000 2
1 2 2 0 112000 2
1 2 3 4 112000 2
1 2 3 2 112000 2
1 2 3 7 112000 2
1 2 5 8 112000 2
1 2 5 5 112000 2
1 2 5 2 112000 2
1 2 6 9 112000 2
1 2 8 4 112000 2
1 2 10 3 112000 2
1 2 9 2 112500 2
1 2 9 3 112500 2
1 2 10 6 112500 2
1 2 11 2 112500 2
1 2 11 0 112500 2
1 2 11 4 112500 2
1 2 12 8 112500 2
1 2 14 3 112500 2
1 2 14 0 112500 2
1 2 14 8 112500 2
1 2 14 2 112500 2
1 2 14 8 112500 2
1 2 15 3 112500 2
1 2 15 0 112500 2
1 2 3 8 112500 2
1 2 8 2 112500 2
1 2 0 3 112500 2
1 2 2 5 112500 2
1 2 3 9 112500 2
1 2 4 6 112500 2
1 2 4 6 112500 2
1 2 4 6 112500 2
1 2 5 9 112500 2
1 2 6 8 112500 2
1 2 6 3 112500 2
1 2 6 7 112500 2
1 2 7 5 112500 2
1 2 8 0 112500 2
1 2 9 4 113000 2
1 2 11 1 113000 2
1 2 10 8 113000 2
1 2 10 7 113000 2
1 2 10 3 113000 2
1 2 10 1 113000 2
1 2 11 2 113000 2
1 2 11 9 113000 2
1 2 12 6 113000 2
1 2 14 7 113000 2
1 2 14 0 113000 2
1 2 14 5 113000 2
1 2 15 8 113000 2
1 2 15 9 113000 2
1 2 15 3 113000 2
1 2 8 1 113000 2
1 2 8 6 113000 2
1 2 0 9 113000 2
1 2 0 2 113000 2
1 2 1 2 113000 2
1 2 3 7 113000 2
1 2 3 2 113000 2
1 2 3 0 113000 2
1 2 5 2 113000 2
1 2 5 5 113000 2
1 2 7 0 113000 2
1 2 7 3 113000 2
1 2 7 4 113000 2
1 2 8 7 113000 2
1 2 5 3 113000 2
1 2 8 7 113500 2
1 2 8 9 113500 2
1 2 5 3 113500 2
1 2 9 0 113500 2
1 2 10 7 113500 2
1 2 10 1 113500 2
1 2 11 0 113500 2
1 2 11 0 113500 2
1 2 12 6 113500 2
1 2 14 9 113500 2
1 2 5 9 113500 2
1 2 5 9 113500 2
1 2 3 6 113500 2
1 2 3 4 113500 2
1 2 2 5 113500 2
1 2 0 8 113500 2
1 2 0 0 113500 2
1 2 0 5 113500 2
1 2 7 5 113500 2
1 2 6 3 114000 2
1 2 10 9 114000 2
1 2 11 2 114000 2
1 2 11 9 114000 2
1 2 11 3 114000 2
1 2 11 8 114000 2
1 2 13 0 114000 2
1 2 14 5 114000 2
1 2 14 0 114000 2
1 2 13 4 114000 2
1 2 5 8 114000 2
1 2 6 3 114000 2
1 2 2 6 114000 2
1 2 3 4 114000 2
1 2 1 3 114000 2
1 2 3 0 114000 2
1 2 4 6 114000 2
1 2 4 8 114000 2
1 2 4 6 114000 2
1 2 5 2 114000 2
1 2 7 2 114500 2
1 2 11 0 114500 2
1 2 11 9 114500 2
1 2 11 9 114500 2
1 2 11 9 114500 2
1 2 10 6 114500 2
1 2 9 2 114500 2
1 2 8 1 114500 2
1 2 5 4 114500 2
1 2 5 4 114500 2
1 2 4 7 114500 2
1 2 4 8 114500 2
1 2 4 2 114500 2
1 2 4 1 114500 2
1 2 4 3 114500 2
1 2 3 4 114500 2
1 2 1 8 114500 2
1 2 5 5 114500 2
1 2 15 2 115000 2
1 2 8 3 115000 2
1 2 9 6 115000 2
1 2 9 7 115000 2
1 2 10 7 115000 2
1 2 10 5 115000 2
1 2 10 7 115000 2
1 2 11 3 115000 2
1 2 11 4 115000 2
1 2 13 4 115000 2
1 2 15 6 115000 2
1 2 15 3 115000 2
1 2 4 1 115000 2
1 2 8 7 115000 2
1 2 0 6 115000 2
1 2 2 7 115000 2
1 2 2 7 115000 2
1 2 2 0 115000 2
1 2 3 6 115000 2
1 2 4 3 115000 2
1 2 5 8 115000 2
1 2 6 2 115000 2
1 2 6 1 115000 2
1 2 7 2 115000 2
1 2 7 9 115000 2
1 2 8 5 115000 2
1 2 7 2 115500 2
1 2 2 2 115500 2
1 2 8 5 115500 2
1 2 9 6 115500 2
1 2 10 0 115500 2
1 2 11 2 115500 2
1 2 11 4 115500 2
1 2 11 7 115500 2
1 2 12 8 115500 2
1 2 13 2 115500 2
1 2 14 4 115500 2
1 2 14 2 115500 2
1 2 15 6 115500 2
1 2 15 9 115500 2
1 2 6 3 115500 2
1 2 6 7 115500 2
1 2 0 6 115500 2
1 2 2 8 115500 2
1 2 0 6 115500 2
1 2 2 9 115500 2
1 2 3 2 115500 2
1 2 4 6 115500 2
1 2 5 9 115500 2
1 2 5 5 115500 2
1 2 5 8 115500 2
1 2 5 4 115500 2
1 2 5 2 115500 2
1 2 6 8 116000 2
1 2 9 5 116000 2
1 2 10 0 116000 2
1 2 8 7 116000 2
1 2 10 5 116000 2
1 2 11 1 116000 2
1 2 11 0 116000 2
1 2 11 1 116000 2
1 2 13 6 116000 2
1 2 14 2 116000 2
1 2 15 2 116000 2
1 2 15 0 116000 2
1 2 15 2 116000 2
1 2 15 6 116000 2
1 2 8 0 116000 2
1 2 0 8 116000 2
1 2 1 9 116000 2
1 2 1 0 116000 2
1 2 2 8 116000 2
1 2 2 2 116000 2
1 2 3 4 116000 2
1 2 3 8 116000 2
1 2 4 6 116000 2
1 2 4 7 116000 2
1 2 5 2 116000 2
1 2 6 1 116000 2
1 2 7 2 116000 2
1 2 8 4 116000 2
1 2 14 8 116500 2
1 2 15 5 116500 2
1 2 15 8 116500 2
1 2 15 6 116500 2
1 2 14 9 116500 2
1 2 10 6 116500 2
1 2 6 6 116500 2
1 2 7 5 116500 2
1 2 4 7 116500 2
1 2 4 9 116500 2
1 2 0 2 116500 2
1 2 4 7 116500 2
1 2 6 8 117000 2
1 2 15 8 117000 2
1 2 13 3 117000 2
1 2 12 2 117000 2
1 2 12 1 117000 2
1 2 12 1 117000 2
1 2 10 1 117000 2
1 2 9 1 117000 2
1 2 7 0 117000 2
1 2 6 2 117000 2
1 2 5 3 117000 2
1 2 4 0 117000 2
1 2 4 6 117000 2
1 2 4 4 117000 2
1 2 4 1 117000 2
1 2 4 4 117000 2
1 2 3 1 117000 2
1 2 2 7 117000 2
1 2 1 2 117000 2
1 2 0 8 117000 2
1 2 9 4 117500 2
1 2 15 6 117500 2
1 2 15 3 117500 2
1 2 9 4 117500 2
1 2 8 7 117500 2
1 2 5 5 117500 2
1 2 3 6 117500 2
1 2 0 8 117500 2
1 2 0 1 117500 2
1 2 5 3 117500 2
1 2 7 8 118000 2
1 2 15 2 118000 2
1 2 14 0 118000 2
1 2 12 8 118000 2
1 2 12 2 118000 2
1 2 7 8 118000 2
1 2 7 2 118000 2
1 2 5 3 118000 2
1 2 4 0 118000 2
1 2 4 9 118000 2
1 2 4 3 118000 2
1 2 4 8 118000 2
1 2 3 8 118000 2
1 2 3 0 118000 2
1 2 0 8 118000 2
1 2 0 9 118000 2
1 2 15 6 118500 2
1 2 15 3 118500 2
1 2 14 9 118500 2
1 2 13 5 118500 2
1 2 13 7 118500 2
1 2 11 1 118500 2
1 2 10 1 118500 2
1 2 7 3 118500 2
1 2 6 8 118500 2
1 2 4 2 118500 2
1 2 4 5 118500 2
1 2 4 2 118500 2
1 2 4 8 118500 2
1 2 1 7 118500 2
1 2 1 9 118500 2
1 2 7 6 118500 2
1 2 9 6 119000 2
1 2 10 9 119000 2
1 2 9 7 119000 2
1 2 12 2 119000 2
1 2 12 6 119000 2
1 2 12 3 119000 2
1 2 14 1 119000 2
1 2 14 3 119000 2
1 2 15 2 119000 2
1 2 15 3 119000 2
1 2 7 5 119000 2
1 2 7 4 119000 2
1 2 7 8 119000 2
1 2 6 8 119000 2
1 2 5 0 119000 2
1 2 5 3 119000 2
1 2 2 4 119000 2
1 2 0 3 119000 2
1 2 0 5 119000 2
1 2 0 4 119000 2
1 2 10 9 119500 2
1 2 12 1 119500 2
1 2 12 5 119500 2
1 2 13 6 119500 2
1 2 14 1 119500 2
1 2 14 8 119500 2
1 2 14 9 119500 2
1 2 14 7 119500 2
1 2 14 4 119500 2
1 2 15 5 119500 2
1 2 15 7 119500 2
1 2 1 5 119500 2
1 2 7 2 119500 2
1 2 0 5 119500 2
1 2 0 7 119500 2
1 2 4 3 119500 2
1 2 4 1 119500 2
1 2 4 3 119500 2
1 2 5 0 119500 2
1 2 6 3 119500 2
1 2 7 3 119500 2
1 2 7 8 119500 2
1 2 10 8 119500 2
1 2 15 7 120000 2
1 2 14 7 120000 2
1 2 14 4 120000 2
1 2 13 3 120000 2
1 2 12 5 120000 2
1 2 12 6 120000 2
1 2 12 8 120000 2
1 2 11 2 120000 2
1 2 10 8 120000 2
1 2 9 6 120000 2
1 2 9 1 120000 2
1 2 0 2 120000 2
1 2 1 5 120000 2
1 2 1 6 120000 2
1 2 4 7 120000 2
1 2 4 2 120000 2
1 2 4 8 120000 2
1 2 8 1 120000 2
1 2 7 7 120500 2
1 2 15 3 120500 2
1 2 14 3 120500 2
1 2 13 2 120500 2
1 2 13 7 120500 2
1 2 12 4 120500 2
1 2 10 1 120500 2
1 2 9 1 120500 2
1 2 8 4 120500 2
1 2 7 8 120500 2
1 2 6 3 120500 2
1 2 6 8 120500 2
1 2 6 3 120500 2
1 2 5 8 120500 2
1 2 5 5 120500 2
1 2 5 8 120500 2
1 2 4 1 120500 2
1 2 3 0 120500 2
1 2 2 6 120500 2
1 2 1 9 120500 2
1 2 0 3 120500 2
1 2 8 0 121000 2
1 2 9 7 121000 2
1 2 9 6 121000 2
1 2 11 8 121000 2
1 2 12 3 121000 2
1 2 13 1 121000 2
1 2 13 9 121000 2
1 2 14 3 121000 2
1 2 15 6 121000 2
1 2 0 2 121000 2
1 2 5 7 121000 2
1 2 5 9 121000 2
1 2 5 4 121000 2
1 2 4 3 121000 2
1 2 4 3 121000 2
1 2 4 8 121000 2
1 2 3 6 121000 2
1 2 2 5 121000 2
1 2 0 9 121000 2
1 2 7 0 121000 2
1 2 6 3 121500 2
1 2 7 1 121500 2
1 2 8 9 121500 2
1 2 10 7 121500 2
1 2 11 4 121500 2
1 2 11 5 121500 2
1 2 11 0 121500 2
1 2 12 4 121500 2
1 2 13 9 121500 2
1 2 14 3 121500 2
1 2 5 3 121500 2
1 2 5 0 121500 2
1 2 6 0 121500 2
1 2 0 1 121500 2
1 2 1 2 121500 2
1 2 2 8 121500 2
1 2 2 9 121500 2
1 2 2 9 121500 2
1 2 4 7 121500 2
1 2 5 5 121500 2
1 2 0 0 121500 2
1 2 5 3 122000 2
1 2 15 7 122000 2
1 2 14 8 122000 2
1 2 12 3 122000 2
1 2 11 0 122000 2
1 2 10 9 122000 2
1 2 6 5 122000 2
1 2 6 8 122000 2
1 2 5 0 122000 2
1 2 5 2 122000 2
1 2 4 8 122000 2
1 2 4 1 122000 2
1 2 4 7 122000 2
1 2 3 4 122000 2
1 2 1 5 122000 2
1 2 1 7 122000 2
1 2 0 7 122000 2
1 2 0 8 122000 2
1 2 6 4 122500 2
1 2 6 3 122500 2
1 2 6 0 122500 2
1 2 7 9 122500 2
1 2 7 3 122500 2
1 2 10 3 122500 2
1 2 14 1 122500 2
1 2 15 5 122500 2
1 2 0 0 122500 2
1 2 4 3 122500 2
1 2 4 7 122500 2
1 2 4 8 122500 2
1 2 3 7 122500 2
1 2 2 9 122500 2
1 2 2 7 122500 2
1 2 2 8 122500 2
1 2 0 2 122500 2
1 2 4 4 122500 2
1 2 6 2 123000 2
1 2 6 5 123000 2
1 2 7 3 123000 2
1 2 8 9 123000 2
1 2 10 0 123000 2
1 2 10 1 123000 2
1 2 10 6 123000 2
1 2 13 5 123000 2
1 2 13 5 123000 2
1 2 15 6 123000 2
1 2 4 2 123000 2
1 2 5 8 123000 2
1 2 0 9 123000 2
1 2 0 1 123000 2
1 2 0 8 123000 2
1 2 1 5 123000 2
1 2 2 9 123000 2
1 2 4 2 123000 2
1 2 4 3 123000 2
1 2 4 7 123000 2
1 2 5 8 123500 2
1 2 15 3 123500 2
1 2 12 8 123500 2
1 2 11 9 123500 2
1 2 10 2 123500 2
1 2 7 3 123500 2
1 2 7 7 123500 2
1 2 5 1 123500 2
1 2 4 0 123500 2
1 2 4 2 123500 2
1 2 4 7 123500 2
1 2 3 4 123500 2
1 2 2 1 123500 2
1 2 2 9 123500 2
1 2 1 5 123500 2
1 2 0 9 123500 2
1 2 9 0 124000 2
1 2 4 8 124000 2
1 2 10 9 124000 2
1 2 10 6 124000 2
1 2 12 8 124000 2
1 2 12 2 124000 2
1 2 13 8 124000 2
1 2 14 2 124000 2
1 2 14 8 124000 2
1 2 15 9 124000 2
1 2 15 3 124000 2
1 2 7 0 124000 2
1 2 6 0 124000 2
1 2 4 1 124000 2
1 2 4 4 124000 2
1 2 0 1 124000 2
1 2 3 5 124000 2
1 2 2 1 124000 2
1 2 2 9 124000 2
1 2 2 9 124000 2
1 2 7 3 124000 2
1 2 2 1 124500 2
1 2 15 2 124500 2
1 2 14 3 124500 2
1 2 13 1 124500 2
1 2 13 1 124500 2
1 2 5 9 124500 2
1 2 5 8 124500 2
1 2 4 5 124500 2
1 2 2 1 124500 2
1 2 0 1 124500 2
1 2 0 4 124500 2
1 2 15 1 125000 2
1 2 15 6 125000 2
1 2 13 5 125000 2
1 2 12 2 125000 2
1 2 8 7 125000 2
1 2 7 9 125000 2
1 2 5 8 125000 2
1 2 1 7 125000 2
1 2 9 6 125000 2
1 2 12 8 125500 2
1 2 15 6 125500 2
1 2 8 6 125500 2
1 2 6 8 125500 2
1 2 5 7 125500 2
1 2 4 0 125500 2
1 2 1 6 125500 2
1 2 5 7 126000 2
1 2 15 1 126000 2
1 2 15 0 126000 2
1 2 14 6 126000 2
1 2 14 9 126000 2
1 2 13 4 126000 2
1 2 13 5 126000 2
1 2 11 0 126000 2
1 2 10 9 126000 2
1 2 6 9 126000 2
1 2 6 5 126000 2
1 2 4 9 126000 2
1 2 4 3 126000 2
1 2 2 6 126000 2
1 2 0 6 126000 2
1 2 0 4 126000 2
1 2 0 8 126000 2
1 2 4 3 126500 2
1 2 15 6 126500 2
1 2 15 6 126500 2
1 2 14 0 126500 2
1 2 14 2 126500 2
1 2 7 8 126500 2
1 2 7 0 126500 2
1 2 6 0 126500 2
1 2 4 7 126500 2
1 2 4 7 126500 2
1 2 1 5 126500 2
1 2 0 5 126500 2
1 2 0 2 126500 2
1 2 0 2 126500 2
1 2 5 8 126500 2
1 2 6 8 127000 2
1 2 14 0 127000 2
1 2 12 2 127000 2
1 2 11 6 127000 2
1 2 7 5 127000 2
1 2 2 3 127000 2
1 2 1 3 127000 2
1 2 0 8 127000 2
1 2 0 4 127000 2
1 2 0 3 127500 2
1 2 15 6 127500 2
1 2 14 1 127500 2
1 2 14 4 127500 2
1 2 7 1 127500 2
1 2 6 1 127500 2
1 2 6 4 127500 2
1 2 5 8 127500 2
1 2 4 9 127500 2
1 2 4 3 127500 2
1 2 3 0 127500 2
1 2 1 5 127500 2
1 2 1 6 127500 2
1 2 6 7 128000 2
1 2 15 7 128000 2
1 2 13 4 128000 2
1 2 12 3 128000 2
1 2 6 6 128000 2
1 2 4 5 128000 2
1 2 3 8 128000 2
1 2 1 7 128000 2
1 2 0 1 128000 2
1 2 7 1 128500 2
1 2 14 3 128500 2
1 2 13 1 128500 2
1 2 12 8 128500 2
1 2 11 4 128500 2
1 2 11 9 128500 2
1 2 9 8 128500 2
1 2 8 9 128500 2
1 2 7 9 128500 2
1 2 7 3 128500 2
1 2 6 9 128500 2
1 2 0 8 128500 2
1 2 0 8 128500 2
1 2 2 6 128500 2
1 2 3 2 128500 2
1 2 5 8 128500 2
1 2 5 3 128500 2
1 2 5 0 128500 2
1 2 5 3 128500 2
1 2 6 9 128500 2
1 2 3 5 129000 2
1 2 15 7 129000 2
1 2 15 5 129000 2
1 2 14 9 129000 2
1 2 11 3 129000 2
1 2 11 1 129000 2
1 2 11 3 129000 2
1 2 11 3 129000 2
1 2 10 8 129000 2
1 2 5 2 129000 2
1 2 3 8 129000 2
1 2 4 5 129000 2
1 2 4 3 129000 2
1 2 4 0 129000 2
1 2 5 6 129000 2
1 2 5 3 129000 2
1 2 5 5 129000 2
1 2 9 7 129000 2
1 2 14 1 129500 2
1 2 15 6 129500 2
1 2 14 9 129500 2
1 2 14 3 129500 2
1 2 14 6 129500 2
1 2 11 4 129500 2
1 2 10 8 129500 2
1 2 9 3 129500 2
1 2 7 0 129500 2
1 2 6 7 129500 2
1 2 5 0 129500 2
1 2 5 6 129500 2
1 2 0 3 129500 2
1 2 0 4 129500 2
1 2 1 1 129500 2
1 2 2 9 129500 2
1 2 2 6 129500 2
1 2 2 7 129500 2
1 2 4 7 129500 2
1 2 4 6 129500 2
1 2 4 3 129500 2
1 2 11 4 130000 2
1 2 15 3 130000 2
1 2 15 5 130000 2
1 2 14 8 130000 2
1 2 14 9 130000 2
1 2 14 5 130000 2
1 2 13 8 130000 2
1 2 12 4 130000 2
1 2 12 8 130000 2
1 2 11 0 130000 2
1 2 10 9 130000 2
1 2 7 3 130000 2
1 2 6 3 130000 2
1 2 6 8 130000 2
1 2 5 9 130000 2
1 2 3 5 130000 2
1 2 2 2 130000 2
1 2 1 7 130000 2
1 2 1 3 130000 2
1 2 0 8 130000 2
1 2 9 3 130000 2
1 2 0 3 130000 2
1 2 9 4 130500 2
1 2 14 1 130500 2
1 2 8 9 130500 2
1 2 7 9 130500 2
1 2 7 0 130500 2
1 2 7 8 130500 2
1 2 6 3 130500 2
1 2 12 1 130500 2
1 2 12 8 130500 2
1 2 13 5 130500 2
1 2 13 5 130500 2
1 2 15 7 130500 2
1 2 0 3 130500 2
1 2 6 2 130500 2
1 2 0 4 130500 2
1 2 0 2 130500 2
1 2 1 2 130500 2
1 2 4 0 130500 2
1 2 4 3 130500 2
1 2 4 1 130500 2
1 2 5 2 130500 2
1 2 5 3 130500 2
1 2 5 2 130500 2
1 2 6 7 130500 2
1 2 6 7 130500 2
1 2 5 4 130500 2
1 2 9 4 131000 2
1 2 10 9 131000 2
1 2 11 7 131000 2
1 2 12 8 131000 2
1 2 12 4 131000 2
1 2 13 6 131000 2
1 2 13 8 131000 2
1 2 14 1 131000 2
1 2 14 4 131000 2
1 2 14 0 131000 2
1 2 15 7 131000 2
1 2 6 4 131000 2
1 2 8 1 131000 2
1 2 9 6 131000 2
1 2 2 5 131000 2
1 2 2 7 131000 2
1 2 4 2 131000 2
1 2 5 5 131000 2
1 2 5 9 131000 2
1 2 6 3 131000 2
1 2 0 2 131000 2
1 2 6 3 131000 2
1 2 7 8 131000 2
1 2 7 3 131000 2
1 2 12 9 131500 2
1 2 15 7 131500 2
1 2 14 9 131500 2
1 2 14 4 131500 2
1 2 12 4 131500 2
1 2 11 0 131500 2
1 2 10 9 131500 2
1 2 10 9 131500 2
1 2 9 9 131500 2
1 2 5 7 131500 2
1 2 5 0 131500 2
1 2 4 7 131500 2
1 2 5 5 131500 2
1 2 0 2 131500 2
1 2 2 9 131500 2
1 2 2 4 131500 2
1 2 2 9 131500 2
1 2 0 3 131500 2
1 2 3 8 131500 2
1 2 3 5 131500 2
1 2 3 7 131500 2
1 2 3 4 131500 2
1 2 15 3 132000 2
1 2 14 3 132000 2
1 2 13 3 132000 2
1 2 13 4 132000 2
1 2 12 4 132000 2
1 2 12 6 132000 2
1 2 11 7 132000 2
1 2 6 7 132000 2
1 2 10 9 132000 2
1 2 9 1 132000 2
1 2 7 0 132000 2
1 2 7 2 132000 2
1 2 6 8 132000 2
1 2 6 1 132000 2
1 2 5 9 132000 2
1 2 4 0 132000 2
1 2 4 1 132000 2
1 2 4 5 132000 2
1 2 0 3 132000 2
1 2 14 8 132500 2
1 2 14 8 132500 2
1 2 14 2 132500 2
1 2 13 4 132500 2
1 2 11 9 132500 2
1 2 13 1 132500 2
1 2 11 4 132500 2
1 2 10 0 132500 2
1 2 8 2 132500 2
1 2 6 5 132500 2
1 2 4 0 132500 2
1 2 12 1 132500 2
1 2 9 0 133000 2
1 2 15 0 133000 2
1 2 14 3 133000 2
1 2 13 5 133000 2
1 2 13 6 133000 2
1 2 11 4 133000 2
1 2 11 8 133000 2
1 2 10 6 133000 2
1 2 8 2 133000 2
1 2 3 3 133000 2
1 2 3 5 133000 2
1 2 3 1 133000 2
1 2 2 1 133000 2
1 2 2 5 133000 2
1 2 1 0 133000 2
1 2 1 8 133000 2
1 2 4 4 133000 2
1 2 0 9 133000 2
1 2 15 8 133500 2
1 2 9 6 133500 2
1 2 9 0 133500 2
1 2 10 7 133500 2
1 2 11 8 133500 2
1 2 11 4 133500 2
1 2 14 5 133500 2
1 2 15 0 133500 2
1 2 4 4 133500 2
1 2 8 7 133500 2
1 2 7 6 133500 2
1 2 6 5 133500 2
1 2 3 3 133500 2
1 2 2 9 133500 2
1 2 0 6 133500 2
1 2 0 9 133500 2
1 2 8 2 133500 2
1 2 4 0 134000 2
1 2 13 4 134000 2
1 2 11 4 134000 2
1 2 10 7 134000 2
1 2 9 5 134000 2
1 2 8 1 134000 2
1 2 4 6 134000 2
1 2 3 7 134000 2
1 2 3 9 134000 2
1 2 0 3 134500 2
1 2 13 0 134500 2
1 2 12 0 134500 2
1 2 11 4 134500 2
1 2 11 0 134500 2
1 2 9 1 134500 2
1 2 4 1 134500 2
1 2 3 3 134500 2
1 2 1 2 134500 2
1 2 0 5 134500 2
1 2 6 3 134500 2
1 2 11 9 135000 2
1 2 14 7 135000 2
1 2 14 2 135000 2
1 2 13 2 135000 2
1 2 12 6 135000 2
1 2 11 7 135000 2
1 2 11 4 135000 2
1 2 9 1 135000 2
1 2 9 4 135000 2
1 2 8 4 135000 2
1 2 7 5 135000 2
1 2 6 5 135000 2
1 2 5 0 135000 2
1 2 7 4 135000 2
1 2 4 4 135000 2
1 2 4 7 135000 2
1 2 3 8 135000 2
1 2 2 6 135000 2
1 2 1 5 135000 2
1 2 0 4 135000 2
1 2 9 5 135500 2
1 2 9 4 135500 2
1 2 10 4 135500 2
1 2 11 4 135500 2
1 2 11 7 135500 2
1 2 12 8 135500 2
1 2 13 6 135500 2
1 2 13 2 135500 2
1 2 13 4 135500 2
1 2 13 6 135500 2
1 2 14 4 135500 2
1 2 14 4 135500 2
1 2 3 9 135500 2
1 2 8 2 135500 2
1 2 1 2 135500 2
1 2 1 8 135500 2
1 2 2 8 135500 2
1 2 2 4 135500 2
1 2 3 2 135500 2
1 2 4 8 135500 2
1 2 5 0 135500 2
1 2 6 1 135500 2
1 2 8 6 135500 2
1 2 8 2 135500 2
1 2 9 8 135500 2
1 2 11 6 136000 2
1 2 15 4 136000 2
1 2 15 2 136000 2
1 2 14 2 136000 2
1 2 14 2 136000 2
1 2 13 7 136000 2
1 2 11 7 136000 2
1 2 10 6 136000 2
1 2 10 5 136000 2
1 2 8 9 136000 2
1 2 9 0 136000 2
1 2 3 5 136000 2
1 2 4 6 136000 2
1 2 5 0 136000 2
1 2 5 6 136000 2
1 2 6 5 136000 2
1 2 7 4 136000 2
1 2 3 5 136000 2
1 2 7 2 136000 2
1 2 8 9 136500 2
1 2 14 8 136500 2
1 2 14 0 136500 2
1 2 14 7 136500 2
1 2 13 1 136500 2
1 2 12 9 136500 2
1 2 12 9 136500 2
1 2 11 0 136500 2
1 2 11 2 136500 2
1 2 10 2 136500 2
1 2 8 6 136500 2
1 2 8 0 136500 2
1 2 0 0 136500 2
1 2 0 2 136500 2
1 2 1 1 136500 2
1 2 2 1 136500 2
1 2 3 4 136500 2
1 2 4 5 136500 2
1 2 5 7 136500 2
1 2 6 3 136500 2
1 2 7 3 136500 2
1 2 8 7 136500 2
1 2 0 8 137000 2
1 2 15 6 137000 2
1 2 15 1 137000 2
1 2 14 0 137000 2
1 2 12 4 137000 2
1 2 10 7 137000 2
1 2 8 8 137000 2
1 2 8 4 137000 2
1 2 7 8 137000 2
1 2 7 2 137000 2
1 2 6 8 137000 2
1 2 5 8 137000 2
1 2 4 3 137000 2
1 2 2 9 137000 2
1 2 2 7 137000 2
1 2 2 0 137000 2
1 2 2 8 137000 2
1 2 1 1 137000 2
1 2 0 2 137000 2
1 2 0 2 137000 2
1 2 5 5 137000 2
1 2 7 9 137500 2
1 2 8 6 137500 2
1 2 8 7 137500 2
1 2 8 3 137500 2
1 2 10 8 137500 2
1 2 10 9 137500 2
1 2 11 3 137500 2
1 2 12 2 137500 2
1 2 13 5 137500 2
1 2 1 0 137500 2
1 2 14 7 137500 2
1 2 15 8 137500 2
1 2 6 7 137500 2
1 2 6 7 137500 2
1 2 0 5 137500 2
1 2 0 2 137500 2
1 2 1 6 137500 2
1 2 1 0 137500 2
1 2 2 9 137500 2
1 2 4 7 137500 2
1 2 4 7 137500 2
1 2 5 3 137500 2
1 2 5 5 137500 2
1 2 5 7 137500 2
1 2 8 3 138000 2
1 2 7 5 138000 2
1 2 10 6 138000 2
1 2 10 9 138000 2
1 2 11 3 138000 2
1 2 11 9 138000 2
1 2 11 4 138000 2
1 2 12 2 138000 2
1 2 12 5 138000 2
1 2 13 4 138000 2
1 2 13 3 138000 2
1 2 14 7 138000 2
1 2 14 8 138000 2
1 2 15 6 138000 2
1 2 15 1 138000 2
1 2 15 1 138000 2
1 2 6 4 138000 2
1 2 0 0 138000 2
1 2 1 6 138000 2
1 2 1 7 138000 2
1 2 2 1 138000 2
1 2 2 7 138000 2
1 2 2 1 138000 2
1 2 3 2 138000 2
1 2 4 8 138000 2
1 2 4 2 138000 2
1 2 5 5 138000 2
1 2 5 6 138000 2
1 2 5 9 138000 2
1 2 6 3 138000 2
1 2 6 8 138000 2
1 2 4 5 138000 2
1 2 6 9 138500 2
1 2 7 9 138500 2
1 2 8 2 138500 2
1 2 5 6 138500 2
1 2 10 0 138500 2
1 2 10 1 138500 2
1 2 11 7 138500 2
1 2 11 5 138500 2
1 2 11 4 138500 2
1 2 13 2 138500 2
1 2 14 8 138500 2
1 2 15 0 138500 2
1 2 6 3 138500 2
1 2 6 8 138500 2
1 2 0 3 138500 2
1 2 1 0 138500 2
1 2 1 7 138500 2
1 2 3 7 138500 2
1 2 4 2 138500 2
1 2 4 2 138500 2
1 2 4 2 138500 2
1 2 5 3 138500 2
1 2 4 8 138500 2
1 2 7 1 139000 2
1 2 7 7 139000 2
1 2 9 7 139000 2
1 2 9 0 139000 2
1 2 10 9 139000 2
1 2 11 9 139000 2
1 2 11 7 139000 2
1 2 11 4 139000 2
1 2 12 3 139000 2
1 2 13 4 139000 2
1 2 14 7 139000 2
1 2 15 8 139000 2
1 2 15 6 139000 2
1 2 15 0 139000 2
1 2 6 1 139000 2
1 2 0 2 139000 2
1 2 0 4 139000 2
1 2 0 7 139000 2
1 2 1 7 139000 2
1 2 1 5 139000 2
1 2 3 4 139000 2
1 2 4 3 139000 2
1 2 4 8 139000 2
1 2 5 7 139000 2
1 2 6 3 139000 2
1 2 6 3 139000 2
1 2 6 3 139000 2
1 2 14 2 139500 2
1 2 13 2 139500 2
1 2 8 3 139500 2
1 2 7 3 139500 2
1 2 7 7 139500 2
1 2 6 4 139500 2
1 2 6 3 139500 2
1 2 6 3 139500 2
1 2 5 5 139500 2
1 2 4 7 139500 2
1 2 3 8 139500 2
1 2 3 4 139500 2
1 2 2 7 139500 2
1 2 2 5 139500 2
1 2 1 6 139500 2
1 2 1 1 139500 2
1 2 1 9 139500 2
1 2 0 7 139500 2
1 2 0 2 139500 2
1 2 4 1 139500 2
1 2 8 6 140000 2
1 2 15 2 140000 2
1 2 8 3 140000 2
1 2 8 6 140000 2
1 2 8 2 140000 2
1 2 10 9 140000 2
1 2 11 2 140000 2
1 2 11 4 140000 2
1 2 12 6 140000 2
1 2 12 7 140000 2
1 2 15 2 140000 2
1 2 15 2 140000 2
1 2 0 1 140000 2
1 2 7 2 140000 2
1 2 1 1 140000 2
1 2 1 7 140000 2
1 2 2 1 140000 2
1 2 3 9 140000 2
1 2 3 4 140000 2
1 2 5 2 140000 2
1 2 5 7 140000 2
1 2 6 1 140000 2
1 2 6 3 140000 2
1 2 6 7 140000 2
1 2 8 1 140500 2
1 2 15 8 140500 2
1 2 15 0 140500 2
1 2 14 9 140500 2
1 2 12 2 140500 2
1 2 11 0 140500 2
1 2 11 7 140500 2
1 2 11 3 140500 2
1 2 11 7 140500 2
1 2 5 4 140500 2
1 2 5 8 140500 2
1 2 5 9 140500 2
1 2 5 0 140500 2
1 2 4 2 140500 2
1 2 3 4 140500 2
1 2 0 2 140500 2
1 2 0 4 140500 2
1 2 6 8 140500 2
1 2 7 2 141000 2
1 2 8 3 141000 2
1 2 9 2 141000 2
1 2 10 8 141000 2
1 2 11 6 141000 2
1 2 11 1 141000 2
1 2 12 2 141000 2
1 2 14 1 141000 2
1 2 15 3 141000 2
1 2 15 1 141000 2
1 2 15 0 141000 2
1 2 5 2 141000 2
1 2 6 3 141000 2
1 2 6 1 141000 2
1 2 1 7 141000 2
1 2 1 1 141000 2
1 2 2 0 141000 2
1 2 2 1 141000 2
1 2 3 3 141000 2
1 2 5 3 141000 2
1 2 5 0 141000 2
1 2 0 8 141000 2
1 2 6 6 141000 2
1 2 6 8 141500 2
1 2 15 6 141500 2
1 2 15 5 141500 2
1 2 13 6 141500 2
1 2 11 8 141500 2
1 2 9 5 141500 2
1 2 8 3 141500 2
1 2 8 9 141500 2
1 2 6 4 141500 2
1 2 5 2 141500 2
1 2 5 8 141500 2
1 2 4 6 141500 2
1 2 4 3 141500 2
1 2 2 8 141500 2
1 2 1 1 141500 2
1 2 0 9 141500 2
1 2 9 2 142000 2
1 2 10 7 142000 2
1 2 10 4 142000 2
1 2 11 7 142000 2
1 2 11 4 142000 2
1 2 13 5 142000 2
1 2 13 3 142000 2
1 2 14 5 142000 2
1 2 15 9 142000 2
1 2 1 6 142000 2
1 2 8 2 142000 2
1 2 8 7 142000 2
1 2 5 2 142000 2
1 2 5 8 142000 2
1 2 5 5 142000 2
1 2 3 3 142000 2
1 2 2 7 142000 2
1 2 0 1 142000 2
1 2 9 5 142000 2
1 2 9 8 142500 2
1 2 10 4 142500 2
1 2 11 2 142500 2
1 2 11 1 142500 2
1 2 13 6 142500 2
1 2 14 5 142500 2
1 2 14 8 142500 2
1 2 15 7 142500 2
1 2 15 2 142500 2
1 2 15 9 142500 2
1 2 5 2 142500 2
1 2 8 0 142500 2
1 2 9 9 142500 2
1 2 1 1 142500 2
1 2 2 0 142500 2
1 2 3 7 142500 2
1 2 4 3 142500 2
1 2 4 6 142500 2
1 2 0 5 142500 2
1 2 6 4 142500 2
1 2 6 7 142500 2
1 2 8 8 142500 2
1 2 10 9 143000 2
1 2 14 8 143000 2
1 2 11 5 143000 2
1 2 11 2 143000 2
1 2 11 0 143000 2
1 2 12 6 143000 2
1 2 13 6 143000 2
1 2 13 8 143000 2
1 2 13 5 143000 2
1 2 14 0 143000 2
1 2 15 6 143000 2
1 2 15 5 143000 2
1 2 15 5 143000 2
1 2 15 4 143000 2
1 2 3 0 143000 2
1 2 8 2 143000 2
1 2 1 1 143000 2
1 2 1 0 143000 2
1 2 3 8 143000 2
1 2 3 8 143000 2
1 2 0 8 143000 2
1 2 3 3 143000 2
1 2 4 0 143000 2
1 2 4 2 143000 2
1 2 5 8 143000 2
1 2 6 3 143000 2
1 2 6 8 143000 2
1 2 6 3 143000 2
1 2 8 4 143000 2
1 2 6 8 143500 2
1 2 15 2 143500 2
1 2 15 5 143500 2
1 2 12 2 143500 2
1 2 11 9 143500 2
1 2 11 6 143500 2
1 2 10 5 143500 2
1 2 8 3 143500 2
1 2 6 3 143500 2
1 2 6 1 143500 2
1 2 5 8 143500 2
1 2 4 3 143500 2
1 2 3 0 143500 2
1 2 1 1 143500 2
1 2 0 7 143500 2
1 2 8 8 143500 2
1 2 6 1 144000 2
1 2 7 8 144000 2
1 2 8 2 144000 2
1 2 8 3 144000 2
1 2 8 3 144000 2
1 2 11 3 144000 2
1 2 12 2 144000 2
1 2 12 8 144000 2
1 2 12 3 144000 2
1 2 15 8 144000 2
1 2 15 3 144000 2
1 2 15 6 144000 2
1 2 0 1 144000 2
1 2 6 9 144000 2
1 2 6 0 144000 2
1 2 0 3 144000 2
1 2 0 8 144000 2
1 2 3 8 144000 2
1 2 3 1 144000 2
1 2 4 3 144000 2
1 2 4 5 144000 2
1 2 4 1 144000 2
1 2 4 0 144000 2
1 2 5 2 144000 2
1 2 6 8 144000 2
1 2 15 2 144500 2
1 2 15 6 144500 2
1 2 13 5 144500 2
1 2 13 7 144500 2
1 2 9 0 144500 2
1 2 9 0 144500 2
1 2 8 3 144500 2
1 2 7 4 144500 2
1 2 6 4 144500 2
1 2 5 1 144500 2
1 2 6 7 144500 2
1 2 5 5 144500 2
1 2 5 0 144500 2
1 2 4 9 144500 2
1 2 4 6 144500 2
1 2 3 4 144500 2
1 2 2 9 144500 2
1 2 2 5 144500 2
1 2 1 2 144500 2
1 2 0 4 144500 2
1 2 6 2 144500 2
1 2 6 0 145000 2
1 2 7 5 145000 2
1 2 7 3 145000 2
1 2 8 7 145000 2
1 2 8 2 145000 2
1 2 11 7 145000 2
1 2 11 1 145000 2
1 2 13 0 145000 2
1 2 13 6 145000 2
1 2 14 8 145000 2
1 2 6 3 145000 2
1 2 6 7 145000 2
1 2 0 9 145000 2
1 2 0 7 145000 2
1 2 0 9 145000 2
1 2 1 6 145000 2
1 2 3 5 145000 2
1 2 3 8 145000 2
1 2 5 6 145000 2
1 2 5 8 145000 2
1 2 6 2 145000 2
1 2 4 2 145500 2
1 2 14 7 145500 2
1 2 14 0 145500 2
1 2 13 9 145500 2
1 2 6 7 145500 2
1 2 6 8 145500 2
1 2 6 2 145500 2
1 2 6 2 145500 2
1 2 4 9 145500 2
1 2 3 4 145500 2
1 2 2 3 145500 2
1 2 1 7 145500 2
1 2 7 3 146000 2
1 2 15 2 146000 2
1 2 11 7 146000 2
1 2 10 1 146000 2
1 2 7 3 146000 2
1 2 6 0 146000 2
1 2 6 2 146000 2
1 2 5 4 146000 2
1 2 0 6 146000 2
1 2 4 8 146000 2
1 2 4 1 146000 2
1 2 0 2 146000 2
1 2 6 8 146000 2
1 2 13 5 146500 2
1 2 15 2 146500 2
1 2 15 1 146500 2
1 2 13 2 146500 2
1 2 13 3 146500 2
1 2 13 2 146500 2
1 2 12 2 146500 2
1 2 11 6 146500 2
1 2 11 0 146500 2
1 2 10 9 146500 2
1 2 9 3 146500 2
1 2 7 8 146500 2
1 2 7 5 146500 2
1 2 6 3 146500 2
1 2 6 8 146500 2
1 2 11 7 146500 2
1 2 10 1 147000 2
1 2 10 8 147000 2
1 2 11 2 147000 2
1 2 11 4 147000 2
1 2 12 9 147000 2
1 2 13 7 147000 2
1 2 14 5 147000 2
1 2 14 7 147000 2
1 2 15 0 147000 2
1 2 15 6 147000 2
1 2 15 2 147000 2
1 2 15 3 147000 2
1 2 6 8 147000 2
1 2 9 6 147000 2
1 2 10 9 147000 2
1 2 1 2 147000 2
1 2 2 7 147000 2
1 2 2 4 147000 2
1 2 4 1 147000 2
1 2 5 8 147000 2
1 2 6 5 147000 2
1 2 6 4 147000 2
1 2 7 7 147000 2
1 2 8 9 147000 2
1 2 1 2 147000 2
1 2 7 2 147500 2
1 2 7 8 147500 2
1 2 8 9 147500 2
1 2 8 5 147500 2
1 2 8 7 147500 2
1 2 8 3 147500 2
1 2 10 2 147500 2
1 2 11 7 147500 2
1 2 11 7 147500 2
1 2 12 6 147500 2
1 2 13 3 147500 2
1 2 14 5 147500 2
1 2 14 5 147500 2
1 2 14 2 147500 2
1 2 15 0 147500 2
1 2 7 7 147500 2
1 2 0 1 147500 2
1 2 0 1 147500 2
1 2 0 2 147500 2
1 2 1 7 147500 2
1 2 1 7 147500 2
1 2 2 3 147500 2
1 2 3 3 147500 2
1 2 4 0 147500 2
1 2 5 9 147500 2
1 2 6 0 147500 2
1 2 6 9 147500 2
1 2 6 3 147500 2
1 2 7 9 147500 2
1 2 4 3 147500 2
1 2 5 5 148000 2
1 2 6 6 148000 2
1 2 6 8 148000 2
1 2 6 6 148000 2
1 2 6 7 148000 2
1 2 8 3 148000 2
1 2 11 3 148000 2
1 2 11 7 148000 2
1 2 14 5 148000 2
1 2 14 0 148000 2
1 2 5 6 148000 2
1 2 5 9 148000 2
1 2 0 5 148000 2
1 2 0 0 148000 2
1 2 1 6 148000 2
1 2 2 2 148000 2
1 2 2 9 148000 2
1 2 3 7 148000 2
1 2 4 3 148000 2
1 2 4 9 148000 2
1 2 4 0 148000 2
1 2 7 3 148500 2
1 2 15 8 148500 2
1 2 15 6 148500 2
1 2 14 3 148500 2
1 2 14 1 148500 2
1 2 14 5 148500 2
1 2 12 8 148500 2
1 2 8 6 148500 2
1 2 7 4 148500 2
1 2 7 5 148500 2
1 2 6 1 148500 2
1 2 6 3 148500 2
1 2 6 6 148500 2
1 2 5 5 148500 2
1 2 4 1 148500 2
1 2 2 2 148500 2
1 2 0 3 148500 2
1 2 0 6 148500 2
1 2 6 4 149000 2
1 2 4 3 149000 2
1 2 8 8 149000 2
1 2 9 3 149000 2
1 2 9 1 149000 2
1 2 10 0 149000 2
1 2 10 7 149000 2
1 2 12 6 149000 2
1 2 12 2 149000 2
1 2 12 6 149000 2
1 2 15 3 149000 2
1 2 5 4 149000 2
1 2 5 0 149000 2
1 2 0 8 149000 2
1 2 1 1 149000 2
1 2 3 0 149000 2
1 2 3 5 149000 2
1 2 4 5 149000 2
1 2 0 1 149000 2
1 2 4 1 149000 2
1 2 4 3 149000 2
1 2 14 8 149500 2
1 2 14 4 149500 2
1 2 13 2 149500 2
1 2 11 3 149500 2
1 2 10 8 149500 2
1 2 3 0 149500 2
1 2 9 2 149500 2
1 2 7 2 149500 2
1 2 6 1 149500 2
1 2 3 2 149500 2
1 2 2 1 149500 2
1 2 1 2 149500 2
1 2 0 8 149500 2
1 2 0 3 149500 2
1 2 0 6 149500 2
1 2 15 9 150000 2
1 2 15 8 150000 2
1 2 2 5 150000 2
1 2 13 7 150000 2
1 2 10 9 150000 2
1 2 7 1 150000 2
1 2 7 2 150000 2
1 2 7 3 150000 2
1 2 0 2 150000 2
1 2 2 3 150000 2
1 2 6 1 150000 2
1 2 5 3 150000 2
1 2 10 7 150500 2
1 2 15 7 150500 2
1 2 15 6 150500 2
1 2 15 7 150500 2
1 2 14 0 150500 2
1 2 10 6 150500 2
1 2 7 3 150500 2
1 2 7 8 150500 2
1 2 6 1 150500 2
1 2 0 3 150500 2
1 2 3 4 150500 2
1 2 4 4 150500 2
1 2 4 4 150500 2
1 2 4 9 150500 2
1 2 5 8 150500 2
1 2 5 8 150500 2
1 2 7 8 150500 2
1 2 15 7 151000 2
1 2 14 4 151000 2
1 2 14 4 151000 2
1 2 13 4 151000 2
1 2 12 2 151000 2
1 2 12 7 151000 2
1 2 11 3 151000 2
1 2 11 8 151000 2
1 2 6 1 151000 2
1 2 6 3 151000 2
1 2 5 2 151000 2
1 2 4 2 151000 2
1 2 0 8 151000 2
1 2 0 0 151000 2
1 2 0 8 151000 2
1 2 0 5 151000 2
1 2 11 2 151000 2
1 2 11 4 151500 2
1 2 5 8 151500 2
1 2 12 9 151500 2
1 2 12 2 151500 2
1 2 13 1 151500 2
1 2 13 1 151500 2
1 2 14 3 151500 2
1 2 15 5 151500 2
1 2 15 2 151500 2
1 2 15 7 151500 2
1 2 7 3 151500 2
1 2 7 1 151500 2
1 2 7 5 151500 2
1 2 4 9 151500 2
1 2 3 3 151500 2
1 2 2 8 151500 2
1 2 2 2 151500 2
1 2 1 5 151500 2
1 2 1 3 151500 2
1 2 0 4 151500 2
1 2 7 8 152000 2
1 2 7 4 152000 2
1 2 10 1 152000 2
1 2 10 6 152000 2
1 2 14 5 152000 2
1 2 14 1 152000 2
1 2 15 6 152000 2
1 2 15 8 152000 2
1 2 9 3 152000 2
1 2 6 9 152000 2
1 2 6 3 152000 2
1 2 5 9 152000 2
1 2 5 7 152000 2
1 2 4 7 152000 2
1 2 2 9 152000 2
1 2 0 2 152000 2
1 2 0 9 152000 2
1 2 7 7 152000 2
1 2 5 7 152500 2
1 2 15 8 152500 2
1 2 15 7 152500 2
1 2 13 6 152500 2
1 2 12 6 152500 2
1 2 11 1 152500 2
1 2 11 0 152500 2
1 2 10 0 152500 2
1 2 5 3 152500 2
1 2 4 2 152500 2
1 2 3 0 152500 2
1 2 2 9 152500 2
1 2 1 7 152500 2
1 2 2 8 153000 2
1 2 15 2 153000 2
1 2 15 5 153000 2
1 2 12 8 153000 2
1 2 12 2 153000 2
1 2 7 3 153000 2
1 2 6 1 153000 2
1 2 5 3 153000 2
1 2 5 8 153000 2
1 2 4 2 153000 2
1 2 4 5 153000 2
1 2 6 0 153000 2
1 2 1 9 153000 2
1 2 0 3 153000 2
1 2 7 1 153500 2
1 2 8 6 153500 2
1 2 8 6 153500 2
1 2 8 8 153500 2
1 2 8 7 153500 2
1 2 10 9 153500 2
1 2 11 0 153500 2
1 2 12 2 153500 2
1 2 12 3 153500 2
1 2 12 9 153500 2
1 2 14 7 153500 2
1 2 14 2 153500 2
1 2 15 9 153500 2
1 2 7 5 153500 2
1 2 7 1 153500 2
1 2 0 2 153500 2
1 2 0 3 153500 2
1 2 1 7 153500 2
1 2 1 5 153500 2
1 2 2 8 153500 2
1 2 4 5 153500 2
1 2 4 8 153500 2
1 2 4 3 153500 2
1 2 6 3 153500 2
1 2 6 1 153500 2
1 2 3 3 153500 2
1 2 11 2 154000 2
1 2 15 8 154000 2
1 2 15 6 154000 2
1 2 15 8 154000 2
1 2 14 6 154000 2
1 2 13 5 154000 2
1 2 12 3 154000 2
1 2 11 6 154000 2
1 2 11 3 154000 2
1 2 8 7 154000 2
1 2 6 3 154000 2
1 2 6 2 154000 2
1 2 6 8 154000 2
1 2 5 2 154000 2
1 2 5 5 154000 2
1 2 1 3 154000 2
1 2 0 6 154000 2
1 2 15 3 154500 2
1 2 15 6 154500 2
1 2 12 7 154500 2
1 2 12 6 154500 2
1 2 9 1 154500 2
1 2 7 3 154500 2
1 2 5 7 154500 2
1 2 4 1 154500 2
1 2 4 2 154500 2
1 2 3 1 154500 2
1 2 2 9 154500 2
1 2 2 1 154500 2
1 2 6 8 154500 2
1 2 15 8 155000 2
1 2 15 7 155000 2
1 2 14 2 155000 2
1 2 14 5 155000 2
1 2 11 8 155000 2
1 2 11 5 155000 2
1 2 9 1 155000 2
1 2 7 2 155000 2
1 2 6 9 155000 2
1 2 6 2 155000 2
1 2 5 7 155000 2
1 2 0 8 155000 2
1 2 0 2 155000 2
1 2 9 2 155000 2
1 2 8 1 155500 2
1 2 13 3 155500 2
1 2 12 1 155500 2
1 2 10 9 155500 2
1 2 9 0 155500 2
1 2 9 9 155500 2
1 2 8 7 155500 2
1 2 7 9 155500 2
1 2 5 7 155500 2
1 2 5 6 155500 2
1 2 4 0 155500 2
1 2 4 8 155500 2
1 2 7 5 156000 2
1 2 15 7 156000 2
1 2 14 1 156000 2
1 2 12 5 156000 2
1 2 11 0 156000 2
1 2 4 8 156000 2
1 2 4 6 156000 2
1 2 4 9 156000 2
1 2 0 1 156000 2
1 2 9 3 156500 2
1 2 15 5 156500 2
1 2 14 2 156500 2
1 2 14 9 156500 2
1 2 12 1 156500 2
1 2 11 0 156500 2
1 2 10 9 156500 2
1 2 9 2 156500 2
1 2 7 5 156500 2
1 2 5 2 156500 2
1 2 0 6 156500 2
1 2 0 9 156500 2
1 2 0 2 156500 2
1 2 1 7 156500 2
1 2 2 2 156500 2
1 2 4 5 156500 2
1 2 4 8 156500 2
1 2 6 8 156500 2
1 2 0 8 157000 2
1 2 14 8 157000 2
1 2 14 1 157000 2
1 2 12 3 157000 2
1 2 12 1 157000 2
1 2 11 1 157000 2
1 2 10 8 157000 2
1 2 6 9 157000 2
1 2 6 3 157000 2
1 2 4 2 157000 2
1 2 0 4 157000 2
1 2 0 4 157000 2
1 2 0 1 157000 2
1 2 2 7 157000 2
1 2 3 7 157000 2
1 2 3 8 157000 2
1 2 4 2 157000 2
1 2 5 6 157000 2
1 2 15 6 157500 2
1 2 14 8 157500 2
1 2 13 9 157500 2
1 2 12 8 157500 2
1 2 11 3 157500 2
1 2 9 1 157500 2
1 2 7 3 157500 2
1 2 6 0 157500 2
1 2 6 8 157500 2
1 2 5 7 157500 2
1 2 4 7 157500 2
1 2 5 8 157500 2
1 2 0 4 157500 2
1 2 0 1 157500 2
1 2 0 1 157500 2
1 2 0 1 157500 2
1 2 1 6 157500 2
1 2 2 2 157500 2
1 2 3 4 157500 2
1 2 3 7 157500 2
1 2 1 7 157500 2
1 2 9 3 158000 2
1 2 10 9 158000 2
1 2 10 7 158000 2
1 2 12 6 158000 2
1 2 12 8 158000 2
1 2 13 2 158000 2
1 2 13 6 158000 2
1 2 13 9 158000 2
1 2 14 7 158000 2
1 2 15 0 158000 2
1 2 15 6 158000 2
1 2 10 8 158000 2
1 2 8 8 158000 2
1 2 0 4 158000 2
1 2 0 9 158000 2
1 2 0 1 158000 2
1 2 2 9 158000 2
1 2 2 1 158000 2
1 2 3 4 158000 2
1 2 5 6 158000 2
1 2 6 6 158000 2
1 2 6 9 158000 2
1 2 7 5 158000 2
1 2 7 2 158000 2
1 2 6 7 158500 2
1 2 7 4 158500 2
1 2 7 4 158500 2
1 2 9 7 158500 2
1 2 10 9 158500 2
1 2 10 5 158500 2
1 2 11 8 158500 2
1 2 11 5 158500 2
1 2 14 9 158500 2
1 2 14 8 158500 2
1 2 14 1 158500 2
1 2 15 7 158500 2
1 2 0 9 158500 2
1 2 5 3 158500 2
1 2 0 3 158500 2
1 2 1 7 158500 2
1 2 2 9 158500 2
1 2 3 2 158500 2
1 2 4 7 158500 2
1 2 4 1 158500 2
1 2 5 3 158500 2
1 2 5 9 158500 2
1 2 5 9 158500 2
1 2 6 1 158500 2
1 2 4 7 158500 2
1 2 10 6 159000 2
1 2 11 2 159000 2
1 2 12 2 159000 2
1 2 12 5 159000 2
1 2 14 2 159000 2
1 2 14 9 159000 2
1 2 14 9 159000 2
1 2 14 1 159000 2
1 2 15 6 159000 2
1 2 15 6 159000 2
1 2 3 8 159000 2
1 2 7 7 159000 2
1 2 9 2 159000 2
1 2 0 1 159000 2
1 2 2 3 159000 2
1 2 0 4 159000 2
1 2 4 1 159000 2
1 2 5 3 159000 2
1 2 6 3 159000 2
1 2 6 9 159000 2
1 2 4 1 159000 2
1 2 10 1 159500 2
1 2 15 5 159500 2
1 2 14 9 159500 2
1 2 13 1 159500 2
1 2 11 0 159500 2
1 2 10 6 159500 2
1 2 6 5 159500 2
1 2 6 7 159500 2
1 2 5 1 159500 2
1 2 4 3 159500 2
1 2 6 1 159500 2
1 2 3 4 159500 2
1 2 3 4 159500 2
1 2 0 1 159500 2
1 2 0 3 159500 2
1 2 0 0 159500 2
1 2 10 6 160000 2
1 2 11 4 160000 2
1 2 13 5 160000 2
1 2 13 2 160000 2
1 2 14 2 160000 2
1 2 14 4 160000 2
1 2 15 2 160000 2
1 2 15 5 160000 2
1 2 15 6 160000 2
1 2 15 0 160000 2
1 2 10 0 160000 2
1 2 10 7 160000 2
1 2 0 8 160000 2
1 2 1 9 160000 2
1 2 2 2 160000 2
1 2 3 0 160000 2
1 2 3 4 160000 2
1 2 4 7 160000 2
1 2 5 8 160000 2
1 2 7 7 160000 2
1 2 7 3 160000 2
1 2 9 1 160000 2
1 2 2 9 160500 2
1 2 14 1 160500 2
1 2 14 4 160500 2
1 2 12 2 160500 2
1 2 11 3 160500 2
1 2 9 1 160500 2
1 2 7 5 160500 2
1 2 7 8 160500 2
1 2 5 3 160500 2
1 2 4 3 160500 2
1 2 2 7 160500 2
1 2 1 2 160500 2
1 2 8 8 161000 2
1 2 12 2 161000 2
1 2 13 5 161000 2
1 2 13 5 161000 2
1 2 15 2 161000 2
1 2 0 7 161000 2
1 2 4 4 161000 2
1 2 4 1 161000 2
1 2 4 1 161000 2
1 2 3 0 161000 2
1 2 1 7 161000 2
1 2 6 8 161000 2
1 2 8 6 161500 2
1 2 12 5 161500 2
1 2 12 1 161500 2
1 2 9 2 161500 2
1 2 6 1 161500 2
1 2 5 8 161500 2
1 2 0 1 161500 2
1 2 1 7 162000 2
1 2 15 7 162000 2
1 2 15 1 162000 2
1 2 8 8 162000 2
1 2 7 9 162000 2
1 2 7 7 162000 2
1 2 5 8 162000 2
1 2 4 5 162000 2
1 2 2 4 162000 2
1 2 0 1 162000 2
1 2 0 5 162500 2
1 2 13 9 162500 2
1 2 12 2 162500 2
1 2 11 2 162500 2
1 2 5 2 162500 2
1 2 5 8 162500 2
1 2 4 1 162500 2
1 2 0 0 162500 2
1 2 0 9 162500 2
1 2 0 4 162500 2
1 2 4 1 162500 2
1 2 12 7 163000 2
1 2 15 6 163000 2
1 2 13 3 163000 2
1 2 12 1 163000 2
1 2 12 8 163000 2
1 2 5 3 163000 2
1 2 5 0 163000 2
1 2 2 9 163000 2
1 2 0 1 163000 2
1 2 15 2 163500 2
1 2 10 9 163500 2
1 2 8 0 163500 2
1 2 8 1 163500 2
1 2 5 6 163500 2
1 2 5 3 163500 2
1 2 5 9 163500 2
1 2 1 7 163500 2
1 2 0 8 163500 2
1 2 5 2 163500 2
1 2 10 9 164000 2
1 2 14 1 164000 2
1 2 13 5 164000 2
1 2 11 5 164000 2
1 2 11 3 164000 2
1 2 9 7 164000 2
1 2 6 6 164000 2
1 2 6 3 164000 2
1 2 5 1 164000 2
1 2 0 7 164000 2
1 2 0 5 164000 2
1 2 11 7 164500 2
1 2 13 8 164500 2
1 2 13 8 164500 2
1 2 12 2 164500 2
1 2 11 4 164500 2
1 2 11 2 164500 2
1 2 9 6 164500 2
1 2 7 2 164500 2
1 2 0 7 164500 2
1 2 7 7 164500 2
1 2 5 9 164500 2
1 2 4 6 164500 2
1 2 2 1 164500 2
1 2 8 8 164500 2
1 2 6 8 165000 2
1 2 15 6 165000 2
1 2 13 2 165000 2
1 2 12 4 165000 2
1 2 11 3 165000 2
1 2 11 0 165000 2
1 2 10 8 165000 2
1 2 5 1 165000 2
1 2 5 3 165000 2
1 2 4 4 165000 2
1 2 4 5 165000 2
1 2 2 7 165000 2
1 2 2 9 165000 2
1 2 0 2 165000 2
1 2 15 2 165500 2
1 2 15 4 165500 2
1 2 14 2 165500 2
1 2 12 5 165500 2
1 2 12 1 165500 2
1 2 11 7 165500 2
1 2 7 8 165500 2
1 2 6 1 165500 2
1 2 6 9 165500 2
1 2 0 4 165500 2
1 2 0 1 165500 2
1 2 1 1 165500 2
1 2 2 6 165500 2
1 2 5 9 165500 2
1 2 2 0 165500 2
1 2 8 3 166000 2
1 2 14 2 166000 2
1 2 11 7 166000 2
1 2 11 7 166000 2
1 2 10 7 166000 2
1 2 8 7 166000 2
1 2 7 3 166000 2
1 2 7 9 166000 2
1 2 4 9 166000 2
1 2 4 8 166000 2
1 2 3 5 166000 2
1 2 2 9 166000 2
1 2 1 2 166000 2
1 2 0 4 166000 2
1 2 0 3 166000 2
1 2 14 7 166500 2
1 2 14 1 166500 2
1 2 13 4 166500 2
1 2 12 4 166500 2
1 2 12 2 166500 2
1 2 11 1 166500 2
1 2 11 9 166500 2
1 2 8 9 166500 2
1 2 0 7 166500 2
1 2 8 7 166500 2
1 2 0 6 166500 2
1 2 0 1 166500 2
1 2 2 7 166500 2
1 2 2 4 166500 2
1 2 4 8 166500 2
1 2 5 5 166500 2
1 2 7 7 166500 2
1 2 6 8 167000 2
1 2 13 7 167000 2
1 2 11 1 167000 2
1 2 11 9 167000 2
1 2 11 1 167000 2
1 2 10 8 167000 2
1 2 8 0 167000 2
1 2 7 1 167000 2
1 2 6 7 167000 2
1 2 5 1 167000 2
1 2 5 3 167000 2
1 2 3 6 167000 2
1 2 2 1 167000 2
1 2 2 2 167000 2
1 2 2 7 167000 2
1 2 0 4 167000 2
1 2 15 7 167500 2
1 2 13 2 167500 2
1 2 12 2 167500 2
1 2 12 9 167500 2
1 2 11 8 167500 2
1 2 11 9 167500 2
1 2 10 7 167500 2
1 2 8 8 167500 2
1 2 6 3 167500 2
1 2 7 3 167500 2
1 2 0 4 167500 2
1 2 1 0 167500 2
1 2 2 9 167500 2
1 2 2 7 167500 2
1 2 4 8 167500 2
1 2 5 6 167500 2
1 2 5 9 167500 2
1 2 6 9 168000 2
1 2 15 6 168000 2
1 2 14 2 168000 2
1 2 14 5 168000 2
1 2 14 0 168000 2
1 2 12 4 168000 2
1 2 11 3 168000 2
1 2 7 5 168000 2
1 2 6 7 168000 2
1 2 6 5 168000 2
1 2 6 2 168000 2
1 2 5 1 168000 2
1 2 4 7 168000 2
1 2 4 1 168000 2
1 2 3 4 168000 2
1 2 2 3 168000 2
1 2 1 0 168000 2
1 2 0 5 168000 2
1 2 0 2 168000 2
1 2 0 1 168000 2
1 2 10 5 168500 2
1 2 10 9 168500 2
1 2 11 0 168500 2
1 2 11 8 168500 2
1 2 11 4 168500 2
1 2 12 5 168500 2
1 2 13 4 168500 2
1 2 14 9 168500 2
1 2 15 2 168500 2
1 2 15 8 168500 2
1 2 1 1 168500 2
1 2 6 6 168500 2
1 2 5 8 168500 2
1 2 5 1 168500 2
1 2 5 7 168500 2
1 2 4 4 168500 2
1 2 3 8 168500 2
1 2 2 9 168500 2
1 2 6 3 168500 2
1 2 0 8 168500 2
1 2 0 8 168500 2
1 2 10 8 169000 2
1 2 10 2 169000 2
1 2 10 9 169000 2
1 2 12 4 169000 2
1 2 12 6 169000 2
1 2 13 2 169000 2
1 2 13 3 169000 2
1 2 14 1 169000 2
1 2 14 8 169000 2
1 2 15 1 169000 2
1 2 15 4 169000 2
1 2 7 9 169000 2
1 2 7 3 169000 2
1 2 9 4 169000 2
1 2 0 3 169000 2
1 2 2 5 169000 2
1 2 2 9 169000 2
1 2 3 8 169000 2
1 2 4 2 169000 2
1 2 5 7 169000 2
1 2 5 3 169000 2
1 2 5 1 169000 2
1 2 7 5 169000 2
1 2 0 8 169000 2
1 2 15 9 169500 2
1 2 13 4 169500 2
1 2 12 4 169500 2
1 2 11 7 169500 2
1 2 10 6 169500 2
1 2 9 9 169500 2
1 2 8 2 169500 2
1 2 8 9 169500 2
1 2 5 9 169500 2
1 2 5 7 169500 2
1 2 5 2 169500 2
1 2 0 4 169500 2
1 2 1 4 169500 2
1 2 3 8 169500 2
1 2 3 7 169500 2
1 2 3 7 169500 2
1 2 4 3 169500 2
1 2 4 2 169500 2
1 2 15 7 170000 2
1 2 15 5 170000 2
1 2 15 2 170000 2
1 2 14 8 170000 2
1 2 14 7 170000 2
1 2 13 7 170000 2
1 2 12 4 170000 2
1 2 12 2 170000 2
1 2 9 1 170000 2
1 2 8 6 170000 2
1 2 7 4 170000 2
1 2 0 3 170000 2
1 2 2 7 170000 2
1 2 2 4 170000 2
1 2 2 2 170000 2
1 2 4 1 170000 2
1 2 4 5 170000 2
1 2 5 9 170000 2
1 2 6 1 170000 2
1 2 8 4 170000 2
1 2 5 1 170500 2
1 2 15 4 170500 2
1 2 14 4 170500 2
1 2 12 4 170500 2
1 2 12 8 170500 2
1 2 10 3 170500 2
1 2 10 1 170500 2
1 2 9 5 170500 2
1 2 8 6 170500 2
1 2 7 1 170500 2
1 2 0 2 170500 2
1 2 1 4 170500 2
1 2 1 2 170500 2
1 2 3 4 170500 2
1 2 5 9 170500 2
1 2 5 7 170500 2
1 2 4 2 170500 2
1 2 11 4 171000 2
1 2 15 2 171000 2
1 2 14 2 171000 2
1 2 12 5 171000 2
1 2 12 6 171000 2
1 2 11 4 171000 2
1 2 10 4 171000 2
1 2 8 1 171000 2
1 2 8 9 171000 2
1 2 6 9 171000 2
1 2 4 8 171000 2
1 2 4 3 171000 2
1 2 7 8 171000 2
1 2 3 4 171000 2
1 2 2 6 171000 2
1 2 1 7 171000 2
1 2 0 8 171000 2
1 2 0 4 171000 2
1 2 8 2 171500 2
1 2 10 9 171500 2
1 2 11 2 171500 2
1 2 11 9 171500 2
1 2 12 2 171500 2
1 2 12 7 171500 2
1 2 12 8 171500 2
1 2 13 7 171500 2
1 2 14 9 171500 2
1 2 15 2 171500 2
1 2 15 8 171500 2
1 2 8 0 171500 2
1 2 8 9 171500 2
1 2 1 0 171500 2
1 2 3 4 171500 2
1 2 5 8 171500 2
1 2 5 7 171500 2
1 2 5 5 171500 2
1 2 6 8 171500 2
1 2 6 8 171500 2
1 2 7 8 171500 2
1 2 7 1 171500 2
1 2 8 0 171500 2
1 2 6 8 172000 2
1 2 6 7 172000 2
1 2 6 9 172000 2
1 2 7 3 172000 2
1 2 8 9 172000 2
1 2 6 2 172000 2
1 2 8 9 172000 2
1 2 9 0 172000 2
1 2 10 8 172000 2
1 2 11 9 172000 2
1 2 12 4 172000 2
1 2 13 2 172000 2
1 2 13 1 172000 2
1 2 14 3 172000 2
1 2 14 8 172000 2
1 2 14 9 172000 2
1 2 3 7 172000 2
1 2 5 6 172000 2
1 2 5 1 172000 2
1 2 0 4 172000 2
1 2 0 8 172000 2
1 2 0 8 172000 2
1 2 0 3 172000 2
1 2 1 4 172000 2
1 2 1 9 172000 2
1 2 1 4 172000 2
1 2 2 6 172000 2
1 2 3 5 172000 2
1 2 3 4 172000 2
1 2 4 2 172000 2
1 2 4 2 172000 2
1 2 5 7 172000 2
1 2 2 3 172000 2
1 2 12 9 172500 2
1 2 15 7 172500 2
1 2 13 0 172500 2
1 2 13 2 172500 2
1 2 9 5 172500 2
1 2 4 2 172500 2
1 2 1 5 172500 2
1 2 15 1 173000 2
1 2 2 0 173000 2
1 2 14 2 173000 2
1 2 13 6 173000 2
1 2 12 7 173000 2
1 2 11 4 173000 2
1 2 5 7 173000 2
1 2 4 5 173000 2
1 2 3 4 173000 2
1 2 3 3 173000 2
1 2 1 1 173000 2
1 2 8 2 173000 2
1 2 4 5 173500 2
1 2 12 8 173500 2
1 2 12 8 173500 2
1 2 11 2 173500 2
1 2 9 2 173500 2
1 2 5 7 173500 2
1 2 4 2 173500 2
1 2 3 8 173500 2
1 2 2 9 173500 2
1 2 2 6 173500 2
1 2 11 0 174000 2
1 2 12 1 174000 2
1 2 11 4 174000 2
1 2 12 9 174000 2
1 2 13 2 174000 2
1 2 15 7 174000 2
1 2 13 2 174000 2
1 2 6 8 174000 2
1 2 5 3 174000 2
1 2 4 1 174000 2
1 2 3 3 174000 2
1 2 2 2 174000 2
1 2 1 7 174000 2
1 2 0 8 174000 2
1 2 11 6 174000 2
1 2 7 3 174500 2
1 2 15 5 174500 2
1 2 11 0 174500 2
1 2 10 6 174500 2
1 2 9 2 174500 2
1 2 7 8 174500 2
1 2 7 8 174500 2
1 2 5 7 174500 2
1 2 5 8 174500 2
1 2 3 3 174500 2
1 2 2 2 174500 2
1 2 1 2 175000 2
1 2 14 2 175000 2
1 2 14 9 175000 2
1 2 13 4 175000 2
1 2 6 4 175000 2
1 2 6 5 175000 2
1 2 6 8 175000 2
1 2 5 7 175000 2
1 2 5 5 175000 2
1 2 4 6 175000 2
1 2 3 4 175000 2
1 2 2 9 175000 2
1 2 2 0 175000 2
1 2 0 3 175000 2
1 2 4 2 175500 2
1 2 15 4 175500 2
1 2 14 3 175500 2
1 2 13 3 175500 2
1 2 12 8 175500 2
1 2 12 7 175500 2
1 2 10 9 175500 2
1 2 9 0 175500 2
1 2 7 5 175500 2
1 2 4 3 175500 2
1 2 0 4 175500 2
1 2 3 3 175500 2
1 2 10 9 175500 2
1 2 9 4 176000 2
1 2 15 2 176000 2
1 2 15 2 176000 2
1 2 13 8 176000 2
1 2 12 3 176000 2
1 2 7 1 176000 2
1 2 6 8 176000 2
1 2 3 2 176000 2
1 2 3 1 176000 2
1 2 3 4 176000 2
1 2 2 9 176000 2
1 2 0 8 176000 2
1 2 0 5 176000 2
1 2 4 6 176000 2
1 2 11 3 176500 2
1 2 11 7 176500 2
1 2 12 4 176500 2
1 2 13 3 176500 2
1 2 13 5 176500 2
1 2 13 2 176500 2
1 2 14 7 176500 2
1 2 15 2 176500 2
1 2 15 3 176500 2
1 2 15 6 176500 2
1 2 5 9 176500 2
1 2 9 0 176500 2
1 2 9 6 176500 2
1 2 0 5 176500 2
1 2 0 1 176500 2
1 2 1 7 176500 2
1 2 4 2 176500 2
1 2 0 8 176500 2
1 2 6 3 176500 2
1 2 6 3 176500 2
1 2 6 4 176500 2
1 2 7 7 176500 2
1 2 4 8 177000 2
1 2 15 8 177000 2
1 2 14 2 177000 2
1 2 13 6 177000 2
1 2 12 9 177000 2
1 2 11 0 177000 2
1 2 10 6 177000 2
1 2 7 1 177000 2
1 2 7 2 177000 2
1 2 5 3 177000 2
1 2 5 1 177000 2
1 2 4 4 177000 2
1 2 2 0 177000 2
1 2 2 2 177000 2
1 2 1 2 177000 2
1 2 1 1 177000 2
1 2 0 1 177000 2
1 2 0 6 177000 2
1 2 0 8 177000 2
1 2 10 1 177500 2
1 2 10 1 177500 2
1 2 13 4 177500 2
1 2 13 5 177500 2
1 2 14 9 177500 2
1 2 15 6 177500 2
1 2 15 7 177500 2
1 2 15 6 177500 2
1 2 0 0 177500 2
1 2 9 7 177500 2
1 2 7 9 177500 2
1 2 4 5 177500 2
1 2 3 5 177500 2
1 2 2 5 177500 2
1 2 1 9 177500 2
1 2 1 4 177500 2
1 2 9 1 177500 2
1 2 6 3 178000 2
1 2 9 7 178000 2
1 2 9 6 178000 2
1 2 11 6 178000 2
1 2 11 1 178000 2
1 2 4 0 178000 2
1 2 12 8 178000 2
1 2 12 1 178000 2
1 2 12 5 178000 2
1 2 13 3 178000 2
1 2 14 7 178000 2
1 2 15 8 178000 2
1 2 15 6 178000 2
1 2 6 3 178000 2
1 2 6 1 178000 2
1 2 1 2 178000 2
1 2 1 1 178000 2
1 2 1 2 178000 2
1 2 2 0 178000 2
1 2 3 5 178000 2
1 2 4 5 178000 2
1 2 5 3 178000 2
1 2 5 9 178000 2
1 2 5 7 178000 2
1 2 4 7 178000 2
1 2 14 9 178500 2
1 2 15 6 178500 2
1 2 14 5 178500 2
1 2 14 3 178500 2
1 2 12 4 178500 2
1 2 12 8 178500 2
1 2 11 3 178500 2
1 2 11 3 178500 2
1 2 11 2 178500 2
1 2 6 0 178500 2
1 2 5 9 178500 2
1 2 4 7 178500 2
1 2 4 1 178500 2
1 2 0 7 178500 2
1 2 0 2 178500 2
1 2 0 4 178500 2
1 2 0 3 178500 2
1 2 0 3 178500 2
1 2 1 3 178500 2
1 2 1 5 178500 2
1 2 2 7 178500 2
1 2 2 3 178500 2
1 2 2 6 178500 2
1 2 15 2 179000 2
1 2 13 2 179000 2
1 2 12 9 179000 2
1 2 11 5 179000 2
1 2 11 5 179000 2
1 2 10 8 179000 2
1 2 5 3 179000 2
1 2 10 1 179000 2
1 2 9 3 179000 2
1 2 7 3 179000 2
1 2 6 8 179000 2
1 2 4 8 179000 2
1 2 4 5 179000 2
1 2 4 3 179000 2
1 2 4 8 179000 2
1 2 0 1 179000 2
1 2 0 7 179000 2
1 2 15 8 179500 2
1 2 14 1 179500 2
1 2 12 6 179500 2
1 2 12 2 179500 2
1 2 12 8 179500 2
1 2 11 2 179500 2
1 2 10 9 179500 2
1 2 8 0 179500 2
1 2 6 2 179500 2
1 2 9 1 179500 2
1 2 0 8 179500 2
1 2 2 2 179500 2
1 2 3 3 179500 2
1 2 5 4 179500 2
1 2 6 3 179500 2
1 2 4 3 179500 2
1 2 7 2 180000 2
1 2 14 8 180000 2
1 2 13 2 180000 2
1 2 13 4 180000 2
1 2 13 3 180000 2
1 2 12 2 180000 2
1 2 6 0 180000 2
1 2 6 7 180000 2
1 2 6 3 180000 2
1 2 5 7 180000 2
1 2 4 6 180000 2
1 2 2 6 180000 2
1 2 1 8 180000 2
1 2 1 2 180000 2
1 2 15 6 180500 2
1 2 15 9 180500 2
1 2 15 7 180500 2
1 2 14 4 180500 2
1 2 13 5 180500 2
1 2 13 5 180500 2
1 2 10 6 180500 2
1 2 6 8 180500 2
1 2 5 3 180500 2
1 2 4 3 180500 2
1 2 2 5 180500 2
1 2 0 8 180500 2
1 2 13 6 180500 2
1 2 11 8 181000 2
1 2 15 8 181000 2
1 2 15 0 181000 2
1 2 13 5 181000 2
1 2 12 5 181000 2
1 2 12 8 181000 2
1 2 8 7 181000 2
1 2 6 5 181000 2
1 2 5 9 181000 2
1 2 4 0 181000 2
1 2 4 4 181000 2
1 2 4 2 181000 2
1 2 1 5 181000 2
1 2 6 9 181000 2
1 2 11 3 181500 2
1 2 12 6 181500 2
1 2 13 7 181500 2
1 2 14 7 181500 2
1 2 7 3 181500 2
1 2 14 8 181500 2
1 2 14 4 181500 2
1 2 15 8 181500 2
1 2 15 5 181500 2
1 2 15 3 181500 2
1 2 10 1 181500 2
1 2 10 1 181500 2
1 2 0 4 181500 2
1 2 4 7 181500 2
1 2 4 6 181500 2
1 2 5 3 181500 2
1 2 5 5 181500 2
1 2 7 2 181500 2
1 2 8 7 181500 2
1 2 7 5 182000 2
1 2 15 9 182000 2
1 2 15 6 182000 2
1 2 13 6 182000 2
1 2 12 9 182000 2
1 2 11 8 182000 2
1 2 9 8 182000 2
1 2 9 0 182000 2
1 2 6 2 182000 2
1 2 3 4 182000 2
1 2 3 7 182000 2
1 2 2 8 182000 2
1 2 2 6 182000 2
1 2 2 2 182000 2
1 2 1 5 182000 2
1 2 1 5 182500 2
1 2 15 1 182500 2
1 2 15 7 182500 2
1 2 14 8 182500 2
1 2 12 6 182500 2
1 2 9 2 182500 2
1 2 9 7 182500 2
1 2 8 6 182500 2
1 2 6 1 182500 2
1 2 5 6 182500 2
1 2 0 9 182500 2
1 2 2 6 182500 2
1 2 2 5 182500 2
1 2 2 3 182500 2
1 2 3 0 182500 2
1 2 4 1 182500 2
1 2 4 2 182500 2
1 2 6 0 182500 2
1 2 15 9 183000 2
1 2 15 6 183000 2
1 2 15 8 183000 2
1 2 14 8 183000 2
1 2 14 3 183000 2
1 2 13 6 183000 2
1 2 13 1 183000 2
1 2 12 6 183000 2
1 2 11 7 183000 2
1 2 9 4 183000 2
1 2 11 0 183000 2
1 2 2 9 183000 2
1 2 3 6 183000 2
1 2 0 1 183000 2
1 2 6 2 183000 2
1 2 7 2 183000 2
1 2 8 1 183000 2
1 2 5 3 183000 2
1 2 8 9 183500 2
1 2 15 4 183500 2
1 2 15 8 183500 2
1 2 14 1 183500 2
1 2 11 5 183500 2
1 2 10 6 183500 2
1 2 9 0 183500 2
1 2 7 3 183500 2
1 2 5 8 183500 2
1 2 4 8 183500 2
1 2 4 4 183500 2
1 2 2 5 183500 2
1 2 1 7 183500 2
1 2 0 6 183500 2
1 2 0 8 183500 2
1 2 0 5 183500 2
1 2 15 8 184000 2
1 2 12 1 184000 2
1 2 12 8 184000 2
1 2 12 1 184000 2
1 2 10 8 184000 2
1 2 9 0 184000 2
1 2 6 0 184000 2
1 2 6 2 184000 2
1 2 5 5 184000 2
1 2 4 4 184000 2
1 2 4 2 184000 2
1 2 1 0 184000 2
1 2 0 6 184000 2
1 2 8 7 184000 2
1 2 4 1 184500 2
1 2 14 7 184500 2
1 2 13 5 184500 2
1 2 13 2 184500 2
1 2 12 4 184500 2
1 2 11 7 184500 2
1 2 4 9 184500 2
1 2 4 7 184500 2
1 2 4 7 184500 2
1 2 4 1 184500 2
1 2 2 9 184500 2
1 2 2 7 184500 2
1 2 1 5 184500 2
1 2 1 7 184500 2
1 2 0 2 184500 2
1 2 0 4 184500 2
1 2 6 3 185000 2
1 2 14 4 185000 2
1 2 12 6 185000 2
1 2 12 3 185000 2
1 2 12 2 185000 2
1 2 12 7 185000 2
1 2 11 1 185000 2
1 2 11 3 185000 2
1 2 5 3 185000 2
1 2 4 2 185000 2
1 2 4 2 185000 2
1 2 1 9 185000 2
1 2 1 1 185000 2
1 2 0 8 185000 2
1 2 0 2 185000 2
1 2 0 1 185000 2
1 2 10 6 185500 2
1 2 15 1 185500 2
1 2 14 4 185500 2
1 2 12 9 185500 2
1 2 11 1 185500 2
1 2 11 7 185500 2
1 2 10 7 185500 2
1 2 9 5 185500 2
1 2 6 3 185500 2
1 2 7 1 185500 2
1 2 5 2 185500 2
1 2 4 2 185500 2
1 2 4 4 185500 2
1 2 2 8 185500 2
1 2 2 3 185500 2
1 2 2 5 185500 2
1 2 11 4 186000 2
1 2 12 2 186000 2
1 2 12 2 186000 2
1 2 12 4 186000 2
1 2 13 1 186000 2
1 2 13 3 186000 2
1 2 14 5 186000 2
1 2 14 0 186000 2
1 2 15 6 186000 2
1 2 15 5 186000 2
1 2 15 1 186000 2
1 2 6 7 186000 2
1 2 9 6 186000 2
1 2 2 9 186000 2
1 2 3 7 186000 2
1 2 4 7 186000 2
1 2 4 1 186000 2
1 2 5 1 186000 2
1 2 7 2 186000 2
1 2 7 8 186000 2
1 2 8 9 186000 2
1 2 8 8 186000 2
1 2 10 9 186000 2
1 2 9 1 186500 2
1 2 8 9 186500 2
1 2 9 4 186500 2
1 2 11 3 186500 2
1 2 11 5 186500 2
1 2 12 1 186500 2
1 2 12 4 186500 2
1 2 13 4 186500 2
1 2 13 0 186500 2
1 2 14 9 186500 2
1 2 15 6 186500 2
1 2 15 7 186500 2
1 2 8 5 186500 2
1 2 0 1 186500 2
1 2 0 8 186500 2
1 2 2 6 186500 2
1 2 2 5 186500 2
1 2 3 4 186500 2
1 2 4 1 186500 2
1 2 5 8 186500 2
1 2 6 2 186500 2
1 2 6 3 186500 2
1 2 7 2 186500 2
1 2 10 6 187000 2
1 2 14 3 187000 2
1 2 13 7 187000 2
1 2 12 4 187000 2
1 2 10 9 187000 2
1 2 8 0 187000 2
1 2 7 9 187000 2
1 2 6 2 187000 2
1 2 4 3 187000 2
1 2 4 6 187000 2
1 2 4 1 187000 2
1 2 3 2 187000 2
1 2 2 9 187000 2
1 2 0 8 187000 2
1 2 1 5 187000 2
1 2 0 3 187000 2
1 2 0 4 187000 2
1 2 4 7 187000 2
1 2 11 2 187500 2
1 2 7 9 187500 2
1 2 11 3 187500 2
1 2 12 8 187500 2
1 2 12 6 187500 2
1 2 12 4 187500 2
1 2 15 6 187500 2
1 2 15 7 187500 2
1 2 15 2 187500 2
1 2 11 6 187500 2
1 2 9 3 187500 2
1 2 7 3 187500 2
1 2 6 8 187500 2
1 2 4 6 187500 2
1 2 3 2 187500 2
1 2 3 5 187500 2
1 2 2 9 187500 2
1 2 0 9 187500 2
1 2 11 4 188000 2
1 2 12 2 188000 2
1 2 12 4 188000 2
1 2 12 2 188000 2
1 2 12 8 188000 2
1 2 13 0 188000 2
1 2 14 4 188000 2
1 2 15 2 188000 2
1 2 13 5 188000 2
1 2 7 8 188000 2
1 2 9 4 188000 2
1 2 0 1 188000 2
1 2 2 4 188000 2
1 2 2 5 188000 2
1 2 0 1 188000 2
1 2 5 5 188000 2
1 2 5 4 188000 2
1 2 6 1 188000 2
1 2 4 1 188000 2
1 2 7 0 188500 2
1 2 15 8 188500 2
1 2 12 3 188500 2
1 2 12 6 188500 2
1 2 11 5 188500 2
1 2 11 4 188500 2
1 2 11 7 188500 2
1 2 7 3 188500 2
1 2 6 3 188500 2
1 2 6 3 188500 2
1 2 5 6 188500 2
1 2 5 4 188500 2
1 2 5 9 188500 2
1 2 3 2 188500 2
1 2 3 3 188500 2
1 2 1 2 188500 2
1 2 1 7 188500 2
1 2 10 1 189000 2
1 2 15 7 189000 2
1 2 14 4 189000 2
1 2 13 8 189000 2
1 2 11 6 189000 2
1 2 10 9 189000 2
1 2 0 6 189000 2
1 2 1 1 189000 2
1 2 2 1 189000 2
1 2 6 3 189000 2
1 2 4 3 189000 2
1 2 13 0 189500 2
1 2 12 8 189500 2
1 2 11 5 189500 2
1 2 5 7 189500 2
1 2 3 3 189500 2
1 2 2 6 189500 2
1 2 2 2 189500 2
1 2 1 3 189500 2
1 2 1 7 189500 2
1 2 0 8 189500 2
1 2 2 2 190000 2
1 2 4 5 190000 2
1 2 4 6 190000 2
1 2 4 4 190000 2
1 2 12 8 190000 2
1 2 14 2 190000 2
1 2 14 9 190000 2
1 2 15 0 190000 2
1 2 10 6 190500 2
1 2 7 3 190500 2
1 2 12 6 190500 2
1 2 14 5 190500 2
1 2 13 6 190500 2
1 2 6 9 190500 2
1 2 6 3 190500 2
1 2 3 7 190500 2
1 2 3 0 190500 2
1 2 6 5 190500 2
1 2 5 2 191000 2
1 2 15 6 191000 2
1 2 15 5 191000 2
1 2 12 6 191000 2
1 2 11 4 191000 2
1 2 11 1 191000 2
1 2 9 5 191000 2
1 2 9 4 191000 2
1 2 6 2 191000 2
1 2 6 6 191000 2
1 2 4 1 191000 2
1 2 4 3 191000 2
1 2 4 8 191000 2
1 2 3 1 191000 2
1 2 2 6 191000 2
1 2 1 5 191000 2
1 2 1 5 191000 2
1 2 1 7 191000 2
1 2 1 2 191000 2
1 2 0 1 191000 2
1 2 0 0 191000 2
1 2 9 4 191500 2
1 2 10 1 191500 2
1 2 10 1 191500 2
1 2 11 1 191500 2
1 2 14 5 191500 2
1 2 6 1 191500 2
1 2 6 5 191500 2
1 2 4 8 191500 2
1 2 4 3 191500 2
1 2 3 7 191500 2
1 2 7 3 191500 2
1 2 11 1 192000 2
1 2 6 2 192000 2
1 2 6 9 192000 2
1 2 6 2 192000 2
1 2 4 8 192000 2
1 2 4 1 192000 2
1 2 2 7 192000 2
1 2 1 6 192000 2
1 2 1 2 192000 2
1 2 4 4 192000 2
1 2 6 8 192500 2
1 2 7 6 192500 2
1 2 7 8 192500 2
1 2 8 4 192500 2
1 2 8 1 192500 2
1 2 9 6 192500 2
1 2 10 5 192500 2
1 2 11 7 192500 2
1 2 12 8 192500 2
1 2 12 4 192500 2
1 2 12 4 192500 2
1 2 13 8 192500 2
1 2 14 9 192500 2
1 2 15 6 192500 2
1 2 6 1 192500 2
1 2 6 3 192500 2
1 2 0 2 192500 2
1 2 0 8 192500 2
1 2 2 5 192500 2
1 2 2 2 192500 2
1 2 2 6 192500 2
1 2 3 4 192500 2
1 2 4 3 192500 2
1 2 4 8 192500 2
1 2 4 4 192500 2
1 2 5 5 192500 2
1 2 5 9 192500 2
1 2 3 7 192500 2
1 2 10 7 193000 2
1 2 11 9 193000 2
1 2 11 0 193000 2
1 2 11 4 193000 2
1 2 12 6 193000 2
1 2 12 6 193000 2
1 2 13 7 193000 2
1 2 14 4 193000 2
1 2 14 3 193000 2
1 2 14 9 193000 2
1 2 15 9 193000 2
1 2 15 5 193000 2
1 2 15 1 193000 2
1 2 10 5 193000 2
1 2 4 6 193000 2
1 2 0 4 193000 2
1 2 8 0 193000 2
1 2 0 1 193000 2
1 2 1 4 193000 2
1 2 1 4 193000 2
1 2 3 4 193000 2
1 2 3 4 193000 2
1 2 4 1 193000 2
1 2 4 4 193000 2
1 2 5 6 193000 2
1 2 5 9 193000 2
1 2 6 3 193000 2
1 2 7 0 193000 2
1 2 7 9 193000 2
1 2 8 8 193500 2
1 2 9 3 193500 2
1 2 9 0 193500 2
1 2 15 4 193500 2
1 2 8 7 193500 2
1 2 8 4 193500 2
1 2 7 8 193500 2
1 2 7 3 193500 2
1 2 10 3 193500 2
1 2 10 6 193500 2
1 2 11 0 193500 2
1 2 11 3 193500 2
1 2 11 4 193500 2
1 2 12 6 193500 2
1 2 12 9 193500 2
1 2 7 9 193500 2
1 2 5 9 193500 2
1 2 6 9 193500 2
1 2 0 8 193500 2
1 2 0 4 193500 2
1 2 0 3 193500 2
1 2 2 0 193500 2
1 2 2 5 193500 2
1 2 2 2 193500 2
1 2 2 0 193500 2
1 2 2 8 193500 2
1 2 3 4 193500 2
1 2 3 4 193500 2
1 2 3 9 193500 2
1 2 4 1 193500 2
1 2 4 0 193500 2
1 2 5 9 193500 2
1 2 7 9 194000 2
1 2 8 7 194000 2
1 2 8 9 194000 2
1 2 8 8 194000 2
1 2 8 9 194000 2
1 2 9 3 194000 2
1 2 10 6 194000 2
1 2 11 2 194000 2
1 2 11 9 194000 2
1 2 11 2 194000 2
1 2 12 5 194000 2
1 2 12 5 194000 2
1 2 12 6 194000 2
1 2 14 4 194000 2
1 2 15 8 194000 2
1 2 15 1 194000 2
1 2 8 7 194000 2
1 2 0 1 194000 2
1 2 1 4 194000 2
1 2 2 5 194000 2
1 2 2 7 194000 2
1 2 3 4 194000 2
1 2 3 5 194000 2
1 2 4 4 194000 2
1 2 5 3 194000 2
1 2 5 7 194000 2
1 2 6 8 194000 2
1 2 6 4 194000 2
1 2 7 7 194000 2
1 2 7 5 194000 2
1 2 8 7 194000 2
1 2 4 8 194000 2
1 2 7 3 194500 2
1 2 8 6 194500 2
1 2 8 0 194500 2
1 2 8 3 194500 2
1 2 10 9 194500 2
1 2 11 0 194500 2
1 2 11 3 194500 2
1 2 11 7 194500 2
1 2 12 6 194500 2
1 2 13 4 194500 2
1 2 14 8 194500 2
1 2 14 9 194500 2
1 2 15 1 194500 2
1 2 7 7 194500 2
1 2 7 0 194500 2
1 2 0 6 194500 2
1 2 2 0 194500 2
1 2 2 4 194500 2
1 2 4 3 194500 2
1 2 4 0 194500 2
1 2 5 9 194500 2
1 2 6 1 194500 2
1 2 6 7 194500 2
1 2 6 9 194500 2
1 2 7 3 194500 2
1 2 5 4 194500 2
1 2 10 8 195000 2
1 2 10 3 195000 2
1 2 11 7 195000 2
1 2 11 4 195000 2
1 2 13 6 195000 2
1 2 13 3 195000 2
1 2 13 5 195000 2
1 2 13 7 195000 2
1 2 14 3 195000 2
1 2 14 3 195000 2
1 2 14 9 195000 2
1 2 15 6 195000 2
1 2 15 8 195000 2
1 2 8 7 195000 2
1 2 10 9 195000 2
1 2 0 8 195000 2
1 2 1 4 195000 2
1 2 2 5 195000 2
1 2 2 2 195000 2
1 2 3 7 195000 2
1 2 4 7 195000 2
1 2 5 9 195000 2
1 2 5 9 195000 2
1 2 6 8 195000 2
1 2 6 7 195000 2
1 2 7 2 195000 2
1 2 7 6 195000 2
1 2 8 6 195000 2
1 2 8 6 195500 2
1 2 10 9 195500 2
1 2 11 5 195500 2
1 2 11 0 195500 2
1 2 11 7 195500 2
1 2 12 4 195500 2
1 2 12 4 195500 2
1 2 13 4 195500 2
1 2 15 8 195500 2
1 2 15 6 195500 2
1 2 15 6 195500 2
1 2 13 5 195500 2
1 2 1 4 195500 2
1 2 6 7 195500 2
1 2 0 3 195500 2
1 2 1 4 195500 2
1 2 0 8 195500 2
1 2 3 8 195500 2
1 2 3 4 195500 2
1 2 3 7 195500 2
1 2 4 0 195500 2
1 2 4 8 195500 2
1 2 5 4 195500 2
1 2 5 8 195500 2
1 2 6 4 195500 2
1 2 6 2 196000 2
1 2 10 7 196000 2
1 2 6 0 196000 2
1 2 6 5 196000 2
1 2 8 1 196000 2
1 2 8 9 196000 2
1 2 8 3 196000 2
1 2 9 1 196000 2
1 2 10 1 196000 2
1 2 10 8 196000 2
1 2 11 1 196000 2
1 2 11 8 196000 2
1 2 12 4 196000 2
1 2 12 2 196000 2
1 2 12 9 196000 2
1 2 5 3 196000 2
1 2 5 9 196000 2
1 2 0 4 196000 2
1 2 0 7 196000 2
1 2 0 4 196000 2
1 2 0 4 196000 2
1 2 1 2 196000 2
1 2 3 4 196000 2
1 2 3 2 196000 2
1 2 3 4 196000 2
1 2 4 9 196000 2
1 2 4 4 196000 2
1 2 4 7 196000 2
1 2 4 4 196000 2
1 2 4 5 196000 2
1 2 5 4 196000 2
1 2 15 1 196500 2
1 2 14 4 196500 2
1 2 13 8 196500 2
1 2 12 6 196500 2
1 2 12 2 196500 2
1 2 11 4 196500 2
1 2 6 3 196500 2
1 2 11 4 196500 2
1 2 10 6 196500 2
1 2 7 9 196500 2
1 2 7 4 196500 2
1 2 5 3 196500 2
1 2 3 5 196500 2
1 2 3 7 196500 2
1 2 2 4 196500 2
1 2 0 8 196500 2
1 2 0 5 196500 2
1 2 9 6 196500 2
1 2 8 9 197000 2
1 2 9 3 197000 2
1 2 10 9 197000 2
1 2 11 9 197000 2
1 2 11 4 197000 2
1 2 12 4 197000 2
1 2 13 6 197000 2
1 2 14 4 197000 2
1 2 14 4 197000 2
1 2 2 6 197000 2
1 2 7 8 197000 2
1 2 8 4 197000 2
1 2 1 2 197000 2
1 2 2 7 197000 2
1 2 2 6 197000 2
1 2 0 8 197000 2
1 2 3 8 197000 2
1 2 3 4 197000 2
1 2 5 8 197000 2
1 2 6 3 197000 2
1 2 15 2 197500 2
1 2 13 7 197500 2
1 2 12 7 197500 2
1 2 9 1 197500 2
1 2 9 0 197500 2
1 2 9 5 197500 2
1 2 8 7 197500 2
1 2 8 9 197500 2
1 2 7 1 197500 2
1 2 6 3 197500 2
1 2 4 7 197500 2
1 2 3 4 197500 2
1 2 2 6 197500 2
1 2 2 9 197500 2
1 2 8 2 197500 2
1 2 11 5 198000 2
1 2 15 4 198000 2
1 2 15 0 198000 2
1 2 14 9 198000 2
1 2 13 2 198000 2
1 2 12 6 198000 2
1 2 10 4 198000 2
1 2 8 4 198000 2
1 2 7 6 198000 2
1 2 5 8 198000 2
1 2 3 8 198000 2
1 2 3 7 198000 2
1 2 1 3 198000 2
1 2 9 5 198000 2
1 2 8 8 198500 2
1 2 10 9 198500 2
1 2 11 9 198500 2
1 2 12 7 198500 2
1 2 14 7 198500 2
1 2 14 9 198500 2
1 2 14 2 198500 2
1 2 15 0 198500 2
1 2 15 3 198500 2
1 2 15 1 198500 2
1 2 7 4 198500 2
1 2 8 8 198500 2
1 2 0 2 198500 2
1 2 1 2 198500 2
1 2 2 3 198500 2
1 2 2 6 198500 2
1 2 2 6 198500 2
1 2 3 7 198500 2
1 2 4 6 198500 2
1 2 5 3 198500 2
1 2 6 1 198500 2
1 2 15 0 199000 2
1 2 7 7 199000 2
1 2 7 5 199000 2
1 2 7 9 199000 2
1 2 8 9 199000 2
1 2 9 6 199000 2
1 2 12 7 199000 2
1 2 13 6 199000 2
1 2 14 3 199000 2
1 2 14 0 199000 2
1 2 15 6 199000 2
1 2 15 2 199000 2
1 2 5 9 199000 2
1 2 6 3 199000 2
1 2 0 3 199000 2
1 2 0 8 199000 2
1 2 0 9 199000 2
1 2 1 9 199000 2
1 2 2 5 199000 2
1 2 2 1 199000 2
1 2 2 0 199000 2
1 2 3 8 199000 2
1 2 3 4 199000 2
1 2 4 8 199000 2
1 2 15 1 199500 2
1 2 15 6 199500 2
1 2 15 4 199500 2
1 2 15 2 199500 2
1 2 14 7 199500 2
1 2 14 0 199500 2
1 2 13 8 199500 2
1 2 12 2 199500 2
1 2 11 4 199500 2
1 2 9 3 199500 2
1 2 11 3 199500 2
1 2 8 6 199500 2
1 2 0 5 199500 2
1 2 1 2 199500 2
1 2 1 4 199500 2
1 2 3 2 199500 2
1 2 4 2 199500 2
1 2 7 0 199500 2
1 2 7 4 199500 2
1 2 8 7 199500 2
1 2 11 4 199500 2
1 2 15 1 200000 2
1 2 13 5 200000 2
1 2 13 8 200000 2
1 2 11 7 200000 2
1 2 11 9 200000 2
1 2 11 3 200000 2
1 2 10 1 200000 2
1 2 9 3 200000 2
1 2 8 3 200000 2
1 2 8 2 200000 2
1 2 7 8 200000 2
1 2 7 7 200000 2
1 2 6 1 200000 2
1 2 5 4 200000 2
1 2 5 4 200000 2
1 2 3 2 200000 2
1 2 2 8 200000 2
1 2 8 7 200000 2
1 2 9 6 200500 2
1 2 15 4 200500 2
1 2 10 8 200500 2
1 2 10 8 200500 2
1 2 11 3 200500 2
1 2 11 2 200500 2
1 2 12 6 200500 2
1 2 13 7 200500 2
1 2 13 8 200500 2
1 2 14 7 200500 2
1 2 15 8 200500 2
1 2 9 3 200500 2
1 2 8 7 200500 2
1 2 6 7 200500 2
1 2 4 3 200500 2
1 2 4 8 200500 2
1 2 3 8 200500 2
1 2 2 2 200500 2
1 2 2 8 200500 2
1 2 1 9 200500 2
1 2 0 6 200500 2
1 2 9 3 200500 2
1 2 9 0 201000 2
1 2 9 5 201000 2
1 2 10 6 201000 2
1 2 11 3 201000 2
1 2 11 9 201000 2
1 2 11 0 201000 2
1 2 11 6 201000 2
1 2 12 6 201000 2
1 2 12 6 201000 2
1 2 13 6 201000 2
1 2 15 8 201000 2
1 2 8 8 201000 2
1 2 0 4 201000 2
1 2 0 8 201000 2
1 2 2 1 201000 2
1 2 4 2 201000 2
1 2 4 2 201000 2
1 2 4 0 201000 2
1 2 5 6 201000 2
1 2 5 3 201000 2
1 2 9 7 201000 2
1 2 11 6 201500 2
1 2 15 0 201500 2
1 2 15 1 201500 2
1 2 14 0 201500 2
1 2 14 5 201500 2
1 2 13 7 201500 2
1 2 12 6 201500 2
1 2 11 4 201500 2
1 2 6 1 201500 2
1 2 1 3 201500 2
1 2 6 2 201500 2
1 2 5 7 201500 2
1 2 4 4 201500 2
1 2 3 0 201500 2
1 2 2 9 201500 2
1 2 1 7 201500 2
1 2 6 3 201500 2
1 2 12 6 202000 2
1 2 12 5 202000 2
1 2 13 3 202000 2
1 2 13 8 202000 2
1 2 13 2 202000 2
1 2 14 9 202000 2
1 2 14 9 202000 2
1 2 14 8 202000 2
1 2 15 0 202000 2
1 2 15 3 202000 2
1 2 15 2 202000 2
1 2 9 4 202000 2
1 2 8 2 202000 2
1 2 7 4 202000 2
1 2 5 9 202000 2
1 2 4 8 202000 2
1 2 3 8 202000 2
1 2 3 9 202000 2
1 2 3 1 202000 2
1 2 2 2 202000 2
1 2 11 4 202000 2
1 2 0 1 202000 2
1 2 12 8 202500 2
1 2 15 0 202500 2
1 2 12 8 202500 2
1 2 11 0 202500 2
1 2 11 0 202500 2
1 2 10 8 202500 2
1 2 13 6 202500 2
1 2 14 2 202500 2
1 2 15 7 202500 2
1 2 15 1 202500 2
1 2 1 4 202500 2
1 2 7 9 202500 2
1 2 9 7 202500 2
1 2 0 1 202500 2
1 2 2 2 202500 2
1 2 3 1 202500 2
1 2 3 3 202500 2
1 2 4 2 202500 2
1 2 4 3 202500 2
1 2 4 8 202500 2
1 2 5 4 202500 2
1 2 6 8 202500 2
1 2 12 6 203000 2
1 2 12 4 203000 2
1 2 13 8 203000 2
1 2 9 1 203000 2
1 2 13 6 203000 2
1 2 13 6 203000 2
1 2 13 6 203000 2
1 2 13 6 203000 2
1 2 14 2 203000 2
1 2 14 0 203000 2
1 2 15 6 203000 2
1 2 15 6 203000 2
1 2 12 6 203000 2
1 2 12 2 203000 2
1 2 1 0 203000 2
1 2 3 7 203000 2
1 2 3 9 203000 2
1 2 3 1 203000 2
1 2 4 3 203000 2
1 2 5 6 203000 2
1 2 9 4 203000 2
1 2 10 6 203000 2
1 2 11 8 203000 2
1 2 4 6 203000 2
1 2 10 7 203500 2
1 2 10 0 203500 2
1 2 10 6 203500 2
1 2 12 2 203500 2
1 2 12 8 203500 2
1 2 12 8 203500 2
1 2 12 6 203500 2
1 2 12 6 203500 2
1 2 12 4 203500 2
1 2 13 6 203500 2
1 2 13 0 203500 2
1 2 15 6 203500 2
1 2 0 5 203500 2
1 2 9 7 203500 2
1 2 3 4 203500 2
1 2 3 1 203500 2
1 2 4 9 203500 2
1 2 6 9 203500 2
1 2 7 9 203500 2
1 2 9 4 203500 2
1 2 9 4 203500 2
1 2 9 6 203500 2
1 2 8 9 203500 2
1 2 7 5 203500 2
1 2 8 6 204000 2
1 2 15 6 204000 2
1 2 15 0 204000 2
1 2 13 6 204000 2
1 2 12 6 204000 2
1 2 11 0 204000 2
1 2 11 2 204000 2
1 2 11 4 204000 2
1 2 11 9 204000 2
1 2 9 0 204000 2
1 2 9 6 204000 2
1 2 7 9 204000 2
1 2 8 9 204000 2
1 2 0 0 204000 2
1 2 2 5 204000 2
1 2 2 6 204000 2
1 2 2 7 204000 2
1 2 2 2 204000 2
1 2 3 3 204000 2
1 2 3 2 204000 2
1 2 4 2 204000 2
1 2 6 6 204000 2
1 2 7 5 204500 2
1 2 9 2 204500 2
1 2 9 1 204500 2
1 2 11 0 204500 2
1 2 12 6 204500 2
1 2 13 8 204500 2
1 2 14 5 204500 2
1 2 14 7 204500 2
1 2 15 5 204500 2
1 2 15 5 204500 2
1 2 3 5 204500 2
1 2 15 9 204500 2
1 2 6 2 204500 2
1 2 6 9 204500 2
1 2 2 7 204500 2
1 2 3 1 204500 2
1 2 3 8 204500 2
1 2 4 3 204500 2
1 2 4 5 204500 2
1 2 5 9 204500 2
1 2 5 5 204500 2
1 2 5 5 204500 2
1 2 5 2 204500 2
1 2 6 4 204500 2
1 2 15 2 205000 2
1 2 14 0 205000 2
1 2 13 2 205000 2
1 2 11 7 205000 2
1 2 11 4 205000 2
1 2 11 8 205000 2
1 2 10 9 205000 2
1 2 10 1 205000 2
1 2 9 3 205000 2
1 2 9 4 205000 2
1 2 6 0 205000 2
1 2 7 5 205000 2
1 2 0 8 205000 2
1 2 2 7 205000 2
1 2 2 9 205000 2
1 2 2 4 205000 2
1 2 3 4 205000 2
1 2 4 9 205000 2
1 2 4 0 205000 2
1 2 5 4 205000 2
1 2 6 1 205000 2
1 2 7 3 205500 2
1 2 9 2 205500 2
1 2 9 1 205500 2
1 2 10 1 205500 2
1 2 4 6 205500 2
1 2 10 6 205500 2
1 2 11 9 205500 2
1 2 11 3 205500 2
1 2 12 5 205500 2
1 2 13 3 205500 2
1 2 14 4 205500 2
1 2 14 1 205500 2
1 2 14 2 205500 2
1 2 15 2 205500 2
1 2 15 1 205500 2
1 2 6 2 205500 2
1 2 7 2 205500 2
1 2 0 8 205500 2
1 2 0 4 205500 2
1 2 0 1 205500 2
1 2 2 4 205500 2
1 2 2 6 205500 2
1 2 3 8 205500 2
1 2 3 4 205500 2
1 2 3 3 205500 2
1 2 4 4 205500 2
1 2 4 2 205500 2
1 2 5 8 205500 2
1 2 5 1 205500 2
1 2 6 6 205500 2
1 2 7 2 206000 2
1 2 15 8 206000 2
1 2 15 2 206000 2
1 2 14 5 206000 2
1 2 11 0 206000 2
1 2 11 2 206000 2
1 2 11 7 206000 2
1 2 7 4 206000 2
1 2 9 2 206000 2
1 2 6 8 206000 2
1 2 5 9 206000 2
1 2 4 3 206000 2
1 2 2 3 206000 2
1 2 0 4 206000 2
1 2 9 0 206500 2
1 2 11 2 206500 2
1 2 11 9 206500 2
1 2 11 0 206500 2
1 2 11 2 206500 2
1 2 12 8 206500 2
1 2 12 5 206500 2
1 2 14 3 206500 2
1 2 15 7 206500 2
1 2 15 2 206500 2
1 2 0 5 206500 2
1 2 6 4 206500 2
1 2 6 7 206500 2
1 2 6 8 206500 2
1 2 6 1 206500 2
1 2 4 4 206500 2
1 2 3 8 206500 2
1 2 2 1 206500 2
1 2 9 2 206500 2
1 2 0 3 206500 2
1 2 0 9 206500 2
1 2 10 6 207000 2
1 2 10 8 207000 2
1 2 11 0 207000 2
1 2 11 0 207000 2
1 2 13 3 207000 2
1 2 13 9 207000 2
1 2 14 5 207000 2
1 2 14 9 207000 2
1 2 14 7 207000 2
1 2 14 0 207000 2
1 2 15 7 207000 2
1 2 5 3 207000 2
1 2 9 3 207000 2
1 2 9 3 207000 2
1 2 3 8 207000 2
1 2 4 8 207000 2
1 2 4 6 207000 2
1 2 4 0 207000 2
1 2 5 0 207000 2
1 2 1 7 207000 2
1 2 6 3 207000 2
1 2 7 1 207000 2
1 2 8 8 207000 2
1 2 10 9 207500 2
1 2 9 0 207500 2
1 2 10 6 207500 2
1 2 11 2 207500 2
1 2 11 2 207500 2
1 2 11 4 207500 2
1 2 12 9 207500 2
1 2 12 2 207500 2
1 2 13 2 207500 2
1 2 14 3 207500 2
1 2 15 7 207500 2
1 2 15 1 207500 2
1 2 15 8 207500 2
1 2 7 2 207500 2
1 2 9 7 207500 2
1 2 0 1 207500 2
1 2 0 1 207500 2
1 2 3 1 207500 2
1 2 3 4 207500 2
1 2 4 1 207500 2
1 2 4 3 207500 2
1 2 4 6 207500 2
1 2 4 0 207500 2
1 2 5 8 207500 2
1 2 5 7 207500 2
1 2 5 1 207500 2
1 2 7 1 208000 2
1 2 8 7 208000 2
1 2 9 0 208000 2
1 2 10 7 208000 2
1 2 11 4 208000 2
1 2 11 2 208000 2
1 2 13 4 208000 2
1 2 14 1 208000 2
1 2 14 9 208000 2
1 2 14 8 208000 2
1 2 14 7 208000 2
1 2 15 7 208000 2
1 2 15 8 208000 2
1 2 13 9 208000 2
1 2 6 9 208000 2
1 2 7 8 208000 2
1 2 0 3 208000 2
1 2 2 2 208000 2
1 2 3 4 208000 2
1 2 3 8 208000 2
1 2 3 1 208000 2
1 2 4 1 208000 2
1 2 4 7 208000 2
1 2 4 6 208000 2
1 2 5 6 208000 2
1 2 5 2 208000 2
1 2 5 3 208000 2
1 2 6 8 208000 2
1 2 0 6 208000 2
1 2 12 6 208500 2
1 2 12 4 208500 2
1 2 13 4 208500 2
1 2 13 6 208500 2
1 2 13 5 208500 2
1 2 13 6 208500 2
1 2 14 8 208500 2
1 2 15 2 208500 2
1 2 15 9 208500 2
1 2 15 3 208500 2
1 2 11 7 208500 2
1 2 10 1 208500 2
1 2 9 1 208500 2
1 2 9 5 208500 2
1 2 5 9 208500 2
1 2 3 8 208500 2
1 2 2 0 208500 2
1 2 1 3 208500 2
1 2 11 2 208500 2
1 2 0 7 208500 2
1 2 15 4 209000 2
1 2 11 2 209000 2
1 2 12 6 209000 2
1 2 13 4 209000 2
1 2 13 5 209000 2
1 2 13 5 209000 2
1 2 14 5 209000 2
1 2 14 8 209000 2
1 2 14 8 209000 2
1 2 1 5 209000 2
1 2 10 1 209000 2
1 2 10 0 209000 2
1 2 7 5 209000 2
1 2 7 5 209000 2
1 2 5 5 209000 2
1 2 5 3 209000 2
1 2 2 5 209000 2
1 2 1 6 209000 2
1 2 11 0 209000 2
1 2 9 5 209500 2
1 2 9 3 209500 2
1 2 9 0 209500 2
1 2 10 6 209500 2
1 2 11 0 209500 2
1 2 12 4 209500 2
1 2 12 6 209500 2
1 2 13 1 209500 2
1 2 13 4 209500 2
1 2 14 8 209500 2
1 2 15 2 209500 2
1 2 7 2 209500 2
1 2 7 3 209500 2
1 2 1 9 209500 2
1 2 1 4 209500 2
1 2 2 5 209500 2
1 2 2 2 209500 2
1 2 3 2 209500 2
1 2 5 3 209500 2
1 2 5 2 209500 2
1 2 5 3 209500 2
1 2 9 1 210000 2
1 2 14 8 210000 2
1 2 13 5 210000 2
1 2 13 5 210000 2
1 2 11 0 210000 2
1 2 11 9 210000 2
1 2 10 5 210000 2
1 2 10 6 210000 2
1 2 10 0 210000 2
1 2 9 0 210000 2
1 2 4 4 210000 2
1 2 4 4 210000 2
1 2 4 4 210000 2
1 2 4 5 210000 2
1 2 3 8 210000 2
1 2 3 8 210000 2
1 2 2 7 210000 2
1 2 1 3 210000 2
1 2 1 5 210000 2
1 2 7 9 210000 2
1 2 0 8 210000 2
1 2 12 4 210500 2
1 2 15 3 210500 2
1 2 12 6 210500 2
1 2 11 2 210500 2
1 2 11 4 210500 2
1 2 11 3 210500 2
1 2 13 2 210500 2
1 2 13 7 210500 2
1 2 14 8 210500 2
1 2 14 1 210500 2
1 2 0 8 210500 2
1 2 10 1 210500 2
1 2 9 3 210500 2
1 2 8 9 210500 2
1 2 7 9 210500 2
1 2 5 5 210500 2
1 2 4 4 210500 2
1 2 3 4 210500 2
1 2 1 0 210500 2
1 2 0 8 210500 2
1 2 11 7 210500 2
1 2 11 2 211000 2
1 2 11 7 211000 2
1 2 11 8 211000 2
1 2 11 4 211000 2
1 2 12 6 211000 2
1 2 12 1 211000 2
1 2 12 8 211000 2
1 2 13 4 211000 2
1 2 15 2 211000 2
1 2 15 6 211000 2
1 2 15 5 211000 2
1 2 6 4 211000 2
1 2 9 7 211000 2
1 2 10 9 211000 2
1 2 4 4 211000 2
1 2 4 0 211000 2
1 2 5 3 211000 2
1 2 6 6 211000 2
1 2 2 6 211000 2
1 2 6 9 211000 2
1 2 9 5 211000 2
1 2 9 3 211000 2
1 2 6 1 211000 2
1 2 9 6 211500 2
1 2 9 0 211500 2
1 2 10 8 211500 2
1 2 11 0 211500 2
1 2 12 2 211500 2
1 2 12 8 211500 2
1 2 12 4 211500 2
1 2 13 5 211500 2
1 2 14 1 211500 2
1 2 15 0 211500 2
1 2 15 3 211500 2
1 2 9 5 211500 2
1 2 8 8 211500 2
1 2 0 5 211500 2
1 2 1 2 211500 2
1 2 2 7 211500 2
1 2 3 6 211500 2
1 2 3 4 211500 2
1 2 4 4 211500 2
1 2 5 5 211500 2
1 2 6 2 211500 2
1 2 6 4 211500 2
1 2 7 3 211500 2
1 2 7 8 211500 2
1 2 8 7 211500 2
1 2 9 9 212000 2
1 2 9 5 212000 2
1 2 9 6 212000 2
1 2 11 2 212000 2
1 2 11 3 212000 2
1 2 13 3 212000 2
1 2 13 2 212000 2
1 2 13 1 212000 2
1 2 13 5 212000 2
1 2 13 5 212000 2
1 2 14 2 212000 2
1 2 15 8 212000 2
1 2 7 7 212000 2
1 2 8 9 212000 2
1 2 0 4 212000 2
1 2 1 7 212000 2
1 2 1 5 212000 2
1 2 2 3 212000 2
1 2 2 6 212000 2
1 2 3 4 212000 2
1 2 3 4 212000 2
1 2 4 5 212000 2
1 2 4 1 212000 2
1 2 4 3 212000 2
1 2 5 1 212500 2
1 2 15 4 212500 2
1 2 13 3 212500 2
1 2 12 4 212500 2
1 2 12 8 212500 2
1 2 7 8 212500 2
1 2 7 0 212500 2
1 2 7 1 212500 2
1 2 6 7 212500 2
1 2 6 6 212500 2
1 2 5 3 212500 2
1 2 3 8 212500 2
1 2 3 6 212500 2
1 2 2 8 212500 2
1 2 0 9 212500 2
1 2 8 0 213000 2
1 2 11 5 213000 2
1 2 11 9 213000 2
1 2 10 9 213000 2
1 2 9 9 213000 2
1 2 8 7 213000 2
1 2 7 9 213000 2
1 2 7 3 213000 2
1 2 6 8 213000 2
1 2 5 9 213000 2
1 2 4 6 213000 2
1 2 1 9 213000 2
1 2 0 6 213000 2
1 2 7 9 213000 2
1 2 8 1 213500 2
1 2 13 5 213500 2
1 2 13 1 213500 2
1 2 11 3 213500 2
1 2 11 2 213500 2
1 2 9 5 213500 2
1 2 7 3 213500 2
1 2 6 0 213500 2
1 2 4 8 213500 2
1 2 4 6 213500 2
1 2 2 5 213500 2
1 2 2 5 214000 2
1 2 15 9 214000 2
1 2 13 5 214000 2
1 2 10 3 214000 2
1 2 10 5 214000 2
1 2 9 1 214000 2
1 2 8 3 214000 2
1 2 6 6 214000 2
1 2 5 9 214000 2
1 2 4 8 214000 2
1 2 3 8 214000 2
1 2 15 5 214500 2
1 2 14 9 214500 2
1 2 14 3 214500 2
1 2 13 9 214500 2
1 2 8 2 214500 2
1 2 13 6 214500 2
1 2 11 4 214500 2
1 2 9 2 214500 2
1 2 7 6 214500 2
1 2 6 2 214500 2
1 2 5 5 214500 2
1 2 3 9 214500 2
1 2 10 6 214500 2
1 2 6 4 215000 2
1 2 12 4 215000 2
1 2 11 2 215000 2
1 2 8 0 215000 2
1 2 7 9 215000 2
1 2 7 7 215000 2
1 2 5 4 215000 2
1 2 4 3 215000 2
1 2 4 6 215000 2
1 2 3 8 215000 2
1 2 3 8 215000 2
1 2 0 6 215000 2
1 2 0 6 215000 2
1 2 14 5 215500 2
1 2 15 1 215500 2
1 2 14 3 215500 2
1 2 13 0 215500 2
1 2 11 4 215500 2
1 2 10 4 215500 2
1 2 10 4 215500 2
1 2 10 6 215500 2
1 2 8 9 215500 2
1 2 8 0 215500 2
1 2 4 5 215500 2
1 2 5 3 215500 2
1 2 3 7 215500 2
1 2 5 0 215500 2
1 2 7 2 215500 2
1 2 7 4 215500 2
1 2 7 9 215500 2
1 2 12 8 216000 2
1 2 11 7 216000 2
1 2 8 9 216000 2
1 2 7 3 216000 2
1 2 7 3 216000 2
1 2 7 7 216000 2
1 2 7 8 216000 2
1 2 5 5 216000 2
1 2 5 0 216000 2
1 2 4 3 216000 2
1 2 4 1 216000 2
1 2 4 6 216000 2
1 2 3 7 216000 2
1 2 3 2 216000 2
1 2 3 5 216000 2
1 2 3 4 216000 2
1 2 3 5 216000 2
1 2 0 6 216000 2
1 2 5 4 216000 2
1 2 10 6 216500 2
1 2 10 8 216500 2
1 2 11 8 216500 2
1 2 12 6 216500 2
1 2 13 4 216500 2
1 2 14 8 216500 2
1 2 15 0 216500 2
1 2 15 3 216500 2
1 2 15 9 216500 2
1 2 4 5 216500 2
1 2 15 3 216500 2
1 2 10 5 216500 2
1 2 10 7 216500 2
1 2 1 2 216500 2
1 2 4 1 216500 2
1 2 4 7 216500 2
1 2 4 9 216500 2
1 2 8 4 216500 2
1 2 8 5 216500 2
1 2 9 8 216500 2
1 2 9 2 216500 2
1 2 5 0 216500 2
1 2 8 9 217000 2
1 2 9 5 217000 2
1 2 9 5 217000 2
1 2 9 5 217000 2
1 2 10 6 217000 2
1 2 10 8 217000 2
1 2 11 9 217000 2
1 2 12 2 217000 2
1 2 12 6 217000 2
1 2 12 4 217000 2
1 2 13 3 217000 2
1 2 14 8 217000 2
1 2 15 8 217000 2
1 2 6 9 217000 2
1 2 0 6 217000 2
1 2 0 3 217000 2
1 2 2 4 217000 2
1 2 3 1 217000 2
1 2 3 2 217000 2
1 2 4 8 217000 2
1 2 5 9 217000 2
1 2 5 2 217000 2
1 2 5 6 217000 2
1 2 7 8 217000 2
1 2 4 7 217000 2
1 2 10 7 217500 2
1 2 10 6 217500 2
1 2 11 9 217500 2
1 2 12 6 217500 2
1 2 12 2 217500 2
1 2 14 9 217500 2
1 2 15 0 217500 2
1 2 15 0 217500 2
1 2 15 6 217500 2
1 2 15 0 217500 2
1 2 11 8 217500 2
1 2 8 4 217500 2
1 2 8 0 217500 2
1 2 0 1 217500 2
1 2 4 5 217500 2
1 2 5 6 217500 2
1 2 5 0 217500 2
1 2 5 4 217500 2
1 2 6 8 217500 2
1 2 7 3 217500 2
1 2 0 3 217500 2
1 2 7 3 217500 2
1 2 6 8 217500 2
1 2 8 4 218000 2
1 2 8 7 218000 2
1 2 9 8 218000 2
1 2 9 2 218000 2
1 2 11 4 218000 2
1 2 11 8 218000 2
1 2 12 9 218000 2
1 2 12 2 218000 2
1 2 12 8 218000 2
1 2 15 8 218000 2
1 2 15 4 218000 2
1 2 14 8 218000 2
1 2 8 7 218000 2
1 2 8 5 218000 2
1 2 0 6 218000 2
1 2 1 2 218000 2
1 2 0 3 218000 2
1 2 2 8 218000 2
1 2 3 8 218000 2
1 2 4 1 218000 2
1 2 4 6 218000 2
1 2 5 4 218000 2
1 2 6 0 218000 2
1 2 7 4 218000 2
1 2 4 2 218000 2
1 2 8 7 218500 2
1 2 9 2 218500 2
1 2 4 6 218500 2
1 2 10 5 218500 2
1 2 10 3 218500 2
1 2 12 6 218500 2
1 2 12 8 218500 2
1 2 14 9 218500 2
1 2 15 8 218500 2
1 2 15 7 218500 2
1 2 15 2 218500 2
1 2 15 9 218500 2
1 2 6 6 218500 2
1 2 0 2 218500 2
1 2 0 5 218500 2
1 2 0 3 218500 2
1 2 0 8 218500 2
1 2 1 8 218500 2
1 2 2 9 218500 2
1 2 2 6 218500 2
1 2 4 3 218500 2
1 2 4 2 218500 2
1 2 4 2 218500 2
1 2 6 4 218500 2
1 2 0 1 219000 2
1 2 15 6 219000 2
1 2 13 4 219000 2
1 2 12 4 219000 2
1 2 11 6 219000 2
1 2 11 6 219000 2
1 2 10 3 219000 2
1 2 10 0 219000 2
1 2 8 5 219000 2
1 2 7 6 219000 2
1 2 6 1 219000 2
1 2 4 2 219000 2
1 2 2 2 219000 2
1 2 2 6 219000 2
1 2 8 7 219000 2
1 2 8 7 219500 2
1 2 15 6 219500 2
1 2 9 2 219500 2
1 2 10 7 219500 2
1 2 12 2 219500 2
1 2 12 8 219500 2
1 2 15 0 219500 2
1 2 15 7 219500 2
1 2 15 3 219500 2
1 2 15 3 219500 2
1 2 2 8 219500 2
1 2 8 0 219500 2
1 2 0 8 219500 2
1 2 3 4 219500 2
1 2 3 8 219500 2
1 2 3 3 219500 2
1 2 4 3 219500 2
1 2 4 1 219500 2
1 2 4 5 219500 2
1 2 5 8 219500 2
1 2 6 3 219500 2
1 2 10 5 220000 2
1 2 15 8 220000 2
1 2 15 0 220000 2
1 2 13 8 220000 2
1 2 12 2 220000 2
1 2 12 8 220000 2
1 2 12 6 220000 2
1 2 11 1 220000 2
1 2 9 3 220000 2
1 2 8 4 220000 2
1 2 7 8 220000 2
1 2 6 9 220000 2
1 2 5 4 220000 2
1 2 4 8 220000 2
1 2 0 8 220000 2
1 2 10 6 220000 2
1 2 8 0 220500 2
1 2 8 5 220500 2
1 2 9 0 220500 2
1 2 10 7 220500 2
1 2 11 1 220500 2
1 2 12 2 220500 2
1 2 13 6 220500 2
1 2 15 8 220500 2
1 2 15 9 220500 2
1 2 8 3 220500 2
1 2 6 3 220500 2
1 2 0 8 220500 2
1 2 5 6 220500 2
1 2 4 5 220500 2
1 2 4 0 220500 2
1 2 3 8 220500 2
1 2 3 6 220500 2
1 2 2 5 220500 2
1 2 2 8 220500 2
1 2 7 9 220500 2
1 2 9 0 221000 2
1 2 14 9 221000 2
1 2 10 8 221000 2
1 2 11 1 221000 2
1 2 11 0 221000 2
1 2 11 4 221000 2
1 2 11 0 221000 2
1 2 11 4 221000 2
1 2 14 5 221000 2
1 2 14 4 221000 2
1 2 15 0 221000 2
1 2 15 8 221000 2
1 2 3 9 221000 2
1 2 9 6 221000 2
1 2 2 6 221000 2
1 2 0 9 221000 2
1 2 4 8 221000 2
1 2 6 7 221000 2
1 2 6 0 221000 2
1 2 6 3 221000 2
1 2 7 3 221000 2
1 2 8 7 221000 2
1 2 9 4 221000 2
1 2 9 6 221000 2
1 2 9 2 221500 2
1 2 15 9 221500 2
1 2 15 0 221500 2
1 2 14 2 221500 2
1 2 13 3 221500 2
1 2 12 8 221500 2
1 2 11 3 221500 2
1 2 10 4 221500 2
1 2 10 6 221500 2
1 2 9 6 221500 2
1 2 8 5 221500 2
1 2 8 1 221500 2
1 2 7 3 221500 2
1 2 6 9 221500 2
1 2 4 8 221500 2
1 2 0 3 221500 2
1 2 9 0 221500 2
1 2 8 7 222000 2
1 2 9 4 222000 2
1 2 10 3 222000 2
1 2 11 3 222000 2
1 2 11 8 222000 2
1 2 11 0 222000 2
1 2 11 7 222000 2
1 2 11 0 222000 2
1 2 13 8 222000 2
1 2 14 5 222000 2
1 2 15 9 222000 2
1 2 6 1 222000 2
1 2 7 5 222000 2
1 2 1 7 222000 2
1 2 1 2 222000 2
1 2 1 2 222000 2
1 2 2 8 222000 2
1 2 2 6 222000 2
1 2 3 4 222000 2
1 2 3 9 222000 2
1 2 4 6 222000 2
1 2 4 2 222000 2
1 2 6 4 222000 2
1 2 8 0 222500 2
1 2 14 1 222500 2
1 2 14 0 222500 2
1 2 13 8 222500 2
1 2 11 6 222500 2
1 2 11 8 222500 2
1 2 11 9 222500 2
1 2 9 2 222500 2
1 2 9 6 222500 2
1 2 8 9 222500 2
1 2 6 0 222500 2
1 2 6 8 222500 2
1 2 5 9 222500 2
1 2 5 5 222500 2
1 2 4 1 222500 2
1 2 2 2 222500 2
1 2 0 9 222500 2
1 2 7 3 223000 2
1 2 3 3 223000 2
1 2 8 7 223000 2
1 2 8 3 223000 2
1 2 9 4 223000 2
1 2 10 4 223000 2
1 2 11 3 223000 2
1 2 11 8 223000 2
1 2 13 6 223000 2
1 2 14 8 223000 2
1 2 15 8 223000 2
1 2 15 4 223000 2
1 2 6 0 223000 2
1 2 7 1 223000 2
1 2 0 6 223000 2
1 2 1 6 223000 2
1 2 1 7 223000 2
1 2 2 2 223000 2
1 2 4 8 223000 2
1 2 4 4 223000 2
1 2 5 4 223000 2
1 2 6 6 223000 2
1 2 6 2 223000 2
1 2 8 2 223500 2
1 2 9 0 223500 2
1 2 11 1 223500 2
1 2 11 1 223500 2
1 2 11 7 223500 2
1 2 11 7 223500 2
1 2 11 0 223500 2
1 2 11 1 223500 2
1 2 12 8 223500 2
1 2 13 6 223500 2
1 2 14 5 223500 2
1 2 1 3 223500 2
1 2 14 8 223500 2
1 2 14 0 223500 2
1 2 6 3 223500 2
1 2 7 2 223500 2
1 2 0 7 223500 2
1 2 0 8 223500 2
1 2 2 2 223500 2
1 2 2 8 223500 2
1 2 3 6 223500 2
1 2 3 6 223500 2
1 2 4 5 223500 2
1 2 4 1 223500 2
1 2 4 1 223500 2
1 2 4 6 223500 2
1 2 4 2 223500 2
1 2 7 3 224000 2
1 2 15 6 224000 2
1 2 15 8 224000 2
1 2 14 2 224000 2
1 2 11 6 224000 2
1 2 11 0 224000 2
1 2 11 5 224000 2
1 2 11 8 224000 2
1 2 11 0 224000 2
1 2 10 6 224000 2
1 2 8 1 224000 2
1 2 1 9 224000 2
1 2 2 5 224000 2
1 2 4 1 224000 2
1 2 4 8 224000 2
1 2 4 1 224000 2
1 2 5 6 224000 2
1 2 5 2 224000 2
1 2 6 9 224000 2
1 2 8 0 224000 2
1 2 0 5 224500 2
1 2 15 0 224500 2
1 2 14 9 224500 2
1 2 14 0 224500 2
1 2 12 4 224500 2
1 2 11 0 224500 2
1 2 11 0 224500 2
1 2 10 4 224500 2
1 2 10 9 224500 2
1 2 10 9 224500 2
1 2 8 4 224500 2
1 2 7 7 224500 2
1 2 4 7 224500 2
1 2 3 5 224500 2
1 2 2 6 224500 2
1 2 2 9 224500 2
1 2 1 4 224500 2
1 2 1 5 224500 2
1 2 0 8 224500 2
1 2 9 3 224500 2
1 2 8 4 225000 2
1 2 10 6 225000 2
1 2 11 2 225000 2
1 2 12 8 225000 2
1 2 12 4 225000 2
1 2 13 7 225000 2
1 2 13 6 225000 2
1 2 13 3 225000 2
1 2 14 9 225000 2
1 2 15 9 225000 2
1 2 15 9 225000 2
1 2 15 2 225000 2
1 2 1 4 225000 2
1 2 7 4 225000 2
1 2 7 6 225000 2
1 2 0 8 225000 2
1 2 0 8 225000 2
1 2 1 8 225000 2
1 2 1 4 225000 2
1 2 2 5 225000 2
1 2 3 7 225000 2
1 2 4 1 225000 2
1 2 4 8 225000 2
1 2 6 3 225000 2
1 2 6 9 225000 2
1 2 3 7 225000 2
1 2 9 8 225500 2
1 2 10 6 225500 2
1 2 8 9 225500 2
1 2 11 0 225500 2
1 2 11 5 225500 2
1 2 13 8 225500 2
1 2 13 5 225500 2
1 2 13 6 225500 2
1 2 13 1 225500 2
1 2 14 2 225500 2
1 2 15 8 225500 2
1 2 15 4 225500 2
1 2 8 1 225500 2
1 2 0 7 225500 2
1 2 1 6 225500 2
1 2 2 9 225500 2
1 2 5 6 225500 2
1 2 5 9 225500 2
1 2 7 7 225500 2
1 2 8 4 225500 2
1 2 8 5 225500 2
1 2 8 9 225500 2
1 2 8 6 225500 2
1 2 14 4 226000 2
1 2 13 3 226000 2
1 2 12 6 226000 2
1 2 12 8 226000 2
1 2 11 1 226000 2
1 2 11 9 226000 2
1 2 10 4 226000 2
1 2 10 1 226000 2
1 2 9 3 226000 2
1 2 8 9 226000 2
1 2 8 2 226000 2
1 2 3 0 226000 2
1 2 3 4 226000 2
1 2 4 1 226000 2
1 2 5 4 226000 2
1 2 6 7 226000 2
1 2 7 3 226000 2
1 2 8 1 226000 2
1 2 10 6 226500 2
1 2 15 0 226500 2
1 2 14 0 226500 2
1 2 11 4 226500 2
1 2 11 4 226500 2
1 2 11 6 226500 2
1 2 11 1 226500 2
1 2 10 1 226500 2
1 2 9 7 226500 2
1 2 8 8 226500 2
1 2 7 0 226500 2
1 2 1 0 226500 2
1 2 2 8 226500 2
1 2 3 9 226500 2
1 2 3 0 226500 2
1 2 4 0 226500 2
1 2 4 1 226500 2
1 2 4 4 226500 2
1 2 6 8 226500 2
1 2 8 7 226500 2
1 2 8 9 227000 2
1 2 8 8 227000 2
1 2 11 0 227000 2
1 2 11 0 227000 2
1 2 12 6 227000 2
1 2 12 9 227000 2
1 2 12 6 227000 2
1 2 13 6 227000 2
1 2 13 1 227000 2
1 2 14 0 227000 2
1 2 15 5 227000 2
1 2 15 9 227000 2
1 2 15 1 227000 2
1 2 4 7 227000 2
1 2 8 7 227000 2
1 2 0 6 227000 2
1 2 1 4 227000 2
1 2 1 4 227000 2
1 2 2 5 227000 2
1 2 2 6 227000 2
1 2 3 7 227000 2
1 2 4 8 227000 2
1 2 6 3 227000 2
1 2 6 7 227000 2
1 2 7 5 227000 2
1 2 8 9 227000 2
1 2 3 4 227000 2
1 2 13 3 227500 2
1 2 8 8 227500 2
1 2 9 5 227500 2
1 2 9 6 227500 2
1 2 10 8 227500 2
1 2 10 6 227500 2
1 2 11 9 227500 2
1 2 11 6 227500 2
1 2 12 8 227500 2
1 2 12 6 227500 2
1 2 12 5 227500 2
1 2 12 4 227500 2
1 2 13 5 227500 2
1 2 15 9 227500 2
1 2 15 6 227500 2
1 2 15 1 227500 2
1 2 1 2 227500 2
1 2 8 6 227500 2
1 2 8 8 227500 2
1 2 0 4 227500 2
1 2 0 8 227500 2
1 2 2 2 227500 2
1 2 2 6 227500 2
1 2 3 6 227500 2
1 2 3 8 227500 2
1 2 3 2 227500 2
1 2 4 6 227500 2
1 2 6 6 227500 2
1 2 6 3 227500 2
1 2 7 5 227500 2
1 2 7 5 227500 2
1 2 7 6 227500 2
1 2 3 3 227500 2
1 2 9 4 228000 2
1 2 9 3 228000 2
1 2 10 9 228000 2
1 2 6 3 228000 2
1 2 11 4 228000 2
1 2 11 3 228000 2
1 2 11 7 228000 2
1 2 13 0 228000 2
1 2 15 9 228000 2
1 2 15 7 228000 2
1 2 7 4 228000 2
1 2 1 4 228000 2
1 2 3 4 228000 2
1 2 3 8 228000 2
1 2 4 1 228000 2
1 2 4 8 228000 2
1 2 5 5 228000 2
1 2 7 7 228000 2
1 2 7 0 228000 2
1 2 8 4 228000 2
1 2 11 6 228500 2
1 2 14 2 228500 2
1 2 14 1 228500 2
1 2 13 5 228500 2
1 2 12 1 228500 2
1 2 10 0 228500 2
1 2 9 7 228500 2
1 2 7 2 228500 2
1 2 4 9 228500 2
1 2 1 5 228500 2
1 2 0 6 228500 2
1 2 1 3 228500 2
1 2 0 7 228500 2
1 2 0 1 228500 2
1 2 0 2 228500 2
1 2 5 2 228500 2
1 2 10 9 229000 2
1 2 15 7 229000 2
1 2 14 1 229000 2
1 2 14 4 229000 2
1 2 2 0 229000 2
1 2 1 2 229000 2
1 2 0 2 229000 2
1 2 9 5 229500 2
1 2 14 9 229500 2
1 2 14 4 229500 2
1 2 14 0 229500 2
1 2 11 8 229500 2
1 2 9 3 229500 2
1 2 6 6 229500 2
1 2 5 0 229500 2
1 2 4 1 229500 2
1 2 1 3 229500 2
1 2 4 2 229500 2
1 2 3 3 229500 2
1 2 2 9 229500 2
1 2 1 6 229500 2
1 2 1 7 229500 2
1 2 4 6 229500 2
1 2 8 1 230000 2
1 2 15 2 230000 2
1 2 11 4 230000 2
1 2 10 1 230000 2
1 2 10 8 230000 2
1 2 10 0 230000 2
1 2 8 9 230000 2
1 2 7 4 230000 2
1 2 6 9 230000 2
1 2 5 4 230000 2
1 2 3 2 230000 2
1 2 0 1 230000 2
1 2 0 6 230000 2
1 2 12 6 230500 2
1 2 15 7 230500 2
1 2 14 1 230500 2
1 2 12 2 230500 2
1 2 10 1 230500 2
1 2 9 2 230500 2
1 2 8 5 230500 2
1 2 3 4 230500 2
1 2 2 6 230500 2
1 2 2 0 230500 2
1 2 0 7 230500 2
1 2 1 4 230500 2
1 2 1 2 230500 2
1 2 0 4 230500 2
1 2 5 1 230500 2
1 2 6 9 231000 2
1 2 15 4 231000 2
1 2 14 4 231000 2
1 2 8 7 231000 2
1 2 7 2 231000 2
1 2 6 1 231000 2
1 2 3 7 231000 2
1 2 1 5 231000 2
1 2 1 5 231000 2
1 2 12 5 231500 2
1 2 15 6 231500 2
1 2 14 4 231500 2
1 2 14 4 231500 2
1 2 12 2 231500 2
1 2 11 4 231500 2
1 2 10 9 231500 2
1 2 10 3 231500 2
1 2 9 9 231500 2
1 2 8 1 231500 2
1 2 7 2 231500 2
1 2 7 4 231500 2
1 2 5 6 231500 2
1 2 5 4 231500 2
1 2 3 2 231500 2
1 2 0 4 231500 2
1 2 10 4 231500 2
1 2 10 5 232000 2
1 2 15 6 232000 2
1 2 14 4 232000 2
1 2 12 5 232000 2
1 2 8 6 232000 2
1 2 8 8 232000 2
1 2 6 5 232000 2
1 2 6 0 232000 2
1 2 5 3 232000 2
1 2 3 4 232000 2
1 2 0 8 232000 2
1 2 6 4 232000 2
1 2 8 9 232500 2
1 2 9 9 232500 2
1 2 10 1 232500 2
1 2 10 1 232500 2
1 2 11 8 232500 2
1 2 11 0 232500 2
1 2 11 4 232500 2
1 2 11 4 232500 2
1 2 12 6 232500 2
1 2 13 6 232500 2
1 2 13 4 232500 2
1 2 14 7 232500 2
1 2 14 8 232500 2
1 2 13 8 232500 2
1 2 7 9 232500 2
1 2 8 1 232500 2
1 2 1 5 232500 2
1 2 2 0 232500 2
1 2 2 7 232500 2
1 2 3 7 232500 2
1 2 0 9 232500 2
1 2 3 8 232500 2
1 2 3 4 232500 2
1 2 3 3 232500 2
1 2 6 3 232500 2
1 2 5 4 232500 2
1 2 4 0 232500 2
1 2 4 1 232500 2
1 2 4 7 232500 2
1 2 15 9 233000 2
1 2 13 7 233000 2
1 2 13 0 233000 2
1 2 13 8 233000 2
1 2 12 8 233000 2
1 2 12 6 233000 2
1 2 11 4 233000 2
1 2 11 8 233000 2
1 2 11 4 233000 2
1 2 11 6 233000 2
1 2 10 8 233000 2
1 2 9 7 233000 2
1 2 9 8 233000 2
1 2 8 0 233000 2
1 2 8 7 233000 2
1 2 2 0 233000 2
1 2 2 9 233000 2
1 2 2 8 233000 2
1 2 3 7 233000 2
1 2 3 2 233000 2
1 2 3 7 233000 2
1 2 4 6 233000 2
1 2 6 8 233000 2
1 2 6 4 233000 2
1 2 7 7 233000 2
1 2 8 6 233000 2
1 2 14 3 233500 2
1 2 12 9 233500 2
1 2 11 5 233500 2
1 2 11 7 233500 2
1 2 11 0 233500 2
1 2 11 9 233500 2
1 2 4 6 233500 2
1 2 10 9 233500 2
1 2 8 2 233500 2
1 2 6 0 233500 2
1 2 5 3 233500 2
1 2 4 0 233500 2
1 2 4 9 233500 2
1 2 3 4 233500 2
1 2 2 6 233500 2
1 2 1 7 233500 2
1 2 0 1 233500 2
1 2 0 4 233500 2
1 2 15 2 234000 2
1 2 15 7 234000 2
1 2 14 8 234000 2
1 2 13 4 234000 2
1 2 12 8 234000 2
1 2 11 3 234000 2
1 2 10 9 234000 2
1 2 9 0 234000 2
1 2 6 7 234000 2
1 2 4 3 234000 2
1 2 3 7 234000 2
1 2 3 7 234000 2
1 2 3 8 234000 2
1 2 11 0 234000 2
1 2 7 9 234500 2
1 2 15 3 234500 2
1 2 8 7 234500 2
1 2 8 8 234500 2
1 2 10 9 234500 2
1 2 11 9 234500 2
1 2 11 2 234500 2
1 2 11 0 234500 2
1 2 11 4 234500 2
1 2 12 9 234500 2
1 2 13 6 234500 2
1 2 13 5 234500 2
1 2 14 9 234500 2
1 2 7 5 234500 2
1 2 7 5 234500 2
1 2 0 9 234500 2
1 2 0 8 234500 2
1 2 2 2 234500 2
1 2 2 9 234500 2
1 2 3 8 234500 2
1 2 3 4 234500 2
1 2 3 7 234500 2
1 2 5 9 234500 2
1 2 7 9 234500 2
1 2 7 2 234500 2
1 2 3 8 234500 2
1 2 11 3 235000 2
1 2 8 4 235000 2
1 2 12 2 235000 2
1 2 12 6 235000 2
1 2 12 5 235000 2
1 2 12 4 235000 2
1 2 13 7 235000 2
1 2 13 7 235000 2
1 2 13 4 235000 2
1 2 14 4 235000 2
1 2 15 9 235000 2
1 2 10 3 235000 2
1 2 0 8 235000 2
1 2 2 5 235000 2
1 2 4 6 235000 2
1 2 4 8 235000 2
1 2 5 9 235000 2
1 2 5 4 235000 2
1 2 7 9 235000 2
1 2 8 6 235000 2
1 2 8 4 235000 2
1 2 11 1 235000 2
1 2 4 7 235500 2
1 2 15 0 235500 2
1 2 14 9 235500 2
1 2 13 6 235500 2
1 2 12 6 235500 2
1 2 12 2 235500 2
1 2 11 0 235500 2
1 2 11 0 235500 2
1 2 11 0 235500 2
1 2 10 7 235500 2
1 2 6 4 235500 2
1 2 6 9 235500 2
1 2 5 3 235500 2
1 2 5 9 235500 2
1 2 0 8 235500 2
1 2 3 4 235500 2
1 2 2 0 235500 2
1 2 0 2 235500 2
1 2 8 4 235500 2
1 2 6 2 236000 2
1 2 13 6 236000 2
1 2 6 8 236000 2
1 2 7 7 236000 2
1 2 7 5 236000 2
1 2 8 7 236000 2
1 2 10 9 236000 2
1 2 11 2 236000 2
1 2 11 4 236000 2
1 2 11 3 236000 2
1 2 11 4 236000 2
1 2 13 3 236000 2
1 2 14 3 236000 2
1 2 5 7 236000 2
1 2 6 0 236000 2
1 2 2 9 236000 2
1 2 1 3 236000 2
1 2 2 9 236000 2
1 2 2 1 236000 2
1 2 3 4 236000 2
1 2 3 8 236000 2
1 2 4 9 236000 2
1 2 4 2 236000 2
1 2 4 5 236000 2
1 2 5 8 236000 2
1 2 5 4 236000 2
1 2 15 0 236500 2
1 2 15 6 236500 2
1 2 15 0 236500 2
1 2 10 0 236500 2
1 2 9 3 236500 2
1 2 7 5 236500 2
1 2 6 7 236500 2
1 2 6 6 236500 2
1 2 5 3 236500 2
1 2 4 4 236500 2
1 2 4 9 236500 2
1 2 4 8 236500 2
1 2 6 9 236500 2
1 2 10 3 237000 2
1 2 15 6 237000 2
1 2 14 7 237000 2
1 2 14 4 237000 2
1 2 13 5 237000 2
1 2 11 9 237000 2
1 2 9 9 237000 2
1 2 7 9 237000 2
1 2 7 5 237000 2
1 2 3 3 237000 2
1 2 3 2 237000 2
1 2 1 7 237000 2
1 2 1 9 237500 2
1 2 15 0 237500 2
1 2 14 0 237500 2
1 2 14 0 237500 2
1 2 13 4 237500 2
1 2 9 3 237500 2
1 2 9 8 237500 2
1 2 6 7 237500 2
1 2 6 1 237500 2
1 2 6 6 237500 2
1 2 1 7 237500 2
1 2 0 5 237500 2
1 2 9 5 237500 2
1 2 12 6 238000 2
1 2 15 6 238000 2
1 2 14 2 238000 2
1 2 14 2 238000 2
1 2 13 3 238000 2
1 2 12 5 238000 2
1 2 9 4 238000 2
1 2 8 2 238000 2
1 2 6 1 238000 2
1 2 6 9 238000 2
1 2 6 5 238000 2
1 2 5 3 238000 2
1 2 4 6 238000 2
1 2 10 7 238500 2
1 2 15 8 238500 2
1 2 14 5 238500 2
1 2 14 4 238500 2
1 2 13 2 238500 2
1 2 13 7 238500 2
1 2 9 0 238500 2
1 2 6 9 238500 2
1 2 4 7 238500 2
1 2 3 8 238500 2
1 2 2 4 238500 2
1 2 1 7 238500 2
1 2 1 4 238500 2
1 2 0 9 238500 2
1 2 7 7 238500 2
1 2 6 4 239000 2
1 2 15 7 239000 2
1 2 14 3 239000 2
1 2 14 4 239000 2
1 2 13 2 239000 2
1 2 12 5 239000 2
1 2 7 7 239000 2
1 2 6 1 239000 2
1 2 6 4 239000 2
1 2 5 7 239000 2
1 2 4 7 239000 2
1 2 3 9 239000 2
1 2 0 3 239000 2
1 2 0 1 239000 2
1 2 1 7 239500 2
1 2 15 3 239500 2
1 2 13 3 239500 2
1 2 13 8 239500 2
1 2 11 6 239500 2
1 2 10 5 239500 2
1 2 8 9 239500 2
1 2 7 4 239500 2
1 2 6 6 239500 2
1 2 5 6 239500 2
1 2 5 9 239500 2
1 2 4 5 239500 2
1 2 3 5 239500 2
1 2 2 9 239500 2
1 2 6 8 239500 2
1 2 8 7 240000 2
1 2 14 5 240000 2
1 2 11 5 240000 2
1 2 9 2 240000 2
1 2 9 5 240000 2
1 2 8 3 240000 2
1 2 7 5 240000 2
1 2 5 3 240000 2
1 2 5 7 240000 2
1 2 5 5 240000 2
1 2 3 4 240000 2
1 2 1 5 240000 2
1 2 0 1 240000 2
1 2 0 3 240000 2
1 2 13 9 240500 2
1 2 15 9 240500 2
1 2 15 6 240500 2
1 2 14 8 240500 2
1 2 14 7 240500 2
1 2 14 3 240500 2
1 2 13 5 240500 2
1 2 13 3 240500 2
1 2 12 8 240500 2
1 2 11 1 240500 2
1 2 10 5 240500 2
1 2 7 9 240500 2
1 2 6 3 240500 2
1 2 6 0 240500 2
1 2 4 5 240500 2
1 2 4 1 240500 2
1 2 4 3 240500 2
1 2 2 5 240500 2
1 2 6 7 241000 2
1 2 15 9 241000 2
1 2 14 9 241000 2
1 2 13 6 241000 2
1 2 13 2 241000 2
1 2 11 3 241000 2
1 2 11 1 241000 2
1 2 9 2 241000 2
1 2 7 9 241000 2
1 2 5 3 241000 2
1 2 3 5 241000 2
1 2 2 2 241000 2
1 2 0 3 241000 2
1 2 10 5 241500 2
1 2 10 0 241500 2
1 2 11 7 241500 2
1 2 11 9 241500 2
1 2 11 0 241500 2
1 2 11 2 241500 2
1 2 14 9 241500 2
1 2 14 4 241500 2
1 2 14 0 241500 2
1 2 3 4 241500 2
1 2 8 3 241500 2
1 2 8 9 241500 2
1 2 8 6 241500 2
1 2 7 9 241500 2
1 2 6 7 241500 2
1 2 6 0 241500 2
1 2 5 9 241500 2
1 2 5 1 241500 2
1 2 0 8 241500 2
1 2 8 8 241500 2
1 2 8 7 242000 2
1 2 8 4 242000 2
1 2 10 9 242000 2
1 2 10 0 242000 2
1 2 11 1 242000 2
1 2 11 3 242000 2
1 2 11 4 242000 2
1 2 13 5 242000 2
1 2 14 7 242000 2
1 2 15 7 242000 2
1 2 7 5 242000 2
1 2 7 7 242000 2
1 2 0 8 242000 2
1 2 2 8 242000 2
1 2 3 7 242000 2
1 2 4 2 242000 2
1 2 4 1 242000 2
1 2 4 0 242000 2
1 2 6 8 242000 2
1 2 6 9 242000 2
1 2 6 9 242000 2
1 2 8 7 242500 2
1 2 8 7 242500 2
1 2 8 8 242500 2
1 2 10 2 242500 2
1 2 11 2 242500 2
1 2 11 0 242500 2
1 2 11 3 242500 2
1 2 11 3 242500 2
1 2 13 5 242500 2
1 2 13 7 242500 2
1 2 14 5 242500 2
1 2 14 9 242500 2
1 2 14 5 242500 2
1 2 15 2 242500 2
1 2 8 9 242500 2
1 2 8 1 242500 2
1 2 0 8 242500 2
1 2 0 2 242500 2
1 2 0 5 242500 2
1 2 1 9 242500 2
1 2 4 2 242500 2
1 2 6 3 242500 2
1 2 6 2 242500 2
1 2 6 3 242500 2
1 2 6 9 242500 2
1 2 7 7 242500 2
1 2 7 3 242500 2
1 2 8 7 242500 2
1 2 6 3 242500 2
1 2 9 3 243000 2
1 2 11 3 243000 2
1 2 12 3 243000 2
1 2 12 6 243000 2
1 2 14 5 243000 2
1 2 14 4 243000 2
1 2 14 0 243000 2
1 2 15 6 243000 2
1 2 15 0 243000 2
1 2 12 0 243000 2
1 2 3 8 243000 2
1 2 8 5 243000 2
1 2 2 0 243000 2
1 2 3 7 243000 2
1 2 5 7 243000 2
1 2 6 1 243000 2
1 2 6 3 243000 2
1 2 0 4 243000 2
1 2 6 7 243000 2
1 2 7 9 243000 2
1 2 8 4 243000 2
1 2 8 7 243500 2
1 2 15 3 243500 2
1 2 15 0 243500 2
1 2 15 2 243500 2
1 2 14 7 243500 2
1 2 14 2 243500 2
1 2 13 7 243500 2
1 2 12 9 243500 2
1 2 6 3 243500 2
1 2 5 8 243500 2
1 2 2 7 243500 2
1 2 1 9 243500 2
1 2 0 1 243500 2
1 2 0 9 243500 2
1 2 11 3 244000 2
1 2 15 9 244000 2
1 2 14 0 244000 2
1 2 14 0 244000 2
1 2 14 3 244000 2
1 2 13 5 244000 2
1 2 13 8 244000 2
1 2 11 1 244000 2
1 2 10 3 244000 2
1 2 7 3 244000 2
1 2 0 4 244000 2
1 2 4 0 244000 2
1 2 4 6 244000 2
1 2 4 6 244000 2
1 2 3 4 244000 2
1 2 2 7 244000 2
1 2 1 9 244000 2
1 2 0 1 244000 2
1 2 7 0 244000 2
1 2 8 7 244500 2
1 2 15 5 244500 2
1 2 11 2 244500 2
1 2 11 9 244500 2
1 2 12 5 244500 2
1 2 12 6 244500 2
1 2 13 2 244500 2
1 2 14 5 244500 2
1 2 14 5 244500 2
1 2 15 6 244500 2
1 2 15 2 244500 2
1 2 8 2 244500 2
1 2 8 0 244500 2
1 2 0 3 244500 2
1 2 0 4 244500 2
1 2 0 1 244500 2
1 2 1 1 244500 2
1 2 2 8 244500 2
1 2 3 2 244500 2
1 2 4 8 244500 2
1 2 4 2 244500 2
1 2 6 3 244500 2
1 2 6 3 244500 2
1 2 4 2 245000 2
1 2 8 2 245000 2
1 2 7 2 245000 2
1 2 10 4 245000 2
1 2 11 7 245000 2
1 2 11 7 245000 2
1 2 13 5 245000 2
1 2 15 6 245000 2
1 2 15 6 245000 2
1 2 15 8 245000 2
1 2 15 3 245000 2
1 2 15 3 245000 2
1 2 6 2 245000 2
1 2 0 6 245000 2
1 2 0 8 245000 2
1 2 2 8 245000 2
1 2 2 8 245000 2
1 2 2 5 245000 2
1 2 4 2 245000 2
1 2 4 4 245000 2
1 2 4 2 245000 2
1 2 4 6 245000 2
1 2 5 5 245000 2
1 2 6 4 245000 2
1 2 6 9 245500 2
1 2 15 6 245500 2
1 2 15 2 245500 2
1 2 15 7 245500 2
1 2 15 2 245500 2
1 2 14 0 245500 2
1 2 8 6 245500 2
1 2 7 4 245500 2
1 2 0 6 245500 2
1 2 4 6 245500 2
1 2 2 5 245500 2
1 2 8 9 245500 2
1 2 7 5 246000 2
1 2 9 0 246000 2
1 2 8 7 246000 2
1 2 10 0 246000 2
1 2 11 8 246000 2
1 2 11 4 246000 2
1 2 12 2 246000 2
1 2 12 6 246000 2
1 2 13 8 246000 2
1 2 13 8 246000 2
1 2 15 2 246000 2
1 2 6 0 246000 2
1 2 0 5 246000 2
1 2 1 0 246000 2
1 2 2 2 246000 2
1 2 2 0 246000 2
1 2 2 3 246000 2
1 2 2 5 246000 2
1 2 3 8 246000 2
1 2 4 8 246000 2
1 2 3 8 246000 2
1 2 5 5 246000 2
1 2 6 2 246000 2
1 2 11 7 246500 2
1 2 12 1 246500 2
1 2 12 6 246500 2
1 2 13 5 246500 2
1 2 13 6 246500 2
1 2 14 2 246500 2
1 2 14 8 246500 2
1 2 14 1 246500 2
1 2 15 2 246500 2
1 2 15 8 246500 2
1 2 15 0 246500 2
1 2 1 9 246500 2
1 2 8 2 246500 2
1 2 1 9 246500 2
1 2 2 9 246500 2
1 2 3 4 246500 2
1 2 4 8 246500 2
1 2 6 8 246500 2
1 2 6 2 246500 2
1 2 7 2 246500 2
1 2 7 1 246500 2
1 2 8 6 246500 2
1 2 11 0 246500 2
1 2 8 6 247000 2
1 2 15 9 247000 2
1 2 15 6 247000 2
1 2 15 2 247000 2
1 2 14 8 247000 2
1 2 12 4 247000 2
1 2 12 6 247000 2
1 2 12 7 247000 2
1 2 8 9 247000 2
1 2 7 8 247000 2
1 2 5 5 247000 2
1 2 4 0 247000 2
1 2 2 2 247000 2
1 2 2 5 247000 2
1 2 1 2 247000 2
1 2 11 4 247000 2
1 2 10 9 247500 2
1 2 14 3 247500 2
1 2 14 2 247500 2
1 2 12 6 247500 2
1 2 12 9 247500 2
1 2 11 7 247500 2
1 2 10 4 247500 2
1 2 8 8 247500 2
1 2 7 3 247500 2
1 2 7 8 247500 2
1 2 4 4 247500 2
1 2 3 8 247500 2
1 2 3 3 247500 2
1 2 2 8 247500 2
1 2 1 4 247500 2
1 2 0 0 247500 2
1 2 0 8 247500 2
1 2 6 5 248000 2
1 2 6 3 248000 2
1 2 8 6 248000 2
1 2 10 0 248000 2
1 2 10 7 248000 2
1 2 11 9 248000 2
1 2 13 5 248000 2
1 2 14 6 248000 2
1 2 14 8 248000 2
1 2 15 0 248000 2
1 2 15 3 248000 2
1 2 1 4 248000 2
1 2 5 9 248000 2
1 2 0 6 248000 2
1 2 1 0 248000 2
1 2 1 7 248000 2
1 2 1 4 248000 2
1 2 3 4 248000 2
1 2 3 6 248000 2
1 2 3 4 248000 2
1 2 4 5 248000 2
1 2 4 7 248000 2
1 2 5 3 248000 2
1 2 5 8 248000 2
1 2 12 4 248500 2
1 2 11 7 248500 2
1 2 10 8 248500 2
1 2 9 6 248500 2
1 2 7 3 248500 2
1 2 6 5 248500 2
1 2 5 9 248500 2
1 2 5 7 248500 2
1 2 4 4 248500 2
1 2 3 8 248500 2
1 2 3 8 248500 2
1 2 3 5 248500 2
1 2 2 9 248500 2
1 2 1 1 248500 2
1 2 5 9 248500 2
1 2 14 3 249000 2
1 2 15 9 249000 2
1 2 13 6 249000 2
1 2 11 2 249000 2
1 2 10 6 249000 2
1 2 6 9 249000 2
1 2 5 3 249000 2
1 2 5 9 249000 2
1 2 4 2 249000 2
1 2 3 5 249000 2
1 2 1 4 249000 2
1 2 2 0 249000 2
1 2 6 7 249000 2
1 2 11 7 249500 2
1 2 15 3 249500 2
1 2 15 6 249500 2
1 2 13 6 249500 2
1 2 12 6 249500 2
1 2 9 1 249500 2
1 2 5 1 249500 2
1 2 2 9 249500 2
1 2 2 9 249500 2
1 2 0 4 249500 2
1 2 1 5 250000 2
1 2 15 7 250000 2
1 2 15 6 250000 2
1 2 15 2 250000 2
1 2 15 5 250000 2
1 2 13 6 250000 2
1 2 12 5 250000 2
1 2 10 4 250000 2
1 2 9 2 250000 2
1 2 6 1 250000 2
1 2 3 8 250000 2
1 2 2 9 250000 2
1 2 12 3 250000 2
1 2 9 7 250500 2
1 2 14 8 250500 2
1 2 12 9 250500 2
1 2 11 4 250500 2
1 2 10 8 250500 2
1 2 9 1 250500 2
1 2 8 7 250500 2
1 2 7 1 250500 2
1 2 6 3 250500 2
1 2 2 1 250500 2
1 2 2 7 250500 2
1 2 1 1 250500 2
1 2 7 9 251000 2
1 2 15 6 251000 2
1 2 14 4 251000 2
1 2 14 8 251000 2
1 2 14 9 251000 2
1 2 13 6 251000 2
1 2 12 5 251000 2
1 2 9 5 251000 2
1 2 8 0 251000 2
1 2 0 3 251000 2
1 2 6 9 251000 2
1 2 5 3 251000 2
1 2 2 9 251000 2
1 2 11 2 251000 2
1 2 15 8 251500 2
1 2 15 4 251500 2
1 2 14 0 251500 2
1 2 11 2 251500 2
1 2 10 6 251500 2
1 2 10 7 251500 2
1 2 4 3 251500 2
1 2 3 6 251500 2
1 2 3 8 251500 2
1 2 3 5 251500 2
1 2 2 0 251500 2
1 2 2 7 251500 2
1 2 6 5 251500 2
1 2 12 7 252000 2
1 2 15 7 252000 2
1 2 14 5 252000 2
1 2 7 3 252000 2
1 2 5 3 252000 2
1 2 4 2 252000 2
1 2 4 6 252000 2
1 2 2 5 252000 2
1 2 15 6 252500 2
1 2 1 9 252500 2
1 2 15 2 252500 2
1 2 12 2 252500 2
1 2 11 0 252500 2
1 2 11 5 252500 2
1 2 9 2 252500 2
1 2 8 2 252500 2
1 2 8 9 252500 2
1 2 5 3 252500 2
1 2 4 5 252500 2
1 2 4 2 252500 2
1 2 4 4 252500 2
1 2 3 6 252500 2
1 2 2 2 252500 2
1 2 1 3 252500 2
1 2 0 3 252500 2
1 2 5 9 252500 2
1 2 5 3 253000 2
1 2 5 6 253000 2
1 2 6 7 253000 2
1 2 7 8 253000 2
1 2 7 5 253000 2
1 2 7 4 253000 2
1 2 10 9 253000 2
1 2 11 8 253000 2
1 2 12 8 253000 2
1 2 12 4 253000 2
1 2 13 9 253000 2
1 2 14 1 253000 2
1 2 5 9 253000 2
1 2 5 5 253000 2
1 2 1 0 253000 2
1 2 1 3 253000 2
1 2 1 5 253000 2
1 2 2 6 253000 2
1 2 2 8 253000 2
1 2 3 8 253000 2
1 2 3 0 253000 2
1 2 3 4 253000 2
1 2 4 8 253000 2
1 2 5 3 253000 2
1 2 3 1 253500 2
1 2 15 2 253500 2
1 2 12 8 253500 2
1 2 11 6 253500 2
1 2 9 3 253500 2
1 2 7 8 253500 2
1 2 5 8 253500 2
1 2 4 6 253500 2
1 2 4 4 253500 2
1 2 4 5 253500 2
1 2 3 2 253500 2
1 2 2 6 253500 2
1 2 2 8 253500 2
1 2 1 5 253500 2
1 2 1 7 253500 2
1 2 0 9 253500 2
1 2 3 4 254000 2
1 2 15 6 254000 2
1 2 12 9 254000 2
1 2 11 7 254000 2
1 2 8 2 254000 2
1 2 5 3 254000 2
1 2 5 8 254000 2
1 2 4 8 254000 2
1 2 3 9 254000 2
1 2 2 5 254000 2
1 2 2 1 254000 2
1 2 1 6 254000 2
1 2 1 9 254000 2
1 2 0 6 254000 2
1 2 5 8 254500 2
1 2 15 7 254500 2
1 2 13 6 254500 2
1 2 11 0 254500 2
1 2 9 7 254500 2
1 2 8 3 254500 2
1 2 6 8 254500 2
1 2 5 4 254500 2
1 2 5 3 254500 2
1 2 5 9 254500 2
1 2 5 5 254500 2
1 2 2 2 254500 2
1 2 2 8 254500 2
1 2 1 2 254500 2
1 2 1 0 254500 2
1 2 0 0 254500 2
1 2 0 3 254500 2
1 2 8 9 255000 2
1 2 9 2 255000 2
1 2 11 2 255000 2
1 2 12 5 255000 2
1 2 13 8 255000 2
1 2 13 5 255000 2
1 2 13 3 255000 2
1 2 15 4 255000 2
1 2 4 5 255000 2
1 2 6 4 255000 2
1 2 5 9 255000 2
1 2 4 3 255000 2
1 2 1 3 255000 2
1 2 1 3 255000 2
1 2 1 6 255000 2
1 2 0 8 255000 2
1 2 0 4 255000 2
1 2 7 9 255000 2
1 2 8 7 255500 2
1 2 12 3 255500 2
1 2 8 7 255500 2
1 2 9 6 255500 2
1 2 9 2 255500 2
1 2 10 1 255500 2
1 2 11 2 255500 2
1 2 11 7 255500 2
1 2 12 2 255500 2
1 2 12 8 255500 2
1 2 13 3 255500 2
1 2 15 2 255500 2
1 2 1 8 255500 2
1 2 6 1 255500 2
1 2 0 3 255500 2
1 2 1 2 255500 2
1 2 1 7 255500 2
1 2 2 6 255500 2
1 2 3 7 255500 2
1 2 4 2 255500 2
1 2 5 9 255500 2
1 2 5 3 255500 2
1 2 5 7 255500 2
1 2 6 0 255500 2
1 2 6 3 256000 2
1 2 15 3 256000 2
1 2 13 6 256000 2
1 2 11 0 256000 2
1 2 11 1 256000 2
1 2 9 5 256000 2
1 2 9 9 256000 2
1 2 5 3 256000 2
1 2 4 6 256000 2
1 2 4 3 256000 2
1 2 2 8 256000 2
1 2 0 3 256000 2
1 2 0 4 256000 2
1 2 5 3 256000 2
1 2 10 7 256500 2
1 2 10 9 256500 2
1 2 11 2 256500 2
1 2 11 4 256500 2
1 2 12 9 256500 2
1 2 13 5 256500 2
1 2 13 2 256500 2
1 2 14 3 256500 2
1 2 14 8 256500 2
1 2 14 2 256500 2
1 2 15 0 256500 2
1 2 15 8 256500 2
1 2 11 9 256500 2
1 2 8 3 256500 2
1 2 8 3 256500 2
1 2 1 0 256500 2
1 2 2 2 256500 2
1 2 3 4 256500 2
1 2 3 4 256500 2
1 2 3 8 256500 2
1 2 5 9 256500 2
1 2 6 8 256500 2
1 2 6 0 256500 2
1 2 7 6 256500 2
1 2 0 4 256500 2
1 2 7 2 256500 2
1 2 8 9 256500 2
1 2 5 5 257000 2
1 2 15 2 257000 2
1 2 13 3 257000 2
1 2 12 9 257000 2
1 2 11 7 257000 2
1 2 11 0 257000 2
1 2 8 3 257000 2
1 2 6 0 257000 2
1 2 4 6 257000 2
1 2 4 3 257000 2
1 2 3 4 257000 2
1 2 3 4 257000 2
1 2 3 7 257000 2
1 2 2 8 257000 2
1 2 0 6 257000 2
1 2 6 9 257000 2
1 2 15 4 257500 2
1 2 9 7 257500 2
1 2 11 9 257500 2
1 2 11 4 257500 2
1 2 11 4 257500 2
1 2 12 4 257500 2
1 2 12 2 257500 2
1 2 14 2 257500 2
1 2 14 1 257500 2
1 2 14 1 257500 2
1 2 15 6 257500 2
1 2 1 6 257500 2
1 2 8 7 257500 2
1 2 0 8 257500 2
1 2 0 1 257500 2
1 2 1 2 257500 2
1 2 2 1 257500 2
1 2 3 6 257500 2
1 2 4 9 257500 2
1 2 4 2 257500 2
1 2 5 4 257500 2
1 2 7 1 257500 2
1 2 8 7 257500 2
1 2 8 2 257500 2
1 2 7 7 258000 2
1 2 15 6 258000 2
1 2 14 3 258000 2
1 2 12 2 258000 2
1 2 11 2 258000 2
1 2 10 9 258000 2
1 2 8 8 258000 2
1 2 8 9 258000 2
1 2 8 2 258000 2
1 2 8 7 258000 2
1 2 7 5 258000 2
1 2 0 6 258000 2
1 2 1 7 258000 2
1 2 3 5 258000 2
1 2 3 4 258000 2
1 2 4 8 258000 2
1 2 4 2 258000 2
1 2 5 7 258000 2
1 2 6 3 258000 2
1 2 15 2 258500 2
1 2 15 8 258500 2
1 2 14 3 258500 2
1 2 12 2 258500 2
1 2 12 9 258500 2
1 2 11 9 258500 2
1 2 8 3 258500 2
1 2 8 2 258500 2
1 2 8 9 258500 2
1 2 7 0 258500 2
1 2 6 3 258500 2
1 2 5 5 258500 2
1 2 5 2 258500 2
1 2 4 2 258500 2
1 2 3 7 258500 2
1 2 2 3 258500 2
1 2 2 7 258500 2
1 2 0 7 258500 2
1 2 1 7 258500 2
1 2 7 5 258500 2
1 2 7 2 259000 2
1 2 6 1 259000 2
1 2 8 9 259000 2
1 2 8 4 259000 2
1 2 8 4 259000 2
1 2 8 2 259000 2
1 2 10 9 259000 2
1 2 10 9 259000 2
1 2 11 8 259000 2
1 2 12 2 259000 2
1 2 14 7 259000 2
1 2 6 5 259000 2
1 2 6 4 259000 2
1 2 6 8 259000 2
1 2 5 9 259000 2
1 2 4 3 259000 2
1 2 1 7 259000 2
1 2 1 2 259000 2
1 2 1 2 259000 2
1 2 0 7 259000 2
1 2 0 6 259000 2
1 2 8 7 259500 2
1 2 11 9 259500 2
1 2 11 6 259500 2
1 2 11 3 259500 2
1 2 12 4 259500 2
1 2 12 2 259500 2
1 2 14 0 259500 2
1 2 14 3 259500 2
1 2 15 2 259500 2
1 2 15 2 259500 2
1 2 5 5 259500 2
1 2 8 3 259500 2
1 2 8 8 259500 2
1 2 2 7 259500 2
1 2 4 9 259500 2
1 2 4 6 259500 2
1 2 1 2 259500 2
1 2 5 6 259500 2
1 2 6 7 259500 2
1 2 6 8 259500 2
1 2 7 0 259500 2
1 2 10 9 260000 2
1 2 15 6 260000 2
1 2 15 5 260000 2
1 2 14 4 260000 2
1 2 13 5 260000 2
1 2 9 9 260000 2
1 2 8 3 260000 2
1 2 8 2 260000 2
1 2 8 9 260000 2
1 2 6 3 260000 2
1 2 5 7 260000 2
1 2 6 3 260000 2
1 2 1 9 260000 2
1 2 2 3 260000 2
1 2 3 4 260000 2
1 2 3 2 260000 2
1 2 1 9 260000 2
1 2 4 2 260000 2
1 2 4 0 260000 2
1 2 5 9 260000 2
1 2 12 3 260500 2
1 2 12 1 260500 2
1 2 11 3 260500 2
1 2 6 4 260500 2
1 2 4 4 260500 2
1 2 3 1 260500 2
1 2 4 6 260500 2
1 2 3 4 260500 2
1 2 3 8 260500 2
1 2 2 9 260500 2
1 2 2 4 260500 2
1 2 1 5 260500 2
1 2 0 5 260500 2
1 2 15 8 261000 2
1 2 14 9 261000 2
1 2 11 0 261000 2
1 2 11 6 261000 2
1 2 10 6 261000 2
1 2 7 3 261000 2
1 2 6 7 261000 2
1 2 4 2 261000 2
1 2 5 9 261000 2
1 2 0 4 261000 2
1 2 0 2 261000 2
1 2 3 9 261000 2
1 2 3 2 261000 2
1 2 2 9 261000 2
1 2 10 6 261500 2
1 2 15 5 261500 2
1 2 14 9 261500 2
1 2 14 1 261500 2
1 2 14 2 261500 2
1 2 12 8 261500 2
1 2 12 4 261500 2
1 2 12 1 261500 2
1 2 10 8 261500 2
1 2 8 9 261500 2
1 2 5 2 261500 2
1 2 4 9 261500 2
1 2 2 9 261500 2
1 2 2 6 261500 2
1 2 1 5 261500 2
1 2 1 4 261500 2
1 2 0 4 261500 2
1 2 0 0 261500 2
1 2 14 8 262000 2
1 2 14 4 262000 2
1 2 13 4 262000 2
1 2 12 2 262000 2
1 2 9 0 262000 2
1 2 5 3 262000 2
1 2 3 8 262000 2
1 2 1 5 262000 2
1 2 0 1 262000 2
1 2 0 2 262000 2
1 2 6 0 262000 2
1 2 12 3 262500 2
1 2 15 4 262500 2
1 2 15 1 262500 2
1 2 14 8 262500 2
1 2 14 8 262500 2
1 2 14 1 262500 2
1 2 13 5 262500 2
1 2 13 6 262500 2
1 2 12 1 262500 2
1 2 11 3 262500 2
1 2 0 5 262500 2
1 2 4 7 262500 2
1 2 5 3 262500 2
1 2 8 1 262500 2
1 2 9 0 262500 2
1 2 10 4 262500 2
1 2 11 8 262500 2
1 2 11 4 262500 2
1 2 13 4 263000 2
1 2 15 1 263000 2
1 2 14 2 263000 2
1 2 13 5 263000 2
1 2 12 4 263000 2
1 2 11 4 263000 2
1 2 10 9 263000 2
1 2 9 6 263000 2
1 2 6 0 263000 2
1 2 9 1 263000 2
1 2 0 8 263000 2
1 2 1 7 263000 2
1 2 0 4 263000 2
1 2 1 4 263000 2
1 2 1 3 263000 2
1 2 2 6 263000 2
1 2 2 2 263000 2
1 2 10 6 263500 2
1 2 14 0 263500 2
1 2 14 9 263500 2
1 2 12 5 263500 2
1 2 12 5 263500 2
1 2 11 7 263500 2
1 2 10 8 263500 2
1 2 6 9 263500 2
1 2 4 4 263500 2
1 2 4 4 263500 2
1 2 3 0 263500 2
1 2 3 6 263500 2
1 2 2 6 263500 2
1 2 1 9 263500 2
1 2 0 6 263500 2
1 2 5 8 263500 2
1 2 14 9 264000 2
1 2 8 9 264000 2
1 2 9 0 264000 2
1 2 9 9 264000 2
1 2 10 6 264000 2
1 2 11 8 264000 2
1 2 11 4 264000 2
1 2 12 2 264000 2
1 2 13 4 264000 2
1 2 14 7 264000 2
1 2 15 6 264000 2
1 2 1 4 264000 2
1 2 6 7 264000 2
1 2 1 4 264000 2
1 2 1 7 264000 2
1 2 1 5 264000 2
1 2 2 2 264000 2
1 2 2 3 264000 2
1 2 2 5 264000 2
1 2 3 0 264000 2
1 2 3 8 264000 2
1 2 3 2 264000 2
1 2 4 3 264000 2
1 2 7 3 264000 2
1 2 11 8 264500 2
1 2 15 9 264500 2
1 2 11 7 264500 2
1 2 11 6 264500 2
1 2 10 8 264500 2
1 2 7 3 264500 2
1 2 5 6 264500 2
1 2 4 3 264500 2
1 2 3 0 264500 2
1 2 0 4 264500 2
1 2 3 3 264500 2
1 2 2 6 264500 2
1 2 6 2 264500 2
1 2 8 6 265000 2
1 2 15 9 265000 2
1 2 14 0 265000 2
1 2 10 9 265000 2
1 2 9 6 265000 2
1 2 8 1 265000 2
1 2 6 4 265000 2
1 2 6 2 265000 2
1 2 6 6 265000 2
1 2 5 6 265000 2
1 2 3 7 265000 2
1 2 0 1 265000 2
1 2 0 1 265000 2
1 2 11 4 265500 2
1 2 15 9 265500 2
1 2 15 7 265500 2
1 2 14 2 265500 2
1 2 14 8 265500 2
1 2 13 8 265500 2
1 2 12 4 265500 2
1 2 12 8 265500 2
1 2 10 5 265500 2
1 2 0 6 265500 2
1 2 8 1 265500 2
1 2 3 4 265500 2
1 2 3 6 265500 2
1 2 4 4 265500 2
1 2 6 5 265500 2
1 2 6 9 265500 2
1 2 8 4 265500 2
1 2 8 1 265500 2
1 2 8 2 265500 2
1 2 8 0 266000 2
1 2 15 6 266000 2
1 2 12 6 266000 2
1 2 11 7 266000 2
1 2 11 0 266000 2
1 2 11 4 266000 2
1 2 11 8 266000 2
1 2 8 2 266000 2
1 2 4 0 266000 2
1 2 4 1 266000 2
1 2 3 3 266000 2
1 2 2 2 266000 2
1 2 2 8 266000 2
1 2 0 9 266000 2
1 2 0 4 266000 2
1 2 15 3 266500 2
1 2 15 6 266500 2
1 2 15 0 266500 2
1 2 14 8 266500 2
1 2 13 6 266500 2
1 2 12 5 266500 2
1 2 12 6 266500 2
1 2 12 8 266500 2
1 2 11 4 266500 2
1 2 8 2 266500 2
1 2 9 6 266500 2
1 2 0 3 266500 2
1 2 0 5 266500 2
1 2 2 6 266500 2
1 2 3 5 266500 2
1 2 3 0 266500 2
1 2 4 6 266500 2
1 2 6 9 266500 2
1 2 8 4 266500 2
1 2 8 0 267000 2
1 2 15 1 267000 2
1 2 15 9 267000 2
1 2 14 0 267000 2
1 2 13 3 267000 2
1 2 11 0 267000 2
1 2 10 6 267000 2
1 2 9 9 267000 2
1 2 8 3 267000 2
1 2 8 7 267000 2
1 2 5 9 267000 2
1 2 3 3 267000 2
1 2 2 9 267000 2
1 2 0 8 267000 2
1 2 7 8 267500 2
1 2 15 7 267500 2
1 2 12 9 267500 2
1 2 12 2 267500 2
1 2 12 8 267500 2
1 2 8 1 267500 2
1 2 6 0 267500 2
1 2 5 3 267500 2
1 2 0 1 267500 2
1 2 5 4 267500 2
1 2 4 4 267500 2
1 2 2 6 267500 2
1 2 1 3 267500 2
1 2 1 4 267500 2
1 2 6 1 267500 2
1 2 10 5 268000 2
1 2 8 2 268000 2
1 2 11 4 268000 2
1 2 12 1 268000 2
1 2 12 2 268000 2
1 2 12 1 268000 2
1 2 13 5 268000 2
1 2 15 7 268000 2
1 2 15 8 268000 2
1 2 15 9 268000 2
1 2 15 2 268000 2
1 2 15 3 268000 2
1 2 9 4 268000 2
1 2 8 4 268000 2
1 2 8 7 268000 2
1 2 6 5 268000 2
1 2 6 6 268000 2
1 2 5 0 268000 2
1 2 5 8 268000 2
1 2 4 7 268000 2
1 2 3 7 268000 2
1 2 2 3 268000 2
1 2 1 4 268000 2
1 2 15 3 268500 2
1 2 14 7 268500 2
1 2 11 5 268500 2
1 2 5 6 268500 2
1 2 9 3 268500 2
1 2 7 5 268500 2
1 2 4 6 268500 2
1 2 2 1 268500 2
1 2 2 7 268500 2
1 2 8 4 268500 2
1 2 9 1 269000 2
1 2 15 1 269000 2
1 2 14 5 269000 2
1 2 14 1 269000 2
1 2 11 8 269000 2
1 2 10 6 269000 2
1 2 9 7 269000 2
1 2 8 7 269000 2
1 2 7 3 269000 2
1 2 7 9 269000 2
1 2 6 5 269000 2
1 2 6 3 269000 2
1 2 4 7 269000 2
1 2 4 7 269000 2
1 2 3 7 269000 2
1 2 2 9 269000 2
1 2 11 4 269500 2
1 2 15 2 269500 2
1 2 15 9 269500 2
1 2 14 8 269500 2
1 2 11 9 269500 2
1 2 10 6 269500 2
1 2 10 9 269500 2
1 2 9 6 269500 2
1 2 8 9 269500 2
1 2 9 0 269500 2
1 2 1 4 269500 2
1 2 2 8 269500 2
1 2 2 4 269500 2
1 2 3 5 269500 2
1 2 6 4 269500 2
1 2 8 4 269500 2
1 2 15 4 270000 2
1 2 15 0 270000 2
1 2 14 4 270000 2
1 2 13 8 270000 2
1 2 13 4 270000 2
1 2 13 4 270000 2
1 2 11 4 270000 2
1 2 11 1 270000 2
1 2 11 6 270000 2
1 2 8 4 270000 2
1 2 7 7 270000 2
1 2 5 6 270000 2
1 2 3 5 270000 2
1 2 3 4 270000 2
1 2 2 2 270000 2
1 2 2 9 270000 2
1 2 1 4 270000 2
1 2 10 6 270000 2
1 2 11 4 270500 2
1 2 11 4 270500 2
1 2 11 3 270500 2
1 2 11 5 270500 2
1 2 12 2 270500 2
1 2 13 8 270500 2
1 2 13 4 270500 2
1 2 15 9 270500 2
1 2 2 2 270500 2
1 2 8 9 270500 2
1 2 8 2 270500 2
1 2 2 9 270500 2
1 2 2 6 270500 2
1 2 5 2 270500 2
1 2 6 2 270500 2
1 2 6 4 270500 2
1 2 8 7 270500 2
1 2 8 5 270500 2
1 2 8 0 271000 2
1 2 15 4 271000 2
1 2 15 0 271000 2
1 2 14 7 271000 2
1 2 13 4 271000 2
1 2 12 2 271000 2
1 2 11 9 271000 2
1 2 11 4 271000 2
1 2 8 9 271000 2
1 2 8 7 271000 2
1 2 7 2 271000 2
1 2 6 3 271000 2
1 2 5 9 271000 2
1 2 4 7 271000 2
1 2 2 7 271000 2
1 2 0 8 271000 2
1 2 11 7 271500 2
1 2 1 4 271500 2
1 2 11 2 271500 2
1 2 11 4 271500 2
1 2 11 4 271500 2
1 2 12 2 271500 2
1 2 12 4 271500 2
1 2 14 4 271500 2
1 2 15 5 271500 2
1 2 15 9 271500 2
1 2 10 7 271500 2
1 2 0 6 271500 2
1 2 1 4 271500 2
1 2 4 2 271500 2
1 2 4 4 271500 2
1 2 5 6 271500 2
1 2 5 0 271500 2
1 2 7 8 271500 2
1 2 10 3 271500 2
1 2 11 6 272000 2
1 2 15 0 272000 2
1 2 14 2 272000 2
1 2 14 8 272000 2
1 2 14 4 272000 2
1 2 14 2 272000 2
1 2 12 2 272000 2
1 2 12 9 272000 2
1 2 11 0 272000 2
1 2 11 0 272000 2
1 2 11 0 272000 2
1 2 1 2 272000 2
1 2 2 6 272000 2
1 2 3 7 272000 2
1 2 5 4 272000 2
1 2 6 1 272000 2
1 2 7 9 272000 2
1 2 8 6 272000 2
1 2 8 9 272000 2
1 2 11 4 272000 2
1 2 6 8 272500 2
1 2 6 9 272500 2
1 2 6 9 272500 2
1 2 7 2 272500 2
1 2 7 9 272500 2
1 2 8 0 272500 2
1 2 9 0 272500 2
1 2 10 9 272500 2
1 2 11 3 272500 2
1 2 12 8 272500 2
1 2 12 8 272500 2
1 2 13 3 272500 2
1 2 13 2 272500 2
1 2 13 1 272500 2
1 2 14 5 272500 2
1 2 14 2 272500 2
1 2 15 8 272500 2
1 2 6 3 272500 2
1 2 0 2 272500 2
1 2 0 1 272500 2
1 2 0 1 272500 2
1 2 1 1 272500 2
1 2 1 5 272500 2
1 2 2 5 272500 2
1 2 2 5 272500 2
1 2 3 8 272500 2
1 2 4 8 272500 2
1 2 4 0 272500 2
1 2 4 0 272500 2
1 2 5 5 272500 2
1 2 5 4 272500 2
1 2 5 3 272500 2
1 2 6 3 272500 2
1 2 3 4 272500 2
1 2 6 2 273000 2
1 2 6 7 273000 2
1 2 7 5 273000 2
1 2 7 3 273000 2
1 2 9 7 273000 2
1 2 10 6 273000 2
1 2 12 8 273000 2
1 2 13 6 273000 2
1 2 14 5 273000 2
1 2 10 8 273000 2
1 2 6 2 273000 2
1 2 6 4 273000 2
1 2 2 9 273000 2
1 2 3 5 273000 2
1 2 3 2 273000 2
1 2 4 5 273000 2
1 2 2 6 273000 2
1 2 4 8 273000 2
1 2 5 7 273000 2
1 2 5 5 273000 2
1 2 5 3 273000 2
1 2 10 3 273500 2
1 2 15 2 273500 2
1 2 11 7 273500 2
1 2 12 8 273500 2
1 2 12 8 273500 2
1 2 12 8 273500 2
1 2 12 4 273500 2
1 2 13 6 273500 2
1 2 13 9 273500 2
1 2 14 5 273500 2
1 2 14 8 273500 2
1 2 15 0 273500 2
1 2 15 5 273500 2
1 2 1 5 273500 2
1 2 7 8 273500 2
1 2 0 4 273500 2
1 2 0 2 273500 2
1 2 4 4 273500 2
1 2 4 1 273500 2
1 2 5 2 273500 2
1 2 5 8 273500 2
1 2 5 6 273500 2
1 2 6 9 273500 2
1 2 6 8 273500 2
1 2 6 8 273500 2
1 2 7 2 273500 2
1 2 7 3 274000 2
1 2 12 3 274000 2
1 2 12 8 274000 2
1 2 11 8 274000 2
1 2 11 2 274000 2
1 2 11 0 274000 2
1 2 11 8 274000 2
1 2 10 0 274000 2
1 2 8 1 274000 2
1 2 7 8 274000 2
1 2 6 0 274000 2
1 2 5 7 274000 2
1 2 5 7 274000 2
1 2 4 2 274000 2
1 2 2 0 274000 2
1 2 2 2 274000 2
1 2 2 8 274000 2
1 2 0 6 274000 2
1 2 0 4 274000 2
1 2 7 9 274000 2
1 2 6 3 274500 2
1 2 7 3 274500 2
1 2 9 0 274500 2
1 2 9 6 274500 2
1 2 10 6 274500 2
1 2 11 9 274500 2
1 2 11 4 274500 2
1 2 12 6 274500 2
1 2 4 3 274500 2
1 2 13 8 274500 2
1 2 14 3 274500 2
1 2 15 5 274500 2
1 2 6 3 274500 2
1 2 6 2 274500 2
1 2 2 6 274500 2
1 2 3 8 274500 2
1 2 4 8 274500 2
1 2 4 6 274500 2
1 2 4 0 274500 2
1 2 5 9 274500 2
1 2 5 5 274500 2
1 2 5 8 274500 2
1 2 6 3 274500 2
1 2 7 2 275000 2
1 2 7 4 275000 2
1 2 7 3 275000 2
1 2 7 1 275000 2
1 2 10 9 275000 2
1 2 10 8 275000 2
1 2 11 8 275000 2
1 2 11 0 275000 2
1 2 12 8 275000 2
1 2 12 4 275000 2
1 2 14 7 275000 2
1 2 15 2 275000 2
1 2 15 6 275000 2
1 2 15 5 275000 2
1 2 5 8 275000 2
1 2 0 9 275000 2
1 2 0 9 275000 2
1 2 0 1 275000 2
1 2 0 8 275000 2
1 2 2 8 275000 2
1 2 2 9 275000 2
1 2 4 3 275000 2
1 2 4 3 275000 2
1 2 4 8 275000 2
1 2 5 5 275000 2
1 2 5 3 275000 2
1 2 6 5 275000 2
1 2 3 2 275000 2
1 2 7 1 275500 2
1 2 7 9 275500 2
1 2 7 3 275500 2
1 2 8 9 275500 2
1 2 10 9 275500 2
1 2 11 6 275500 2
1 2 11 0 275500 2
1 2 12 8 275500 2
1 2 12 5 275500 2
1 2 12 5 275500 2
1 2 14 7 275500 2
1 2 14 4 275500 2
1 2 15 7 275500 2
1 2 6 3 275500 2
1 2 6 3 275500 2
1 2 0 9 275500 2
1 2 0 3 275500 2
1 2 0 8 275500 2
1 2 1 0 275500 2
1 2 1 5 275500 2
1 2 1 7 275500 2
1 2 3 4 275500 2
1 2 4 9 275500 2
1 2 5 8 275500 2
1 2 5 2 275500 2
1 2 5 3 275500 2
1 2 3 7 275500 2
1 2 5 8 276000 2
1 2 5 3 276000 2
1 2 7 0 276000 2
1 2 7 5 276000 2
1 2 8 0 276000 2
1 2 9 3 276000 2
1 2 9 6 276000 2
1 2 10 1 276000 2
1 2 11 0 276000 2
1 2 12 8 276000 2
1 2 12 9 276000 2
1 2 15 5 276000 2
1 2 15 5 276000 2
1 2 4 8 276000 2
1 2 4 1 276000 2
1 2 0 8 276000 2
1 2 0 6 276000 2
1 2 0 3 276000 2
1 2 0 4 276000 2
1 2 0 1 276000 2
1 2 1 2 276000 2
1 2 2 0 276000 2
1 2 3 5 276000 2
1 2 3 3 276000 2
1 2 3 8 276000 2
1 2 3 7 276000 2
1 2 4 6 276000 2
1 2 13 5 276500 2
1 2 15 3 276500 2
1 2 15 0 276500 2
1 2 15 6 276500 2
1 2 14 7 276500 2
1 2 11 5 276500 2
1 2 10 3 276500 2
1 2 10 3 276500 2
1 2 10 0 276500 2
1 2 9 2 276500 2
1 2 8 2 276500 2
1 2 8 7 276500 2
1 2 1 7 276500 2
1 2 2 6 276500 2
1 2 2 9 276500 2
1 2 4 6 276500 2
1 2 4 4 276500 2
1 2 6 9 276500 2
1 2 7 5 276500 2
1 2 8 7 276500 2
1 2 0 8 276500 2
1 2 10 1 277000 2
1 2 14 7 277000 2
1 2 13 8 277000 2
1 2 11 9 277000 2
1 2 11 9 277000 2
1 2 10 6 277000 2
1 2 10 0 277000 2
1 2 9 0 277000 2
1 2 8 9 277000 2
1 2 8 7 277000 2
1 2 7 5 277000 2
1 2 4 8 277000 2
1 2 4 4 277000 2
1 2 2 8 277000 2
1 2 15 8 277500 2
1 2 15 9 277500 2
1 2 15 8 277500 2
1 2 14 7 277500 2
1 2 11 1 277500 2
1 2 11 9 277500 2
1 2 10 7 277500 2
1 2 10 0 277500 2
1 2 4 1 277500 2
1 2 4 6 277500 2
1 2 3 0 277500 2
1 2 1 0 277500 2
1 2 10 9 277500 2
1 2 10 1 278000 2
1 2 15 0 278000 2
1 2 15 8 278000 2
1 2 15 0 278000 2
1 2 13 2 278000 2
1 2 11 7 278000 2
1 2 11 3 278000 2
1 2 10 6 278000 2
1 2 9 3 278000 2
1 2 8 3 278000 2
1 2 8 8 278000 2
1 2 8 9 278000 2
1 2 5 1 278000 2
1 2 3 6 278000 2
1 2 2 0 278000 2
1 2 9 5 278000 2
1 2 10 6 278500 2
1 2 11 8 278500 2
1 2 11 1 278500 2
1 2 11 9 278500 2
1 2 11 3 278500 2
1 2 12 9 278500 2
1 2 13 4 278500 2
1 2 13 2 278500 2
1 2 14 9 278500 2
1 2 14 2 278500 2
1 2 8 5 278500 2
1 2 8 1 278500 2
1 2 0 1 278500 2
1 2 2 5 278500 2
1 2 2 8 278500 2
1 2 3 0 278500 2
1 2 4 1 278500 2
1 2 5 4 278500 2
1 2 5 3 278500 2
1 2 5 1 278500 2
1 2 4 2 278500 2
1 2 11 4 279000 2
1 2 14 5 279000 2
1 2 11 0 279000 2
1 2 11 3 279000 2
1 2 11 8 279000 2
1 2 12 9 279000 2
1 2 12 5 279000 2
1 2 13 7 279000 2
1 2 13 3 279000 2
1 2 14 5 279000 2
1 2 14 4 279000 2
1 2 15 3 279000 2
1 2 10 0 279000 2
1 2 10 6 279000 2
1 2 3 4 279000 2
1 2 4 7 279000 2
1 2 4 0 279000 2
1 2 4 0 279000 2
1 2 5 0 279000 2
1 2 6 3 279000 2
1 2 7 2 279000 2
1 2 8 9 279000 2
1 2 9 0 279000 2
1 2 10 9 279000 2
1 2 10 9 279000 2
1 2 15 3 279500 2
1 2 15 6 279500 2
1 2 15 5 279500 2
1 2 15 0 279500 2
1 2 14 0 279500 2
1 2 14 2 279500 2
1 2 8 0 279500 2
1 2 11 8 279500 2
1 2 11 9 279500 2
1 2 11 9 279500 2
1 2 10 6 279500 2
1 2 10 0 279500 2
1 2 9 3 279500 2
1 2 8 1 279500 2
1 2 6 5 279500 2
1 2 5 0 279500 2
1 2 4 7 279500 2
1 2 3 4 279500 2
1 2 3 1 279500 2
1 2 15 0 280000 2
1 2 15 2 280000 2
1 2 15 8 280000 2
1 2 11 9 280000 2
1 2 11 8 280000 2
1 2 10 8 280000 2
1 2 5 2 280000 2
1 2 5 4 280000 2
1 2 4 9 280000 2
1 2 2 7 280000 2
1 2 1 2 280000 2
1 2 0 1 280000 2
1 2 8 7 280000 2
1 2 8 9 280500 2
1 2 14 0 280500 2
1 2 14 2 280500 2
1 2 13 2 280500 2
1 2 12 2 280500 2
1 2 11 3 280500 2
1 2 8 8 280500 2
1 2 5 9 280500 2
1 2 5 9 280500 2
1 2 4 4 280500 2
1 2 4 7 280500 2
1 2 3 3 280500 2
1 2 3 4 280500 2
1 2 7 7 280500 2
1 2 2 9 280500 2
1 2 15 2 281000 2
1 2 7 9 281000 2
1 2 11 5 281000 2
1 2 11 5 281000 2
1 2 11 4 281000 2
1 2 11 6 281000 2
1 2 12 3 281000 2
1 2 14 5 281000 2
1 2 7 2 281000 2
1 2 5 6 281000 2
1 2 3 4 281000 2
1 2 3 7 281000 2
1 2 3 9 281000 2
1 2 3 6 281000 2
1 2 2 7 281000 2
1 2 2 5 281000 2
1 2 0 3 281000 2
1 2 6 9 281000 2
1 2 6 3 281500 2
1 2 6 8 281500 2
1 2 7 2 281500 2
1 2 10 0 281500 2
1 2 10 7 281500 2
1 2 11 4 281500 2
1 2 11 3 281500 2
1 2 12 2 281500 2
1 2 15 9 281500 2
1 2 6 7 281500 2
1 2 6 8 281500 2
1 2 4 5 281500 2
1 2 4 9 281500 2
1 2 2 6 281500 2
1 2 2 3 281500 2
1 2 1 0 281500 2
1 2 0 7 281500 2
1 2 15 6 282000 2
1 2 15 6 282000 2
1 2 15 7 282000 2
1 2 14 2 282000 2
1 2 13 9 282000 2
1 2 11 3 282000 2
1 2 11 2 282000 2
1 2 7 1 282000 2
1 2 6 9 282000 2
1 2 4 6 282000 2
1 2 4 3 282000 2
1 2 3 8 282000 2
1 2 2 3 282000 2
1 2 1 7 282000 2
1 2 7 8 282000 2
1 2 6 1 282500 2
1 2 15 2 282500 2
1 2 11 3 282500 2
1 2 11 0 282500 2
1 2 11 3 282500 2
1 2 6 9 282500 2
1 2 3 3 282500 2
1 2 2 5 282500 2
1 2 1 7 282500 2
1 2 1 9 282500 2
1 2 0 7 282500 2
1 2 0 2 282500 2
1 2 7 9 283000 2
1 2 15 6 283000 2
1 2 14 7 283000 2
1 2 14 0 283000 2
1 2 14 5 283000 2
1 2 13 6 283000 2
1 2 10 6 283000 2
1 2 6 9 283000 2
1 2 6 7 283000 2
1 2 4 7 283000 2
1 2 4 3 283000 2
1 2 0 5 283000 2
1 2 3 7 283000 2
1 2 3 8 283000 2
1 2 2 5 283000 2
1 2 2 5 283000 2
1 2 1 7 283000 2
1 2 0 3 283000 2
1 2 5 3 283000 2
1 2 6 4 283500 2
1 2 11 4 283500 2
1 2 9 7 283500 2
1 2 8 9 283500 2
1 2 7 5 283500 2
1 2 6 8 283500 2
1 2 4 7 283500 2
1 2 4 1 283500 2
1 2 4 5 283500 2
1 2 3 7 283500 2
1 2 0 8 283500 2
1 2 5 5 283500 2
1 2 7 4 284000 2
1 2 8 7 284000 2
1 2 8 7 284000 2
1 2 9 6 284000 2
1 2 11 9 284000 2
1 2 11 0 284000 2
1 2 12 5 284000 2
1 2 13 7 284000 2
1 2 14 9 284000 2
1 2 15 3 284000 2
1 2 15 6 284000 2
1 2 15 0 284000 2
1 2 3 4 284000 2
1 2 5 0 284000 2
1 2 6 2 284000 2
1 2 0 4 284000 2
1 2 1 2 284000 2
1 2 1 9 284000 2
1 2 2 7 284000 2
1 2 0 5 284000 2
1 2 3 0 284000 2
1 2 3 7 284000 2
1 2 3 4 284000 2
1 2 4 3 284000 2
1 2 4 5 284000 2
1 2 5 2 284000 2
1 2 15 2 284500 2
1 2 15 6 284500 2
1 2 15 0 284500 2
1 2 14 9 284500 2
1 2 11 7 284500 2
1 2 11 7 284500 2
1 2 10 7 284500 2
1 2 10 6 284500 2
1 2 9 1 284500 2
1 2 9 9 284500 2
1 2 8 1 284500 2
1 2 8 7 284500 2
1 2 3 4 284500 2
1 2 4 1 284500 2
1 2 5 9 284500 2
1 2 5 3 284500 2
1 2 7 8 284500 2
1 2 8 7 284500 2
1 2 8 2 284500 2
1 2 8 7 284500 2
1 2 9 9 285000 2
1 2 10 0 285000 2
1 2 10 0 285000 2
1 2 10 6 285000 2
1 2 11 6 285000 2
1 2 11 8 285000 2
1 2 11 4 285000 2
1 2 11 0 285000 2
1 2 12 6 285000 2
1 2 13 6 285000 2
1 2 13 5 285000 2
1 2 14 4 285000 2
1 2 14 5 285000 2
1 2 15 5 285000 2
1 2 15 2 285000 2
1 2 14 4 285000 2
1 2 8 9 285000 2
1 2 8 2 285000 2
1 2 0 6 285000 2
1 2 1 8 285000 2
1 2 2 9 285000 2
1 2 2 6 285000 2
1 2 0 0 285000 2
1 2 3 6 285000 2
1 2 3 9 285000 2
1 2 4 1 285000 2
1 2 5 9 285000 2
1 2 5 5 285000 2
1 2 5 5 285000 2
1 2 7 9 285000 2
1 2 8 5 285000 2
1 2 8 7 285000 2
1 2 4 3 285000 2
1 2 8 9 285500 2
1 2 9 5 285500 2
1 2 10 0 285500 2
1 2 11 2 285500 2
1 2 11 2 285500 2
1 2 11 0 285500 2
1 2 11 4 285500 2
1 2 11 8 285500 2
1 2 12 5 285500 2
1 2 13 8 285500 2
1 2 14 2 285500 2
1 2 15 0 285500 2
1 2 15 0 285500 2
1 2 7 3 285500 2
1 2 8 6 285500 2
1 2 0 9 285500 2
1 2 0 6 285500 2
1 2 2 7 285500 2
1 2 3 8 285500 2
1 2 3 6 285500 2
1 2 4 0 285500 2
1 2 5 3 285500 2
1 2 5 0 285500 2
1 2 5 4 285500 2
1 2 7 2 285500 2
1 2 4 6 285500 2
1 2 8 7 285500 2
1 2 10 7 286000 2
1 2 11 1 286000 2
1 2 11 7 286000 2
1 2 12 6 286000 2
1 2 13 4 286000 2
1 2 14 9 286000 2
1 2 14 7 286000 2
1 2 14 2 286000 2
1 2 15 6 286000 2
1 2 15 6 286000 2
1 2 15 4 286000 2
1 2 15 0 286000 2
1 2 9 7 286000 2
1 2 9 1 286000 2
1 2 0 4 286000 2
1 2 0 8 286000 2
1 2 3 2 286000 2
1 2 4 6 286000 2
1 2 4 7 286000 2
1 2 5 8 286000 2
1 2 5 4 286000 2
1 2 5 0 286000 2
1 2 6 3 286000 2
1 2 8 2 286000 2
1 2 4 6 286000 2
1 2 8 1 286500 2
1 2 8 9 286500 2
1 2 9 5 286500 2
1 2 9 8 286500 2
1 2 10 0 286500 2
1 2 10 0 286500 2
1 2 10 9 286500 2
1 2 10 1 286500 2
1 2 11 0 286500 2
1 2 11 4 286500 2
1 2 11 8 286500 2
1 2 14 5 286500 2
1 2 14 8 286500 2
1 2 15 0 286500 2
1 2 1 2 286500 2
1 2 8 7 286500 2
1 2 1 2 286500 2
1 2 2 0 286500 2
1 2 2 6 286500 2
1 2 2 8 286500 2
1 2 3 8 286500 2
1 2 4 7 286500 2
1 2 7 8 286500 2
1 2 7 3 286500 2
1 2 5 5 286500 2
1 2 5 9 286500 2
1 2 4 8 286500 2
1 2 4 0 286500 2
1 2 8 9 287000 2
1 2 15 4 287000 2
1 2 15 3 287000 2
1 2 15 0 287000 2
1 2 15 0 287000 2
1 2 14 7 287000 2
1 2 14 5 287000 2
1 2 13 8 287000 2
1 2 11 0 287000 2
1 2 11 0 287000 2
1 2 11 4 287000 2
1 2 10 6 287000 2
1 2 9 5 287000 2
1 2 6 3 287000 2
1 2 8 2 287000 2
1 2 0 3 287000 2
1 2 0 1 287000 2
1 2 1 5 287000 2
1 2 3 7 287000 2
1 2 3 0 287000 2
1 2 3 8 287000 2
1 2 4 1 287000 2
1 2 4 6 287000 2
1 2 5 6 287000 2
1 2 5 4 287000 2
1 2 5 8 287000 2
1 2 9 8 287500 2
1 2 9 5 287500 2
1 2 10 6 287500 2
1 2 10 3 287500 2
1 2 11 4 287500 2
1 2 11 3 287500 2
1 2 11 0 287500 2
1 2 13 3 287500 2
1 2 14 9 287500 2
1 2 14 9 287500 2
1 2 14 1 287500 2
1 2 15 6 287500 2
1 2 15 5 287500 2
1 2 2 8 287500 2
1 2 9 9 287500 2
1 2 9 3 287500 2
1 2 0 0 287500 2
1 2 0 9 287500 2
1 2 4 6 287500 2
1 2 4 6 287500 2
1 2 5 8 287500 2
1 2 5 4 287500 2
1 2 6 1 287500 2
1 2 7 5 287500 2
1 2 7 9 287500 2
1 2 8 9 287500 2
1 2 8 0 287500 2
1 2 5 0 287500 2
1 2 9 2 288000 2
1 2 10 7 288000 2
1 2 11 7 288000 2
1 2 11 0 288000 2
1 2 11 5 288000 2
1 2 11 8 288000 2
1 2 11 7 288000 2
1 2 11 6 288000 2
1 2 12 8 288000 2
1 2 14 5 288000 2
1 2 14 8 288000 2
1 2 15 0 288000 2
1 2 7 5 288000 2
1 2 8 7 288000 2
1 2 0 6 288000 2
1 2 0 8 288000 2
1 2 1 8 288000 2
1 2 2 8 288000 2
1 2 2 3 288000 2
1 2 2 7 288000 2
1 2 4 6 288000 2
1 2 4 6 288000 2
1 2 5 0 288000 2
1 2 5 1 288000 2
1 2 8 4 288000 2
1 2 9 3 288000 2
1 2 11 2 288500 2
1 2 15 9 288500 2
1 2 15 2 288500 2
1 2 12 6 288500 2
1 2 9 2 288500 2
1 2 8 0 288500 2
1 2 8 3 288500 2
1 2 8 7 288500 2
1 2 7 0 288500 2
1 2 8 1 288500 2
1 2 1 9 288500 2
1 2 2 8 288500 2
1 2 4 2 288500 2
1 2 0 0 288500 2
1 2 5 8 288500 2
1 2 5 6 288500 2
1 2 10 6 289000 2
1 2 15 4 289000 2
1 2 14 8 289000 2
1 2 11 4 289000 2
1 2 11 3 289000 2
1 2 11 2 289000 2
1 2 11 3 289000 2
1 2 10 5 289000 2
1 2 9 2 289000 2
1 2 8 6 289000 2
1 2 9 6 289000 2
1 2 6 2 289000 2
1 2 6 9 289000 2
1 2 5 2 289000 2
1 2 4 1 289000 2
1 2 3 3 289000 2
1 2 2 6 289000 2
1 2 1 2 289000 2
1 2 9 5 289500 2
1 2 9 2 289500 2
1 2 11 2 289500 2
1 2 11 2 289500 2
1 2 11 3 289500 2
1 2 13 5 289500 2
1 2 14 5 289500 2
1 2 14 2 289500 2
1 2 15 8 289500 2
1 2 15 8 289500 2
1 2 15 4 289500 2
1 2 3 2 289500 2
1 2 8 0 289500 2
1 2 0 9 289500 2
1 2 2 3 289500 2
1 2 3 3 289500 2
1 2 4 8 289500 2
1 2 5 0 289500 2
1 2 6 3 289500 2
1 2 7 2 289500 2
1 2 7 5 289500 2
1 2 8 7 289500 2
1 2 9 7 289500 2
1 2 15 3 290000 2
1 2 15 3 290000 2
1 2 14 7 290000 2
1 2 13 8 290000 2
1 2 13 6 290000 2
1 2 11 5 290000 2
1 2 9 7 290000 2
1 2 8 3 290000 2
1 2 7 1 290000 2
1 2 7 2 290000 2
1 2 6 3 290000 2
1 2 3 9 290000 2
1 2 1 6 290000 2
1 2 1 8 290000 2
1 2 0 0 290000 2
1 2 0 9 290000 2
1 2 8 9 290000 2
1 2 8 1 290500 2
1 2 14 0 290500 2
1 2 9 2 290500 2
1 2 9 0 290500 2
1 2 10 7 290500 2
1 2 10 8 290500 2
1 2 11 2 290500 2
1 2 12 6 290500 2
1 2 14 9 290500 2
1 2 15 5 290500 2
1 2 15 2 290500 2
1 2 7 2 290500 2
1 2 7 4 290500 2
1 2 0 3 290500 2
1 2 1 0 290500 2
1 2 0 0 290500 2
1 2 1 0 290500 2
1 2 2 9 290500 2
1 2 3 3 290500 2
1 2 4 7 290500 2
1 2 5 0 290500 2
1 2 5 2 290500 2
1 2 6 3 290500 2
1 2 15 9 291000 2
1 2 15 7 291000 2
1 2 14 3 291000 2
1 2 14 4 291000 2
1 2 13 5 291000 2
1 2 12 5 291000 2
1 2 12 8 291000 2
1 2 5 9 291000 2
1 2 11 3 291000 2
1 2 10 7 291000 2
1 2 9 2 291000 2
1 2 8 9 291000 2
1 2 6 3 291000 2
1 2 5 2 291000 2
1 2 4 0 291000 2
1 2 4 3 291000 2
1 2 4 2 291000 2
1 2 3 1 291000 2
1 2 3 3 291000 2
1 2 2 2 291000 2
1 2 1 2 291000 2
1 2 15 9 291500 2
1 2 14 7 291500 2
1 2 14 7 291500 2
1 2 11 9 291500 2
1 2 11 5 291500 2
1 2 10 5 291500 2
1 2 8 3 291500 2
1 2 7 2 291500 2
1 2 6 8 291500 2
1 2 5 0 291500 2
1 2 0 2 291500 2
1 2 9 4 291500 2
1 2 9 6 292000 2
1 2 11 5 292000 2
1 2 9 1 292000 2
1 2 9 8 292000 2
1 2 12 2 292000 2
1 2 13 8 292000 2
1 2 14 4 292000 2
1 2 14 9 292000 2
1 2 14 1 292000 2
1 2 15 6 292000 2
1 2 15 9 292000 2
1 2 8 0 292000 2
1 2 0 4 292000 2
1 2 1 1 292000 2
1 2 1 2 292000 2
1 2 2 5 292000 2
1 2 3 8 292000 2
1 2 4 3 292000 2
1 2 5 2 292000 2
1 2 6 3 292000 2
1 2 8 7 292000 2
1 2 7 5 292000 2
1 2 7 1 292500 2
1 2 8 9 292500 2
1 2 8 2 292500 2
1 2 7 0 292500 2
1 2 10 7 292500 2
1 2 11 8 292500 2
1 2 12 7 292500 2
1 2 12 2 292500 2
1 2 14 1 292500 2
1 2 15 2 292500 2
1 2 15 2 292500 2
1 2 2 5 292500 2
1 2 6 8 292500 2
1 2 6 5 292500 2
1 2 0 4 292500 2
1 2 0 4 292500 2
1 2 1 5 292500 2
1 2 3 4 292500 2
1 2 4 4 292500 2
1 2 5 4 292500 2
1 2 5 7 292500 2
1 2 6 3 292500 2
1 2 6 1 292500 2
1 2 6 9 293000 2
1 2 6 3 293000 2
1 2 6 3 293000 2
1 2 8 8 293000 2
1 2 10 3 293000 2
1 2 12 9 293000 2
1 2 12 6 293000 2
1 2 14 1 293000 2
1 2 15 6 293000 2
1 2 15 0 293000 2
1 2 15 6 293000 2
1 2 15 8 293000 2
1 2 5 7 293000 2
1 2 6 0 293000 2
1 2 0 2 293000 2
1 2 0 9 293000 2
1 2 0 1 293000 2
1 2 2 8 293000 2
1 2 2 0 293000 2
1 2 3 7 293000 2
1 2 3 4 293000 2
1 2 4 9 293000 2
1 2 4 3 293000 2
1 2 3 6 293000 2
1 2 5 8 293500 2
1 2 5 9 293500 2
1 2 6 8 293500 2
1 2 8 3 293500 2
1 2 11 6 293500 2
1 2 12 9 293500 2
1 2 12 1 293500 2
1 2 14 2 293500 2
1 2 14 5 293500 2
1 2 14 1 293500 2
1 2 14 3 293500 2
1 2 15 8 293500 2
1 2 4 5 293500 2
1 2 3 4 293500 2
1 2 0 9 293500 2
1 2 0 6 293500 2
1 2 0 7 293500 2
1 2 0 8 293500 2
1 2 1 7 293500 2
1 2 1 6 293500 2
1 2 2 8 293500 2
1 2 2 9 293500 2
1 2 2 1 293500 2
1 2 3 8 293500 2
1 2 1 6 293500 2
1 2 7 1 294000 2
1 2 7 1 294000 2
1 2 8 9 294000 2
1 2 8 1 294000 2
1 2 9 0 294000 2
1 2 10 7 294000 2
1 2 12 4 294000 2
1 2 14 8 294000 2
1 2 14 8 294000 2
1 2 15 6 294000 2
1 2 15 6 294000 2
1 2 13 5 294000 2
1 2 6 9 294000 2
1 2 6 9 294000 2
1 2 0 0 294000 2
1 2 1 0 294000 2
1 2 1 7 294000 2
1 2 1 6 294000 2
1 2 0 2 294000 2
1 2 2 9 294000 2
1 2 4 0 294000 2
1 2 5 3 294000 2
1 2 6 9 294000 2
1 2 6 3 294000 2
1 2 6 4 294000 2
1 2 14 7 294500 2
1 2 14 4 294500 2
1 2 12 4 294500 2
1 2 12 2 294500 2
1 2 11 2 294500 2
1 2 10 1 294500 2
1 2 8 7 294500 2
1 2 8 4 294500 2
1 2 7 5 294500 2
1 2 6 5 294500 2
1 2 5 3 294500 2
1 2 6 3 294500 2
1 2 0 8 294500 2
1 2 0 5 294500 2
1 2 0 3 294500 2
1 2 2 2 294500 2
1 2 4 3 294500 2
1 2 4 2 294500 2
1 2 4 4 294500 2
1 2 5 7 294500 2
1 2 15 8 295000 2
1 2 14 8 295000 2
1 2 14 0 295000 2
1 2 14 5 295000 2
1 2 14 0 295000 2
1 2 13 5 295000 2
1 2 12 5 295000 2
1 2 11 0 295000 2
1 2 8 7 295000 2
1 2 7 1 295000 2
1 2 6 0 295000 2
1 2 5 3 295000 2
1 2 1 7 295000 2
1 2 1 3 295000 2
1 2 1 1 295000 2
1 2 1 2 295000 2
1 2 2 7 295000 2
1 2 2 8 295000 2
1 2 3 7 295000 2
1 2 3 7 295000 2
1 2 4 4 295000 2
1 2 6 0 295000 2
1 2 14 8 295500 2
1 2 13 5 295500 2
1 2 12 8 295500 2
1 2 11 4 295500 2
1 2 10 8 295500 2
1 2 9 0 295500 2
1 2 8 7 295500 2
1 2 7 4 295500 2
1 2 6 9 295500 2
1 2 6 5 295500 2
1 2 5 1 295500 2
1 2 5 9 295500 2
1 2 0 3 295500 2
1 2 0 4 295500 2
1 2 0 3 295500 2
1 2 2 8 295500 2
1 2 2 2 295500 2
1 2 3 5 295500 2
1 2 4 7 295500 2
1 2 4 0 295500 2
1 2 5 3 295500 2
1 2 5 3 296000 2
1 2 10 7 296000 2
1 2 6 5 296000 2
1 2 6 1 296000 2
1 2 6 8 296000 2
1 2 7 4 296000 2
1 2 7 4 296000 2
1 2 10 9 296000 2
1 2 11 9 296000 2
1 2 11 4 296000 2
1 2 12 2 296000 2
1 2 14 7 296000 2
1 2 14 0 296000 2
1 2 14 9 296000 2
1 2 15 1 296000 2
1 2 15 7 296000 2
1 2 15 6 296000 2
1 2 5 9 296000 2
1 2 5 7 296000 2
1 2 0 4 296000 2
1 2 0 9 296000 2
1 2 0 3 296000 2
1 2 1 8 296000 2
1 2 1 7 296000 2
1 2 1 1 296000 2
1 2 2 0 296000 2
1 2 3 8 296000 2
1 2 0 3 296000 2
1 2 3 4 296000 2
1 2 3 7 296000 2
1 2 3 8 296000 2
1 2 4 5 296000 2
1 2 5 4 296000 2
1 2 2 3 296000 2
1 2 9 9 296500 2
1 2 12 8 296500 2
1 2 13 8 296500 2
1 2 14 2 296500 2
1 2 14 2 296500 2
1 2 6 6 296500 2
1 2 14 3 296500 2
1 2 14 0 296500 2
1 2 15 6 296500 2
1 2 15 0 296500 2
1 2 8 0 296500 2
1 2 8 5 296500 2
1 2 7 1 296500 2
1 2 7 3 296500 2
1 2 7 9 296500 2
1 2 6 2 296500 2
1 2 4 5 296500 2
1 2 0 8 296500 2
1 2 0 4 296500 2
1 2 15 7 297000 2
1 2 14 1 297000 2
1 2 12 1 297000 2
1 2 2 7 297000 2
1 2 11 6 297000 2
1 2 8 8 297000 2
1 2 6 2 297000 2
1 2 3 7 297000 2
1 2 0 8 297000 2
1 2 0 9 297000 2
1 2 0 6 297000 2
1 2 6 1 297000 2
1 2 11 2 297500 2
1 2 15 2 297500 2
1 2 14 9 297500 2
1 2 14 2 297500 2
1 2 13 3 297500 2
1 2 12 6 297500 2
1 2 12 4 297500 2
1 2 8 7 297500 2
1 2 7 3 297500 2
1 2 5 3 297500 2
1 2 5 9 297500 2
1 2 2 7 297500 2
1 2 1 2 297500 2
1 2 0 6 297500 2
1 2 1 5 298000 2
1 2 15 3 298000 2
1 2 12 1 298000 2
1 2 9 1 298000 2
1 2 9 6 298000 2
1 2 7 3 298000 2
1 2 5 1 298000 2
1 2 2 1 298000 2
1 2 1 0 298000 2
1 2 1 7 298000 2
1 2 6 8 298000 2
1 2 0 9 298000 2
1 2 10 7 298500 2
1 2 11 6 298500 2
1 2 11 3 298500 2
1 2 12 7 298500 2
1 2 13 7 298500 2
1 2 13 1 298500 2
1 2 14 4 298500 2
1 2 14 2 298500 2
1 2 15 6 298500 2
1 2 15 8 298500 2
1 2 0 5 298500 2
1 2 8 7 298500 2
1 2 7 3 298500 2
1 2 6 2 298500 2
1 2 5 9 298500 2
1 2 4 6 298500 2
1 2 4 7 298500 2
1 2 4 8 298500 2
1 2 2 9 298500 2
1 2 0 1 298500 2
1 2 10 9 298500 2
1 2 10 7 299000 2
1 2 10 3 299000 2
1 2 11 5 299000 2
1 2 11 1 299000 2
1 2 5 0 299000 2
1 2 12 4 299000 2
1 2 13 5 299000 2
1 2 14 5 299000 2
1 2 14 3 299000 2
1 2 15 5 299000 2
1 2 15 1 299000 2
1 2 8 7 299000 2
1 2 9 6 299000 2
1 2 0 5 299000 2
1 2 0 3 299000 2
1 2 2 8 299000 2
1 2 3 3 299000 2
1 2 4 7 299000 2
1 2 5 9 299000 2
1 2 7 7 299000 2
1 2 7 6 299000 2
1 2 8 5 299000 2
1 2 5 2 299500 2
1 2 15 7 299500 2
1 2 15 4 299500 2
1 2 14 5 299500 2
1 2 12 6 299500 2
1 2 11 5 299500 2
1 2 11 2 299500 2
1 2 3 8 299500 2
1 2 2 9 299500 2
1 2 1 1 299500 2
1 2 0 2 299500 2
1 2 0 5 299500 2
1 2 4 8 300000 2
1 2 15 1 300000 2
1 2 15 7 300000 2
1 2 14 3 300000 2
1 2 14 9 300000 2
1 2 14 9 300000 2
1 2 12 9 300000 2
1 2 12 8 300000 2
1 2 12 6 300000 2
1 2 11 0 300000 2
1 2 10 6 300000 2
1 2 0 0 300000 2
1 2 0 3 300000 2
1 2 1 6 300000 2
1 2 2 5 300000 2
1 2 5 7 300000 2
1 2 6 1 300000 2
1 2 7 1 300000 2
1 2 9 8 300000 2
1 2 11 6 300000 2
1 2 7 5 300500 2
1 2 15 8 300500 2
1 2 12 1 300500 2
1 2 12 6 300500 2
1 2 12 8 300500 2
1 2 11 3 300500 2
1 2 10 6 300500 2
1 2 9 0 300500 2
1 2 8 7 300500 2
1 2 7 9 300500 2
1 2 6 7 300500 2
1 2 6 5 300500 2
1 2 6 5 300500 2
1 2 1 4 300500 2
1 2 2 2 300500 2
1 2 2 0 300500 2
1 2 3 6 300500 2
1 2 3 8 300500 2
1 2 4 3 300500 2
1 2 4 4 300500 2
1 2 4 0 300500 2
1 2 0 2 300500 2
1 2 5 8 300500 2
1 2 15 3 301000 2
1 2 13 3 301000 2
1 2 13 4 301000 2
1 2 12 4 301000 2
1 2 10 9 301000 2
1 2 10 2 301000 2
1 2 9 6 301000 2
1 2 9 3 301000 2
1 2 8 8 301000 2
1 2 0 4 301000 2
1 2 8 4 301000 2
1 2 0 8 301000 2
1 2 1 4 301000 2
1 2 1 5 301000 2
1 2 2 3 301000 2
1 2 2 4 301000 2
1 2 3 8 301000 2
1 2 5 8 301000 2
1 2 6 7 301000 2
1 2 11 4 301500 2
1 2 15 1 301500 2
1 2 15 9 301500 2
1 2 15 3 301500 2
1 2 13 5 301500 2
1 2 13 8 301500 2
1 2 12 8 301500 2
1 2 12 2 301500 2
1 2 11 0 301500 2
1 2 10 9 301500 2
1 2 7 7 301500 2
1 2 6 2 301500 2
1 2 3 8 301500 2
1 2 2 1 301500 2
1 2 2 2 301500 2
1 2 1 3 301500 2
1 2 1 4 301500 2
1 2 0 5 301500 2
1 2 10 6 301500 2
1 2 7 8 302000 2
1 2 8 9 302000 2
1 2 9 0 302000 2
1 2 10 8 302000 2
1 2 11 8 302000 2
1 2 11 7 302000 2
1 2 13 1 302000 2
1 2 13 9 302000 2
1 2 13 8 302000 2
1 2 14 2 302000 2
1 2 15 4 302000 2
1 2 6 3 302000 2
1 2 7 9 302000 2
1 2 0 1 302000 2
1 2 1 4 302000 2
1 2 2 3 302000 2
1 2 2 2 302000 2
1 2 2 9 302000 2
1 2 3 2 302000 2
1 2 3 3 302000 2
1 2 4 9 302000 2
1 2 4 0 302000 2
1 2 5 9 302000 2
1 2 9 3 302500 2
1 2 15 6 302500 2
1 2 15 0 302500 2
1 2 14 0 302500 2
1 2 14 7 302500 2
1 2 13 5 302500 2
1 2 13 8 302500 2
1 2 12 8 302500 2
1 2 11 7 302500 2
1 2 10 9 302500 2
1 2 10 1 302500 2
1 2 9 5 302500 2
1 2 0 4 302500 2
1 2 1 3 302500 2
1 2 2 0 302500 2
1 2 2 3 302500 2
1 2 2 4 302500 2
1 2 3 7 302500 2
1 2 5 9 302500 2
1 2 6 4 302500 2
1 2 6 0 302500 2
1 2 7 8 302500 2
1 2 8 9 302500 2
1 2 10 3 303000 2
1 2 10 1 303000 2
1 2 11 6 303000 2
1 2 11 4 303000 2
1 2 12 4 303000 2
1 2 13 2 303000 2
1 2 13 7 303000 2
1 2 13 5 303000 2
1 2 14 9 303000 2
1 2 14 0 303000 2
1 2 14 2 303000 2
1 2 15 2 303000 2
1 2 15 6 303000 2
1 2 15 2 303000 2
1 2 9 7 303000 2
1 2 10 8 303000 2
1 2 3 8 303000 2
1 2 3 4 303000 2
1 2 3 5 303000 2
1 2 4 2 303000 2
1 2 4 7 303000 2
1 2 5 9 303000 2
1 2 6 0 303000 2
1 2 6 4 303000 2
1 2 7 7 303000 2
1 2 7 1 303000 2
1 2 7 7 303000 2
1 2 7 9 303000 2
1 2 9 2 303000 2
1 2 5 9 303500 2
1 2 15 6 303500 2
1 2 15 3 303500 2
1 2 15 6 303500 2
1 2 14 1 303500 2
1 2 12 9 303500 2
1 2 11 1 303500 2
1 2 11 7 303500 2
1 2 9 0 303500 2
1 2 6 7 303500 2
1 2 6 5 303500 2
1 2 7 7 303500 2
1 2 5 6 303500 2
1 2 4 2 303500 2
1 2 3 2 303500 2
1 2 3 4 303500 2
1 2 2 3 303500 2
1 2 1 5 303500 2
1 2 7 3 304000 2
1 2 9 9 304000 2
1 2 9 7 304000 2
1 2 10 9 304000 2
1 2 11 1 304000 2
1 2 13 9 304000 2
1 2 13 2 304000 2
1 2 13 5 304000 2
1 2 15 6 304000 2
1 2 3 8 304000 2
1 2 6 7 304000 2
1 2 6 0 304000 2
1 2 5 7 304000 2
1 2 4 9 304000 2
1 2 3 2 304000 2
1 2 1 3 304000 2
1 2 0 5 304000 2
1 2 0 4 304000 2
1 2 7 3 304000 2
1 2 6 3 304500 2
1 2 14 4 304500 2
1 2 13 5 304500 2
1 2 12 6 304500 2
1 2 10 7 304500 2
1 2 9 0 304500 2
1 2 9 9 304500 2
1 2 5 5 304500 2
1 2 4 0 304500 2
1 2 4 6 304500 2
1 2 4 7 304500 2
1 2 3 0 304500 2
1 2 3 3 304500 2
1 2 0 8 304500 2
1 2 15 3 305000 2
1 2 14 1 305000 2
1 2 12 7 305000 2
1 2 12 8 305000 2
1 2 12 6 305000 2
1 2 10 1 305000 2
1 2 8 9 305000 2
1 2 7 2 305000 2
1 2 6 9 305000 2
1 2 6 3 305000 2
1 2 5 3 305000 2
1 2 4 3 305000 2
1 2 3 6 305000 2
1 2 1 9 305000 2
1 2 1 6 305000 2
1 2 0 3 305000 2
1 2 0 9 305000 2
1 2 6 1 305000 2
1 2 11 0 305500 2
1 2 10 6 305500 2
1 2 11 8 305500 2
1 2 12 6 305500 2
1 2 12 8 305500 2
1 2 13 2 305500 2
1 2 14 3 305500 2
1 2 14 3 305500 2
1 2 14 8 305500 2
1 2 14 9 305500 2
1 2 15 9 305500 2
1 2 5 0 305500 2
1 2 0 9 305500 2
1 2 0 4 305500 2
1 2 0 8 305500 2
1 2 1 8 305500 2
1 2 2 7 305500 2
1 2 2 5 305500 2
1 2 3 2 305500 2
1 2 4 5 305500 2
1 2 4 9 305500 2
1 2 4 3 306000 2
1 2 15 8 306000 2
1 2 15 2 306000 2
1 2 12 1 306000 2
1 2 11 1 306000 2
1 2 11 0 306000 2
1 2 9 6 306000 2
1 2 6 8 306000 2
1 2 5 0 306000 2
1 2 4 0 306000 2
1 2 5 3 306000 2
1 2 0 8 306000 2
1 2 1 2 306000 2
1 2 1 6 306000 2
1 2 1 5 306000 2
1 2 3 3 306000 2
1 2 3 2 306000 2
1 2 0 3 306000 2
1 2 15 6 306500 2
1 2 14 5 306500 2
1 2 13 5 306500 2
1 2 13 4 306500 2
1 2 10 5 306500 2
1 2 7 9 306500 2
1 2 7 0 306500 2
1 2 6 8 306500 2
1 2 6 8 306500 2
1 2 5 5 306500 2
1 2 5 6 306500 2
1 2 4 4 306500 2
1 2 4 8 306500 2
1 2 4 2 306500 2
1 2 4 7 306500 2
1 2 3 0 306500 2
1 2 5 3 306500 2
1 2 5 5 307000 2
1 2 5 2 307000 2
1 2 7 6 307000 2
1 2 12 2 307000 2
1 2 12 5 307000 2
1 2 15 6 307000 2
1 2 15 8 307000 2
1 2 15 5 307000 2
1 2 0 2 307000 2
1 2 4 4 307000 2
1 2 4 2 307000 2
1 2 0 8 307000 2
1 2 1 6 307000 2
1 2 1 9 307000 2
1 2 2 9 307000 2
1 2 3 4 307000 2
1 2 3 4 307000 2
1 2 5 3 307500 2
1 2 15 4 307500 2
1 2 12 2 307500 2
1 2 11 1 307500 2
1 2 11 0 307500 2
1 2 11 4 307500 2
1 2 7 2 307500 2
1 2 7 9 307500 2
1 2 6 3 307500 2
1 2 4 3 307500 2
1 2 4 4 307500 2
1 2 3 9 307500 2
1 2 2 9 307500 2
1 2 1 5 307500 2
1 2 1 5 307500 2
1 2 0 1 307500 2
1 2 0 2 307500 2
1 2 3 8 308000 2
1 2 14 9 308000 2
1 2 14 4 308000 2
1 2 14 3 308000 2
1 2 13 2 308000 2
1 2 12 9 308000 2
1 2 12 8 308000 2
1 2 7 3 308000 2
1 2 6 3 308000 2
1 2 5 4 308000 2
1 2 3 3 308000 2
1 2 1 9 308000 2
1 2 0 8 308000 2
1 2 8 9 308000 2
1 2 7 2 308500 2
1 2 15 6 308500 2
1 2 12 6 308500 2
1 2 11 1 308500 2
1 2 11 3 308500 2
1 2 8 6 308500 2
1 2 6 4 308500 2
1 2 6 9 308500 2
1 2 5 4 308500 2
1 2 2 1 308500 2
1 2 2 7 308500 2
1 2 1 7 309000 2
1 2 15 1 309000 2
1 2 15 8 309000 2
1 2 14 2 309000 2
1 2 14 9 309000 2
1 2 13 2 309000 2
1 2 12 6 309000 2
1 2 6 4 309000 2
1 2 5 4 309000 2
1 2 5 2 309000 2
1 2 2 3 309000 2
1 2 0 8 309000 2
1 2 0 2 309000 2
1 2 12 6 309000 2
1 2 7 3 309500 2
1 2 15 9 309500 2
1 2 13 3 309500 2
1 2 13 2 309500 2
1 2 13 2 309500 2
1 2 11 0 309500 2
1 2 11 4 309500 2
1 2 10 7 309500 2
1 2 6 0 309500 2
1 2 4 4 309500 2
1 2 2 9 309500 2
1 2 2 3 309500 2
1 2 0 7 309500 2
1 2 0 3 309500 2
1 2 0 7 309500 2
1 2 11 7 310000 2
1 2 14 7 310000 2
1 2 12 2 310000 2
1 2 12 2 310000 2
1 2 11 2 310000 2
1 2 10 9 310000 2
1 2 8 6 310000 2
1 2 2 0 310000 2
1 2 5 6 310000 2
1 2 4 2 310000 2
1 2 4 2 310000 2
1 2 10 7 310000 2
1 2 5 3 310500 2
1 2 15 0 310500 2
1 2 13 2 310500 2
1 2 12 9 310500 2
1 2 12 8 310500 2
1 2 8 7 310500 2
1 2 8 9 310500 2
1 2 6 5 310500 2
1 2 6 3 310500 2
1 2 5 5 310500 2
1 2 5 5 310500 2
1 2 4 5 310500 2
1 2 3 7 310500 2
1 2 3 2 310500 2
1 2 2 4 310500 2
1 2 2 0 310500 2
1 2 2 5 310500 2
1 2 0 8 310500 2
1 2 0 0 310500 2
1 2 0 2 310500 2
1 2 15 8 311000 2
1 2 15 5 311000 2
1 2 13 2 311000 2
1 2 13 7 311000 2
1 2 12 2 311000 2
1 2 11 7 311000 2
1 2 10 8 311000 2
1 2 7 9 311000 2
1 2 3 8 311000 2
1 2 2 5 311000 2
1 2 1 1 311000 2
1 2 10 0 311000 2
1 2 10 0 311500 2
1 2 15 1 311500 2
1 2 15 8 311500 2
1 2 15 1 311500 2
1 2 13 2 311500 2
1 2 10 9 311500 2
1 2 6 4 311500 2
1 2 6 6 311500 2
1 2 5 8 311500 2
1 2 4 1 311500 2
1 2 4 9 311500 2
1 2 2 7 311500 2
1 2 0 4 311500 2
1 2 15 0 312000 2
1 2 15 3 312000 2
1 2 12 9 312000 2
1 2 11 3 312000 2
1 2 11 9 312000 2
1 2 11 5 312000 2
1 2 10 7 312000 2
1 2 6 2 312000 2
1 2 5 7 312000 2
1 2 5 8 312000 2
1 2 5 3 312000 2
1 2 4 7 312000 2
1 2 2 9 312000 2
1 2 8 0 312000 2
1 2 8 7 312500 2
1 2 15 6 312500 2
1 2 15 2 312500 2
1 2 14 0 312500 2
1 2 14 2 312500 2
1 2 12 2 312500 2
1 2 10 9 312500 2
1 2 9 2 312500 2
1 2 7 9 312500 2
1 2 5 6 312500 2
1 2 4 4 312500 2
1 2 4 3 312500 2
1 2 3 4 312500 2
1 2 3 4 312500 2
1 2 2 2 312500 2
1 2 2 7 312500 2
1 2 0 9 312500 2
1 2 0 6 312500 2
1 2 6 4 312500 2
1 2 10 9 313000 2
1 2 11 7 313000 2
1 2 12 6 313000 2
1 2 13 3 313000 2
1 2 14 1 313000 2
1 2 14 1 313000 2
1 2 14 9 313000 2
1 2 15 6 313000 2
1 2 15 1 313000 2
1 2 0 8 313000 2
1 2 9 9 313000 2
1 2 10 6 313000 2
1 2 0 4 313000 2
1 2 1 2 313000 2
1 2 2 9 313000 2
1 2 3 4 313000 2
1 2 5 5 313000 2
1 2 5 8 313000 2
1 2 6 7 313000 2
1 2 6 9 313500 2
1 2 15 1 313500 2
1 2 14 1 313500 2
1 2 13 1 313500 2
1 2 12 4 313500 2
1 2 11 1 313500 2
1 2 9 8 313500 2
1 2 8 7 313500 2
1 2 5 3 313500 2
1 2 5 4 313500 2
1 2 3 7 313500 2
1 2 1 9 313500 2
1 2 1 4 313500 2
1 2 0 2 313500 2
1 2 0 4 313500 2
1 2 0 2 313500 2
1 2 9 9 314000 2
1 2 1 5 314000 2
1 2 10 0 314000 2
1 2 11 9 314000 2
1 2 13 1 314000 2
1 2 13 6 314000 2
1 2 14 1 314000 2
1 2 14 9 314000 2
1 2 15 3 314000 2
1 2 15 6 314000 2
1 2 7 7 314000 2
1 2 0 3 314000 2
1 2 0 0 314000 2
1 2 3 8 314000 2
1 2 5 3 314000 2
1 2 6 7 314000 2
1 2 6 1 314000 2
1 2 6 7 314000 2
1 2 7 8 314000 2
1 2 9 5 314000 2
1 2 10 0 314500 2
1 2 15 9 314500 2
1 2 15 2 314500 2
1 2 14 2 314500 2
1 2 12 9 314500 2
1 2 12 1 314500 2
1 2 11 0 314500 2
1 2 7 6 314500 2
1 2 7 5 314500 2
1 2 6 9 314500 2
1 2 6 0 314500 2
1 2 0 7 314500 2
1 2 0 8 314500 2
1 2 1 6 314500 2
1 2 2 0 314500 2
1 2 4 4 314500 2
1 2 5 8 314500 2
1 2 0 8 314500 2
1 2 5 7 314500 2
1 2 12 7 315000 2
1 2 6 8 315000 2
1 2 6 1 315000 2
1 2 7 2 315000 2
1 2 7 0 315000 2
1 2 6 0 315000 2
1 2 8 1 315000 2
1 2 8 3 315000 2
1 2 12 6 315000 2
1 2 12 4 315000 2
1 2 14 8 315000 2
1 2 14 2 315000 2
1 2 15 2 315000 2
1 2 1 4 315000 2
1 2 5 3 315000 2
1 2 0 9 315000 2
1 2 0 0 315000 2
1 2 1 9 315000 2
1 2 2 7 315000 2
1 2 2 9 315000 2
1 2 2 8 315000 2
1 2 3 7 315000 2
1 2 4 5 315000 2
1 2 4 7 315000 2
1 2 5 4 315000 2
1 2 5 7 315000 2
1 2 6 6 315500 2
1 2 15 2 315500 2
1 2 14 9 315500 2
1 2 12 8 315500 2
1 2 11 2 315500 2
1 2 10 1 315500 2
1 2 5 3 315500 2
1 2 5 3 315500 2
1 2 3 8 315500 2
1 2 0 7 315500 2
1 2 0 4 315500 2
1 2 9 0 315500 2
1 2 10 0 316000 2
1 2 11 6 316000 2
1 2 11 9 316000 2
1 2 11 0 316000 2
1 2 12 6 316000 2
1 2 13 6 316000 2
1 2 13 5 316000 2
1 2 14 8 316000 2
1 2 14 2 316000 2
1 2 15 2 316000 2
1 2 15 6 316000 2
1 2 15 5 316000 2
1 2 9 5 316000 2
1 2 9 7 316000 2
1 2 0 8 316000 2
1 2 1 3 316000 2
1 2 2 6 316000 2
1 2 3 4 316000 2
1 2 3 4 316000 2
1 2 5 5 316000 2
1 2 6 2 316000 2
1 2 6 8 316000 2
1 2 6 7 316000 2
1 2 7 3 316000 2
1 2 4 2 316000 2
1 2 8 6 316500 2
1 2 8 3 316500 2
1 2 10 9 316500 2
1 2 10 0 316500 2
1 2 11 0 316500 2
1 2 12 2 316500 2
1 2 12 2 316500 2
1 2 13 5 316500 2
1 2 14 8 316500 2
1 2 15 7 316500 2
1 2 15 6 316500 2
1 2 8 9 316500 2
1 2 6 5 316500 2
1 2 0 1 316500 2
1 2 0 3 316500 2
1 2 1 1 316500 2
1 2 2 3 316500 2
1 2 2 2 316500 2
1 2 4 2 316500 2
1 2 5 9 316500 2
1 2 5 1 316500 2
1 2 5 8 316500 2
1 2 2 7 316500 2
1 2 8 9 317000 2
1 2 8 2 317000 2
1 2 8 1 317000 2
1 2 8 3 317000 2
1 2 8 0 317000 2
1 2 8 3 317000 2
1 2 10 7 317000 2
1 2 10 9 317000 2
1 2 11 7 317000 2
1 2 11 7 317000 2
1 2 12 6 317000 2
1 2 14 5 317000 2
1 2 15 3 317000 2
1 2 6 3 317000 2
1 2 6 7 317000 2
1 2 0 4 317000 2
1 2 2 0 317000 2
1 2 2 8 317000 2
1 2 2 3 317000 2
1 2 2 9 317000 2
1 2 4 0 317000 2
1 2 5 9 317000 2
1 2 5 7 317000 2
1 2 5 9 317000 2
1 2 6 2 317000 2
1 2 3 6 317000 2
1 2 8 2 317500 2
1 2 8 7 317500 2
1 2 8 2 317500 2
1 2 9 1 317500 2
1 2 9 2 317500 2
1 2 10 0 317500 2
1 2 10 3 317500 2
1 2 11 8 317500 2
1 2 11 4 317500 2
1 2 13 7 317500 2
1 2 15 6 317500 2
1 2 15 2 317500 2
1 2 0 6 317500 2
1 2 8 3 317500 2
1 2 1 9 317500 2
1 2 1 9 317500 2
1 2 1 1 317500 2
1 2 2 8 317500 2
1 2 3 7 317500 2
1 2 5 8 317500 2
1 2 7 7 317500 2
1 2 6 8 317500 2
1 2 6 9 317500 2
1 2 5 8 317500 2
1 2 4 5 317500 2
1 2 6 8 318000 2
1 2 15 6 318000 2
1 2 15 6 318000 2
1 2 14 0 318000 2
1 2 13 2 318000 2
1 2 11 8 318000 2
1 2 11 9 318000 2
1 2 8 7 318000 2
1 2 8 7 318000 2
1 2 7 5 318000 2
1 2 6 0 318000 2
1 2 6 2 318000 2
1 2 4 0 318000 2
1 2 3 5 318000 2
1 2 3 3 318000 2
1 2 2 9 318000 2
1 2 2 1 318000 2
1 2 2 9 318000 2
1 2 0 4 318000 2
1 2 0 2 318000 2
1 2 6 3 318000 2
1 2 8 7 318500 2
1 2 8 3 318500 2
1 2 8 7 318500 2
1 2 10 7 318500 2
1 2 11 6 318500 2
1 2 11 1 318500 2
1 2 11 7 318500 2
1 2 11 7 318500 2
1 2 12 4 318500 2
1 2 13 2 318500 2
1 2 14 5 318500 2
1 2 15 1 318500 2
1 2 5 4 318500 2
1 2 6 5 318500 2
1 2 8 7 318500 2
1 2 1 5 318500 2
1 2 2 7 318500 2
1 2 2 7 318500 2
1 2 3 4 318500 2
1 2 4 7 318500 2
1 2 5 3 318500 2
1 2 0 0 318500 2
1 2 6 2 318500 2
1 2 6 3 318500 2
1 2 5 1 318500 2
1 2 8 8 319000 2
1 2 8 3 319000 2
1 2 9 2 319000 2
1 2 10 5 319000 2
1 2 11 9 319000 2
1 2 11 4 319000 2
1 2 11 3 319000 2
1 2 11 0 319000 2
1 2 12 2 319000 2
1 2 14 7 319000 2
1 2 15 0 319000 2
1 2 15 7 319000 2
1 2 6 1 319000 2
1 2 5 4 319000 2
1 2 0 7 319000 2
1 2 0 8 319000 2
1 2 0 8 319000 2
1 2 1 9 319000 2
1 2 2 7 319000 2
1 2 2 7 319000 2
1 2 3 7 319000 2
1 2 3 4 319000 2
1 2 4 2 319000 2
1 2 5 7 319000 2
1 2 5 9 319000 2
1 2 3 0 319000 2
1 2 8 8 319500 2
1 2 8 2 319500 2
1 2 8 7 319500 2
1 2 10 0 319500 2
1 2 10 9 319500 2
1 2 11 7 319500 2
1 2 11 9 319500 2
1 2 13 8 319500 2
1 2 13 2 319500 2
1 2 15 0 319500 2
1 2 15 2 319500 2
1 2 15 0 319500 2
1 2 12 4 319500 2
1 2 7 9 319500 2
1 2 7 1 319500 2
1 2 0 1 319500 2
1 2 0 4 319500 2
1 2 3 8 319500 2
1 2 3 4 319500 2
1 2 4 8 319500 2
1 2 0 2 319500 2
1 2 5 3 319500 2
1 2 5 1 319500 2
1 2 6 3 319500 2
1 2 6 3 319500 2
1 2 6 7 319500 2
1 2 7 7 319500 2
1 2 11 8 320000 2
1 2 8 2 320000 2
1 2 8 8 320000 2
1 2 10 3 320000 2
1 2 8 4 320000 2
1 2 11 4 320000 2
1 2 11 9 320000 2
1 2 11 3 320000 2
1 2 12 7 320000 2
1 2 12 2 320000 2
1 2 12 9 320000 2
1 2 13 8 320000 2
1 2 14 3 320000 2
1 2 15 8 320000 2
1 2 6 7 320000 2
1 2 7 9 320000 2
1 2 0 7 320000 2
1 2 0 5 320000 2
1 2 0 7 320000 2
1 2 3 8 320000 2
1 2 3 5 320000 2
1 2 4 7 320000 2
1 2 4 2 320000 2
1 2 4 9 320000 2
1 2 4 7 320000 2
1 2 5 4 320000 2
1 2 5 9 320000 2
1 2 6 3 320000 2
1 2 6 0 320000 2
1 2 15 8 320500 2
1 2 13 5 320500 2
1 2 13 9 320500 2
1 2 12 4 320500 2
1 2 7 3 320500 2
1 2 11 4 320500 2
1 2 11 8 320500 2
1 2 10 7 320500 2
1 2 10 3 320500 2
1 2 9 5 320500 2
1 2 7 7 320500 2
1 2 7 4 320500 2
1 2 5 7 320500 2
1 2 4 3 320500 2
1 2 2 0 320500 2
1 2 0 2 320500 2
1 2 11 7 321000 2
1 2 14 2 321000 2
1 2 13 4 321000 2
1 2 13 2 321000 2
1 2 12 8 321000 2
1 2 9 7 321000 2
1 2 8 9 321000 2
1 2 8 1 321000 2
1 2 7 9 321000 2
1 2 6 4 321000 2
1 2 0 1 321000 2
1 2 6 2 321000 2
1 2 5 7 321000 2
1 2 3 8 321000 2
1 2 0 1 321000 2
1 2 7 9 321000 2
1 2 8 0 321500 2
1 2 14 4 321500 2
1 2 13 9 321500 2
1 2 12 6 321500 2
1 2 12 3 321500 2
1 2 11 4 321500 2
1 2 11 9 321500 2
1 2 10 9 321500 2
1 2 7 2 321500 2
1 2 6 0 321500 2
1 2 6 9 321500 2
1 2 5 4 321500 2
1 2 4 6 321500 2
1 2 4 2 321500 2
1 2 2 0 321500 2
1 2 0 7 321500 2
1 2 7 1 322000 2
1 2 15 8 322000 2
1 2 14 2 322000 2
1 2 12 3 322000 2
1 2 11 4 322000 2
1 2 9 3 322000 2
1 2 8 8 322000 2
1 2 7 5 322000 2
1 2 4 7 322000 2
1 2 7 5 322000 2
1 2 1 5 322000 2
1 2 3 8 322000 2
1 2 3 8 322000 2
1 2 4 5 322000 2
1 2 4 1 322000 2
1 2 4 3 322000 2
1 2 0 5 322000 2
1 2 13 3 322500 2
1 2 12 8 322500 2
1 2 12 6 322500 2
1 2 12 4 322500 2
1 2 11 9 322500 2
1 2 10 0 322500 2
1 2 9 2 322500 2
1 2 8 1 322500 2
1 2 8 9 322500 2
1 2 7 5 322500 2
1 2 6 8 322500 2
1 2 6 1 322500 2
1 2 4 3 322500 2
1 2 4 1 322500 2
1 2 3 3 322500 2
1 2 3 8 322500 2
1 2 3 7 322500 2
1 2 8 7 322500 2
1 2 11 1 323000 2
1 2 11 4 323000 2
1 2 12 2 323000 2
1 2 12 6 323000 2
1 2 13 8 323000 2
1 2 4 7 323000 2
1 2 13 9 323000 2
1 2 14 0 323000 2
1 2 14 8 323000 2
1 2 10 9 323000 2
1 2 9 2 323000 2
1 2 8 8 323000 2
1 2 7 5 323000 2
1 2 3 8 323000 2
1 2 2 6 323000 2
1 2 0 9 323000 2
1 2 10 5 323000 2
1 2 7 3 323500 2
1 2 14 2 323500 2
1 2 8 1 323500 2
1 2 10 4 323500 2
1 2 10 7 323500 2
1 2 11 6 323500 2
1 2 11 1 323500 2
1 2 11 4 323500 2
1 2 13 0 323500 2
1 2 14 4 323500 2
1 2 14 0 323500 2
1 2 14 9 323500 2
1 2 2 6 323500 2
1 2 7 7 323500 2
1 2 0 9 323500 2
1 2 0 8 323500 2
1 2 3 5 323500 2
1 2 3 8 323500 2
1 2 4 4 323500 2
1 2 4 1 323500 2
1 2 4 2 323500 2
1 2 5 7 323500 2
1 2 5 9 323500 2
1 2 7 4 323500 2
1 2 8 3 324000 2
1 2 15 0 324000 2
1 2 13 6 324000 2
1 2 12 8 324000 2
1 2 12 7 324000 2
1 2 11 9 324000 2
1 2 10 0 324000 2
1 2 7 7 324000 2
1 2 7 0 324000 2
1 2 7 9 324000 2
1 2 3 7 324000 2
1 2 2 0 324000 2
1 2 8 4 324000 2
1 2 8 8 324500 2
1 2 9 6 324500 2
1 2 7 5 324500 2
1 2 9 1 324500 2
1 2 11 0 324500 2
1 2 12 1 324500 2
1 2 12 8 324500 2
1 2 12 6 324500 2
1 2 12 6 324500 2
1 2 15 8 324500 2
1 2 15 2 324500 2
1 2 8 0 324500 2
1 2 8 3 324500 2
1 2 0 3 324500 2
1 2 2 5 324500 2
1 2 3 5 324500 2
1 2 4 1 324500 2
1 2 4 6 324500 2
1 2 4 0 324500 2
1 2 6 4 324500 2
1 2 6 9 324500 2
1 2 7 9 324500 2
1 2 14 8 325000 2
1 2 13 8 325000 2
1 2 11 4 325000 2
1 2 11 9 325000 2
1 2 9 0 325000 2
1 2 8 9 325000 2
1 2 8 5 325000 2
1 2 6 9 325000 2
1 2 5 8 325000 2
1 2 6 9 325000 2
1 2 0 8 325000 2
1 2 1 2 325000 2
1 2 2 2 325000 2
1 2 2 2 325000 2
1 2 3 9 325000 2
1 2 4 5 325000 2
1 2 4 1 325000 2
1 2 15 6 325500 2
1 2 15 8 325500 2
1 2 15 7 325500 2
1 2 13 8 325500 2
1 2 13 6 325500 2
1 2 12 4 325500 2
1 2 11 1 325500 2
1 2 10 7 325500 2
1 2 10 9 325500 2
1 2 6 0 325500 2
1 2 6 8 325500 2
1 2 4 8 325500 2
1 2 4 1 325500 2
1 2 3 4 325500 2
1 2 1 2 325500 2
1 2 0 1 325500 2
1 2 7 1 325500 2
1 2 7 0 326000 2
1 2 8 0 326000 2
1 2 9 9 326000 2
1 2 11 9 326000 2
1 2 11 3 326000 2
1 2 12 8 326000 2
1 2 12 4 326000 2
1 2 15 0 326000 2
1 2 8 5 326000 2
1 2 4 2 326000 2
1 2 0 1 326000 2
1 2 1 0 326000 2
1 2 2 0 326000 2
1 2 2 6 326000 2
1 2 2 9 326000 2
1 2 3 8 326000 2
1 2 4 6 326000 2
1 2 4 1 326000 2
1 2 12 0 326500 2
1 2 15 7 326500 2
1 2 15 2 326500 2
1 2 14 7 326500 2
1 2 13 8 326500 2
1 2 12 9 326500 2
1 2 12 2 326500 2
1 2 11 4 326500 2
1 2 9 1 326500 2
1 2 10 1 326500 2
1 2 9 2 326500 2
1 2 8 1 326500 2
1 2 6 9 326500 2
1 2 6 1 326500 2
1 2 4 6 326500 2
1 2 4 5 326500 2
1 2 2 6 326500 2
1 2 9 9 327000 2
1 2 9 6 327000 2
1 2 11 0 327000 2
1 2 11 0 327000 2
1 2 11 6 327000 2
1 2 12 4 327000 2
1 2 12 6 327000 2
1 2 13 8 327000 2
1 2 13 0 327000 2
1 2 15 6 327000 2
1 2 15 9 327000 2
1 2 0 5 327000 2
1 2 7 3 327000 2
1 2 7 9 327000 2
1 2 6 2 327000 2
1 2 5 9 327000 2
1 2 4 7 327000 2
1 2 4 2 327000 2
1 2 4 4 327000 2
1 2 4 5 327000 2
1 2 3 6 327000 2
1 2 2 0 327000 2
1 2 2 4 327000 2
1 2 12 2 327500 2
1 2 11 5 327500 2
1 2 12 2 327500 2
1 2 12 5 327500 2
1 2 13 6 327500 2
1 2 13 9 327500 2
1 2 15 6 327500 2
1 2 15 2 327500 2
1 2 9 1 327500 2
1 2 11 9 327500 2
1 2 2 5 327500 2
1 2 2 6 327500 2
1 2 3 3 327500 2
1 2 4 2 327500 2
1 2 8 7 327500 2
1 2 8 0 327500 2
1 2 8 9 327500 2
1 2 8 5 328000 2
1 2 15 9 328000 2
1 2 15 5 328000 2
1 2 13 9 328000 2
1 2 12 2 328000 2
1 2 11 7 328000 2
1 2 11 8 328000 2
1 2 10 7 328000 2
1 2 9 8 328000 2
1 2 5 9 328000 2
1 2 4 1 328000 2
1 2 4 5 328000 2
1 2 3 4 328000 2
1 2 3 1 328000 2
1 2 3 7 328000 2
1 2 1 3 328000 2
1 2 0 8 328000 2
1 2 0 6 328000 2
1 2 0 3 328000 2
1 2 6 7 328500 2
1 2 9 2 328500 2
1 2 12 2 328500 2
1 2 12 2 328500 2
1 2 13 2 328500 2
1 2 14 9 328500 2
1 2 14 8 328500 2
1 2 14 8 328500 2
1 2 14 3 328500 2
1 2 15 8 328500 2
1 2 0 3 328500 2
1 2 5 4 328500 2
1 2 5 0 328500 2
1 2 4 2 328500 2
1 2 4 5 328500 2
1 2 2 7 328500 2
1 2 2 2 328500 2
1 2 1 7 328500 2
1 2 1 6 328500 2
1 2 5 0 328500 2
1 2 0 4 328500 2
1 2 6 8 329000 2
1 2 6 3 329000 2
1 2 10 4 329000 2
1 2 11 9 329000 2
1 2 14 2 329000 2
1 2 14 7 329000 2
1 2 15 2 329000 2
1 2 15 0 329000 2
1 2 12 4 329000 2
1 2 4 8 329000 2
1 2 4 4 329000 2
1 2 2 0 329000 2
1 2 2 1 329000 2
1 2 2 6 329000 2
1 2 2 6 329000 2
1 2 3 8 329000 2
1 2 3 4 329000 2
1 2 3 6 329000 2
1 2 3 8 329000 2
1 2 11 2 329500 2
1 2 15 4 329500 2
1 2 15 5 329500 2
1 2 14 8 329500 2
1 2 13 6 329500 2
1 2 12 2 329500 2
1 2 12 2 329500 2
1 2 12 3 329500 2
1 2 12 9 329500 2
1 2 11 0 329500 2
1 2 6 5 329500 2
1 2 6 1 329500 2
1 2 6 3 329500 2
1 2 5 1 329500 2
1 2 4 0 329500 2
1 2 4 2 329500 2
1 2 3 5 329500 2
1 2 1 5 329500 2
1 2 1 0 329500 2
1 2 8 9 329500 2
1 2 1 7 329500 2
1 2 11 2 330000 2
1 2 15 1 330000 2
1 2 8 2 330000 2
1 2 7 2 330000 2
1 2 7 8 330000 2
1 2 6 1 330000 2
1 2 11 4 330000 2
1 2 12 2 330000 2
1 2 15 0 330000 2
1 2 15 5 330000 2
1 2 15 9 330000 2
1 2 2 5 330000 2
1 2 5 4 330000 2
1 2 6 5 330000 2
1 2 0 3 330000 2
1 2 0 1 330000 2
1 2 1 2 330000 2
1 2 2 7 330000 2
1 2 2 9 330000 2
1 2 3 4 330000 2
1 2 4 2 330000 2
1 2 4 6 330000 2
1 2 5 8 330000 2
1 2 8 7 330500 2
1 2 9 5 330500 2
1 2 10 8 330500 2
1 2 10 3 330500 2
1 2 11 7 330500 2
1 2 13 8 330500 2
1 2 14 5 330500 2
1 2 14 0 330500 2
1 2 14 5 330500 2
1 2 15 0 330500 2
1 2 15 2 330500 2
1 2 15 0 330500 2
1 2 15 3 330500 2
1 2 0 1 330500 2
1 2 7 1 330500 2
1 2 8 3 330500 2
1 2 0 2 330500 2
1 2 1 9 330500 2
1 2 2 8 330500 2
1 2 3 9 330500 2
1 2 4 1 330500 2
1 2 4 3 330500 2
1 2 5 5 330500 2
1 2 5 1 330500 2
1 2 5 3 330500 2
1 2 6 3 330500 2
1 2 7 0 330500 2
1 2 9 6 331000 2
1 2 15 9 331000 2
1 2 15 6 331000 2
1 2 15 0 331000 2
1 2 14 6 331000 2
1 2 13 2 331000 2
1 2 12 6 331000 2
1 2 12 9 331000 2
1 2 12 1 331000 2
1 2 8 7 331000 2
1 2 8 8 331000 2
1 2 7 8 331000 2
1 2 4 6 331000 2
1 2 4 1 331000 2
1 2 2 1 331000 2
1 2 1 4 331000 2
1 2 11 2 331000 2
1 2 15 0 331500 2
1 2 7 2 331500 2
1 2 8 2 331500 2
1 2 8 9 331500 2
1 2 10 4 331500 2
1 2 11 5 331500 2
1 2 11 4 331500 2
1 2 12 2 331500 2
1 2 13 6 331500 2
1 2 13 0 331500 2
1 2 0 3 331500 2
1 2 6 6 331500 2
1 2 1 2 331500 2
1 2 1 3 331500 2
1 2 2 3 331500 2
1 2 2 2 331500 2
1 2 3 9 331500 2
1 2 3 8 331500 2
1 2 5 2 331500 2
1 2 6 3 331500 2
1 2 6 3 331500 2
1 2 6 4 332000 2
1 2 15 5 332000 2
1 2 14 2 332000 2
1 2 13 6 332000 2
1 2 12 1 332000 2
1 2 12 7 332000 2
1 2 11 7 332000 2
1 2 11 0 332000 2
1 2 10 4 332000 2
1 2 8 7 332000 2
1 2 8 7 332000 2
1 2 1 2 332000 2
1 2 5 1 332000 2
1 2 4 2 332000 2
1 2 2 5 332000 2
1 2 2 8 332000 2
1 2 1 3 332000 2
1 2 9 5 332000 2
1 2 12 8 332500 2
1 2 15 4 332500 2
1 2 14 9 332500 2
1 2 13 8 332500 2
1 2 12 4 332500 2
1 2 7 9 332500 2
1 2 8 0 332500 2
1 2 6 7 332500 2
1 2 3 4 332500 2
1 2 2 9 332500 2
1 2 0 9 332500 2
1 2 9 3 333000 2
1 2 10 9 333000 2
1 2 10 7 333000 2
1 2 11 0 333000 2
1 2 11 0 333000 2
1 2 12 2 333000 2
1 2 14 9 333000 2
1 2 14 7 333000 2
1 2 15 8 333000 2
1 2 15 2 333000 2
1 2 15 7 333000 2
1 2 15 4 333000 2
1 2 6 8 333000 2
1 2 8 0 333000 2
1 2 1 8 333000 2
1 2 2 7 333000 2
1 2 2 8 333000 2
1 2 3 4 333000 2
1 2 3 3 333000 2
1 2 4 3 333000 2
1 2 5 9 333000 2
1 2 6 3 333000 2
1 2 6 4 333000 2
1 2 7 3 333000 2
1 2 9 6 333000 2
1 2 6 9 333500 2
1 2 15 9 333500 2
1 2 12 4 333500 2
1 2 11 6 333500 2
1 2 11 9 333500 2
1 2 11 8 333500 2
1 2 11 8 333500 2
1 2 9 7 333500 2
1 2 7 1 333500 2
1 2 7 7 333500 2
1 2 0 4 333500 2
1 2 0 3 333500 2
1 2 3 7 333500 2
1 2 3 4 333500 2
1 2 4 1 333500 2
1 2 5 9 333500 2
1 2 6 0 333500 2
1 2 8 5 334000 2
1 2 15 4 334000 2
1 2 14 7 334000 2
1 2 13 7 334000 2
1 2 13 3 334000 2
1 2 12 2 334000 2
1 2 11 0 334000 2
1 2 8 2 334000 2
1 2 7 5 334000 2
1 2 7 5 334000 2
1 2 0 5 334000 2
1 2 0 7 334000 2
1 2 0 5 334000 2
1 2 4 4 334000 2
1 2 4 8 334000 2
1 2 5 5 334000 2
1 2 5 2 334000 2
1 2 6 3 334000 2
1 2 7 5 334000 2
1 2 2 8 334500 2
1 2 14 0 334500 2
1 2 13 6 334500 2
1 2 12 9 334500 2
1 2 12 9 334500 2
1 2 11 4 334500 2
1 2 10 0 334500 2
1 2 10 9 334500 2
1 2 10 7 334500 2
1 2 10 9 334500 2
1 2 10 0 334500 2
1 2 8 7 334500 2
1 2 7 1 334500 2
1 2 6 0 334500 2
1 2 5 9 334500 2
1 2 4 3 334500 2
1 2 4 0 334500 2
1 2 3 8 334500 2
1 2 3 7 334500 2
1 2 9 1 334500 2
1 2 0 2 334500 2
1 2 11 8 335000 2
1 2 13 4 335000 2
1 2 13 2 335000 2
1 2 13 9 335000 2
1 2 14 2 335000 2
1 2 14 4 335000 2
1 2 15 1 335000 2
1 2 5 9 335000 2
1 2 7 2 335000 2
1 2 0 5 335000 2
1 2 4 3 335000 2
1 2 3 4 335000 2
1 2 2 9 335000 2
1 2 1 9 335000 2
1 2 8 0 335000 2
1 2 10 2 335500 2
1 2 15 3 335500 2
1 2 14 0 335500 2
1 2 12 6 335500 2
1 2 11 0 335500 2
1 2 11 0 335500 2
1 2 10 6 335500 2
1 2 10 0 335500 2
1 2 7 2 335500 2
1 2 0 5 335500 2
1 2 0 8 335500 2
1 2 2 0 335500 2
1 2 5 0 335500 2
1 2 5 9 335500 2
1 2 6 2 335500 2
1 2 8 3 335500 2
1 2 2 2 336000 2
1 2 15 4 336000 2
1 2 15 6 336000 2
1 2 14 5 336000 2
1 2 13 2 336000 2
1 2 11 9 336000 2
1 2 10 7 336000 2
1 2 10 6 336000 2
1 2 10 5 336000 2
1 2 8 3 336000 2
1 2 8 4 336000 2
1 2 8 0 336000 2
1 2 8 0 336000 2
1 2 7 3 336000 2
1 2 7 9 336000 2
1 2 7 7 336000 2
1 2 7 7 336000 2
1 2 6 7 336000 2
1 2 6 3 336000 2
1 2 5 3 336000 2
1 2 4 0 336000 2
1 2 3 4 336000 2
1 2 0 8 336000 2
1 2 0 4 336000 2
1 2 10 6 336500 2
1 2 11 0 336500 2
1 2 11 8 336500 2
1 2 12 6 336500 2
1 2 13 7 336500 2
1 2 14 8 336500 2
1 2 15 2 336500 2
1 2 7 4 336500 2
1 2 6 7 336500 2
1 2 6 3 336500 2
1 2 6 8 336500 2
1 2 3 4 336500 2
1 2 3 4 336500 2
1 2 2 6 336500 2
1 2 9 3 336500 2
1 2 11 4 337000 2
1 2 15 9 337000 2
1 2 11 9 337000 2
1 2 11 0 337000 2
1 2 11 7 337000 2
1 2 12 2 337000 2
1 2 12 9 337000 2
1 2 12 4 337000 2
1 2 13 2 337000 2
1 2 14 8 337000 2
1 2 10 8 337000 2
1 2 9 5 337000 2
1 2 8 0 337000 2
1 2 7 2 337000 2
1 2 7 9 337000 2
1 2 6 7 337000 2
1 2 5 3 337000 2
1 2 3 5 337000 2
1 2 3 5 337000 2
1 2 1 0 337000 2
1 2 10 5 337000 2
1 2 10 9 337500 2
1 2 8 9 337500 2
1 2 10 5 337500 2
1 2 10 1 337500 2
1 2 12 9 337500 2
1 2 12 6 337500 2
1 2 14 2 337500 2
1 2 14 0 337500 2
1 2 15 9 337500 2
1 2 15 7 337500 2
1 2 15 1 337500 2
1 2 9 3 337500 2
1 2 8 0 337500 2
1 2 8 6 337500 2
1 2 7 8 337500 2
1 2 6 0 337500 2
1 2 5 9 337500 2
1 2 4 0 337500 2
1 2 4 3 337500 2
1 2 3 2 337500 2
1 2 2 9 337500 2
1 2 0 8 337500 2
1 2 10 6 338000 2
1 2 15 0 338000 2
1 2 15 6 338000 2
1 2 12 5 338000 2
1 2 10 6 338000 2
1 2 8 8 338000 2
1 2 6 7 338000 2
1 2 4 4 338000 2
1 2 3 4 338000 2
1 2 2 7 338000 2
1 2 2 5 338000 2
1 2 11 1 338500 2
1 2 15 5 338500 2
1 2 14 5 338500 2
1 2 13 6 338500 2
1 2 12 8 338500 2
1 2 11 2 338500 2
1 2 11 9 338500 2
1 2 10 9 338500 2
1 2 7 1 338500 2
1 2 5 9 338500 2
1 2 4 5 338500 2
1 2 7 1 338500 2
1 2 4 4 338500 2
1 2 3 8 338500 2
1 2 2 9 338500 2
1 2 2 0 338500 2
1 2 1 3 338500 2
1 2 9 5 339000 2
1 2 10 9 339000 2
1 2 11 1 339000 2
1 2 11 9 339000 2
1 2 11 1 339000 2
1 2 11 7 339000 2
1 2 12 1 339000 2
1 2 12 9 339000 2
1 2 12 4 339000 2
1 2 12 6 339000 2
1 2 14 3 339000 2
1 2 15 8 339000 2
1 2 15 8 339000 2
1 2 3 3 339000 2
1 2 8 9 339000 2
1 2 0 3 339000 2
1 2 0 9 339000 2
1 2 2 8 339000 2
1 2 2 5 339000 2
1 2 4 0 339000 2
1 2 5 6 339000 2
1 2 5 1 339000 2
1 2 6 8 339000 2
1 2 7 2 339000 2
1 2 7 5 339000 2
1 2 7 2 339000 2
1 2 8 8 339000 2
1 2 8 6 339500 2
1 2 10 9 339500 2
1 2 10 9 339500 2
1 2 12 4 339500 2
1 2 14 8 339500 2
1 2 15 0 339500 2
1 2 15 2 339500 2
1 2 15 4 339500 2
1 2 11 7 339500 2
1 2 6 6 339500 2
1 2 5 7 339500 2
1 2 5 2 339500 2
1 2 4 2 339500 2
1 2 4 3 339500 2
1 2 3 6 339500 2
1 2 3 4 339500 2
1 2 2 8 339500 2
1 2 1 3 339500 2
1 2 8 7 339500 2
1 2 11 9 340000 2
1 2 13 5 340000 2
1 2 11 3 340000 2
1 2 11 9 340000 2
1 2 7 7 340000 2
1 2 7 3 340000 2
1 2 6 4 340000 2
1 2 7 5 340000 2
1 2 3 8 340000 2
1 2 3 4 340000 2
1 2 2 9 340000 2
1 2 0 8 340000 2
1 2 10 6 340500 2
1 2 11 8 340500 2
1 2 11 2 340500 2
1 2 11 5 340500 2
1 2 12 9 340500 2
1 2 13 4 340500 2
1 2 13 2 340500 2
1 2 13 9 340500 2
1 2 14 8 340500 2
1 2 15 8 340500 2
1 2 15 7 340500 2
1 2 15 2 340500 2
1 2 15 4 340500 2
1 2 8 9 340500 2
1 2 9 9 340500 2
1 2 0 9 340500 2
1 2 0 8 340500 2
1 2 2 8 340500 2
1 2 3 7 340500 2
1 2 3 8 340500 2
1 2 5 5 340500 2
1 2 5 9 340500 2
1 2 7 9 340500 2
1 2 8 5 340500 2
1 2 8 2 340500 2
1 2 9 5 340500 2
1 2 9 2 340500 2
1 2 9 7 340500 2
1 2 11 7 341000 2
1 2 11 8 341000 2
1 2 10 1 341000 2
1 2 11 4 341000 2
1 2 12 5 341000 2
1 2 12 5 341000 2
1 2 12 4 341000 2
1 2 13 5 341000 2
1 2 13 6 341000 2
1 2 13 4 341000 2
1 2 15 8 341000 2
1 2 15 3 341000 2
1 2 15 3 341000 2
1 2 15 1 341000 2
1 2 7 3 341000 2
1 2 2 5 341000 2
1 2 10 9 341000 2
1 2 2 7 341000 2
1 2 2 2 341000 2
1 2 3 4 341000 2
1 2 3 5 341000 2
1 2 3 8 341000 2
1 2 3 7 341000 2
1 2 4 4 341000 2
1 2 8 0 341000 2
1 2 8 9 341000 2
1 2 7 5 341000 2
1 2 6 3 341000 2
1 2 6 2 341000 2
1 2 4 4 341000 2
1 2 9 8 341500 2
1 2 15 9 341500 2
1 2 15 8 341500 2
1 2 15 2 341500 2
1 2 14 8 341500 2
1 2 13 6 341500 2
1 2 13 1 341500 2
1 2 13 6 341500 2
1 2 12 2 341500 2
1 2 12 2 341500 2
1 2 11 4 341500 2
1 2 11 0 341500 2
1 2 11 2 341500 2
1 2 7 9 341500 2
1 2 8 9 341500 2
1 2 1 7 341500 2
1 2 2 8 341500 2
1 2 2 9 341500 2
1 2 2 6 341500 2
1 2 3 8 341500 2
1 2 3 7 341500 2
1 2 4 4 341500 2
1 2 5 3 341500 2
1 2 5 3 341500 2
1 2 5 6 341500 2
1 2 6 8 341500 2
1 2 6 7 341500 2
1 2 8 2 342000 2
1 2 8 0 342000 2
1 2 9 6 342000 2
1 2 9 7 342000 2
1 2 11 9 342000 2
1 2 12 1 342000 2
1 2 12 1 342000 2
1 2 12 6 342000 2
1 2 12 8 342000 2
1 2 12 4 342000 2
1 2 13 7 342000 2
1 2 13 2 342000 2
1 2 14 4 342000 2
1 2 15 6 342000 2
1 2 15 8 342000 2
1 2 15 4 342000 2
1 2 8 4 342000 2
1 2 8 9 342000 2
1 2 0 3 342000 2
1 2 0 8 342000 2
1 2 0 1 342000 2
1 2 0 1 342000 2
1 2 2 9 342000 2
1 2 2 6 342000 2
1 2 3 5 342000 2
1 2 3 4 342000 2
1 2 4 7 342000 2
1 2 5 3 342000 2
1 2 5 7 342000 2
1 2 7 8 342000 2
1 2 7 1 342000 2
1 2 7 9 342000 2
1 2 3 7 342000 2
1 2 7 8 342500 2
1 2 8 7 342500 2
1 2 10 7 342500 2
1 2 10 3 342500 2
1 2 11 0 342500 2
1 2 11 0 342500 2
1 2 12 6 342500 2
1 2 12 4 342500 2
1 2 13 3 342500 2
1 2 15 4 342500 2
1 2 13 8 342500 2
1 2 7 5 342500 2
1 2 7 6 342500 2
1 2 1 0 342500 2
1 2 0 8 342500 2
1 2 2 9 342500 2
1 2 2 2 342500 2
1 2 3 3 342500 2
1 2 3 8 342500 2
1 2 5 9 342500 2
1 2 5 3 342500 2
1 2 5 1 342500 2
1 2 15 1 343000 2
1 2 15 9 343000 2
1 2 12 4 343000 2
1 2 12 8 343000 2
1 2 12 7 343000 2
1 2 11 0 343000 2
1 2 11 4 343000 2
1 2 9 5 343000 2
1 2 8 9 343000 2
1 2 7 3 343000 2
1 2 7 8 343000 2
1 2 7 4 343000 2
1 2 0 4 343000 2
1 2 0 1 343000 2
1 2 2 4 343000 2
1 2 3 4 343000 2
1 2 3 8 343000 2
1 2 4 3 343000 2
1 2 4 6 343000 2
1 2 5 4 343000 2
1 2 6 3 343000 2
1 2 9 0 343500 2
1 2 11 2 343500 2
1 2 12 7 343500 2
1 2 12 2 343500 2
1 2 12 4 343500 2
1 2 13 7 343500 2
1 2 13 6 343500 2
1 2 13 6 343500 2
1 2 14 2 343500 2
1 2 14 3 343500 2
1 2 15 8 343500 2
1 2 15 6 343500 2
1 2 15 7 343500 2
1 2 1 4 343500 2
1 2 8 2 343500 2
1 2 8 7 343500 2
1 2 2 9 343500 2
1 2 3 4 343500 2
1 2 3 7 343500 2
1 2 4 7 343500 2
1 2 4 2 343500 2
1 2 4 4 343500 2
1 2 5 4 343500 2
1 2 6 8 343500 2
1 2 6 3 343500 2
1 2 7 5 343500 2
1 2 7 1 343500 2
1 2 5 5 343500 2
1 2 7 4 344000 2
1 2 6 7 344000 2
1 2 8 9 344000 2
1 2 8 0 344000 2
1 2 9 3 344000 2
1 2 11 7 344000 2
1 2 11 9 344000 2
1 2 11 7 344000 2
1 2 12 4 344000 2
1 2 14 5 344000 2
1 2 15 1 344000 2
1 2 6 2 344000 2
1 2 5 3 344000 2
1 2 5 5 344000 2
1 2 3 4 344000 2
1 2 2 9 344000 2
1 2 2 8 344000 2
1 2 1 3 344000 2
1 2 0 8 344000 2
1 2 0 2 344000 2
1 2 7 7 344000 2
1 2 10 7 344500 2
1 2 10 6 344500 2
1 2 11 1 344500 2
1 2 12 1 344500 2
1 2 12 2 344500 2
1 2 13 2 344500 2
1 2 13 5 344500 2
1 2 14 5 344500 2
1 2 15 8 344500 2
1 2 15 1 344500 2
1 2 10 9 344500 2
1 2 10 9 344500 2
1 2 0 3 344500 2
1 2 2 7 344500 2
1 2 3 3 344500 2
1 2 3 4 344500 2
1 2 5 1 344500 2
1 2 5 6 344500 2
1 2 5 3 344500 2
1 2 6 7 344500 2
1 2 7 5 344500 2
1 2 8 9 344500 2
1 2 9 1 344500 2
1 2 6 5 345000 2
1 2 15 3 345000 2
1 2 14 4 345000 2
1 2 13 8 345000 2
1 2 13 5 345000 2
1 2 13 2 345000 2
1 2 10 9 345000 2
1 2 9 7 345000 2
1 2 9 5 345000 2
1 2 8 7 345000 2
1 2 7 3 345000 2
1 2 5 7 345000 2
1 2 5 3 345000 2
1 2 5 5 345000 2
1 2 4 9 345000 2
1 2 4 7 345000 2
1 2 3 4 345000 2
1 2 3 4 345000 2
1 2 1 7 345000 2
1 2 0 1 345000 2
1 2 0 1 345000 2
1 2 6 3 345500 2
1 2 0 5 345500 2
1 2 7 9 345500 2
1 2 8 7 345500 2
1 2 9 6 345500 2
1 2 9 8 345500 2
1 2 10 1 345500 2
1 2 12 5 345500 2
1 2 14 4 345500 2
1 2 14 7 345500 2
1 2 14 3 345500 2
1 2 15 1 345500 2
1 2 4 2 345500 2
1 2 0 7 345500 2
1 2 5 9 345500 2
1 2 0 8 345500 2
1 2 1 7 345500 2
1 2 2 7 345500 2
1 2 2 9 345500 2
1 2 2 1 345500 2
1 2 3 9 345500 2
1 2 3 4 345500 2
1 2 4 7 345500 2
1 2 5 9 346000 2
1 2 6 4 346000 2
1 2 6 5 346000 2
1 2 7 9 346000 2
1 2 8 7 346000 2
1 2 9 5 346000 2
1 2 10 9 346000 2
1 2 12 4 346000 2
1 2 13 2 346000 2
1 2 14 2 346000 2
1 2 14 9 346000 2
1 2 15 2 346000 2
1 2 0 9 346000 2
1 2 5 1 346000 2
1 2 5 8 346000 2
1 2 0 4 346000 2
1 2 0 3 346000 2
1 2 0 7 346000 2
1 2 1 6 346000 2
1 2 1 9 346000 2
1 2 1 1 346000 2
1 2 2 4 346000 2
1 2 3 4 346000 2
1 2 4 3 346000 2
1 2 4 5 346000 2
1 2 5 5 346000 2
1 2 4 7 346500 2
1 2 7 3 346500 2
1 2 7 3 346500 2
1 2 7 5 346500 2
1 2 8 0 346500 2
1 2 8 3 346500 2
1 2 9 2 346500 2
1 2 9 5 346500 2
1 2 10 9 346500 2
1 2 11 2 346500 2
1 2 11 4 346500 2
1 2 12 8 346500 2
1 2 13 4 346500 2
1 2 14 8 346500 2
1 2 4 6 346500 2
1 2 0 7 346500 2
1 2 0 4 346500 2
1 2 0 4 346500 2
1 2 0 2 346500 2
1 2 0 3 346500 2
1 2 1 7 346500 2
1 2 2 9 346500 2
1 2 2 7 346500 2
1 2 2 6 346500 2
1 2 4 8 346500 2
1 2 4 2 346500 2
1 2 4 9 346500 2
1 2 5 9 346500 2
1 2 7 5 347000 2
1 2 7 8 347000 2
1 2 7 3 347000 2
1 2 6 4 347000 2
1 2 7 1 347000 2
1 2 8 1 347000 2
1 2 9 3 347000 2
1 2 11 8 347000 2
1 2 12 2 347000 2
1 2 12 6 347000 2
1 2 13 2 347000 2
1 2 15 7 347000 2
1 2 4 2 347000 2
1 2 6 3 347000 2
1 2 6 8 347000 2
1 2 0 2 347000 2
1 2 0 8 347000 2
1 2 0 9 347000 2
1 2 2 6 347000 2
1 2 3 7 347000 2
1 2 3 0 347000 2
1 2 4 5 347000 2
1 2 4 2 347000 2
1 2 4 9 347000 2
1 2 4 8 347000 2
1 2 5 2 347000 2
1 2 8 3 347500 2
1 2 15 3 347500 2
1 2 15 6 347500 2
1 2 14 0 347500 2
1 2 13 2 347500 2
1 2 12 7 347500 2
1 2 11 0 347500 2
1 2 11 0 347500 2
1 2 11 9 347500 2
1 2 10 7 347500 2
1 2 7 9 347500 2
1 2 6 3 347500 2
1 2 6 3 347500 2
1 2 5 8 347500 2
1 2 5 4 347500 2
1 2 4 3 347500 2
1 2 2 9 347500 2
1 2 2 5 347500 2
1 2 0 7 347500 2
1 2 0 1 347500 2
1 2 8 9 347500 2
1 2 12 1 348000 2
1 2 15 6 348000 2
1 2 11 4 348000 2
1 2 10 1 348000 2
1 2 10 9 348000 2
1 2 10 0 348000 2
1 2 9 3 348000 2
1 2 14 1 348000 2
1 2 14 7 348000 2
1 2 14 8 348000 2
1 2 14 5 348000 2
1 2 15 7 348000 2
1 2 15 1 348000 2
1 2 12 3 348000 2
1 2 7 7 348000 2
1 2 8 6 348000 2
1 2 0 1 348000 2
1 2 0 4 348000 2
1 2 0 8 348000 2
1 2 1 0 348000 2
1 2 1 5 348000 2
1 2 2 6 348000 2
1 2 2 7 348000 2
1 2 0 4 348000 2
1 2 3 7 348000 2
1 2 5 3 348000 2
1 2 5 0 348000 2
1 2 5 8 348000 2
1 2 6 2 348000 2
1 2 15 3 348500 2
1 2 15 6 348500 2
1 2 14 9 348500 2
1 2 13 8 348500 2
1 2 12 2 348500 2
1 2 11 3 348500 2
1 2 10 1 348500 2
1 2 10 3 348500 2
1 2 9 4 348500 2
1 2 6 2 348500 2
1 2 8 2 348500 2
1 2 0 8 348500 2
1 2 0 0 348500 2
1 2 2 5 348500 2
1 2 3 7 348500 2
1 2 3 6 348500 2
1 2 4 6 348500 2
1 2 4 3 348500 2
1 2 15 7 349000 2
1 2 15 3 349000 2
1 2 14 0 349000 2
1 2 14 9 349000 2
1 2 14 8 349000 2
1 2 13 3 349000 2
1 2 11 6 349000 2
1 2 10 7 349000 2
1 2 10 7 349000 2
1 2 9 0 349000 2
1 2 6 8 349000 2
1 2 6 8 349000 2
1 2 4 7 349000 2
1 2 4 1 349000 2
1 2 0 2 349000 2
1 2 0 5 349000 2
1 2 10 3 349000 2
1 2 9 1 349500 2
1 2 9 1 349500 2
1 2 10 3 349500 2
1 2 11 7 349500 2
1 2 11 2 349500 2
1 2 11 4 349500 2
1 2 12 9 349500 2
1 2 12 8 349500 2
1 2 13 7 349500 2
1 2 13 4 349500 2
1 2 13 5 349500 2
1 2 13 3 349500 2
1 2 15 7 349500 2
1 2 8 4 349500 2
1 2 8 7 349500 2
1 2 0 3 349500 2
1 2 0 6 349500 2
1 2 0 2 349500 2
1 2 0 8 349500 2
1 2 2 3 349500 2
1 2 4 1 349500 2
1 2 4 0 349500 2
1 2 4 0 349500 2
1 2 5 7 349500 2
1 2 6 6 349500 2
1 2 7 2 349500 2
1 2 4 7 349500 2
1 2 10 3 350000 2
1 2 10 7 350000 2
1 2 11 7 350000 2
1 2 11 2 350000 2
1 2 11 9 350000 2
1 2 11 2 350000 2
1 2 11 3 350000 2
1 2 11 3 350000 2
1 2 13 9 350000 2
1 2 14 3 350000 2
1 2 14 1 350000 2
1 2 14 8 350000 2
1 2 15 8 350000 2
1 2 15 5 350000 2
1 2 8 5 350000 2
1 2 4 1 350000 2
1 2 0 8 350000 2
1 2 1 5 350000 2
1 2 2 7 350000 2
1 2 3 7 350000 2
1 2 4 6 350000 2
1 2 5 9 350000 2
1 2 5 5 350000 2
1 2 5 9 350000 2
1 2 5 3 350000 2
1 2 6 4 350000 2
1 2 6 7 350000 2
1 2 8 7 350000 2
1 2 8 6 350000 2
1 2 10 3 350000 2
1 2 8 7 350500 2
1 2 9 7 350500 2
1 2 9 0 350500 2
1 2 11 5 350500 2
1 2 11 4 350500 2
1 2 13 5 350500 2
1 2 14 8 350500 2
1 2 14 9 350500 2
1 2 15 6 350500 2
1 2 15 8 350500 2
1 2 15 3 350500 2
1 2 12 6 350500 2
1 2 8 7 350500 2
1 2 8 5 350500 2
1 2 1 6 350500 2
1 2 3 6 350500 2
1 2 3 0 350500 2
1 2 3 8 350500 2
1 2 4 8 350500 2
1 2 5 9 350500 2
1 2 5 5 350500 2
1 2 5 2 350500 2
1 2 5 9 350500 2
1 2 7 5 350500 2
1 2 15 2 351000 2
1 2 15 0 351000 2
1 2 14 2 351000 2
1 2 14 3 351000 2
1 2 12 5 351000 2
1 2 11 0 351000 2
1 2 11 7 351000 2
1 2 9 4 351000 2
1 2 8 3 351000 2
1 2 7 4 351000 2
1 2 7 1 351000 2
1 2 6 2 351000 2
1 2 6 7 351000 2
1 2 0 6 351000 2
1 2 0 4 351000 2
1 2 0 8 351000 2
1 2 1 5 351000 2
1 2 2 9 351000 2
1 2 3 7 351000 2
1 2 4 3 351000 2
1 2 4 3 351000 2
1 2 4 1 351000 2
1 2 5 9 351000 2
1 2 15 9 351500 2
1 2 14 0 351500 2
1 2 13 8 351500 2
1 2 13 5 351500 2
1 2 13 4 351500 2
1 2 11 0 351500 2
1 2 9 3 351500 2
1 2 7 9 351500 2
1 2 6 6 351500 2
1 2 6 0 351500 2
1 2 4 8 351500 2
1 2 3 6 351500 2
1 2 1 5 351500 2
1 2 1 7 351500 2
1 2 0 8 351500 2
1 2 0 5 351500 2
1 2 7 2 351500 2
1 2 7 5 352000 2
1 2 7 0 352000 2
1 2 8 2 352000 2
1 2 9 2 352000 2
1 2 9 0 352000 2
1 2 9 3 352000 2
1 2 11 2 352000 2
1 2 11 5 352000 2
1 2 13 5 352000 2
1 2 13 5 352000 2
1 2 14 3 352000 2
1 2 14 7 352000 2
1 2 14 8 352000 2
1 2 15 8 352000 2
1 2 15 3 352000 2
1 2 6 3 352000 2
1 2 6 3 352000 2
1 2 0 4 352000 2
1 2 0 1 352000 2
1 2 0 1 352000 2
1 2 1 7 352000 2
1 2 2 4 352000 2
1 2 3 0 352000 2
1 2 4 5 352000 2
1 2 4 2 352000 2
1 2 4 6 352000 2
1 2 5 5 352000 2
1 2 5 5 352000 2
1 2 5 5 352000 2
1 2 5 7 352000 2
1 2 15 8 352500 2
1 2 15 0 352500 2
1 2 14 8 352500 2
1 2 12 6 352500 2
1 2 12 6 352500 2
1 2 11 4 352500 2
1 2 11 4 352500 2
1 2 11 2 352500 2
1 2 9 5 352500 2
1 2 10 5 352500 2
1 2 2 6 352500 2
1 2 2 9 352500 2
1 2 4 6 352500 2
1 2 4 8 352500 2
1 2 4 6 352500 2
1 2 8 9 352500 2
1 2 8 8 352500 2
1 2 15 6 353000 2
1 2 13 6 353000 2
1 2 13 9 353000 2
1 2 12 4 353000 2
1 2 12 8 353000 2
1 2 11 2 353000 2
1 2 11 4 353000 2
1 2 11 5 353000 2
1 2 8 9 353000 2
1 2 6 2 353000 2
1 2 5 9 353000 2
1 2 4 6 353000 2
1 2 3 4 353000 2
1 2 3 7 353000 2
1 2 2 6 353000 2
1 2 2 8 353000 2
1 2 0 6 353000 2
1 2 0 4 353000 2
1 2 6 8 353000 2
1 2 8 7 353500 2
1 2 8 9 353500 2
1 2 9 6 353500 2
1 2 9 2 353500 2
1 2 10 9 353500 2
1 2 11 4 353500 2
1 2 12 2 353500 2
1 2 12 6 353500 2
1 2 15 9 353500 2
1 2 4 0 353500 2
1 2 5 4 353500 2
1 2 7 9 353500 2
1 2 1 6 353500 2
1 2 2 9 353500 2
1 2 3 7 353500 2
1 2 3 7 353500 2
1 2 3 2 353500 2
1 2 4 6 353500 2
1 2 0 3 353500 2
1 2 5 6 353500 2
1 2 15 6 354000 2
1 2 15 6 354000 2
1 2 14 8 354000 2
1 2 12 3 354000 2
1 2 11 8 354000 2
1 2 10 1 354000 2
1 2 10 6 354000 2
1 2 10 7 354000 2
1 2 9 5 354000 2
1 2 8 2 354000 2
1 2 9 9 354000 2
1 2 2 9 354000 2
1 2 2 1 354000 2
1 2 2 2 354000 2
1 2 3 6 354000 2
1 2 3 3 354000 2
1 2 4 3 354000 2
1 2 6 2 354000 2
1 2 15 9 354500 2
1 2 15 3 354500 2
1 2 14 0 354500 2
1 2 13 8 354500 2
1 2 13 8 354500 2
1 2 10 4 354500 2
1 2 9 0 354500 2
1 2 9 2 354500 2
1 2 9 4 354500 2
1 2 8 5 354500 2
1 2 8 7 354500 2
1 2 5 5 354500 2
1 2 4 0 354500 2
1 2 4 8 354500 2
1 2 3 3 354500 2
1 2 3 4 354500 2
1 2 2 6 354500 2
1 2 8 3 354500 2
1 2 10 5 355000 2
1 2 11 1 355000 2
1 2 11 7 355000 2
1 2 12 1 355000 2
1 2 12 8 355000 2
1 2 13 4 355000 2
1 2 13 3 355000 2
1 2 15 6 355000 2
1 2 9 2 355000 2
1 2 8 0 355000 2
1 2 0 1 355000 2
1 2 3 6 355000 2
1 2 4 4 355000 2
1 2 4 6 355000 2
1 2 5 7 355000 2
1 2 6 5 355000 2
1 2 7 5 355000 2
1 2 8 1 355000 2
1 2 15 0 355500 2
1 2 15 4 355500 2
1 2 13 6 355500 2
1 2 13 6 355500 2
1 2 13 3 355500 2
1 2 12 2 355500 2
1 2 12 4 355500 2
1 2 8 8 355500 2
1 2 8 4 355500 2
1 2 1 3 355500 2
1 2 6 9 355500 2
1 2 0 4 355500 2
1 2 2 0 355500 2
1 2 2 2 355500 2
1 2 4 6 355500 2
1 2 4 6 355500 2
1 2 5 6 355500 2
1 2 6 7 355500 2
1 2 8 7 356000 2
1 2 15 6 356000 2
1 2 15 8 356000 2
1 2 13 8 356000 2
1 2 12 6 356000 2
1 2 11 7 356000 2
1 2 10 8 356000 2
1 2 9 6 356000 2
1 2 4 8 356000 2
1 2 4 6 356000 2
1 2 2 9 356000 2
1 2 2 6 356000 2
1 2 2 6 356000 2
1 2 0 0 356000 2
1 2 0 5 356000 2
1 2 15 5 356500 2
1 2 15 0 356500 2
1 2 14 1 356500 2
1 2 12 1 356500 2
1 2 12 1 356500 2
1 2 11 1 356500 2
1 2 11 9 356500 2
1 2 10 7 356500 2
1 2 5 2 356500 2
1 2 8 8 356500 2
1 2 0 8 356500 2
1 2 0 4 356500 2
1 2 1 7 356500 2
1 2 3 6 356500 2
1 2 4 3 356500 2
1 2 4 2 356500 2
1 2 5 7 356500 2
1 2 6 6 357000 2
1 2 15 4 357000 2
1 2 12 8 357000 2
1 2 10 1 357000 2
1 2 7 9 357000 2
1 2 6 3 357000 2
1 2 5 0 357000 2
1 2 5 7 357000 2
1 2 4 2 357000 2
1 2 4 6 357000 2
1 2 5 1 357000 2
1 2 3 4 357000 2
1 2 3 3 357000 2
1 2 1 7 357000 2
1 2 1 4 357000 2
1 2 0 5 357000 2
1 2 0 3 357000 2
1 2 11 8 357500 2
1 2 11 4 357500 2
1 2 12 2 357500 2
1 2 12 4 357500 2
1 2 12 2 357500 2
1 2 12 2 357500 2
1 2 13 6 357500 2
1 2 13 1 357500 2
1 2 14 0 357500 2
1 2 14 3 357500 2
1 2 14 4 357500 2
1 2 14 4 357500 2
1 2 15 2 357500 2
1 2 4 8 357500 2
1 2 10 8 357500 2
1 2 0 0 357500 2
1 2 1 5 357500 2
1 2 1 8 357500 2
1 2 3 1 357500 2
1 2 3 0 357500 2
1 2 3 8 357500 2
1 2 6 4 357500 2
1 2 6 5 357500 2
1 2 7 7 357500 2
1 2 9 9 357500 2
1 2 10 7 357500 2
1 2 10 3 357500 2
1 2 4 1 357500 2
1 2 8 6 358000 2
1 2 9 6 358000 2
1 2 10 9 358000 2
1 2 11 4 358000 2
1 2 12 2 358000 2
1 2 12 1 358000 2
1 2 13 2 358000 2
1 2 14 0 358000 2
1 2 14 9 358000 2
1 2 15 8 358000 2
1 2 15 2 358000 2
1 2 15 1 358000 2
1 2 13 5 358000 2
1 2 7 1 358000 2
1 2 7 1 358000 2
1 2 1 5 358000 2
1 2 2 2 358000 2
1 2 3 8 358000 2
1 2 3 3 358000 2
1 2 3 8 358000 2
1 2 0 8 358000 2
1 2 4 4 358000 2
1 2 4 1 358000 2
1 2 5 2 358000 2
1 2 6 4 358000 2
1 2 7 7 358000 2
1 2 4 9 358500 2
1 2 15 8 358500 2
1 2 14 1 358500 2
1 2 12 5 358500 2
1 2 12 2 358500 2
1 2 12 6 358500 2
1 2 10 2 358500 2
1 2 9 5 358500 2
1 2 6 2 358500 2
1 2 3 0 358500 2
1 2 3 0 358500 2
1 2 3 1 358500 2
1 2 1 5 358500 2
1 2 1 1 359000 2
1 2 15 7 359000 2
1 2 15 2 359000 2
1 2 14 8 359000 2
1 2 13 0 359000 2
1 2 8 5 359000 2
1 2 6 7 359000 2
1 2 6 3 359000 2
1 2 5 1 359000 2
1 2 5 6 359000 2
1 2 5 7 359000 2
1 2 4 6 359000 2
1 2 4 1 359000 2
1 2 3 7 359000 2
1 2 3 6 359000 2
1 2 1 5 359000 2
1 2 5 3 359000 2
1 2 0 1 359000 2
1 2 9 0 359500 2
1 2 12 6 359500 2
1 2 12 2 359500 2
1 2 13 6 359500 2
1 2 14 9 359500 2
1 2 14 8 359500 2
1 2 14 6 359500 2
1 2 15 5 359500 2
1 2 15 6 359500 2
1 2 15 4 359500 2
1 2 15 2 359500 2
1 2 7 4 359500 2
1 2 8 6 359500 2
1 2 0 8 359500 2
1 2 2 2 359500 2
1 2 3 3 359500 2
1 2 0 1 359500 2
1 2 3 8 359500 2
1 2 3 8 359500 2
1 2 4 3 359500 2
1 2 5 8 359500 2
1 2 5 9 359500 2
1 2 6 7 359500 2
1 2 11 6 360000 2
1 2 15 9 360000 2
1 2 15 8 360000 2
1 2 15 6 360000 2
1 2 15 2 360000 2
1 2 14 4 360000 2
1 2 14 2 360000 2
1 2 13 3 360000 2
1 2 13 5 360000 2
1 2 13 6 360000 2
1 2 13 2 360000 2
1 2 10 8 360000 2
1 2 10 8 360000 2
1 2 10 2 360000 2
1 2 9 5 360000 2
1 2 7 8 360000 2
1 2 7 8 360000 2
1 2 5 8 360000 2
1 2 3 4 360000 2
1 2 12 8 360000 2
1 2 2 7 360000 2
1 2 14 2 360500 2
1 2 11 3 360500 2
1 2 11 4 360500 2
1 2 11 0 360500 2
1 2 11 1 360500 2
1 2 12 5 360500 2
1 2 13 1 360500 2
1 2 14 3 360500 2
1 2 14 2 360500 2
1 2 4 1 360500 2
1 2 7 3 360500 2
1 2 6 9 360500 2
1 2 5 0 360500 2
1 2 5 5 360500 2
1 2 4 2 360500 2
1 2 2 8 360500 2
1 2 1 9 360500 2
1 2 0 8 360500 2
1 2 10 9 360500 2
1 2 7 5 361000 2
1 2 15 9 361000 2
1 2 14 1 361000 2
1 2 12 9 361000 2
1 2 11 0 361000 2
1 2 10 9 361000 2
1 2 7 8 361000 2
1 2 7 9 361000 2
1 2 5 3 361000 2
1 2 5 7 361000 2
1 2 4 4 361000 2
1 2 2 8 361000 2
1 2 1 5 361000 2
1 2 15 1 361500 2
1 2 14 4 361500 2
1 2 13 3 361500 2
1 2 10 9 361500 2
1 2 5 8 361500 2
1 2 7 5 361500 2
1 2 6 9 361500 2
1 2 5 9 361500 2
1 2 5 5 361500 2
1 2 3 0 361500 2
1 2 2 9 361500 2
1 2 0 3 361500 2
1 2 0 4 361500 2
1 2 6 3 361500 2
1 2 10 7 362000 2
1 2 14 8 362000 2
1 2 11 9 362000 2
1 2 11 0 362000 2
1 2 11 0 362000 2
1 2 12 3 362000 2
1 2 13 5 362000 2
1 2 13 7 362000 2
1 2 14 0 362000 2
1 2 14 1 362000 2
1 2 15 9 362000 2
1 2 1 7 362000 2
1 2 8 0 362000 2
1 2 2 3 362000 2
1 2 2 8 362000 2
1 2 3 8 362000 2
1 2 4 4 362000 2
1 2 4 7 362000 2
1 2 5 9 362000 2
1 2 6 3 362000 2
1 2 7 2 362000 2
1 2 7 9 362000 2
1 2 6 4 362500 2
1 2 15 6 362500 2
1 2 15 0 362500 2
1 2 15 7 362500 2
1 2 12 4 362500 2
1 2 11 9 362500 2
1 2 11 0 362500 2
1 2 10 1 362500 2
1 2 6 9 362500 2
1 2 5 7 362500 2
1 2 5 8 362500 2
1 2 4 3 362500 2
1 2 3 3 362500 2
1 2 2 2 362500 2
1 2 1 6 362500 2
1 2 7 5 362500 2
1 2 10 7 363000 2
1 2 11 7 363000 2
1 2 11 0 363000 2
1 2 13 4 363000 2
1 2 13 9 363000 2
1 2 13 8 363000 2
1 2 14 9 363000 2
1 2 14 0 363000 2
1 2 15 3 363000 2
1 2 6 9 363000 2
1 2 7 8 363000 2
1 2 0 2 363000 2
1 2 0 5 363000 2
1 2 0 2 363000 2
1 2 2 9 363000 2
1 2 5 5 363000 2
1 2 5 9 363000 2
1 2 2 7 363000 2
1 2 10 1 363500 2
1 2 15 2 363500 2
1 2 13 5 363500 2
1 2 11 0 363500 2
1 2 11 2 363500 2
1 2 11 9 363500 2
1 2 6 2 363500 2
1 2 6 8 363500 2
1 2 5 9 363500 2
1 2 4 1 363500 2
1 2 2 5 363500 2
1 2 2 9 363500 2
1 2 1 4 363500 2
1 2 1 2 363500 2
1 2 0 9 363500 2
1 2 15 6 364000 2
1 2 14 4 364000 2
1 2 14 8 364000 2
1 2 12 6 364000 2
1 2 12 6 364000 2
1 2 11 0 364000 2
1 2 11 9 364000 2
1 2 7 3 364000 2
1 2 0 9 364000 2
1 2 6 0 364000 2
1 2 1 7 364000 2
1 2 1 1 364000 2
1 2 2 8 364000 2
1 2 2 1 364000 2
1 2 2 9 364000 2
1 2 6 3 364000 2
1 2 6 3 364000 2
1 2 8 2 364500 2
1 2 15 8 364500 2
1 2 12 4 364500 2
1 2 12 5 364500 2
1 2 11 7 364500 2
1 2 11 3 364500 2
1 2 9 4 364500 2
1 2 9 1 364500 2
1 2 6 5 364500 2
1 2 5 6 364500 2
1 2 4 0 364500 2
1 2 3 3 364500 2
1 2 2 2 364500 2
1 2 2 8 364500 2
1 2 1 3 364500 2
1 2 7 2 364500 2
1 2 10 1 365000 2
1 2 11 2 365000 2
1 2 12 8 365000 2
1 2 12 8 365000 2
1 2 12 8 365000 2
1 2 12 4 365000 2
1 2 13 8 365000 2
1 2 13 6 365000 2
1 2 15 0 365000 2
1 2 12 1 365000 2
1 2 7 0 365000 2
1 2 7 9 365000 2
1 2 1 4 365000 2
1 2 2 6 365000 2
1 2 2 2 365000 2
1 2 3 4 365000 2
1 2 4 8 365000 2
1 2 4 8 365000 2
1 2 0 3 365000 2
1 2 6 8 365000 2
1 2 6 3 365000 2
1 2 6 0 365500 2
1 2 15 2 365500 2
1 2 15 7 365500 2
1 2 15 0 365500 2
1 2 13 9 365500 2
1 2 12 9 365500 2
1 2 12 2 365500 2
1 2 9 1 365500 2
1 2 9 1 365500 2
1 2 7 1 365500 2
1 2 6 4 365500 2
1 2 5 7 365500 2
1 2 4 2 365500 2
1 2 4 6 365500 2
1 2 4 8 365500 2
1 2 1 2 365500 2
1 2 0 4 365500 2
1 2 0 6 365500 2
1 2 10 1 366000 2
1 2 11 7 366000 2
1 2 12 6 366000 2
1 2 12 4 366000 2
1 2 13 0 366000 2
1 2 13 5 366000 2
1 2 15 9 366000 2
1 2 15 2 366000 2
1 2 8 6 366000 2
1 2 2 4 366000 2
1 2 10 5 366000 2
1 2 3 6 366000 2
1 2 4 8 366000 2
1 2 6 2 366000 2
1 2 6 3 366000 2
1 2 0 5 366000 2
1 2 8 2 366000 2
1 2 9 5 366000 2
1 2 7 4 366500 2
1 2 15 2 366500 2
1 2 15 2 366500 2
1 2 14 3 366500 2
1 2 13 6 366500 2
1 2 11 3 366500 2
1 2 11 6 366500 2
1 2 9 1 366500 2
1 2 8 5 366500 2
1 2 7 0 366500 2
1 2 6 6 366500 2
1 2 5 7 366500 2
1 2 5 9 366500 2
1 2 4 0 366500 2
1 2 3 6 366500 2
1 2 2 2 366500 2
1 2 4 6 367000 2
1 2 15 6 367000 2
1 2 15 7 367000 2
1 2 15 0 367000 2
1 2 14 8 367000 2
1 2 13 2 367000 2
1 2 13 6 367000 2
1 2 12 6 367000 2
1 2 8 2 367000 2
1 2 9 6 367000 2
1 2 2 4 367000 2
1 2 1 7 367000 2
1 2 4 3 367000 2
1 2 6 3 367000 2
1 2 6 8 367000 2
1 2 6 5 367000 2
1 2 15 1 367500 2
1 2 15 7 367500 2
1 2 14 2 367500 2
1 2 13 0 367500 2
1 2 13 3 367500 2
1 2 12 6 367500 2
1 2 12 6 367500 2
1 2 12 6 367500 2
1 2 10 1 367500 2
1 2 10 5 367500 2
1 2 9 5 367500 2
1 2 7 4 367500 2
1 2 6 7 367500 2
1 2 6 3 367500 2
1 2 6 6 367500 2
1 2 6 0 367500 2
1 2 4 0 367500 2
1 2 3 1 367500 2
1 2 2 8 367500 2
1 2 1 4 367500 2
1 2 1 6 367500 2
1 2 1 9 367500 2
1 2 0 6 367500 2
1 2 7 8 367500 2
1 2 15 8 368000 2
1 2 12 8 368000 2
1 2 9 6 368000 2
1 2 9 5 368000 2
1 2 4 9 368000 2
1 2 3 1 368000 2
1 2 2 1 368000 2
1 2 9 9 368000 2
1 2 13 4 368500 2
1 2 14 2 368500 2
1 2 14 2 368500 2
1 2 14 4 368500 2
1 2 12 2 368500 2
1 2 11 4 368500 2
1 2 11 0 368500 2
1 2 9 9 368500 2
1 2 5 3 368500 2
1 2 4 7 368500 2
1 2 0 5 368500 2
1 2 4 4 369000 2
1 2 15 2 369000 2
1 2 14 3 369000 2
1 2 13 6 369000 2
1 2 12 5 369000 2
1 2 12 1 369000 2
1 2 12 2 369000 2
1 2 11 9 369000 2
1 2 7 5 369000 2
1 2 6 7 369000 2
1 2 0 6 369000 2
1 2 2 1 369000 2
1 2 2 6 369000 2
1 2 1 2 369000 2
1 2 1 9 369000 2
1 2 9 1 369000 2
1 2 5 7 369500 2
1 2 15 2 369500 2
1 2 12 3 369500 2
1 2 12 6 369500 2
1 2 11 4 369500 2
1 2 11 6 369500 2
1 2 10 9 369500 2
1 2 6 5 369500 2
1 2 5 4 369500 2
1 2 3 8 369500 2
1 2 2 3 369500 2
1 2 1 7 369500 2
1 2 0 6 369500 2
1 2 0 9 369500 2
1 2 0 2 369500 2
1 2 9 9 370000 2
1 2 15 3 370000 2
1 2 15 0 370000 2
1 2 12 0 370000 2
1 2 12 7 370000 2
1 2 12 9 370000 2
1 2 10 3 370000 2
1 2 9 4 370000 2
1 2 4 2 370000 2
1 2 0 5 370000 2
1 2 4 3 370000 2
1 2 3 8 370000 2
1 2 3 8 370000 2
1 2 3 4 370000 2
1 2 2 2 370000 2
1 2 0 1 370000 2
1 2 6 4 370000 2
1 2 15 5 370500 2
1 2 15 9 370500 2
1 2 12 4 370500 2
1 2 12 7 370500 2
1 2 11 4 370500 2
1 2 5 8 370500 2
1 2 4 8 370500 2
1 2 2 3 370500 2
1 2 0 2 370500 2
1 2 5 9 370500 2
1 2 9 9 371000 2
1 2 12 6 371000 2
1 2 11 4 371000 2
1 2 10 2 371000 2
1 2 7 7 371000 2
1 2 6 4 371000 2
1 2 6 3 371000 2
1 2 2 0 371000 2
1 2 2 7 371000 2
1 2 15 3 371500 2
1 2 14 2 371500 2
1 2 13 8 371500 2
1 2 3 4 371500 2
1 2 13 1 371500 2
1 2 12 7 371500 2
1 2 11 4 371500 2
1 2 6 3 371500 2
1 2 5 8 371500 2
1 2 4 9 371500 2
1 2 1 7 371500 2
1 2 1 7 371500 2
1 2 0 5 371500 2
1 2 11 0 371500 2
1 2 12 4 372000 2
1 2 13 2 372000 2
1 2 12 7 372000 2
1 2 12 4 372000 2
1 2 8 2 372000 2
1 2 6 4 372000 2
1 2 4 5 372000 2
1 2 7 5 372000 2
1 2 2 7 372000 2
1 2 0 8 372000 2
1 2 5 0 372500 2
1 2 6 4 372500 2
1 2 6 3 372500 2
1 2 6 2 372500 2
1 2 6 8 372500 2
1 2 6 3 372500 2
1 2 7 3 372500 2
1 2 9 0 372500 2
1 2 11 1 372500 2
1 2 11 6 372500 2
1 2 11 0 372500 2
1 2 14 0 372500 2
1 2 15 0 372500 2
1 2 5 2 372500 2
1 2 5 3 372500 2
1 2 5 3 372500 2
1 2 0 9 372500 2
1 2 0 2 372500 2
1 2 0 5 372500 2
1 2 0 8 372500 2
1 2 2 8 372500 2
1 2 3 3 372500 2
1 2 3 4 372500 2
1 2 4 5 372500 2
1 2 4 7 372500 2
1 2 4 8 372500 2
1 2 4 4 372500 2
1 2 8 7 373000 2
1 2 9 6 373000 2
1 2 9 5 373000 2
1 2 9 7 373000 2
1 2 10 8 373000 2
1 2 11 2 373000 2
1 2 11 8 373000 2
1 2 11 4 373000 2
1 2 11 4 373000 2
1 2 13 5 373000 2
1 2 1 4 373000 2
1 2 14 4 373000 2
1 2 14 2 373000 2
1 2 14 7 373000 2
1 2 15 2 373000 2
1 2 7 3 373000 2
1 2 7 2 373000 2
1 2 0 4 373000 2
1 2 0 2 373000 2
1 2 0 1 373000 2
1 2 1 1 373000 2
1 2 2 8 373000 2
1 2 2 7 373000 2
1 2 3 8 373000 2
1 2 6 8 373000 2
1 2 6 4 373000 2
1 2 6 3 373000 2
1 2 7 9 373000 2
1 2 7 3 373000 2
1 2 3 4 373000 2
1 2 7 3 373500 2
1 2 9 2 373500 2
1 2 9 1 373500 2
1 2 11 3 373500 2
1 2 11 9 373500 2
1 2 12 6 373500 2
1 2 12 4 373500 2
1 2 14 2 373500 2
1 2 14 7 373500 2
1 2 14 0 373500 2
1 2 14 1 373500 2
1 2 15 3 373500 2
1 2 7 8 373500 2
1 2 6 8 373500 2
1 2 6 8 373500 2
1 2 6 6 373500 2
1 2 5 7 373500 2
1 2 5 3 373500 2
1 2 5 9 373500 2
1 2 4 8 373500 2
1 2 4 5 373500 2
1 2 2 9 373500 2
1 2 0 7 373500 2
1 2 0 3 373500 2
1 2 0 5 373500 2
1 2 0 3 373500 2
1 2 6 3 373500 2
1 2 11 7 374000 2
1 2 12 4 374000 2
1 2 11 7 374000 2
1 2 15 9 374000 2
1 2 11 4 374000 2
1 2 9 0 374000 2
1 2 6 5 374000 2
1 2 5 3 374000 2
1 2 13 5 374000 2
1 2 13 5 374000 2
1 2 13 3 374000 2
1 2 13 3 374000 2
1 2 14 8 374000 2
1 2 14 9 374000 2
1 2 15 0 374000 2
1 2 6 3 374000 2
1 2 4 3 374000 2
1 2 5 3 374000 2
1 2 0 7 374000 2
1 2 0 4 374000 2
1 2 0 9 374000 2
1 2 0 9 374000 2
1 2 0 7 374000 2
1 2 0 1 374000 2
1 2 0 8 374000 2
1 2 1 0 374000 2
1 2 1 5 374000 2
1 2 2 8 374000 2
1 2 3 7 374000 2
1 2 3 1 374000 2
1 2 4 7 374000 2
1 2 0 3 374000 2
1 2 6 8 374500 2
1 2 9 3 374500 2
1 2 9 5 374500 2
1 2 10 7 374500 2
1 2 11 1 374500 2
1 2 11 2 374500 2
1 2 11 8 374500 2
1 2 11 4 374500 2
1 2 11 4 374500 2
1 2 12 7 374500 2
1 2 12 1 374500 2
1 2 15 2 374500 2
1 2 15 9 374500 2
1 2 15 0 374500 2
1 2 15 7 374500 2
1 2 15 8 374500 2
1 2 15 1 374500 2
1 2 6 3 374500 2
1 2 0 4 374500 2
1 2 0 4 374500 2
1 2 0 8 374500 2
1 2 1 6 374500 2
1 2 2 7 374500 2
1 2 3 8 374500 2
1 2 3 1 374500 2
1 2 3 4 374500 2
1 2 5 0 374500 2
1 2 5 8 374500 2
1 2 5 2 374500 2
1 2 6 2 374500 2
1 2 6 3 374500 2
1 2 6 2 374500 2
1 2 9 9 374500 2
1 2 4 4 374500 2
1 2 6 1 375000 2
1 2 6 4 375000 2
1 2 5 3 375000 2
1 2 6 7 375000 2
1 2 8 8 375000 2
1 2 10 0 375000 2
1 2 11 0 375000 2
1 2 13 5 375000 2
1 2 13 5 375000 2
1 2 14 9 375000 2
1 2 14 0 375000 2
1 2 15 0 375000 2
1 2 5 3 375000 2
1 2 6 8 375000 2
1 2 0 5 375000 2
1 2 0 1 375000 2
1 2 0 1 375000 2
1 2 0 9 375000 2
1 2 1 8 375000 2
1 2 2 5 375000 2
1 2 3 8 375000 2
1 2 4 7 375000 2
1 2 5 6 375000 2
1 2 6 3 375500 2
1 2 5 3 375500 2
1 2 7 5 375500 2
1 2 7 1 375500 2
1 2 8 9 375500 2
1 2 9 6 375500 2
1 2 10 9 375500 2
1 2 10 6 375500 2
1 2 11 8 375500 2
1 2 11 3 375500 2
1 2 11 6 375500 2
1 2 12 6 375500 2
1 2 15 3 375500 2
1 2 15 0 375500 2
1 2 5 5 375500 2
1 2 0 3 375500 2
1 2 0 2 375500 2
1 2 0 6 375500 2
1 2 0 1 375500 2
1 2 0 4 375500 2
1 2 0 8 375500 2
1 2 2 5 375500 2
1 2 2 5 375500 2
1 2 4 8 375500 2
1 2 4 0 375500 2
1 2 5 3 375500 2
1 2 5 5 375500 2
1 2 2 7 375500 2
1 2 8 7 376000 2
1 2 9 9 376000 2
1 2 10 4 376000 2
1 2 11 3 376000 2
1 2 11 9 376000 2
1 2 11 2 376000 2
1 2 11 3 376000 2
1 2 12 6 376000 2
1 2 12 4 376000 2
1 2 12 8 376000 2
1 2 13 5 376000 2
1 2 15 6 376000 2
1 2 6 0 376000 2
1 2 6 3 376000 2
1 2 0 5 376000 2
1 2 0 4 376000 2
1 2 1 9 376000 2
1 2 1 1 376000 2
1 2 2 5 376000 2
1 2 4 1 376000 2
1 2 5 3 376000 2
1 2 5 7 376000 2
1 2 6 9 376000 2
1 2 6 2 376000 2
1 2 15 6 376500 2
1 2 15 7 376500 2
1 2 15 4 376500 2
1 2 12 4 376500 2
1 2 11 8 376500 2
1 2 10 9 376500 2
1 2 9 1 376500 2
1 2 9 9 376500 2
1 2 9 4 376500 2
1 2 6 3 376500 2
1 2 5 8 376500 2
1 2 5 6 376500 2
1 2 0 9 376500 2
1 2 0 4 376500 2
1 2 0 1 376500 2
1 2 0 1 376500 2
1 2 1 6 376500 2
1 2 4 3 376500 2
1 2 4 8 376500 2
1 2 4 6 376500 2
1 2 15 2 377000 2
1 2 15 6 377000 2
1 2 15 6 377000 2
1 2 15 9 377000 2
1 2 14 9 377000 2
1 2 14 4 377000 2
1 2 13 7 377000 2
1 2 13 4 377000 2
1 2 12 5 377000 2
1 2 11 2 377000 2
1 2 10 4 377000 2
1 2 10 3 377000 2
1 2 0 8 377000 2
1 2 0 3 377000 2
1 2 1 9 377000 2
1 2 2 6 377000 2
1 2 4 4 377000 2
1 2 4 2 377000 2
1 2 4 7 377000 2
1 2 6 2 377000 2
1 2 8 7 377000 2
1 2 11 3 377000 2
1 2 15 3 377500 2
1 2 15 3 377500 2
1 2 15 2 377500 2
1 2 0 8 377500 2
1 2 14 7 377500 2
1 2 12 2 377500 2
1 2 11 0 377500 2
1 2 10 4 377500 2
1 2 7 8 377500 2
1 2 5 2 377500 2
1 2 6 2 377500 2
1 2 0 6 377500 2
1 2 0 9 377500 2
1 2 0 1 377500 2
1 2 2 2 377500 2
1 2 2 9 377500 2
1 2 2 5 377500 2
1 2 4 7 377500 2
1 2 12 6 378000 2
1 2 15 2 378000 2
1 2 15 1 378000 2
1 2 15 6 378000 2
1 2 14 9 378000 2
1 2 14 6 378000 2
1 2 14 0 378000 2
1 2 13 4 378000 2
1 2 12 5 378000 2
1 2 12 8 378000 2
1 2 9 4 378000 2
1 2 8 0 378000 2
1 2 7 0 378000 2
1 2 5 9 378000 2
1 2 4 7 378000 2
1 2 1 5 378000 2
1 2 0 1 378000 2
1 2 0 5 378000 2
1 2 0 3 378000 2
1 2 11 7 378000 2
1 2 15 5 378500 2
1 2 11 3 378500 2
1 2 11 8 378500 2
1 2 11 3 378500 2
1 2 12 8 378500 2
1 2 12 6 378500 2
1 2 14 8 378500 2
1 2 14 4 378500 2
1 2 14 2 378500 2
1 2 14 9 378500 2
1 2 15 6 378500 2
1 2 1 3 378500 2
1 2 10 5 378500 2
1 2 0 8 378500 2
1 2 0 4 378500 2
1 2 0 1 378500 2
1 2 3 7 378500 2
1 2 4 5 378500 2
1 2 6 1 378500 2
1 2 6 8 378500 2
1 2 7 1 378500 2
1 2 8 6 378500 2
1 2 10 8 378500 2
1 2 9 4 379000 2
1 2 10 1 379000 2
1 2 11 6 379000 2
1 2 12 8 379000 2
1 2 12 6 379000 2
1 2 12 1 379000 2
1 2 14 2 379000 2
1 2 14 9 379000 2
1 2 15 0 379000 2
1 2 15 2 379000 2
1 2 15 6 379000 2
1 2 1 9 379000 2
1 2 6 4 379000 2
1 2 7 1 379000 2
1 2 0 3 379000 2
1 2 0 8 379000 2
1 2 2 2 379000 2
1 2 3 3 379000 2
1 2 4 3 379000 2
1 2 4 5 379000 2
1 2 4 3 379000 2
1 2 5 3 379000 2
1 2 3 7 379000 2
1 2 8 9 379500 2
1 2 9 5 379500 2
1 2 9 1 379500 2
1 2 10 9 379500 2
1 2 11 4 379500 2
1 2 11 2 379500 2
1 2 12 8 379500 2
1 2 13 3 379500 2
1 2 13 3 379500 2
1 2 14 1 379500 2
1 2 15 2 379500 2
1 2 15 1 379500 2
1 2 6 3 379500 2
1 2 6 4 379500 2
1 2 5 6 379500 2
1 2 5 1 379500 2
1 2 5 3 379500 2
1 2 3 4 379500 2
1 2 2 2 379500 2
1 2 1 3 379500 2
1 2 1 4 379500 2
1 2 0 2 379500 2
1 2 7 8 379500 2
1 2 10 1 380000 2
1 2 11 8 380000 2
1 2 12 6 380000 2
1 2 12 1 380000 2
1 2 12 2 380000 2
1 2 14 9 380000 2
1 2 14 4 380000 2
1 2 15 6 380000 2
1 2 15 5 380000 2
1 2 15 2 380000 2
1 2 14 8 380000 2
1 2 9 4 380000 2
1 2 9 5 380000 2
1 2 2 5 380000 2
1 2 2 8 380000 2
1 2 5 1 380000 2
1 2 0 4 380000 2
1 2 5 7 380000 2
1 2 6 5 380000 2
1 2 6 1 380000 2
1 2 7 5 380000 2
1 2 7 9 380000 2
1 2 12 1 380500 2
1 2 13 3 380500 2
1 2 11 7 380500 2
1 2 11 9 380500 2
1 2 10 3 380500 2
1 2 10 8 380500 2
1 2 9 3 380500 2
1 2 9 1 380500 2
1 2 8 7 380500 2
1 2 8 9 380500 2
1 2 7 1 380500 2
1 2 6 7 380500 2
1 2 6 5 380500 2
1 2 0 5 380500 2
1 2 0 3 380500 2
1 2 0 8 380500 2
1 2 3 3 380500 2
1 2 3 0 380500 2
1 2 3 4 380500 2
1 2 4 5 380500 2
1 2 4 8 380500 2
1 2 5 8 380500 2
1 2 6 4 380500 2
1 2 15 1 381000 2
1 2 15 7 381000 2
1 2 13 6 381000 2
1 2 13 7 381000 2
1 2 12 7 381000 2
1 2 11 4 381000 2
1 2 11 9 381000 2
1 2 8 3 381000 2
1 2 4 5 381000 2
1 2 4 2 381000 2
1 2 2 1 381000 2
1 2 2 2 381000 2
1 2 2 4 381000 2
1 2 2 0 381000 2
1 2 0 4 381000 2
1 2 5 4 381000 2
1 2 9 5 381500 2
1 2 10 8 381500 2
1 2 11 9 381500 2
1 2 7 7 381500 2
1 2 11 0 381500 2
1 2 11 2 381500 2
1 2 12 8 381500 2
1 2 12 7 381500 2
1 2 12 5 381500 2
1 2 12 4 381500 2
1 2 13 6 381500 2
1 2 14 8 381500 2
1 2 15 0 381500 2
1 2 15 7 381500 2
1 2 15 3 381500 2
1 2 8 2 381500 2
1 2 8 9 381500 2
1 2 0 3 381500 2
1 2 0 5 381500 2
1 2 0 8 381500 2
1 2 2 8 381500 2
1 2 3 7 381500 2
1 2 3 4 381500 2
1 2 4 7 381500 2
1 2 4 7 381500 2
1 2 6 4 381500 2
1 2 6 5 381500 2
1 2 6 3 381500 2
1 2 7 5 381500 2
1 2 8 7 381500 2
1 2 5 4 382000 2
1 2 9 9 382000 2
1 2 9 4 382000 2
1 2 9 3 382000 2
1 2 11 9 382000 2
1 2 11 7 382000 2
1 2 12 9 382000 2
1 2 12 3 382000 2
1 2 12 4 382000 2
1 2 13 3 382000 2
1 2 14 1 382000 2
1 2 14 0 382000 2
1 2 15 0 382000 2
1 2 15 9 382000 2
1 2 15 6 382000 2
1 2 15 1 382000 2
1 2 6 4 382000 2
1 2 0 6 382000 2
1 2 0 4 382000 2
1 2 0 2 382000 2
1 2 2 8 382000 2
1 2 2 4 382000 2
1 2 3 5 382000 2
1 2 3 4 382000 2
1 2 4 7 382000 2
1 2 4 4 382000 2
1 2 4 0 382000 2
1 2 5 9 382000 2
1 2 5 6 382000 2
1 2 5 2 382000 2
1 2 8 8 382000 2
1 2 4 4 382000 2
1 2 9 6 382500 2
1 2 9 4 382500 2
1 2 9 3 382500 2
1 2 10 9 382500 2
1 2 11 9 382500 2
1 2 11 4 382500 2
1 2 11 0 382500 2
1 2 13 6 382500 2
1 2 15 6 382500 2
1 2 15 1 382500 2
1 2 13 8 382500 2
1 2 7 9 382500 2
1 2 8 3 382500 2
1 2 1 5 382500 2
1 2 2 4 382500 2
1 2 2 4 382500 2
1 2 1 2 382500 2
1 2 3 6 382500 2
1 2 4 2 382500 2
1 2 4 8 382500 2
1 2 5 9 382500 2
1 2 6 6 382500 2
1 2 7 4 382500 2
1 2 6 6 383000 2
1 2 15 8 383000 2
1 2 13 4 383000 2
1 2 13 6 383000 2
1 2 12 5 383000 2
1 2 12 9 383000 2
1 2 11 9 383000 2
1 2 8 8 383000 2
1 2 8 4 383000 2
1 2 8 4 383000 2
1 2 5 4 383000 2
1 2 5 8 383000 2
1 2 4 9 383000 2
1 2 4 7 383000 2
1 2 4 4 383000 2
1 2 3 8 383000 2
1 2 3 7 383000 2
1 2 2 2 383000 2
1 2 2 8 383000 2
1 2 0 8 383000 2
1 2 5 1 383000 2
1 2 12 8 383500 2
1 2 15 1 383500 2
1 2 9 5 383500 2
1 2 7 3 383500 2
1 2 7 4 383500 2
1 2 6 9 383500 2
1 2 6 5 383500 2
1 2 13 2 383500 2
1 2 13 4 383500 2
1 2 14 0 383500 2
1 2 14 7 383500 2
1 2 15 2 383500 2
1 2 3 8 383500 2
1 2 6 5 383500 2
1 2 0 1 383500 2
1 2 0 5 383500 2
1 2 0 8 383500 2
1 2 2 0 383500 2
1 2 6 8 383500 2
1 2 3 4 383500 2
1 2 4 3 383500 2
1 2 4 8 383500 2
1 2 5 3 383500 2
1 2 5 8 383500 2
1 2 5 2 383500 2
1 2 5 1 383500 2
1 2 9 3 384000 2
1 2 10 7 384000 2
1 2 10 3 384000 2
1 2 11 4 384000 2
1 2 11 4 384000 2
1 2 12 6 384000 2
1 2 13 9 384000 2
1 2 13 2 384000 2
1 2 13 9 384000 2
1 2 13 2 384000 2
1 2 14 8 384000 2
1 2 15 2 384000 2
1 2 15 3 384000 2
1 2 15 1 384000 2
1 2 4 4 384000 2
1 2 9 3 384000 2
1 2 9 5 384000 2
1 2 2 2 384000 2
1 2 2 9 384000 2
1 2 2 6 384000 2
1 2 3 2 384000 2
1 2 4 4 384000 2
1 2 0 5 384000 2
1 2 4 6 384000 2
1 2 6 6 384000 2
1 2 6 7 384000 2
1 2 7 6 384000 2
1 2 7 7 384000 2
1 2 8 7 384000 2
1 2 8 2 384000 2
1 2 3 4 384500 2
1 2 15 6 384500 2
1 2 14 7 384500 2
1 2 11 3 384500 2
1 2 10 9 384500 2
1 2 6 7 384500 2
1 2 4 3 384500 2
1 2 6 8 384500 2
1 2 2 5 384500 2
1 2 2 4 384500 2
1 2 2 1 384500 2
1 2 0 3 384500 2
1 2 6 8 385000 2
1 2 7 7 385000 2
1 2 8 4 385000 2
1 2 11 3 385000 2
1 2 11 2 385000 2
1 2 14 4 385000 2
1 2 14 2 385000 2
1 2 14 6 385000 2
1 2 15 7 385000 2
1 2 15 1 385000 2
1 2 0 1 385000 2
1 2 5 8 385000 2
1 2 0 8 385000 2
1 2 0 5 385000 2
1 2 0 1 385000 2
1 2 1 5 385000 2
1 2 2 5 385000 2
1 2 4 2 385000 2
1 2 4 4 385000 2
1 2 5 1 385000 2
1 2 5 3 385000 2
1 2 15 8 385500 2
1 2 14 1 385500 2
1 2 1 3 385500 2
1 2 13 2 385500 2
1 2 13 3 385500 2
1 2 10 1 385500 2
1 2 9 2 385500 2
1 2 8 1 385500 2
1 2 5 9 385500 2
1 2 4 6 385500 2
1 2 4 4 385500 2
1 2 2 4 385500 2
1 2 1 4 385500 2
1 2 0 1 385500 2
1 2 0 2 385500 2
1 2 6 3 385500 2
1 2 4 5 386000 2
1 2 15 0 386000 2
1 2 14 3 386000 2
1 2 14 4 386000 2
1 2 13 6 386000 2
1 2 11 8 386000 2
1 2 11 9 386000 2
1 2 8 4 386000 2
1 2 7 5 386000 2
1 2 6 9 386000 2
1 2 4 2 386000 2
1 2 3 9 386000 2
1 2 3 4 386000 2
1 2 1 8 386000 2
1 2 0 5 386000 2
1 2 0 3 386000 2
1 2 10 1 386500 2
1 2 12 2 386500 2
1 2 11 6 386500 2
1 2 10 6 386500 2
1 2 8 0 386500 2
1 2 4 3 386500 2
1 2 0 8 386500 2
1 2 4 4 386500 2
1 2 3 4 386500 2
1 2 1 8 386500 2
1 2 6 2 386500 2
1 2 9 0 387000 2
1 2 15 1 387000 2
1 2 15 7 387000 2
1 2 14 0 387000 2
1 2 14 9 387000 2
1 2 13 9 387000 2
1 2 12 6 387000 2
1 2 12 6 387000 2
1 2 10 4 387000 2
1 2 10 5 387000 2
1 2 7 8 387000 2
1 2 0 6 387000 2
1 2 0 2 387000 2
1 2 2 0 387000 2
1 2 4 9 387000 2
1 2 4 2 387000 2
1 2 6 5 387000 2
1 2 6 2 387000 2
1 2 6 7 387000 2
1 2 7 5 387000 2
1 2 8 8 387000 2
1 2 14 4 387500 2
1 2 13 4 387500 2
1 2 12 6 387500 2
1 2 4 1 387500 2
1 2 11 5 387500 2
1 2 11 6 387500 2
1 2 9 5 387500 2
1 2 6 6 387500 2
1 2 5 8 387500 2
1 2 1 5 387500 2
1 2 0 3 387500 2
1 2 0 4 387500 2
1 2 6 3 387500 2
1 2 7 1 388000 2
1 2 10 3 388000 2
1 2 10 5 388000 2
1 2 8 9 388000 2
1 2 7 2 388000 2
1 2 6 5 388000 2
1 2 5 9 388000 2
1 2 5 8 388000 2
1 2 5 1 388000 2
1 2 4 7 388000 2
1 2 2 6 388000 2
1 2 0 1 388000 2
1 2 0 3 388000 2
1 2 0 5 388000 2
1 2 10 5 388500 2
1 2 10 0 388500 2
1 2 10 7 388500 2
1 2 10 5 388500 2
1 2 11 7 388500 2
1 2 12 8 388500 2
1 2 13 3 388500 2
1 2 13 3 388500 2
1 2 15 6 388500 2
1 2 15 1 388500 2
1 2 6 8 388500 2
1 2 7 5 388500 2
1 2 7 3 388500 2
1 2 0 2 388500 2
1 2 1 7 388500 2
1 2 2 7 388500 2
1 2 4 2 388500 2
1 2 4 8 388500 2
1 2 4 5 388500 2
1 2 6 2 388500 2
1 2 6 4 388500 2
1 2 6 1 388500 2
1 2 8 3 389000 2
1 2 7 3 389000 2
1 2 10 6 389000 2
1 2 11 4 389000 2
1 2 11 0 389000 2
1 2 12 8 389000 2
1 2 12 4 389000 2
1 2 12 7 389000 2
1 2 13 3 389000 2
1 2 13 4 389000 2
1 2 13 0 389000 2
1 2 14 2 389000 2
1 2 14 2 389000 2
1 2 15 7 389000 2
1 2 7 1 389000 2
1 2 8 6 389000 2
1 2 0 4 389000 2
1 2 0 5 389000 2
1 2 0 3 389000 2
1 2 2 0 389000 2
1 2 3 5 389000 2
1 2 3 8 389000 2
1 2 4 4 389000 2
1 2 4 7 389000 2
1 2 5 4 389000 2
1 2 5 7 389000 2
1 2 5 3 389000 2
1 2 6 3 389000 2
1 2 15 7 389500 2
1 2 14 8 389500 2
1 2 14 3 389500 2
1 2 12 9 389500 2
1 2 11 5 389500 2
1 2 11 2 389500 2
1 2 8 6 389500 2
1 2 7 6 389500 2
1 2 7 5 389500 2
1 2 5 7 389500 2
1 2 5 4 389500 2
1 2 0 4 389500 2
1 2 1 9 389500 2
1 2 2 3 389500 2
1 2 3 5 389500 2
1 2 3 1 389500 2
1 2 4 5 389500 2
1 2 4 6 389500 2
1 2 4 6 389500 2
1 2 14 1 390000 2
1 2 13 5 390000 2
1 2 13 8 390000 2
1 2 12 8 390000 2
1 2 11 7 390000 2
1 2 11 4 390000 2
1 2 10 9 390000 2
1 2 10 7 390000 2
1 2 9 7 390000 2
1 2 8 6 390000 2
1 2 5 7 390000 2
1 2 5 9 390000 2
1 2 0 5 390000 2
1 2 0 8 390000 2
1 2 0 8 390000 2
1 2 1 7 390000 2
1 2 2 6 390000 2
1 2 3 7 390000 2
1 2 4 4 390000 2
1 2 4 2 390000 2
1 2 4 2 390000 2
1 2 7 5 390000 2
1 2 3 8 390500 2
1 2 15 1 390500 2
1 2 14 0 390500 2
1 2 14 6 390500 2
1 2 13 5 390500 2
1 2 12 5 390500 2
1 2 12 2 390500 2
1 2 10 9 390500 2
1 2 10 2 390500 2
1 2 4 1 390500 2
1 2 4 2 390500 2
1 2 3 5 390500 2
1 2 0 8 390500 2
1 2 2 4 390500 2
1 2 1 4 390500 2
1 2 0 4 390500 2
1 2 8 4 390500 2
1 2 7 4 391000 2
1 2 11 8 391000 2
1 2 9 9 391000 2
1 2 10 7 391000 2
1 2 11 7 391000 2
1 2 11 7 391000 2
1 2 12 7 391000 2
1 2 12 2 391000 2
1 2 12 9 391000 2
1 2 13 5 391000 2
1 2 13 8 391000 2
1 2 13 6 391000 2
1 2 14 2 391000 2
1 2 14 3 391000 2
1 2 15 6 391000 2
1 2 6 8 391000 2
1 2 0 4 391000 2
1 2 0 2 391000 2
1 2 0 8 391000 2
1 2 2 8 391000 2
1 2 2 1 391000 2
1 2 4 3 391000 2
1 2 4 6 391000 2
1 2 5 6 391000 2
1 2 5 7 391000 2
1 2 5 3 391000 2
1 2 5 6 391000 2
1 2 6 2 391000 2
1 2 6 3 391000 2
1 2 6 9 391000 2
1 2 4 2 391000 2
1 2 7 5 391500 2
1 2 7 8 391500 2
1 2 7 7 391500 2
1 2 8 8 391500 2
1 2 9 0 391500 2
1 2 11 7 391500 2
1 2 11 7 391500 2
1 2 12 7 391500 2
1 2 13 8 391500 2
1 2 14 7 391500 2
1 2 15 7 391500 2
1 2 15 7 391500 2
1 2 15 8 391500 2
1 2 15 6 391500 2
1 2 5 7 391500 2
1 2 6 0 391500 2
1 2 6 4 391500 2
1 2 0 4 391500 2
1 2 1 8 391500 2
1 2 2 8 391500 2
1 2 3 7 391500 2
1 2 3 7 391500 2
1 2 4 3 391500 2
1 2 4 3 391500 2
1 2 4 9 391500 2
1 2 4 0 391500 2
1 2 5 9 391500 2
1 2 5 4 391500 2
1 2 0 7 391500 2
1 2 4 1 391500 2
1 2 11 3 392000 2
1 2 11 0 392000 2
1 2 12 6 392000 2
1 2 12 9 392000 2
1 2 12 2 392000 2
1 2 12 5 392000 2
1 2 13 3 392000 2
1 2 14 4 392000 2
1 2 14 9 392000 2
1 2 14 5 392000 2
1 2 14 3 392000 2
1 2 15 7 392000 2
1 2 6 9 392000 2
1 2 6 3 392000 2
1 2 0 2 392000 2
1 2 0 1 392000 2
1 2 1 4 392000 2
1 2 3 7 392000 2
1 2 3 0 392000 2
1 2 3 7 392000 2
1 2 4 5 392000 2
1 2 4 2 392000 2
1 2 5 5 392000 2
1 2 6 3 392000 2
1 2 11 4 392000 2
1 2 9 4 392500 2
1 2 15 2 392500 2
1 2 13 8 392500 2
1 2 12 4 392500 2
1 2 11 1 392500 2
1 2 10 6 392500 2
1 2 9 3 392500 2
1 2 9 4 392500 2
1 2 9 2 392500 2
1 2 8 9 392500 2
1 2 8 7 392500 2
1 2 5 5 392500 2
1 2 5 4 392500 2
1 2 0 8 392500 2
1 2 1 4 392500 2
1 2 2 8 392500 2
1 2 2 5 392500 2
1 2 2 9 392500 2
1 2 3 2 392500 2
1 2 3 6 392500 2
1 2 3 3 392500 2
1 2 4 6 392500 2
1 2 4 2 392500 2
1 2 11 0 393000 2
1 2 15 5 393000 2
1 2 15 8 393000 2
1 2 15 4 393000 2
1 2 14 4 393000 2
1 2 13 5 393000 2
1 2 12 8 393000 2
1 2 12 6 393000 2
1 2 11 2 393000 2
1 2 11 8 393000 2
1 2 9 5 393000 2
1 2 1 5 393000 2
1 2 4 1 393000 2
1 2 4 1 393000 2
1 2 5 4 393000 2
1 2 5 2 393000 2
1 2 5 0 393000 2
1 2 6 9 393000 2
1 2 7 9 393000 2
1 2 15 9 393500 2
1 2 0 8 393500 2
1 2 15 1 393500 2
1 2 14 4 393500 2
1 2 13 5 393500 2
1 2 13 1 393500 2
1 2 13 8 393500 2
1 2 12 6 393500 2
1 2 11 2 393500 2
1 2 10 7 393500 2
1 2 10 3 393500 2
1 2 10 5 393500 2
1 2 9 1 393500 2
1 2 0 6 393500 2
1 2 4 6 393500 2
1 2 4 0 393500 2
1 2 6 5 393500 2
1 2 7 4 393500 2
1 2 8 7 393500 2
1 2 8 6 393500 2
1 2 8 7 393500 2
1 2 8 3 393500 2
1 2 8 9 393500 2
1 2 9 1 393500 2
1 2 15 9 394000 2
1 2 15 5 394000 2
1 2 15 5 394000 2
1 2 14 0 394000 2
1 2 12 4 394000 2
1 2 12 6 394000 2
1 2 12 2 394000 2
1 2 11 7 394000 2
1 2 10 6 394000 2
1 2 9 2 394000 2
1 2 10 0 394000 2
1 2 0 7 394000 2
1 2 1 5 394000 2
1 2 3 4 394000 2
1 2 3 4 394000 2
1 2 3 6 394000 2
1 2 3 8 394000 2
1 2 5 9 394000 2
1 2 9 2 394000 2
1 2 7 5 394500 2
1 2 15 9 394500 2
1 2 14 7 394500 2
1 2 13 8 394500 2
1 2 13 6 394500 2
1 2 12 6 394500 2
1 2 11 4 394500 2
1 2 8 7 394500 2
1 2 8 9 394500 2
1 2 7 9 394500 2
1 2 4 0 394500 2
1 2 4 6 394500 2
1 2 4 1 394500 2
1 2 2 9 394500 2
1 2 0 8 394500 2
1 2 8 7 395000 2
1 2 13 6 395000 2
1 2 13 3 395000 2
1 2 12 0 395000 2
1 2 11 4 395000 2
1 2 11 0 395000 2
1 2 9 0 395000 2
1 2 5 0 395000 2
1 2 5 6 395000 2
1 2 4 6 395000 2
1 2 2 0 395000 2
1 2 0 3 395000 2
1 2 9 9 395500 2
1 2 15 9 395500 2
1 2 14 5 395500 2
1 2 13 8 395500 2
1 2 12 6 395500 2
1 2 11 4 395500 2
1 2 11 7 395500 2
1 2 6 8 395500 2
1 2 5 1 395500 2
1 2 4 6 395500 2
1 2 3 4 395500 2
1 2 2 2 395500 2
1 2 0 5 395500 2
1 2 10 8 396000 2
1 2 10 8 396000 2
1 2 12 6 396000 2
1 2 12 1 396000 2
1 2 13 3 396000 2
1 2 13 0 396000 2
1 2 15 1 396000 2
1 2 15 5 396000 2
1 2 15 9 396000 2
1 2 11 3 396000 2
1 2 8 0 396000 2
1 2 8 0 396000 2
1 2 0 7 396000 2
1 2 4 4 396000 2
1 2 4 6 396000 2
1 2 5 9 396000 2
1 2 5 6 396000 2
1 2 7 6 396000 2
1 2 8 0 396000 2
1 2 0 3 396000 2
1 2 10 9 396500 2
1 2 15 6 396500 2
1 2 13 1 396500 2
1 2 13 3 396500 2
1 2 13 4 396500 2
1 2 12 4 396500 2
1 2 12 3 396500 2
1 2 11 0 396500 2
1 2 11 9 396500 2
1 2 11 4 396500 2
1 2 10 8 396500 2
1 2 8 3 396500 2
1 2 3 8 396500 2
1 2 4 4 396500 2
1 2 4 1 396500 2
1 2 5 9 396500 2
1 2 5 4 396500 2
1 2 6 7 396500 2
1 2 6 9 396500 2
1 2 7 5 396500 2
1 2 8 4 396500 2
1 2 8 2 396500 2
1 2 1 3 397000 2
1 2 15 3 397000 2
1 2 13 0 397000 2
1 2 12 8 397000 2
1 2 12 4 397000 2
1 2 11 9 397000 2
1 2 10 8 397000 2
1 2 10 9 397000 2
1 2 9 7 397000 2
1 2 9 2 397000 2
1 2 8 7 397000 2
1 2 7 5 397000 2
1 2 6 9 397000 2
1 2 6 9 397000 2
1 2 5 7 397000 2
1 2 5 4 397000 2
1 2 5 8 397000 2
1 2 3 8 397000 2
1 2 2 6 397000 2
1 2 2 2 397000 2
1 2 1 5 397000 2
1 2 7 3 397000 2
1 2 9 2 397500 2
1 2 10 9 397500 2
1 2 7 8 397500 2
1 2 10 6 397500 2
1 2 10 3 397500 2
1 2 11 9 397500 2
1 2 11 3 397500 2
1 2 12 3 397500 2
1 2 15 3 397500 2
1 2 15 9 397500 2
1 2 15 3 397500 2
1 2 8 3 397500 2
1 2 9 2 397500 2
1 2 1 0 397500 2
1 2 2 2 397500 2
1 2 2 7 397500 2
1 2 2 6 397500 2
1 2 3 5 397500 2
1 2 5 5 397500 2
1 2 5 7 397500 2
1 2 8 7 397500 2
1 2 3 4 397500 2
1 2 10 9 398000 2
1 2 15 6 398000 2
1 2 14 8 398000 2
1 2 13 7 398000 2
1 2 12 8 398000 2
1 2 11 0 398000 2
1 2 9 3 398000 2
1 2 8 8 398000 2
1 2 6 3 398000 2
1 2 6 8 398000 2
1 2 7 3 398000 2
1 2 5 5 398000 2
1 2 4 4 398000 2
1 2 4 9 398000 2
1 2 3 7 398000 2
1 2 2 9 398000 2
1 2 0 5 398000 2
1 2 9 2 398500 2
1 2 10 9 398500 2
1 2 11 6 398500 2
1 2 12 2 398500 2
1 2 12 9 398500 2
1 2 12 7 398500 2
1 2 12 4 398500 2
1 2 13 6 398500 2
1 2 13 9 398500 2
1 2 4 0 398500 2
1 2 6 0 398500 2
1 2 6 3 398500 2
1 2 6 2 398500 2
1 2 4 4 398500 2
1 2 4 9 398500 2
1 2 3 2 398500 2
1 2 2 8 398500 2
1 2 1 7 398500 2
1 2 8 7 398500 2
1 2 7 3 399000 2
1 2 7 8 399000 2
1 2 8 4 399000 2
1 2 8 9 399000 2
1 2 9 3 399000 2
1 2 10 1 399000 2
1 2 10 6 399000 2
1 2 13 3 399000 2
1 2 14 0 399000 2
1 2 15 8 399000 2
1 2 15 9 399000 2
1 2 15 3 399000 2
1 2 6 0 399000 2
1 2 6 3 399000 2
1 2 0 6 399000 2
1 2 2 0 399000 2
1 2 2 6 399000 2
1 2 2 9 399000 2
1 2 3 6 399000 2
1 2 3 4 399000 2
1 2 3 7 399000 2
1 2 3 4 399000 2
1 2 5 5 399000 2
1 2 5 3 399000 2
1 2 3 8 399000 2
1 2 9 7 399500 2
1 2 11 0 399500 2
1 2 11 9 399500 2
1 2 11 9 399500 2
1 2 11 0 399500 2
1 2 12 6 399500 2
1 2 13 6 399500 2
1 2 14 9 399500 2
1 2 15 2 399500 2
1 2 15 9 399500 2
1 2 15 3 399500 2
1 2 7 7 399500 2
1 2 8 9 399500 2
1 2 0 4 399500 2
1 2 1 9 399500 2
1 2 1 6 399500 2
1 2 2 4 399500 2
1 2 3 8 399500 2
1 2 5 4 399500 2
1 2 5 9 399500 2
1 2 5 4 399500 2
1 2 6 2 399500 2
1 2 4 6 399500 2
1 2 6 2 400000 2
1 2 6 3 400000 2
1 2 7 7 400000 2
1 2 8 9 400000 2
1 2 10 9 400000 2
1 2 11 7 400000 2
1 2 12 8 400000 2
1 2 12 4 400000 2
1 2 13 8 400000 2
1 2 14 9 400000 2
1 2 15 7 400000 2
1 2 15 1 400000 2
1 2 5 9 400000 2
1 2 5 3 400000 2
1 2 5 3 400000 2
1 2 4 6 400000 2
1 2 4 9 400000 2
1 2 4 4 400000 2
1 2 3 8 400000 2
1 2 3 2 400000 2
1 2 3 8 400000 2
1 2 2 9 400000 2
1 2 2 4 400000 2
1 2 1 9 400000 2
1 2 0 8 400000 2
