# Noxim traffic table generated from MNIST SNN inference
# num_images=10, timesteps=16, interval=500, start_idx=0
# chip mapping: 0=input(784), 1=hidden(256), 2=output(10)
# 18189 total spike events
# src_chip  dst_chip  src_pe  dst_pe  inject_cycle
0  1  4  15  500
0  1  4  5  500
0  1  4  13  500
0  1  4  4  500
0  1  4  13  500
0  1  4  9  500
0  1  4  2  500
0  1  4  5  500
0  1  4  5  500
0  1  4  1  500
0  1  4  0  500
0  1  4  5  500
0  1  4  0  500
0  1  4  2  500
0  1  4  11  500
0  1  4  11  500
0  1  5  11  500
0  1  5  6  500
0  1  5  14  500
0  1  5  9  500
0  1  5  2  500
0  1  5  1  500
0  1  5  11  500
0  1  5  3  500
0  1  5  6  500
0  1  5  15  500
0  1  5  0  500
0  1  5  0  500
0  1  5  15  500
0  1  5  8  500
0  1  6  2  500
0  1  6  14  500
0  1  6  13  500
0  1  6  8  500
0  1  6  9  500
0  1  7  5  500
0  1  7  1  500
0  1  7  9  500
0  1  7  5  500
0  1  8  10  500
0  1  8  13  500
0  1  8  0  500
0  1  8  8  500
0  1  9  3  500
0  1  9  13  500
0  1  10  4  500
0  1  10  9  500
0  1  10  9  500
0  1  10  4  500
0  1  10  11  500
0  1  11  11  500
0  1  11  8  500
0  1  11  11  500
0  1  11  15  500
0  1  11  6  500
0  1  12  8  500
0  1  12  0  500
0  1  12  12  500
0  1  12  8  500
0  1  12  6  500
0  1  13  1  500
0  1  13  14  500
0  1  13  6  500
0  1  13  9  500
0  1  13  2  500
0  1  13  15  500
0  1  13  3  500
0  1  14  2  500
0  1  14  14  500
0  1  15  14  500
0  1  15  3  500
0  1  15  7  500
1  2  0  3  500
1  2  0  8  500
1  2  3  8  500
1  2  4  1  500
1  2  4  2  500
1  2  5  9  500
1  2  5  3  500
1  2  5  9  500
1  2  6  8  500
1  2  6  0  500
1  2  7  8  500
1  2  7  2  500
1  2  8  6  500
1  2  8  7  500
1  2  9  2  500
1  2  9  2  500
1  2  11  9  500
1  2  11  8  500
1  2  11  7  500
1  2  14  8  500
1  2  15  0  500
1  2  15  7  500
1  2  15  9  500
0  1  4  15  1000
0  1  4  7  1000
0  1  4  5  1000
0  1  4  7  1000
0  1  4  5  1000
0  1  4  3  1000
0  1  4  0  1000
0  1  4  4  1000
0  1  4  11  1000
0  1  4  0  1000
0  1  4  6  1000
0  1  4  10  1000
0  1  4  9  1000
0  1  5  12  1000
0  1  5  13  1000
0  1  5  11  1000
0  1  5  1  1000
0  1  5  7  1000
0  1  5  10  1000
0  1  5  4  1000
0  1  5  0  1000
0  1  5  3  1000
0  1  5  7  1000
0  1  5  6  1000
0  1  5  3  1000
0  1  5  13  1000
0  1  6  14  1000
0  1  6  3  1000
0  1  6  14  1000
0  1  6  0  1000
0  1  6  14  1000
0  1  6  15  1000
0  1  7  0  1000
0  1  7  11  1000
0  1  7  15  1000
0  1  7  13  1000
0  1  7  15  1000
0  1  8  9  1000
0  1  8  0  1000
0  1  8  13  1000
0  1  8  10  1000
0  1  8  8  1000
0  1  9  5  1000
0  1  9  8  1000
0  1  9  2  1000
0  1  10  12  1000
0  1  10  1  1000
0  1  10  12  1000
0  1  10  13  1000
0  1  10  5  1000
0  1  10  8  1000
0  1  11  5  1000
0  1  11  15  1000
0  1  11  11  1000
0  1  11  5  1000
0  1  11  3  1000
0  1  12  4  1000
0  1  12  6  1000
0  1  12  15  1000
0  1  12  11  1000
0  1  12  4  1000
0  1  13  14  1000
0  1  13  5  1000
0  1  13  13  1000
0  1  13  4  1000
0  1  13  10  1000
0  1  14  15  1000
0  1  14  5  1000
0  1  14  11  1000
0  1  15  15  1000
0  1  15  1  1000
1  2  0  3  1000
1  2  0  5  1000
1  2  0  5  1000
1  2  1  0  1000
1  2  1  2  1000
1  2  2  8  1000
1  2  2  3  1000
1  2  2  6  1000
1  2  3  7  1000
1  2  3  7  1000
1  2  4  9  1000
1  2  4  7  1000
1  2  4  0  1000
1  2  5  7  1000
1  2  6  3  1000
1  2  6  8  1000
1  2  6  7  1000
1  2  6  0  1000
1  2  7  6  1000
1  2  7  2  1000
1  2  8  7  1000
1  2  8  2  1000
1  2  9  2  1000
1  2  10  9  1000
1  2  10  9  1000
1  2  10  9  1000
1  2  11  9  1000
1  2  12  5  1000
1  2  12  5  1000
1  2  13  0  1000
1  2  14  5  1000
1  2  14  1  1000
1  2  15  9  1000
0  1  4  14  1500
0  1  4  5  1500
0  1  4  6  1500
0  1  4  7  1500
0  1  4  3  1500
0  1  4  10  1500
0  1  4  6  1500
0  1  4  0  1500
0  1  4  15  1500
0  1  4  12  1500
0  1  4  11  1500
0  1  4  14  1500
0  1  4  14  1500
0  1  4  4  1500
0  1  4  7  1500
0  1  4  9  1500
0  1  4  4  1500
0  1  5  4  1500
0  1  5  2  1500
0  1  5  10  1500
0  1  5  12  1500
0  1  5  11  1500
0  1  5  6  1500
0  1  5  4  1500
0  1  5  6  1500
0  1  5  8  1500
0  1  5  14  1500
0  1  5  13  1500
0  1  5  14  1500
0  1  5  13  1500
0  1  6  14  1500
0  1  6  8  1500
0  1  6  0  1500
0  1  6  1  1500
0  1  6  6  1500
0  1  6  4  1500
0  1  7  3  1500
0  1  7  15  1500
0  1  7  3  1500
0  1  7  15  1500
0  1  8  12  1500
0  1  8  9  1500
0  1  8  11  1500
0  1  8  4  1500
0  1  8  9  1500
0  1  9  2  1500
0  1  9  14  1500
0  1  10  4  1500
0  1  10  4  1500
0  1  10  10  1500
0  1  10  11  1500
0  1  11  7  1500
0  1  11  9  1500
0  1  11  3  1500
0  1  11  11  1500
0  1  11  4  1500
0  1  12  4  1500
0  1  12  3  1500
0  1  12  5  1500
0  1  12  5  1500
0  1  12  6  1500
0  1  13  3  1500
0  1  13  2  1500
0  1  13  9  1500
0  1  13  2  1500
0  1  13  11  1500
0  1  13  15  1500
0  1  14  5  1500
0  1  14  15  1500
0  1  14  1  1500
0  1  15  0  1500
0  1  15  10  1500
0  1  15  11  1500
1  2  1  9  1500
1  2  2  0  1500
1  2  3  7  1500
1  2  3  9  1500
1  2  3  4  1500
1  2  4  0  1500
1  2  4  6  1500
1  2  5  8  1500
1  2  6  2  1500
1  2  6  8  1500
1  2  6  5  1500
1  2  7  9  1500
1  2  7  7  1500
1  2  8  7  1500
1  2  8  6  1500
1  2  9  1  1500
1  2  10  9  1500
1  2  10  3  1500
1  2  11  2  1500
1  2  12  5  1500
1  2  13  4  1500
1  2  15  0  1500
1  2  15  2  1500
0  1  4  1  2000
0  1  4  2  2000
0  1  4  13  2000
0  1  4  1  2000
0  1  4  8  2000
0  1  4  11  2000
0  1  4  11  2000
0  1  4  2  2000
0  1  4  0  2000
0  1  4  6  2000
0  1  4  3  2000
0  1  4  11  2000
0  1  4  5  2000
0  1  4  6  2000
0  1  4  1  2000
0  1  4  9  2000
0  1  5  3  2000
0  1  5  11  2000
0  1  5  0  2000
0  1  5  14  2000
0  1  5  10  2000
0  1  5  3  2000
0  1  5  0  2000
0  1  5  4  2000
0  1  5  2  2000
0  1  5  3  2000
0  1  5  13  2000
0  1  5  10  2000
0  1  6  2  2000
0  1  6  9  2000
0  1  6  4  2000
0  1  6  15  2000
0  1  6  1  2000
0  1  7  11  2000
0  1  7  11  2000
0  1  7  1  2000
0  1  7  3  2000
0  1  8  6  2000
0  1  8  13  2000
0  1  8  8  2000
0  1  8  11  2000
0  1  8  12  2000
0  1  8  13  2000
0  1  9  6  2000
0  1  9  7  2000
0  1  9  11  2000
0  1  10  4  2000
0  1  10  14  2000
0  1  10  0  2000
0  1  10  2  2000
0  1  10  13  2000
0  1  11  5  2000
0  1  11  1  2000
0  1  11  3  2000
0  1  12  8  2000
0  1  12  13  2000
0  1  12  1  2000
0  1  12  0  2000
0  1  12  8  2000
0  1  13  15  2000
0  1  13  4  2000
0  1  13  15  2000
0  1  13  14  2000
0  1  13  4  2000
0  1  13  12  2000
0  1  13  12  2000
0  1  14  7  2000
0  1  14  5  2000
0  1  14  14  2000
0  1  14  12  2000
0  1  15  11  2000
0  1  15  15  2000
0  1  15  7  2000
1  2  0  2  2000
1  2  0  5  2000
1  2  0  3  2000
1  2  0  6  2000
1  2  0  8  2000
1  2  1  7  2000
1  2  2  8  2000
1  2  2  1  2000
1  2  2  9  2000
1  2  3  7  2000
1  2  4  4  2000
1  2  4  4  2000
1  2  5  3  2000
1  2  5  3  2000
1  2  6  8  2000
1  2  6  3  2000
1  2  6  3  2000
1  2  7  5  2000
1  2  7  5  2000
1  2  7  2  2000
1  2  8  7  2000
1  2  8  2  2000
1  2  9  0  2000
1  2  9  6  2000
1  2  11  6  2000
1  2  13  5  2000
1  2  15  2  2000
0  1  4  4  2500
0  1  4  5  2500
0  1  4  0  2500
0  1  4  14  2500
0  1  4  8  2500
0  1  4  4  2500
0  1  4  1  2500
0  1  4  11  2500
0  1  4  11  2500
0  1  4  9  2500
0  1  4  3  2500
0  1  4  14  2500
0  1  4  10  2500
0  1  4  8  2500
0  1  5  11  2500
0  1  5  14  2500
0  1  5  14  2500
0  1  5  9  2500
0  1  5  6  2500
0  1  5  7  2500
0  1  5  12  2500
0  1  5  11  2500
0  1  5  0  2500
0  1  5  2  2500
0  1  5  14  2500
0  1  5  14  2500
0  1  5  15  2500
0  1  5  7  2500
0  1  6  11  2500
0  1  6  12  2500
0  1  6  6  2500
0  1  6  2  2500
0  1  6  15  2500
0  1  7  1  2500
0  1  7  8  2500
0  1  7  9  2500
0  1  7  10  2500
0  1  7  4  2500
0  1  8  11  2500
0  1  8  3  2500
0  1  8  12  2500
0  1  8  4  2500
0  1  9  11  2500
0  1  9  12  2500
0  1  10  2  2500
0  1  10  4  2500
0  1  10  12  2500
0  1  10  1  2500
0  1  11  3  2500
0  1  11  6  2500
0  1  11  15  2500
0  1  11  9  2500
0  1  11  5  2500
0  1  12  15  2500
0  1  12  7  2500
0  1  12  6  2500
0  1  12  6  2500
0  1  12  5  2500
0  1  12  5  2500
0  1  13  11  2500
0  1  13  0  2500
0  1  13  11  2500
0  1  13  3  2500
0  1  13  5  2500
0  1  13  3  2500
0  1  13  9  2500
0  1  14  11  2500
0  1  14  4  2500
0  1  14  4  2500
0  1  15  4  2500
0  1  15  12  2500
1  2  0  2  2500
1  2  0  7  2500
1  2  0  7  2500
1  2  1  7  2500
1  2  2  9  2500
1  2  3  8  2500
1  2  3  5  2500
1  2  3  7  2500
1  2  4  2  2500
1  2  4  7  2500
1  2  4  0  2500
1  2  5  8  2500
1  2  6  3  2500
1  2  6  2  2500
1  2  6  8  2500
1  2  6  4  2500
1  2  7  5  2500
1  2  8  7  2500
1  2  10  0  2500
1  2  11  0  2500
1  2  13  2  2500
1  2  13  2  2500
1  2  15  7  2500
1  2  15  9  2500
0  1  4  2  3000
0  1  4  0  3000
0  1  4  13  3000
0  1  4  7  3000
0  1  4  3  3000
0  1  4  5  3000
0  1  4  11  3000
0  1  4  6  3000
0  1  4  14  3000
0  1  4  10  3000
0  1  4  15  3000
0  1  4  14  3000
0  1  4  4  3000
0  1  5  10  3000
0  1  5  0  3000
0  1  5  15  3000
0  1  5  3  3000
0  1  5  11  3000
0  1  5  13  3000
0  1  5  2  3000
0  1  5  12  3000
0  1  5  0  3000
0  1  5  7  3000
0  1  5  8  3000
0  1  5  6  3000
0  1  6  10  3000
0  1  6  14  3000
0  1  6  6  3000
0  1  6  8  3000
0  1  6  13  3000
0  1  6  11  3000
0  1  7  1  3000
0  1  7  15  3000
0  1  7  0  3000
0  1  7  9  3000
0  1  7  8  3000
0  1  8  12  3000
0  1  8  2  3000
0  1  8  3  3000
0  1  8  12  3000
0  1  8  2  3000
0  1  8  8  3000
0  1  9  11  3000
0  1  9  9  3000
0  1  10  3  3000
0  1  10  4  3000
0  1  10  15  3000
0  1  10  5  3000
0  1  10  0  3000
0  1  11  3  3000
0  1  11  4  3000
0  1  11  15  3000
0  1  11  4  3000
0  1  11  0  3000
0  1  11  8  3000
0  1  12  1  3000
0  1  12  4  3000
0  1  12  15  3000
0  1  12  11  3000
0  1  12  0  3000
0  1  13  6  3000
0  1  13  2  3000
0  1  13  2  3000
0  1  13  9  3000
0  1  13  8  3000
0  1  14  11  3000
0  1  14  13  3000
0  1  14  5  3000
0  1  14  14  3000
0  1  15  6  3000
0  1  15  5  3000
0  1  15  12  3000
1  2  0  4  3000
1  2  0  2  3000
1  2  0  7  3000
1  2  3  8  3000
1  2  3  7  3000
1  2  3  5  3000
1  2  4  4  3000
1  2  4  8  3000
1  2  5  3  3000
1  2  6  2  3000
1  2  9  5  3000
1  2  11  0  3000
1  2  12  4  3000
1  2  12  2  3000
1  2  13  8  3000
1  2  15  2  3000
0  1  4  7  3500
0  1  4  8  3500
0  1  4  14  3500
0  1  4  15  3500
0  1  4  11  3500
0  1  4  0  3500
0  1  4  5  3500
0  1  4  14  3500
0  1  4  12  3500
0  1  4  11  3500
0  1  4  9  3500
0  1  4  6  3500
0  1  4  6  3500
0  1  4  11  3500
0  1  4  3  3500
0  1  4  10  3500
0  1  4  11  3500
0  1  5  13  3500
0  1  5  5  3500
0  1  5  11  3500
0  1  5  1  3500
0  1  5  2  3500
0  1  5  6  3500
0  1  5  0  3500
0  1  5  15  3500
0  1  5  14  3500
0  1  5  0  3500
0  1  5  13  3500
0  1  5  8  3500
0  1  5  11  3500
0  1  6  14  3500
0  1  6  9  3500
0  1  6  1  3500
0  1  6  0  3500
0  1  7  8  3500
0  1  7  15  3500
0  1  7  8  3500
0  1  7  6  3500
0  1  7  0  3500
0  1  8  14  3500
0  1  8  4  3500
0  1  8  10  3500
0  1  8  10  3500
0  1  8  5  3500
0  1  9  1  3500
0  1  9  5  3500
0  1  10  4  3500
0  1  10  11  3500
0  1  10  13  3500
0  1  10  2  3500
0  1  10  8  3500
0  1  11  0  3500
0  1  11  2  3500
0  1  11  12  3500
0  1  11  12  3500
0  1  11  12  3500
0  1  11  2  3500
0  1  12  9  3500
0  1  12  6  3500
0  1  12  15  3500
0  1  12  10  3500
0  1  12  14  3500
0  1  13  1  3500
0  1  13  6  3500
0  1  13  12  3500
0  1  13  5  3500
0  1  13  10  3500
0  1  13  8  3500
0  1  14  15  3500
0  1  14  2  3500
0  1  14  15  3500
0  1  14  6  3500
0  1  15  6  3500
0  1  15  8  3500
1  2  0  0  3500
1  2  1  0  3500
1  2  1  7  3500
1  2  5  6  3500
1  2  5  3  3500
1  2  6  2  3500
1  2  6  3  3500
1  2  8  6  3500
1  2  8  1  3500
1  2  9  1  3500
1  2  9  8  3500
1  2  10  8  3500
1  2  10  9  3500
1  2  11  1  3500
1  2  11  9  3500
1  2  12  4  3500
1  2  12  6  3500
1  2  13  7  3500
1  2  13  5  3500
1  2  15  6  3500
0  1  4  8  4000
0  1  4  5  4000
0  1  4  11  4000
0  1  4  8  4000
0  1  4  0  4000
0  1  4  10  4000
0  1  4  2  4000
0  1  4  11  4000
0  1  4  9  4000
0  1  4  6  4000
0  1  4  10  4000
0  1  4  13  4000
0  1  5  11  4000
0  1  5  8  4000
0  1  5  11  4000
0  1  5  6  4000
0  1  5  13  4000
0  1  5  13  4000
0  1  5  2  4000
0  1  5  3  4000
0  1  5  4  4000
0  1  5  2  4000
0  1  5  6  4000
0  1  5  3  4000
0  1  6  8  4000
0  1  6  1  4000
0  1  6  4  4000
0  1  6  10  4000
0  1  6  7  4000
0  1  6  6  4000
0  1  6  12  4000
0  1  7  15  4000
0  1  7  8  4000
0  1  7  1  4000
0  1  7  2  4000
0  1  8  15  4000
0  1  8  10  4000
0  1  8  12  4000
0  1  8  11  4000
0  1  8  2  4000
0  1  8  7  4000
0  1  9  12  4000
0  1  10  13  4000
0  1  10  4  4000
0  1  10  9  4000
0  1  10  1  4000
0  1  10  15  4000
0  1  10  3  4000
0  1  11  11  4000
0  1  11  3  4000
0  1  11  9  4000
0  1  11  11  4000
0  1  11  5  4000
0  1  12  13  4000
0  1  12  15  4000
0  1  12  14  4000
0  1  12  5  4000
0  1  12  12  4000
0  1  12  8  4000
0  1  13  9  4000
0  1  13  7  4000
0  1  13  10  4000
0  1  13  2  4000
0  1  13  6  4000
0  1  13  3  4000
0  1  13  4  4000
0  1  14  1  4000
0  1  14  5  4000
0  1  14  12  4000
0  1  15  8  4000
0  1  15  0  4000
0  1  15  11  4000
1  2  1  2  4000
1  2  1  7  4000
1  2  2  3  4000
1  2  2  6  4000
1  2  3  7  4000
1  2  4  2  4000
1  2  4  3  4000
1  2  4  2  4000
1  2  5  8  4000
1  2  5  8  4000
1  2  6  4  4000
1  2  7  5  4000
1  2  8  7  4000
1  2  8  7  4000
1  2  8  0  4000
1  2  10  0  4000
1  2  11  8  4000
1  2  12  3  4000
1  2  13  2  4000
1  2  14  2  4000
1  2  15  0  4000
0  1  4  14  4500
0  1  4  1  4500
0  1  4  13  4500
0  1  4  10  4500
0  1  4  3  4500
0  1  4  3  4500
0  1  4  6  4500
0  1  4  12  4500
0  1  4  13  4500
0  1  4  2  4500
0  1  4  5  4500
0  1  4  3  4500
0  1  4  2  4500
0  1  4  9  4500
0  1  4  4  4500
0  1  4  3  4500
0  1  4  13  4500
0  1  5  11  4500
0  1  5  11  4500
0  1  5  0  4500
0  1  5  14  4500
0  1  5  9  4500
0  1  5  9  4500
0  1  5  0  4500
0  1  5  14  4500
0  1  5  7  4500
0  1  5  12  4500
0  1  5  9  4500
0  1  5  12  4500
0  1  5  11  4500
0  1  6  14  4500
0  1  6  3  4500
0  1  6  4  4500
0  1  6  10  4500
0  1  7  8  4500
0  1  7  8  4500
0  1  7  10  4500
0  1  7  8  4500
0  1  7  11  4500
0  1  8  4  4500
0  1  8  13  4500
0  1  8  1  4500
0  1  8  8  4500
0  1  8  13  4500
0  1  9  3  4500
0  1  9  4  4500
0  1  9  4  4500
0  1  10  9  4500
0  1  10  7  4500
0  1  10  1  4500
0  1  10  14  4500
0  1  11  2  4500
0  1  11  8  4500
0  1  11  9  4500
0  1  11  1  4500
0  1  12  1  4500
0  1  12  15  4500
0  1  12  10  4500
0  1  12  0  4500
0  1  12  12  4500
0  1  12  8  4500
0  1  13  1  4500
0  1  13  11  4500
0  1  13  7  4500
0  1  13  3  4500
0  1  13  14  4500
0  1  13  4  4500
0  1  14  3  4500
0  1  14  5  4500
0  1  14  12  4500
0  1  15  10  4500
0  1  15  14  4500
0  1  15  3  4500
1  2  0  5  4500
1  2  0  6  4500
1  2  0  3  4500
1  2  0  8  4500
1  2  1  7  4500
1  2  2  5  4500
1  2  3  7  4500
1  2  3  7  4500
1  2  4  2  4500
1  2  4  1  4500
1  2  5  3  4500
1  2  5  6  4500
1  2  6  5  4500
1  2  7  6  4500
1  2  7  1  4500
1  2  8  6  4500
1  2  9  5  4500
1  2  10  4  4500
1  2  11  7  4500
1  2  11  0  4500
1  2  12  0  4500
1  2  12  7  4500
1  2  13  8  4500
1  2  14  7  4500
1  2  14  8  4500
1  2  15  4  4500
1  2  15  6  4500
0  1  4  13  5000
0  1  4  9  5000
0  1  4  14  5000
0  1  4  11  5000
0  1  4  4  5000
0  1  4  15  5000
0  1  4  8  5000
0  1  4  8  5000
0  1  4  6  5000
0  1  4  1  5000
0  1  4  11  5000
0  1  4  6  5000
0  1  4  14  5000
0  1  4  15  5000
0  1  4  12  5000
0  1  4  3  5000
0  1  5  11  5000
0  1  5  0  5000
0  1  5  12  5000
0  1  5  8  5000
0  1  5  14  5000
0  1  5  6  5000
0  1  5  5  5000
0  1  5  15  5000
0  1  5  7  5000
0  1  5  13  5000
0  1  5  14  5000
0  1  5  8  5000
0  1  5  7  5000
0  1  6  9  5000
0  1  6  13  5000
0  1  6  15  5000
0  1  6  5  5000
0  1  6  10  5000
0  1  6  5  5000
0  1  7  9  5000
0  1  7  11  5000
0  1  7  14  5000
0  1  7  7  5000
0  1  8  5  5000
0  1  8  4  5000
0  1  8  1  5000
0  1  9  5  5000
0  1  10  13  5000
0  1  10  6  5000
0  1  10  4  5000
0  1  10  12  5000
0  1  11  3  5000
0  1  11  4  5000
0  1  11  15  5000
0  1  11  1  5000
0  1  11  6  5000
0  1  11  8  5000
0  1  12  4  5000
0  1  12  4  5000
0  1  12  4  5000
0  1  12  5  5000
0  1  12  14  5000
0  1  13  6  5000
0  1  13  6  5000
0  1  13  6  5000
0  1  13  15  5000
0  1  13  2  5000
0  1  13  13  5000
0  1  13  5  5000
0  1  14  15  5000
0  1  14  3  5000
0  1  14  2  5000
0  1  14  8  5000
0  1  15  4  5000
0  1  15  11  5000
1  2  0  2  5000
1  2  2  8  5000
1  2  2  7  5000
1  2  3  4  5000
1  2  3  7  5000
1  2  3  2  5000
1  2  4  5  5000
1  2  4  2  5000
1  2  4  9  5000
1  2  5  3  5000
1  2  6  8  5000
1  2  6  1  5000
1  2  6  4  5000
1  2  8  7  5000
1  2  8  2  5000
1  2  8  4  5000
1  2  9  0  5000
1  2  10  0  5000
1  2  10  5  5000
1  2  11  0  5000
1  2  11  0  5000
1  2  11  7  5000
1  2  12  4  5000
1  2  14  0  5000
1  2  14  9  5000
1  2  15  3  5000
0  1  4  5  5500
0  1  4  11  5500
0  1  4  3  5500
0  1  4  8  5500
0  1  4  0  5500
0  1  4  13  5500
0  1  4  13  5500
0  1  4  7  5500
0  1  4  11  5500
0  1  4  1  5500
0  1  4  13  5500
0  1  4  11  5500
0  1  4  1  5500
0  1  4  15  5500
0  1  4  0  5500
0  1  5  11  5500
0  1  5  2  5500
0  1  5  11  5500
0  1  5  0  5500
0  1  5  1  5500
0  1  5  6  5500
0  1  5  15  5500
0  1  5  5  5500
0  1  5  9  5500
0  1  5  8  5500
0  1  5  13  5500
0  1  5  4  5500
0  1  6  9  5500
0  1  6  14  5500
0  1  6  6  5500
0  1  6  7  5500
0  1  6  13  5500
0  1  6  6  5500
0  1  7  6  5500
0  1  7  4  5500
0  1  7  12  5500
0  1  7  14  5500
0  1  7  9  5500
0  1  8  9  5500
0  1  8  6  5500
0  1  8  0  5500
0  1  8  2  5500
0  1  9  2  5500
0  1  9  2  5500
0  1  10  11  5500
0  1  10  2  5500
0  1  10  0  5500
0  1  10  6  5500
0  1  11  4  5500
0  1  11  1  5500
0  1  11  2  5500
0  1  11  4  5500
0  1  12  9  5500
0  1  12  12  5500
0  1  12  14  5500
0  1  12  12  5500
0  1  13  10  5500
0  1  13  14  5500
0  1  13  7  5500
0  1  13  9  5500
0  1  13  7  5500
0  1  13  5  5500
0  1  14  5  5500
0  1  14  1  5500
0  1  14  13  5500
0  1  15  1  5500
0  1  15  10  5500
0  1  15  12  5500
1  2  1  8  5500
1  2  2  3  5500
1  2  5  3  5500
1  2  5  3  5500
1  2  6  7  5500
1  2  7  8  5500
1  2  7  7  5500
1  2  8  6  5500
1  2  8  9  5500
1  2  9  2  5500
1  2  10  9  5500
1  2  11  2  5500
1  2  12  3  5500
1  2  13  8  5500
1  2  14  5  5500
1  2  15  6  5500
0  1  4  4  6000
0  1  4  9  6000
0  1  4  14  6000
0  1  4  3  6000
0  1  4  10  6000
0  1  4  14  6000
0  1  4  7  6000
0  1  4  15  6000
0  1  4  5  6000
0  1  4  8  6000
0  1  4  4  6000
0  1  4  0  6000
0  1  4  15  6000
0  1  4  3  6000
0  1  4  15  6000
0  1  4  10  6000
0  1  5  14  6000
0  1  5  15  6000
0  1  5  8  6000
0  1  5  15  6000
0  1  5  12  6000
0  1  5  9  6000
0  1  5  10  6000
0  1  5  3  6000
0  1  5  0  6000
0  1  5  3  6000
0  1  5  6  6000
0  1  5  3  6000
0  1  5  8  6000
0  1  5  11  6000
0  1  5  10  6000
0  1  5  14  6000
0  1  6  15  6000
0  1  6  14  6000
0  1  6  10  6000
0  1  6  3  6000
0  1  6  14  6000
0  1  6  3  6000
0  1  7  3  6000
0  1  7  5  6000
0  1  7  8  6000
0  1  7  10  6000
0  1  8  0  6000
0  1  8  12  6000
0  1  8  3  6000
0  1  8  4  6000
0  1  9  4  6000
0  1  9  4  6000
0  1  10  12  6000
0  1  10  0  6000
0  1  10  3  6000
0  1  11  0  6000
0  1  11  12  6000
0  1  11  15  6000
0  1  11  10  6000
0  1  11  9  6000
0  1  12  14  6000
0  1  12  4  6000
0  1  12  0  6000
0  1  12  8  6000
0  1  12  4  6000
0  1  13  6  6000
0  1  13  7  6000
0  1  13  4  6000
0  1  13  7  6000
0  1  13  6  6000
0  1  13  2  6000
0  1  14  13  6000
0  1  14  12  6000
0  1  14  0  6000
0  1  15  2  6000
0  1  15  0  6000
1  2  0  3  6000
1  2  0  5  6000
1  2  0  8  6000
1  2  1  0  6000
1  2  1  7  6000
1  2  3  5  6000
1  2  3  5  6000
1  2  5  8  6000
1  2  6  2  6000
1  2  6  8  6000
1  2  6  3  6000
1  2  6  3  6000
1  2  7  9  6000
1  2  7  9  6000
1  2  7  4  6000
1  2  8  7  6000
1  2  10  9  6000
1  2  11  0  6000
1  2  11  0  6000
1  2  11  7  6000
1  2  13  3  6000
1  2  13  7  6000
1  2  13  5  6000
1  2  13  7  6000
1  2  14  5  6000
1  2  15  8  6000
1  2  15  0  6000
0  1  4  10  6500
0  1  4  5  6500
0  1  4  0  6500
0  1  4  1  6500
0  1  4  13  6500
0  1  4  1  6500
0  1  4  8  6500
0  1  4  13  6500
0  1  4  11  6500
0  1  4  5  6500
0  1  4  2  6500
0  1  4  14  6500
0  1  4  9  6500
0  1  4  6  6500
0  1  4  15  6500
0  1  4  3  6500
0  1  5  6  6500
0  1  5  1  6500
0  1  5  1  6500
0  1  5  7  6500
0  1  5  10  6500
0  1  5  5  6500
0  1  5  11  6500
0  1  5  12  6500
0  1  5  14  6500
0  1  5  0  6500
0  1  5  12  6500
0  1  6  2  6500
0  1  6  12  6500
0  1  6  6  6500
0  1  6  10  6500
0  1  7  4  6500
0  1  7  8  6500
0  1  7  2  6500
0  1  7  3  6500
0  1  8  8  6500
0  1  8  5  6500
0  1  8  12  6500
0  1  8  10  6500
0  1  8  9  6500
0  1  9  11  6500
0  1  9  12  6500
0  1  10  14  6500
0  1  10  1  6500
0  1  10  7  6500
0  1  10  12  6500
0  1  11  3  6500
0  1  11  4  6500
0  1  11  4  6500
0  1  11  9  6500
0  1  11  5  6500
0  1  12  10  6500
0  1  12  9  6500
0  1  12  10  6500
0  1  12  3  6500
0  1  12  13  6500
0  1  13  11  6500
0  1  13  2  6500
0  1  13  2  6500
0  1  13  4  6500
0  1  13  15  6500
0  1  13  5  6500
0  1  14  0  6500
0  1  14  1  6500
0  1  14  0  6500
0  1  14  7  6500
0  1  14  12  6500
0  1  15  7  6500
0  1  15  12  6500
1  2  0  8  6500
1  2  0  2  6500
1  2  4  7  6500
1  2  4  2  6500
1  2  4  2  6500
1  2  4  6  6500
1  2  5  8  6500
1  2  6  2  6500
1  2  8  7  6500
1  2  9  2  6500
1  2  11  8  6500
1  2  11  3  6500
1  2  12  4  6500
1  2  13  2  6500
1  2  14  8  6500
1  2  15  8  6500
0  1  4  11  7000
0  1  4  1  7000
0  1  4  8  7000
0  1  4  0  7000
0  1  4  9  7000
0  1  4  14  7000
0  1  4  5  7000
0  1  4  8  7000
0  1  4  2  7000
0  1  4  7  7000
0  1  4  13  7000
0  1  4  2  7000
0  1  4  7  7000
0  1  4  5  7000
0  1  5  12  7000
0  1  5  10  7000
0  1  5  10  7000
0  1  5  6  7000
0  1  5  10  7000
0  1  5  11  7000
0  1  5  11  7000
0  1  5  7  7000
0  1  5  13  7000
0  1  5  4  7000
0  1  5  1  7000
0  1  5  15  7000
0  1  5  0  7000
0  1  6  14  7000
0  1  6  10  7000
0  1  6  14  7000
0  1  6  8  7000
0  1  7  12  7000
0  1  7  11  7000
0  1  7  7  7000
0  1  7  5  7000
0  1  7  0  7000
0  1  7  4  7000
0  1  8  14  7000
0  1  8  4  7000
0  1  8  12  7000
0  1  8  7  7000
0  1  8  6  7000
0  1  9  15  7000
0  1  9  0  7000
0  1  10  10  7000
0  1  10  7  7000
0  1  10  0  7000
0  1  10  3  7000
0  1  11  11  7000
0  1  11  1  7000
0  1  11  12  7000
0  1  11  9  7000
0  1  11  1  7000
0  1  11  4  7000
0  1  12  2  7000
0  1  12  12  7000
0  1  12  8  7000
0  1  12  0  7000
0  1  12  9  7000
0  1  12  8  7000
0  1  13  10  7000
0  1  13  0  7000
0  1  13  0  7000
0  1  13  5  7000
0  1  13  12  7000
0  1  14  10  7000
0  1  14  5  7000
0  1  14  4  7000
0  1  15  9  7000
0  1  15  0  7000
0  1  15  8  7000
0  1  15  6  7000
1  2  0  4  7000
1  2  0  9  7000
1  2  2  5  7000
1  2  2  0  7000
1  2  3  6  7000
1  2  3  3  7000
1  2  4  5  7000
1  2  4  8  7000
1  2  4  2  7000
1  2  4  9  7000
1  2  5  4  7000
1  2  6  3  7000
1  2  6  9  7000
1  2  7  3  7000
1  2  7  8  7000
1  2  8  9  7000
1  2  9  8  7000
1  2  10  7  7000
1  2  11  0  7000
1  2  11  2  7000
1  2  15  2  7000
0  1  4  9  7500
0  1  4  7  7500
0  1  4  8  7500
0  1  4  15  7500
0  1  4  14  7500
0  1  4  1  7500
0  1  4  4  7500
0  1  4  7  7500
0  1  4  14  7500
0  1  4  11  7500
0  1  4  6  7500
0  1  5  14  7500
0  1  5  7  7500
0  1  5  4  7500
0  1  5  10  7500
0  1  5  5  7500
0  1  5  11  7500
0  1  5  7  7500
0  1  5  12  7500
0  1  5  15  7500
0  1  5  4  7500
0  1  5  8  7500
0  1  5  11  7500
0  1  5  2  7500
0  1  6  12  7500
0  1  6  9  7500
0  1  6  2  7500
0  1  6  13  7500
0  1  6  6  7500
0  1  6  3  7500
0  1  7  3  7500
0  1  7  11  7500
0  1  7  14  7500
0  1  7  6  7500
0  1  8  0  7500
0  1  8  1  7500
0  1  8  11  7500
0  1  8  4  7500
0  1  8  7  7500
0  1  10  5  7500
0  1  10  7  7500
0  1  10  11  7500
0  1  10  6  7500
0  1  10  2  7500
0  1  11  7  7500
0  1  11  6  7500
0  1  11  8  7500
0  1  11  1  7500
0  1  11  2  7500
0  1  12  8  7500
0  1  12  4  7500
0  1  12  10  7500
0  1  12  5  7500
0  1  13  3  7500
0  1  13  10  7500
0  1  13  6  7500
0  1  13  2  7500
0  1  13  12  7500
0  1  13  7  7500
0  1  14  14  7500
0  1  14  2  7500
0  1  14  13  7500
0  1  14  14  7500
0  1  14  1  7500
0  1  15  7  7500
0  1  15  9  7500
0  1  15  7  7500
0  1  15  6  7500
1  2  0  6  7500
1  2  0  8  7500
1  2  2  6  7500
1  2  3  4  7500
1  2  3  3  7500
1  2  4  9  7500
1  2  5  9  7500
1  2  5  2  7500
1  2  6  3  7500
1  2  6  3  7500
1  2  6  3  7500
1  2  6  3  7500
1  2  6  9  7500
1  2  7  9  7500
1  2  8  4  7500
1  2  8  7  7500
1  2  8  6  7500
1  2  8  8  7500
1  2  8  3  7500
1  2  9  0  7500
1  2  10  2  7500
1  2  10  9  7500
1  2  11  9  7500
1  2  11  9  7500
1  2  13  2  7500
1  2  14  9  7500
1  2  14  2  7500
1  2  15  6  7500
1  2  15  6  7500
1  2  15  6  7500
0  1  4  15  8000
0  1  4  2  8000
0  1  4  13  8000
0  1  4  2  8000
0  1  4  13  8000
0  1  4  13  8000
0  1  4  13  8000
0  1  4  6  8000
0  1  4  7  8000
0  1  4  12  8000
0  1  4  9  8000
0  1  4  9  8000
0  1  4  4  8000
0  1  4  6  8000
0  1  4  6  8000
0  1  4  9  8000
0  1  4  2  8000
0  1  4  6  8000
0  1  4  13  8000
0  1  5  8  8000
0  1  5  14  8000
0  1  5  4  8000
0  1  5  7  8000
0  1  5  8  8000
0  1  5  6  8000
0  1  5  11  8000
0  1  5  3  8000
0  1  5  7  8000
0  1  5  2  8000
0  1  5  10  8000
0  1  5  13  8000
0  1  5  0  8000
0  1  5  7  8000
0  1  6  8  8000
0  1  6  11  8000
0  1  6  1  8000
0  1  6  6  8000
0  1  6  11  8000
0  1  7  8  8000
0  1  7  10  8000
0  1  7  5  8000
0  1  7  13  8000
0  1  7  1  8000
0  1  8  1  8000
0  1  8  8  8000
0  1  8  8  8000
0  1  8  9  8000
0  1  8  4  8000
0  1  9  3  8000
0  1  9  12  8000
0  1  10  4  8000
0  1  10  12  8000
0  1  10  9  8000
0  1  10  1  8000
0  1  11  11  8000
0  1  11  13  8000
0  1  11  12  8000
0  1  11  0  8000
0  1  12  9  8000
0  1  12  15  8000
0  1  12  9  8000
0  1  12  4  8000
0  1  13  3  8000
0  1  13  11  8000
0  1  13  11  8000
0  1  13  14  8000
0  1  13  14  8000
0  1  13  5  8000
0  1  14  9  8000
0  1  14  1  8000
0  1  14  2  8000
0  1  15  1  8000
0  1  15  14  8000
0  1  15  1  8000
1  2  0  1  8000
1  2  0  3  8000
1  2  1  7  8000
1  2  1  7  8000
1  2  2  3  8000
1  2  3  4  8000
1  2  3  3  8000
1  2  4  7  8000
1  2  4  0  8000
1  2  5  9  8000
1  2  6  3  8000
1  2  7  8  8000
1  2  7  5  8000
1  2  8  9  8000
1  2  8  9  8000
1  2  8  7  8000
1  2  9  1  8000
1  2  10  0  8000
1  2  10  4  8000
1  2  10  5  8000
1  2  11  7  8000
1  2  11  5  8000
1  2  11  7  8000
1  2  12  6  8000
1  2  14  2  8000
1  2  14  8  8000
1  2  15  7  8000
1  2  15  9  8000
0  1  1  3  8500
0  1  1  7  8500
0  1  2  12  8500
0  1  2  14  8500
0  1  2  5  8500
0  1  2  15  8500
0  1  2  0  8500
0  1  2  12  8500
0  1  2  12  8500
0  1  2  6  8500
0  1  3  0  8500
0  1  3  12  8500
0  1  3  5  8500
0  1  3  2  8500
0  1  3  1  8500
0  1  3  12  8500
0  1  3  3  8500
0  1  3  8  8500
0  1  3  15  8500
0  1  3  9  8500
0  1  3  9  8500
0  1  3  8  8500
0  1  3  2  8500
0  1  3  6  8500
0  1  4  2  8500
0  1  4  0  8500
0  1  4  1  8500
0  1  4  9  8500
0  1  4  3  8500
0  1  4  2  8500
0  1  4  14  8500
0  1  4  2  8500
0  1  4  10  8500
0  1  5  7  8500
0  1  5  10  8500
0  1  5  0  8500
0  1  5  0  8500
0  1  6  13  8500
0  1  6  6  8500
0  1  6  0  8500
0  1  6  4  8500
0  1  7  8  8500
0  1  7  2  8500
0  1  7  8  8500
0  1  7  7  8500
0  1  7  9  8500
0  1  7  13  8500
0  1  7  6  8500
0  1  8  13  8500
0  1  8  7  8500
0  1  8  6  8500
0  1  8  10  8500
0  1  8  10  8500
0  1  8  0  8500
0  1  9  15  8500
0  1  9  15  8500
0  1  9  4  8500
0  1  9  9  8500
0  1  9  12  8500
0  1  9  15  8500
0  1  10  10  8500
0  1  10  0  8500
0  1  10  10  8500
0  1  11  1  8500
0  1  11  11  8500
0  1  11  9  8500
0  1  11  11  8500
0  1  11  3  8500
0  1  11  6  8500
0  1  11  9  8500
0  1  11  4  8500
0  1  11  3  8500
0  1  11  3  8500
0  1  11  14  8500
0  1  11  6  8500
0  1  11  11  8500
0  1  11  7  8500
0  1  11  14  8500
0  1  11  7  8500
0  1  11  1  8500
0  1  11  4  8500
0  1  11  0  8500
0  1  11  13  8500
0  1  11  10  8500
0  1  11  12  8500
0  1  11  12  8500
0  1  11  13  8500
0  1  12  15  8500
0  1  12  10  8500
0  1  12  4  8500
0  1  12  0  8500
0  1  12  9  8500
0  1  12  12  8500
0  1  12  8  8500
0  1  12  5  8500
0  1  12  11  8500
0  1  12  8  8500
0  1  12  5  8500
0  1  12  13  8500
0  1  12  9  8500
0  1  12  4  8500
0  1  12  4  8500
0  1  12  8  8500
0  1  12  7  8500
0  1  12  2  8500
0  1  12  9  8500
0  1  12  11  8500
0  1  12  0  8500
0  1  12  8  8500
1  2  2  8  8500
1  2  2  6  8500
1  2  2  5  8500
1  2  3  2  8500
1  2  3  3  8500
1  2  3  0  8500
1  2  4  7  8500
1  2  4  2  8500
1  2  4  1  8500
1  2  5  3  8500
1  2  5  6  8500
1  2  5  2  8500
1  2  6  8  8500
1  2  7  1  8500
1  2  9  8  8500
1  2  10  1  8500
1  2  10  3  8500
1  2  11  9  8500
1  2  11  5  8500
1  2  11  4  8500
1  2  12  8  8500
1  2  13  5  8500
1  2  14  8  8500
1  2  14  0  8500
1  2  15  8  8500
0  1  1  5  9000
0  1  1  15  9000
0  1  2  10  9000
0  1  2  12  9000
0  1  2  15  9000
0  1  2  3  9000
0  1  2  9  9000
0  1  2  0  9000
0  1  2  1  9000
0  1  3  6  9000
0  1  3  11  9000
0  1  3  13  9000
0  1  3  4  9000
0  1  3  11  9000
0  1  3  3  9000
0  1  3  0  9000
0  1  3  0  9000
0  1  3  10  9000
0  1  3  7  9000
0  1  3  4  9000
0  1  3  0  9000
0  1  3  8  9000
0  1  4  12  9000
0  1  4  1  9000
0  1  4  11  9000
0  1  4  9  9000
0  1  4  7  9000
0  1  4  0  9000
0  1  4  14  9000
0  1  4  7  9000
0  1  4  5  9000
0  1  5  14  9000
0  1  5  13  9000
0  1  5  11  9000
0  1  5  13  9000
0  1  6  1  9000
0  1  6  10  9000
0  1  6  5  9000
0  1  6  13  9000
0  1  6  5  9000
0  1  6  0  9000
0  1  6  5  9000
0  1  7  11  9000
0  1  7  7  9000
0  1  7  12  9000
0  1  7  0  9000
0  1  7  3  9000
0  1  7  9  9000
0  1  7  5  9000
0  1  7  10  9000
0  1  8  14  9000
0  1  8  10  9000
0  1  8  5  9000
0  1  8  9  9000
0  1  8  14  9000
0  1  8  11  9000
0  1  8  12  9000
0  1  9  4  9000
0  1  9  12  9000
0  1  9  2  9000
0  1  9  11  9000
0  1  9  14  9000
0  1  9  14  9000
0  1  9  2  9000
0  1  10  13  9000
0  1  10  2  9000
0  1  10  7  9000
0  1  11  10  9000
0  1  11  9  9000
0  1  11  5  9000
0  1  11  11  9000
0  1  11  10  9000
0  1  11  8  9000
0  1  11  8  9000
0  1  11  11  9000
0  1  11  6  9000
0  1  11  0  9000
0  1  11  8  9000
0  1  11  11  9000
0  1  11  4  9000
0  1  11  2  9000
0  1  11  14  9000
0  1  11  14  9000
0  1  11  10  9000
0  1  11  13  9000
0  1  11  15  9000
0  1  11  10  9000
0  1  11  3  9000
0  1  12  10  9000
0  1  12  15  9000
0  1  12  11  9000
0  1  12  0  9000
0  1  12  14  9000
0  1  12  12  9000
0  1  12  6  9000
0  1  12  15  9000
0  1  12  12  9000
0  1  12  12  9000
0  1  12  14  9000
0  1  12  0  9000
0  1  12  12  9000
0  1  12  5  9000
0  1  12  13  9000
0  1  12  13  9000
0  1  12  13  9000
0  1  12  13  9000
0  1  12  12  9000
1  2  0  4  9000
1  2  1  9  9000
1  2  1  8  9000
1  2  2  2  9000
1  2  3  4  9000
1  2  3  7  9000
1  2  3  2  9000
1  2  4  7  9000
1  2  4  2  9000
1  2  5  9  9000
1  2  5  2  9000
1  2  6  8  9000
1  2  6  8  9000
1  2  7  5  9000
1  2  7  1  9000
1  2  7  3  9000
1  2  8  7  9000
1  2  9  0  9000
1  2  10  1  9000
1  2  11  5  9000
1  2  12  8  9000
1  2  13  4  9000
1  2  15  2  9000
0  1  1  8  9500
0  1  1  0  9500
0  1  2  0  9500
0  1  2  10  9500
0  1  2  10  9500
0  1  2  6  9500
0  1  2  3  9500
0  1  2  12  9500
0  1  2  4  9500
0  1  2  1  9500
0  1  2  5  9500
0  1  2  9  9500
0  1  3  15  9500
0  1  3  10  9500
0  1  3  3  9500
0  1  3  13  9500
0  1  3  3  9500
0  1  3  15  9500
0  1  3  4  9500
0  1  3  13  9500
0  1  3  14  9500
0  1  3  13  9500
0  1  3  0  9500
0  1  3  14  9500
0  1  3  10  9500
0  1  3  4  9500
0  1  4  7  9500
0  1  4  9  9500
0  1  4  15  9500
0  1  4  12  9500
0  1  4  7  9500
0  1  5  11  9500
0  1  5  3  9500
0  1  5  7  9500
0  1  6  11  9500
0  1  6  8  9500
0  1  6  12  9500
0  1  7  8  9500
0  1  7  6  9500
0  1  7  12  9500
0  1  7  0  9500
0  1  7  15  9500
0  1  7  15  9500
0  1  7  14  9500
0  1  8  13  9500
0  1  8  7  9500
0  1  8  7  9500
0  1  8  14  9500
0  1  8  4  9500
0  1  8  13  9500
0  1  8  3  9500
0  1  9  14  9500
0  1  9  9  9500
0  1  9  13  9500
0  1  9  7  9500
0  1  9  10  9500
0  1  9  15  9500
0  1  9  6  9500
0  1  10  3  9500
0  1  10  1  9500
0  1  11  9  9500
0  1  11  10  9500
0  1  11  10  9500
0  1  11  0  9500
0  1  11  0  9500
0  1  11  14  9500
0  1  11  11  9500
0  1  11  2  9500
0  1  11  1  9500
0  1  11  2  9500
0  1  11  12  9500
0  1  11  12  9500
0  1  11  11  9500
0  1  11  9  9500
0  1  11  13  9500
0  1  11  5  9500
0  1  11  5  9500
0  1  11  7  9500
0  1  11  15  9500
0  1  11  9  9500
0  1  11  8  9500
0  1  11  12  9500
0  1  11  3  9500
0  1  11  6  9500
0  1  12  10  9500
0  1  12  15  9500
0  1  12  2  9500
0  1  12  8  9500
0  1  12  14  9500
0  1  12  11  9500
0  1  12  9  9500
0  1  12  4  9500
0  1  12  3  9500
0  1  12  6  9500
0  1  12  4  9500
0  1  12  12  9500
0  1  12  11  9500
0  1  12  13  9500
0  1  12  2  9500
0  1  12  4  9500
0  1  12  12  9500
0  1  12  3  9500
0  1  12  1  9500
0  1  12  6  9500
0  1  12  3  9500
0  1  12  0  9500
0  1  12  5  9500
1  2  0  0  9500
1  2  1  2  9500
1  2  2  0  9500
1  2  2  5  9500
1  2  3  3  9500
1  2  4  5  9500
1  2  4  2  9500
1  2  5  9  9500
1  2  5  6  9500
1  2  7  3  9500
1  2  9  2  9500
1  2  9  1  9500
1  2  11  3  9500
1  2  11  5  9500
1  2  12  2  9500
1  2  12  6  9500
1  2  13  4  9500
1  2  13  3  9500
1  2  14  1  9500
1  2  15  1  9500
1  2  15  3  9500
0  1  1  15  10000
0  1  1  9  10000
0  1  2  10  10000
0  1  2  9  10000
0  1  2  13  10000
0  1  2  2  10000
0  1  2  11  10000
0  1  2  12  10000
0  1  2  0  10000
0  1  2  1  10000
0  1  2  7  10000
0  1  2  1  10000
0  1  3  4  10000
0  1  3  7  10000
0  1  3  3  10000
0  1  3  11  10000
0  1  3  5  10000
0  1  3  10  10000
0  1  3  7  10000
0  1  3  7  10000
0  1  3  8  10000
0  1  3  13  10000
0  1  3  6  10000
0  1  3  10  10000
0  1  3  12  10000
0  1  4  10  10000
0  1  4  3  10000
0  1  4  1  10000
0  1  4  8  10000
0  1  4  10  10000
0  1  4  12  10000
0  1  4  11  10000
0  1  5  0  10000
0  1  5  12  10000
0  1  5  8  10000
0  1  5  15  10000
0  1  5  12  10000
0  1  6  6  10000
0  1  6  10  10000
0  1  6  10  10000
0  1  6  5  10000
0  1  6  7  10000
0  1  6  2  10000
0  1  6  1  10000
0  1  7  11  10000
0  1  7  6  10000
0  1  7  12  10000
0  1  7  8  10000
0  1  7  13  10000
0  1  7  11  10000
0  1  8  12  10000
0  1  8  5  10000
0  1  8  15  10000
0  1  8  7  10000
0  1  8  13  10000
0  1  8  8  10000
0  1  9  3  10000
0  1  9  10  10000
0  1  9  7  10000
0  1  9  3  10000
0  1  9  6  10000
0  1  9  2  10000
0  1  9  15  10000
0  1  10  10  10000
0  1  10  3  10000
0  1  10  12  10000
0  1  11  9  10000
0  1  11  11  10000
0  1  11  9  10000
0  1  11  0  10000
0  1  11  4  10000
0  1  11  12  10000
0  1  11  12  10000
0  1  11  12  10000
0  1  11  0  10000
0  1  11  13  10000
0  1  11  8  10000
0  1  11  10  10000
0  1  11  4  10000
0  1  11  12  10000
0  1  11  15  10000
0  1  11  4  10000
0  1  11  12  10000
0  1  11  9  10000
0  1  11  4  10000
0  1  11  5  10000
0  1  11  12  10000
0  1  12  4  10000
0  1  12  0  10000
0  1  12  14  10000
0  1  12  10  10000
0  1  12  12  10000
0  1  12  10  10000
0  1  12  7  10000
0  1  12  12  10000
0  1  12  0  10000
0  1  12  5  10000
0  1  12  10  10000
0  1  12  14  10000
0  1  12  7  10000
0  1  12  15  10000
0  1  12  12  10000
0  1  12  8  10000
0  1  12  6  10000
0  1  12  1  10000
0  1  12  10  10000
0  1  12  1  10000
0  1  12  7  10000
0  1  12  3  10000
0  1  12  15  10000
1  2  0  2  10000
1  2  0  8  10000
1  2  1  0  10000
1  2  2  5  10000
1  2  3  1  10000
1  2  3  4  10000
1  2  3  3  10000
1  2  3  6  10000
1  2  4  2  10000
1  2  4  6  10000
1  2  5  2  10000
1  2  6  8  10000
1  2  7  2  10000
1  2  9  0  10000
1  2  9  3  10000
1  2  10  0  10000
1  2  10  8  10000
1  2  12  6  10000
1  2  12  8  10000
1  2  12  7  10000
1  2  13  6  10000
1  2  13  6  10000
1  2  14  4  10000
1  2  15  8  10000
1  2  15  3  10000
0  1  1  4  10500
0  1  1  12  10500
0  1  1  3  10500
0  1  2  11  10500
0  1  2  9  10500
0  1  2  13  10500
0  1  2  0  10500
0  1  2  15  10500
0  1  2  15  10500
0  1  2  0  10500
0  1  2  6  10500
0  1  2  6  10500
0  1  2  3  10500
0  1  3  15  10500
0  1  3  3  10500
0  1  3  4  10500
0  1  3  0  10500
0  1  3  7  10500
0  1  3  14  10500
0  1  3  10  10500
0  1  3  10  10500
0  1  3  1  10500
0  1  3  11  10500
0  1  3  7  10500
0  1  3  5  10500
0  1  3  10  10500
0  1  3  15  10500
0  1  3  10  10500
0  1  3  11  10500
0  1  4  6  10500
0  1  4  0  10500
0  1  4  7  10500
0  1  4  9  10500
0  1  4  10  10500
0  1  4  9  10500
0  1  4  4  10500
0  1  4  3  10500
0  1  5  1  10500
0  1  5  11  10500
0  1  5  15  10500
0  1  5  8  10500
0  1  6  9  10500
0  1  6  10  10500
0  1  6  2  10500
0  1  6  2  10500
0  1  6  2  10500
0  1  6  15  10500
0  1  7  0  10500
0  1  7  8  10500
0  1  7  6  10500
0  1  7  10  10500
0  1  7  3  10500
0  1  7  15  10500
0  1  7  5  10500
0  1  7  14  10500
0  1  8  8  10500
0  1  8  6  10500
0  1  8  12  10500
0  1  8  9  10500
0  1  8  2  10500
0  1  8  12  10500
0  1  8  10  10500
0  1  9  9  10500
0  1  9  12  10500
0  1  9  11  10500
0  1  9  5  10500
0  1  9  4  10500
0  1  9  3  10500
0  1  9  9  10500
0  1  9  4  10500
0  1  10  2  10500
0  1  10  13  10500
0  1  10  3  10500
0  1  11  2  10500
0  1  11  14  10500
0  1  11  11  10500
0  1  11  12  10500
0  1  11  5  10500
0  1  11  10  10500
0  1  11  14  10500
0  1  11  4  10500
0  1  11  1  10500
0  1  11  2  10500
0  1  11  14  10500
0  1  11  4  10500
0  1  11  9  10500
0  1  11  7  10500
0  1  11  15  10500
0  1  11  4  10500
0  1  11  8  10500
0  1  11  15  10500
0  1  11  3  10500
0  1  11  9  10500
0  1  11  0  10500
0  1  11  5  10500
0  1  11  1  10500
0  1  11  5  10500
0  1  11  4  10500
0  1  11  13  10500
0  1  11  7  10500
0  1  12  6  10500
0  1  12  10  10500
0  1  12  15  10500
0  1  12  5  10500
0  1  12  1  10500
0  1  12  2  10500
0  1  12  14  10500
0  1  12  13  10500
0  1  12  8  10500
0  1  12  2  10500
0  1  12  9  10500
0  1  12  10  10500
0  1  12  5  10500
0  1  12  1  10500
0  1  12  4  10500
0  1  12  10  10500
0  1  12  15  10500
0  1  12  2  10500
0  1  12  14  10500
0  1  12  7  10500
0  1  12  10  10500
0  1  12  14  10500
0  1  12  8  10500
0  1  12  0  10500
0  1  12  4  10500
1  2  0  8  10500
1  2  0  4  10500
1  2  0  2  10500
1  2  2  5  10500
1  2  2  2  10500
1  2  2  8  10500
1  2  3  2  10500
1  2  3  5  10500
1  2  3  3  10500
1  2  3  1  10500
1  2  3  8  10500
1  2  4  3  10500
1  2  4  2  10500
1  2  4  2  10500
1  2  4  6  10500
1  2  5  2  10500
1  2  5  4  10500
1  2  6  6  10500
1  2  7  2  10500
1  2  10  8  10500
1  2  11  2  10500
1  2  11  0  10500
1  2  12  8  10500
1  2  12  8  10500
1  2  15  0  10500
1  2  15  7  10500
1  2  15  5  10500
1  2  15  5  10500
0  1  1  4  11000
0  1  1  1  11000
0  1  2  15  11000
0  1  2  5  11000
0  1  2  1  11000
0  1  2  13  11000
0  1  2  3  11000
0  1  2  1  11000
0  1  2  11  11000
0  1  2  0  11000
0  1  2  13  11000
0  1  2  9  11000
0  1  3  3  11000
0  1  3  8  11000
0  1  3  4  11000
0  1  3  8  11000
0  1  3  7  11000
0  1  3  12  11000
0  1  3  8  11000
0  1  3  12  11000
0  1  3  0  11000
0  1  3  14  11000
0  1  3  3  11000
0  1  3  12  11000
0  1  3  7  11000
0  1  3  1  11000
0  1  4  5  11000
0  1  4  14  11000
0  1  4  12  11000
0  1  4  10  11000
0  1  4  6  11000
0  1  4  9  11000
0  1  4  3  11000
0  1  4  11  11000
0  1  4  3  11000
0  1  5  13  11000
0  1  5  11  11000
0  1  5  7  11000
0  1  6  9  11000
0  1  6  4  11000
0  1  6  2  11000
0  1  6  3  11000
0  1  6  3  11000
0  1  6  3  11000
0  1  7  10  11000
0  1  7  11  11000
0  1  7  7  11000
0  1  7  15  11000
0  1  7  14  11000
0  1  7  1  11000
0  1  8  6  11000
0  1  8  14  11000
0  1  8  3  11000
0  1  8  7  11000
0  1  8  15  11000
0  1  8  12  11000
0  1  9  13  11000
0  1  9  14  11000
0  1  9  2  11000
0  1  9  10  11000
0  1  9  13  11000
0  1  9  3  11000
0  1  9  1  11000
0  1  10  3  11000
0  1  10  12  11000
0  1  10  11  11000
0  1  11  13  11000
0  1  11  6  11000
0  1  11  9  11000
0  1  11  0  11000
0  1  11  14  11000
0  1  11  8  11000
0  1  11  11  11000
0  1  11  4  11000
0  1  11  0  11000
0  1  11  0  11000
0  1  11  13  11000
0  1  11  2  11000
0  1  11  13  11000
0  1  11  4  11000
0  1  11  8  11000
0  1  11  4  11000
0  1  11  0  11000
0  1  11  8  11000
0  1  11  6  11000
0  1  11  7  11000
0  1  11  10  11000
0  1  11  5  11000
0  1  11  9  11000
0  1  11  11  11000
0  1  11  1  11000
0  1  11  6  11000
0  1  12  1  11000
0  1  12  0  11000
0  1  12  1  11000
0  1  12  10  11000
0  1  12  1  11000
0  1  12  13  11000
0  1  12  12  11000
0  1  12  0  11000
0  1  12  9  11000
0  1  12  0  11000
0  1  12  2  11000
0  1  12  15  11000
0  1  12  7  11000
0  1  12  0  11000
0  1  12  13  11000
0  1  12  14  11000
0  1  12  8  11000
0  1  12  10  11000
0  1  12  11  11000
0  1  12  13  11000
1  2  0  3  11000
1  2  0  1  11000
1  2  1  8  11000
1  2  2  2  11000
1  2  3  1  11000
1  2  3  0  11000
1  2  3  9  11000
1  2  4  3  11000
1  2  4  1  11000
1  2  5  7  11000
1  2  5  0  11000
1  2  7  2  11000
1  2  7  8  11000
1  2  8  7  11000
1  2  9  3  11000
1  2  9  2  11000
1  2  9  6  11000
1  2  11  1  11000
1  2  11  2  11000
1  2  11  0  11000
1  2  12  0  11000
1  2  13  6  11000
1  2  14  8  11000
1  2  14  1  11000
1  2  14  0  11000
1  2  15  5  11000
1  2  15  2  11000
1  2  15  2  11000
0  1  1  4  11500
0  1  1  8  11500
0  1  1  11  11500
0  1  2  12  11500
0  1  2  6  11500
0  1  2  13  11500
0  1  2  15  11500
0  1  2  6  11500
0  1  2  11  11500
0  1  2  5  11500
0  1  2  6  11500
0  1  2  6  11500
0  1  2  2  11500
0  1  3  10  11500
0  1  3  3  11500
0  1  3  0  11500
0  1  3  7  11500
0  1  3  0  11500
0  1  3  9  11500
0  1  3  8  11500
0  1  3  3  11500
0  1  3  3  11500
0  1  3  0  11500
0  1  3  9  11500
0  1  3  4  11500
0  1  4  12  11500
0  1  4  9  11500
0  1  4  5  11500
0  1  4  0  11500
0  1  4  5  11500
0  1  4  5  11500
0  1  4  5  11500
0  1  4  15  11500
0  1  4  2  11500
0  1  5  3  11500
0  1  5  13  11500
0  1  5  15  11500
0  1  5  6  11500
0  1  5  9  11500
0  1  6  0  11500
0  1  6  11  11500
0  1  6  10  11500
0  1  6  7  11500
0  1  6  4  11500
0  1  6  6  11500
0  1  6  10  11500
0  1  7  1  11500
0  1  7  7  11500
0  1  7  0  11500
0  1  7  12  11500
0  1  7  3  11500
0  1  7  14  11500
0  1  8  6  11500
0  1  8  7  11500
0  1  8  5  11500
0  1  8  8  11500
0  1  8  5  11500
0  1  8  6  11500
0  1  8  3  11500
0  1  8  6  11500
0  1  9  13  11500
0  1  9  3  11500
0  1  9  12  11500
0  1  9  14  11500
0  1  9  9  11500
0  1  9  1  11500
0  1  9  9  11500
0  1  10  13  11500
0  1  10  6  11500
0  1  10  4  11500
0  1  11  5  11500
0  1  11  8  11500
0  1  11  1  11500
0  1  11  3  11500
0  1  11  10  11500
0  1  11  8  11500
0  1  11  3  11500
0  1  11  14  11500
0  1  11  4  11500
0  1  11  2  11500
0  1  11  3  11500
0  1  11  4  11500
0  1  11  8  11500
0  1  11  0  11500
0  1  11  13  11500
0  1  11  14  11500
0  1  11  5  11500
0  1  11  12  11500
0  1  11  10  11500
0  1  11  14  11500
0  1  11  4  11500
0  1  12  10  11500
0  1  12  1  11500
0  1  12  0  11500
0  1  12  13  11500
0  1  12  4  11500
0  1  12  7  11500
0  1  12  4  11500
0  1  12  14  11500
0  1  12  7  11500
0  1  12  3  11500
0  1  12  10  11500
0  1  12  2  11500
0  1  12  5  11500
0  1  12  10  11500
0  1  12  15  11500
0  1  12  11  11500
0  1  12  2  11500
0  1  12  5  11500
0  1  12  13  11500
0  1  12  4  11500
0  1  12  11  11500
0  1  12  7  11500
0  1  12  14  11500
1  2  0  3  11500
1  2  0  8  11500
1  2  3  6  11500
1  2  4  5  11500
1  2  4  2  11500
1  2  4  2  11500
1  2  4  8  11500
1  2  7  3  11500
1  2  7  8  11500
1  2  8  8  11500
1  2  10  7  11500
1  2  10  5  11500
1  2  10  9  11500
1  2  11  9  11500
1  2  11  5  11500
1  2  11  8  11500
1  2  12  6  11500
1  2  12  8  11500
1  2  14  3  11500
1  2  14  9  11500
1  2  15  8  11500
1  2  15  6  11500
1  2  15  9  11500
0  1  1  1  12000
0  1  2  13  12000
0  1  2  11  12000
0  1  2  8  12000
0  1  2  3  12000
0  1  2  8  12000
0  1  2  2  12000
0  1  2  12  12000
0  1  2  10  12000
0  1  2  2  12000
0  1  3  3  12000
0  1  3  14  12000
0  1  3  7  12000
0  1  3  9  12000
0  1  3  15  12000
0  1  3  2  12000
0  1  3  9  12000
0  1  3  12  12000
0  1  3  5  12000
0  1  3  3  12000
0  1  3  14  12000
0  1  3  1  12000
0  1  3  2  12000
0  1  4  6  12000
0  1  4  13  12000
0  1  4  7  12000
0  1  4  3  12000
0  1  4  5  12000
0  1  4  6  12000
0  1  4  11  12000
0  1  4  14  12000
0  1  4  5  12000
0  1  4  11  12000
0  1  5  10  12000
0  1  5  13  12000
0  1  5  10  12000
0  1  5  0  12000
0  1  5  11  12000
0  1  6  8  12000
0  1  6  10  12000
0  1  6  4  12000
0  1  6  1  12000
0  1  6  3  12000
0  1  7  3  12000
0  1  7  2  12000
0  1  7  4  12000
0  1  7  0  12000
0  1  7  4  12000
0  1  8  15  12000
0  1  8  7  12000
0  1  8  5  12000
0  1  8  13  12000
0  1  8  7  12000
0  1  8  1  12000
0  1  8  9  12000
0  1  8  5  12000
0  1  9  9  12000
0  1  9  2  12000
0  1  9  8  12000
0  1  9  2  12000
0  1  9  4  12000
0  1  9  11  12000
0  1  10  3  12000
0  1  10  7  12000
0  1  10  2  12000
0  1  11  10  12000
0  1  11  9  12000
0  1  11  13  12000
0  1  11  9  12000
0  1  11  15  12000
0  1  11  4  12000
0  1  11  12  12000
0  1  11  8  12000
0  1  11  5  12000
0  1  11  11  12000
0  1  11  15  12000
0  1  11  11  12000
0  1  11  5  12000
0  1  11  8  12000
0  1  11  4  12000
0  1  11  10  12000
0  1  11  6  12000
0  1  11  4  12000
0  1  11  0  12000
0  1  11  14  12000
0  1  11  1  12000
0  1  12  5  12000
0  1  12  3  12000
0  1  12  9  12000
0  1  12  3  12000
0  1  12  11  12000
0  1  12  4  12000
0  1  12  3  12000
0  1  12  4  12000
0  1  12  5  12000
0  1  12  11  12000
0  1  12  4  12000
0  1  12  10  12000
0  1  12  7  12000
0  1  12  2  12000
0  1  12  3  12000
0  1  12  7  12000
0  1  12  6  12000
0  1  12  8  12000
0  1  12  13  12000
0  1  12  0  12000
0  1  12  6  12000
0  1  12  6  12000
0  1  12  4  12000
0  1  12  7  12000
1  2  0  1  12000
1  2  1  0  12000
1  2  2  8  12000
1  2  3  8  12000
1  2  4  4  12000
1  2  4  2  12000
1  2  4  2  12000
1  2  5  6  12000
1  2  5  5  12000
1  2  5  4  12000
1  2  6  2  12000
1  2  7  6  12000
1  2  7  5  12000
1  2  9  6  12000
1  2  9  1  12000
1  2  10  5  12000
1  2  11  8  12000
1  2  11  0  12000
1  2  11  3  12000
1  2  11  0  12000
1  2  12  8  12000
1  2  12  6  12000
1  2  14  4  12000
1  2  14  8  12000
1  2  14  4  12000
1  2  15  8  12000
1  2  15  2  12000
1  2  15  6  12000
1  2  15  5  12000
1  2  15  9  12000
0  1  1  14  12500
0  1  1  9  12500
0  1  1  10  12500
0  1  2  14  12500
0  1  2  9  12500
0  1  2  3  12500
0  1  2  11  12500
0  1  2  12  12500
0  1  2  5  12500
0  1  2  10  12500
0  1  2  7  12500
0  1  2  6  12500
0  1  2  10  12500
0  1  2  3  12500
0  1  3  5  12500
0  1  3  6  12500
0  1  3  9  12500
0  1  3  14  12500
0  1  3  10  12500
0  1  3  11  12500
0  1  3  5  12500
0  1  3  9  12500
0  1  3  1  12500
0  1  3  8  12500
0  1  3  8  12500
0  1  3  3  12500
0  1  3  13  12500
0  1  4  6  12500
0  1  4  10  12500
0  1  4  6  12500
0  1  4  10  12500
0  1  4  9  12500
0  1  4  1  12500
0  1  4  14  12500
0  1  5  11  12500
0  1  5  8  12500
0  1  5  11  12500
0  1  6  3  12500
0  1  6  11  12500
0  1  6  5  12500
0  1  6  12  12500
0  1  7  4  12500
0  1  7  12  12500
0  1  7  14  12500
0  1  7  15  12500
0  1  7  12  12500
0  1  7  11  12500
0  1  7  7  12500
0  1  8  2  12500
0  1  8  9  12500
0  1  8  8  12500
0  1  8  1  12500
0  1  8  12  12500
0  1  8  2  12500
0  1  9  10  12500
0  1  9  8  12500
0  1  9  13  12500
0  1  9  2  12500
0  1  9  3  12500
0  1  9  9  12500
0  1  10  8  12500
0  1  10  3  12500
0  1  10  9  12500
0  1  11  14  12500
0  1  11  12  12500
0  1  11  3  12500
0  1  11  3  12500
0  1  11  8  12500
0  1  11  10  12500
0  1  11  15  12500
0  1  11  0  12500
0  1  11  10  12500
0  1  11  15  12500
0  1  11  1  12500
0  1  11  15  12500
0  1  11  6  12500
0  1  11  11  12500
0  1  11  7  12500
0  1  11  13  12500
0  1  11  14  12500
0  1  11  3  12500
0  1  11  12  12500
0  1  11  0  12500
0  1  11  5  12500
0  1  11  10  12500
0  1  11  10  12500
0  1  11  6  12500
0  1  12  5  12500
0  1  12  3  12500
0  1  12  4  12500
0  1  12  1  12500
0  1  12  4  12500
0  1  12  13  12500
0  1  12  5  12500
0  1  12  14  12500
0  1  12  4  12500
0  1  12  8  12500
0  1  12  2  12500
0  1  12  0  12500
0  1  12  10  12500
0  1  12  4  12500
0  1  12  4  12500
0  1  12  5  12500
0  1  12  12  12500
0  1  12  7  12500
0  1  12  0  12500
0  1  12  4  12500
0  1  12  8  12500
0  1  12  15  12500
1  2  0  3  12500
1  2  1  0  12500
1  2  2  3  12500
1  2  2  4  12500
1  2  3  2  12500
1  2  3  6  12500
1  2  3  1  12500
1  2  4  2  12500
1  2  4  0  12500
1  2  5  9  12500
1  2  5  0  12500
1  2  6  6  12500
1  2  7  0  12500
1  2  9  5  12500
1  2  9  2  12500
1  2  9  4  12500
1  2  10  1  12500
1  2  10  9  12500
1  2  11  1  12500
1  2  11  9  12500
1  2  11  2  12500
1  2  12  2  12500
1  2  12  7  12500
1  2  13  4  12500
1  2  13  5  12500
1  2  14  5  12500
1  2  14  3  12500
1  2  14  8  12500
1  2  15  0  12500
1  2  15  4  12500
1  2  15  5  12500
1  2  15  5  12500
0  1  1  11  13000
0  1  1  10  13000
0  1  1  9  13000
0  1  1  1  13000
0  1  2  8  13000
0  1  2  13  13000
0  1  2  0  13000
0  1  2  2  13000
0  1  2  8  13000
0  1  2  13  13000
0  1  2  4  13000
0  1  2  14  13000
0  1  2  4  13000
0  1  2  7  13000
0  1  3  15  13000
0  1  3  7  13000
0  1  3  10  13000
0  1  3  15  13000
0  1  3  3  13000
0  1  3  1  13000
0  1  3  15  13000
0  1  3  9  13000
0  1  3  15  13000
0  1  3  13  13000
0  1  3  9  13000
0  1  3  5  13000
0  1  3  8  13000
0  1  3  2  13000
0  1  3  7  13000
0  1  3  11  13000
0  1  3  15  13000
0  1  4  15  13000
0  1  4  15  13000
0  1  4  0  13000
0  1  4  7  13000
0  1  4  3  13000
0  1  4  10  13000
0  1  4  15  13000
0  1  5  14  13000
0  1  5  14  13000
0  1  5  5  13000
0  1  5  8  13000
0  1  6  3  13000
0  1  6  7  13000
0  1  6  4  13000
0  1  6  12  13000
0  1  6  6  13000
0  1  6  9  13000
0  1  6  14  13000
0  1  7  4  13000
0  1  7  9  13000
0  1  7  13  13000
0  1  7  15  13000
0  1  7  3  13000
0  1  7  11  13000
0  1  7  7  13000
0  1  8  3  13000
0  1  8  2  13000
0  1  8  8  13000
0  1  8  5  13000
0  1  8  11  13000
0  1  8  4  13000
0  1  8  0  13000
0  1  9  12  13000
0  1  9  2  13000
0  1  9  3  13000
0  1  9  3  13000
0  1  9  5  13000
0  1  10  9  13000
0  1  10  14  13000
0  1  10  10  13000
0  1  11  2  13000
0  1  11  3  13000
0  1  11  14  13000
0  1  11  4  13000
0  1  11  3  13000
0  1  11  0  13000
0  1  11  12  13000
0  1  11  11  13000
0  1  11  5  13000
0  1  11  0  13000
0  1  11  13  13000
0  1  11  1  13000
0  1  11  6  13000
0  1  11  13  13000
0  1  11  4  13000
0  1  11  6  13000
0  1  11  10  13000
0  1  11  11  13000
0  1  11  7  13000
0  1  11  7  13000
0  1  11  7  13000
0  1  11  7  13000
0  1  11  6  13000
0  1  11  5  13000
0  1  11  5  13000
0  1  11  7  13000
0  1  12  6  13000
0  1  12  9  13000
0  1  12  11  13000
0  1  12  15  13000
0  1  12  10  13000
0  1  12  11  13000
0  1  12  1  13000
0  1  12  12  13000
0  1  12  8  13000
0  1  12  14  13000
0  1  12  15  13000
0  1  12  2  13000
0  1  12  14  13000
0  1  12  10  13000
0  1  12  12  13000
0  1  12  6  13000
0  1  12  4  13000
0  1  12  13  13000
0  1  12  0  13000
0  1  12  8  13000
0  1  12  0  13000
0  1  12  5  13000
0  1  12  12  13000
0  1  12  12  13000
1  2  0  8  13000
1  2  1  7  13000
1  2  1  9  13000
1  2  1  2  13000
1  2  1  1  13000
1  2  2  7  13000
1  2  3  8  13000
1  2  4  5  13000
1  2  5  8  13000
1  2  5  0  13000
1  2  6  8  13000
1  2  6  8  13000
1  2  7  3  13000
1  2  7  3  13000
1  2  7  3  13000
1  2  9  2  13000
1  2  11  5  13000
1  2  11  0  13000
1  2  14  0  13000
1  2  15  1  13000
1  2  15  8  13000
1  2  15  2  13000
0  1  1  6  13500
0  1  1  5  13500
0  1  2  7  13500
0  1  2  8  13500
0  1  2  2  13500
0  1  2  4  13500
0  1  2  2  13500
0  1  2  8  13500
0  1  2  7  13500
0  1  2  11  13500
0  1  2  1  13500
0  1  2  4  13500
0  1  2  2  13500
0  1  2  0  13500
0  1  3  12  13500
0  1  3  2  13500
0  1  3  3  13500
0  1  3  6  13500
0  1  3  3  13500
0  1  3  14  13500
0  1  3  15  13500
0  1  3  7  13500
0  1  3  3  13500
0  1  3  8  13500
0  1  3  6  13500
0  1  3  7  13500
0  1  4  0  13500
0  1  4  1  13500
0  1  4  1  13500
0  1  4  5  13500
0  1  4  7  13500
0  1  4  14  13500
0  1  4  3  13500
0  1  4  12  13500
0  1  4  4  13500
0  1  5  0  13500
0  1  5  11  13500
0  1  5  3  13500
0  1  6  14  13500
0  1  6  14  13500
0  1  6  1  13500
0  1  6  2  13500
0  1  6  2  13500
0  1  7  14  13500
0  1  7  1  13500
0  1  7  12  13500
0  1  7  4  13500
0  1  7  9  13500
0  1  7  2  13500
0  1  7  13  13500
0  1  8  10  13500
0  1  8  0  13500
0  1  8  4  13500
0  1  8  7  13500
0  1  8  9  13500
0  1  8  13  13500
0  1  9  6  13500
0  1  9  14  13500
0  1  9  3  13500
0  1  9  14  13500
0  1  9  15  13500
0  1  10  10  13500
0  1  10  15  13500
0  1  10  6  13500
0  1  11  11  13500
0  1  11  0  13500
0  1  11  4  13500
0  1  11  9  13500
0  1  11  14  13500
0  1  11  15  13500
0  1  11  9  13500
0  1  11  14  13500
0  1  11  12  13500
0  1  11  12  13500
0  1  11  1  13500
0  1  11  7  13500
0  1  11  7  13500
0  1  11  12  13500
0  1  11  10  13500
0  1  11  12  13500
0  1  11  15  13500
0  1  11  9  13500
0  1  11  13  13500
0  1  11  9  13500
0  1  11  10  13500
0  1  11  7  13500
0  1  12  15  13500
0  1  12  12  13500
0  1  12  12  13500
0  1  12  5  13500
0  1  12  7  13500
0  1  12  13  13500
0  1  12  15  13500
0  1  12  15  13500
0  1  12  12  13500
0  1  12  12  13500
0  1  12  2  13500
0  1  12  11  13500
0  1  12  6  13500
0  1  12  14  13500
0  1  12  0  13500
0  1  12  15  13500
0  1  12  8  13500
0  1  12  1  13500
0  1  12  9  13500
0  1  12  10  13500
0  1  12  12  13500
0  1  12  11  13500
0  1  12  8  13500
0  1  12  1  13500
0  1  12  13  13500
0  1  12  15  13500
0  1  12  13  13500
1  2  1  8  13500
1  2  3  0  13500
1  2  4  6  13500
1  2  4  9  13500
1  2  4  2  13500
1  2  4  2  13500
1  2  4  1  13500
1  2  4  9  13500
1  2  6  6  13500
1  2  6  8  13500
1  2  7  0  13500
1  2  7  2  13500
1  2  9  0  13500
1  2  10  8  13500
1  2  10  3  13500
1  2  12  8  13500
1  2  12  7  13500
1  2  13  9  13500
1  2  13  3  13500
1  2  14  2  13500
1  2  15  0  13500
1  2  15  2  13500
1  2  15  7  13500
1  2  15  2  13500
0  1  1  2  14000
0  1  1  0  14000
0  1  2  15  14000
0  1  2  4  14000
0  1  2  5  14000
0  1  2  2  14000
0  1  2  7  14000
0  1  2  12  14000
0  1  2  11  14000
0  1  2  14  14000
0  1  2  3  14000
0  1  2  4  14000
0  1  3  15  14000
0  1  3  8  14000
0  1  3  12  14000
0  1  3  9  14000
0  1  3  1  14000
0  1  3  15  14000
0  1  3  4  14000
0  1  3  10  14000
0  1  3  4  14000
0  1  3  9  14000
0  1  3  8  14000
0  1  3  3  14000
0  1  3  15  14000
0  1  3  2  14000
0  1  3  6  14000
0  1  4  0  14000
0  1  4  11  14000
0  1  4  7  14000
0  1  4  8  14000
0  1  4  10  14000
0  1  4  12  14000
0  1  4  15  14000
0  1  4  14  14000
0  1  4  4  14000
0  1  5  12  14000
0  1  5  0  14000
0  1  5  2  14000
0  1  5  8  14000
0  1  5  7  14000
0  1  6  6  14000
0  1  6  6  14000
0  1  6  8  14000
0  1  6  15  14000
0  1  7  2  14000
0  1  7  5  14000
0  1  7  1  14000
0  1  7  3  14000
0  1  7  15  14000
0  1  7  0  14000
0  1  8  2  14000
0  1  8  6  14000
0  1  8  4  14000
0  1  8  9  14000
0  1  8  15  14000
0  1  8  12  14000
0  1  9  7  14000
0  1  9  11  14000
0  1  9  13  14000
0  1  9  2  14000
0  1  9  11  14000
0  1  9  10  14000
0  1  9  12  14000
0  1  10  2  14000
0  1  10  12  14000
0  1  10  12  14000
0  1  11  10  14000
0  1  11  3  14000
0  1  11  3  14000
0  1  11  12  14000
0  1  11  9  14000
0  1  11  15  14000
0  1  11  7  14000
0  1  11  4  14000
0  1  11  12  14000
0  1  11  13  14000
0  1  11  7  14000
0  1  11  12  14000
0  1  11  4  14000
0  1  11  3  14000
0  1  11  2  14000
0  1  11  5  14000
0  1  11  10  14000
0  1  11  4  14000
0  1  11  14  14000
0  1  11  4  14000
0  1  11  11  14000
0  1  11  8  14000
0  1  11  3  14000
0  1  12  8  14000
0  1  12  15  14000
0  1  12  15  14000
0  1  12  5  14000
0  1  12  8  14000
0  1  12  2  14000
0  1  12  7  14000
0  1  12  5  14000
0  1  12  15  14000
0  1  12  11  14000
0  1  12  4  14000
0  1  12  15  14000
0  1  12  11  14000
0  1  12  2  14000
0  1  12  13  14000
0  1  12  7  14000
0  1  12  5  14000
0  1  12  3  14000
0  1  12  5  14000
0  1  12  3  14000
0  1  12  13  14000
0  1  12  4  14000
0  1  12  7  14000
0  1  12  15  14000
1  2  0  3  14000
1  2  0  1  14000
1  2  1  7  14000
1  2  1  5  14000
1  2  2  9  14000
1  2  2  6  14000
1  2  2  8  14000
1  2  3  2  14000
1  2  3  1  14000
1  2  4  2  14000
1  2  4  0  14000
1  2  4  0  14000
1  2  5  9  14000
1  2  5  2  14000
1  2  5  6  14000
1  2  7  3  14000
1  2  7  0  14000
1  2  8  3  14000
1  2  9  1  14000
1  2  10  1  14000
1  2  11  4  14000
1  2  11  0  14000
1  2  13  6  14000
1  2  13  6  14000
1  2  13  3  14000
1  2  14  0  14000
1  2  14  0  14000
1  2  14  0  14000
1  2  14  7  14000
1  2  15  7  14000
1  2  15  6  14000
1  2  15  8  14000
1  2  15  4  14000
0  1  1  8  14500
0  1  1  14  14500
0  1  1  0  14500
0  1  2  4  14500
0  1  2  5  14500
0  1  2  10  14500
0  1  2  11  14500
0  1  2  0  14500
0  1  2  3  14500
0  1  2  13  14500
0  1  2  2  14500
0  1  3  4  14500
0  1  3  3  14500
0  1  3  11  14500
0  1  3  0  14500
0  1  3  3  14500
0  1  3  7  14500
0  1  3  0  14500
0  1  3  15  14500
0  1  3  13  14500
0  1  3  8  14500
0  1  3  7  14500
0  1  3  2  14500
0  1  3  8  14500
0  1  3  3  14500
0  1  4  10  14500
0  1  4  2  14500
0  1  4  10  14500
0  1  4  5  14500
0  1  4  7  14500
0  1  4  2  14500
0  1  4  4  14500
0  1  5  8  14500
0  1  5  8  14500
0  1  5  15  14500
0  1  5  5  14500
0  1  5  1  14500
0  1  6  6  14500
0  1  6  4  14500
0  1  6  13  14500
0  1  6  2  14500
0  1  7  13  14500
0  1  7  10  14500
0  1  7  2  14500
0  1  7  6  14500
0  1  7  7  14500
0  1  7  8  14500
0  1  8  5  14500
0  1  8  9  14500
0  1  8  12  14500
0  1  8  8  14500
0  1  8  9  14500
0  1  8  13  14500
0  1  8  8  14500
0  1  9  7  14500
0  1  9  3  14500
0  1  9  2  14500
0  1  9  4  14500
0  1  9  7  14500
0  1  9  12  14500
0  1  9  4  14500
0  1  10  11  14500
0  1  10  1  14500
0  1  10  2  14500
0  1  11  5  14500
0  1  11  9  14500
0  1  11  3  14500
0  1  11  1  14500
0  1  11  9  14500
0  1  11  6  14500
0  1  11  7  14500
0  1  11  4  14500
0  1  11  6  14500
0  1  11  3  14500
0  1  11  4  14500
0  1  11  8  14500
0  1  11  8  14500
0  1  11  13  14500
0  1  11  13  14500
0  1  11  0  14500
0  1  11  4  14500
0  1  11  14  14500
0  1  11  5  14500
0  1  11  8  14500
0  1  11  11  14500
0  1  12  8  14500
0  1  12  0  14500
0  1  12  3  14500
0  1  12  0  14500
0  1  12  2  14500
0  1  12  2  14500
0  1  12  9  14500
0  1  12  7  14500
0  1  12  1  14500
0  1  12  1  14500
0  1  12  14  14500
0  1  12  3  14500
0  1  12  3  14500
0  1  12  9  14500
0  1  12  3  14500
0  1  12  2  14500
0  1  12  1  14500
0  1  12  15  14500
0  1  12  9  14500
0  1  12  8  14500
0  1  12  14  14500
1  2  0  0  14500
1  2  2  8  14500
1  2  3  0  14500
1  2  4  7  14500
1  2  4  1  14500
1  2  4  8  14500
1  2  6  8  14500
1  2  6  2  14500
1  2  7  0  14500
1  2  10  0  14500
1  2  10  1  14500
1  2  10  6  14500
1  2  11  3  14500
1  2  11  0  14500
1  2  12  7  14500
1  2  12  8  14500
1  2  13  3  14500
1  2  14  4  14500
1  2  15  2  14500
1  2  15  5  14500
1  2  15  4  14500
0  1  1  8  15000
0  1  2  14  15000
0  1  2  15  15000
0  1  2  8  15000
0  1  2  11  15000
0  1  2  2  15000
0  1  2  11  15000
0  1  2  10  15000
0  1  2  10  15000
0  1  2  1  15000
0  1  3  15  15000
0  1  3  7  15000
0  1  3  11  15000
0  1  3  15  15000
0  1  3  14  15000
0  1  3  4  15000
0  1  3  7  15000
0  1  3  10  15000
0  1  3  8  15000
0  1  3  5  15000
0  1  3  11  15000
0  1  3  14  15000
0  1  3  4  15000
0  1  4  2  15000
0  1  4  10  15000
0  1  4  8  15000
0  1  4  13  15000
0  1  4  12  15000
0  1  4  5  15000
0  1  4  11  15000
0  1  5  13  15000
0  1  5  6  15000
0  1  5  0  15000
0  1  5  10  15000
0  1  6  0  15000
0  1  6  14  15000
0  1  6  2  15000
0  1  6  5  15000
0  1  6  15  15000
0  1  7  1  15000
0  1  7  0  15000
0  1  7  1  15000
0  1  7  15  15000
0  1  7  15  15000
0  1  8  4  15000
0  1  8  11  15000
0  1  8  12  15000
0  1  8  2  15000
0  1  8  4  15000
0  1  8  14  15000
0  1  8  3  15000
0  1  8  9  15000
0  1  9  4  15000
0  1  9  9  15000
0  1  9  3  15000
0  1  9  2  15000
0  1  9  1  15000
0  1  9  15  15000
0  1  9  2  15000
0  1  10  7  15000
0  1  10  7  15000
0  1  10  5  15000
0  1  11  12  15000
0  1  11  6  15000
0  1  11  10  15000
0  1  11  8  15000
0  1  11  13  15000
0  1  11  13  15000
0  1  11  4  15000
0  1  11  11  15000
0  1  11  13  15000
0  1  11  14  15000
0  1  11  15  15000
0  1  11  12  15000
0  1  11  6  15000
0  1  11  4  15000
0  1  11  13  15000
0  1  11  14  15000
0  1  11  1  15000
0  1  11  8  15000
0  1  11  2  15000
0  1  11  4  15000
0  1  11  6  15000
0  1  11  6  15000
0  1  11  12  15000
0  1  11  1  15000
0  1  12  10  15000
0  1  12  9  15000
0  1  12  12  15000
0  1  12  0  15000
0  1  12  5  15000
0  1  12  11  15000
0  1  12  11  15000
0  1  12  7  15000
0  1  12  8  15000
0  1  12  15  15000
0  1  12  5  15000
0  1  12  2  15000
0  1  12  15  15000
0  1  12  12  15000
0  1  12  3  15000
0  1  12  13  15000
0  1  12  4  15000
0  1  12  13  15000
0  1  12  10  15000
0  1  12  7  15000
0  1  12  14  15000
0  1  12  13  15000
0  1  12  2  15000
0  1  12  10  15000
0  1  12  13  15000
0  1  12  10  15000
1  2  0  3  15000
1  2  0  2  15000
1  2  0  1  15000
1  2  0  8  15000
1  2  1  3  15000
1  2  4  9  15000
1  2  4  8  15000
1  2  5  5  15000
1  2  5  5  15000
1  2  5  1  15000
1  2  6  0  15000
1  2  7  5  15000
1  2  7  8  15000
1  2  9  6  15000
1  2  9  6  15000
1  2  10  0  15000
1  2  11  5  15000
1  2  11  8  15000
1  2  11  5  15000
1  2  12  6  15000
1  2  12  2  15000
1  2  12  9  15000
1  2  13  2  15000
1  2  14  5  15000
1  2  14  3  15000
1  2  14  0  15000
1  2  15  0  15000
1  2  15  2  15000
1  2  15  6  15000
1  2  15  3  15000
0  1  1  2  15500
0  1  1  15  15500
0  1  1  10  15500
0  1  2  8  15500
0  1  2  0  15500
0  1  2  5  15500
0  1  2  13  15500
0  1  2  5  15500
0  1  2  10  15500
0  1  2  12  15500
0  1  2  12  15500
0  1  2  7  15500
0  1  2  15  15500
0  1  2  4  15500
0  1  3  13  15500
0  1  3  6  15500
0  1  3  5  15500
0  1  3  4  15500
0  1  3  13  15500
0  1  3  9  15500
0  1  3  2  15500
0  1  3  2  15500
0  1  3  10  15500
0  1  3  3  15500
0  1  3  2  15500
0  1  3  13  15500
0  1  3  5  15500
0  1  3  1  15500
0  1  4  6  15500
0  1  4  9  15500
0  1  4  9  15500
0  1  4  0  15500
0  1  4  6  15500
0  1  4  5  15500
0  1  4  6  15500
0  1  4  0  15500
0  1  5  4  15500
0  1  5  11  15500
0  1  5  2  15500
0  1  5  15  15500
0  1  5  15  15500
0  1  6  4  15500
0  1  6  10  15500
0  1  6  10  15500
0  1  6  3  15500
0  1  6  5  15500
0  1  6  15  15500
0  1  6  2  15500
0  1  7  9  15500
0  1  7  9  15500
0  1  7  2  15500
0  1  7  7  15500
0  1  7  14  15500
0  1  7  1  15500
0  1  7  3  15500
0  1  8  3  15500
0  1  8  12  15500
0  1  8  8  15500
0  1  8  8  15500
0  1  8  13  15500
0  1  8  15  15500
0  1  9  3  15500
0  1  9  12  15500
0  1  9  5  15500
0  1  9  2  15500
0  1  9  3  15500
0  1  9  5  15500
0  1  10  13  15500
0  1  10  8  15500
0  1  10  9  15500
0  1  11  0  15500
0  1  11  1  15500
0  1  11  15  15500
0  1  11  13  15500
0  1  11  6  15500
0  1  11  3  15500
0  1  11  0  15500
0  1  11  15  15500
0  1  11  0  15500
0  1  11  4  15500
0  1  11  11  15500
0  1  11  15  15500
0  1  11  1  15500
0  1  11  12  15500
0  1  11  5  15500
0  1  11  11  15500
0  1  11  1  15500
0  1  11  14  15500
0  1  11  11  15500
0  1  11  15  15500
0  1  11  8  15500
0  1  11  14  15500
0  1  11  9  15500
0  1  11  9  15500
0  1  11  1  15500
0  1  11  13  15500
0  1  12  6  15500
0  1  12  9  15500
0  1  12  11  15500
0  1  12  12  15500
0  1  12  9  15500
0  1  12  10  15500
0  1  12  8  15500
0  1  12  10  15500
0  1  12  7  15500
0  1  12  12  15500
0  1  12  12  15500
0  1  12  7  15500
0  1  12  3  15500
0  1  12  6  15500
0  1  12  14  15500
0  1  12  15  15500
0  1  12  5  15500
0  1  12  14  15500
0  1  12  5  15500
0  1  12  14  15500
0  1  12  14  15500
0  1  12  8  15500
0  1  12  15  15500
1  2  0  3  15500
1  2  1  9  15500
1  2  2  7  15500
1  2  3  6  15500
1  2  3  4  15500
1  2  4  6  15500
1  2  4  3  15500
1  2  4  6  15500
1  2  4  0  15500
1  2  6  3  15500
1  2  7  8  15500
1  2  7  3  15500
1  2  7  3  15500
1  2  9  4  15500
1  2  9  6  15500
1  2  9  1  15500
1  2  10  7  15500
1  2  10  8  15500
1  2  11  8  15500
1  2  12  2  15500
1  2  12  8  15500
1  2  13  4  15500
1  2  13  8  15500
1  2  14  0  15500
1  2  15  5  15500
1  2  15  5  15500
1  2  15  8  15500
1  2  15  3  15500
0  1  1  14  16000
0  1  1  15  16000
0  1  1  14  16000
0  1  2  8  16000
0  1  2  15  16000
0  1  2  2  16000
0  1  2  1  16000
0  1  2  0  16000
0  1  2  12  16000
0  1  2  14  16000
0  1  2  14  16000
0  1  2  15  16000
0  1  2  9  16000
0  1  3  11  16000
0  1  3  5  16000
0  1  3  11  16000
0  1  3  11  16000
0  1  3  5  16000
0  1  3  0  16000
0  1  3  4  16000
0  1  3  14  16000
0  1  3  9  16000
0  1  3  7  16000
0  1  3  15  16000
0  1  3  5  16000
0  1  3  5  16000
0  1  3  11  16000
0  1  3  5  16000
0  1  3  6  16000
0  1  4  12  16000
0  1  4  6  16000
0  1  4  4  16000
0  1  4  0  16000
0  1  4  14  16000
0  1  4  8  16000
0  1  4  13  16000
0  1  4  10  16000
0  1  4  2  16000
0  1  5  6  16000
0  1  5  7  16000
0  1  5  11  16000
0  1  5  9  16000
0  1  6  9  16000
0  1  6  10  16000
0  1  6  3  16000
0  1  6  13  16000
0  1  6  6  16000
0  1  7  10  16000
0  1  7  3  16000
0  1  7  3  16000
0  1  7  11  16000
0  1  7  5  16000
0  1  7  14  16000
0  1  7  10  16000
0  1  8  10  16000
0  1  8  5  16000
0  1  8  14  16000
0  1  8  15  16000
0  1  8  4  16000
0  1  8  9  16000
0  1  9  14  16000
0  1  9  2  16000
0  1  9  5  16000
0  1  9  15  16000
0  1  9  8  16000
0  1  9  15  16000
0  1  10  6  16000
0  1  10  9  16000
0  1  10  7  16000
0  1  11  7  16000
0  1  11  14  16000
0  1  11  11  16000
0  1  11  15  16000
0  1  11  5  16000
0  1  11  15  16000
0  1  11  11  16000
0  1  11  2  16000
0  1  11  6  16000
0  1  11  4  16000
0  1  11  3  16000
0  1  11  15  16000
0  1  11  15  16000
0  1  11  0  16000
0  1  11  2  16000
0  1  11  4  16000
0  1  11  13  16000
0  1  11  9  16000
0  1  11  9  16000
0  1  11  10  16000
0  1  11  15  16000
0  1  11  5  16000
0  1  11  2  16000
0  1  11  10  16000
0  1  11  15  16000
0  1  12  11  16000
0  1  12  14  16000
0  1  12  14  16000
0  1  12  4  16000
0  1  12  10  16000
0  1  12  13  16000
0  1  12  1  16000
0  1  12  11  16000
0  1  12  5  16000
0  1  12  13  16000
0  1  12  4  16000
0  1  12  4  16000
0  1  12  11  16000
0  1  12  8  16000
0  1  12  1  16000
0  1  12  3  16000
0  1  12  14  16000
0  1  12  15  16000
0  1  12  11  16000
0  1  12  0  16000
0  1  12  11  16000
0  1  12  11  16000
0  1  12  6  16000
0  1  12  4  16000
0  1  12  3  16000
0  1  12  1  16000
1  2  0  0  16000
1  2  0  1  16000
1  2  1  7  16000
1  2  1  2  16000
1  2  2  8  16000
1  2  3  3  16000
1  2  3  2  16000
1  2  4  3  16000
1  2  4  6  16000
1  2  5  7  16000
1  2  6  3  16000
1  2  7  5  16000
1  2  8  1  16000
1  2  9  6  16000
1  2  9  1  16000
1  2  10  0  16000
1  2  10  1  16000
1  2  11  0  16000
1  2  12  2  16000
1  2  12  6  16000
1  2  13  7  16000
1  2  14  5  16000
1  2  14  9  16000
1  2  14  8  16000
1  2  14  8  16000
1  2  15  8  16000
1  2  15  1  16000
1  2  15  9  16000
0  1  2  1  16500
0  1  3  1  16500
0  1  4  7  16500
0  1  4  6  16500
0  1  5  14  16500
0  1  5  7  16500
0  1  6  6  16500
0  1  6  14  16500
0  1  6  12  16500
0  1  6  11  16500
0  1  7  7  16500
0  1  7  3  16500
0  1  7  8  16500
0  1  7  1  16500
0  1  8  9  16500
0  1  8  13  16500
0  1  8  7  16500
0  1  8  1  16500
0  1  8  0  16500
0  1  9  14  16500
0  1  9  3  16500
0  1  9  8  16500
0  1  9  12  16500
0  1  10  3  16500
0  1  10  12  16500
0  1  10  0  16500
0  1  10  12  16500
0  1  11  0  16500
0  1  11  4  16500
0  1  11  4  16500
0  1  11  15  16500
0  1  11  7  16500
0  1  12  13  16500
0  1  12  10  16500
0  1  12  13  16500
0  1  13  8  16500
0  1  13  6  16500
1  2  0  2  16500
1  2  0  3  16500
1  2  2  2  16500
1  2  3  4  16500
1  2  3  9  16500
1  2  4  1  16500
1  2  5  3  16500
1  2  7  9  16500
1  2  7  8  16500
1  2  8  1  16500
1  2  8  8  16500
1  2  10  8  16500
1  2  11  0  16500
1  2  12  2  16500
1  2  14  7  16500
1  2  14  4  16500
1  2  15  7  16500
0  1  2  3  17000
0  1  2  2  17000
0  1  3  12  17000
0  1  3  11  17000
0  1  3  10  17000
0  1  4  7  17000
0  1  4  1  17000
0  1  4  7  17000
0  1  5  9  17000
0  1  5  6  17000
0  1  6  3  17000
0  1  6  2  17000
0  1  6  14  17000
0  1  6  7  17000
0  1  6  13  17000
0  1  7  10  17000
0  1  7  12  17000
0  1  7  2  17000
0  1  7  1  17000
0  1  8  10  17000
0  1  8  8  17000
0  1  8  0  17000
0  1  8  10  17000
0  1  8  3  17000
0  1  9  1  17000
0  1  9  15  17000
0  1  9  9  17000
0  1  10  6  17000
0  1  10  1  17000
0  1  10  15  17000
0  1  11  15  17000
0  1  11  4  17000
0  1  11  8  17000
0  1  11  10  17000
0  1  12  1  17000
0  1  12  9  17000
0  1  12  3  17000
0  1  12  4  17000
0  1  12  9  17000
0  1  13  5  17000
1  2  0  2  17000
1  2  2  2  17000
1  2  3  7  17000
1  2  3  5  17000
1  2  6  4  17000
1  2  6  5  17000
1  2  6  9  17000
1  2  6  9  17000
1  2  8  6  17000
1  2  8  9  17000
1  2  11  9  17000
1  2  11  5  17000
1  2  12  1  17000
1  2  12  1  17000
1  2  13  9  17000
1  2  15  7  17000
0  1  2  4  17500
0  1  2  9  17500
0  1  3  9  17500
0  1  3  2  17500
0  1  3  3  17500
0  1  4  7  17500
0  1  4  13  17500
0  1  4  1  17500
0  1  4  14  17500
0  1  5  10  17500
0  1  5  6  17500
0  1  6  1  17500
0  1  6  9  17500
0  1  6  4  17500
0  1  6  3  17500
0  1  7  14  17500
0  1  7  7  17500
0  1  7  0  17500
0  1  7  4  17500
0  1  8  3  17500
0  1  8  15  17500
0  1  8  5  17500
0  1  9  7  17500
0  1  9  12  17500
0  1  9  2  17500
0  1  10  6  17500
0  1  10  11  17500
0  1  10  13  17500
0  1  11  10  17500
0  1  11  1  17500
0  1  11  5  17500
0  1  11  4  17500
0  1  12  6  17500
0  1  12  15  17500
0  1  12  0  17500
0  1  12  5  17500
0  1  12  7  17500
0  1  13  1  17500
1  2  0  2  17500
1  2  1  7  17500
1  2  2  6  17500
1  2  4  1  17500
1  2  5  5  17500
1  2  6  1  17500
1  2  6  8  17500
1  2  8  3  17500
1  2  9  5  17500
1  2  9  7  17500
1  2  11  2  17500
1  2  12  4  17500
1  2  12  8  17500
1  2  14  7  17500
1  2  15  9  17500
0  1  2  10  18000
0  1  2  0  18000
0  1  2  13  18000
0  1  3  11  18000
0  1  3  9  18000
0  1  3  6  18000
0  1  4  2  18000
0  1  4  11  18000
0  1  4  1  18000
0  1  5  8  18000
0  1  6  2  18000
0  1  6  7  18000
0  1  6  2  18000
0  1  7  1  18000
0  1  7  7  18000
0  1  7  11  18000
0  1  7  3  18000
0  1  8  8  18000
0  1  8  12  18000
0  1  8  9  18000
0  1  8  10  18000
0  1  9  2  18000
0  1  9  1  18000
0  1  9  2  18000
0  1  10  15  18000
0  1  10  1  18000
0  1  10  2  18000
0  1  10  3  18000
0  1  11  12  18000
0  1  11  6  18000
0  1  11  13  18000
0  1  11  5  18000
0  1  12  13  18000
0  1  12  14  18000
0  1  12  7  18000
0  1  12  15  18000
0  1  12  14  18000
0  1  12  0  18000
0  1  13  8  18000
0  1  13  10  18000
1  2  0  9  18000
1  2  0  1  18000
1  2  1  9  18000
1  2  1  5  18000
1  2  3  6  18000
1  2  3  4  18000
1  2  4  1  18000
1  2  4  8  18000
1  2  5  2  18000
1  2  6  8  18000
1  2  6  3  18000
1  2  7  5  18000
1  2  7  3  18000
1  2  8  7  18000
1  2  9  8  18000
1  2  10  8  18000
1  2  14  1  18000
1  2  14  4  18000
1  2  14  2  18000
0  1  2  1  18500
0  1  2  13  18500
0  1  3  1  18500
0  1  3  6  18500
0  1  3  3  18500
0  1  3  12  18500
0  1  4  11  18500
0  1  4  12  18500
0  1  4  6  18500
0  1  5  14  18500
0  1  6  13  18500
0  1  6  10  18500
0  1  6  8  18500
0  1  7  5  18500
0  1  7  12  18500
0  1  7  14  18500
0  1  8  5  18500
0  1  8  3  18500
0  1  8  5  18500
0  1  9  15  18500
0  1  9  8  18500
0  1  9  15  18500
0  1  10  9  18500
0  1  10  6  18500
0  1  10  9  18500
0  1  11  2  18500
0  1  11  8  18500
0  1  11  6  18500
0  1  12  9  18500
0  1  12  6  18500
0  1  12  7  18500
0  1  12  14  18500
0  1  13  2  18500
0  1  13  15  18500
1  2  0  2  18500
1  2  0  3  18500
1  2  1  8  18500
1  2  1  1  18500
1  2  2  2  18500
1  2  5  7  18500
1  2  5  6  18500
1  2  5  1  18500
1  2  6  3  18500
1  2  6  1  18500
1  2  6  4  18500
1  2  7  1  18500
1  2  9  2  18500
1  2  10  0  18500
1  2  11  1  18500
1  2  12  4  18500
1  2  13  5  18500
1  2  13  7  18500
1  2  14  8  18500
1  2  15  3  18500
0  1  2  2  19000
0  1  3  4  19000
0  1  3  4  19000
0  1  4  12  19000
0  1  4  2  19000
0  1  4  0  19000
0  1  5  10  19000
0  1  5  7  19000
0  1  6  0  19000
0  1  6  12  19000
0  1  6  6  19000
0  1  6  7  19000
0  1  7  10  19000
0  1  7  0  19000
0  1  7  2  19000
0  1  7  6  19000
0  1  7  2  19000
0  1  8  2  19000
0  1  8  5  19000
0  1  8  7  19000
0  1  9  13  19000
0  1  9  9  19000
0  1  9  15  19000
0  1  10  7  19000
0  1  10  8  19000
0  1  10  4  19000
0  1  11  0  19000
0  1  11  2  19000
0  1  11  0  19000
0  1  11  11  19000
0  1  11  5  19000
0  1  12  0  19000
0  1  12  11  19000
0  1  12  4  19000
0  1  12  14  19000
0  1  12  13  19000
0  1  13  4  19000
0  1  13  3  19000
1  2  0  5  19000
1  2  0  8  19000
1  2  2  7  19000
1  2  3  6  19000
1  2  3  1  19000
1  2  3  5  19000
1  2  3  4  19000
1  2  5  6  19000
1  2  5  3  19000
1  2  6  6  19000
1  2  8  7  19000
1  2  10  9  19000
1  2  11  4  19000
1  2  12  6  19000
1  2  12  6  19000
1  2  14  0  19000
1  2  15  0  19000
1  2  15  7  19000
1  2  15  1  19000
0  1  2  0  19500
0  1  2  2  19500
0  1  3  9  19500
0  1  3  15  19500
0  1  3  4  19500
0  1  3  5  19500
0  1  4  3  19500
0  1  4  15  19500
0  1  4  2  19500
0  1  4  9  19500
0  1  5  0  19500
0  1  5  8  19500
0  1  6  5  19500
0  1  6  9  19500
0  1  6  1  19500
0  1  7  0  19500
0  1  7  1  19500
0  1  7  13  19500
0  1  7  11  19500
0  1  8  2  19500
0  1  8  4  19500
0  1  8  7  19500
0  1  8  1  19500
0  1  8  13  19500
0  1  9  5  19500
0  1  9  11  19500
0  1  9  11  19500
0  1  9  14  19500
0  1  10  12  19500
0  1  10  0  19500
0  1  10  2  19500
0  1  10  7  19500
0  1  11  0  19500
0  1  11  6  19500
0  1  11  15  19500
0  1  11  3  19500
0  1  12  11  19500
0  1  12  3  19500
0  1  12  0  19500
0  1  12  1  19500
0  1  12  1  19500
0  1  13  4  19500
0  1  13  15  19500
1  2  0  1  19500
1  2  2  2  19500
1  2  3  7  19500
1  2  4  7  19500
1  2  5  3  19500
1  2  5  3  19500
1  2  7  4  19500
1  2  8  1  19500
1  2  10  9  19500
1  2  10  8  19500
1  2  11  6  19500
1  2  13  2  19500
1  2  14  4  19500
1  2  14  4  19500
1  2  15  2  19500
1  2  15  6  19500
0  1  2  11  20000
0  1  3  13  20000
0  1  3  11  20000
0  1  4  11  20000
0  1  4  7  20000
0  1  4  14  20000
0  1  4  12  20000
0  1  4  4  20000
0  1  5  12  20000
0  1  5  10  20000
0  1  6  11  20000
0  1  6  4  20000
0  1  6  8  20000
0  1  6  14  20000
0  1  6  15  20000
0  1  7  5  20000
0  1  7  7  20000
0  1  7  4  20000
0  1  8  12  20000
0  1  8  0  20000
0  1  8  15  20000
0  1  8  9  20000
0  1  8  5  20000
0  1  9  0  20000
0  1  9  8  20000
0  1  9  9  20000
0  1  9  11  20000
0  1  10  7  20000
0  1  10  8  20000
0  1  10  6  20000
0  1  11  2  20000
0  1  11  4  20000
0  1  11  6  20000
0  1  11  13  20000
0  1  11  1  20000
0  1  12  10  20000
0  1  12  0  20000
0  1  12  0  20000
0  1  12  5  20000
0  1  13  5  20000
1  2  0  7  20000
1  2  0  2  20000
1  2  1  2  20000
1  2  4  4  20000
1  2  4  3  20000
1  2  7  8  20000
1  2  8  6  20000
1  2  10  1  20000
1  2  12  7  20000
1  2  12  8  20000
1  2  13  5  20000
1  2  14  1  20000
1  2  15  2  20000
1  2  15  3  20000
0  1  2  15  20500
0  1  2  4  20500
0  1  3  0  20500
0  1  4  5  20500
0  1  4  0  20500
0  1  4  2  20500
0  1  5  4  20500
0  1  5  13  20500
0  1  6  4  20500
0  1  6  0  20500
0  1  6  8  20500
0  1  6  1  20500
0  1  6  14  20500
0  1  7  3  20500
0  1  7  4  20500
0  1  7  5  20500
0  1  7  1  20500
0  1  8  0  20500
0  1  8  14  20500
0  1  8  14  20500
0  1  8  15  20500
0  1  9  10  20500
0  1  9  0  20500
0  1  9  15  20500
0  1  9  12  20500
0  1  10  5  20500
0  1  10  12  20500
0  1  10  9  20500
0  1  11  10  20500
0  1  11  13  20500
0  1  11  15  20500
0  1  11  12  20500
0  1  12  14  20500
0  1  12  9  20500
0  1  12  5  20500
0  1  12  11  20500
0  1  12  9  20500
0  1  12  0  20500
0  1  13  9  20500
0  1  13  6  20500
1  2  0  5  20500
1  2  0  3  20500
1  2  1  6  20500
1  2  2  3  20500
1  2  4  8  20500
1  2  6  1  20500
1  2  7  8  20500
1  2  7  1  20500
1  2  9  1  20500
1  2  10  1  20500
1  2  10  1  20500
1  2  12  7  20500
1  2  12  2  20500
1  2  14  1  20500
1  2  15  7  20500
1  2  15  6  20500
0  1  2  12  21000
0  1  3  6  21000
0  1  3  2  21000
0  1  3  5  21000
0  1  3  14  21000
0  1  4  6  21000
0  1  4  3  21000
0  1  4  9  21000
0  1  5  7  21000
0  1  5  0  21000
0  1  6  2  21000
0  1  6  0  21000
0  1  6  6  21000
0  1  6  9  21000
0  1  6  11  21000
0  1  7  3  21000
0  1  7  13  21000
0  1  8  7  21000
0  1  8  0  21000
0  1  8  15  21000
0  1  8  12  21000
0  1  8  9  21000
0  1  9  0  21000
0  1  9  0  21000
0  1  9  9  21000
0  1  9  14  21000
0  1  10  9  21000
0  1  10  0  21000
0  1  10  10  21000
0  1  10  5  21000
0  1  11  0  21000
0  1  11  13  21000
0  1  11  10  21000
0  1  11  11  21000
0  1  11  3  21000
0  1  12  1  21000
0  1  12  8  21000
0  1  12  8  21000
0  1  12  9  21000
0  1  13  12  21000
0  1  13  11  21000
1  2  0  2  21000
1  2  0  9  21000
1  2  1  4  21000
1  2  2  2  21000
1  2  3  1  21000
1  2  4  7  21000
1  2  4  8  21000
1  2  4  3  21000
1  2  6  3  21000
1  2  6  5  21000
1  2  7  1  21000
1  2  8  4  21000
1  2  8  7  21000
1  2  11  6  21000
1  2  14  4  21000
1  2  15  6  21000
1  2  15  1  21000
0  1  2  12  21500
0  1  3  0  21500
0  1  3  10  21500
0  1  3  4  21500
0  1  3  11  21500
0  1  4  15  21500
0  1  4  3  21500
0  1  4  10  21500
0  1  5  6  21500
0  1  5  7  21500
0  1  6  0  21500
0  1  6  3  21500
0  1  6  12  21500
0  1  7  5  21500
0  1  7  0  21500
0  1  7  4  21500
0  1  8  10  21500
0  1  8  15  21500
0  1  8  14  21500
0  1  9  12  21500
0  1  9  15  21500
0  1  9  10  21500
0  1  10  8  21500
0  1  10  9  21500
0  1  11  15  21500
0  1  11  0  21500
0  1  11  9  21500
0  1  11  12  21500
0  1  12  0  21500
0  1  12  13  21500
0  1  12  13  21500
0  1  12  8  21500
0  1  13  13  21500
1  2  0  5  21500
1  2  0  1  21500
1  2  1  1  21500
1  2  2  7  21500
1  2  4  1  21500
1  2  5  2  21500
1  2  5  0  21500
1  2  6  4  21500
1  2  7  4  21500
1  2  7  1  21500
1  2  8  4  21500
1  2  10  8  21500
1  2  11  0  21500
1  2  11  0  21500
1  2  11  1  21500
1  2  12  6  21500
1  2  14  4  21500
1  2  14  1  21500
1  2  14  0  21500
1  2  15  0  21500
1  2  15  7  21500
0  1  2  5  22000
0  1  3  1  22000
0  1  3  15  22000
0  1  3  13  22000
0  1  3  8  22000
0  1  4  3  22000
0  1  4  11  22000
0  1  4  0  22000
0  1  5  14  22000
0  1  5  10  22000
0  1  6  2  22000
0  1  6  3  22000
0  1  6  0  22000
0  1  6  12  22000
0  1  6  1  22000
0  1  7  7  22000
0  1  7  5  22000
0  1  7  8  22000
0  1  8  12  22000
0  1  8  3  22000
0  1  8  4  22000
0  1  9  4  22000
0  1  9  15  22000
0  1  9  7  22000
0  1  9  4  22000
0  1  10  9  22000
0  1  11  2  22000
0  1  11  11  22000
0  1  11  5  22000
0  1  11  15  22000
0  1  12  10  22000
0  1  12  10  22000
0  1  12  5  22000
0  1  12  2  22000
0  1  13  1  22000
1  2  0  8  22000
1  2  2  3  22000
1  2  2  4  22000
1  2  3  3  22000
1  2  3  0  22000
1  2  4  3  22000
1  2  5  1  22000
1  2  6  5  22000
1  2  7  1  22000
1  2  8  1  22000
1  2  9  6  22000
1  2  10  4  22000
1  2  10  9  22000
1  2  12  1  22000
1  2  15  7  22000
1  2  15  0  22000
0  1  2  6  22500
0  1  2  14  22500
0  1  3  12  22500
0  1  3  2  22500
0  1  3  6  22500
0  1  3  14  22500
0  1  4  2  22500
0  1  4  1  22500
0  1  4  4  22500
0  1  5  0  22500
0  1  5  2  22500
0  1  6  5  22500
0  1  6  12  22500
0  1  6  3  22500
0  1  6  13  22500
0  1  7  15  22500
0  1  7  7  22500
0  1  7  15  22500
0  1  7  8  22500
0  1  7  0  22500
0  1  8  1  22500
0  1  8  7  22500
0  1  8  15  22500
0  1  9  1  22500
0  1  9  8  22500
0  1  10  13  22500
0  1  10  15  22500
0  1  10  13  22500
0  1  11  0  22500
0  1  11  1  22500
0  1  11  3  22500
0  1  11  3  22500
0  1  12  13  22500
0  1  12  10  22500
0  1  12  15  22500
0  1  12  6  22500
0  1  12  7  22500
0  1  13  4  22500
0  1  13  6  22500
1  2  0  7  22500
1  2  0  7  22500
1  2  0  8  22500
1  2  1  7  22500
1  2  1  8  22500
1  2  4  2  22500
1  2  5  9  22500
1  2  6  8  22500
1  2  7  4  22500
1  2  10  1  22500
1  2  11  7  22500
1  2  12  7  22500
1  2  12  9  22500
1  2  13  5  22500
1  2  14  2  22500
1  2  15  1  22500
0  1  2  4  23000
0  1  3  2  23000
0  1  3  11  23000
0  1  3  9  23000
0  1  4  13  23000
0  1  4  12  23000
0  1  4  5  23000
0  1  4  9  23000
0  1  5  15  23000
0  1  5  5  23000
0  1  6  3  23000
0  1  6  2  23000
0  1  6  14  23000
0  1  6  3  23000
0  1  6  14  23000
0  1  7  8  23000
0  1  7  9  23000
0  1  7  5  23000
0  1  8  6  23000
0  1  8  5  23000
0  1  8  12  23000
0  1  9  11  23000
0  1  9  8  23000
0  1  9  7  23000
0  1  10  9  23000
0  1  10  8  23000
0  1  11  13  23000
0  1  11  0  23000
0  1  11  15  23000
0  1  11  7  23000
0  1  11  7  23000
0  1  12  7  23000
0  1  12  8  23000
0  1  12  3  23000
0  1  12  7  23000
0  1  13  5  23000
0  1  13  4  23000
1  2  0  4  23000
1  2  0  8  23000
1  2  1  3  23000
1  2  2  6  23000
1  2  2  6  23000
1  2  3  1  23000
1  2  5  7  23000
1  2  7  1  23000
1  2  8  5  23000
1  2  9  9  23000
1  2  10  0  23000
1  2  10  8  23000
1  2  11  6  23000
1  2  11  6  23000
1  2  12  4  23000
1  2  13  4  23000
1  2  13  3  23000
1  2  14  1  23000
0  1  2  5  23500
0  1  3  9  23500
0  1  3  1  23500
0  1  3  6  23500
0  1  4  7  23500
0  1  4  10  23500
0  1  4  1  23500
0  1  4  5  23500
0  1  5  12  23500
0  1  5  12  23500
0  1  6  7  23500
0  1  6  14  23500
0  1  6  11  23500
0  1  7  12  23500
0  1  7  12  23500
0  1  7  11  23500
0  1  7  14  23500
0  1  7  1  23500
0  1  8  8  23500
0  1  8  12  23500
0  1  8  1  23500
0  1  9  2  23500
0  1  9  6  23500
0  1  9  9  23500
0  1  9  12  23500
0  1  10  8  23500
0  1  10  3  23500
0  1  10  13  23500
0  1  11  3  23500
0  1  11  13  23500
0  1  11  9  23500
0  1  11  0  23500
0  1  11  7  23500
0  1  12  11  23500
0  1  12  13  23500
0  1  12  9  23500
0  1  12  15  23500
0  1  12  6  23500
0  1  13  3  23500
0  1  13  6  23500
1  2  0  1  23500
1  2  4  8  23500
1  2  4  0  23500
1  2  5  9  23500
1  2  5  1  23500
1  2  5  6  23500
1  2  6  4  23500
1  2  6  5  23500
1  2  7  1  23500
1  2  8  8  23500
1  2  9  0  23500
1  2  12  1  23500
1  2  12  5  23500
1  2  13  3  23500
1  2  13  2  23500
1  2  13  2  23500
1  2  14  7  23500
1  2  14  5  23500
1  2  15  5  23500
1  2  15  2  23500
1  2  15  3  23500
0  1  2  0  24000
0  1  3  3  24000
0  1  3  9  24000
0  1  3  11  24000
0  1  4  9  24000
0  1  4  3  24000
0  1  4  5  24000
0  1  4  0  24000
0  1  5  0  24000
0  1  5  5  24000
0  1  6  7  24000
0  1  6  13  24000
0  1  6  15  24000
0  1  7  9  24000
0  1  7  12  24000
0  1  7  1  24000
0  1  8  13  24000
0  1  8  5  24000
0  1  9  6  24000
0  1  9  0  24000
0  1  10  8  24000
0  1  11  10  24000
0  1  11  4  24000
0  1  11  13  24000
0  1  11  15  24000
0  1  11  9  24000
0  1  12  4  24000
0  1  12  11  24000
0  1  12  5  24000
0  1  12  2  24000
0  1  12  5  24000
0  1  13  7  24000
0  1  13  3  24000
1  2  0  5  24000
1  2  1  9  24000
1  2  1  7  24000
1  2  4  3  24000
1  2  4  8  24000
1  2  5  1  24000
1  2  5  4  24000
1  2  7  2  24000
1  2  9  7  24000
1  2  10  4  24000
1  2  12  8  24000
1  2  14  1  24000
1  2  14  4  24000
0  1  2  14  24500
0  1  2  3  24500
0  1  3  11  24500
0  1  3  15  24500
0  1  3  3  24500
0  1  3  1  24500
0  1  3  14  24500
0  1  3  3  24500
0  1  3  10  24500
0  1  3  6  24500
0  1  4  5  24500
0  1  4  14  24500
0  1  4  4  24500
0  1  4  6  24500
0  1  4  0  24500
0  1  4  2  24500
0  1  4  6  24500
0  1  4  10  24500
0  1  4  1  24500
0  1  4  4  24500
0  1  4  5  24500
0  1  4  12  24500
0  1  4  4  24500
0  1  4  14  24500
0  1  4  15  24500
0  1  4  2  24500
0  1  4  4  24500
0  1  4  11  24500
0  1  5  5  24500
0  1  5  13  24500
0  1  5  14  24500
0  1  5  10  24500
0  1  5  2  24500
0  1  5  0  24500
0  1  5  5  24500
0  1  5  3  24500
0  1  5  12  24500
0  1  5  7  24500
0  1  5  9  24500
0  1  5  9  24500
0  1  5  0  24500
0  1  5  11  24500
0  1  5  13  24500
0  1  6  7  24500
0  1  6  9  24500
0  1  6  2  24500
0  1  6  9  24500
0  1  6  15  24500
0  1  6  11  24500
0  1  6  0  24500
0  1  6  4  24500
0  1  6  15  24500
0  1  6  9  24500
0  1  6  5  24500
0  1  7  9  24500
0  1  7  3  24500
0  1  7  14  24500
0  1  7  6  24500
0  1  7  3  24500
0  1  7  2  24500
0  1  7  0  24500
0  1  7  9  24500
0  1  7  10  24500
0  1  7  10  24500
0  1  7  5  24500
0  1  7  11  24500
0  1  7  13  24500
0  1  8  9  24500
0  1  8  9  24500
0  1  8  3  24500
0  1  8  13  24500
0  1  8  1  24500
0  1  8  11  24500
0  1  8  7  24500
0  1  8  2  24500
0  1  8  1  24500
0  1  8  15  24500
0  1  8  9  24500
0  1  9  8  24500
0  1  9  15  24500
0  1  9  8  24500
0  1  9  14  24500
0  1  9  13  24500
0  1  9  12  24500
0  1  9  1  24500
0  1  9  15  24500
0  1  9  11  24500
0  1  9  6  24500
0  1  9  11  24500
0  1  9  1  24500
0  1  10  2  24500
0  1  10  10  24500
0  1  10  10  24500
0  1  10  9  24500
0  1  10  11  24500
0  1  10  15  24500
0  1  10  1  24500
0  1  10  5  24500
0  1  10  4  24500
0  1  10  15  24500
0  1  10  3  24500
0  1  10  5  24500
0  1  10  14  24500
0  1  10  10  24500
0  1  11  0  24500
0  1  11  15  24500
0  1  11  1  24500
0  1  11  8  24500
0  1  11  4  24500
0  1  11  9  24500
0  1  11  4  24500
0  1  11  13  24500
0  1  11  8  24500
0  1  11  4  24500
0  1  11  14  24500
0  1  11  12  24500
0  1  11  8  24500
0  1  11  9  24500
0  1  11  7  24500
0  1  11  9  24500
0  1  11  13  24500
0  1  11  1  24500
0  1  11  5  24500
0  1  11  12  24500
0  1  11  15  24500
0  1  11  2  24500
0  1  12  0  24500
0  1  12  12  24500
0  1  12  15  24500
0  1  12  11  24500
0  1  12  9  24500
0  1  12  4  24500
0  1  12  15  24500
0  1  12  11  24500
0  1  12  11  24500
0  1  12  13  24500
0  1  12  13  24500
0  1  12  1  24500
0  1  12  0  24500
0  1  12  3  24500
0  1  12  14  24500
0  1  12  8  24500
0  1  13  10  24500
0  1  13  5  24500
0  1  13  6  24500
1  2  0  3  24500
1  2  0  2  24500
1  2  1  0  24500
1  2  2  8  24500
1  2  2  9  24500
1  2  3  0  24500
1  2  3  2  24500
1  2  4  6  24500
1  2  4  6  24500
1  2  5  4  24500
1  2  6  0  24500
1  2  6  0  24500
1  2  7  3  24500
1  2  8  2  24500
1  2  8  0  24500
1  2  8  8  24500
1  2  8  3  24500
1  2  8  1  24500
1  2  9  6  24500
1  2  9  4  24500
1  2  10  9  24500
1  2  11  1  24500
1  2  11  7  24500
1  2  11  3  24500
1  2  11  3  24500
1  2  11  4  24500
1  2  11  0  24500
1  2  12  8  24500
1  2  13  5  24500
1  2  14  5  24500
1  2  14  7  24500
1  2  14  5  24500
1  2  14  8  24500
1  2  14  0  24500
1  2  15  0  24500
0  1  2  3  25000
0  1  2  1  25000
0  1  3  3  25000
0  1  3  14  25000
0  1  3  0  25000
0  1  3  10  25000
0  1  3  7  25000
0  1  3  4  25000
0  1  3  4  25000
0  1  3  12  25000
0  1  3  12  25000
0  1  4  1  25000
0  1  4  9  25000
0  1  4  6  25000
0  1  4  0  25000
0  1  4  4  25000
0  1  4  3  25000
0  1  4  12  25000
0  1  4  5  25000
0  1  4  12  25000
0  1  4  15  25000
0  1  4  6  25000
0  1  4  9  25000
0  1  4  15  25000
0  1  4  2  25000
0  1  4  0  25000
0  1  4  7  25000
0  1  5  7  25000
0  1  5  14  25000
0  1  5  7  25000
0  1  5  8  25000
0  1  5  8  25000
0  1  5  8  25000
0  1  5  14  25000
0  1  5  8  25000
0  1  5  11  25000
0  1  5  2  25000
0  1  5  13  25000
0  1  5  15  25000
0  1  5  15  25000
0  1  5  15  25000
0  1  5  11  25000
0  1  5  11  25000
0  1  5  0  25000
0  1  6  3  25000
0  1  6  12  25000
0  1  6  5  25000
0  1  6  10  25000
0  1  6  8  25000
0  1  6  9  25000
0  1  6  6  25000
0  1  6  14  25000
0  1  6  4  25000
0  1  6  11  25000
0  1  6  0  25000
0  1  6  12  25000
0  1  7  11  25000
0  1  7  15  25000
0  1  7  2  25000
0  1  7  11  25000
0  1  7  5  25000
0  1  7  3  25000
0  1  7  3  25000
0  1  7  12  25000
0  1  7  14  25000
0  1  7  10  25000
0  1  8  4  25000
0  1  8  6  25000
0  1  8  3  25000
0  1  8  1  25000
0  1  8  12  25000
0  1  8  2  25000
0  1  8  10  25000
0  1  8  7  25000
0  1  8  1  25000
0  1  8  4  25000
0  1  8  1  25000
0  1  9  10  25000
0  1  9  11  25000
0  1  9  14  25000
0  1  9  4  25000
0  1  9  2  25000
0  1  9  7  25000
0  1  9  13  25000
0  1  9  8  25000
0  1  9  15  25000
0  1  9  1  25000
0  1  9  10  25000
0  1  9  11  25000
0  1  10  3  25000
0  1  10  3  25000
0  1  10  6  25000
0  1  10  5  25000
0  1  10  6  25000
0  1  10  11  25000
0  1  10  2  25000
0  1  10  12  25000
0  1  10  6  25000
0  1  10  2  25000
0  1  10  9  25000
0  1  10  5  25000
0  1  10  1  25000
0  1  10  9  25000
0  1  11  3  25000
0  1  11  4  25000
0  1  11  9  25000
0  1  11  8  25000
0  1  11  11  25000
0  1  11  7  25000
0  1  11  8  25000
0  1  11  8  25000
0  1  11  14  25000
0  1  11  2  25000
0  1  11  11  25000
0  1  11  1  25000
0  1  11  4  25000
0  1  11  13  25000
0  1  11  6  25000
0  1  11  0  25000
0  1  11  9  25000
0  1  11  6  25000
0  1  11  14  25000
0  1  11  14  25000
0  1  11  4  25000
0  1  11  12  25000
0  1  11  7  25000
0  1  11  8  25000
0  1  12  1  25000
0  1  12  13  25000
0  1  12  10  25000
0  1  12  15  25000
0  1  12  12  25000
0  1  12  7  25000
0  1  12  14  25000
0  1  12  5  25000
0  1  12  14  25000
0  1  12  2  25000
0  1  12  5  25000
0  1  12  13  25000
0  1  12  0  25000
0  1  12  14  25000
0  1  12  0  25000
0  1  12  10  25000
0  1  12  10  25000
0  1  12  0  25000
0  1  13  14  25000
0  1  13  1  25000
0  1  13  13  25000
1  2  0  8  25000
1  2  1  0  25000
1  2  2  8  25000
1  2  3  7  25000
1  2  3  6  25000
1  2  4  2  25000
1  2  4  6  25000
1  2  4  3  25000
1  2  6  9  25000
1  2  7  5  25000
1  2  7  4  25000
1  2  8  7  25000
1  2  9  6  25000
1  2  9  3  25000
1  2  10  8  25000
1  2  10  4  25000
1  2  11  1  25000
1  2  11  7  25000
1  2  11  4  25000
1  2  11  3  25000
1  2  11  5  25000
1  2  12  6  25000
1  2  13  1  25000
1  2  14  2  25000
1  2  14  8  25000
1  2  15  2  25000
1  2  15  6  25000
1  2  15  4  25000
0  1  2  5  25500
0  1  2  8  25500
0  1  3  9  25500
0  1  3  10  25500
0  1  3  15  25500
0  1  3  14  25500
0  1  3  4  25500
0  1  3  8  25500
0  1  3  2  25500
0  1  3  1  25500
0  1  4  5  25500
0  1  4  4  25500
0  1  4  9  25500
0  1  4  9  25500
0  1  4  5  25500
0  1  4  13  25500
0  1  4  13  25500
0  1  4  11  25500
0  1  4  4  25500
0  1  4  3  25500
0  1  4  1  25500
0  1  4  3  25500
0  1  4  15  25500
0  1  4  5  25500
0  1  4  5  25500
0  1  4  7  25500
0  1  5  9  25500
0  1  5  14  25500
0  1  5  1  25500
0  1  5  13  25500
0  1  5  6  25500
0  1  5  5  25500
0  1  5  9  25500
0  1  5  7  25500
0  1  5  2  25500
0  1  5  1  25500
0  1  5  9  25500
0  1  5  11  25500
0  1  5  9  25500
0  1  5  4  25500
0  1  5  9  25500
0  1  5  14  25500
0  1  6  14  25500
0  1  6  4  25500
0  1  6  1  25500
0  1  6  10  25500
0  1  6  3  25500
0  1  6  12  25500
0  1  6  5  25500
0  1  6  3  25500
0  1  6  13  25500
0  1  6  3  25500
0  1  6  0  25500
0  1  6  12  25500
0  1  6  1  25500
0  1  6  7  25500
0  1  7  6  25500
0  1  7  2  25500
0  1  7  0  25500
0  1  7  1  25500
0  1  7  6  25500
0  1  7  15  25500
0  1  7  12  25500
0  1  7  11  25500
0  1  7  10  25500
0  1  7  12  25500
0  1  7  8  25500
0  1  7  15  25500
0  1  7  9  25500
0  1  8  9  25500
0  1  8  0  25500
0  1  8  11  25500
0  1  8  5  25500
0  1  8  11  25500
0  1  8  12  25500
0  1  8  0  25500
0  1  8  5  25500
0  1  8  14  25500
0  1  9  3  25500
0  1  9  11  25500
0  1  9  5  25500
0  1  9  7  25500
0  1  9  14  25500
0  1  9  9  25500
0  1  9  7  25500
0  1  9  12  25500
0  1  9  3  25500
0  1  9  0  25500
0  1  10  11  25500
0  1  10  14  25500
0  1  10  11  25500
0  1  10  9  25500
0  1  10  2  25500
0  1  10  1  25500
0  1  10  4  25500
0  1  10  15  25500
0  1  10  5  25500
0  1  10  13  25500
0  1  10  0  25500
0  1  10  7  25500
0  1  10  4  25500
0  1  11  15  25500
0  1  11  3  25500
0  1  11  1  25500
0  1  11  3  25500
0  1  11  0  25500
0  1  11  4  25500
0  1  11  15  25500
0  1  11  15  25500
0  1  11  8  25500
0  1  11  14  25500
0  1  11  6  25500
0  1  11  14  25500
0  1  11  3  25500
0  1  11  6  25500
0  1  11  2  25500
0  1  11  15  25500
0  1  11  6  25500
0  1  11  3  25500
0  1  11  3  25500
0  1  11  7  25500
0  1  11  8  25500
0  1  11  10  25500
0  1  11  13  25500
0  1  11  11  25500
0  1  12  7  25500
0  1  12  8  25500
0  1  12  15  25500
0  1  12  8  25500
0  1  12  4  25500
0  1  12  10  25500
0  1  12  10  25500
0  1  12  15  25500
0  1  12  6  25500
0  1  12  9  25500
0  1  12  9  25500
0  1  12  11  25500
0  1  12  0  25500
0  1  12  14  25500
0  1  12  3  25500
0  1  12  3  25500
0  1  12  10  25500
0  1  13  4  25500
0  1  13  2  25500
0  1  13  15  25500
1  2  0  1  25500
1  2  0  4  25500
1  2  0  1  25500
1  2  2  7  25500
1  2  3  7  25500
1  2  3  7  25500
1  2  4  3  25500
1  2  4  6  25500
1  2  4  1  25500
1  2  4  0  25500
1  2  5  4  25500
1  2  5  2  25500
1  2  6  3  25500
1  2  6  8  25500
1  2  6  7  25500
1  2  8  7  25500
1  2  8  5  25500
1  2  8  3  25500
1  2  9  6  25500
1  2  11  0  25500
1  2  11  4  25500
1  2  11  7  25500
1  2  12  5  25500
1  2  13  3  25500
1  2  14  0  25500
1  2  14  2  25500
1  2  14  9  25500
1  2  14  8  25500
1  2  15  0  25500
1  2  15  6  25500
1  2  15  5  25500
1  2  15  9  25500
1  2  15  9  25500
0  1  2  1  26000
0  1  2  11  26000
0  1  3  6  26000
0  1  3  2  26000
0  1  3  5  26000
0  1  3  2  26000
0  1  3  9  26000
0  1  3  4  26000
0  1  3  0  26000
0  1  3  11  26000
0  1  4  4  26000
0  1  4  4  26000
0  1  4  6  26000
0  1  4  12  26000
0  1  4  9  26000
0  1  4  1  26000
0  1  4  7  26000
0  1  4  11  26000
0  1  4  0  26000
0  1  4  0  26000
0  1  4  11  26000
0  1  4  6  26000
0  1  4  2  26000
0  1  4  11  26000
0  1  4  1  26000
0  1  4  6  26000
0  1  4  11  26000
0  1  4  2  26000
0  1  5  9  26000
0  1  5  5  26000
0  1  5  14  26000
0  1  5  10  26000
0  1  5  6  26000
0  1  5  9  26000
0  1  5  7  26000
0  1  5  15  26000
0  1  5  11  26000
0  1  5  10  26000
0  1  5  15  26000
0  1  5  2  26000
0  1  5  7  26000
0  1  5  14  26000
0  1  5  13  26000
0  1  6  3  26000
0  1  6  6  26000
0  1  6  3  26000
0  1  6  11  26000
0  1  6  10  26000
0  1  6  8  26000
0  1  6  14  26000
0  1  6  2  26000
0  1  6  14  26000
0  1  6  7  26000
0  1  6  0  26000
0  1  6  14  26000
0  1  6  15  26000
0  1  6  15  26000
0  1  7  13  26000
0  1  7  4  26000
0  1  7  4  26000
0  1  7  4  26000
0  1  7  3  26000
0  1  7  14  26000
0  1  7  9  26000
0  1  7  4  26000
0  1  7  12  26000
0  1  7  10  26000
0  1  7  6  26000
0  1  7  13  26000
0  1  7  8  26000
0  1  8  9  26000
0  1  8  1  26000
0  1  8  11  26000
0  1  8  6  26000
0  1  8  11  26000
0  1  8  0  26000
0  1  8  5  26000
0  1  8  1  26000
0  1  8  14  26000
0  1  8  6  26000
0  1  8  2  26000
0  1  9  11  26000
0  1  9  14  26000
0  1  9  12  26000
0  1  9  14  26000
0  1  9  13  26000
0  1  9  15  26000
0  1  9  5  26000
0  1  9  5  26000
0  1  9  1  26000
0  1  9  13  26000
0  1  9  15  26000
0  1  10  4  26000
0  1  10  9  26000
0  1  10  4  26000
0  1  10  14  26000
0  1  10  0  26000
0  1  10  11  26000
0  1  10  9  26000
0  1  10  4  26000
0  1  10  14  26000
0  1  10  7  26000
0  1  10  8  26000
0  1  11  1  26000
0  1  11  6  26000
0  1  11  3  26000
0  1  11  8  26000
0  1  11  8  26000
0  1  11  4  26000
0  1  11  15  26000
0  1  11  4  26000
0  1  11  11  26000
0  1  11  15  26000
0  1  11  13  26000
0  1  11  11  26000
0  1  11  0  26000
0  1  11  9  26000
0  1  11  12  26000
0  1  11  11  26000
0  1  11  9  26000
0  1  11  14  26000
0  1  11  8  26000
0  1  11  14  26000
0  1  11  13  26000
0  1  11  13  26000
0  1  12  1  26000
0  1  12  12  26000
0  1  12  12  26000
0  1  12  11  26000
0  1  12  5  26000
0  1  12  5  26000
0  1  12  10  26000
0  1  12  11  26000
0  1  12  15  26000
0  1  12  5  26000
0  1  12  3  26000
0  1  12  11  26000
0  1  12  15  26000
0  1  12  5  26000
0  1  12  4  26000
0  1  13  14  26000
1  2  2  2  26000
1  2  3  6  26000
1  2  4  1  26000
1  2  4  0  26000
1  2  5  9  26000
1  2  5  0  26000
1  2  5  9  26000
1  2  6  3  26000
1  2  6  0  26000
1  2  7  6  26000
1  2  8  1  26000
1  2  8  7  26000
1  2  8  5  26000
1  2  8  7  26000
1  2  8  3  26000
1  2  9  4  26000
1  2  9  5  26000
1  2  9  0  26000
1  2  11  3  26000
1  2  11  4  26000
1  2  12  4  26000
1  2  12  6  26000
1  2  13  7  26000
1  2  14  0  26000
1  2  14  5  26000
1  2  15  2  26000
1  2  15  4  26000
0  1  2  14  26500
0  1  2  8  26500
0  1  2  0  26500
0  1  3  11  26500
0  1  3  11  26500
0  1  3  6  26500
0  1  3  5  26500
0  1  3  8  26500
0  1  3  11  26500
0  1  3  11  26500
0  1  3  7  26500
0  1  4  12  26500
0  1  4  14  26500
0  1  4  0  26500
0  1  4  1  26500
0  1  4  7  26500
0  1  4  11  26500
0  1  4  1  26500
0  1  4  13  26500
0  1  4  2  26500
0  1  4  11  26500
0  1  4  12  26500
0  1  4  0  26500
0  1  4  14  26500
0  1  4  13  26500
0  1  4  2  26500
0  1  4  2  26500
0  1  4  12  26500
0  1  5  15  26500
0  1  5  8  26500
0  1  5  1  26500
0  1  5  5  26500
0  1  5  6  26500
0  1  5  9  26500
0  1  5  10  26500
0  1  5  10  26500
0  1  5  14  26500
0  1  5  0  26500
0  1  5  5  26500
0  1  5  4  26500
0  1  5  12  26500
0  1  5  11  26500
0  1  6  14  26500
0  1  6  5  26500
0  1  6  13  26500
0  1  6  8  26500
0  1  6  2  26500
0  1  6  13  26500
0  1  6  3  26500
0  1  6  11  26500
0  1  6  8  26500
0  1  6  8  26500
0  1  6  8  26500
0  1  7  15  26500
0  1  7  9  26500
0  1  7  0  26500
0  1  7  14  26500
0  1  7  4  26500
0  1  7  8  26500
0  1  7  13  26500
0  1  7  1  26500
0  1  7  4  26500
0  1  7  13  26500
0  1  7  2  26500
0  1  7  8  26500
0  1  7  3  26500
0  1  8  6  26500
0  1  8  11  26500
0  1  8  15  26500
0  1  8  10  26500
0  1  8  6  26500
0  1  8  1  26500
0  1  8  6  26500
0  1  8  13  26500
0  1  8  11  26500
0  1  8  6  26500
0  1  8  2  26500
0  1  8  9  26500
0  1  9  13  26500
0  1  9  9  26500
0  1  9  9  26500
0  1  9  11  26500
0  1  9  2  26500
0  1  9  9  26500
0  1  9  1  26500
0  1  9  2  26500
0  1  9  1  26500
0  1  9  10  26500
0  1  9  15  26500
0  1  9  2  26500
0  1  10  7  26500
0  1  10  14  26500
0  1  10  13  26500
0  1  10  7  26500
0  1  10  12  26500
0  1  10  0  26500
0  1  10  12  26500
0  1  10  12  26500
0  1  10  7  26500
0  1  10  1  26500
0  1  10  4  26500
0  1  10  2  26500
0  1  10  0  26500
0  1  11  13  26500
0  1  11  2  26500
0  1  11  3  26500
0  1  11  10  26500
0  1  11  4  26500
0  1  11  6  26500
0  1  11  0  26500
0  1  11  15  26500
0  1  11  15  26500
0  1  11  5  26500
0  1  11  3  26500
0  1  11  11  26500
0  1  11  12  26500
0  1  11  2  26500
0  1  11  8  26500
0  1  11  3  26500
0  1  11  3  26500
0  1  11  7  26500
0  1  11  5  26500
0  1  11  8  26500
0  1  11  6  26500
0  1  11  0  26500
0  1  11  1  26500
0  1  12  3  26500
0  1  12  8  26500
0  1  12  3  26500
0  1  12  11  26500
0  1  12  12  26500
0  1  12  13  26500
0  1  12  15  26500
0  1  12  6  26500
0  1  12  15  26500
0  1  12  14  26500
0  1  12  5  26500
0  1  12  5  26500
0  1  12  2  26500
0  1  12  14  26500
0  1  12  8  26500
0  1  12  4  26500
0  1  12  13  26500
0  1  13  14  26500
0  1  13  10  26500
0  1  13  6  26500
1  2  0  1  26500
1  2  1  0  26500
1  2  2  4  26500
1  2  3  1  26500
1  2  4  7  26500
1  2  4  6  26500
1  2  6  5  26500
1  2  8  7  26500
1  2  8  9  26500
1  2  8  7  26500
1  2  9  4  26500
1  2  9  4  26500
1  2  11  8  26500
1  2  11  9  26500
1  2  11  4  26500
1  2  11  2  26500
1  2  11  0  26500
1  2  11  6  26500
1  2  13  2  26500
1  2  14  3  26500
1  2  15  6  26500
1  2  15  9  26500
0  1  2  1  27000
0  1  2  11  27000
0  1  3  0  27000
0  1  3  7  27000
0  1  3  0  27000
0  1  3  13  27000
0  1  3  8  27000
0  1  3  4  27000
0  1  3  13  27000
0  1  3  1  27000
0  1  3  13  27000
0  1  4  15  27000
0  1  4  11  27000
0  1  4  13  27000
0  1  4  13  27000
0  1  4  6  27000
0  1  4  2  27000
0  1  4  1  27000
0  1  4  1  27000
0  1  4  8  27000
0  1  4  0  27000
0  1  4  7  27000
0  1  4  4  27000
0  1  4  14  27000
0  1  4  1  27000
0  1  4  11  27000
0  1  4  1  27000
0  1  4  8  27000
0  1  5  4  27000
0  1  5  8  27000
0  1  5  0  27000
0  1  5  8  27000
0  1  5  8  27000
0  1  5  14  27000
0  1  5  0  27000
0  1  5  1  27000
0  1  5  15  27000
0  1  5  8  27000
0  1  5  10  27000
0  1  5  4  27000
0  1  5  9  27000
0  1  5  7  27000
0  1  5  13  27000
0  1  6  7  27000
0  1  6  10  27000
0  1  6  5  27000
0  1  6  3  27000
0  1  6  4  27000
0  1  6  9  27000
0  1  6  7  27000
0  1  6  11  27000
0  1  6  13  27000
0  1  6  0  27000
0  1  6  12  27000
0  1  6  13  27000
0  1  6  11  27000
0  1  7  10  27000
0  1  7  14  27000
0  1  7  14  27000
0  1  7  5  27000
0  1  7  9  27000
0  1  7  9  27000
0  1  7  1  27000
0  1  7  3  27000
0  1  7  8  27000
0  1  7  7  27000
0  1  7  8  27000
0  1  7  11  27000
0  1  7  12  27000
0  1  7  5  27000
0  1  8  4  27000
0  1  8  9  27000
0  1  8  6  27000
0  1  8  14  27000
0  1  8  10  27000
0  1  8  3  27000
0  1  8  1  27000
0  1  9  11  27000
0  1  9  6  27000
0  1  9  3  27000
0  1  9  3  27000
0  1  9  11  27000
0  1  9  10  27000
0  1  9  2  27000
0  1  9  11  27000
0  1  9  10  27000
0  1  10  12  27000
0  1  10  1  27000
0  1  10  4  27000
0  1  10  13  27000
0  1  10  7  27000
0  1  10  15  27000
0  1  10  11  27000
0  1  10  0  27000
0  1  10  7  27000
0  1  10  4  27000
0  1  10  11  27000
0  1  10  2  27000
0  1  10  14  27000
0  1  11  10  27000
0  1  11  9  27000
0  1  11  9  27000
0  1  11  15  27000
0  1  11  13  27000
0  1  11  14  27000
0  1  11  12  27000
0  1  11  6  27000
0  1  11  3  27000
0  1  11  4  27000
0  1  11  15  27000
0  1  11  15  27000
0  1  11  3  27000
0  1  11  3  27000
0  1  11  11  27000
0  1  11  8  27000
0  1  11  9  27000
0  1  11  13  27000
0  1  11  9  27000
0  1  11  9  27000
0  1  11  10  27000
0  1  11  8  27000
0  1  12  9  27000
0  1  12  11  27000
0  1  12  14  27000
0  1  12  15  27000
0  1  12  10  27000
0  1  12  5  27000
0  1  12  14  27000
0  1  12  11  27000
0  1  12  6  27000
0  1  12  11  27000
0  1  12  6  27000
0  1  12  13  27000
0  1  12  5  27000
0  1  12  6  27000
0  1  12  12  27000
0  1  12  3  27000
0  1  13  9  27000
0  1  13  7  27000
1  2  0  7  27000
1  2  0  3  27000
1  2  2  8  27000
1  2  3  6  27000
1  2  4  0  27000
1  2  4  1  27000
1  2  5  7  27000
1  2  6  7  27000
1  2  7  2  27000
1  2  8  5  27000
1  2  8  0  27000
1  2  9  2  27000
1  2  9  5  27000
1  2  10  0  27000
1  2  10  3  27000
1  2  10  4  27000
1  2  11  4  27000
1  2  11  3  27000
1  2  11  0  27000
1  2  11  6  27000
1  2  11  7  27000
1  2  11  0  27000
1  2  11  4  27000
1  2  13  6  27000
1  2  14  0  27000
1  2  15  8  27000
1  2  15  5  27000
1  2  15  3  27000
1  2  15  4  27000
0  1  2  11  27500
0  1  2  14  27500
0  1  2  3  27500
0  1  3  7  27500
0  1  3  10  27500
0  1  3  3  27500
0  1  3  5  27500
0  1  3  8  27500
0  1  3  9  27500
0  1  3  15  27500
0  1  4  7  27500
0  1  4  4  27500
0  1  4  9  27500
0  1  4  2  27500
0  1  4  0  27500
0  1  4  5  27500
0  1  4  1  27500
0  1  4  8  27500
0  1  4  4  27500
0  1  4  14  27500
0  1  4  2  27500
0  1  4  11  27500
0  1  4  10  27500
0  1  4  15  27500
0  1  4  7  27500
0  1  4  11  27500
0  1  4  5  27500
0  1  5  1  27500
0  1  5  6  27500
0  1  5  11  27500
0  1  5  3  27500
0  1  5  2  27500
0  1  5  1  27500
0  1  5  7  27500
0  1  5  5  27500
0  1  5  12  27500
0  1  5  9  27500
0  1  5  14  27500
0  1  5  15  27500
0  1  5  0  27500
0  1  5  3  27500
0  1  5  3  27500
0  1  6  14  27500
0  1  6  2  27500
0  1  6  6  27500
0  1  6  1  27500
0  1  6  8  27500
0  1  6  0  27500
0  1  6  11  27500
0  1  6  8  27500
0  1  6  15  27500
0  1  6  15  27500
0  1  6  11  27500
0  1  6  5  27500
0  1  6  1  27500
0  1  6  2  27500
0  1  7  10  27500
0  1  7  2  27500
0  1  7  4  27500
0  1  7  1  27500
0  1  7  1  27500
0  1  7  6  27500
0  1  7  7  27500
0  1  7  3  27500
0  1  7  14  27500
0  1  7  10  27500
0  1  7  5  27500
0  1  7  12  27500
0  1  7  8  27500
0  1  8  7  27500
0  1  8  10  27500
0  1  8  6  27500
0  1  8  12  27500
0  1  8  0  27500
0  1  8  3  27500
0  1  8  9  27500
0  1  8  12  27500
0  1  8  12  27500
0  1  8  14  27500
0  1  8  4  27500
0  1  9  15  27500
0  1  9  2  27500
0  1  9  3  27500
0  1  9  8  27500
0  1  9  3  27500
0  1  9  0  27500
0  1  9  9  27500
0  1  9  7  27500
0  1  9  14  27500
0  1  9  15  27500
0  1  10  15  27500
0  1  10  8  27500
0  1  10  5  27500
0  1  10  15  27500
0  1  10  7  27500
0  1  10  4  27500
0  1  10  10  27500
0  1  10  11  27500
0  1  10  1  27500
0  1  10  3  27500
0  1  10  0  27500
0  1  10  1  27500
0  1  10  4  27500
0  1  10  14  27500
0  1  11  12  27500
0  1  11  3  27500
0  1  11  3  27500
0  1  11  15  27500
0  1  11  10  27500
0  1  11  7  27500
0  1  11  15  27500
0  1  11  15  27500
0  1  11  1  27500
0  1  11  10  27500
0  1  11  10  27500
0  1  11  14  27500
0  1  11  8  27500
0  1  11  11  27500
0  1  11  6  27500
0  1  11  6  27500
0  1  11  10  27500
0  1  11  3  27500
0  1  11  12  27500
0  1  11  7  27500
0  1  11  14  27500
0  1  11  11  27500
0  1  11  8  27500
0  1  12  11  27500
0  1  12  13  27500
0  1  12  5  27500
0  1  12  12  27500
0  1  12  14  27500
0  1  12  0  27500
0  1  12  7  27500
0  1  12  3  27500
0  1  12  7  27500
0  1  12  13  27500
0  1  12  2  27500
0  1  12  0  27500
0  1  12  5  27500
0  1  12  12  27500
0  1  12  2  27500
0  1  12  9  27500
0  1  12  11  27500
0  1  13  9  27500
0  1  13  15  27500
1  2  0  9  27500
1  2  0  1  27500
1  2  1  0  27500
1  2  1  7  27500
1  2  2  0  27500
1  2  2  2  27500
1  2  2  9  27500
1  2  3  6  27500
1  2  3  3  27500
1  2  4  5  27500
1  2  4  7  27500
1  2  4  0  27500
1  2  5  3  27500
1  2  5  4  27500
1  2  6  3  27500
1  2  7  2  27500
1  2  8  4  27500
1  2  9  3  27500
1  2  9  2  27500
1  2  10  2  27500
1  2  10  0  27500
1  2  10  7  27500
1  2  11  2  27500
1  2  11  8  27500
1  2  11  0  27500
1  2  11  2  27500
1  2  12  6  27500
1  2  12  6  27500
1  2  13  6  27500
1  2  14  5  27500
1  2  14  0  27500
1  2  14  5  27500
1  2  14  9  27500
1  2  14  8  27500
1  2  14  2  27500
1  2  15  0  27500
1  2  15  4  27500
0  1  2  1  28000
0  1  2  6  28000
0  1  2  15  28000
0  1  3  15  28000
0  1  3  7  28000
0  1  3  12  28000
0  1  3  2  28000
0  1  3  11  28000
0  1  3  15  28000
0  1  3  5  28000
0  1  4  4  28000
0  1  4  1  28000
0  1  4  6  28000
0  1  4  5  28000
0  1  4  6  28000
0  1  4  8  28000
0  1  4  13  28000
0  1  4  14  28000
0  1  4  6  28000
0  1  4  12  28000
0  1  4  9  28000
0  1  4  10  28000
0  1  4  9  28000
0  1  5  13  28000
0  1  5  3  28000
0  1  5  13  28000
0  1  5  4  28000
0  1  5  11  28000
0  1  5  15  28000
0  1  5  7  28000
0  1  5  14  28000
0  1  5  12  28000
0  1  5  10  28000
0  1  5  1  28000
0  1  5  0  28000
0  1  5  14  28000
0  1  5  11  28000
0  1  5  9  28000
0  1  5  0  28000
0  1  6  1  28000
0  1  6  11  28000
0  1  6  4  28000
0  1  6  6  28000
0  1  6  12  28000
0  1  6  5  28000
0  1  6  8  28000
0  1  6  1  28000
0  1  6  7  28000
0  1  6  11  28000
0  1  6  3  28000
0  1  6  8  28000
0  1  6  8  28000
0  1  6  12  28000
0  1  7  7  28000
0  1  7  14  28000
0  1  7  8  28000
0  1  7  0  28000
0  1  7  1  28000
0  1  7  14  28000
0  1  7  1  28000
0  1  7  12  28000
0  1  7  15  28000
0  1  7  13  28000
0  1  7  7  28000
0  1  7  3  28000
0  1  7  3  28000
0  1  7  6  28000
0  1  8  8  28000
0  1  8  7  28000
0  1  8  9  28000
0  1  8  12  28000
0  1  8  2  28000
0  1  8  5  28000
0  1  8  10  28000
0  1  8  14  28000
0  1  9  13  28000
0  1  9  15  28000
0  1  9  12  28000
0  1  9  15  28000
0  1  9  15  28000
0  1  9  10  28000
0  1  9  10  28000
0  1  9  5  28000
0  1  9  14  28000
0  1  9  12  28000
0  1  9  14  28000
0  1  9  3  28000
0  1  9  5  28000
0  1  9  1  28000
0  1  10  15  28000
0  1  10  13  28000
0  1  10  13  28000
0  1  10  7  28000
0  1  10  0  28000
0  1  10  15  28000
0  1  10  4  28000
0  1  10  3  28000
0  1  10  13  28000
0  1  10  3  28000
0  1  10  2  28000
0  1  11  6  28000
0  1  11  7  28000
0  1  11  14  28000
0  1  11  15  28000
0  1  11  3  28000
0  1  11  3  28000
0  1  11  7  28000
0  1  11  6  28000
0  1  11  12  28000
0  1  11  1  28000
0  1  11  3  28000
0  1  11  3  28000
0  1  11  1  28000
0  1  11  0  28000
0  1  11  9  28000
0  1  11  14  28000
0  1  11  13  28000
0  1  11  3  28000
0  1  11  2  28000
0  1  11  9  28000
0  1  11  5  28000
0  1  11  8  28000
0  1  11  12  28000
0  1  12  14  28000
0  1  12  3  28000
0  1  12  1  28000
0  1  12  4  28000
0  1  12  8  28000
0  1  12  1  28000
0  1  12  5  28000
0  1  12  5  28000
0  1  12  2  28000
0  1  12  15  28000
0  1  12  13  28000
0  1  12  10  28000
0  1  12  14  28000
0  1  12  4  28000
0  1  12  13  28000
0  1  12  11  28000
0  1  13  5  28000
0  1  13  11  28000
0  1  13  8  28000
1  2  0  9  28000
1  2  0  8  28000
1  2  2  6  28000
1  2  2  7  28000
1  2  3  7  28000
1  2  3  1  28000
1  2  3  4  28000
1  2  4  4  28000
1  2  4  6  28000
1  2  5  7  28000
1  2  5  4  28000
1  2  6  2  28000
1  2  8  7  28000
1  2  9  4  28000
1  2  9  2  28000
1  2  10  0  28000
1  2  10  0  28000
1  2  10  6  28000
1  2  11  2  28000
1  2  11  5  28000
1  2  11  9  28000
1  2  11  2  28000
1  2  11  4  28000
1  2  11  2  28000
1  2  11  0  28000
1  2  12  2  28000
1  2  12  6  28000
1  2  14  2  28000
1  2  14  9  28000
1  2  14  8  28000
1  2  14  0  28000
1  2  15  8  28000
1  2  15  6  28000
1  2  15  2  28000
0  1  2  3  28500
0  1  2  1  28500
0  1  2  0  28500
0  1  3  14  28500
0  1  3  14  28500
0  1  3  8  28500
0  1  3  8  28500
0  1  3  7  28500
0  1  3  12  28500
0  1  3  13  28500
0  1  3  4  28500
0  1  4  14  28500
0  1  4  4  28500
0  1  4  2  28500
0  1  4  13  28500
0  1  4  7  28500
0  1  4  0  28500
0  1  4  1  28500
0  1  4  3  28500
0  1  4  3  28500
0  1  4  15  28500
0  1  4  11  28500
0  1  4  6  28500
0  1  4  14  28500
0  1  4  4  28500
0  1  4  0  28500
0  1  4  5  28500
0  1  4  4  28500
0  1  5  2  28500
0  1  5  9  28500
0  1  5  7  28500
0  1  5  4  28500
0  1  5  10  28500
0  1  5  12  28500
0  1  5  15  28500
0  1  5  14  28500
0  1  5  0  28500
0  1  5  2  28500
0  1  5  7  28500
0  1  5  6  28500
0  1  5  13  28500
0  1  5  13  28500
0  1  5  8  28500
0  1  6  15  28500
0  1  6  5  28500
0  1  6  9  28500
0  1  6  10  28500
0  1  6  8  28500
0  1  6  3  28500
0  1  6  3  28500
0  1  6  2  28500
0  1  6  6  28500
0  1  7  10  28500
0  1  7  5  28500
0  1  7  13  28500
0  1  7  9  28500
0  1  7  6  28500
0  1  7  6  28500
0  1  7  2  28500
0  1  7  9  28500
0  1  7  6  28500
0  1  7  15  28500
0  1  7  11  28500
0  1  7  2  28500
0  1  7  8  28500
0  1  7  15  28500
0  1  8  14  28500
0  1  8  14  28500
0  1  8  12  28500
0  1  8  5  28500
0  1  8  9  28500
0  1  8  11  28500
0  1  8  13  28500
0  1  8  13  28500
0  1  8  9  28500
0  1  9  6  28500
0  1  9  9  28500
0  1  9  14  28500
0  1  9  9  28500
0  1  9  2  28500
0  1  9  8  28500
0  1  9  11  28500
0  1  9  15  28500
0  1  9  7  28500
0  1  9  12  28500
0  1  9  4  28500
0  1  10  6  28500
0  1  10  4  28500
0  1  10  11  28500
0  1  10  15  28500
0  1  10  13  28500
0  1  10  8  28500
0  1  10  9  28500
0  1  10  14  28500
0  1  10  15  28500
0  1  10  12  28500
0  1  10  9  28500
0  1  10  13  28500
0  1  10  8  28500
0  1  11  5  28500
0  1  11  15  28500
0  1  11  9  28500
0  1  11  8  28500
0  1  11  1  28500
0  1  11  8  28500
0  1  11  5  28500
0  1  11  4  28500
0  1  11  15  28500
0  1  11  15  28500
0  1  11  15  28500
0  1  11  6  28500
0  1  11  10  28500
0  1  11  5  28500
0  1  11  7  28500
0  1  11  4  28500
0  1  11  9  28500
0  1  11  4  28500
0  1  11  4  28500
0  1  11  7  28500
0  1  11  0  28500
0  1  11  14  28500
0  1  11  4  28500
0  1  12  10  28500
0  1  12  0  28500
0  1  12  6  28500
0  1  12  0  28500
0  1  12  15  28500
0  1  12  13  28500
0  1  12  13  28500
0  1  12  4  28500
0  1  12  9  28500
0  1  12  14  28500
0  1  12  7  28500
0  1  12  0  28500
0  1  12  7  28500
0  1  12  14  28500
0  1  12  1  28500
0  1  12  2  28500
0  1  12  9  28500
0  1  12  3  28500
0  1  13  5  28500
0  1  13  6  28500
1  2  0  5  28500
1  2  1  0  28500
1  2  2  0  28500
1  2  2  5  28500
1  2  3  6  28500
1  2  4  6  28500
1  2  4  2  28500
1  2  4  1  28500
1  2  5  5  28500
1  2  6  8  28500
1  2  8  4  28500
1  2  9  3  28500
1  2  10  9  28500
1  2  10  7  28500
1  2  10  5  28500
1  2  10  9  28500
1  2  11  4  28500
1  2  11  7  28500
1  2  12  6  28500
1  2  13  3  28500
1  2  14  9  28500
1  2  14  6  28500
1  2  14  8  28500
1  2  15  0  28500
1  2  15  2  28500
0  1  2  3  29000
0  1  2  4  29000
0  1  3  2  29000
0  1  3  10  29000
0  1  3  14  29000
0  1  3  3  29000
0  1  3  6  29000
0  1  3  4  29000
0  1  3  1  29000
0  1  4  5  29000
0  1  4  13  29000
0  1  4  3  29000
0  1  4  4  29000
0  1  4  14  29000
0  1  4  9  29000
0  1  4  4  29000
0  1  4  0  29000
0  1  4  15  29000
0  1  4  15  29000
0  1  4  10  29000
0  1  4  1  29000
0  1  4  11  29000
0  1  4  6  29000
0  1  4  0  29000
0  1  4  1  29000
0  1  4  0  29000
0  1  5  2  29000
0  1  5  8  29000
0  1  5  11  29000
0  1  5  14  29000
0  1  5  15  29000
0  1  5  13  29000
0  1  5  0  29000
0  1  5  7  29000
0  1  5  0  29000
0  1  5  9  29000
0  1  5  2  29000
0  1  5  10  29000
0  1  5  4  29000
0  1  5  10  29000
0  1  5  11  29000
0  1  6  4  29000
0  1  6  15  29000
0  1  6  3  29000
0  1  6  1  29000
0  1  6  9  29000
0  1  6  6  29000
0  1  6  13  29000
0  1  6  7  29000
0  1  6  4  29000
0  1  6  7  29000
0  1  6  13  29000
0  1  6  4  29000
0  1  6  1  29000
0  1  7  13  29000
0  1  7  13  29000
0  1  7  13  29000
0  1  7  4  29000
0  1  7  11  29000
0  1  7  5  29000
0  1  7  10  29000
0  1  7  1  29000
0  1  7  6  29000
0  1  7  14  29000
0  1  7  0  29000
0  1  7  3  29000
0  1  7  9  29000
0  1  7  12  29000
0  1  8  7  29000
0  1  8  11  29000
0  1  8  15  29000
0  1  8  11  29000
0  1  8  6  29000
0  1  8  9  29000
0  1  8  5  29000
0  1  8  2  29000
0  1  8  2  29000
0  1  8  7  29000
0  1  8  4  29000
0  1  8  1  29000
0  1  9  7  29000
0  1  9  13  29000
0  1  9  1  29000
0  1  9  14  29000
0  1  9  2  29000
0  1  9  8  29000
0  1  9  14  29000
0  1  9  1  29000
0  1  9  9  29000
0  1  9  11  29000
0  1  9  9  29000
0  1  10  1  29000
0  1  10  8  29000
0  1  10  2  29000
0  1  10  6  29000
0  1  10  4  29000
0  1  10  12  29000
0  1  10  13  29000
0  1  10  3  29000
0  1  10  9  29000
0  1  10  13  29000
0  1  10  6  29000
0  1  10  14  29000
0  1  10  3  29000
0  1  10  2  29000
0  1  11  2  29000
0  1  11  14  29000
0  1  11  9  29000
0  1  11  1  29000
0  1  11  6  29000
0  1  11  4  29000
0  1  11  14  29000
0  1  11  6  29000
0  1  11  1  29000
0  1  11  0  29000
0  1  11  9  29000
0  1  11  2  29000
0  1  11  15  29000
0  1  11  14  29000
0  1  11  9  29000
0  1  11  10  29000
0  1  11  3  29000
0  1  11  0  29000
0  1  11  0  29000
0  1  11  9  29000
0  1  11  3  29000
0  1  12  11  29000
0  1  12  11  29000
0  1  12  15  29000
0  1  12  12  29000
0  1  12  9  29000
0  1  12  5  29000
0  1  12  15  29000
0  1  12  3  29000
0  1  12  3  29000
0  1  12  10  29000
0  1  12  15  29000
0  1  12  2  29000
0  1  12  15  29000
0  1  12  6  29000
0  1  12  10  29000
0  1  12  11  29000
0  1  12  9  29000
0  1  12  14  29000
0  1  12  4  29000
0  1  13  12  29000
0  1  13  8  29000
0  1  13  12  29000
1  2  0  1  29000
1  2  0  3  29000
1  2  1  9  29000
1  2  1  6  29000
1  2  2  5  29000
1  2  2  2  29000
1  2  3  4  29000
1  2  3  7  29000
1  2  4  1  29000
1  2  4  0  29000
1  2  5  8  29000
1  2  6  5  29000
1  2  7  2  29000
1  2  8  9  29000
1  2  8  3  29000
1  2  9  6  29000
1  2  10  0  29000
1  2  10  0  29000
1  2  10  3  29000
1  2  10  7  29000
1  2  11  9  29000
1  2  11  9  29000
1  2  11  7  29000
1  2  12  8  29000
1  2  13  6  29000
1  2  13  5  29000
1  2  13  0  29000
1  2  14  8  29000
1  2  15  8  29000
1  2  15  6  29000
1  2  15  5  29000
1  2  15  2  29000
1  2  15  9  29000
0  1  2  13  29500
0  1  2  0  29500
0  1  2  3  29500
0  1  3  11  29500
0  1  3  11  29500
0  1  3  1  29500
0  1  3  5  29500
0  1  3  2  29500
0  1  3  15  29500
0  1  3  14  29500
0  1  3  15  29500
0  1  4  2  29500
0  1  4  10  29500
0  1  4  7  29500
0  1  4  11  29500
0  1  4  2  29500
0  1  4  0  29500
0  1  4  1  29500
0  1  4  7  29500
0  1  4  15  29500
0  1  4  0  29500
0  1  4  10  29500
0  1  4  3  29500
0  1  4  1  29500
0  1  4  8  29500
0  1  5  7  29500
0  1  5  11  29500
0  1  5  7  29500
0  1  5  1  29500
0  1  5  12  29500
0  1  5  11  29500
0  1  5  14  29500
0  1  5  10  29500
0  1  5  0  29500
0  1  5  13  29500
0  1  5  8  29500
0  1  5  0  29500
0  1  5  12  29500
0  1  5  12  29500
0  1  5  15  29500
0  1  6  6  29500
0  1  6  11  29500
0  1  6  11  29500
0  1  6  8  29500
0  1  6  3  29500
0  1  6  6  29500
0  1  6  2  29500
0  1  6  5  29500
0  1  6  13  29500
0  1  6  3  29500
0  1  6  12  29500
0  1  6  0  29500
0  1  6  6  29500
0  1  6  11  29500
0  1  6  14  29500
0  1  7  0  29500
0  1  7  12  29500
0  1  7  14  29500
0  1  7  3  29500
0  1  7  1  29500
0  1  7  3  29500
0  1  7  4  29500
0  1  7  3  29500
0  1  7  9  29500
0  1  7  5  29500
0  1  7  11  29500
0  1  7  8  29500
0  1  7  7  29500
0  1  7  13  29500
0  1  8  9  29500
0  1  8  3  29500
0  1  8  1  29500
0  1  8  8  29500
0  1  8  11  29500
0  1  8  10  29500
0  1  8  12  29500
0  1  8  11  29500
0  1  8  8  29500
0  1  8  3  29500
0  1  8  13  29500
0  1  9  8  29500
0  1  9  2  29500
0  1  9  14  29500
0  1  9  3  29500
0  1  9  3  29500
0  1  9  3  29500
0  1  9  4  29500
0  1  9  4  29500
0  1  9  9  29500
0  1  9  2  29500
0  1  9  14  29500
0  1  10  8  29500
0  1  10  7  29500
0  1  10  11  29500
0  1  10  1  29500
0  1  10  4  29500
0  1  10  11  29500
0  1  10  6  29500
0  1  10  0  29500
0  1  10  7  29500
0  1  10  3  29500
0  1  10  14  29500
0  1  10  1  29500
0  1  11  0  29500
0  1  11  8  29500
0  1  11  3  29500
0  1  11  14  29500
0  1  11  2  29500
0  1  11  6  29500
0  1  11  12  29500
0  1  11  0  29500
0  1  11  15  29500
0  1  11  12  29500
0  1  11  5  29500
0  1  11  7  29500
0  1  11  2  29500
0  1  11  6  29500
0  1  11  5  29500
0  1  11  4  29500
0  1  11  13  29500
0  1  11  12  29500
0  1  11  5  29500
0  1  11  2  29500
0  1  11  0  29500
0  1  11  15  29500
0  1  11  1  29500
0  1  12  10  29500
0  1  12  2  29500
0  1  12  12  29500
0  1  12  6  29500
0  1  12  5  29500
0  1  12  0  29500
0  1  12  15  29500
0  1  12  7  29500
0  1  12  3  29500
0  1  12  2  29500
0  1  12  10  29500
0  1  12  3  29500
0  1  12  7  29500
0  1  12  3  29500
0  1  12  6  29500
0  1  12  12  29500
0  1  12  0  29500
0  1  12  3  29500
0  1  13  15  29500
0  1  13  11  29500
0  1  13  14  29500
0  1  13  0  29500
0  1  13  14  29500
1  2  1  0  29500
1  2  2  8  29500
1  2  2  6  29500
1  2  2  8  29500
1  2  3  6  29500
1  2  3  1  29500
1  2  3  7  29500
1  2  3  5  29500
1  2  4  1  29500
1  2  4  2  29500
1  2  4  1  29500
1  2  4  6  29500
1  2  4  1  29500
1  2  5  5  29500
1  2  5  0  29500
1  2  6  1  29500
1  2  6  1  29500
1  2  7  0  29500
1  2  8  1  29500
1  2  8  5  29500
1  2  8  9  29500
1  2  8  2  29500
1  2  9  3  29500
1  2  10  0  29500
1  2  10  0  29500
1  2  10  5  29500
1  2  10  1  29500
1  2  10  3  29500
1  2  11  9  29500
1  2  11  0  29500
1  2  11  3  29500
1  2  12  8  29500
1  2  12  1  29500
1  2  12  4  29500
1  2  13  5  29500
1  2  13  2  29500
1  2  13  6  29500
1  2  13  4  29500
1  2  13  9  29500
1  2  14  8  29500
1  2  15  0  29500
1  2  15  9  29500
0  1  2  7  30000
0  1  2  5  30000
0  1  2  12  30000
0  1  3  9  30000
0  1  3  8  30000
0  1  3  4  30000
0  1  3  2  30000
0  1  3  4  30000
0  1  3  9  30000
0  1  3  4  30000
0  1  3  1  30000
0  1  3  0  30000
0  1  4  14  30000
0  1  4  2  30000
0  1  4  14  30000
0  1  4  0  30000
0  1  4  6  30000
0  1  4  7  30000
0  1  4  7  30000
0  1  4  1  30000
0  1  4  13  30000
0  1  4  14  30000
0  1  4  12  30000
0  1  4  1  30000
0  1  4  4  30000
0  1  4  3  30000
0  1  4  14  30000
0  1  5  12  30000
0  1  5  7  30000
0  1  5  8  30000
0  1  5  13  30000
0  1  5  0  30000
0  1  5  7  30000
0  1  5  0  30000
0  1  5  14  30000
0  1  5  6  30000
0  1  5  3  30000
0  1  5  15  30000
0  1  5  14  30000
0  1  5  7  30000
0  1  5  14  30000
0  1  5  2  30000
0  1  5  12  30000
0  1  5  12  30000
0  1  6  10  30000
0  1  6  6  30000
0  1  6  4  30000
0  1  6  9  30000
0  1  6  5  30000
0  1  6  3  30000
0  1  6  13  30000
0  1  6  12  30000
0  1  6  4  30000
0  1  6  0  30000
0  1  6  3  30000
0  1  6  9  30000
0  1  7  10  30000
0  1  7  7  30000
0  1  7  13  30000
0  1  7  3  30000
0  1  7  15  30000
0  1  7  9  30000
0  1  7  12  30000
0  1  7  8  30000
0  1  7  15  30000
0  1  7  3  30000
0  1  7  7  30000
0  1  7  4  30000
0  1  7  5  30000
0  1  8  12  30000
0  1  8  8  30000
0  1  8  1  30000
0  1  8  14  30000
0  1  8  2  30000
0  1  8  11  30000
0  1  8  10  30000
0  1  8  13  30000
0  1  8  10  30000
0  1  8  5  30000
0  1  8  3  30000
0  1  9  9  30000
0  1  9  1  30000
0  1  9  9  30000
0  1  9  3  30000
0  1  9  11  30000
0  1  9  6  30000
0  1  9  13  30000
0  1  9  9  30000
0  1  9  8  30000
0  1  9  9  30000
0  1  9  3  30000
0  1  10  15  30000
0  1  10  1  30000
0  1  10  6  30000
0  1  10  0  30000
0  1  10  10  30000
0  1  10  4  30000
0  1  10  1  30000
0  1  10  11  30000
0  1  10  15  30000
0  1  10  1  30000
0  1  10  3  30000
0  1  10  4  30000
0  1  10  11  30000
0  1  10  6  30000
0  1  11  10  30000
0  1  11  7  30000
0  1  11  0  30000
0  1  11  2  30000
0  1  11  5  30000
0  1  11  9  30000
0  1  11  10  30000
0  1  11  10  30000
0  1  11  1  30000
0  1  11  5  30000
0  1  11  10  30000
0  1  11  10  30000
0  1  11  10  30000
0  1  11  6  30000
0  1  11  0  30000
0  1  11  8  30000
0  1  11  4  30000
0  1  11  5  30000
0  1  11  10  30000
0  1  11  8  30000
0  1  11  7  30000
0  1  11  7  30000
0  1  12  12  30000
0  1  12  8  30000
0  1  12  10  30000
0  1  12  0  30000
0  1  12  10  30000
0  1  12  0  30000
0  1  12  12  30000
0  1  12  0  30000
0  1  12  12  30000
0  1  12  9  30000
0  1  12  11  30000
0  1  12  4  30000
0  1  12  8  30000
0  1  12  13  30000
0  1  12  4  30000
0  1  12  0  30000
0  1  13  12  30000
0  1  13  11  30000
0  1  13  2  30000
1  2  0  7  30000
1  2  1  7  30000
1  2  1  7  30000
1  2  2  2  30000
1  2  3  4  30000
1  2  3  6  30000
1  2  3  4  30000
1  2  4  1  30000
1  2  4  0  30000
1  2  6  9  30000
1  2  6  2  30000
1  2  7  2  30000
1  2  8  7  30000
1  2  8  7  30000
1  2  9  6  30000
1  2  9  1  30000
1  2  10  9  30000
1  2  10  4  30000
1  2  11  2  30000
1  2  11  4  30000
1  2  11  1  30000
1  2  11  4  30000
1  2  11  0  30000
1  2  13  9  30000
1  2  14  4  30000
1  2  14  8  30000
1  2  14  2  30000
1  2  15  5  30000
1  2  15  9  30000
0  1  2  3  30500
0  1  2  8  30500
0  1  2  5  30500
0  1  3  1  30500
0  1  3  15  30500
0  1  3  0  30500
0  1  3  13  30500
0  1  3  12  30500
0  1  3  0  30500
0  1  3  5  30500
0  1  3  9  30500
0  1  3  2  30500
0  1  4  12  30500
0  1  4  4  30500
0  1  4  2  30500
0  1  4  10  30500
0  1  4  3  30500
0  1  4  6  30500
0  1  4  5  30500
0  1  4  6  30500
0  1  4  12  30500
0  1  4  10  30500
0  1  4  13  30500
0  1  4  13  30500
0  1  4  14  30500
0  1  5  5  30500
0  1  5  9  30500
0  1  5  13  30500
0  1  5  13  30500
0  1  5  11  30500
0  1  5  7  30500
0  1  5  6  30500
0  1  5  1  30500
0  1  5  2  30500
0  1  5  7  30500
0  1  5  4  30500
0  1  5  3  30500
0  1  5  2  30500
0  1  5  12  30500
0  1  5  13  30500
0  1  6  8  30500
0  1  6  12  30500
0  1  6  14  30500
0  1  6  2  30500
0  1  6  13  30500
0  1  6  0  30500
0  1  6  1  30500
0  1  6  6  30500
0  1  6  9  30500
0  1  6  8  30500
0  1  6  3  30500
0  1  7  10  30500
0  1  7  13  30500
0  1  7  12  30500
0  1  7  4  30500
0  1  7  14  30500
0  1  7  6  30500
0  1  7  14  30500
0  1  7  2  30500
0  1  7  15  30500
0  1  7  6  30500
0  1  7  7  30500
0  1  7  13  30500
0  1  7  10  30500
0  1  7  8  30500
0  1  7  10  30500
0  1  7  10  30500
0  1  8  1  30500
0  1  8  7  30500
0  1  8  9  30500
0  1  8  2  30500
0  1  8  3  30500
0  1  8  3  30500
0  1  8  9  30500
0  1  8  4  30500
0  1  8  3  30500
0  1  8  7  30500
0  1  9  12  30500
0  1  9  5  30500
0  1  9  4  30500
0  1  9  9  30500
0  1  9  5  30500
0  1  9  15  30500
0  1  9  13  30500
0  1  9  5  30500
0  1  9  2  30500
0  1  9  3  30500
0  1  9  11  30500
0  1  9  7  30500
0  1  10  3  30500
0  1  10  9  30500
0  1  10  10  30500
0  1  10  6  30500
0  1  10  2  30500
0  1  10  9  30500
0  1  10  9  30500
0  1  10  5  30500
0  1  10  15  30500
0  1  10  4  30500
0  1  10  7  30500
0  1  10  10  30500
0  1  11  9  30500
0  1  11  13  30500
0  1  11  4  30500
0  1  11  14  30500
0  1  11  1  30500
0  1  11  1  30500
0  1  11  13  30500
0  1  11  4  30500
0  1  11  13  30500
0  1  11  12  30500
0  1  11  11  30500
0  1  11  3  30500
0  1  11  7  30500
0  1  11  13  30500
0  1  11  1  30500
0  1  11  8  30500
0  1  11  2  30500
0  1  11  1  30500
0  1  11  6  30500
0  1  11  4  30500
0  1  11  13  30500
0  1  11  8  30500
0  1  11  12  30500
0  1  12  10  30500
0  1  12  15  30500
0  1  12  4  30500
0  1  12  12  30500
0  1  12  3  30500
0  1  12  14  30500
0  1  12  14  30500
0  1  12  13  30500
0  1  12  5  30500
0  1  12  3  30500
0  1  12  12  30500
0  1  12  9  30500
0  1  12  6  30500
0  1  12  6  30500
0  1  12  1  30500
0  1  12  10  30500
0  1  12  9  30500
0  1  12  15  30500
0  1  13  10  30500
0  1  13  15  30500
0  1  13  2  30500
0  1  13  11  30500
1  2  0  3  30500
1  2  1  0  30500
1  2  2  5  30500
1  2  3  3  30500
1  2  3  7  30500
1  2  3  2  30500
1  2  4  7  30500
1  2  4  0  30500
1  2  4  0  30500
1  2  5  3  30500
1  2  5  2  30500
1  2  6  6  30500
1  2  6  7  30500
1  2  7  5  30500
1  2  8  4  30500
1  2  8  1  30500
1  2  8  9  30500
1  2  9  1  30500
1  2  10  0  30500
1  2  11  5  30500
1  2  12  6  30500
1  2  13  4  30500
1  2  13  8  30500
1  2  14  5  30500
1  2  15  0  30500
1  2  15  8  30500
1  2  15  9  30500
0  1  2  13  31000
0  1  2  15  31000
0  1  2  2  31000
0  1  3  14  31000
0  1  3  4  31000
0  1  3  11  31000
0  1  3  13  31000
0  1  3  4  31000
0  1  3  1  31000
0  1  3  7  31000
0  1  4  10  31000
0  1  4  9  31000
0  1  4  10  31000
0  1  4  14  31000
0  1  4  1  31000
0  1  4  15  31000
0  1  4  2  31000
0  1  4  14  31000
0  1  4  11  31000
0  1  4  14  31000
0  1  4  14  31000
0  1  4  1  31000
0  1  4  8  31000
0  1  5  7  31000
0  1  5  6  31000
0  1  5  9  31000
0  1  5  9  31000
0  1  5  12  31000
0  1  5  10  31000
0  1  5  3  31000
0  1  5  5  31000
0  1  5  13  31000
0  1  5  10  31000
0  1  5  6  31000
0  1  5  3  31000
0  1  5  13  31000
0  1  5  4  31000
0  1  6  14  31000
0  1  6  6  31000
0  1  6  10  31000
0  1  6  3  31000
0  1  6  2  31000
0  1  6  4  31000
0  1  6  8  31000
0  1  6  9  31000
0  1  6  7  31000
0  1  6  11  31000
0  1  6  2  31000
0  1  6  14  31000
0  1  6  9  31000
0  1  7  5  31000
0  1  7  8  31000
0  1  7  7  31000
0  1  7  12  31000
0  1  7  4  31000
0  1  7  9  31000
0  1  7  12  31000
0  1  7  15  31000
0  1  7  1  31000
0  1  7  10  31000
0  1  7  6  31000
0  1  7  7  31000
0  1  8  7  31000
0  1  8  4  31000
0  1  8  9  31000
0  1  8  4  31000
0  1  8  14  31000
0  1  8  13  31000
0  1  8  2  31000
0  1  8  1  31000
0  1  8  7  31000
0  1  8  9  31000
0  1  8  10  31000
0  1  9  4  31000
0  1  9  9  31000
0  1  9  0  31000
0  1  9  2  31000
0  1  9  3  31000
0  1  9  12  31000
0  1  9  11  31000
0  1  9  2  31000
0  1  9  2  31000
0  1  9  2  31000
0  1  9  9  31000
0  1  10  1  31000
0  1  10  13  31000
0  1  10  11  31000
0  1  10  12  31000
0  1  10  4  31000
0  1  10  9  31000
0  1  10  5  31000
0  1  10  4  31000
0  1  10  1  31000
0  1  10  3  31000
0  1  10  1  31000
0  1  10  10  31000
0  1  11  12  31000
0  1  11  15  31000
0  1  11  11  31000
0  1  11  13  31000
0  1  11  5  31000
0  1  11  12  31000
0  1  11  3  31000
0  1  11  8  31000
0  1  11  6  31000
0  1  11  10  31000
0  1  11  10  31000
0  1  11  13  31000
0  1  11  4  31000
0  1  11  14  31000
0  1  11  5  31000
0  1  11  1  31000
0  1  11  7  31000
0  1  11  0  31000
0  1  11  11  31000
0  1  11  3  31000
0  1  11  12  31000
0  1  11  13  31000
0  1  11  9  31000
0  1  12  10  31000
0  1  12  7  31000
0  1  12  0  31000
0  1  12  7  31000
0  1  12  6  31000
0  1  12  5  31000
0  1  12  10  31000
0  1  12  8  31000
0  1  12  14  31000
0  1  12  12  31000
0  1  12  11  31000
0  1  12  14  31000
0  1  12  7  31000
0  1  12  14  31000
0  1  12  7  31000
0  1  12  4  31000
0  1  13  13  31000
0  1  13  13  31000
1  2  0  5  31000
1  2  0  9  31000
1  2  0  8  31000
1  2  1  9  31000
1  2  1  0  31000
1  2  2  6  31000
1  2  3  0  31000
1  2  4  6  31000
1  2  4  2  31000
1  2  4  7  31000
1  2  4  0  31000
1  2  5  9  31000
1  2  5  7  31000
1  2  5  2  31000
1  2  7  9  31000
1  2  8  1  31000
1  2  8  0  31000
1  2  9  2  31000
1  2  9  2  31000
1  2  10  9  31000
1  2  10  7  31000
1  2  11  4  31000
1  2  11  7  31000
1  2  11  3  31000
1  2  11  3  31000
1  2  11  4  31000
1  2  13  8  31000
1  2  14  5  31000
1  2  14  2  31000
1  2  14  9  31000
1  2  14  8  31000
1  2  14  8  31000
1  2  15  6  31000
1  2  15  5  31000
1  2  15  6  31000
0  1  2  11  31500
0  1  2  1  31500
0  1  2  1  31500
0  1  3  2  31500
0  1  3  5  31500
0  1  3  15  31500
0  1  3  7  31500
0  1  3  7  31500
0  1  3  11  31500
0  1  3  5  31500
0  1  3  9  31500
0  1  3  11  31500
0  1  3  12  31500
0  1  4  1  31500
0  1  4  10  31500
0  1  4  0  31500
0  1  4  7  31500
0  1  4  5  31500
0  1  4  11  31500
0  1  4  10  31500
0  1  4  9  31500
0  1  4  2  31500
0  1  4  4  31500
0  1  4  4  31500
0  1  4  2  31500
0  1  4  6  31500
0  1  4  6  31500
0  1  4  5  31500
0  1  4  11  31500
0  1  4  9  31500
0  1  5  12  31500
0  1  5  12  31500
0  1  5  3  31500
0  1  5  14  31500
0  1  5  10  31500
0  1  5  13  31500
0  1  5  15  31500
0  1  5  12  31500
0  1  5  8  31500
0  1  5  7  31500
0  1  5  8  31500
0  1  5  13  31500
0  1  5  0  31500
0  1  5  5  31500
0  1  5  4  31500
0  1  5  7  31500
0  1  6  8  31500
0  1  6  12  31500
0  1  6  0  31500
0  1  6  6  31500
0  1  6  5  31500
0  1  6  11  31500
0  1  6  3  31500
0  1  6  3  31500
0  1  6  2  31500
0  1  6  8  31500
0  1  6  1  31500
0  1  6  9  31500
0  1  6  14  31500
0  1  7  3  31500
0  1  7  7  31500
0  1  7  13  31500
0  1  7  13  31500
0  1  7  12  31500
0  1  7  3  31500
0  1  7  8  31500
0  1  7  15  31500
0  1  7  3  31500
0  1  7  3  31500
0  1  7  7  31500
0  1  7  2  31500
0  1  7  7  31500
0  1  7  11  31500
0  1  8  7  31500
0  1  8  3  31500
0  1  8  7  31500
0  1  8  12  31500
0  1  8  13  31500
0  1  8  0  31500
0  1  8  1  31500
0  1  8  14  31500
0  1  8  3  31500
0  1  8  7  31500
0  1  9  2  31500
0  1  9  6  31500
0  1  9  12  31500
0  1  9  1  31500
0  1  9  6  31500
0  1  9  8  31500
0  1  9  5  31500
0  1  9  13  31500
0  1  9  0  31500
0  1  9  7  31500
0  1  9  12  31500
0  1  9  2  31500
0  1  10  3  31500
0  1  10  10  31500
0  1  10  5  31500
0  1  10  4  31500
0  1  10  8  31500
0  1  10  9  31500
0  1  10  11  31500
0  1  10  6  31500
0  1  10  7  31500
0  1  10  14  31500
0  1  10  15  31500
0  1  10  9  31500
0  1  10  8  31500
0  1  10  11  31500
0  1  11  14  31500
0  1  11  3  31500
0  1  11  7  31500
0  1  11  0  31500
0  1  11  15  31500
0  1  11  12  31500
0  1  11  1  31500
0  1  11  13  31500
0  1  11  11  31500
0  1  11  14  31500
0  1  11  14  31500
0  1  11  4  31500
0  1  11  4  31500
0  1  11  6  31500
0  1  11  11  31500
0  1  11  11  31500
0  1  11  7  31500
0  1  11  8  31500
0  1  11  6  31500
0  1  11  5  31500
0  1  11  12  31500
0  1  11  8  31500
0  1  11  12  31500
0  1  12  1  31500
0  1  12  4  31500
0  1  12  7  31500
0  1  12  4  31500
0  1  12  10  31500
0  1  12  11  31500
0  1  12  4  31500
0  1  12  0  31500
0  1  12  9  31500
0  1  12  15  31500
0  1  12  4  31500
0  1  12  10  31500
0  1  12  1  31500
0  1  12  9  31500
0  1  12  8  31500
0  1  13  9  31500
0  1  13  7  31500
0  1  13  6  31500
1  2  0  9  31500
1  2  0  3  31500
1  2  1  6  31500
1  2  3  6  31500
1  2  3  7  31500
1  2  3  3  31500
1  2  4  1  31500
1  2  4  0  31500
1  2  4  1  31500
1  2  4  6  31500
1  2  4  2  31500
1  2  4  0  31500
1  2  6  4  31500
1  2  7  2  31500
1  2  8  7  31500
1  2  8  9  31500
1  2  8  7  31500
1  2  8  7  31500
1  2  9  6  31500
1  2  9  1  31500
1  2  10  0  31500
1  2  10  1  31500
1  2  10  2  31500
1  2  11  0  31500
1  2  11  8  31500
1  2  12  4  31500
1  2  13  5  31500
1  2  14  5  31500
1  2  15  6  31500
1  2  15  0  31500
0  1  2  4  32000
0  1  2  5  32000
0  1  2  8  32000
0  1  3  14  32000
0  1  3  3  32000
0  1  3  5  32000
0  1  3  9  32000
0  1  3  7  32000
0  1  3  1  32000
0  1  4  1  32000
0  1  4  9  32000
0  1  4  9  32000
0  1  4  8  32000
0  1  4  12  32000
0  1  4  3  32000
0  1  4  5  32000
0  1  4  6  32000
0  1  4  3  32000
0  1  4  12  32000
0  1  4  5  32000
0  1  4  8  32000
0  1  4  5  32000
0  1  5  4  32000
0  1  5  4  32000
0  1  5  7  32000
0  1  5  4  32000
0  1  5  10  32000
0  1  5  11  32000
0  1  5  13  32000
0  1  5  2  32000
0  1  5  14  32000
0  1  5  8  32000
0  1  5  9  32000
0  1  5  15  32000
0  1  5  8  32000
0  1  5  14  32000
0  1  5  4  32000
0  1  5  13  32000
0  1  6  14  32000
0  1  6  3  32000
0  1  6  8  32000
0  1  6  13  32000
0  1  6  6  32000
0  1  6  11  32000
0  1  6  1  32000
0  1  6  4  32000
0  1  6  9  32000
0  1  6  7  32000
0  1  6  9  32000
0  1  6  8  32000
0  1  7  14  32000
0  1  7  2  32000
0  1  7  10  32000
0  1  7  7  32000
0  1  7  15  32000
0  1  7  13  32000
0  1  7  5  32000
0  1  7  13  32000
0  1  7  9  32000
0  1  7  4  32000
0  1  7  1  32000
0  1  7  3  32000
0  1  7  9  32000
0  1  7  8  32000
0  1  8  2  32000
0  1  8  13  32000
0  1  8  10  32000
0  1  8  15  32000
0  1  8  4  32000
0  1  8  3  32000
0  1  8  13  32000
0  1  8  11  32000
0  1  8  3  32000
0  1  8  6  32000
0  1  9  6  32000
0  1  9  11  32000
0  1  9  4  32000
0  1  9  1  32000
0  1  9  12  32000
0  1  9  0  32000
0  1  9  9  32000
0  1  9  5  32000
0  1  9  6  32000
0  1  9  1  32000
0  1  10  2  32000
0  1  10  7  32000
0  1  10  6  32000
0  1  10  7  32000
0  1  10  0  32000
0  1  10  15  32000
0  1  10  6  32000
0  1  10  7  32000
0  1  10  14  32000
0  1  10  0  32000
0  1  10  7  32000
0  1  10  8  32000
0  1  10  4  32000
0  1  10  4  32000
0  1  11  2  32000
0  1  11  11  32000
0  1  11  10  32000
0  1  11  6  32000
0  1  11  1  32000
0  1  11  2  32000
0  1  11  6  32000
0  1  11  4  32000
0  1  11  11  32000
0  1  11  1  32000
0  1  11  7  32000
0  1  11  14  32000
0  1  11  5  32000
0  1  11  12  32000
0  1  11  4  32000
0  1  11  11  32000
0  1  11  8  32000
0  1  11  8  32000
0  1  11  3  32000
0  1  11  0  32000
0  1  11  2  32000
0  1  11  12  32000
0  1  11  15  32000
0  1  12  3  32000
0  1  12  4  32000
0  1  12  6  32000
0  1  12  6  32000
0  1  12  10  32000
0  1  12  7  32000
0  1  12  9  32000
0  1  12  2  32000
0  1  12  12  32000
0  1  12  11  32000
0  1  12  15  32000
0  1  12  10  32000
0  1  12  9  32000
0  1  12  9  32000
0  1  12  1  32000
0  1  12  5  32000
0  1  12  14  32000
0  1  12  14  32000
0  1  13  15  32000
0  1  13  11  32000
0  1  13  3  32000
1  2  0  5  32000
1  2  0  5  32000
1  2  1  7  32000
1  2  1  1  32000
1  2  2  6  32000
1  2  3  5  32000
1  2  3  3  32000
1  2  4  1  32000
1  2  4  6  32000
1  2  4  4  32000
1  2  5  8  32000
1  2  5  9  32000
1  2  5  0  32000
1  2  6  8  32000
1  2  6  9  32000
1  2  8  4  32000
1  2  8  3  32000
1  2  9  4  32000
1  2  9  2  32000
1  2  10  9  32000
1  2  10  0  32000
1  2  11  9  32000
1  2  11  8  32000
1  2  11  7  32000
1  2  11  3  32000
1  2  11  0  32000
1  2  11  4  32000
1  2  12  6  32000
1  2  12  2  32000
1  2  13  5  32000
1  2  13  0  32000
1  2  14  7  32000
1  2  14  8  32000
1  2  15  8  32000
1  2  15  9  32000
0  1  3  6  32500
0  1  3  5  32500
0  1  3  13  32500
0  1  3  15  32500
0  1  4  7  32500
0  1  4  6  32500
0  1  4  10  32500
0  1  4  15  32500
0  1  4  11  32500
0  1  4  1  32500
0  1  4  6  32500
0  1  5  3  32500
0  1  5  3  32500
0  1  5  11  32500
0  1  5  11  32500
0  1  6  7  32500
0  1  6  8  32500
0  1  6  5  32500
0  1  6  15  32500
0  1  6  5  32500
0  1  6  2  32500
0  1  7  15  32500
0  1  7  8  32500
0  1  7  2  32500
0  1  7  12  32500
0  1  7  9  32500
0  1  7  11  32500
0  1  7  9  32500
0  1  7  13  32500
0  1  7  11  32500
0  1  7  10  32500
0  1  7  13  32500
0  1  7  5  32500
0  1  8  1  32500
0  1  8  1  32500
0  1  8  2  32500
0  1  8  7  32500
0  1  8  0  32500
0  1  8  10  32500
0  1  8  14  32500
0  1  8  7  32500
0  1  9  9  32500
0  1  9  15  32500
0  1  9  2  32500
0  1  9  6  32500
0  1  9  15  32500
0  1  9  2  32500
0  1  9  14  32500
0  1  9  6  32500
0  1  9  8  32500
0  1  9  12  32500
0  1  9  15  32500
0  1  9  0  32500
0  1  9  5  32500
0  1  9  5  32500
0  1  9  7  32500
0  1  10  1  32500
0  1  10  5  32500
0  1  10  11  32500
0  1  10  13  32500
0  1  10  15  32500
0  1  10  4  32500
0  1  10  15  32500
0  1  11  4  32500
0  1  11  14  32500
0  1  11  11  32500
0  1  11  7  32500
0  1  11  15  32500
0  1  12  0  32500
0  1  12  12  32500
0  1  12  10  32500
0  1  12  1  32500
0  1  12  4  32500
0  1  13  6  32500
0  1  13  4  32500
1  2  1  6  32500
1  2  3  4  32500
1  2  4  3  32500
1  2  4  8  32500
1  2  5  4  32500
1  2  5  9  32500
1  2  6  4  32500
1  2  7  5  32500
1  2  7  9  32500
1  2  8  9  32500
1  2  8  0  32500
1  2  8  7  32500
1  2  9  1  32500
1  2  11  4  32500
1  2  11  1  32500
1  2  12  8  32500
1  2  13  3  32500
1  2  14  9  32500
1  2  15  0  32500
1  2  15  2  32500
1  2  15  9  32500
1  2  15  3  32500
0  1  3  14  33000
0  1  3  14  33000
0  1  3  10  33000
0  1  3  15  33000
0  1  3  8  33000
0  1  4  7  33000
0  1  4  11  33000
0  1  4  9  33000
0  1  4  11  33000
0  1  4  6  33000
0  1  5  15  33000
0  1  5  15  33000
0  1  5  13  33000
0  1  5  0  33000
0  1  5  4  33000
0  1  6  14  33000
0  1  6  13  33000
0  1  6  3  33000
0  1  6  8  33000
0  1  6  0  33000
0  1  7  12  33000
0  1  7  7  33000
0  1  7  7  33000
0  1  7  3  33000
0  1  7  1  33000
0  1  7  15  33000
0  1  7  11  33000
0  1  7  4  33000
0  1  7  0  33000
0  1  7  9  33000
0  1  7  13  33000
0  1  8  8  33000
0  1  8  10  33000
0  1  8  14  33000
0  1  8  7  33000
0  1  8  13  33000
0  1  8  5  33000
0  1  8  0  33000
0  1  8  13  33000
0  1  8  15  33000
0  1  8  0  33000
0  1  9  10  33000
0  1  9  11  33000
0  1  9  14  33000
0  1  9  11  33000
0  1  9  13  33000
0  1  9  11  33000
0  1  9  5  33000
0  1  9  2  33000
0  1  9  14  33000
0  1  9  15  33000
0  1  9  0  33000
0  1  9  11  33000
0  1  9  1  33000
0  1  9  11  33000
0  1  9  4  33000
0  1  9  15  33000
0  1  10  12  33000
0  1  10  11  33000
0  1  10  3  33000
0  1  10  3  33000
0  1  10  9  33000
0  1  10  2  33000
0  1  10  4  33000
0  1  10  14  33000
0  1  11  7  33000
0  1  11  5  33000
0  1  11  14  33000
0  1  11  11  33000
0  1  11  8  33000
0  1  11  12  33000
0  1  12  3  33000
0  1  12  2  33000
0  1  12  4  33000
0  1  12  5  33000
0  1  12  14  33000
0  1  13  14  33000
0  1  13  0  33000
0  1  13  13  33000
1  2  1  5  33000
1  2  2  2  33000
1  2  6  3  33000
1  2  6  3  33000
1  2  6  7  33000
1  2  7  5  33000
1  2  7  5  33000
1  2  8  9  33000
1  2  8  6  33000
1  2  8  3  33000
1  2  9  3  33000
1  2  9  8  33000
1  2  11  7  33000
1  2  12  9  33000
1  2  13  3  33000
1  2  13  3  33000
1  2  13  9  33000
1  2  14  4  33000
1  2  14  9  33000
1  2  14  0  33000
1  2  15  6  33000
0  1  3  8  33500
0  1  3  14  33500
0  1  3  15  33500
0  1  3  9  33500
0  1  3  4  33500
0  1  4  13  33500
0  1  4  4  33500
0  1  4  14  33500
0  1  4  2  33500
0  1  5  5  33500
0  1  5  2  33500
0  1  5  4  33500
0  1  5  8  33500
0  1  5  7  33500
0  1  5  9  33500
0  1  6  5  33500
0  1  6  9  33500
0  1  6  8  33500
0  1  6  15  33500
0  1  6  13  33500
0  1  6  4  33500
0  1  7  8  33500
0  1  7  2  33500
0  1  7  3  33500
0  1  7  4  33500
0  1  7  15  33500
0  1  7  11  33500
0  1  7  13  33500
0  1  7  5  33500
0  1  8  14  33500
0  1  8  11  33500
0  1  8  1  33500
0  1  8  5  33500
0  1  8  11  33500
0  1  8  6  33500
0  1  8  4  33500
0  1  8  15  33500
0  1  8  8  33500
0  1  8  5  33500
0  1  9  7  33500
0  1  9  10  33500
0  1  9  10  33500
0  1  9  13  33500
0  1  9  10  33500
0  1  9  15  33500
0  1  9  8  33500
0  1  9  7  33500
0  1  9  12  33500
0  1  9  3  33500
0  1  9  11  33500
0  1  9  6  33500
0  1  9  3  33500
0  1  9  5  33500
0  1  10  9  33500
0  1  10  15  33500
0  1  10  9  33500
0  1  10  6  33500
0  1  10  14  33500
0  1  10  3  33500
0  1  10  0  33500
0  1  10  5  33500
0  1  11  1  33500
0  1  11  6  33500
0  1  11  4  33500
0  1  11  3  33500
0  1  11  3  33500
0  1  11  4  33500
0  1  12  8  33500
0  1  12  0  33500
0  1  12  10  33500
0  1  12  10  33500
0  1  12  11  33500
0  1  13  7  33500
0  1  13  7  33500
0  1  13  9  33500
0  1  14  4  33500
0  1  14  1  33500
1  2  1  5  33500
1  2  3  4  33500
1  2  3  2  33500
1  2  4  2  33500
1  2  5  7  33500
1  2  5  4  33500
1  2  6  1  33500
1  2  8  4  33500
1  2  8  2  33500
1  2  10  6  33500
1  2  11  7  33500
1  2  12  5  33500
1  2  14  5  33500
1  2  14  4  33500
1  2  15  0  33500
1  2  15  6  33500
1  2  15  4  33500
0  1  3  1  34000
0  1  3  15  34000
0  1  3  5  34000
0  1  3  8  34000
0  1  4  10  34000
0  1  4  8  34000
0  1  4  14  34000
0  1  4  14  34000
0  1  4  4  34000
0  1  4  5  34000
0  1  4  3  34000
0  1  5  15  34000
0  1  5  1  34000
0  1  5  12  34000
0  1  5  13  34000
0  1  5  14  34000
0  1  5  11  34000
0  1  5  7  34000
0  1  6  10  34000
0  1  6  3  34000
0  1  6  2  34000
0  1  6  12  34000
0  1  6  8  34000
0  1  6  15  34000
0  1  7  5  34000
0  1  7  5  34000
0  1  7  8  34000
0  1  7  1  34000
0  1  7  12  34000
0  1  7  3  34000
0  1  7  8  34000
0  1  8  2  34000
0  1  8  7  34000
0  1  8  8  34000
0  1  8  9  34000
0  1  8  15  34000
0  1  8  9  34000
0  1  8  8  34000
0  1  9  10  34000
0  1  9  11  34000
0  1  9  15  34000
0  1  9  2  34000
0  1  9  11  34000
0  1  9  0  34000
0  1  9  0  34000
0  1  9  11  34000
0  1  9  9  34000
0  1  9  12  34000
0  1  9  6  34000
0  1  9  3  34000
0  1  9  11  34000
0  1  9  8  34000
0  1  10  4  34000
0  1  10  8  34000
0  1  10  9  34000
0  1  10  3  34000
0  1  10  12  34000
0  1  10  11  34000
0  1  10  0  34000
0  1  10  7  34000
0  1  10  4  34000
0  1  11  14  34000
0  1  11  7  34000
0  1  11  2  34000
0  1  11  10  34000
0  1  11  4  34000
0  1  12  15  34000
0  1  12  0  34000
0  1  12  1  34000
0  1  12  15  34000
0  1  13  14  34000
0  1  13  0  34000
0  1  13  7  34000
1  2  0  6  34000
1  2  1  2  34000
1  2  2  8  34000
1  2  2  2  34000
1  2  3  3  34000
1  2  3  4  34000
1  2  3  7  34000
1  2  5  9  34000
1  2  6  3  34000
1  2  7  4  34000
1  2  7  4  34000
1  2  8  4  34000
1  2  8  0  34000
1  2  8  6  34000
1  2  8  8  34000
1  2  10  9  34000
1  2  11  8  34000
1  2  11  4  34000
1  2  12  6  34000
1  2  12  7  34000
1  2  13  8  34000
1  2  13  1  34000
0  1  3  4  34500
0  1  3  6  34500
0  1  3  7  34500
0  1  3  5  34500
0  1  4  14  34500
0  1  4  4  34500
0  1  4  11  34500
0  1  4  5  34500
0  1  4  8  34500
0  1  4  11  34500
0  1  4  12  34500
0  1  4  3  34500
0  1  5  8  34500
0  1  5  10  34500
0  1  5  0  34500
0  1  5  11  34500
0  1  5  10  34500
0  1  5  9  34500
0  1  5  3  34500
0  1  6  8  34500
0  1  6  9  34500
0  1  6  5  34500
0  1  6  9  34500
0  1  6  1  34500
0  1  7  8  34500
0  1  7  2  34500
0  1  7  7  34500
0  1  7  14  34500
0  1  7  6  34500
0  1  7  15  34500
0  1  7  12  34500
0  1  7  15  34500
0  1  7  13  34500
0  1  7  13  34500
0  1  8  5  34500
0  1  8  12  34500
0  1  8  5  34500
0  1  8  13  34500
0  1  8  8  34500
0  1  8  0  34500
0  1  8  14  34500
0  1  8  10  34500
0  1  8  11  34500
0  1  9  14  34500
0  1  9  15  34500
0  1  9  12  34500
0  1  9  8  34500
0  1  9  2  34500
0  1  9  11  34500
0  1  9  7  34500
0  1  9  9  34500
0  1  9  9  34500
0  1  9  12  34500
0  1  9  4  34500
0  1  9  5  34500
0  1  9  4  34500
0  1  9  12  34500
0  1  10  6  34500
0  1  10  10  34500
0  1  10  9  34500
0  1  10  14  34500
0  1  10  9  34500
0  1  10  15  34500
0  1  10  9  34500
0  1  10  7  34500
0  1  11  1  34500
0  1  11  6  34500
0  1  11  5  34500
0  1  11  10  34500
0  1  11  5  34500
0  1  11  4  34500
0  1  11  15  34500
0  1  12  5  34500
0  1  12  13  34500
0  1  12  12  34500
0  1  12  4  34500
0  1  12  5  34500
0  1  12  12  34500
0  1  13  5  34500
0  1  13  0  34500
0  1  13  8  34500
0  1  14  8  34500
1  2  2  0  34500
1  2  4  9  34500
1  2  5  9  34500
1  2  6  8  34500
1  2  7  3  34500
1  2  7  4  34500
1  2  7  3  34500
1  2  8  9  34500
1  2  8  6  34500
1  2  11  6  34500
1  2  12  8  34500
1  2  13  6  34500
1  2  14  4  34500
1  2  14  6  34500
1  2  15  8  34500
1  2  15  9  34500
0  1  3  3  35000
0  1  3  6  35000
0  1  3  11  35000
0  1  4  0  35000
0  1  4  2  35000
0  1  4  11  35000
0  1  5  6  35000
0  1  5  7  35000
0  1  5  1  35000
0  1  5  5  35000
0  1  5  5  35000
0  1  6  14  35000
0  1  6  9  35000
0  1  6  2  35000
0  1  6  11  35000
0  1  6  14  35000
0  1  6  0  35000
0  1  6  8  35000
0  1  6  6  35000
0  1  6  9  35000
0  1  7  1  35000
0  1  7  3  35000
0  1  7  8  35000
0  1  7  7  35000
0  1  7  11  35000
0  1  7  11  35000
0  1  7  12  35000
0  1  7  11  35000
0  1  8  15  35000
0  1  8  9  35000
0  1  8  12  35000
0  1  8  14  35000
0  1  8  8  35000
0  1  8  2  35000
0  1  8  12  35000
0  1  8  2  35000
0  1  8  5  35000
0  1  9  12  35000
0  1  9  4  35000
0  1  9  3  35000
0  1  9  12  35000
0  1  9  4  35000
0  1  9  7  35000
0  1  9  3  35000
0  1  9  5  35000
0  1  9  12  35000
0  1  9  13  35000
0  1  9  6  35000
0  1  9  8  35000
0  1  9  11  35000
0  1  9  4  35000
0  1  9  12  35000
0  1  9  15  35000
0  1  10  1  35000
0  1  10  6  35000
0  1  10  2  35000
0  1  10  2  35000
0  1  10  9  35000
0  1  10  4  35000
0  1  10  4  35000
0  1  11  6  35000
0  1  11  11  35000
0  1  11  4  35000
0  1  11  9  35000
0  1  11  12  35000
0  1  11  0  35000
0  1  12  3  35000
0  1  12  9  35000
0  1  12  4  35000
0  1  12  15  35000
0  1  13  0  35000
0  1  13  5  35000
0  1  14  0  35000
1  2  0  3  35000
1  2  1  6  35000
1  2  2  8  35000
1  2  2  0  35000
1  2  3  7  35000
1  2  5  3  35000
1  2  5  1  35000
1  2  6  4  35000
1  2  6  9  35000
1  2  7  5  35000
1  2  8  7  35000
1  2  8  9  35000
1  2  8  7  35000
1  2  9  6  35000
1  2  9  3  35000
1  2  11  8  35000
1  2  11  0  35000
1  2  11  3  35000
1  2  11  7  35000
1  2  13  6  35000
1  2  13  5  35000
1  2  14  5  35000
1  2  14  0  35000
1  2  15  0  35000
1  2  15  9  35000
0  1  3  3  35500
0  1  3  8  35500
0  1  3  2  35500
0  1  3  11  35500
0  1  3  15  35500
0  1  4  15  35500
0  1  4  4  35500
0  1  4  8  35500
0  1  4  2  35500
0  1  4  5  35500
0  1  4  4  35500
0  1  4  8  35500
0  1  5  4  35500
0  1  5  0  35500
0  1  5  4  35500
0  1  5  2  35500
0  1  5  0  35500
0  1  6  7  35500
0  1  6  10  35500
0  1  6  13  35500
0  1  6  3  35500
0  1  6  1  35500
0  1  6  10  35500
0  1  6  8  35500
0  1  7  14  35500
0  1  7  7  35500
0  1  7  14  35500
0  1  7  0  35500
0  1  7  15  35500
0  1  7  6  35500
0  1  7  13  35500
0  1  7  0  35500
0  1  8  3  35500
0  1  8  9  35500
0  1  8  0  35500
0  1  8  8  35500
0  1  8  5  35500
0  1  8  8  35500
0  1  8  11  35500
0  1  8  9  35500
0  1  9  11  35500
0  1  9  5  35500
0  1  9  12  35500
0  1  9  7  35500
0  1  9  7  35500
0  1  9  9  35500
0  1  9  8  35500
0  1  9  7  35500
0  1  9  4  35500
0  1  9  9  35500
0  1  9  5  35500
0  1  9  0  35500
0  1  10  0  35500
0  1  10  13  35500
0  1  10  13  35500
0  1  10  15  35500
0  1  10  7  35500
0  1  10  4  35500
0  1  10  15  35500
0  1  10  9  35500
0  1  11  14  35500
0  1  11  5  35500
0  1  11  11  35500
0  1  11  12  35500
0  1  12  11  35500
0  1  12  4  35500
0  1  12  13  35500
0  1  12  7  35500
0  1  12  12  35500
0  1  13  8  35500
0  1  13  1  35500
1  2  1  2  35500
1  2  3  2  35500
1  2  3  0  35500
1  2  3  8  35500
1  2  7  5  35500
1  2  7  4  35500
1  2  7  2  35500
1  2  8  7  35500
1  2  8  4  35500
1  2  8  8  35500
1  2  11  0  35500
1  2  13  4  35500
0  1  3  0  36000
0  1  3  1  36000
0  1  3  15  36000
0  1  4  9  36000
0  1  4  5  36000
0  1  4  8  36000
0  1  4  5  36000
0  1  4  1  36000
0  1  5  14  36000
0  1  5  4  36000
0  1  5  9  36000
0  1  5  14  36000
0  1  5  13  36000
0  1  6  3  36000
0  1  6  3  36000
0  1  6  2  36000
0  1  6  4  36000
0  1  6  4  36000
0  1  6  11  36000
0  1  7  2  36000
0  1  7  4  36000
0  1  7  6  36000
0  1  7  1  36000
0  1  7  3  36000
0  1  7  7  36000
0  1  7  9  36000
0  1  7  9  36000
0  1  7  6  36000
0  1  7  8  36000
0  1  8  13  36000
0  1  8  11  36000
0  1  8  8  36000
0  1  8  12  36000
0  1  8  4  36000
0  1  8  15  36000
0  1  8  10  36000
0  1  8  9  36000
0  1  8  12  36000
0  1  8  0  36000
0  1  9  3  36000
0  1  9  9  36000
0  1  9  10  36000
0  1  9  14  36000
0  1  9  8  36000
0  1  9  3  36000
0  1  9  7  36000
0  1  9  4  36000
0  1  9  11  36000
0  1  9  10  36000
0  1  9  3  36000
0  1  9  6  36000
0  1  9  11  36000
0  1  10  14  36000
0  1  10  7  36000
0  1  10  12  36000
0  1  10  6  36000
0  1  10  6  36000
0  1  10  10  36000
0  1  10  15  36000
0  1  10  4  36000
0  1  10  7  36000
0  1  11  1  36000
0  1  11  9  36000
0  1  11  6  36000
0  1  11  1  36000
0  1  11  9  36000
0  1  12  10  36000
0  1  12  2  36000
0  1  12  9  36000
0  1  12  13  36000
0  1  12  8  36000
0  1  13  12  36000
0  1  13  7  36000
0  1  13  4  36000
0  1  14  2  36000
0  1  14  4  36000
1  2  0  8  36000
1  2  2  2  36000
1  2  2  9  36000
1  2  3  6  36000
1  2  3  9  36000
1  2  3  4  36000
1  2  5  9  36000
1  2  5  5  36000
1  2  6  3  36000
1  2  7  8  36000
1  2  8  6  36000
1  2  8  1  36000
1  2  10  5  36000
1  2  10  1  36000
1  2  11  4  36000
1  2  11  4  36000
1  2  12  2  36000
1  2  12  6  36000
1  2  13  1  36000
1  2  14  5  36000
1  2  14  4  36000
1  2  14  3  36000
1  2  14  7  36000
1  2  15  9  36000
1  2  15  5  36000
1  2  15  9  36000
1  2  15  3  36000
0  1  3  9  36500
0  1  4  9  36500
0  1  4  8  36500
0  1  4  2  36500
0  1  4  8  36500
0  1  4  2  36500
0  1  4  8  36500
0  1  5  14  36500
0  1  5  8  36500
0  1  5  3  36500
0  1  5  8  36500
0  1  5  6  36500
0  1  5  14  36500
0  1  6  6  36500
0  1  6  13  36500
0  1  6  7  36500
0  1  6  4  36500
0  1  6  10  36500
0  1  6  0  36500
0  1  6  12  36500
0  1  7  14  36500
0  1  7  8  36500
0  1  7  3  36500
0  1  7  3  36500
0  1  7  11  36500
0  1  7  3  36500
0  1  7  7  36500
0  1  8  14  36500
0  1  8  11  36500
0  1  8  0  36500
0  1  8  11  36500
0  1  8  0  36500
0  1  8  4  36500
0  1  8  7  36500
0  1  8  7  36500
0  1  8  10  36500
0  1  9  15  36500
0  1  9  3  36500
0  1  9  11  36500
0  1  9  2  36500
0  1  9  5  36500
0  1  9  13  36500
0  1  9  0  36500
0  1  9  0  36500
0  1  9  5  36500
0  1  9  8  36500
0  1  9  6  36500
0  1  9  9  36500
0  1  9  12  36500
0  1  9  10  36500
0  1  9  12  36500
0  1  9  8  36500
0  1  10  6  36500
0  1  10  1  36500
0  1  10  15  36500
0  1  10  10  36500
0  1  10  3  36500
0  1  10  12  36500
0  1  10  8  36500
0  1  10  6  36500
0  1  11  9  36500
0  1  11  4  36500
0  1  11  15  36500
0  1  11  7  36500
0  1  11  9  36500
0  1  11  1  36500
0  1  12  14  36500
0  1  12  11  36500
0  1  12  2  36500
0  1  12  6  36500
0  1  12  4  36500
0  1  12  8  36500
0  1  13  6  36500
0  1  13  11  36500
0  1  13  9  36500
0  1  14  7  36500
1  2  0  9  36500
1  2  0  5  36500
1  2  2  2  36500
1  2  3  7  36500
1  2  4  3  36500
1  2  4  9  36500
1  2  4  7  36500
1  2  5  9  36500
1  2  7  3  36500
1  2  10  8  36500
1  2  11  9  36500
1  2  11  0  36500
1  2  12  6  36500
1  2  12  6  36500
1  2  14  3  36500
1  2  15  4  36500
1  2  15  4  36500
0  1  3  6  37000
0  1  3  15  37000
0  1  3  2  37000
0  1  3  10  37000
0  1  3  10  37000
0  1  4  4  37000
0  1  4  2  37000
0  1  4  11  37000
0  1  4  4  37000
0  1  4  12  37000
0  1  4  13  37000
0  1  4  0  37000
0  1  5  5  37000
0  1  5  11  37000
0  1  5  8  37000
0  1  5  8  37000
0  1  5  8  37000
0  1  5  15  37000
0  1  6  12  37000
0  1  6  9  37000
0  1  6  5  37000
0  1  6  0  37000
0  1  7  10  37000
0  1  7  3  37000
0  1  7  1  37000
0  1  7  1  37000
0  1  7  13  37000
0  1  7  8  37000
0  1  7  12  37000
0  1  8  0  37000
0  1  8  8  37000
0  1  8  9  37000
0  1  8  15  37000
0  1  8  10  37000
0  1  8  2  37000
0  1  8  11  37000
0  1  8  4  37000
0  1  8  5  37000
0  1  9  13  37000
0  1  9  9  37000
0  1  9  7  37000
0  1  9  13  37000
0  1  9  15  37000
0  1  9  9  37000
0  1  9  13  37000
0  1  9  6  37000
0  1  9  15  37000
0  1  9  12  37000
0  1  9  15  37000
0  1  9  14  37000
0  1  9  6  37000
0  1  10  14  37000
0  1  10  8  37000
0  1  10  12  37000
0  1  10  11  37000
0  1  10  14  37000
0  1  10  11  37000
0  1  10  12  37000
0  1  10  15  37000
0  1  10  13  37000
0  1  11  9  37000
0  1  11  12  37000
0  1  11  4  37000
0  1  11  9  37000
0  1  11  15  37000
0  1  11  3  37000
0  1  12  14  37000
0  1  12  12  37000
0  1  12  5  37000
0  1  12  14  37000
0  1  12  7  37000
0  1  13  7  37000
0  1  13  7  37000
0  1  13  4  37000
0  1  14  9  37000
1  2  1  2  37000
1  2  3  7  37000
1  2  3  8  37000
1  2  4  4  37000
1  2  5  7  37000
1  2  6  3  37000
1  2  7  4  37000
1  2  8  1  37000
1  2  8  7  37000
1  2  8  0  37000
1  2  8  2  37000
1  2  8  8  37000
1  2  9  5  37000
1  2  10  3  37000
1  2  11  7  37000
1  2  14  5  37000
1  2  14  1  37000
0  1  3  11  37500
0  1  3  12  37500
0  1  3  4  37500
0  1  4  3  37500
0  1  4  14  37500
0  1  4  4  37500
0  1  4  2  37500
0  1  4  10  37500
0  1  4  3  37500
0  1  5  11  37500
0  1  5  7  37500
0  1  5  6  37500
0  1  5  1  37500
0  1  5  5  37500
0  1  5  4  37500
0  1  6  12  37500
0  1  6  8  37500
0  1  6  14  37500
0  1  6  1  37500
0  1  6  8  37500
0  1  6  3  37500
0  1  7  8  37500
0  1  7  3  37500
0  1  7  5  37500
0  1  7  10  37500
0  1  7  12  37500
0  1  7  8  37500
0  1  7  5  37500
0  1  7  6  37500
0  1  7  8  37500
0  1  8  10  37500
0  1  8  13  37500
0  1  8  15  37500
0  1  8  3  37500
0  1  8  13  37500
0  1  8  10  37500
0  1  8  4  37500
0  1  8  3  37500
0  1  9  10  37500
0  1  9  11  37500
0  1  9  14  37500
0  1  9  3  37500
0  1  9  7  37500
0  1  9  9  37500
0  1  9  12  37500
0  1  9  14  37500
0  1  9  11  37500
0  1  9  4  37500
0  1  9  9  37500
0  1  9  8  37500
0  1  9  15  37500
0  1  9  9  37500
0  1  10  0  37500
0  1  10  12  37500
0  1  10  6  37500
0  1  10  8  37500
0  1  10  12  37500
0  1  10  15  37500
0  1  10  12  37500
0  1  10  4  37500
0  1  10  3  37500
0  1  10  15  37500
0  1  11  4  37500
0  1  11  2  37500
0  1  11  14  37500
0  1  11  7  37500
0  1  11  0  37500
0  1  11  9  37500
0  1  12  6  37500
0  1  12  7  37500
0  1  12  9  37500
0  1  12  15  37500
0  1  13  1  37500
0  1  13  4  37500
0  1  14  13  37500
0  1  14  2  37500
1  2  0  6  37500
1  2  0  8  37500
1  2  1  5  37500
1  2  2  2  37500
1  2  3  4  37500
1  2  4  8  37500
1  2  5  7  37500
1  2  6  8  37500
1  2  7  4  37500
1  2  8  5  37500
1  2  8  0  37500
1  2  10  5  37500
1  2  11  4  37500
1  2  11  6  37500
1  2  12  4  37500
1  2  13  6  37500
1  2  14  5  37500
1  2  14  9  37500
1  2  14  8  37500
1  2  15  8  37500
0  1  3  5  38000
0  1  3  4  38000
0  1  3  11  38000
0  1  3  9  38000
0  1  4  5  38000
0  1  4  5  38000
0  1  4  15  38000
0  1  4  10  38000
0  1  4  11  38000
0  1  4  4  38000
0  1  5  15  38000
0  1  5  11  38000
0  1  5  3  38000
0  1  5  14  38000
0  1  5  5  38000
0  1  6  1  38000
0  1  6  7  38000
0  1  6  12  38000
0  1  6  7  38000
0  1  6  7  38000
0  1  7  8  38000
0  1  7  14  38000
0  1  7  1  38000
0  1  7  5  38000
0  1  7  11  38000
0  1  7  0  38000
0  1  7  5  38000
0  1  7  13  38000
0  1  7  1  38000
0  1  8  2  38000
0  1  8  6  38000
0  1  8  11  38000
0  1  8  4  38000
0  1  8  13  38000
0  1  8  0  38000
0  1  9  1  38000
0  1  9  13  38000
0  1  9  6  38000
0  1  9  7  38000
0  1  9  14  38000
0  1  9  1  38000
0  1  9  9  38000
0  1  9  12  38000
0  1  9  6  38000
0  1  9  4  38000
0  1  9  1  38000
0  1  9  9  38000
0  1  9  3  38000
0  1  9  4  38000
0  1  9  5  38000
0  1  10  9  38000
0  1  10  13  38000
0  1  10  12  38000
0  1  10  8  38000
0  1  10  1  38000
0  1  10  3  38000
0  1  10  4  38000
0  1  10  9  38000
0  1  11  11  38000
0  1  11  4  38000
0  1  11  9  38000
0  1  11  12  38000
0  1  12  10  38000
0  1  12  15  38000
0  1  12  3  38000
0  1  12  9  38000
0  1  13  0  38000
0  1  13  0  38000
0  1  13  0  38000
1  2  1  7  38000
1  2  2  3  38000
1  2  2  6  38000
1  2  3  8  38000
1  2  4  6  38000
1  2  4  4  38000
1  2  7  8  38000
1  2  8  5  38000
1  2  9  6  38000
1  2  10  6  38000
1  2  11  7  38000
1  2  12  8  38000
1  2  13  6  38000
1  2  13  6  38000
1  2  14  0  38000
1  2  15  0  38000
0  1  3  5  38500
0  1  3  15  38500
0  1  3  4  38500
0  1  3  7  38500
0  1  4  14  38500
0  1  4  1  38500
0  1  4  13  38500
0  1  4  10  38500
0  1  4  8  38500
0  1  4  1  38500
0  1  5  13  38500
0  1  5  0  38500
0  1  5  12  38500
0  1  5  8  38500
0  1  6  3  38500
0  1  6  9  38500
0  1  6  11  38500
0  1  6  6  38500
0  1  6  12  38500
0  1  6  14  38500
0  1  6  11  38500
0  1  7  0  38500
0  1  7  5  38500
0  1  7  14  38500
0  1  7  5  38500
0  1  7  3  38500
0  1  7  2  38500
0  1  7  12  38500
0  1  7  4  38500
0  1  8  8  38500
0  1  8  8  38500
0  1  8  14  38500
0  1  8  9  38500
0  1  8  15  38500
0  1  8  3  38500
0  1  8  13  38500
0  1  8  4  38500
0  1  9  4  38500
0  1  9  15  38500
0  1  9  8  38500
0  1  9  6  38500
0  1  9  10  38500
0  1  9  12  38500
0  1  9  5  38500
0  1  9  13  38500
0  1  9  9  38500
0  1  9  13  38500
0  1  9  15  38500
0  1  9  10  38500
0  1  9  11  38500
0  1  9  2  38500
0  1  9  13  38500
0  1  9  15  38500
0  1  10  6  38500
0  1  10  7  38500
0  1  10  11  38500
0  1  10  3  38500
0  1  10  2  38500
0  1  10  15  38500
0  1  10  0  38500
0  1  10  10  38500
0  1  11  5  38500
0  1  11  0  38500
0  1  11  3  38500
0  1  11  13  38500
0  1  11  0  38500
0  1  11  4  38500
0  1  12  12  38500
0  1  12  15  38500
0  1  12  10  38500
0  1  12  8  38500
0  1  12  6  38500
0  1  13  11  38500
0  1  13  4  38500
0  1  14  1  38500
1  2  2  1  38500
1  2  2  4  38500
1  2  3  2  38500
1  2  3  4  38500
1  2  4  6  38500
1  2  4  7  38500
1  2  6  4  38500
1  2  6  3  38500
1  2  8  9  38500
1  2  10  3  38500
1  2  12  6  38500
1  2  12  4  38500
1  2  12  4  38500
1  2  12  4  38500
1  2  14  9  38500
1  2  15  0  38500
0  1  3  13  39000
0  1  3  13  39000
0  1  4  1  39000
0  1  4  0  39000
0  1  4  14  39000
0  1  4  5  39000
0  1  4  3  39000
0  1  4  12  39000
0  1  4  4  39000
0  1  5  7  39000
0  1  5  15  39000
0  1  5  11  39000
0  1  5  7  39000
0  1  5  7  39000
0  1  6  5  39000
0  1  6  14  39000
0  1  6  8  39000
0  1  6  13  39000
0  1  6  15  39000
0  1  6  6  39000
0  1  7  0  39000
0  1  7  14  39000
0  1  7  3  39000
0  1  7  3  39000
0  1  7  5  39000
0  1  7  15  39000
0  1  7  9  39000
0  1  7  11  39000
0  1  8  2  39000
0  1  8  6  39000
0  1  8  3  39000
0  1  8  0  39000
0  1  8  11  39000
0  1  8  0  39000
0  1  8  13  39000
0  1  8  11  39000
0  1  8  7  39000
0  1  8  7  39000
0  1  8  6  39000
0  1  9  6  39000
0  1  9  11  39000
0  1  9  10  39000
0  1  9  4  39000
0  1  9  15  39000
0  1  9  5  39000
0  1  9  11  39000
0  1  9  6  39000
0  1  9  1  39000
0  1  9  14  39000
0  1  9  12  39000
0  1  9  3  39000
0  1  9  7  39000
0  1  9  14  39000
0  1  9  12  39000
0  1  9  10  39000
0  1  10  13  39000
0  1  10  4  39000
0  1  10  13  39000
0  1  10  15  39000
0  1  10  1  39000
0  1  10  15  39000
0  1  10  15  39000
0  1  10  6  39000
0  1  10  13  39000
0  1  10  0  39000
0  1  11  11  39000
0  1  11  7  39000
0  1  11  7  39000
0  1  11  14  39000
0  1  11  10  39000
0  1  11  14  39000
0  1  12  3  39000
0  1  12  11  39000
0  1  12  3  39000
0  1  12  2  39000
0  1  12  14  39000
0  1  13  8  39000
0  1  13  3  39000
0  1  13  8  39000
0  1  14  10  39000
1  2  2  9  39000
1  2  3  4  39000
1  2  3  4  39000
1  2  5  5  39000
1  2  6  8  39000
1  2  6  7  39000
1  2  7  4  39000
1  2  7  2  39000
1  2  8  5  39000
1  2  9  2  39000
1  2  9  8  39000
1  2  11  9  39000
1  2  11  7  39000
1  2  12  9  39000
1  2  13  8  39000
1  2  14  4  39000
1  2  14  4  39000
1  2  15  0  39000
1  2  15  4  39000
0  1  3  7  39500
0  1  3  6  39500
0  1  3  12  39500
0  1  4  11  39500
0  1  4  1  39500
0  1  4  13  39500
0  1  4  0  39500
0  1  4  5  39500
0  1  4  1  39500
0  1  5  10  39500
0  1  5  7  39500
0  1  5  2  39500
0  1  5  6  39500
0  1  5  3  39500
0  1  6  10  39500
0  1  6  11  39500
0  1  6  8  39500
0  1  6  11  39500
0  1  6  0  39500
0  1  6  9  39500
0  1  6  9  39500
0  1  6  8  39500
0  1  7  13  39500
0  1  7  2  39500
0  1  7  11  39500
0  1  7  4  39500
0  1  7  0  39500
0  1  7  0  39500
0  1  7  4  39500
0  1  8  9  39500
0  1  8  9  39500
0  1  8  2  39500
0  1  8  5  39500
0  1  8  2  39500
0  1  8  12  39500
0  1  8  13  39500
0  1  9  3  39500
0  1  9  14  39500
0  1  9  1  39500
0  1  9  8  39500
0  1  9  11  39500
0  1  9  5  39500
0  1  9  2  39500
0  1  9  11  39500
0  1  9  13  39500
0  1  9  4  39500
0  1  9  0  39500
0  1  9  15  39500
0  1  9  1  39500
0  1  10  3  39500
0  1  10  7  39500
0  1  10  8  39500
0  1  10  8  39500
0  1  10  3  39500
0  1  10  6  39500
0  1  10  14  39500
0  1  10  13  39500
0  1  11  1  39500
0  1  11  12  39500
0  1  11  9  39500
0  1  11  0  39500
0  1  11  13  39500
0  1  12  2  39500
0  1  12  4  39500
0  1  12  0  39500
0  1  12  12  39500
0  1  13  10  39500
0  1  13  12  39500
0  1  13  8  39500
0  1  14  6  39500
1  2  1  7  39500
1  2  2  9  39500
1  2  2  4  39500
1  2  3  5  39500
1  2  4  8  39500
1  2  6  8  39500
1  2  8  9  39500
1  2  11  3  39500
1  2  11  0  39500
1  2  11  4  39500
1  2  12  2  39500
1  2  13  7  39500
1  2  13  5  39500
1  2  15  9  39500
1  2  15  6  39500
1  2  15  3  39500
0  1  3  2  40000
0  1  3  1  40000
0  1  3  15  40000
0  1  3  4  40000
0  1  4  4  40000
0  1  4  5  40000
0  1  4  15  40000
0  1  4  0  40000
0  1  4  14  40000
0  1  4  8  40000
0  1  4  8  40000
0  1  5  5  40000
0  1  5  0  40000
0  1  5  13  40000
0  1  5  8  40000
0  1  5  0  40000
0  1  6  11  40000
0  1  6  8  40000
0  1  6  6  40000
0  1  6  1  40000
0  1  6  9  40000
0  1  6  9  40000
0  1  7  15  40000
0  1  7  2  40000
0  1  7  14  40000
0  1  7  7  40000
0  1  7  1  40000
0  1  7  11  40000
0  1  7  5  40000
0  1  7  1  40000
0  1  7  1  40000
0  1  7  15  40000
0  1  7  9  40000
0  1  8  15  40000
0  1  8  11  40000
0  1  8  9  40000
0  1  8  2  40000
0  1  8  8  40000
0  1  8  3  40000
0  1  8  3  40000
0  1  9  9  40000
0  1  9  5  40000
0  1  9  15  40000
0  1  9  0  40000
0  1  9  0  40000
0  1  9  9  40000
0  1  9  1  40000
0  1  9  8  40000
0  1  9  13  40000
0  1  9  2  40000
0  1  9  1  40000
0  1  9  15  40000
0  1  9  14  40000
0  1  9  4  40000
0  1  10  6  40000
0  1  10  2  40000
0  1  10  13  40000
0  1  10  3  40000
0  1  10  13  40000
0  1  10  3  40000
0  1  10  1  40000
0  1  10  3  40000
0  1  11  8  40000
0  1  11  14  40000
0  1  11  0  40000
0  1  11  2  40000
0  1  11  8  40000
0  1  12  1  40000
0  1  12  5  40000
0  1  12  5  40000
0  1  12  8  40000
0  1  13  10  40000
0  1  13  5  40000
0  1  14  5  40000
1  2  0  5  40000
1  2  2  8  40000
1  2  3  1  40000
1  2  4  4  40000
1  2  4  2  40000
1  2  5  7  40000
1  2  6  8  40000
1  2  7  7  40000
1  2  8  9  40000
1  2  8  8  40000
1  2  11  6  40000
1  2  11  7  40000
1  2  12  9  40000
1  2  12  4  40000
1  2  13  3  40000
0  1  3  13  40500
0  1  3  4  40500
0  1  3  8  40500
0  1  3  12  40500
0  1  3  14  40500
0  1  3  5  40500
0  1  4  9  40500
0  1  4  2  40500
0  1  4  0  40500
0  1  4  5  40500
0  1  4  14  40500
0  1  4  9  40500
0  1  5  14  40500
0  1  5  5  40500
0  1  5  0  40500
0  1  6  4  40500
0  1  6  6  40500
0  1  6  11  40500
0  1  6  15  40500
0  1  6  4  40500
0  1  6  12  40500
0  1  6  14  40500
0  1  7  4  40500
0  1  7  12  40500
0  1  7  15  40500
0  1  7  11  40500
0  1  7  6  40500
0  1  7  8  40500
0  1  7  12  40500
0  1  8  13  40500
0  1  8  12  40500
0  1  8  15  40500
0  1  8  14  40500
0  1  8  4  40500
0  1  8  15  40500
0  1  9  11  40500
0  1  9  15  40500
0  1  9  6  40500
0  1  9  15  40500
0  1  9  15  40500
0  1  10  13  40500
0  1  10  13  40500
0  1  10  3  40500
0  1  10  2  40500
0  1  11  12  40500
0  1  11  11  40500
0  1  11  10  40500
0  1  11  8  40500
0  1  11  0  40500
0  1  12  10  40500
0  1  12  8  40500
0  1  12  11  40500
0  1  12  1  40500
0  1  12  6  40500
0  1  12  6  40500
0  1  13  7  40500
0  1  13  0  40500
0  1  13  9  40500
1  2  0  8  40500
1  2  1  7  40500
1  2  2  9  40500
1  2  4  5  40500
1  2  5  3  40500
1  2  5  7  40500
1  2  6  1  40500
1  2  7  2  40500
1  2  7  1  40500
1  2  8  0  40500
1  2  10  1  40500
1  2  10  8  40500
1  2  10  1  40500
1  2  11  9  40500
1  2  12  1  40500
1  2  14  3  40500
0  1  3  15  41000
0  1  3  5  41000
0  1  3  3  41000
0  1  3  1  41000
0  1  3  8  41000
0  1  3  13  41000
0  1  4  15  41000
0  1  4  2  41000
0  1  4  0  41000
0  1  4  7  41000
0  1  4  5  41000
0  1  5  10  41000
0  1  5  7  41000
0  1  5  8  41000
0  1  6  15  41000
0  1  6  13  41000
0  1  6  8  41000
0  1  6  2  41000
0  1  6  14  41000
0  1  6  0  41000
0  1  7  6  41000
0  1  7  5  41000
0  1  7  0  41000
0  1  7  6  41000
0  1  7  2  41000
0  1  7  10  41000
0  1  7  5  41000
0  1  8  15  41000
0  1  8  12  41000
0  1  8  1  41000
0  1  8  12  41000
0  1  8  15  41000
0  1  8  0  41000
0  1  8  6  41000
0  1  9  14  41000
0  1  9  2  41000
0  1  9  12  41000
0  1  9  3  41000
0  1  9  4  41000
0  1  10  10  41000
0  1  10  0  41000
0  1  10  12  41000
0  1  10  11  41000
0  1  11  15  41000
0  1  11  0  41000
0  1  11  3  41000
0  1  11  8  41000
0  1  11  11  41000
0  1  11  7  41000
0  1  12  1  41000
0  1  12  0  41000
0  1  12  5  41000
0  1  12  2  41000
0  1  12  3  41000
0  1  12  4  41000
0  1  13  9  41000
0  1  13  13  41000
0  1  13  3  41000
1  2  0  4  41000
1  2  0  8  41000
1  2  1  2  41000
1  2  2  6  41000
1  2  3  4  41000
1  2  3  8  41000
1  2  4  5  41000
1  2  4  8  41000
1  2  5  7  41000
1  2  6  1  41000
1  2  8  8  41000
1  2  8  1  41000
1  2  9  6  41000
1  2  11  2  41000
1  2  12  6  41000
1  2  13  3  41000
1  2  13  7  41000
1  2  14  1  41000
1  2  14  9  41000
1  2  14  2  41000
0  1  3  4  41500
0  1  3  4  41500
0  1  3  5  41500
0  1  3  10  41500
0  1  3  0  41500
0  1  4  6  41500
0  1  4  0  41500
0  1  4  10  41500
0  1  4  5  41500
0  1  4  3  41500
0  1  4  6  41500
0  1  5  6  41500
0  1  5  14  41500
0  1  5  9  41500
0  1  6  6  41500
0  1  6  15  41500
0  1  6  12  41500
0  1  6  3  41500
0  1  6  6  41500
0  1  6  7  41500
0  1  6  14  41500
0  1  6  8  41500
0  1  7  10  41500
0  1  7  2  41500
0  1  7  6  41500
0  1  7  3  41500
0  1  7  6  41500
0  1  7  14  41500
0  1  8  14  41500
0  1  8  2  41500
0  1  8  5  41500
0  1  8  15  41500
0  1  8  2  41500
0  1  8  2  41500
0  1  9  1  41500
0  1  9  7  41500
0  1  9  15  41500
0  1  9  14  41500
0  1  10  3  41500
0  1  10  13  41500
0  1  10  0  41500
0  1  10  10  41500
0  1  10  14  41500
0  1  11  5  41500
0  1  11  6  41500
0  1  11  11  41500
0  1  11  14  41500
0  1  12  8  41500
0  1  12  15  41500
0  1  12  10  41500
0  1  12  6  41500
0  1  13  14  41500
0  1  13  13  41500
0  1  13  10  41500
0  1  13  2  41500
1  2  0  8  41500
1  2  0  3  41500
1  2  0  0  41500
1  2  0  8  41500
1  2  1  7  41500
1  2  3  2  41500
1  2  4  3  41500
1  2  4  8  41500
1  2  5  3  41500
1  2  5  7  41500
1  2  6  4  41500
1  2  6  3  41500
1  2  7  6  41500
1  2  7  4  41500
1  2  8  6  41500
1  2  10  7  41500
1  2  12  6  41500
1  2  12  9  41500
1  2  14  9  41500
1  2  14  1  41500
1  2  15  6  41500
0  1  3  11  42000
0  1  3  10  42000
0  1  3  3  42000
0  1  4  5  42000
0  1  4  11  42000
0  1  4  0  42000
0  1  4  14  42000
0  1  4  14  42000
0  1  4  0  42000
0  1  5  12  42000
0  1  5  0  42000
0  1  5  5  42000
0  1  6  3  42000
0  1  6  11  42000
0  1  6  2  42000
0  1  6  5  42000
0  1  6  10  42000
0  1  6  0  42000
0  1  6  3  42000
0  1  7  15  42000
0  1  7  13  42000
0  1  7  9  42000
0  1  7  6  42000
0  1  7  11  42000
0  1  7  6  42000
0  1  7  0  42000
0  1  8  8  42000
0  1  8  9  42000
0  1  8  9  42000
0  1  8  8  42000
0  1  8  15  42000
0  1  9  0  42000
0  1  9  6  42000
0  1  9  3  42000
0  1  9  6  42000
0  1  10  6  42000
0  1  10  0  42000
0  1  10  2  42000
0  1  11  12  42000
0  1  11  6  42000
0  1  11  14  42000
0  1  11  15  42000
0  1  11  15  42000
0  1  11  10  42000
0  1  11  9  42000
0  1  12  12  42000
0  1  12  0  42000
0  1  12  2  42000
0  1  12  0  42000
0  1  12  13  42000
0  1  12  2  42000
0  1  12  14  42000
0  1  13  9  42000
0  1  13  15  42000
0  1  13  11  42000
1  2  0  8  42000
1  2  0  0  42000
1  2  0  6  42000
1  2  0  2  42000
1  2  3  7  42000
1  2  3  7  42000
1  2  3  4  42000
1  2  4  1  42000
1  2  5  7  42000
1  2  5  1  42000
1  2  5  4  42000
1  2  6  9  42000
1  2  6  1  42000
1  2  7  5  42000
1  2  7  1  42000
1  2  8  9  42000
1  2  8  6  42000
1  2  9  7  42000
1  2  10  8  42000
1  2  11  7  42000
1  2  11  1  42000
1  2  12  2  42000
1  2  12  8  42000
1  2  15  6  42000
1  2  15  9  42000
0  1  3  14  42500
0  1  3  8  42500
0  1  3  0  42500
0  1  3  7  42500
0  1  4  13  42500
0  1  4  13  42500
0  1  4  8  42500
0  1  4  1  42500
0  1  4  5  42500
0  1  4  15  42500
0  1  5  13  42500
0  1  5  11  42500
0  1  5  5  42500
0  1  6  2  42500
0  1  6  5  42500
0  1  6  3  42500
0  1  6  5  42500
0  1  6  12  42500
0  1  6  2  42500
0  1  6  3  42500
0  1  6  5  42500
0  1  7  14  42500
0  1  7  1  42500
0  1  7  6  42500
0  1  7  15  42500
0  1  7  14  42500
0  1  7  10  42500
0  1  7  11  42500
0  1  8  11  42500
0  1  8  1  42500
0  1  8  1  42500
0  1  8  0  42500
0  1  8  8  42500
0  1  9  11  42500
0  1  9  7  42500
0  1  9  0  42500
0  1  9  12  42500
0  1  9  6  42500
0  1  10  13  42500
0  1  10  15  42500
0  1  10  8  42500
0  1  10  7  42500
0  1  11  6  42500
0  1  11  6  42500
0  1  11  9  42500
0  1  11  11  42500
0  1  11  5  42500
0  1  11  4  42500
0  1  11  1  42500
0  1  12  12  42500
0  1  12  6  42500
0  1  12  11  42500
0  1  12  5  42500
0  1  12  10  42500
0  1  12  6  42500
0  1  13  15  42500
0  1  13  7  42500
1  2  0  9  42500
1  2  0  1  42500
1  2  1  3  42500
1  2  1  1  42500
1  2  2  5  42500
1  2  2  6  42500
1  2  2  7  42500
1  2  3  3  42500
1  2  3  3  42500
1  2  3  7  42500
1  2  4  7  42500
1  2  6  6  42500
1  2  6  5  42500
1  2  6  2  42500
1  2  9  7  42500
1  2  10  5  42500
1  2  10  9  42500
1  2  11  8  42500
1  2  12  1  42500
1  2  14  9  42500
1  2  14  0  42500
1  2  14  4  42500
0  1  3  3  43000
0  1  3  1  43000
0  1  3  5  43000
0  1  3  4  43000
0  1  4  12  43000
0  1  4  15  43000
0  1  4  3  43000
0  1  4  2  43000
0  1  4  4  43000
0  1  4  1  43000
0  1  5  9  43000
0  1  5  13  43000
0  1  5  5  43000
0  1  6  10  43000
0  1  6  14  43000
0  1  6  0  43000
0  1  6  8  43000
0  1  6  3  43000
0  1  7  9  43000
0  1  7  0  43000
0  1  7  0  43000
0  1  7  1  43000
0  1  7  12  43000
0  1  7  5  43000
0  1  8  13  43000
0  1  8  2  43000
0  1  8  4  43000
0  1  8  2  43000
0  1  8  14  43000
0  1  9  12  43000
0  1  9  0  43000
0  1  9  12  43000
0  1  9  12  43000
0  1  10  0  43000
0  1  10  1  43000
0  1  10  11  43000
0  1  10  3  43000
0  1  10  0  43000
0  1  11  10  43000
0  1  11  11  43000
0  1  11  0  43000
0  1  12  3  43000
0  1  12  3  43000
0  1  12  10  43000
0  1  12  5  43000
0  1  13  4  43000
0  1  13  7  43000
0  1  13  4  43000
1  2  0  4  43000
1  2  0  8  43000
1  2  1  5  43000
1  2  2  1  43000
1  2  3  3  43000
1  2  3  7  43000
1  2  4  3  43000
1  2  4  3  43000
1  2  5  5  43000
1  2  5  9  43000
1  2  5  0  43000
1  2  7  6  43000
1  2  8  5  43000
1  2  9  5  43000
1  2  10  0  43000
1  2  10  7  43000
1  2  12  8  43000
1  2  12  4  43000
1  2  13  3  43000
1  2  14  4  43000
1  2  14  8  43000
1  2  14  8  43000
1  2  15  8  43000
1  2  15  0  43000
0  1  3  1  43500
0  1  3  11  43500
0  1  3  8  43500
0  1  3  4  43500
0  1  4  0  43500
0  1  4  2  43500
0  1  4  2  43500
0  1  4  0  43500
0  1  4  8  43500
0  1  4  2  43500
0  1  4  4  43500
0  1  5  12  43500
0  1  5  3  43500
0  1  5  4  43500
0  1  6  4  43500
0  1  6  8  43500
0  1  6  15  43500
0  1  6  13  43500
0  1  6  2  43500
0  1  6  8  43500
0  1  6  10  43500
0  1  7  4  43500
0  1  7  0  43500
0  1  7  8  43500
0  1  7  13  43500
0  1  7  1  43500
0  1  7  4  43500
0  1  8  5  43500
0  1  8  9  43500
0  1  8  3  43500
0  1  8  12  43500
0  1  8  7  43500
0  1  8  13  43500
0  1  8  11  43500
0  1  9  7  43500
0  1  9  8  43500
0  1  9  8  43500
0  1  9  12  43500
0  1  9  14  43500
0  1  10  13  43500
0  1  10  12  43500
0  1  10  6  43500
0  1  10  13  43500
0  1  10  15  43500
0  1  11  5  43500
0  1  11  10  43500
0  1  11  11  43500
0  1  11  12  43500
0  1  11  11  43500
0  1  11  5  43500
0  1  12  11  43500
0  1  12  5  43500
0  1  12  14  43500
0  1  12  13  43500
0  1  12  0  43500
0  1  12  5  43500
0  1  13  7  43500
0  1  13  12  43500
0  1  13  10  43500
0  1  13  15  43500
1  2  1  5  43500
1  2  2  2  43500
1  2  3  4  43500
1  2  4  2  43500
1  2  4  3  43500
1  2  5  3  43500
1  2  6  1  43500
1  2  6  5  43500
1  2  6  1  43500
1  2  10  7  43500
1  2  10  1  43500
1  2  11  2  43500
1  2  11  0  43500
1  2  11  8  43500
1  2  12  2  43500
1  2  13  2  43500
1  2  13  2  43500
1  2  14  9  43500
1  2  15  1  43500
0  1  3  12  44000
0  1  3  15  44000
0  1  3  5  44000
0  1  3  2  44000
0  1  4  11  44000
0  1  4  8  44000
0  1  4  11  44000
0  1  4  5  44000
0  1  4  0  44000
0  1  4  11  44000
0  1  4  14  44000
0  1  5  14  44000
0  1  5  12  44000
0  1  5  5  44000
0  1  6  3  44000
0  1  6  5  44000
0  1  6  10  44000
0  1  6  10  44000
0  1  6  6  44000
0  1  6  7  44000
0  1  6  9  44000
0  1  7  4  44000
0  1  7  15  44000
0  1  7  4  44000
0  1  7  15  44000
0  1  7  1  44000
0  1  7  9  44000
0  1  8  14  44000
0  1  8  1  44000
0  1  8  8  44000
0  1  8  1  44000
0  1  8  4  44000
0  1  8  1  44000
0  1  9  5  44000
0  1  9  4  44000
0  1  9  14  44000
0  1  9  15  44000
0  1  9  5  44000
0  1  10  13  44000
0  1  10  12  44000
0  1  10  6  44000
0  1  10  4  44000
0  1  10  12  44000
0  1  11  5  44000
0  1  11  0  44000
0  1  11  5  44000
0  1  11  11  44000
0  1  11  5  44000
0  1  11  4  44000
0  1  12  3  44000
0  1  12  3  44000
0  1  12  11  44000
0  1  12  11  44000
0  1  13  14  44000
0  1  13  7  44000
1  2  0  2  44000
1  2  0  7  44000
1  2  0  2  44000
1  2  3  4  44000
1  2  3  3  44000
1  2  5  1  44000
1  2  6  9  44000
1  2  6  8  44000
1  2  7  5  44000
1  2  7  3  44000
1  2  7  8  44000
1  2  8  7  44000
1  2  10  9  44000
1  2  11  0  44000
1  2  12  2  44000
1  2  12  8  44000
1  2  14  2  44000
1  2  15  4  44000
1  2  15  2  44000
1  2  15  6  44000
1  2  15  3  44000
0  1  3  9  44500
0  1  3  4  44500
0  1  3  11  44500
0  1  3  9  44500
0  1  3  2  44500
0  1  3  0  44500
0  1  4  9  44500
0  1  4  5  44500
0  1  4  0  44500
0  1  4  0  44500
0  1  4  2  44500
0  1  4  1  44500
0  1  4  9  44500
0  1  5  15  44500
0  1  5  2  44500
0  1  5  10  44500
0  1  6  7  44500
0  1  6  11  44500
0  1  6  3  44500
0  1  6  1  44500
0  1  6  13  44500
0  1  6  12  44500
0  1  7  14  44500
0  1  7  3  44500
0  1  7  8  44500
0  1  7  5  44500
0  1  7  13  44500
0  1  7  8  44500
0  1  8  3  44500
0  1  8  5  44500
0  1  8  8  44500
0  1  8  9  44500
0  1  8  13  44500
0  1  8  15  44500
0  1  9  6  44500
0  1  9  7  44500
0  1  9  8  44500
0  1  9  10  44500
0  1  9  4  44500
0  1  9  9  44500
0  1  10  3  44500
0  1  10  7  44500
0  1  10  8  44500
0  1  10  7  44500
0  1  11  8  44500
0  1  11  4  44500
0  1  11  15  44500
0  1  11  9  44500
0  1  12  3  44500
0  1  12  12  44500
0  1  12  6  44500
0  1  12  5  44500
0  1  12  12  44500
0  1  12  8  44500
0  1  13  0  44500
0  1  13  10  44500
0  1  13  1  44500
0  1  13  10  44500
0  1  13  9  44500
0  1  13  5  44500
1  2  1  5  44500
1  2  1  1  44500
1  2  2  5  44500
1  2  2  7  44500
1  2  3  7  44500
1  2  5  8  44500
1  2  5  6  44500
1  2  5  1  44500
1  2  6  2  44500
1  2  6  3  44500
1  2  7  3  44500
1  2  8  2  44500
1  2  9  0  44500
1  2  10  8  44500
1  2  12  6  44500
1  2  12  7  44500
1  2  12  8  44500
1  2  12  8  44500
1  2  15  1  44500
0  1  3  9  45000
0  1  3  5  45000
0  1  3  5  45000
0  1  3  11  45000
0  1  4  9  45000
0  1  4  7  45000
0  1  4  0  45000
0  1  4  1  45000
0  1  4  9  45000
0  1  4  11  45000
0  1  4  6  45000
0  1  5  10  45000
0  1  5  15  45000
0  1  5  3  45000
0  1  6  6  45000
0  1  6  10  45000
0  1  6  15  45000
0  1  6  13  45000
0  1  6  6  45000
0  1  6  9  45000
0  1  6  12  45000
0  1  7  5  45000
0  1  7  12  45000
0  1  7  8  45000
0  1  7  4  45000
0  1  7  6  45000
0  1  7  14  45000
0  1  8  9  45000
0  1  8  14  45000
0  1  8  14  45000
0  1  8  10  45000
0  1  8  0  45000
0  1  8  14  45000
0  1  9  12  45000
0  1  9  6  45000
0  1  9  5  45000
0  1  9  0  45000
0  1  9  14  45000
0  1  10  14  45000
0  1  10  1  45000
0  1  10  12  45000
0  1  10  9  45000
0  1  10  2  45000
0  1  11  10  45000
0  1  11  12  45000
0  1  11  8  45000
0  1  11  2  45000
0  1  11  15  45000
0  1  12  7  45000
0  1  12  15  45000
0  1  12  6  45000
0  1  12  9  45000
0  1  12  9  45000
0  1  13  2  45000
0  1  13  15  45000
0  1  13  10  45000
1  2  0  8  45000
1  2  1  7  45000
1  2  4  2  45000
1  2  5  1  45000
1  2  5  1  45000
1  2  6  6  45000
1  2  6  3  45000
1  2  6  9  45000
1  2  8  4  45000
1  2  9  1  45000
1  2  9  2  45000
1  2  10  9  45000
1  2  12  3  45000
1  2  13  5  45000
1  2  15  9  45000
0  1  3  12  45500
0  1  3  14  45500
0  1  3  10  45500
0  1  3  5  45500
0  1  3  3  45500
0  1  4  14  45500
0  1  4  2  45500
0  1  4  15  45500
0  1  4  14  45500
0  1  4  7  45500
0  1  4  6  45500
0  1  5  1  45500
0  1  5  14  45500
0  1  5  7  45500
0  1  6  0  45500
0  1  6  4  45500
0  1  6  10  45500
0  1  6  6  45500
0  1  6  4  45500
0  1  6  7  45500
0  1  7  5  45500
0  1  7  14  45500
0  1  7  3  45500
0  1  7  6  45500
0  1  7  14  45500
0  1  7  6  45500
0  1  8  8  45500
0  1  8  8  45500
0  1  8  11  45500
0  1  8  7  45500
0  1  8  3  45500
0  1  8  13  45500
0  1  9  11  45500
0  1  9  14  45500
0  1  9  5  45500
0  1  10  4  45500
0  1  10  0  45500
0  1  10  0  45500
0  1  10  6  45500
0  1  11  12  45500
0  1  11  0  45500
0  1  11  1  45500
0  1  11  6  45500
0  1  11  13  45500
0  1  12  0  45500
0  1  12  10  45500
0  1  12  5  45500
0  1  12  4  45500
0  1  12  15  45500
0  1  12  13  45500
0  1  13  2  45500
0  1  13  6  45500
0  1  13  4  45500
0  1  13  8  45500
1  2  0  9  45500
1  2  1  7  45500
1  2  1  1  45500
1  2  1  5  45500
1  2  2  7  45500
1  2  3  8  45500
1  2  3  8  45500
1  2  4  7  45500
1  2  5  7  45500
1  2  6  8  45500
1  2  6  4  45500
1  2  8  1  45500
1  2  10  0  45500
1  2  10  9  45500
1  2  11  4  45500
1  2  11  2  45500
1  2  11  6  45500
1  2  12  2  45500
1  2  12  7  45500
1  2  13  4  45500
1  2  13  2  45500
1  2  15  8  45500
1  2  15  6  45500
0  1  3  15  46000
0  1  3  12  46000
0  1  3  2  46000
0  1  3  15  46000
0  1  3  11  46000
0  1  4  15  46000
0  1  4  15  46000
0  1  4  5  46000
0  1  4  0  46000
0  1  4  10  46000
0  1  4  15  46000
0  1  5  0  46000
0  1  5  7  46000
0  1  5  2  46000
0  1  6  5  46000
0  1  6  10  46000
0  1  6  1  46000
0  1  6  15  46000
0  1  6  1  46000
0  1  6  6  46000
0  1  7  6  46000
0  1  7  3  46000
0  1  7  2  46000
0  1  7  2  46000
0  1  7  11  46000
0  1  7  1  46000
0  1  7  11  46000
0  1  8  5  46000
0  1  8  14  46000
0  1  8  11  46000
0  1  8  6  46000
0  1  8  10  46000
0  1  9  1  46000
0  1  9  3  46000
0  1  9  3  46000
0  1  10  9  46000
0  1  10  0  46000
0  1  10  8  46000
0  1  11  9  46000
0  1  11  13  46000
0  1  11  1  46000
0  1  11  15  46000
0  1  11  9  46000
0  1  12  4  46000
0  1  12  1  46000
0  1  12  10  46000
0  1  12  10  46000
0  1  12  2  46000
0  1  12  4  46000
0  1  13  1  46000
0  1  13  14  46000
0  1  13  4  46000
0  1  13  7  46000
1  2  0  3  46000
1  2  0  2  46000
1  2  1  4  46000
1  2  1  1  46000
1  2  1  5  46000
1  2  2  2  46000
1  2  3  3  46000
1  2  3  6  46000
1  2  3  4  46000
1  2  4  3  46000
1  2  5  7  46000
1  2  6  0  46000
1  2  7  5  46000
1  2  7  1  46000
1  2  8  8  46000
1  2  8  8  46000
1  2  9  7  46000
1  2  10  5  46000
1  2  10  6  46000
1  2  11  4  46000
1  2  13  4  46000
1  2  15  6  46000
0  1  3  4  46500
0  1  3  2  46500
0  1  3  13  46500
0  1  3  3  46500
0  1  3  3  46500
0  1  4  6  46500
0  1  4  2  46500
0  1  4  5  46500
0  1  4  9  46500
0  1  4  14  46500
0  1  4  1  46500
0  1  5  14  46500
0  1  5  8  46500
0  1  5  12  46500
0  1  5  13  46500
0  1  6  6  46500
0  1  6  13  46500
0  1  6  2  46500
0  1  6  14  46500
0  1  6  13  46500
0  1  6  7  46500
0  1  6  9  46500
0  1  6  11  46500
0  1  7  15  46500
0  1  7  6  46500
0  1  7  6  46500
0  1  7  5  46500
0  1  7  2  46500
0  1  7  5  46500
0  1  8  10  46500
0  1  8  0  46500
0  1  8  12  46500
0  1  8  15  46500
0  1  8  5  46500
0  1  8  4  46500
0  1  9  15  46500
0  1  9  15  46500
0  1  9  12  46500
0  1  9  3  46500
0  1  9  8  46500
0  1  10  13  46500
0  1  10  10  46500
0  1  10  4  46500
0  1  10  0  46500
0  1  10  5  46500
0  1  11  12  46500
0  1  11  0  46500
0  1  11  5  46500
0  1  11  13  46500
0  1  11  11  46500
0  1  12  0  46500
0  1  12  10  46500
0  1  12  0  46500
0  1  12  13  46500
0  1  12  0  46500
0  1  13  0  46500
0  1  13  7  46500
0  1  13  1  46500
1  2  0  1  46500
1  2  0  8  46500
1  2  2  0  46500
1  2  3  4  46500
1  2  3  7  46500
1  2  4  7  46500
1  2  4  1  46500
1  2  5  5  46500
1  2  5  3  46500
1  2  5  3  46500
1  2  5  1  46500
1  2  6  3  46500
1  2  6  2  46500
1  2  7  5  46500
1  2  10  0  46500
1  2  10  9  46500
1  2  11  5  46500
1  2  11  0  46500
1  2  12  8  46500
1  2  14  9  46500
1  2  14  1  46500
1  2  15  7  46500
1  2  15  5  46500
0  1  3  9  47000
0  1  3  14  47000
0  1  3  9  47000
0  1  3  5  47000
0  1  3  11  47000
0  1  3  3  47000
0  1  4  7  47000
0  1  4  13  47000
0  1  4  14  47000
0  1  4  3  47000
0  1  4  13  47000
0  1  4  8  47000
0  1  5  3  47000
0  1  5  0  47000
0  1  5  5  47000
0  1  5  6  47000
0  1  6  3  47000
0  1  6  0  47000
0  1  6  7  47000
0  1  6  14  47000
0  1  6  15  47000
0  1  6  6  47000
0  1  6  14  47000
0  1  7  1  47000
0  1  7  13  47000
0  1  7  8  47000
0  1  7  1  47000
0  1  7  0  47000
0  1  7  0  47000
0  1  7  5  47000
0  1  8  8  47000
0  1  8  12  47000
0  1  8  9  47000
0  1  8  8  47000
0  1  8  3  47000
0  1  9  8  47000
0  1  9  15  47000
0  1  9  15  47000
0  1  9  6  47000
0  1  10  7  47000
0  1  10  7  47000
0  1  10  9  47000
0  1  10  6  47000
0  1  11  3  47000
0  1  11  3  47000
0  1  11  14  47000
0  1  11  7  47000
0  1  12  2  47000
0  1  12  8  47000
0  1  12  11  47000
0  1  12  3  47000
0  1  12  15  47000
0  1  13  2  47000
0  1  13  8  47000
0  1  13  0  47000
0  1  13  14  47000
1  2  0  3  47000
1  2  0  2  47000
1  2  0  2  47000
1  2  0  3  47000
1  2  1  7  47000
1  2  2  1  47000
1  2  3  1  47000
1  2  3  7  47000
1  2  3  2  47000
1  2  4  2  47000
1  2  4  2  47000
1  2  4  8  47000
1  2  5  6  47000
1  2  5  7  47000
1  2  6  1  47000
1  2  7  1  47000
1  2  7  3  47000
1  2  8  8  47000
1  2  10  9  47000
1  2  10  3  47000
1  2  11  7  47000
1  2  12  2  47000
1  2  12  4  47000
1  2  13  1  47000
1  2  14  3  47000
1  2  15  7  47000
1  2  15  5  47000
0  1  3  0  47500
0  1  3  1  47500
0  1  3  10  47500
0  1  3  3  47500
0  1  3  13  47500
0  1  4  6  47500
0  1  4  6  47500
0  1  4  7  47500
0  1  4  7  47500
0  1  5  15  47500
0  1  5  0  47500
0  1  5  12  47500
0  1  6  12  47500
0  1  6  6  47500
0  1  6  12  47500
0  1  6  6  47500
0  1  6  2  47500
0  1  6  0  47500
0  1  6  8  47500
0  1  6  9  47500
0  1  7  2  47500
0  1  7  0  47500
0  1  7  15  47500
0  1  7  2  47500
0  1  7  1  47500
0  1  7  3  47500
0  1  8  8  47500
0  1  8  0  47500
0  1  8  1  47500
0  1  8  13  47500
0  1  8  14  47500
0  1  9  15  47500
0  1  9  6  47500
0  1  9  8  47500
0  1  9  0  47500
0  1  9  10  47500
0  1  10  11  47500
0  1  10  9  47500
0  1  10  6  47500
0  1  10  12  47500
0  1  11  14  47500
0  1  11  3  47500
0  1  11  10  47500
0  1  11  3  47500
0  1  11  5  47500
0  1  12  4  47500
0  1  12  6  47500
0  1  12  5  47500
0  1  12  5  47500
0  1  12  9  47500
0  1  13  14  47500
0  1  13  0  47500
0  1  13  4  47500
0  1  13  5  47500
1  2  0  4  47500
1  2  0  2  47500
1  2  1  7  47500
1  2  3  4  47500
1  2  3  7  47500
1  2  4  1  47500
1  2  4  8  47500
1  2  5  7  47500
1  2  6  8  47500
1  2  6  7  47500
1  2  7  1  47500
1  2  10  2  47500
1  2  10  9  47500
1  2  11  9  47500
1  2  11  0  47500
1  2  12  2  47500
1  2  12  3  47500
1  2  14  9  47500
1  2  14  9  47500
1  2  15  7  47500
0  1  3  2  48000
0  1  3  5  48000
0  1  3  1  48000
0  1  3  8  48000
0  1  4  10  48000
0  1  4  11  48000
0  1  4  14  48000
0  1  4  2  48000
0  1  4  10  48000
0  1  4  8  48000
0  1  5  12  48000
0  1  5  4  48000
0  1  5  2  48000
0  1  6  8  48000
0  1  6  4  48000
0  1  6  14  48000
0  1  6  15  48000
0  1  6  14  48000
0  1  6  11  48000
0  1  7  14  48000
0  1  7  14  48000
0  1  7  11  48000
0  1  7  8  48000
0  1  7  14  48000
0  1  7  4  48000
0  1  8  8  48000
0  1  8  4  48000
0  1  8  5  48000
0  1  8  12  48000
0  1  8  7  48000
0  1  8  1  48000
0  1  9  1  48000
0  1  9  2  48000
0  1  9  4  48000
0  1  9  3  48000
0  1  10  7  48000
0  1  10  5  48000
0  1  10  7  48000
0  1  10  9  48000
0  1  11  15  48000
0  1  11  8  48000
0  1  11  8  48000
0  1  11  8  48000
0  1  11  13  48000
0  1  11  1  48000
0  1  12  15  48000
0  1  12  1  48000
0  1  12  7  48000
0  1  12  11  48000
0  1  12  7  48000
0  1  12  0  48000
0  1  13  8  48000
0  1  13  8  48000
0  1  13  7  48000
0  1  13  0  48000
1  2  0  4  48000
1  2  0  6  48000
1  2  1  1  48000
1  2  1  5  48000
1  2  5  8  48000
1  2  5  7  48000
1  2  6  3  48000
1  2  7  5  48000
1  2  7  1  48000
1  2  8  9  48000
1  2  10  1  48000
1  2  10  2  48000
1  2  10  9  48000
1  2  12  1  48000
1  2  13  2  48000
1  2  13  9  48000
1  2  14  8  48000
1  2  15  7  48000
1  2  15  0  48000
0  1  3  1  48500
0  1  3  15  48500
0  1  3  14  48500
0  1  3  12  48500
0  1  3  10  48500
0  1  3  14  48500
0  1  4  4  48500
0  1  4  14  48500
0  1  4  8  48500
0  1  4  1  48500
0  1  4  8  48500
0  1  4  11  48500
0  1  4  11  48500
0  1  4  6  48500
0  1  5  8  48500
0  1  5  10  48500
0  1  5  6  48500
0  1  5  13  48500
0  1  5  6  48500
0  1  5  2  48500
0  1  5  1  48500
0  1  6  2  48500
0  1  6  10  48500
0  1  6  2  48500
0  1  6  6  48500
0  1  6  6  48500
0  1  6  2  48500
0  1  7  8  48500
0  1  7  11  48500
0  1  7  11  48500
0  1  7  2  48500
0  1  7  6  48500
0  1  7  4  48500
0  1  7  0  48500
0  1  7  12  48500
0  1  7  13  48500
0  1  7  5  48500
0  1  7  3  48500
0  1  7  5  48500
0  1  7  11  48500
0  1  7  15  48500
0  1  7  9  48500
0  1  7  15  48500
0  1  7  6  48500
0  1  7  1  48500
0  1  7  9  48500
0  1  8  4  48500
0  1  8  12  48500
0  1  8  4  48500
0  1  8  8  48500
0  1  8  6  48500
0  1  8  12  48500
0  1  8  13  48500
0  1  8  2  48500
0  1  8  15  48500
0  1  8  9  48500
0  1  9  12  48500
0  1  10  2  48500
0  1  10  4  48500
0  1  10  15  48500
0  1  10  4  48500
0  1  11  2  48500
0  1  11  4  48500
0  1  11  15  48500
0  1  11  3  48500
0  1  12  10  48500
0  1  12  10  48500
0  1  12  7  48500
0  1  12  9  48500
0  1  12  8  48500
0  1  12  15  48500
0  1  12  11  48500
0  1  13  14  48500
0  1  13  0  48500
0  1  13  7  48500
0  1  13  8  48500
0  1  13  7  48500
0  1  13  7  48500
0  1  14  14  48500
1  2  1  4  48500
1  2  2  9  48500
1  2  3  5  48500
1  2  4  1  48500
1  2  4  7  48500
1  2  5  3  48500
1  2  5  9  48500
1  2  6  6  48500
1  2  6  3  48500
1  2  7  1  48500
1  2  7  3  48500
1  2  8  8  48500
1  2  10  9  48500
1  2  13  9  48500
1  2  14  8  48500
1  2  15  2  48500
1  2  15  6  48500
0  1  3  7  49000
0  1  3  0  49000
0  1  3  4  49000
0  1  3  2  49000
0  1  3  9  49000
0  1  3  10  49000
0  1  3  14  49000
0  1  4  12  49000
0  1  4  15  49000
0  1  4  2  49000
0  1  4  9  49000
0  1  4  4  49000
0  1  4  2  49000
0  1  5  9  49000
0  1  5  8  49000
0  1  5  14  49000
0  1  5  9  49000
0  1  5  6  49000
0  1  5  10  49000
0  1  5  1  49000
0  1  5  14  49000
0  1  6  4  49000
0  1  6  4  49000
0  1  6  8  49000
0  1  6  8  49000
0  1  6  9  49000
0  1  6  9  49000
0  1  6  4  49000
0  1  7  9  49000
0  1  7  4  49000
0  1  7  12  49000
0  1  7  7  49000
0  1  7  2  49000
0  1  7  4  49000
0  1  7  13  49000
0  1  7  15  49000
0  1  7  13  49000
0  1  7  9  49000
0  1  7  0  49000
0  1  7  0  49000
0  1  7  8  49000
0  1  7  8  49000
0  1  7  15  49000
0  1  7  4  49000
0  1  7  5  49000
0  1  7  5  49000
0  1  7  8  49000
0  1  8  6  49000
0  1  8  12  49000
0  1  8  5  49000
0  1  8  15  49000
0  1  8  4  49000
0  1  8  8  49000
0  1  8  6  49000
0  1  8  2  49000
0  1  8  15  49000
0  1  9  11  49000
0  1  9  6  49000
0  1  10  2  49000
0  1  10  13  49000
0  1  10  5  49000
0  1  10  4  49000
0  1  10  0  49000
0  1  11  14  49000
0  1  11  6  49000
0  1  11  11  49000
0  1  11  5  49000
0  1  12  15  49000
0  1  12  3  49000
0  1  12  14  49000
0  1  12  10  49000
0  1  12  13  49000
0  1  12  7  49000
0  1  12  1  49000
0  1  12  8  49000
0  1  13  12  49000
0  1  13  6  49000
0  1  13  13  49000
0  1  13  13  49000
0  1  13  12  49000
0  1  13  7  49000
0  1  14  6  49000
1  2  0  7  49000
1  2  0  5  49000
1  2  3  3  49000
1  2  3  6  49000
1  2  4  7  49000
1  2  4  4  49000
1  2  5  9  49000
1  2  5  3  49000
1  2  5  3  49000
1  2  5  6  49000
1  2  5  1  49000
1  2  6  4  49000
1  2  6  7  49000
1  2  7  8  49000
1  2  7  5  49000
1  2  7  0  49000
1  2  8  7  49000
1  2  8  5  49000
1  2  8  8  49000
1  2  11  7  49000
1  2  12  1  49000
1  2  13  9  49000
1  2  14  2  49000
1  2  14  4  49000
1  2  15  8  49000
1  2  15  1  49000
1  2  15  3  49000
0  1  3  11  49500
0  1  3  9  49500
0  1  3  9  49500
0  1  3  7  49500
0  1  3  3  49500
0  1  3  7  49500
0  1  3  1  49500
0  1  4  14  49500
0  1  4  13  49500
0  1  4  0  49500
0  1  4  9  49500
0  1  4  1  49500
0  1  4  13  49500
0  1  4  8  49500
0  1  4  5  49500
0  1  5  7  49500
0  1  5  3  49500
0  1  5  7  49500
0  1  5  15  49500
0  1  5  15  49500
0  1  5  11  49500
0  1  6  12  49500
0  1  6  8  49500
0  1  6  0  49500
0  1  6  2  49500
0  1  6  11  49500
0  1  6  11  49500
0  1  6  6  49500
0  1  6  8  49500
0  1  7  5  49500
0  1  7  0  49500
0  1  7  11  49500
0  1  7  9  49500
0  1  7  12  49500
0  1  7  0  49500
0  1  7  10  49500
0  1  7  13  49500
0  1  7  3  49500
0  1  7  4  49500
0  1  7  7  49500
0  1  7  6  49500
0  1  7  9  49500
0  1  7  0  49500
0  1  7  10  49500
0  1  7  7  49500
0  1  7  15  49500
0  1  7  5  49500
0  1  7  15  49500
0  1  8  8  49500
0  1  8  7  49500
0  1  8  10  49500
0  1  8  5  49500
0  1  8  7  49500
0  1  8  8  49500
0  1  8  13  49500
0  1  8  13  49500
0  1  8  5  49500
0  1  8  3  49500
0  1  9  8  49500
0  1  9  8  49500
0  1  10  15  49500
0  1  10  5  49500
0  1  10  15  49500
0  1  10  4  49500
0  1  10  0  49500
0  1  11  5  49500
0  1  11  9  49500
0  1  11  3  49500
0  1  11  2  49500
0  1  11  14  49500
0  1  12  6  49500
0  1  12  5  49500
0  1  12  6  49500
0  1  12  7  49500
0  1  12  10  49500
0  1  12  6  49500
0  1  12  0  49500
0  1  13  4  49500
0  1  13  10  49500
0  1  13  3  49500
0  1  13  13  49500
0  1  14  5  49500
1  2  0  3  49500
1  2  2  9  49500
1  2  2  6  49500
1  2  3  8  49500
1  2  3  5  49500
1  2  4  7  49500
1  2  5  9  49500
1  2  6  5  49500
1  2  6  4  49500
1  2  6  8  49500
1  2  12  5  49500
1  2  13  2  49500
1  2  13  6  49500
1  2  14  1  49500
0  1  3  12  50000
0  1  3  14  50000
0  1  3  9  50000
0  1  4  1  50000
0  1  4  9  50000
0  1  4  11  50000
0  1  4  13  50000
0  1  4  0  50000
0  1  4  7  50000
0  1  4  6  50000
0  1  4  12  50000
0  1  5  4  50000
0  1  5  15  50000
0  1  5  8  50000
0  1  5  4  50000
0  1  5  4  50000
0  1  6  9  50000
0  1  6  6  50000
0  1  6  5  50000
0  1  6  13  50000
0  1  6  3  50000
0  1  6  1  50000
0  1  6  2  50000
0  1  6  12  50000
0  1  7  9  50000
0  1  7  13  50000
0  1  7  15  50000
0  1  7  12  50000
0  1  7  6  50000
0  1  7  6  50000
0  1  7  4  50000
0  1  7  10  50000
0  1  7  0  50000
0  1  7  15  50000
0  1  7  15  50000
0  1  7  10  50000
0  1  7  9  50000
0  1  7  4  50000
0  1  7  8  50000
0  1  7  6  50000
0  1  7  0  50000
0  1  7  12  50000
0  1  7  0  50000
0  1  7  2  50000
0  1  7  6  50000
0  1  7  12  50000
0  1  8  15  50000
0  1  8  9  50000
0  1  8  10  50000
0  1  8  3  50000
0  1  8  0  50000
0  1  8  5  50000
0  1  8  14  50000
0  1  8  4  50000
0  1  8  14  50000
0  1  8  10  50000
0  1  8  0  50000
0  1  9  12  50000
0  1  10  7  50000
0  1  10  1  50000
0  1  10  15  50000
0  1  10  13  50000
0  1  10  14  50000
0  1  11  12  50000
0  1  11  10  50000
0  1  11  10  50000
0  1  11  11  50000
0  1  11  7  50000
0  1  12  10  50000
0  1  12  3  50000
0  1  12  0  50000
0  1  12  11  50000
0  1  12  9  50000
0  1  12  7  50000
0  1  12  15  50000
0  1  13  10  50000
0  1  13  2  50000
0  1  13  1  50000
0  1  13  7  50000
0  1  13  7  50000
1  2  0  4  50000
1  2  0  5  50000
1  2  0  8  50000
1  2  1  3  50000
1  2  2  8  50000
1  2  2  8  50000
1  2  3  7  50000
1  2  4  4  50000
1  2  5  4  50000
1  2  5  5  50000
1  2  5  9  50000
1  2  6  8  50000
1  2  7  0  50000
1  2  8  4  50000
1  2  9  5  50000
1  2  9  1  50000
1  2  10  6  50000
1  2  10  4  50000
1  2  11  6  50000
1  2  11  7  50000
1  2  11  5  50000
1  2  12  4  50000
1  2  13  3  50000
1  2  14  0  50000
1  2  14  1  50000
0  1  3  10  50500
0  1  3  1  50500
0  1  3  13  50500
0  1  3  7  50500
0  1  3  2  50500
0  1  3  5  50500
0  1  4  13  50500
0  1  4  6  50500
0  1  4  15  50500
0  1  4  8  50500
0  1  4  7  50500
0  1  4  2  50500
0  1  4  14  50500
0  1  5  12  50500
0  1  5  2  50500
0  1  5  3  50500
0  1  5  8  50500
0  1  5  12  50500
0  1  5  11  50500
0  1  5  0  50500
0  1  5  11  50500
0  1  6  15  50500
0  1  6  9  50500
0  1  6  9  50500
0  1  6  11  50500
0  1  6  8  50500
0  1  6  4  50500
0  1  6  8  50500
0  1  6  10  50500
0  1  7  9  50500
0  1  7  7  50500
0  1  7  11  50500
0  1  7  13  50500
0  1  7  0  50500
0  1  7  13  50500
0  1  7  8  50500
0  1  7  6  50500
0  1  7  11  50500
0  1  7  15  50500
0  1  7  4  50500
0  1  7  13  50500
0  1  7  14  50500
0  1  7  2  50500
0  1  7  14  50500
0  1  7  14  50500
0  1  7  8  50500
0  1  7  3  50500
0  1  8  1  50500
0  1  8  9  50500
0  1  8  4  50500
0  1  8  2  50500
0  1  8  7  50500
0  1  8  6  50500
0  1  8  3  50500
0  1  9  11  50500
0  1  9  6  50500
0  1  10  8  50500
0  1  10  2  50500
0  1  10  14  50500
0  1  10  0  50500
0  1  11  12  50500
0  1  11  2  50500
0  1  11  10  50500
0  1  11  0  50500
0  1  11  0  50500
0  1  12  3  50500
0  1  12  9  50500
0  1  12  0  50500
0  1  12  4  50500
0  1  12  14  50500
0  1  12  9  50500
0  1  12  6  50500
0  1  12  0  50500
0  1  13  0  50500
0  1  13  9  50500
0  1  13  15  50500
0  1  13  2  50500
0  1  14  3  50500
1  2  0  4  50500
1  2  0  8  50500
1  2  2  7  50500
1  2  3  6  50500
1  2  3  4  50500
1  2  3  5  50500
1  2  4  4  50500
1  2  5  9  50500
1  2  5  3  50500
1  2  5  4  50500
1  2  8  7  50500
1  2  10  9  50500
1  2  10  8  50500
1  2  10  4  50500
1  2  11  7  50500
1  2  11  0  50500
1  2  12  8  50500
1  2  13  2  50500
1  2  13  4  50500
1  2  13  1  50500
1  2  14  5  50500
1  2  14  0  50500
1  2  15  8  50500
1  2  15  3  50500
1  2  15  6  50500
0  1  3  2  51000
0  1  3  7  51000
0  1  3  0  51000
0  1  3  13  51000
0  1  3  3  51000
0  1  3  3  51000
0  1  3  11  51000
0  1  4  8  51000
0  1  4  10  51000
0  1  4  1  51000
0  1  4  5  51000
0  1  4  5  51000
0  1  4  15  51000
0  1  5  12  51000
0  1  5  15  51000
0  1  5  8  51000
0  1  5  11  51000
0  1  5  4  51000
0  1  5  2  51000
0  1  5  9  51000
0  1  5  12  51000
0  1  6  10  51000
0  1  6  14  51000
0  1  6  6  51000
0  1  6  3  51000
0  1  6  2  51000
0  1  6  0  51000
0  1  6  8  51000
0  1  7  6  51000
0  1  7  7  51000
0  1  7  7  51000
0  1  7  8  51000
0  1  7  7  51000
0  1  7  12  51000
0  1  7  6  51000
0  1  7  15  51000
0  1  7  8  51000
0  1  7  4  51000
0  1  7  12  51000
0  1  7  5  51000
0  1  7  7  51000
0  1  7  4  51000
0  1  7  12  51000
0  1  7  8  51000
0  1  7  4  51000
0  1  7  12  51000
0  1  7  2  51000
0  1  7  6  51000
0  1  8  4  51000
0  1  8  12  51000
0  1  8  12  51000
0  1  8  12  51000
0  1  8  0  51000
0  1  8  9  51000
0  1  8  4  51000
0  1  8  15  51000
0  1  8  7  51000
0  1  9  14  51000
0  1  9  8  51000
0  1  10  4  51000
0  1  10  13  51000
0  1  10  7  51000
0  1  10  0  51000
0  1  10  6  51000
0  1  11  15  51000
0  1  11  0  51000
0  1  11  2  51000
0  1  11  2  51000
0  1  12  10  51000
0  1  12  12  51000
0  1  12  0  51000
0  1  12  13  51000
0  1  12  3  51000
0  1  13  5  51000
0  1  13  11  51000
0  1  13  14  51000
0  1  13  14  51000
0  1  13  4  51000
0  1  14  15  51000
1  2  2  8  51000
1  2  3  4  51000
1  2  3  5  51000
1  2  3  2  51000
1  2  4  7  51000
1  2  5  9  51000
1  2  5  3  51000
1  2  5  9  51000
1  2  8  0  51000
1  2  8  9  51000
1  2  8  4  51000
1  2  9  2  51000
1  2  11  7  51000
1  2  12  4  51000
1  2  13  4  51000
1  2  13  5  51000
1  2  14  8  51000
0  1  3  0  51500
0  1  3  7  51500
0  1  3  5  51500
0  1  3  11  51500
0  1  3  6  51500
0  1  3  5  51500
0  1  3  2  51500
0  1  3  13  51500
0  1  4  3  51500
0  1  4  14  51500
0  1  4  5  51500
0  1  4  6  51500
0  1  4  10  51500
0  1  4  0  51500
0  1  4  4  51500
0  1  4  10  51500
0  1  4  13  51500
0  1  4  9  51500
0  1  5  1  51500
0  1  5  14  51500
0  1  5  13  51500
0  1  5  12  51500
0  1  5  7  51500
0  1  5  8  51500
0  1  5  5  51500
0  1  5  3  51500
0  1  5  10  51500
0  1  6  6  51500
0  1  6  1  51500
0  1  6  0  51500
0  1  6  9  51500
0  1  6  8  51500
0  1  7  2  51500
0  1  7  13  51500
0  1  7  3  51500
0  1  7  6  51500
0  1  7  15  51500
0  1  7  4  51500
0  1  7  3  51500
0  1  7  11  51500
0  1  7  12  51500
0  1  7  6  51500
0  1  7  12  51500
0  1  7  13  51500
0  1  7  0  51500
0  1  7  12  51500
0  1  7  12  51500
0  1  7  13  51500
0  1  7  13  51500
0  1  7  1  51500
0  1  8  2  51500
0  1  8  3  51500
0  1  8  10  51500
0  1  8  12  51500
0  1  8  10  51500
0  1  8  4  51500
0  1  8  15  51500
0  1  8  14  51500
0  1  8  2  51500
0  1  9  4  51500
0  1  9  6  51500
0  1  10  3  51500
0  1  10  11  51500
0  1  10  2  51500
0  1  10  15  51500
0  1  11  12  51500
0  1  11  7  51500
0  1  11  10  51500
0  1  11  2  51500
0  1  11  15  51500
0  1  12  13  51500
0  1  12  8  51500
0  1  12  1  51500
0  1  12  14  51500
0  1  12  11  51500
0  1  12  0  51500
0  1  12  8  51500
0  1  12  2  51500
0  1  13  1  51500
0  1  13  8  51500
0  1  13  13  51500
0  1  13  9  51500
0  1  13  4  51500
0  1  13  3  51500
0  1  14  5  51500
0  1  14  6  51500
1  2  0  1  51500
1  2  1  4  51500
1  2  2  8  51500
1  2  3  8  51500
1  2  4  4  51500
1  2  4  0  51500
1  2  5  4  51500
1  2  5  2  51500
1  2  5  8  51500
1  2  6  4  51500
1  2  6  3  51500
1  2  8  4  51500
1  2  9  6  51500
1  2  9  1  51500
1  2  10  6  51500
1  2  10  7  51500
1  2  11  7  51500
1  2  11  2  51500
1  2  13  3  51500
0  1  3  14  52000
0  1  3  3  52000
0  1  3  2  52000
0  1  3  7  52000
0  1  3  4  52000
0  1  3  11  52000
0  1  3  5  52000
0  1  4  6  52000
0  1  4  0  52000
0  1  4  0  52000
0  1  4  9  52000
0  1  4  13  52000
0  1  4  6  52000
0  1  4  13  52000
0  1  4  0  52000
0  1  4  14  52000
0  1  4  9  52000
0  1  5  6  52000
0  1  5  2  52000
0  1  5  3  52000
0  1  5  13  52000
0  1  5  15  52000
0  1  5  1  52000
0  1  5  2  52000
0  1  6  5  52000
0  1  6  15  52000
0  1  6  2  52000
0  1  6  14  52000
0  1  6  5  52000
0  1  6  6  52000
0  1  7  6  52000
0  1  7  10  52000
0  1  7  1  52000
0  1  7  13  52000
0  1  7  7  52000
0  1  7  2  52000
0  1  7  4  52000
0  1  7  2  52000
0  1  7  9  52000
0  1  7  14  52000
0  1  7  4  52000
0  1  7  14  52000
0  1  7  4  52000
0  1  7  1  52000
0  1  7  13  52000
0  1  7  8  52000
0  1  7  4  52000
0  1  7  11  52000
0  1  7  6  52000
0  1  7  1  52000
0  1  8  10  52000
0  1  8  11  52000
0  1  8  8  52000
0  1  8  9  52000
0  1  8  0  52000
0  1  8  4  52000
0  1  8  3  52000
0  1  8  12  52000
0  1  9  2  52000
0  1  10  12  52000
0  1  10  9  52000
0  1  10  6  52000
0  1  10  11  52000
0  1  10  7  52000
0  1  11  11  52000
0  1  11  12  52000
0  1  11  4  52000
0  1  11  12  52000
0  1  12  8  52000
0  1  12  11  52000
0  1  12  15  52000
0  1  12  4  52000
0  1  12  11  52000
0  1  12  15  52000
0  1  12  1  52000
0  1  12  6  52000
0  1  13  3  52000
0  1  13  11  52000
0  1  13  0  52000
0  1  13  14  52000
1  2  0  3  52000
1  2  0  8  52000
1  2  2  6  52000
1  2  3  4  52000
1  2  4  1  52000
1  2  4  5  52000
1  2  5  5  52000
1  2  5  6  52000
1  2  7  0  52000
1  2  9  0  52000
1  2  10  5  52000
1  2  10  9  52000
1  2  11  9  52000
1  2  13  6  52000
1  2  13  4  52000
1  2  14  9  52000
0  1  3  7  52500
0  1  3  6  52500
0  1  3  9  52500
0  1  3  1  52500
0  1  3  14  52500
0  1  3  15  52500
0  1  3  5  52500
0  1  4  11  52500
0  1  4  8  52500
0  1  4  5  52500
0  1  4  2  52500
0  1  4  15  52500
0  1  4  11  52500
0  1  5  13  52500
0  1  5  9  52500
0  1  5  8  52500
0  1  5  13  52500
0  1  5  7  52500
0  1  5  15  52500
0  1  5  11  52500
0  1  5  9  52500
0  1  6  13  52500
0  1  6  4  52500
0  1  6  0  52500
0  1  6  6  52500
0  1  6  3  52500
0  1  6  1  52500
0  1  6  0  52500
0  1  7  13  52500
0  1  7  7  52500
0  1  7  5  52500
0  1  7  14  52500
0  1  7  3  52500
0  1  7  0  52500
0  1  7  10  52500
0  1  7  2  52500
0  1  7  14  52500
0  1  7  12  52500
0  1  7  1  52500
0  1  7  13  52500
0  1  7  3  52500
0  1  7  0  52500
0  1  7  2  52500
0  1  7  3  52500
0  1  7  6  52500
0  1  7  3  52500
0  1  7  9  52500
0  1  8  5  52500
0  1  8  6  52500
0  1  8  11  52500
0  1  8  9  52500
0  1  8  4  52500
0  1  8  13  52500
0  1  8  0  52500
0  1  8  9  52500
0  1  8  5  52500
0  1  9  12  52500
0  1  9  15  52500
0  1  10  9  52500
0  1  10  7  52500
0  1  10  6  52500
0  1  11  7  52500
0  1  11  11  52500
0  1  11  0  52500
0  1  11  12  52500
0  1  12  7  52500
0  1  12  8  52500
0  1  12  13  52500
0  1  12  0  52500
0  1  12  14  52500
0  1  13  0  52500
0  1  13  6  52500
0  1  13  14  52500
0  1  13  14  52500
0  1  14  5  52500
0  1  14  1  52500
1  2  0  5  52500
1  2  0  8  52500
1  2  2  9  52500
1  2  2  5  52500
1  2  4  8  52500
1  2  5  3  52500
1  2  5  5  52500
1  2  5  9  52500
1  2  6  1  52500
1  2  8  7  52500
1  2  8  2  52500
1  2  9  2  52500
1  2  10  7  52500
1  2  10  3  52500
1  2  12  6  52500
1  2  13  3  52500
1  2  13  9  52500
1  2  13  4  52500
1  2  14  0  52500
1  2  15  3  52500
0  1  3  0  53000
0  1  3  15  53000
0  1  3  0  53000
0  1  3  4  53000
0  1  3  6  53000
0  1  3  10  53000
0  1  3  13  53000
0  1  4  1  53000
0  1  4  9  53000
0  1  4  4  53000
0  1  4  14  53000
0  1  4  8  53000
0  1  4  4  53000
0  1  4  2  53000
0  1  4  15  53000
0  1  5  14  53000
0  1  5  8  53000
0  1  5  3  53000
0  1  5  11  53000
0  1  5  4  53000
0  1  5  13  53000
0  1  5  15  53000
0  1  5  8  53000
0  1  5  10  53000
0  1  5  2  53000
0  1  6  9  53000
0  1  6  8  53000
0  1  6  10  53000
0  1  6  11  53000
0  1  6  6  53000
0  1  6  6  53000
0  1  6  3  53000
0  1  6  2  53000
0  1  6  14  53000
0  1  7  2  53000
0  1  7  2  53000
0  1  7  11  53000
0  1  7  10  53000
0  1  7  12  53000
0  1  7  0  53000
0  1  7  6  53000
0  1  7  5  53000
0  1  7  2  53000
0  1  7  3  53000
0  1  7  14  53000
0  1  7  2  53000
0  1  7  9  53000
0  1  7  0  53000
0  1  7  15  53000
0  1  7  0  53000
0  1  7  0  53000
0  1  7  0  53000
0  1  7  12  53000
0  1  7  9  53000
0  1  7  15  53000
0  1  8  2  53000
0  1  8  3  53000
0  1  8  5  53000
0  1  8  12  53000
0  1  8  10  53000
0  1  8  3  53000
0  1  8  12  53000
0  1  8  13  53000
0  1  8  15  53000
0  1  8  3  53000
0  1  9  7  53000
0  1  10  3  53000
0  1  10  3  53000
0  1  10  9  53000
0  1  10  0  53000
0  1  10  1  53000
0  1  10  8  53000
0  1  11  7  53000
0  1  11  10  53000
0  1  11  2  53000
0  1  11  13  53000
0  1  11  11  53000
0  1  12  3  53000
0  1  12  5  53000
0  1  12  15  53000
0  1  12  14  53000
0  1  12  3  53000
0  1  12  13  53000
0  1  12  2  53000
0  1  13  8  53000
0  1  13  13  53000
0  1  13  13  53000
0  1  13  3  53000
0  1  13  3  53000
0  1  14  11  53000
1  2  0  4  53000
1  2  2  5  53000
1  2  2  7  53000
1  2  2  6  53000
1  2  3  6  53000
1  2  3  8  53000
1  2  4  6  53000
1  2  4  4  53000
1  2  4  0  53000
1  2  5  5  53000
1  2  5  9  53000
1  2  6  8  53000
1  2  6  7  53000
1  2  7  7  53000
1  2  7  4  53000
1  2  8  9  53000
1  2  8  7  53000
1  2  8  7  53000
1  2  8  8  53000
1  2  12  4  53000
1  2  15  2  53000
1  2  15  3  53000
0  1  3  2  53500
0  1  3  8  53500
0  1  3  0  53500
0  1  3  6  53500
0  1  3  15  53500
0  1  3  7  53500
0  1  3  14  53500
0  1  3  6  53500
0  1  3  6  53500
0  1  4  8  53500
0  1  4  9  53500
0  1  4  12  53500
0  1  4  3  53500
0  1  4  1  53500
0  1  4  6  53500
0  1  4  10  53500
0  1  4  2  53500
0  1  5  0  53500
0  1  5  12  53500
0  1  5  6  53500
0  1  5  10  53500
0  1  5  0  53500
0  1  5  13  53500
0  1  5  15  53500
0  1  5  1  53500
0  1  5  2  53500
0  1  6  8  53500
0  1  6  2  53500
0  1  6  5  53500
0  1  6  12  53500
0  1  6  11  53500
0  1  6  14  53500
0  1  7  14  53500
0  1  7  5  53500
0  1  7  15  53500
0  1  7  6  53500
0  1  7  9  53500
0  1  7  5  53500
0  1  7  8  53500
0  1  7  7  53500
0  1  7  4  53500
0  1  7  7  53500
0  1  7  11  53500
0  1  7  8  53500
0  1  7  12  53500
0  1  7  14  53500
0  1  7  6  53500
0  1  7  12  53500
0  1  7  14  53500
0  1  7  12  53500
0  1  7  6  53500
0  1  7  10  53500
0  1  8  5  53500
0  1  8  4  53500
0  1  8  11  53500
0  1  8  0  53500
0  1  8  1  53500
0  1  8  9  53500
0  1  8  6  53500
0  1  8  3  53500
0  1  8  14  53500
0  1  9  15  53500
0  1  10  5  53500
0  1  10  11  53500
0  1  10  12  53500
0  1  10  4  53500
0  1  10  3  53500
0  1  11  10  53500
0  1  11  5  53500
0  1  11  4  53500
0  1  11  11  53500
0  1  12  13  53500
0  1  12  0  53500
0  1  12  6  53500
0  1  12  13  53500
0  1  12  11  53500
0  1  12  14  53500
0  1  12  8  53500
0  1  13  12  53500
0  1  13  3  53500
0  1  13  2  53500
0  1  13  1  53500
0  1  13  13  53500
0  1  13  12  53500
0  1  14  6  53500
1  2  0  6  53500
1  2  0  3  53500
1  2  1  9  53500
1  2  1  3  53500
1  2  2  7  53500
1  2  2  6  53500
1  2  4  7  53500
1  2  4  0  53500
1  2  4  6  53500
1  2  5  3  53500
1  2  6  8  53500
1  2  8  7  53500
1  2  8  7  53500
1  2  10  7  53500
1  2  10  1  53500
1  2  11  4  53500
1  2  11  6  53500
1  2  11  0  53500
1  2  12  6  53500
1  2  14  0  53500
1  2  14  9  53500
0  1  3  10  54000
0  1  3  0  54000
0  1  3  0  54000
0  1  3  11  54000
0  1  4  2  54000
0  1  4  9  54000
0  1  4  11  54000
0  1  4  13  54000
0  1  4  6  54000
0  1  4  12  54000
0  1  4  6  54000
0  1  5  14  54000
0  1  5  1  54000
0  1  5  8  54000
0  1  5  14  54000
0  1  5  8  54000
0  1  5  13  54000
0  1  5  8  54000
0  1  6  6  54000
0  1  6  10  54000
0  1  6  13  54000
0  1  6  14  54000
0  1  6  10  54000
0  1  6  8  54000
0  1  7  8  54000
0  1  7  7  54000
0  1  7  14  54000
0  1  7  11  54000
0  1  7  4  54000
0  1  7  14  54000
0  1  7  2  54000
0  1  7  1  54000
0  1  7  10  54000
0  1  7  8  54000
0  1  7  4  54000
0  1  7  7  54000
0  1  7  7  54000
0  1  7  10  54000
0  1  7  2  54000
0  1  7  11  54000
0  1  7  9  54000
0  1  7  0  54000
0  1  7  7  54000
0  1  8  2  54000
0  1  8  7  54000
0  1  8  3  54000
0  1  8  8  54000
0  1  8  6  54000
0  1  8  6  54000
0  1  8  5  54000
0  1  8  13  54000
0  1  8  5  54000
0  1  9  5  54000
0  1  9  12  54000
0  1  10  11  54000
0  1  10  3  54000
0  1  10  12  54000
0  1  10  11  54000
0  1  11  8  54000
0  1  11  9  54000
0  1  11  9  54000
0  1  11  7  54000
0  1  12  3  54000
0  1  12  6  54000
0  1  12  1  54000
0  1  12  13  54000
0  1  12  15  54000
0  1  12  13  54000
0  1  13  13  54000
0  1  13  2  54000
0  1  13  5  54000
0  1  13  5  54000
0  1  14  7  54000
1  2  0  1  54000
1  2  2  6  54000
1  2  3  8  54000
1  2  4  8  54000
1  2  5  4  54000
1  2  8  0  54000
1  2  12  8  54000
1  2  12  4  54000
1  2  13  1  54000
1  2  15  6  54000
0  1  3  1  54500
0  1  3  3  54500
0  1  3  12  54500
0  1  4  7  54500
0  1  4  5  54500
0  1  4  0  54500
0  1  4  12  54500
0  1  4  4  54500
0  1  4  13  54500
0  1  4  0  54500
0  1  4  3  54500
0  1  5  10  54500
0  1  5  8  54500
0  1  5  10  54500
0  1  5  8  54500
0  1  5  8  54500
0  1  5  6  54500
0  1  5  2  54500
0  1  6  12  54500
0  1  6  10  54500
0  1  6  6  54500
0  1  6  0  54500
0  1  6  8  54500
0  1  6  8  54500
0  1  6  15  54500
0  1  7  0  54500
0  1  7  2  54500
0  1  7  11  54500
0  1  7  15  54500
0  1  7  13  54500
0  1  7  12  54500
0  1  7  14  54500
0  1  7  6  54500
0  1  7  2  54500
0  1  7  3  54500
0  1  7  9  54500
0  1  7  1  54500
0  1  7  10  54500
0  1  7  11  54500
0  1  7  5  54500
0  1  7  11  54500
0  1  7  13  54500
0  1  7  7  54500
0  1  7  6  54500
0  1  7  13  54500
0  1  7  5  54500
0  1  7  12  54500
0  1  8  12  54500
0  1  8  2  54500
0  1  8  12  54500
0  1  8  3  54500
0  1  8  12  54500
0  1  8  4  54500
0  1  8  7  54500
0  1  8  2  54500
0  1  9  9  54500
0  1  9  15  54500
0  1  9  8  54500
0  1  10  10  54500
0  1  10  11  54500
0  1  10  5  54500
0  1  10  12  54500
0  1  11  12  54500
0  1  11  4  54500
0  1  11  15  54500
0  1  11  8  54500
0  1  11  10  54500
0  1  12  13  54500
0  1  12  0  54500
0  1  12  15  54500
0  1  12  13  54500
0  1  12  1  54500
0  1  13  0  54500
0  1  13  1  54500
0  1  13  14  54500
0  1  13  9  54500
0  1  13  0  54500
0  1  14  15  54500
1  2  1  0  54500
1  2  3  4  54500
1  2  3  5  54500
1  2  3  4  54500
1  2  4  9  54500
1  2  5  4  54500
1  2  5  5  54500
1  2  5  7  54500
1  2  6  6  54500
1  2  6  8  54500
1  2  6  7  54500
1  2  8  3  54500
1  2  10  6  54500
1  2  11  4  54500
1  2  13  5  54500
1  2  15  1  54500
0  1  3  2  55000
0  1  3  6  55000
0  1  3  6  55000
0  1  3  5  55000
0  1  3  13  55000
0  1  4  7  55000
0  1  4  11  55000
0  1  4  5  55000
0  1  4  2  55000
0  1  4  1  55000
0  1  4  5  55000
0  1  4  9  55000
0  1  4  11  55000
0  1  5  2  55000
0  1  5  1  55000
0  1  5  9  55000
0  1  5  14  55000
0  1  5  12  55000
0  1  5  14  55000
0  1  5  2  55000
0  1  5  14  55000
0  1  6  5  55000
0  1  6  9  55000
0  1  6  14  55000
0  1  6  3  55000
0  1  6  15  55000
0  1  6  13  55000
0  1  6  0  55000
0  1  6  10  55000
0  1  7  12  55000
0  1  7  9  55000
0  1  7  8  55000
0  1  7  11  55000
0  1  7  2  55000
0  1  7  12  55000
0  1  7  12  55000
0  1  7  13  55000
0  1  7  12  55000
0  1  7  5  55000
0  1  7  6  55000
0  1  7  15  55000
0  1  7  15  55000
0  1  7  9  55000
0  1  7  7  55000
0  1  7  4  55000
0  1  7  10  55000
0  1  7  6  55000
0  1  7  13  55000
0  1  8  4  55000
0  1  8  13  55000
0  1  8  15  55000
0  1  8  15  55000
0  1  8  14  55000
0  1  8  9  55000
0  1  8  1  55000
0  1  8  8  55000
0  1  8  15  55000
0  1  8  7  55000
0  1  9  11  55000
0  1  10  0  55000
0  1  10  15  55000
0  1  10  15  55000
0  1  10  3  55000
0  1  11  4  55000
0  1  11  6  55000
0  1  11  11  55000
0  1  11  11  55000
0  1  11  6  55000
0  1  12  12  55000
0  1  12  13  55000
0  1  12  7  55000
0  1  12  13  55000
0  1  12  5  55000
0  1  12  3  55000
0  1  13  4  55000
0  1  13  0  55000
0  1  13  2  55000
0  1  13  5  55000
0  1  13  10  55000
0  1  14  0  55000
1  2  0  5  55000
1  2  0  5  55000
1  2  0  9  55000
1  2  2  8  55000
1  2  4  2  55000
1  2  4  1  55000
1  2  4  6  55000
1  2  4  5  55000
1  2  5  6  55000
1  2  5  8  55000
1  2  5  5  55000
1  2  5  3  55000
1  2  6  3  55000
1  2  6  3  55000
1  2  7  5  55000
1  2  7  9  55000
1  2  8  9  55000
1  2  10  7  55000
1  2  11  2  55000
1  2  11  4  55000
1  2  12  8  55000
1  2  13  8  55000
1  2  13  2  55000
1  2  15  8  55000
1  2  15  9  55000
1  2  15  8  55000
1  2  15  2  55000
0  1  3  10  55500
0  1  3  6  55500
0  1  3  13  55500
0  1  3  9  55500
0  1  3  8  55500
0  1  3  12  55500
0  1  3  0  55500
0  1  4  12  55500
0  1  4  8  55500
0  1  4  1  55500
0  1  4  3  55500
0  1  4  4  55500
0  1  4  14  55500
0  1  5  13  55500
0  1  5  14  55500
0  1  5  12  55500
0  1  5  14  55500
0  1  5  15  55500
0  1  6  12  55500
0  1  6  8  55500
0  1  6  12  55500
0  1  6  7  55500
0  1  6  8  55500
0  1  6  13  55500
0  1  6  2  55500
0  1  6  2  55500
0  1  7  13  55500
0  1  7  5  55500
0  1  7  3  55500
0  1  7  0  55500
0  1  7  6  55500
0  1  7  8  55500
0  1  7  6  55500
0  1  7  8  55500
0  1  7  11  55500
0  1  7  3  55500
0  1  7  3  55500
0  1  7  11  55500
0  1  7  9  55500
0  1  7  12  55500
0  1  7  2  55500
0  1  7  4  55500
0  1  7  14  55500
0  1  7  3  55500
0  1  7  0  55500
0  1  7  3  55500
0  1  8  8  55500
0  1  8  3  55500
0  1  8  13  55500
0  1  8  7  55500
0  1  8  6  55500
0  1  8  5  55500
0  1  8  4  55500
0  1  8  14  55500
0  1  8  11  55500
0  1  8  13  55500
0  1  9  15  55500
0  1  10  12  55500
0  1  10  10  55500
0  1  10  15  55500
0  1  10  14  55500
0  1  11  7  55500
0  1  11  7  55500
0  1  11  10  55500
0  1  11  11  55500
0  1  11  3  55500
0  1  12  5  55500
0  1  12  13  55500
0  1  12  15  55500
0  1  12  11  55500
0  1  12  9  55500
0  1  12  2  55500
0  1  12  13  55500
0  1  12  8  55500
0  1  12  12  55500
0  1  13  3  55500
0  1  13  10  55500
0  1  13  4  55500
0  1  13  2  55500
0  1  13  7  55500
0  1  14  8  55500
1  2  0  6  55500
1  2  2  2  55500
1  2  3  4  55500
1  2  3  9  55500
1  2  5  5  55500
1  2  6  3  55500
1  2  8  6  55500
1  2  8  8  55500
1  2  9  3  55500
1  2  10  8  55500
1  2  10  7  55500
1  2  11  0  55500
1  2  11  3  55500
1  2  12  8  55500
1  2  13  9  55500
1  2  14  1  55500
1  2  14  3  55500
1  2  15  2  55500
1  2  15  6  55500
0  1  3  2  56000
0  1  3  14  56000
0  1  3  2  56000
0  1  3  10  56000
0  1  3  7  56000
0  1  3  11  56000
0  1  3  5  56000
0  1  3  15  56000
0  1  4  2  56000
0  1  4  9  56000
0  1  4  8  56000
0  1  4  0  56000
0  1  4  1  56000
0  1  4  14  56000
0  1  4  6  56000
0  1  4  4  56000
0  1  4  7  56000
0  1  5  1  56000
0  1  5  14  56000
0  1  5  6  56000
0  1  5  11  56000
0  1  5  1  56000
0  1  5  13  56000
0  1  5  7  56000
0  1  6  8  56000
0  1  6  14  56000
0  1  6  9  56000
0  1  6  11  56000
0  1  6  0  56000
0  1  6  8  56000
0  1  6  7  56000
0  1  6  5  56000
0  1  7  2  56000
0  1  7  0  56000
0  1  7  7  56000
0  1  7  5  56000
0  1  7  0  56000
0  1  7  11  56000
0  1  7  15  56000
0  1  7  2  56000
0  1  7  13  56000
0  1  7  3  56000
0  1  7  4  56000
0  1  7  1  56000
0  1  7  9  56000
0  1  7  5  56000
0  1  7  13  56000
0  1  7  9  56000
0  1  7  3  56000
0  1  7  12  56000
0  1  7  13  56000
0  1  7  4  56000
0  1  7  6  56000
0  1  8  10  56000
0  1  8  10  56000
0  1  8  13  56000
0  1  8  12  56000
0  1  8  3  56000
0  1  8  5  56000
0  1  8  6  56000
0  1  9  4  56000
0  1  9  3  56000
0  1  10  7  56000
0  1  10  8  56000
0  1  10  10  56000
0  1  10  15  56000
0  1  10  0  56000
0  1  10  13  56000
0  1  11  6  56000
0  1  11  1  56000
0  1  11  13  56000
0  1  11  8  56000
0  1  11  4  56000
0  1  12  4  56000
0  1  12  5  56000
0  1  12  15  56000
0  1  12  3  56000
0  1  12  0  56000
0  1  12  14  56000
0  1  12  15  56000
0  1  13  9  56000
0  1  13  11  56000
0  1  13  7  56000
0  1  13  0  56000
0  1  13  4  56000
0  1  14  14  56000
1  2  2  9  56000
1  2  2  5  56000
1  2  2  5  56000
1  2  3  2  56000
1  2  3  4  56000
1  2  4  5  56000
1  2  5  9  56000
1  2  6  6  56000
1  2  6  7  56000
1  2  7  4  56000
1  2  8  8  56000
1  2  8  7  56000
1  2  9  6  56000
1  2  9  6  56000
1  2  10  9  56000
1  2  10  6  56000
1  2  10  8  56000
1  2  11  2  56000
1  2  11  4  56000
1  2  12  4  56000
1  2  12  2  56000
1  2  13  6  56000
1  2  14  1  56000
1  2  14  9  56000
1  2  15  0  56000
1  2  15  1  56000
0  1  3  5  56500
0  1  4  3  56500
0  1  4  5  56500
0  1  4  9  56500
0  1  4  3  56500
0  1  4  2  56500
0  1  4  2  56500
0  1  4  9  56500
0  1  5  4  56500
0  1  5  10  56500
0  1  5  6  56500
0  1  5  8  56500
0  1  5  11  56500
0  1  5  8  56500
0  1  5  0  56500
0  1  5  13  56500
0  1  5  2  56500
0  1  5  8  56500
0  1  5  12  56500
0  1  5  4  56500
0  1  6  15  56500
0  1  6  4  56500
0  1  6  10  56500
0  1  6  13  56500
0  1  6  2  56500
0  1  6  9  56500
0  1  6  8  56500
0  1  6  13  56500
0  1  6  2  56500
0  1  6  7  56500
0  1  6  1  56500
0  1  7  12  56500
0  1  7  14  56500
0  1  7  0  56500
0  1  7  3  56500
0  1  7  10  56500
0  1  7  7  56500
0  1  7  7  56500
0  1  7  4  56500
0  1  7  4  56500
0  1  7  6  56500
0  1  7  0  56500
0  1  7  1  56500
0  1  8  3  56500
0  1  8  12  56500
0  1  8  13  56500
0  1  8  3  56500
0  1  8  4  56500
0  1  8  0  56500
0  1  8  3  56500
0  1  8  9  56500
0  1  8  9  56500
0  1  8  15  56500
0  1  8  13  56500
0  1  8  7  56500
0  1  8  10  56500
0  1  8  1  56500
0  1  8  15  56500
0  1  8  13  56500
0  1  9  7  56500
0  1  9  12  56500
0  1  9  14  56500
0  1  9  12  56500
0  1  9  2  56500
0  1  10  9  56500
0  1  10  13  56500
0  1  10  7  56500
0  1  10  8  56500
0  1  10  11  56500
0  1  10  5  56500
0  1  11  14  56500
0  1  11  8  56500
0  1  11  11  56500
0  1  12  9  56500
0  1  12  14  56500
0  1  12  2  56500
0  1  13  6  56500
0  1  13  10  56500
0  1  14  8  56500
0  1  14  4  56500
1  2  3  2  56500
1  2  4  3  56500
1  2  4  9  56500
1  2  5  3  56500
1  2  5  3  56500
1  2  6  3  56500
1  2  6  9  56500
1  2  7  4  56500
1  2  7  9  56500
1  2  7  2  56500
1  2  9  1  56500
1  2  10  9  56500
1  2  11  2  56500
1  2  12  8  56500
1  2  12  6  56500
1  2  13  3  56500
1  2  15  7  56500
0  1  3  14  57000
0  1  3  0  57000
0  1  4  5  57000
0  1  4  15  57000
0  1  4  15  57000
0  1  4  12  57000
0  1  4  0  57000
0  1  4  0  57000
0  1  4  9  57000
0  1  4  2  57000
0  1  4  15  57000
0  1  5  8  57000
0  1  5  10  57000
0  1  5  14  57000
0  1  5  11  57000
0  1  5  11  57000
0  1  5  4  57000
0  1  5  4  57000
0  1  5  4  57000
0  1  5  4  57000
0  1  5  0  57000
0  1  5  11  57000
0  1  6  10  57000
0  1  6  6  57000
0  1  6  2  57000
0  1  6  7  57000
0  1  6  5  57000
0  1  6  6  57000
0  1  6  7  57000
0  1  6  13  57000
0  1  6  10  57000
0  1  7  2  57000
0  1  7  4  57000
0  1  7  3  57000
0  1  7  6  57000
0  1  7  7  57000
0  1  7  7  57000
0  1  7  3  57000
0  1  7  4  57000
0  1  7  0  57000
0  1  7  3  57000
0  1  7  14  57000
0  1  8  3  57000
0  1  8  8  57000
0  1  8  14  57000
0  1  8  8  57000
0  1  8  0  57000
0  1  8  12  57000
0  1  8  7  57000
0  1  8  9  57000
0  1  8  4  57000
0  1  8  5  57000
0  1  8  0  57000
0  1  8  7  57000
0  1  8  15  57000
0  1  9  6  57000
0  1  9  12  57000
0  1  9  12  57000
0  1  9  1  57000
0  1  9  13  57000
0  1  9  13  57000
0  1  10  15  57000
0  1  10  3  57000
0  1  10  2  57000
0  1  10  1  57000
0  1  10  12  57000
0  1  10  7  57000
0  1  10  9  57000
0  1  11  2  57000
0  1  11  8  57000
0  1  11  3  57000
0  1  11  7  57000
0  1  11  10  57000
0  1  11  15  57000
0  1  12  13  57000
0  1  12  10  57000
0  1  13  3  57000
0  1  13  1  57000
0  1  13  6  57000
0  1  13  7  57000
0  1  14  8  57000
0  1  14  9  57000
0  1  14  12  57000
1  2  0  2  57000
1  2  0  3  57000
1  2  1  2  57000
1  2  2  4  57000
1  2  4  7  57000
1  2  4  6  57000
1  2  4  0  57000
1  2  5  6  57000
1  2  5  7  57000
1  2  6  4  57000
1  2  7  9  57000
1  2  7  9  57000
1  2  7  4  57000
1  2  9  9  57000
1  2  9  1  57000
1  2  10  9  57000
1  2  12  5  57000
1  2  13  8  57000
1  2  13  4  57000
1  2  13  2  57000
1  2  15  3  57000
0  1  3  2  57500
0  1  3  4  57500
0  1  3  13  57500
0  1  4  9  57500
0  1  4  15  57500
0  1  4  0  57500
0  1  4  6  57500
0  1  4  15  57500
0  1  4  1  57500
0  1  4  3  57500
0  1  4  1  57500
0  1  4  0  57500
0  1  5  8  57500
0  1  5  13  57500
0  1  5  14  57500
0  1  5  11  57500
0  1  5  0  57500
0  1  5  12  57500
0  1  5  5  57500
0  1  5  10  57500
0  1  5  9  57500
0  1  5  2  57500
0  1  5  9  57500
0  1  5  8  57500
0  1  6  3  57500
0  1  6  6  57500
0  1  6  9  57500
0  1  6  4  57500
0  1  6  10  57500
0  1  6  13  57500
0  1  6  0  57500
0  1  6  3  57500
0  1  6  4  57500
0  1  6  1  57500
0  1  7  9  57500
0  1  7  3  57500
0  1  7  1  57500
0  1  7  6  57500
0  1  7  10  57500
0  1  7  1  57500
0  1  7  4  57500
0  1  7  11  57500
0  1  7  14  57500
0  1  7  13  57500
0  1  7  10  57500
0  1  7  10  57500
0  1  8  2  57500
0  1  8  6  57500
0  1  8  3  57500
0  1  8  12  57500
0  1  8  13  57500
0  1  8  13  57500
0  1  8  8  57500
0  1  8  6  57500
0  1  8  3  57500
0  1  8  2  57500
0  1  8  0  57500
0  1  8  3  57500
0  1  8  4  57500
0  1  8  1  57500
0  1  9  12  57500
0  1  9  5  57500
0  1  9  15  57500
0  1  9  11  57500
0  1  9  1  57500
0  1  9  1  57500
0  1  9  15  57500
0  1  9  2  57500
0  1  9  12  57500
0  1  10  10  57500
0  1  10  7  57500
0  1  10  9  57500
0  1  10  11  57500
0  1  10  7  57500
0  1  10  10  57500
0  1  11  5  57500
0  1  11  7  57500
0  1  11  3  57500
0  1  11  12  57500
0  1  11  5  57500
0  1  11  4  57500
0  1  12  6  57500
0  1  12  0  57500
0  1  12  10  57500
0  1  12  4  57500
0  1  13  8  57500
0  1  13  0  57500
0  1  13  14  57500
0  1  14  3  57500
1  2  0  8  57500
1  2  1  4  57500
1  2  2  4  57500
1  2  3  2  57500
1  2  4  9  57500
1  2  4  7  57500
1  2  6  2  57500
1  2  6  2  57500
1  2  7  5  57500
1  2  7  9  57500
1  2  7  1  57500
1  2  8  9  57500
1  2  10  8  57500
1  2  11  7  57500
1  2  12  2  57500
1  2  12  2  57500
1  2  12  2  57500
1  2  13  6  57500
1  2  13  2  57500
1  2  14  4  57500
0  1  3  14  58000
0  1  3  11  58000
0  1  4  3  58000
0  1  4  8  58000
0  1  4  9  58000
0  1  4  13  58000
0  1  4  14  58000
0  1  4  11  58000
0  1  4  0  58000
0  1  5  7  58000
0  1  5  14  58000
0  1  5  13  58000
0  1  5  2  58000
0  1  5  9  58000
0  1  5  11  58000
0  1  5  7  58000
0  1  5  1  58000
0  1  5  1  58000
0  1  5  12  58000
0  1  5  9  58000
0  1  5  11  58000
0  1  5  13  58000
0  1  6  5  58000
0  1  6  10  58000
0  1  6  13  58000
0  1  6  14  58000
0  1  6  15  58000
0  1  6  9  58000
0  1  6  10  58000
0  1  6  14  58000
0  1  6  1  58000
0  1  7  5  58000
0  1  7  4  58000
0  1  7  11  58000
0  1  7  3  58000
0  1  7  8  58000
0  1  7  1  58000
0  1  7  11  58000
0  1  7  8  58000
0  1  7  14  58000
0  1  8  6  58000
0  1  8  13  58000
0  1  8  12  58000
0  1  8  10  58000
0  1  8  12  58000
0  1  8  5  58000
0  1  8  14  58000
0  1  8  10  58000
0  1  8  7  58000
0  1  8  10  58000
0  1  8  2  58000
0  1  8  11  58000
0  1  8  8  58000
0  1  8  7  58000
0  1  8  6  58000
0  1  8  9  58000
0  1  8  13  58000
0  1  9  6  58000
0  1  9  8  58000
0  1  9  8  58000
0  1  9  6  58000
0  1  9  14  58000
0  1  9  2  58000
0  1  9  8  58000
0  1  10  4  58000
0  1  10  12  58000
0  1  10  3  58000
0  1  10  0  58000
0  1  10  2  58000
0  1  11  14  58000
0  1  11  14  58000
0  1  11  6  58000
0  1  11  14  58000
0  1  12  1  58000
0  1  12  12  58000
0  1  12  1  58000
0  1  12  2  58000
0  1  13  14  58000
0  1  13  9  58000
0  1  14  11  58000
0  1  14  4  58000
0  1  14  13  58000
1  2  1  9  58000
1  2  2  8  58000
1  2  2  6  58000
1  2  3  4  58000
1  2  3  8  58000
1  2  3  4  58000
1  2  4  1  58000
1  2  5  8  58000
1  2  6  7  58000
1  2  7  9  58000
1  2  7  2  58000
1  2  9  2  58000
1  2  10  8  58000
1  2  10  7  58000
1  2  10  6  58000
1  2  12  9  58000
1  2  15  2  58000
0  1  3  13  58500
0  1  4  13  58500
0  1  4  14  58500
0  1  4  15  58500
0  1  4  1  58500
0  1  4  2  58500
0  1  4  0  58500
0  1  5  14  58500
0  1  5  14  58500
0  1  5  0  58500
0  1  5  11  58500
0  1  5  5  58500
0  1  5  1  58500
0  1  5  13  58500
0  1  5  3  58500
0  1  5  7  58500
0  1  5  4  58500
0  1  5  11  58500
0  1  6  15  58500
0  1  6  1  58500
0  1  6  0  58500
0  1  6  0  58500
0  1  6  2  58500
0  1  6  7  58500
0  1  6  5  58500
0  1  7  0  58500
0  1  7  12  58500
0  1  7  3  58500
0  1  7  15  58500
0  1  7  9  58500
0  1  7  13  58500
0  1  7  15  58500
0  1  7  13  58500
0  1  7  6  58500
0  1  7  8  58500
0  1  8  14  58500
0  1  8  11  58500
0  1  8  5  58500
0  1  8  2  58500
0  1  8  15  58500
0  1  8  12  58500
0  1  8  14  58500
0  1  8  12  58500
0  1  8  1  58500
0  1  8  14  58500
0  1  8  3  58500
0  1  8  1  58500
0  1  8  1  58500
0  1  8  7  58500
0  1  8  11  58500
0  1  8  6  58500
0  1  8  7  58500
0  1  9  14  58500
0  1  9  3  58500
0  1  9  2  58500
0  1  9  2  58500
0  1  9  15  58500
0  1  9  14  58500
0  1  9  2  58500
0  1  9  8  58500
0  1  10  2  58500
0  1  10  11  58500
0  1  10  2  58500
0  1  10  6  58500
0  1  10  14  58500
0  1  11  8  58500
0  1  11  5  58500
0  1  11  4  58500
0  1  11  7  58500
0  1  11  7  58500
0  1  12  10  58500
0  1  12  12  58500
0  1  12  1  58500
0  1  12  6  58500
0  1  13  5  58500
0  1  13  0  58500
0  1  14  10  58500
0  1  14  12  58500
0  1  14  5  58500
1  2  1  4  58500
1  2  1  5  58500
1  2  2  1  58500
1  2  5  5  58500
1  2  5  5  58500
1  2  6  8  58500
1  2  7  7  58500
1  2  7  1  58500
1  2  7  6  58500
1  2  7  9  58500
1  2  9  1  58500
1  2  10  9  58500
1  2  10  1  58500
1  2  11  0  58500
1  2  12  2  58500
1  2  12  6  58500
1  2  13  4  58500
1  2  13  0  58500
1  2  14  9  58500
0  1  3  2  59000
0  1  3  8  59000
0  1  4  4  59000
0  1  4  4  59000
0  1  4  15  59000
0  1  4  1  59000
0  1  4  6  59000
0  1  4  14  59000
0  1  4  4  59000
0  1  4  15  59000
0  1  5  10  59000
0  1  5  4  59000
0  1  5  14  59000
0  1  5  6  59000
0  1  5  3  59000
0  1  5  7  59000
0  1  5  3  59000
0  1  5  4  59000
0  1  5  9  59000
0  1  6  0  59000
0  1  6  10  59000
0  1  6  8  59000
0  1  6  14  59000
0  1  6  7  59000
0  1  6  0  59000
0  1  6  15  59000
0  1  6  3  59000
0  1  6  8  59000
0  1  7  14  59000
0  1  7  8  59000
0  1  7  0  59000
0  1  7  15  59000
0  1  7  7  59000
0  1  7  12  59000
0  1  7  6  59000
0  1  7  7  59000
0  1  7  14  59000
0  1  7  3  59000
0  1  7  8  59000
0  1  8  3  59000
0  1  8  8  59000
0  1  8  7  59000
0  1  8  8  59000
0  1  8  3  59000
0  1  8  6  59000
0  1  8  9  59000
0  1  8  15  59000
0  1  8  9  59000
0  1  8  0  59000
0  1  8  1  59000
0  1  8  13  59000
0  1  8  1  59000
0  1  8  2  59000
0  1  8  8  59000
0  1  9  14  59000
0  1  9  9  59000
0  1  9  5  59000
0  1  9  10  59000
0  1  9  14  59000
0  1  9  14  59000
0  1  9  14  59000
0  1  9  15  59000
0  1  9  12  59000
0  1  10  8  59000
0  1  10  15  59000
0  1  10  6  59000
0  1  10  9  59000
0  1  10  4  59000
0  1  11  15  59000
0  1  11  1  59000
0  1  11  5  59000
0  1  11  7  59000
0  1  11  2  59000
0  1  11  11  59000
0  1  12  9  59000
0  1  12  13  59000
0  1  12  1  59000
0  1  13  2  59000
0  1  13  11  59000
0  1  13  11  59000
0  1  14  11  59000
0  1  14  11  59000
0  1  14  3  59000
0  1  14  14  59000
1  2  2  1  59000
1  2  2  3  59000
1  2  2  0  59000
1  2  3  0  59000
1  2  4  2  59000
1  2  4  3  59000
1  2  4  7  59000
1  2  5  1  59000
1  2  5  7  59000
1  2  6  6  59000
1  2  6  9  59000
1  2  8  6  59000
1  2  9  4  59000
1  2  11  0  59000
1  2  12  3  59000
1  2  12  8  59000
1  2  13  5  59000
1  2  14  0  59000
1  2  15  2  59000
0  1  3  9  59500
0  1  4  14  59500
0  1  4  2  59500
0  1  4  15  59500
0  1  4  9  59500
0  1  4  9  59500
0  1  4  10  59500
0  1  4  12  59500
0  1  4  1  59500
0  1  5  11  59500
0  1  5  12  59500
0  1  5  8  59500
0  1  5  11  59500
0  1  5  2  59500
0  1  5  0  59500
0  1  5  12  59500
0  1  5  15  59500
0  1  5  15  59500
0  1  5  6  59500
0  1  5  11  59500
0  1  6  3  59500
0  1  6  1  59500
0  1  6  11  59500
0  1  6  3  59500
0  1  6  4  59500
0  1  6  13  59500
0  1  6  14  59500
0  1  6  8  59500
0  1  6  14  59500
0  1  7  1  59500
0  1  7  3  59500
0  1  7  1  59500
0  1  7  4  59500
0  1  7  15  59500
0  1  7  13  59500
0  1  7  1  59500
0  1  7  0  59500
0  1  7  9  59500
0  1  8  7  59500
0  1  8  10  59500
0  1  8  4  59500
0  1  8  14  59500
0  1  8  6  59500
0  1  8  4  59500
0  1  8  10  59500
0  1  8  13  59500
0  1  8  6  59500
0  1  8  3  59500
0  1  8  0  59500
0  1  8  5  59500
0  1  8  15  59500
0  1  8  13  59500
0  1  8  9  59500
0  1  8  7  59500
0  1  9  7  59500
0  1  9  5  59500
0  1  9  12  59500
0  1  9  3  59500
0  1  9  12  59500
0  1  9  4  59500
0  1  9  0  59500
0  1  10  2  59500
0  1  10  6  59500
0  1  10  5  59500
0  1  10  10  59500
0  1  11  2  59500
0  1  11  4  59500
0  1  11  8  59500
0  1  11  13  59500
0  1  12  10  59500
0  1  12  12  59500
0  1  12  8  59500
0  1  13  4  59500
0  1  13  9  59500
0  1  13  4  59500
0  1  13  15  59500
0  1  14  5  59500
0  1  14  9  59500
0  1  14  4  59500
1  2  0  4  59500
1  2  0  5  59500
1  2  1  4  59500
1  2  1  2  59500
1  2  1  4  59500
1  2  2  2  59500
1  2  4  7  59500
1  2  4  2  59500
1  2  5  8  59500
1  2  6  2  59500
1  2  6  8  59500
1  2  7  1  59500
1  2  7  9  59500
1  2  8  9  59500
1  2  8  0  59500
1  2  9  2  59500
1  2  10  9  59500
1  2  11  0  59500
1  2  12  2  59500
1  2  12  4  59500
1  2  12  4  59500
1  2  13  6  59500
1  2  13  6  59500
1  2  13  5  59500
1  2  13  4  59500
1  2  13  5  59500
1  2  14  0  59500
1  2  15  8  59500
0  1  3  0  60000
0  1  4  9  60000
0  1  4  14  60000
0  1  4  1  60000
0  1  4  15  60000
0  1  4  15  60000
0  1  4  4  60000
0  1  4  0  60000
0  1  5  15  60000
0  1  5  2  60000
0  1  5  13  60000
0  1  5  14  60000
0  1  5  1  60000
0  1  5  14  60000
0  1  5  15  60000
0  1  5  8  60000
0  1  5  4  60000
0  1  5  6  60000
0  1  5  15  60000
0  1  6  9  60000
0  1  6  12  60000
0  1  6  11  60000
0  1  6  6  60000
0  1  6  10  60000
0  1  6  0  60000
0  1  6  10  60000
0  1  6  4  60000
0  1  6  5  60000
0  1  7  13  60000
0  1  7  5  60000
0  1  7  4  60000
0  1  7  1  60000
0  1  7  2  60000
0  1  7  14  60000
0  1  7  9  60000
0  1  7  15  60000
0  1  7  15  60000
0  1  7  4  60000
0  1  7  13  60000
0  1  8  7  60000
0  1  8  10  60000
0  1  8  9  60000
0  1  8  4  60000
0  1  8  3  60000
0  1  8  6  60000
0  1  8  2  60000
0  1  8  1  60000
0  1  8  5  60000
0  1  8  1  60000
0  1  8  2  60000
0  1  8  2  60000
0  1  8  12  60000
0  1  8  1  60000
0  1  8  4  60000
0  1  8  15  60000
0  1  8  5  60000
0  1  8  14  60000
0  1  8  3  60000
0  1  8  7  60000
0  1  9  10  60000
0  1  9  7  60000
0  1  9  2  60000
0  1  9  0  60000
0  1  9  7  60000
0  1  9  4  60000
0  1  10  15  60000
0  1  10  3  60000
0  1  10  2  60000
0  1  10  2  60000
0  1  10  11  60000
0  1  11  6  60000
0  1  11  2  60000
0  1  11  1  60000
0  1  11  12  60000
0  1  12  5  60000
0  1  12  7  60000
0  1  12  3  60000
0  1  12  4  60000
0  1  13  1  60000
0  1  13  0  60000
0  1  14  9  60000
0  1  14  1  60000
0  1  14  12  60000
1  2  0  8  60000
1  2  2  0  60000
1  2  3  5  60000
1  2  3  8  60000
1  2  4  4  60000
1  2  5  6  60000
1  2  6  7  60000
1  2  7  5  60000
1  2  7  9  60000
1  2  7  2  60000
1  2  9  5  60000
1  2  10  3  60000
1  2  10  5  60000
1  2  10  9  60000
1  2  11  6  60000
1  2  12  6  60000
1  2  13  5  60000
1  2  13  5  60000
1  2  14  1  60000
1  2  14  8  60000
1  2  14  9  60000
0  1  4  7  60500
0  1  4  0  60500
0  1  4  7  60500
0  1  4  2  60500
0  1  4  6  60500
0  1  4  12  60500
0  1  4  2  60500
0  1  5  3  60500
0  1  5  10  60500
0  1  5  8  60500
0  1  5  0  60500
0  1  5  8  60500
0  1  5  15  60500
0  1  5  8  60500
0  1  5  1  60500
0  1  5  11  60500
0  1  5  7  60500
0  1  5  12  60500
0  1  6  2  60500
0  1  6  15  60500
0  1  6  0  60500
0  1  6  14  60500
0  1  6  1  60500
0  1  6  4  60500
0  1  6  4  60500
0  1  6  13  60500
0  1  7  10  60500
0  1  7  1  60500
0  1  7  0  60500
0  1  7  2  60500
0  1  7  8  60500
0  1  7  4  60500
0  1  7  15  60500
0  1  7  13  60500
0  1  7  1  60500
0  1  7  0  60500
0  1  7  5  60500
0  1  8  10  60500
0  1  8  6  60500
0  1  8  0  60500
0  1  8  3  60500
0  1  8  4  60500
0  1  8  12  60500
0  1  8  2  60500
0  1  8  5  60500
0  1  8  9  60500
0  1  8  10  60500
0  1  8  2  60500
0  1  8  0  60500
0  1  8  11  60500
0  1  8  7  60500
0  1  9  0  60500
0  1  9  13  60500
0  1  9  0  60500
0  1  9  5  60500
0  1  9  14  60500
0  1  9  4  60500
0  1  9  11  60500
0  1  9  15  60500
0  1  10  2  60500
0  1  10  6  60500
0  1  10  6  60500
0  1  10  1  60500
0  1  10  5  60500
0  1  10  5  60500
0  1  11  15  60500
0  1  11  1  60500
0  1  12  13  60500
0  1  12  7  60500
0  1  13  0  60500
0  1  13  5  60500
0  1  13  3  60500
0  1  13  6  60500
0  1  14  11  60500
0  1  14  13  60500
0  1  14  1  60500
1  2  0  1  60500
1  2  1  5  60500
1  2  2  8  60500
1  2  2  7  60500
1  2  3  4  60500
1  2  4  6  60500
1  2  4  8  60500
1  2  4  4  60500
1  2  5  4  60500
1  2  5  3  60500
1  2  6  1  60500
1  2  6  1  60500
1  2  7  9  60500
1  2  8  7  60500
1  2  10  9  60500
1  2  10  6  60500
1  2  12  2  60500
1  2  12  4  60500
1  2  13  3  60500
1  2  14  3  60500
0  1  3  5  61000
0  1  3  14  61000
0  1  4  11  61000
0  1  4  11  61000
0  1  4  4  61000
0  1  4  8  61000
0  1  4  2  61000
0  1  4  6  61000
0  1  4  0  61000
0  1  4  6  61000
0  1  5  7  61000
0  1  5  1  61000
0  1  5  4  61000
0  1  5  8  61000
0  1  5  0  61000
0  1  5  11  61000
0  1  5  1  61000
0  1  5  11  61000
0  1  5  0  61000
0  1  5  3  61000
0  1  5  4  61000
0  1  5  1  61000
0  1  5  2  61000
0  1  6  4  61000
0  1  6  6  61000
0  1  6  9  61000
0  1  6  14  61000
0  1  6  8  61000
0  1  6  9  61000
0  1  6  11  61000
0  1  6  8  61000
0  1  6  12  61000
0  1  6  10  61000
0  1  7  14  61000
0  1  7  11  61000
0  1  7  0  61000
0  1  7  2  61000
0  1  7  12  61000
0  1  7  13  61000
0  1  7  7  61000
0  1  7  4  61000
0  1  7  2  61000
0  1  7  14  61000
0  1  7  10  61000
0  1  8  12  61000
0  1  8  10  61000
0  1  8  1  61000
0  1  8  2  61000
0  1  8  13  61000
0  1  8  10  61000
0  1  8  1  61000
0  1  8  9  61000
0  1  8  2  61000
0  1  8  15  61000
0  1  8  11  61000
0  1  8  5  61000
0  1  8  5  61000
0  1  8  15  61000
0  1  8  11  61000
0  1  8  8  61000
0  1  8  7  61000
0  1  9  9  61000
0  1  9  15  61000
0  1  9  15  61000
0  1  9  2  61000
0  1  9  6  61000
0  1  9  7  61000
0  1  9  10  61000
0  1  9  0  61000
0  1  9  5  61000
0  1  10  4  61000
0  1  10  1  61000
0  1  10  10  61000
0  1  10  5  61000
0  1  10  15  61000
0  1  11  7  61000
0  1  11  6  61000
0  1  11  11  61000
0  1  11  14  61000
0  1  12  9  61000
0  1  12  7  61000
0  1  13  12  61000
0  1  13  6  61000
0  1  13  7  61000
0  1  14  5  61000
0  1  14  11  61000
0  1  14  0  61000
0  1  14  0  61000
1  2  0  4  61000
1  2  1  0  61000
1  2  2  9  61000
1  2  4  2  61000
1  2  5  8  61000
1  2  6  0  61000
1  2  6  8  61000
1  2  6  3  61000
1  2  11  3  61000
1  2  11  8  61000
1  2  12  7  61000
1  2  12  3  61000
1  2  13  3  61000
1  2  14  3  61000
1  2  14  4  61000
1  2  15  0  61000
0  1  3  8  61500
0  1  4  7  61500
0  1  4  10  61500
0  1  4  0  61500
0  1  4  3  61500
0  1  4  12  61500
0  1  4  5  61500
0  1  4  7  61500
0  1  4  6  61500
0  1  5  0  61500
0  1  5  0  61500
0  1  5  14  61500
0  1  5  0  61500
0  1  5  12  61500
0  1  5  2  61500
0  1  5  3  61500
0  1  5  4  61500
0  1  5  9  61500
0  1  5  13  61500
0  1  6  9  61500
0  1  6  5  61500
0  1  6  3  61500
0  1  6  7  61500
0  1  6  15  61500
0  1  6  5  61500
0  1  6  2  61500
0  1  6  7  61500
0  1  6  1  61500
0  1  6  7  61500
0  1  7  0  61500
0  1  7  0  61500
0  1  7  0  61500
0  1  7  3  61500
0  1  7  7  61500
0  1  7  2  61500
0  1  7  13  61500
0  1  7  9  61500
0  1  7  4  61500
0  1  7  0  61500
0  1  7  6  61500
0  1  7  0  61500
0  1  8  9  61500
0  1  8  13  61500
0  1  8  1  61500
0  1  8  2  61500
0  1  8  9  61500
0  1  8  6  61500
0  1  8  5  61500
0  1  8  1  61500
0  1  8  10  61500
0  1  8  2  61500
0  1  8  8  61500
0  1  8  9  61500
0  1  8  13  61500
0  1  8  15  61500
0  1  8  12  61500
0  1  8  14  61500
0  1  8  13  61500
0  1  9  4  61500
0  1  9  11  61500
0  1  9  14  61500
0  1  9  15  61500
0  1  9  6  61500
0  1  10  2  61500
0  1  10  8  61500
0  1  10  14  61500
0  1  10  9  61500
0  1  10  8  61500
0  1  10  0  61500
0  1  11  7  61500
0  1  11  11  61500
0  1  11  5  61500
0  1  11  7  61500
0  1  11  2  61500
0  1  12  10  61500
0  1  12  14  61500
0  1  12  7  61500
0  1  12  6  61500
0  1  13  3  61500
0  1  13  4  61500
0  1  14  13  61500
0  1  14  14  61500
1  2  1  9  61500
1  2  1  5  61500
1  2  2  6  61500
1  2  2  9  61500
1  2  3  9  61500
1  2  4  9  61500
1  2  4  9  61500
1  2  5  4  61500
1  2  5  9  61500
1  2  7  5  61500
1  2  7  5  61500
1  2  10  1  61500
1  2  11  5  61500
1  2  12  9  61500
1  2  12  2  61500
1  2  12  8  61500
1  2  13  9  61500
1  2  15  0  61500
0  1  3  2  62000
0  1  3  9  62000
0  1  4  4  62000
0  1  4  7  62000
0  1  4  4  62000
0  1  4  14  62000
0  1  4  13  62000
0  1  4  15  62000
0  1  4  8  62000
0  1  4  1  62000
0  1  5  4  62000
0  1  5  6  62000
0  1  5  11  62000
0  1  5  1  62000
0  1  5  7  62000
0  1  5  6  62000
0  1  5  15  62000
0  1  5  10  62000
0  1  5  4  62000
0  1  5  4  62000
0  1  5  14  62000
0  1  6  9  62000
0  1  6  8  62000
0  1  6  2  62000
0  1  6  4  62000
0  1  6  1  62000
0  1  6  4  62000
0  1  6  0  62000
0  1  6  15  62000
0  1  6  0  62000
0  1  7  6  62000
0  1  7  6  62000
0  1  7  8  62000
0  1  7  0  62000
0  1  7  5  62000
0  1  7  9  62000
0  1  7  4  62000
0  1  7  15  62000
0  1  7  8  62000
0  1  7  4  62000
0  1  8  5  62000
0  1  8  15  62000
0  1  8  12  62000
0  1  8  3  62000
0  1  8  11  62000
0  1  8  8  62000
0  1  8  3  62000
0  1  8  2  62000
0  1  8  7  62000
0  1  8  14  62000
0  1  8  1  62000
0  1  8  3  62000
0  1  8  4  62000
0  1  8  6  62000
0  1  9  15  62000
0  1  9  2  62000
0  1  9  3  62000
0  1  9  13  62000
0  1  9  11  62000
0  1  9  3  62000
0  1  9  1  62000
0  1  9  4  62000
0  1  9  5  62000
0  1  10  7  62000
0  1  10  15  62000
0  1  10  9  62000
0  1  10  12  62000
0  1  10  2  62000
0  1  10  6  62000
0  1  11  3  62000
0  1  11  9  62000
0  1  11  9  62000
0  1  11  0  62000
0  1  12  13  62000
0  1  12  8  62000
0  1  12  12  62000
0  1  12  5  62000
0  1  13  1  62000
0  1  13  2  62000
0  1  14  3  62000
0  1  14  12  62000
0  1  14  1  62000
0  1  14  6  62000
0  1  14  6  62000
1  2  0  2  62000
1  2  0  2  62000
1  2  2  2  62000
1  2  2  9  62000
1  2  3  8  62000
1  2  4  1  62000
1  2  4  4  62000
1  2  4  7  62000
1  2  5  4  62000
1  2  5  9  62000
1  2  6  6  62000
1  2  6  3  62000
1  2  7  3  62000
1  2  8  9  62000
1  2  9  3  62000
1  2  10  8  62000
1  2  10  7  62000
1  2  11  3  62000
1  2  12  6  62000
1  2  13  2  62000
1  2  14  4  62000
1  2  14  9  62000
0  1  3  4  62500
0  1  3  9  62500
0  1  3  12  62500
0  1  4  4  62500
0  1  4  12  62500
0  1  4  9  62500
0  1  4  8  62500
0  1  4  4  62500
0  1  4  13  62500
0  1  5  14  62500
0  1  5  1  62500
0  1  5  5  62500
0  1  5  3  62500
0  1  5  14  62500
0  1  5  3  62500
0  1  5  12  62500
0  1  5  1  62500
0  1  5  3  62500
0  1  5  4  62500
0  1  5  5  62500
0  1  5  13  62500
0  1  6  4  62500
0  1  6  11  62500
0  1  6  10  62500
0  1  6  1  62500
0  1  6  13  62500
0  1  6  14  62500
0  1  6  10  62500
0  1  6  6  62500
0  1  6  6  62500
0  1  7  1  62500
0  1  7  7  62500
0  1  7  13  62500
0  1  7  6  62500
0  1  7  2  62500
0  1  7  3  62500
0  1  7  9  62500
0  1  7  3  62500
0  1  7  14  62500
0  1  7  9  62500
0  1  8  14  62500
0  1  8  13  62500
0  1  8  5  62500
0  1  8  15  62500
0  1  8  10  62500
0  1  8  2  62500
0  1  8  13  62500
0  1  8  12  62500
0  1  8  5  62500
0  1  8  4  62500
0  1  8  5  62500
0  1  8  6  62500
0  1  8  10  62500
0  1  8  7  62500
0  1  9  2  62500
0  1  9  15  62500
0  1  9  11  62500
0  1  9  4  62500
0  1  9  6  62500
0  1  9  5  62500
0  1  9  1  62500
0  1  9  10  62500
0  1  10  0  62500
0  1  10  2  62500
0  1  10  2  62500
0  1  10  0  62500
0  1  11  7  62500
0  1  11  5  62500
0  1  11  3  62500
0  1  11  15  62500
0  1  12  2  62500
0  1  12  2  62500
0  1  13  2  62500
0  1  13  6  62500
0  1  13  14  62500
0  1  14  3  62500
0  1  14  10  62500
1  2  0  1  62500
1  2  0  2  62500
1  2  1  2  62500
1  2  2  3  62500
1  2  4  4  62500
1  2  4  2  62500
1  2  4  6  62500
1  2  4  7  62500
1  2  5  6  62500
1  2  6  4  62500
1  2  8  8  62500
1  2  11  3  62500
1  2  11  7  62500
1  2  11  0  62500
1  2  12  6  62500
1  2  13  5  62500
1  2  14  7  62500
1  2  14  8  62500
0  1  3  5  63000
0  1  3  9  63000
0  1  4  12  63000
0  1  4  13  63000
0  1  4  4  63000
0  1  4  8  63000
0  1  4  5  63000
0  1  4  5  63000
0  1  4  3  63000
0  1  5  11  63000
0  1  5  1  63000
0  1  5  9  63000
0  1  5  4  63000
0  1  5  0  63000
0  1  5  5  63000
0  1  5  2  63000
0  1  5  0  63000
0  1  5  14  63000
0  1  5  0  63000
0  1  5  0  63000
0  1  6  5  63000
0  1  6  6  63000
0  1  6  15  63000
0  1  6  9  63000
0  1  6  4  63000
0  1  6  8  63000
0  1  6  5  63000
0  1  6  6  63000
0  1  6  7  63000
0  1  7  13  63000
0  1  7  11  63000
0  1  7  2  63000
0  1  7  4  63000
0  1  7  2  63000
0  1  7  10  63000
0  1  7  9  63000
0  1  7  15  63000
0  1  7  3  63000
0  1  7  14  63000
0  1  7  2  63000
0  1  8  1  63000
0  1  8  1  63000
0  1  8  13  63000
0  1  8  15  63000
0  1  8  6  63000
0  1  8  2  63000
0  1  8  6  63000
0  1  8  7  63000
0  1  8  5  63000
0  1  8  9  63000
0  1  8  11  63000
0  1  8  11  63000
0  1  8  7  63000
0  1  8  4  63000
0  1  8  3  63000
0  1  9  8  63000
0  1  9  13  63000
0  1  9  2  63000
0  1  9  14  63000
0  1  9  13  63000
0  1  9  7  63000
0  1  9  10  63000
0  1  9  5  63000
0  1  10  2  63000
0  1  10  9  63000
0  1  10  6  63000
0  1  10  12  63000
0  1  10  5  63000
0  1  11  8  63000
0  1  11  7  63000
0  1  11  1  63000
0  1  11  11  63000
0  1  11  12  63000
0  1  11  0  63000
0  1  12  7  63000
0  1  12  4  63000
0  1  12  5  63000
0  1  13  4  63000
0  1  13  4  63000
0  1  13  4  63000
0  1  13  7  63000
1  2  0  1  63000
1  2  1  2  63000
1  2  2  0  63000
1  2  4  9  63000
1  2  5  9  63000
1  2  5  3  63000
1  2  6  0  63000
1  2  7  5  63000
1  2  7  1  63000
1  2  7  2  63000
1  2  8  4  63000
1  2  9  5  63000
1  2  10  7  63000
1  2  10  9  63000
1  2  11  4  63000
1  2  12  7  63000
1  2  12  1  63000
1  2  12  4  63000
1  2  13  8  63000
1  2  13  6  63000
1  2  14  9  63000
0  1  3  5  63500
0  1  3  15  63500
0  1  3  9  63500
0  1  4  4  63500
0  1  4  9  63500
0  1  4  2  63500
0  1  4  9  63500
0  1  4  13  63500
0  1  4  8  63500
0  1  4  7  63500
0  1  4  0  63500
0  1  5  10  63500
0  1  5  0  63500
0  1  5  10  63500
0  1  5  9  63500
0  1  5  5  63500
0  1  5  15  63500
0  1  5  2  63500
0  1  5  4  63500
0  1  5  13  63500
0  1  5  14  63500
0  1  5  14  63500
0  1  6  12  63500
0  1  6  1  63500
0  1  6  0  63500
0  1  6  6  63500
0  1  6  11  63500
0  1  6  15  63500
0  1  6  12  63500
0  1  6  14  63500
0  1  6  6  63500
0  1  6  5  63500
0  1  7  7  63500
0  1  7  7  63500
0  1  7  9  63500
0  1  7  0  63500
0  1  7  8  63500
0  1  7  3  63500
0  1  7  1  63500
0  1  7  6  63500
0  1  7  9  63500
0  1  8  10  63500
0  1  8  4  63500
0  1  8  15  63500
0  1  8  0  63500
0  1  8  14  63500
0  1  8  12  63500
0  1  8  5  63500
0  1  8  13  63500
0  1  8  9  63500
0  1  8  12  63500
0  1  8  1  63500
0  1  8  5  63500
0  1  8  5  63500
0  1  8  8  63500
0  1  9  12  63500
0  1  9  3  63500
0  1  9  12  63500
0  1  9  8  63500
0  1  9  10  63500
0  1  9  6  63500
0  1  9  3  63500
0  1  9  7  63500
0  1  10  4  63500
0  1  10  7  63500
0  1  10  11  63500
0  1  10  1  63500
0  1  10  15  63500
0  1  10  4  63500
0  1  11  14  63500
0  1  11  7  63500
0  1  11  9  63500
0  1  11  8  63500
0  1  12  11  63500
0  1  12  4  63500
0  1  12  14  63500
0  1  12  6  63500
0  1  13  7  63500
0  1  13  10  63500
0  1  13  3  63500
0  1  14  13  63500
0  1  14  15  63500
0  1  14  2  63500
1  2  0  8  63500
1  2  1  3  63500
1  2  2  7  63500
1  2  3  8  63500
1  2  4  7  63500
1  2  4  2  63500
1  2  4  7  63500
1  2  4  0  63500
1  2  5  4  63500
1  2  6  3  63500
1  2  6  9  63500
1  2  7  5  63500
1  2  9  0  63500
1  2  10  9  63500
1  2  10  6  63500
1  2  11  8  63500
1  2  12  2  63500
1  2  12  8  63500
1  2  12  2  63500
1  2  12  9  63500
1  2  13  5  63500
1  2  13  0  63500
1  2  14  3  63500
0  1  3  8  64000
0  1  3  5  64000
0  1  4  12  64000
0  1  4  9  64000
0  1  4  6  64000
0  1  4  13  64000
0  1  4  6  64000
0  1  4  9  64000
0  1  4  2  64000
0  1  4  4  64000
0  1  5  8  64000
0  1  5  4  64000
0  1  5  13  64000
0  1  5  3  64000
0  1  5  14  64000
0  1  5  4  64000
0  1  5  6  64000
0  1  5  11  64000
0  1  5  3  64000
0  1  5  8  64000
0  1  5  4  64000
0  1  6  12  64000
0  1  6  0  64000
0  1  6  1  64000
0  1  6  9  64000
0  1  6  9  64000
0  1  6  6  64000
0  1  6  5  64000
0  1  6  13  64000
0  1  6  8  64000
0  1  7  10  64000
0  1  7  13  64000
0  1  7  10  64000
0  1  7  10  64000
0  1  7  2  64000
0  1  7  3  64000
0  1  7  0  64000
0  1  7  5  64000
0  1  7  3  64000
0  1  8  8  64000
0  1  8  3  64000
0  1  8  0  64000
0  1  8  14  64000
0  1  8  2  64000
0  1  8  12  64000
0  1  8  5  64000
0  1  8  0  64000
0  1  8  2  64000
0  1  8  6  64000
0  1  8  10  64000
0  1  8  5  64000
0  1  8  12  64000
0  1  8  4  64000
0  1  8  15  64000
0  1  8  12  64000
0  1  8  9  64000
0  1  9  2  64000
0  1  9  7  64000
0  1  9  8  64000
0  1  9  12  64000
0  1  9  11  64000
0  1  9  14  64000
0  1  9  12  64000
0  1  9  8  64000
0  1  9  4  64000
0  1  10  7  64000
0  1  10  13  64000
0  1  10  12  64000
0  1  10  4  64000
0  1  11  1  64000
0  1  11  15  64000
0  1  11  1  64000
0  1  11  7  64000
0  1  12  8  64000
0  1  12  7  64000
0  1  13  3  64000
0  1  13  10  64000
0  1  14  6  64000
0  1  14  15  64000
0  1  14  5  64000
1  2  2  4  64000
1  2  2  3  64000
1  2  2  9  64000
1  2  3  8  64000
1  2  4  6  64000
1  2  5  6  64000
1  2  6  9  64000
1  2  7  3  64000
1  2  7  8  64000
1  2  10  1  64000
1  2  11  3  64000
1  2  11  6  64000
1  2  12  6  64000
1  2  14  1  64000
1  2  14  1  64000
0  1  2  0  64500
0  1  2  4  64500
0  1  2  14  64500
0  1  3  10  64500
0  1  3  10  64500
0  1  3  15  64500
0  1  3  7  64500
0  1  3  4  64500
0  1  3  6  64500
0  1  3  5  64500
0  1  3  2  64500
0  1  3  13  64500
0  1  3  0  64500
0  1  3  10  64500
0  1  3  2  64500
0  1  3  1  64500
0  1  3  6  64500
0  1  3  8  64500
0  1  3  11  64500
0  1  3  0  64500
0  1  3  6  64500
0  1  3  0  64500
0  1  3  15  64500
0  1  4  13  64500
0  1  4  15  64500
0  1  4  6  64500
0  1  4  3  64500
0  1  4  1  64500
0  1  4  10  64500
0  1  4  12  64500
0  1  4  4  64500
0  1  4  15  64500
0  1  4  7  64500
0  1  4  2  64500
0  1  4  1  64500
0  1  4  3  64500
0  1  4  12  64500
0  1  4  7  64500
0  1  4  0  64500
0  1  5  5  64500
0  1  5  12  64500
0  1  5  2  64500
0  1  5  10  64500
0  1  5  2  64500
0  1  6  6  64500
0  1  6  0  64500
0  1  6  10  64500
0  1  6  6  64500
0  1  7  2  64500
0  1  7  1  64500
0  1  7  3  64500
0  1  7  15  64500
0  1  8  12  64500
0  1  8  8  64500
0  1  8  3  64500
0  1  8  11  64500
0  1  8  4  64500
0  1  8  8  64500
0  1  8  11  64500
0  1  8  8  64500
0  1  8  4  64500
0  1  8  15  64500
0  1  8  4  64500
0  1  9  10  64500
0  1  9  6  64500
0  1  9  13  64500
0  1  9  5  64500
0  1  9  6  64500
0  1  9  9  64500
0  1  9  5  64500
0  1  9  12  64500
0  1  9  13  64500
0  1  9  15  64500
0  1  9  6  64500
0  1  9  6  64500
0  1  9  9  64500
0  1  9  13  64500
0  1  9  6  64500
0  1  9  3  64500
0  1  9  2  64500
0  1  9  2  64500
0  1  9  7  64500
0  1  9  2  64500
0  1  10  11  64500
0  1  10  0  64500
0  1  10  11  64500
0  1  10  1  64500
0  1  10  2  64500
0  1  10  1  64500
0  1  10  15  64500
0  1  10  8  64500
0  1  10  4  64500
0  1  10  15  64500
0  1  10  0  64500
0  1  10  14  64500
0  1  10  12  64500
0  1  10  4  64500
0  1  11  15  64500
0  1  11  14  64500
0  1  11  15  64500
0  1  11  12  64500
0  1  11  4  64500
0  1  11  8  64500
0  1  11  14  64500
0  1  11  0  64500
0  1  11  9  64500
0  1  11  14  64500
0  1  11  10  64500
0  1  11  8  64500
0  1  11  11  64500
0  1  11  8  64500
0  1  11  6  64500
0  1  12  3  64500
0  1  12  4  64500
0  1  12  12  64500
0  1  12  13  64500
0  1  12  8  64500
0  1  12  4  64500
0  1  12  7  64500
0  1  12  7  64500
0  1  12  2  64500
0  1  13  2  64500
1  2  0  8  64500
1  2  0  5  64500
1  2  1  2  64500
1  2  2  3  64500
1  2  3  7  64500
1  2  3  8  64500
1  2  3  4  64500
1  2  4  1  64500
1  2  5  6  64500
1  2  5  0  64500
1  2  5  2  64500
1  2  5  1  64500
1  2  8  1  64500
1  2  8  4  64500
1  2  8  3  64500
1  2  8  8  64500
1  2  9  2  64500
1  2  9  0  64500
1  2  9  3  64500
1  2  10  4  64500
1  2  11  4  64500
1  2  12  5  64500
1  2  14  4  64500
1  2  14  8  64500
1  2  15  7  64500
1  2  15  1  64500
1  2  15  2  64500
1  2  15  9  64500
0  1  2  9  65000
0  1  3  12  65000
0  1  3  11  65000
0  1  3  12  65000
0  1  3  13  65000
0  1  3  3  65000
0  1  3  3  65000
0  1  3  5  65000
0  1  3  13  65000
0  1  3  1  65000
0  1  3  1  65000
0  1  3  10  65000
0  1  3  9  65000
0  1  3  10  65000
0  1  3  4  65000
0  1  3  11  65000
0  1  3  14  65000
0  1  3  8  65000
0  1  3  1  65000
0  1  3  9  65000
0  1  3  10  65000
0  1  4  4  65000
0  1  4  5  65000
0  1  4  15  65000
0  1  4  6  65000
0  1  4  1  65000
0  1  4  3  65000
0  1  4  6  65000
0  1  4  8  65000
0  1  4  6  65000
0  1  4  13  65000
0  1  4  13  65000
0  1  4  11  65000
0  1  4  6  65000
0  1  5  4  65000
0  1  5  14  65000
0  1  5  9  65000
0  1  5  4  65000
0  1  6  1  65000
0  1  6  3  65000
0  1  6  14  65000
0  1  7  14  65000
0  1  7  13  65000
0  1  7  9  65000
0  1  7  7  65000
0  1  8  15  65000
0  1  8  8  65000
0  1  8  12  65000
0  1  8  7  65000
0  1  8  15  65000
0  1  8  7  65000
0  1  8  0  65000
0  1  8  7  65000
0  1  8  12  65000
0  1  8  6  65000
0  1  8  8  65000
0  1  9  4  65000
0  1  9  3  65000
0  1  9  12  65000
0  1  9  13  65000
0  1  9  2  65000
0  1  9  10  65000
0  1  9  7  65000
0  1  9  0  65000
0  1  9  1  65000
0  1  9  4  65000
0  1  9  8  65000
0  1  9  11  65000
0  1  9  7  65000
0  1  9  0  65000
0  1  9  11  65000
0  1  9  15  65000
0  1  9  8  65000
0  1  9  11  65000
0  1  9  5  65000
0  1  9  9  65000
0  1  9  12  65000
0  1  10  6  65000
0  1  10  11  65000
0  1  10  11  65000
0  1  10  7  65000
0  1  10  14  65000
0  1  10  0  65000
0  1  10  13  65000
0  1  10  12  65000
0  1  10  2  65000
0  1  10  4  65000
0  1  10  4  65000
0  1  10  15  65000
0  1  10  9  65000
0  1  10  0  65000
0  1  11  13  65000
0  1  11  9  65000
0  1  11  1  65000
0  1  11  10  65000
0  1  11  4  65000
0  1  11  10  65000
0  1  11  11  65000
0  1  11  12  65000
0  1  11  15  65000
0  1  11  10  65000
0  1  11  0  65000
0  1  11  4  65000
0  1  11  1  65000
0  1  11  11  65000
0  1  11  10  65000
0  1  12  5  65000
0  1  12  0  65000
0  1  12  7  65000
0  1  12  14  65000
0  1  12  7  65000
0  1  12  14  65000
0  1  12  13  65000
0  1  12  14  65000
0  1  12  4  65000
0  1  12  4  65000
0  1  13  10  65000
0  1  13  9  65000
1  2  1  0  65000
1  2  3  6  65000
1  2  3  6  65000
1  2  3  4  65000
1  2  4  7  65000
1  2  4  6  65000
1  2  5  6  65000
1  2  7  1  65000
1  2  9  3  65000
1  2  9  6  65000
1  2  10  0  65000
1  2  10  8  65000
1  2  10  3  65000
1  2  11  4  65000
1  2  11  8  65000
1  2  11  4  65000
1  2  11  8  65000
1  2  13  6  65000
1  2  14  5  65000
1  2  14  7  65000
1  2  15  5  65000
1  2  15  9  65000
0  1  2  4  65500
0  1  3  14  65500
0  1  3  1  65500
0  1  3  15  65500
0  1  3  4  65500
0  1  3  3  65500
0  1  3  11  65500
0  1  3  14  65500
0  1  3  15  65500
0  1  3  8  65500
0  1  3  4  65500
0  1  3  14  65500
0  1  3  15  65500
0  1  3  4  65500
0  1  3  15  65500
0  1  3  7  65500
0  1  3  15  65500
0  1  3  14  65500
0  1  3  14  65500
0  1  4  13  65500
0  1  4  9  65500
0  1  4  4  65500
0  1  4  3  65500
0  1  4  15  65500
0  1  4  3  65500
0  1  4  8  65500
0  1  4  13  65500
0  1  4  12  65500
0  1  4  5  65500
0  1  4  12  65500
0  1  4  12  65500
0  1  4  14  65500
0  1  4  0  65500
0  1  4  14  65500
0  1  4  8  65500
0  1  5  5  65500
0  1  5  5  65500
0  1  5  2  65500
0  1  5  0  65500
0  1  5  8  65500
0  1  6  10  65500
0  1  6  10  65500
0  1  6  9  65500
0  1  7  12  65500
0  1  7  5  65500
0  1  7  10  65500
0  1  8  14  65500
0  1  8  14  65500
0  1  8  8  65500
0  1  8  13  65500
0  1  8  5  65500
0  1  8  11  65500
0  1  8  12  65500
0  1  8  14  65500
0  1  8  2  65500
0  1  8  1  65500
0  1  8  8  65500
0  1  9  6  65500
0  1  9  6  65500
0  1  9  7  65500
0  1  9  6  65500
0  1  9  11  65500
0  1  9  9  65500
0  1  9  5  65500
0  1  9  14  65500
0  1  9  5  65500
0  1  9  0  65500
0  1  9  2  65500
0  1  9  1  65500
0  1  9  8  65500
0  1  9  5  65500
0  1  9  3  65500
0  1  9  11  65500
0  1  9  6  65500
0  1  9  9  65500
0  1  9  1  65500
0  1  10  0  65500
0  1  10  12  65500
0  1  10  15  65500
0  1  10  10  65500
0  1  10  4  65500
0  1  10  6  65500
0  1  10  2  65500
0  1  10  15  65500
0  1  10  13  65500
0  1  10  10  65500
0  1  10  0  65500
0  1  10  2  65500
0  1  10  1  65500
0  1  11  11  65500
0  1  11  13  65500
0  1  11  8  65500
0  1  11  10  65500
0  1  11  13  65500
0  1  11  4  65500
0  1  11  15  65500
0  1  11  6  65500
0  1  11  13  65500
0  1  11  0  65500
0  1  11  1  65500
0  1  11  4  65500
0  1  12  2  65500
0  1  12  15  65500
0  1  12  11  65500
0  1  12  10  65500
0  1  12  8  65500
0  1  12  15  65500
0  1  12  8  65500
0  1  12  7  65500
0  1  12  0  65500
0  1  12  13  65500
0  1  12  12  65500
0  1  12  0  65500
0  1  13  9  65500
0  1  13  11  65500
1  2  0  3  65500
1  2  2  8  65500
1  2  2  0  65500
1  2  2  4  65500
1  2  2  1  65500
1  2  6  6  65500
1  2  7  0  65500
1  2  8  9  65500
1  2  8  2  65500
1  2  9  6  65500
1  2  9  3  65500
1  2  10  5  65500
1  2  11  4  65500
1  2  11  8  65500
1  2  11  7  65500
1  2  12  6  65500
1  2  13  1  65500
1  2  15  6  65500
1  2  15  4  65500
0  1  2  8  66000
0  1  3  13  66000
0  1  3  5  66000
0  1  3  3  66000
0  1  3  11  66000
0  1  3  9  66000
0  1  3  10  66000
0  1  3  5  66000
0  1  3  1  66000
0  1  3  5  66000
0  1  3  12  66000
0  1  3  9  66000
0  1  3  7  66000
0  1  3  11  66000
0  1  3  5  66000
0  1  3  0  66000
0  1  3  10  66000
0  1  3  14  66000
0  1  3  5  66000
0  1  3  0  66000
0  1  3  2  66000
0  1  4  2  66000
0  1  4  6  66000
0  1  4  9  66000
0  1  4  15  66000
0  1  4  15  66000
0  1  4  5  66000
0  1  4  14  66000
0  1  4  3  66000
0  1  4  8  66000
0  1  4  8  66000
0  1  4  4  66000
0  1  4  10  66000
0  1  4  8  66000
0  1  4  6  66000
0  1  5  7  66000
0  1  5  12  66000
0  1  5  4  66000
0  1  5  8  66000
0  1  5  13  66000
0  1  6  5  66000
0  1  6  6  66000
0  1  6  4  66000
0  1  7  8  66000
0  1  7  10  66000
0  1  7  10  66000
0  1  7  15  66000
0  1  8  11  66000
0  1  8  5  66000
0  1  8  5  66000
0  1  8  6  66000
0  1  8  8  66000
0  1  8  13  66000
0  1  8  1  66000
0  1  8  15  66000
0  1  8  12  66000
0  1  8  12  66000
0  1  9  7  66000
0  1  9  4  66000
0  1  9  14  66000
0  1  9  8  66000
0  1  9  10  66000
0  1  9  0  66000
0  1  9  4  66000
0  1  9  3  66000
0  1  9  3  66000
0  1  9  4  66000
0  1  9  2  66000
0  1  9  13  66000
0  1  9  12  66000
0  1  9  15  66000
0  1  9  3  66000
0  1  9  14  66000
0  1  9  4  66000
0  1  9  10  66000
0  1  9  1  66000
0  1  9  15  66000
0  1  10  0  66000
0  1  10  13  66000
0  1  10  13  66000
0  1  10  12  66000
0  1  10  7  66000
0  1  10  4  66000
0  1  10  3  66000
0  1  10  8  66000
0  1  10  12  66000
0  1  10  14  66000
0  1  10  3  66000
0  1  10  15  66000
0  1  10  8  66000
0  1  10  8  66000
0  1  10  8  66000
0  1  10  0  66000
0  1  11  15  66000
0  1  11  6  66000
0  1  11  2  66000
0  1  11  9  66000
0  1  11  4  66000
0  1  11  9  66000
0  1  11  7  66000
0  1  11  12  66000
0  1  11  5  66000
0  1  11  7  66000
0  1  11  6  66000
0  1  11  9  66000
0  1  11  14  66000
0  1  12  3  66000
0  1  12  4  66000
0  1  12  8  66000
0  1  12  6  66000
0  1  12  2  66000
0  1  12  15  66000
0  1  12  5  66000
0  1  12  7  66000
0  1  12  9  66000
0  1  12  11  66000
0  1  13  2  66000
1  2  0  1  66000
1  2  0  7  66000
1  2  1  7  66000
1  2  1  2  66000
1  2  1  3  66000
1  2  2  8  66000
1  2  2  1  66000
1  2  3  8  66000
1  2  4  1  66000
1  2  4  1  66000
1  2  5  9  66000
1  2  7  2  66000
1  2  7  9  66000
1  2  8  0  66000
1  2  8  3  66000
1  2  8  8  66000
1  2  9  0  66000
1  2  11  6  66000
1  2  11  4  66000
1  2  11  7  66000
1  2  11  2  66000
1  2  12  4  66000
1  2  13  6  66000
1  2  15  8  66000
1  2  15  6  66000
0  1  2  15  66500
0  1  2  11  66500
0  1  3  12  66500
0  1  3  5  66500
0  1  3  4  66500
0  1  3  15  66500
0  1  3  1  66500
0  1  3  3  66500
0  1  3  11  66500
0  1  3  0  66500
0  1  3  5  66500
0  1  3  15  66500
0  1  3  15  66500
0  1  3  11  66500
0  1  3  11  66500
0  1  3  13  66500
0  1  3  13  66500
0  1  3  1  66500
0  1  3  0  66500
0  1  3  11  66500
0  1  3  13  66500
0  1  3  9  66500
0  1  4  8  66500
0  1  4  11  66500
0  1  4  10  66500
0  1  4  5  66500
0  1  4  7  66500
0  1  4  15  66500
0  1  4  6  66500
0  1  4  0  66500
0  1  4  4  66500
0  1  4  5  66500
0  1  4  5  66500
0  1  4  0  66500
0  1  4  8  66500
0  1  4  5  66500
0  1  4  0  66500
0  1  4  7  66500
0  1  4  3  66500
0  1  4  11  66500
0  1  4  11  66500
0  1  5  7  66500
0  1  5  10  66500
0  1  5  7  66500
0  1  5  9  66500
0  1  5  1  66500
0  1  6  9  66500
0  1  6  6  66500
0  1  6  4  66500
0  1  7  7  66500
0  1  7  3  66500
0  1  7  15  66500
0  1  7  11  66500
0  1  8  1  66500
0  1  8  11  66500
0  1  8  12  66500
0  1  8  8  66500
0  1  8  11  66500
0  1  8  10  66500
0  1  8  14  66500
0  1  8  12  66500
0  1  8  7  66500
0  1  8  1  66500
0  1  8  4  66500
0  1  9  6  66500
0  1  9  10  66500
0  1  9  13  66500
0  1  9  1  66500
0  1  9  8  66500
0  1  9  5  66500
0  1  9  12  66500
0  1  9  6  66500
0  1  9  6  66500
0  1  9  1  66500
0  1  9  1  66500
0  1  9  15  66500
0  1  9  2  66500
0  1  9  0  66500
0  1  9  1  66500
0  1  9  15  66500
0  1  9  3  66500
0  1  9  12  66500
0  1  9  0  66500
0  1  10  14  66500
0  1  10  10  66500
0  1  10  4  66500
0  1  10  9  66500
0  1  10  14  66500
0  1  10  13  66500
0  1  10  5  66500
0  1  10  3  66500
0  1  10  10  66500
0  1  10  11  66500
0  1  10  12  66500
0  1  10  8  66500
0  1  10  13  66500
0  1  10  11  66500
0  1  11  6  66500
0  1  11  0  66500
0  1  11  3  66500
0  1  11  0  66500
0  1  11  2  66500
0  1  11  13  66500
0  1  11  10  66500
0  1  11  8  66500
0  1  11  15  66500
0  1  11  9  66500
0  1  11  3  66500
0  1  11  9  66500
0  1  11  9  66500
0  1  11  10  66500
0  1  11  4  66500
0  1  12  9  66500
0  1  12  13  66500
0  1  12  8  66500
0  1  12  4  66500
0  1  12  4  66500
0  1  12  14  66500
0  1  12  15  66500
0  1  12  3  66500
0  1  12  1  66500
0  1  12  14  66500
0  1  13  13  66500
0  1  13  8  66500
1  2  0  8  66500
1  2  0  5  66500
1  2  2  6  66500
1  2  2  2  66500
1  2  3  5  66500
1  2  3  6  66500
1  2  4  4  66500
1  2  5  8  66500
1  2  7  9  66500
1  2  8  9  66500
1  2  8  3  66500
1  2  9  2  66500
1  2  9  4  66500
1  2  9  5  66500
1  2  9  3  66500
1  2  10  0  66500
1  2  10  6  66500
1  2  11  0  66500
1  2  11  4  66500
1  2  11  7  66500
1  2  12  6  66500
1  2  12  4  66500
1  2  13  1  66500
1  2  13  2  66500
1  2  15  8  66500
1  2  15  6  66500
0  1  3  1  67000
0  1  3  0  67000
0  1  3  13  67000
0  1  3  3  67000
0  1  3  6  67000
0  1  3  13  67000
0  1  3  1  67000
0  1  3  11  67000
0  1  3  0  67000
0  1  3  4  67000
0  1  3  9  67000
0  1  3  10  67000
0  1  3  5  67000
0  1  3  15  67000
0  1  3  14  67000
0  1  3  3  67000
0  1  3  15  67000
0  1  3  6  67000
0  1  3  2  67000
0  1  3  0  67000
0  1  3  13  67000
0  1  4  12  67000
0  1  4  9  67000
0  1  4  3  67000
0  1  4  3  67000
0  1  4  1  67000
0  1  4  9  67000
0  1  4  4  67000
0  1  4  8  67000
0  1  4  2  67000
0  1  4  11  67000
0  1  4  2  67000
0  1  4  7  67000
0  1  4  9  67000
0  1  4  15  67000
0  1  4  3  67000
0  1  4  15  67000
0  1  4  15  67000
0  1  5  14  67000
0  1  5  12  67000
0  1  5  4  67000
0  1  6  8  67000
0  1  6  0  67000
0  1  6  6  67000
0  1  6  2  67000
0  1  7  0  67000
0  1  7  11  67000
0  1  7  8  67000
0  1  7  5  67000
0  1  8  14  67000
0  1  8  0  67000
0  1  8  3  67000
0  1  8  10  67000
0  1  8  2  67000
0  1  8  13  67000
0  1  8  11  67000
0  1  8  12  67000
0  1  8  12  67000
0  1  8  12  67000
0  1  8  11  67000
0  1  8  4  67000
0  1  9  15  67000
0  1  9  6  67000
0  1  9  5  67000
0  1  9  4  67000
0  1  9  1  67000
0  1  9  0  67000
0  1  9  0  67000
0  1  9  5  67000
0  1  9  8  67000
0  1  9  9  67000
0  1  9  11  67000
0  1  9  2  67000
0  1  9  4  67000
0  1  9  0  67000
0  1  9  9  67000
0  1  9  11  67000
0  1  9  4  67000
0  1  9  13  67000
0  1  9  1  67000
0  1  9  2  67000
0  1  10  9  67000
0  1  10  12  67000
0  1  10  13  67000
0  1  10  2  67000
0  1  10  2  67000
0  1  10  13  67000
0  1  10  13  67000
0  1  10  2  67000
0  1  10  8  67000
0  1  10  6  67000
0  1  10  6  67000
0  1  10  13  67000
0  1  10  6  67000
0  1  10  15  67000
0  1  10  12  67000
0  1  10  4  67000
0  1  10  15  67000
0  1  11  1  67000
0  1  11  13  67000
0  1  11  8  67000
0  1  11  1  67000
0  1  11  5  67000
0  1  11  15  67000
0  1  11  5  67000
0  1  11  0  67000
0  1  11  5  67000
0  1  11  13  67000
0  1  11  5  67000
0  1  11  11  67000
0  1  11  4  67000
0  1  11  14  67000
0  1  12  15  67000
0  1  12  15  67000
0  1  12  4  67000
0  1  12  9  67000
0  1  12  6  67000
0  1  12  6  67000
0  1  12  12  67000
0  1  12  5  67000
0  1  12  10  67000
1  2  2  4  67000
1  2  2  1  67000
1  2  3  6  67000
1  2  4  2  67000
1  2  5  6  67000
1  2  5  4  67000
1  2  7  5  67000
1  2  7  9  67000
1  2  8  7  67000
1  2  8  6  67000
1  2  10  8  67000
1  2  10  9  67000
1  2  11  6  67000
1  2  11  9  67000
1  2  11  8  67000
1  2  11  0  67000
1  2  11  4  67000
1  2  12  6  67000
1  2  12  4  67000
1  2  13  7  67000
1  2  13  3  67000
1  2  15  8  67000
1  2  15  7  67000
1  2  15  5  67000
0  1  2  14  67500
0  1  3  7  67500
0  1  3  14  67500
0  1  3  5  67500
0  1  3  11  67500
0  1  3  12  67500
0  1  3  6  67500
0  1  3  9  67500
0  1  3  14  67500
0  1  3  13  67500
0  1  3  12  67500
0  1  3  14  67500
0  1  3  13  67500
0  1  3  2  67500
0  1  3  3  67500
0  1  3  1  67500
0  1  3  0  67500
0  1  3  2  67500
0  1  3  7  67500
0  1  3  7  67500
0  1  3  6  67500
0  1  4  7  67500
0  1  4  3  67500
0  1  4  3  67500
0  1  4  10  67500
0  1  4  3  67500
0  1  4  0  67500
0  1  4  4  67500
0  1  4  13  67500
0  1  4  6  67500
0  1  4  9  67500
0  1  4  14  67500
0  1  4  0  67500
0  1  4  14  67500
0  1  5  10  67500
0  1  5  13  67500
0  1  5  15  67500
0  1  5  0  67500
0  1  5  2  67500
0  1  6  2  67500
0  1  6  11  67500
0  1  6  12  67500
0  1  6  3  67500
0  1  7  9  67500
0  1  7  11  67500
0  1  7  5  67500
0  1  7  1  67500
0  1  8  15  67500
0  1  8  8  67500
0  1  8  1  67500
0  1  8  3  67500
0  1  8  10  67500
0  1  8  7  67500
0  1  8  12  67500
0  1  8  7  67500
0  1  8  13  67500
0  1  8  7  67500
0  1  8  12  67500
0  1  8  11  67500
0  1  8  6  67500
0  1  9  9  67500
0  1  9  12  67500
0  1  9  1  67500
0  1  9  3  67500
0  1  9  1  67500
0  1  9  15  67500
0  1  9  7  67500
0  1  9  6  67500
0  1  9  5  67500
0  1  9  6  67500
0  1  9  14  67500
0  1  9  6  67500
0  1  9  1  67500
0  1  9  7  67500
0  1  9  13  67500
0  1  9  9  67500
0  1  9  6  67500
0  1  9  2  67500
0  1  9  4  67500
0  1  9  7  67500
0  1  9  15  67500
0  1  10  1  67500
0  1  10  13  67500
0  1  10  10  67500
0  1  10  6  67500
0  1  10  9  67500
0  1  10  0  67500
0  1  10  7  67500
0  1  10  12  67500
0  1  10  4  67500
0  1  10  5  67500
0  1  10  13  67500
0  1  10  15  67500
0  1  10  10  67500
0  1  11  13  67500
0  1  11  8  67500
0  1  11  11  67500
0  1  11  8  67500
0  1  11  9  67500
0  1  11  12  67500
0  1  11  4  67500
0  1  11  15  67500
0  1  11  15  67500
0  1  11  13  67500
0  1  11  5  67500
0  1  11  15  67500
0  1  11  11  67500
0  1  11  1  67500
0  1  11  5  67500
0  1  12  6  67500
0  1  12  12  67500
0  1  12  11  67500
0  1  12  15  67500
0  1  12  9  67500
0  1  12  15  67500
0  1  12  2  67500
0  1  12  14  67500
0  1  12  1  67500
0  1  12  3  67500
0  1  12  13  67500
0  1  12  0  67500
0  1  13  5  67500
0  1  13  0  67500
1  2  2  6  67500
1  2  2  8  67500
1  2  4  1  67500
1  2  5  5  67500
1  2  5  5  67500
1  2  7  3  67500
1  2  7  4  67500
1  2  7  9  67500
1  2  9  6  67500
1  2  10  9  67500
1  2  11  4  67500
1  2  11  9  67500
1  2  12  1  67500
1  2  12  6  67500
1  2  13  1  67500
1  2  13  6  67500
1  2  15  8  67500
0  1  3  1  68000
0  1  3  10  68000
0  1  3  4  68000
0  1  3  3  68000
0  1  3  10  68000
0  1  3  6  68000
0  1  3  7  68000
0  1  3  6  68000
0  1  3  13  68000
0  1  3  8  68000
0  1  3  7  68000
0  1  3  7  68000
0  1  3  5  68000
0  1  3  7  68000
0  1  3  1  68000
0  1  3  12  68000
0  1  3  0  68000
0  1  3  0  68000
0  1  3  6  68000
0  1  3  8  68000
0  1  3  2  68000
0  1  4  1  68000
0  1  4  5  68000
0  1  4  4  68000
0  1  4  13  68000
0  1  4  3  68000
0  1  4  1  68000
0  1  4  6  68000
0  1  4  9  68000
0  1  4  1  68000
0  1  4  12  68000
0  1  4  14  68000
0  1  4  12  68000
0  1  4  0  68000
0  1  4  0  68000
0  1  4  12  68000
0  1  4  3  68000
0  1  4  0  68000
0  1  5  8  68000
0  1  5  9  68000
0  1  5  2  68000
0  1  5  7  68000
0  1  6  12  68000
0  1  6  11  68000
0  1  6  7  68000
0  1  6  5  68000
0  1  7  10  68000
0  1  7  10  68000
0  1  7  3  68000
0  1  7  12  68000
0  1  8  6  68000
0  1  8  8  68000
0  1  8  11  68000
0  1  8  2  68000
0  1  8  13  68000
0  1  8  7  68000
0  1  8  11  68000
0  1  8  4  68000
0  1  8  2  68000
0  1  8  8  68000
0  1  8  12  68000
0  1  8  5  68000
0  1  9  12  68000
0  1  9  15  68000
0  1  9  8  68000
0  1  9  2  68000
0  1  9  10  68000
0  1  9  2  68000
0  1  9  12  68000
0  1  9  3  68000
0  1  9  12  68000
0  1  9  15  68000
0  1  9  11  68000
0  1  9  2  68000
0  1  9  1  68000
0  1  9  7  68000
0  1  9  14  68000
0  1  9  9  68000
0  1  9  7  68000
0  1  9  2  68000
0  1  9  5  68000
0  1  9  4  68000
0  1  9  6  68000
0  1  10  0  68000
0  1  10  0  68000
0  1  10  1  68000
0  1  10  2  68000
0  1  10  12  68000
0  1  10  5  68000
0  1  10  6  68000
0  1  10  9  68000
0  1  10  15  68000
0  1  10  11  68000
0  1  10  11  68000
0  1  10  11  68000
0  1  10  0  68000
0  1  11  9  68000
0  1  11  0  68000
0  1  11  9  68000
0  1  11  1  68000
0  1  11  4  68000
0  1  11  14  68000
0  1  11  10  68000
0  1  11  2  68000
0  1  11  13  68000
0  1  11  14  68000
0  1  11  5  68000
0  1  11  1  68000
0  1  12  2  68000
0  1  12  5  68000
0  1  12  4  68000
0  1  12  10  68000
0  1  12  12  68000
0  1  12  8  68000
0  1  12  5  68000
0  1  12  9  68000
0  1  12  2  68000
0  1  12  14  68000
0  1  13  9  68000
1  2  0  7  68000
1  2  0  4  68000
1  2  1  6  68000
1  2  2  2  68000
1  2  4  8  68000
1  2  4  7  68000
1  2  4  6  68000
1  2  5  8  68000
1  2  5  5  68000
1  2  5  8  68000
1  2  6  3  68000
1  2  7  5  68000
1  2  7  9  68000
1  2  8  9  68000
1  2  8  4  68000
1  2  9  2  68000
1  2  9  5  68000
1  2  11  6  68000
1  2  11  9  68000
1  2  11  6  68000
1  2  11  4  68000
1  2  11  4  68000
1  2  12  8  68000
1  2  12  6  68000
1  2  13  6  68000
1  2  14  5  68000
1  2  15  8  68000
1  2  15  2  68000
1  2  15  4  68000
0  1  2  11  68500
0  1  2  6  68500
0  1  2  0  68500
0  1  3  11  68500
0  1  3  13  68500
0  1  3  6  68500
0  1  3  12  68500
0  1  3  9  68500
0  1  3  10  68500
0  1  3  11  68500
0  1  3  1  68500
0  1  3  10  68500
0  1  3  0  68500
0  1  3  0  68500
0  1  3  8  68500
0  1  3  14  68500
0  1  3  7  68500
0  1  3  2  68500
0  1  3  3  68500
0  1  3  2  68500
0  1  3  15  68500
0  1  3  4  68500
0  1  3  13  68500
0  1  4  11  68500
0  1  4  9  68500
0  1  4  10  68500
0  1  4  6  68500
0  1  4  6  68500
0  1  4  2  68500
0  1  4  3  68500
0  1  4  3  68500
0  1  4  6  68500
0  1  4  14  68500
0  1  4  12  68500
0  1  4  3  68500
0  1  5  6  68500
0  1  5  4  68500
0  1  5  14  68500
0  1  5  11  68500
0  1  6  3  68500
0  1  6  5  68500
0  1  6  14  68500
0  1  6  5  68500
0  1  7  12  68500
0  1  7  14  68500
0  1  7  9  68500
0  1  7  15  68500
0  1  8  0  68500
0  1  8  8  68500
0  1  8  7  68500
0  1  8  5  68500
0  1  8  4  68500
0  1  8  6  68500
0  1  8  12  68500
0  1  8  10  68500
0  1  8  8  68500
0  1  8  5  68500
0  1  8  12  68500
0  1  9  9  68500
0  1  9  12  68500
0  1  9  15  68500
0  1  9  9  68500
0  1  9  11  68500
0  1  9  3  68500
0  1  9  15  68500
0  1  9  1  68500
0  1  9  1  68500
0  1  9  7  68500
0  1  9  2  68500
0  1  9  2  68500
0  1  9  13  68500
0  1  9  2  68500
0  1  9  9  68500
0  1  9  10  68500
0  1  9  15  68500
0  1  9  5  68500
0  1  9  0  68500
0  1  9  12  68500
0  1  10  8  68500
0  1  10  11  68500
0  1  10  1  68500
0  1  10  1  68500
0  1  10  8  68500
0  1  10  0  68500
0  1  10  15  68500
0  1  10  13  68500
0  1  10  2  68500
0  1  10  4  68500
0  1  10  15  68500
0  1  10  5  68500
0  1  10  6  68500
0  1  11  11  68500
0  1  11  0  68500
0  1  11  15  68500
0  1  11  6  68500
0  1  11  0  68500
0  1  11  3  68500
0  1  11  5  68500
0  1  11  6  68500
0  1  11  12  68500
0  1  11  8  68500
0  1  11  3  68500
0  1  11  8  68500
0  1  11  4  68500
0  1  11  4  68500
0  1  11  0  68500
0  1  12  2  68500
0  1  12  2  68500
0  1  12  5  68500
0  1  12  10  68500
0  1  12  12  68500
0  1  12  11  68500
0  1  12  7  68500
0  1  12  6  68500
0  1  12  8  68500
0  1  12  3  68500
1  2  0  2  68500
1  2  2  8  68500
1  2  2  2  68500
1  2  4  5  68500
1  2  5  5  68500
1  2  5  6  68500
1  2  6  3  68500
1  2  6  5  68500
1  2  8  7  68500
1  2  11  9  68500
1  2  11  5  68500
1  2  11  7  68500
1  2  12  2  68500
1  2  12  4  68500
1  2  13  8  68500
1  2  13  9  68500
1  2  15  6  68500
1  2  15  5  68500
1  2  15  8  68500
1  2  15  9  68500
0  1  2  0  69000
0  1  2  6  69000
0  1  3  7  69000
0  1  3  7  69000
0  1  3  15  69000
0  1  3  1  69000
0  1  3  2  69000
0  1  3  11  69000
0  1  3  7  69000
0  1  3  14  69000
0  1  3  9  69000
0  1  3  15  69000
0  1  3  7  69000
0  1  3  2  69000
0  1  3  11  69000
0  1  3  3  69000
0  1  3  7  69000
0  1  3  14  69000
0  1  3  14  69000
0  1  3  11  69000
0  1  3  15  69000
0  1  3  9  69000
0  1  4  12  69000
0  1  4  14  69000
0  1  4  2  69000
0  1  4  0  69000
0  1  4  11  69000
0  1  4  14  69000
0  1  4  3  69000
0  1  4  0  69000
0  1  4  2  69000
0  1  4  8  69000
0  1  4  7  69000
0  1  4  4  69000
0  1  4  11  69000
0  1  4  5  69000
0  1  4  15  69000
0  1  5  5  69000
0  1  5  9  69000
0  1  5  0  69000
0  1  5  15  69000
0  1  6  12  69000
0  1  6  14  69000
0  1  6  6  69000
0  1  6  7  69000
0  1  7  0  69000
0  1  7  15  69000
0  1  7  13  69000
0  1  7  8  69000
0  1  8  0  69000
0  1  8  15  69000
0  1  8  10  69000
0  1  8  14  69000
0  1  8  4  69000
0  1  8  15  69000
0  1  8  1  69000
0  1  8  13  69000
0  1  8  5  69000
0  1  8  5  69000
0  1  9  7  69000
0  1  9  13  69000
0  1  9  3  69000
0  1  9  2  69000
0  1  9  9  69000
0  1  9  6  69000
0  1  9  5  69000
0  1  9  1  69000
0  1  9  4  69000
0  1  9  4  69000
0  1  9  5  69000
0  1  9  8  69000
0  1  9  3  69000
0  1  9  13  69000
0  1  9  1  69000
0  1  9  4  69000
0  1  9  7  69000
0  1  9  2  69000
0  1  9  10  69000
0  1  9  3  69000
0  1  9  12  69000
0  1  10  4  69000
0  1  10  1  69000
0  1  10  15  69000
0  1  10  14  69000
0  1  10  1  69000
0  1  10  8  69000
0  1  10  0  69000
0  1  10  13  69000
0  1  10  0  69000
0  1  10  15  69000
0  1  10  1  69000
0  1  10  2  69000
0  1  10  15  69000
0  1  11  11  69000
0  1  11  4  69000
0  1  11  15  69000
0  1  11  4  69000
0  1  11  0  69000
0  1  11  7  69000
0  1  11  7  69000
0  1  11  14  69000
0  1  11  0  69000
0  1  11  10  69000
0  1  11  11  69000
0  1  11  4  69000
0  1  11  5  69000
0  1  11  2  69000
0  1  11  9  69000
0  1  12  0  69000
0  1  12  4  69000
0  1  12  6  69000
0  1  12  7  69000
0  1  12  0  69000
0  1  12  15  69000
0  1  12  11  69000
0  1  12  12  69000
0  1  12  3  69000
0  1  12  5  69000
0  1  12  12  69000
0  1  13  4  69000
0  1  13  14  69000
1  2  1  2  69000
1  2  1  0  69000
1  2  3  4  69000
1  2  3  3  69000
1  2  4  5  69000
1  2  4  0  69000
1  2  4  1  69000
1  2  5  4  69000
1  2  5  1  69000
1  2  7  2  69000
1  2  7  4  69000
1  2  9  5  69000
1  2  9  6  69000
1  2  10  4  69000
1  2  11  4  69000
1  2  11  9  69000
1  2  12  8  69000
1  2  12  4  69000
1  2  13  6  69000
1  2  15  8  69000
1  2  15  2  69000
1  2  15  2  69000
0  1  2  11  69500
0  1  2  13  69500
0  1  2  11  69500
0  1  3  5  69500
0  1  3  13  69500
0  1  3  4  69500
0  1  3  2  69500
0  1  3  1  69500
0  1  3  5  69500
0  1  3  13  69500
0  1  3  11  69500
0  1  3  7  69500
0  1  3  0  69500
0  1  3  8  69500
0  1  3  6  69500
0  1  3  13  69500
0  1  3  13  69500
0  1  3  2  69500
0  1  3  7  69500
0  1  3  9  69500
0  1  3  15  69500
0  1  4  10  69500
0  1  4  2  69500
0  1  4  12  69500
0  1  4  10  69500
0  1  4  0  69500
0  1  4  3  69500
0  1  4  14  69500
0  1  4  4  69500
0  1  4  11  69500
0  1  4  8  69500
0  1  4  6  69500
0  1  4  2  69500
0  1  4  12  69500
0  1  4  11  69500
0  1  4  4  69500
0  1  4  10  69500
0  1  4  13  69500
0  1  5  2  69500
0  1  5  15  69500
0  1  5  13  69500
0  1  5  15  69500
0  1  6  8  69500
0  1  6  10  69500
0  1  6  8  69500
0  1  6  8  69500
0  1  7  4  69500
0  1  7  11  69500
0  1  7  12  69500
0  1  7  15  69500
0  1  8  2  69500
0  1  8  12  69500
0  1  8  1  69500
0  1  8  14  69500
0  1  8  3  69500
0  1  8  2  69500
0  1  8  8  69500
0  1  8  2  69500
0  1  8  4  69500
0  1  8  9  69500
0  1  8  3  69500
0  1  8  5  69500
0  1  9  7  69500
0  1  9  12  69500
0  1  9  9  69500
0  1  9  15  69500
0  1  9  9  69500
0  1  9  12  69500
0  1  9  12  69500
0  1  9  14  69500
0  1  9  13  69500
0  1  9  7  69500
0  1  9  10  69500
0  1  9  6  69500
0  1  9  11  69500
0  1  9  15  69500
0  1  9  14  69500
0  1  9  13  69500
0  1  9  15  69500
0  1  9  0  69500
0  1  10  11  69500
0  1  10  7  69500
0  1  10  5  69500
0  1  10  4  69500
0  1  10  9  69500
0  1  10  9  69500
0  1  10  8  69500
0  1  10  9  69500
0  1  10  13  69500
0  1  10  0  69500
0  1  10  8  69500
0  1  10  15  69500
0  1  10  6  69500
0  1  10  15  69500
0  1  10  0  69500
0  1  10  10  69500
0  1  11  0  69500
0  1  11  2  69500
0  1  11  0  69500
0  1  11  6  69500
0  1  11  9  69500
0  1  11  13  69500
0  1  11  8  69500
0  1  11  4  69500
0  1  11  15  69500
0  1  11  15  69500
0  1  11  10  69500
0  1  11  0  69500
0  1  11  9  69500
0  1  11  7  69500
0  1  12  5  69500
0  1  12  0  69500
0  1  12  8  69500
0  1  12  12  69500
0  1  12  14  69500
0  1  12  11  69500
0  1  12  3  69500
0  1  12  0  69500
0  1  12  11  69500
0  1  12  0  69500
0  1  12  5  69500
0  1  12  4  69500
0  1  13  14  69500
1  2  0  7  69500
1  2  1  5  69500
1  2  2  8  69500
1  2  3  7  69500
1  2  3  6  69500
1  2  4  2  69500
1  2  4  1  69500
1  2  4  2  69500
1  2  5  8  69500
1  2  5  8  69500
1  2  5  8  69500
1  2  7  3  69500
1  2  8  8  69500
1  2  9  2  69500
1  2  10  1  69500
1  2  10  5  69500
1  2  11  4  69500
1  2  12  8  69500
1  2  12  9  69500
1  2  13  8  69500
1  2  14  0  69500
1  2  15  8  69500
1  2  15  2  69500
1  2  15  4  69500
0  1  2  6  70000
0  1  2  12  70000
0  1  2  8  70000
0  1  3  13  70000
0  1  3  3  70000
0  1  3  11  70000
0  1  3  12  70000
0  1  3  3  70000
0  1  3  12  70000
0  1  3  9  70000
0  1  3  7  70000
0  1  3  10  70000
0  1  3  11  70000
0  1  3  9  70000
0  1  3  10  70000
0  1  3  5  70000
0  1  3  11  70000
0  1  3  4  70000
0  1  3  1  70000
0  1  3  14  70000
0  1  3  11  70000
0  1  3  8  70000
0  1  4  12  70000
0  1  4  1  70000
0  1  4  5  70000
0  1  4  3  70000
0  1  4  9  70000
0  1  4  10  70000
0  1  4  6  70000
0  1  4  4  70000
0  1  4  4  70000
0  1  4  8  70000
0  1  4  0  70000
0  1  4  1  70000
0  1  4  15  70000
0  1  4  3  70000
0  1  4  9  70000
0  1  5  14  70000
0  1  5  13  70000
0  1  5  0  70000
0  1  5  4  70000
0  1  5  2  70000
0  1  5  12  70000
0  1  6  0  70000
0  1  6  1  70000
0  1  6  6  70000
0  1  6  10  70000
0  1  7  13  70000
0  1  7  1  70000
0  1  8  13  70000
0  1  8  0  70000
0  1  8  13  70000
0  1  8  2  70000
0  1  8  7  70000
0  1  8  2  70000
0  1  8  3  70000
0  1  8  12  70000
0  1  8  14  70000
0  1  8  12  70000
0  1  9  0  70000
0  1  9  1  70000
0  1  9  3  70000
0  1  9  2  70000
0  1  9  2  70000
0  1  9  15  70000
0  1  9  12  70000
0  1  9  11  70000
0  1  9  9  70000
0  1  9  12  70000
0  1  9  1  70000
0  1  9  14  70000
0  1  9  12  70000
0  1  9  4  70000
0  1  9  6  70000
0  1  9  2  70000
0  1  9  10  70000
0  1  9  8  70000
0  1  9  12  70000
0  1  9  15  70000
0  1  10  3  70000
0  1  10  9  70000
0  1  10  1  70000
0  1  10  8  70000
0  1  10  7  70000
0  1  10  6  70000
0  1  10  15  70000
0  1  10  9  70000
0  1  10  7  70000
0  1  10  3  70000
0  1  10  7  70000
0  1  10  8  70000
0  1  10  7  70000
0  1  11  15  70000
0  1  11  11  70000
0  1  11  12  70000
0  1  11  5  70000
0  1  11  7  70000
0  1  11  14  70000
0  1  11  11  70000
0  1  11  3  70000
0  1  11  1  70000
0  1  11  15  70000
0  1  11  6  70000
0  1  11  10  70000
0  1  11  5  70000
0  1  11  2  70000
0  1  12  0  70000
0  1  12  1  70000
0  1  12  10  70000
0  1  12  5  70000
0  1  12  14  70000
0  1  12  10  70000
0  1  12  6  70000
0  1  12  15  70000
0  1  12  10  70000
0  1  12  13  70000
0  1  12  4  70000
0  1  13  10  70000
1  2  0  9  70000
1  2  2  1  70000
1  2  4  3  70000
1  2  4  5  70000
1  2  6  6  70000
1  2  6  7  70000
1  2  7  5  70000
1  2  7  4  70000
1  2  8  9  70000
1  2  10  5  70000
1  2  11  5  70000
1  2  11  6  70000
1  2  11  8  70000
1  2  12  1  70000
1  2  12  6  70000
1  2  13  3  70000
1  2  13  1  70000
1  2  14  9  70000
1  2  14  3  70000
1  2  15  8  70000
0  1  2  11  70500
0  1  3  12  70500
0  1  3  3  70500
0  1  3  7  70500
0  1  3  5  70500
0  1  3  13  70500
0  1  3  2  70500
0  1  3  0  70500
0  1  3  14  70500
0  1  3  5  70500
0  1  3  8  70500
0  1  3  11  70500
0  1  3  11  70500
0  1  3  14  70500
0  1  3  2  70500
0  1  3  9  70500
0  1  3  15  70500
0  1  3  11  70500
0  1  3  6  70500
0  1  3  9  70500
0  1  3  11  70500
0  1  4  10  70500
0  1  4  6  70500
0  1  4  1  70500
0  1  4  6  70500
0  1  4  6  70500
0  1  4  8  70500
0  1  4  12  70500
0  1  4  3  70500
0  1  4  13  70500
0  1  4  10  70500
0  1  4  3  70500
0  1  4  0  70500
0  1  4  0  70500
0  1  4  6  70500
0  1  4  13  70500
0  1  4  6  70500
0  1  5  7  70500
0  1  5  7  70500
0  1  5  4  70500
0  1  5  11  70500
0  1  6  9  70500
0  1  6  8  70500
0  1  6  11  70500
0  1  7  8  70500
0  1  7  15  70500
0  1  8  8  70500
0  1  8  13  70500
0  1  8  8  70500
0  1  8  10  70500
0  1  8  12  70500
0  1  8  11  70500
0  1  8  5  70500
0  1  8  11  70500
0  1  8  9  70500
0  1  8  9  70500
0  1  9  7  70500
0  1  9  7  70500
0  1  9  15  70500
0  1  9  15  70500
0  1  9  1  70500
0  1  9  9  70500
0  1  9  9  70500
0  1  9  10  70500
0  1  9  15  70500
0  1  9  1  70500
0  1  9  4  70500
0  1  9  12  70500
0  1  9  13  70500
0  1  9  0  70500
0  1  9  0  70500
0  1  9  1  70500
0  1  9  4  70500
0  1  9  3  70500
0  1  9  6  70500
0  1  9  8  70500
0  1  9  2  70500
0  1  9  3  70500
0  1  10  14  70500
0  1  10  4  70500
0  1  10  11  70500
0  1  10  10  70500
0  1  10  8  70500
0  1  10  2  70500
0  1  10  9  70500
0  1  10  8  70500
0  1  10  15  70500
0  1  10  4  70500
0  1  10  13  70500
0  1  10  8  70500
0  1  10  10  70500
0  1  10  4  70500
0  1  11  14  70500
0  1  11  8  70500
0  1  11  2  70500
0  1  11  7  70500
0  1  11  4  70500
0  1  11  8  70500
0  1  11  3  70500
0  1  11  0  70500
0  1  11  12  70500
0  1  11  2  70500
0  1  11  6  70500
0  1  11  10  70500
0  1  11  12  70500
0  1  11  12  70500
0  1  11  3  70500
0  1  11  15  70500
0  1  11  11  70500
0  1  12  9  70500
0  1  12  11  70500
0  1  12  15  70500
0  1  12  3  70500
0  1  12  1  70500
0  1  12  12  70500
0  1  12  5  70500
0  1  12  2  70500
0  1  12  4  70500
0  1  12  10  70500
0  1  13  1  70500
1  2  0  3  70500
1  2  1  7  70500
1  2  3  8  70500
1  2  3  4  70500
1  2  4  2  70500
1  2  4  1  70500
1  2  4  6  70500
1  2  5  4  70500
1  2  6  8  70500
1  2  8  5  70500
1  2  8  9  70500
1  2  8  3  70500
1  2  10  8  70500
1  2  11  0  70500
1  2  11  0  70500
1  2  11  4  70500
1  2  11  8  70500
1  2  12  4  70500
1  2  13  7  70500
1  2  14  9  70500
1  2  15  0  70500
1  2  15  7  70500
1  2  15  9  70500
0  1  2  2  71000
0  1  3  7  71000
0  1  3  11  71000
0  1  3  7  71000
0  1  3  0  71000
0  1  3  1  71000
0  1  3  0  71000
0  1  3  5  71000
0  1  3  7  71000
0  1  3  12  71000
0  1  3  12  71000
0  1  3  9  71000
0  1  3  7  71000
0  1  3  4  71000
0  1  3  6  71000
0  1  3  11  71000
0  1  3  15  71000
0  1  3  13  71000
0  1  3  4  71000
0  1  3  13  71000
0  1  4  4  71000
0  1  4  1  71000
0  1  4  3  71000
0  1  4  7  71000
0  1  4  11  71000
0  1  4  9  71000
0  1  4  10  71000
0  1  4  13  71000
0  1  4  10  71000
0  1  4  1  71000
0  1  4  12  71000
0  1  4  7  71000
0  1  4  7  71000
0  1  4  5  71000
0  1  4  13  71000
0  1  4  10  71000
0  1  5  11  71000
0  1  5  3  71000
0  1  5  3  71000
0  1  5  10  71000
0  1  6  7  71000
0  1  6  0  71000
0  1  6  1  71000
0  1  6  4  71000
0  1  7  5  71000
0  1  7  2  71000
0  1  7  15  71000
0  1  8  1  71000
0  1  8  10  71000
0  1  8  7  71000
0  1  8  13  71000
0  1  8  11  71000
0  1  8  2  71000
0  1  8  13  71000
0  1  8  5  71000
0  1  8  0  71000
0  1  8  9  71000
0  1  8  6  71000
0  1  8  5  71000
0  1  9  11  71000
0  1  9  5  71000
0  1  9  9  71000
0  1  9  13  71000
0  1  9  9  71000
0  1  9  12  71000
0  1  9  12  71000
0  1  9  9  71000
0  1  9  9  71000
0  1  9  15  71000
0  1  9  15  71000
0  1  9  14  71000
0  1  9  15  71000
0  1  9  6  71000
0  1  9  2  71000
0  1  9  4  71000
0  1  9  1  71000
0  1  10  6  71000
0  1  10  1  71000
0  1  10  11  71000
0  1  10  3  71000
0  1  10  15  71000
0  1  10  11  71000
0  1  10  6  71000
0  1  10  12  71000
0  1  10  6  71000
0  1  10  1  71000
0  1  10  2  71000
0  1  10  5  71000
0  1  10  7  71000
0  1  10  14  71000
0  1  11  5  71000
0  1  11  13  71000
0  1  11  1  71000
0  1  11  12  71000
0  1  11  6  71000
0  1  11  5  71000
0  1  11  9  71000
0  1  11  12  71000
0  1  11  7  71000
0  1  11  6  71000
0  1  11  13  71000
0  1  11  11  71000
0  1  11  9  71000
0  1  11  8  71000
0  1  12  3  71000
0  1  12  8  71000
0  1  12  1  71000
0  1  12  14  71000
0  1  12  6  71000
0  1  12  8  71000
0  1  12  5  71000
0  1  12  11  71000
0  1  12  7  71000
0  1  12  12  71000
0  1  13  10  71000
0  1  13  1  71000
1  2  0  7  71000
1  2  1  2  71000
1  2  2  4  71000
1  2  2  5  71000
1  2  3  8  71000
1  2  3  4  71000
1  2  3  6  71000
1  2  4  1  71000
1  2  4  2  71000
1  2  5  3  71000
1  2  5  5  71000
1  2  5  8  71000
1  2  7  5  71000
1  2  7  7  71000
1  2  8  6  71000
1  2  9  0  71000
1  2  9  0  71000
1  2  10  9  71000
1  2  10  8  71000
1  2  11  4  71000
1  2  11  9  71000
1  2  11  7  71000
1  2  13  3  71000
1  2  13  2  71000
1  2  14  8  71000
1  2  15  0  71000
1  2  15  4  71000
0  1  3  8  71500
0  1  3  7  71500
0  1  3  5  71500
0  1  3  13  71500
0  1  3  8  71500
0  1  3  12  71500
0  1  3  0  71500
0  1  3  4  71500
0  1  3  12  71500
0  1  3  5  71500
0  1  3  0  71500
0  1  3  3  71500
0  1  3  9  71500
0  1  3  7  71500
0  1  3  0  71500
0  1  3  13  71500
0  1  3  1  71500
0  1  3  0  71500
0  1  3  13  71500
0  1  3  14  71500
0  1  4  14  71500
0  1  4  2  71500
0  1  4  13  71500
0  1  4  1  71500
0  1  4  0  71500
0  1  4  14  71500
0  1  4  11  71500
0  1  4  5  71500
0  1  4  11  71500
0  1  4  11  71500
0  1  4  13  71500
0  1  4  6  71500
0  1  5  12  71500
0  1  5  11  71500
0  1  5  4  71500
0  1  5  14  71500
0  1  6  5  71500
0  1  6  9  71500
0  1  6  7  71500
0  1  6  7  71500
0  1  7  15  71500
0  1  7  5  71500
0  1  7  8  71500
0  1  7  13  71500
0  1  8  5  71500
0  1  8  10  71500
0  1  8  11  71500
0  1  8  10  71500
0  1  8  10  71500
0  1  8  4  71500
0  1  8  11  71500
0  1  8  13  71500
0  1  8  11  71500
0  1  9  10  71500
0  1  9  12  71500
0  1  9  1  71500
0  1  9  1  71500
0  1  9  2  71500
0  1  9  9  71500
0  1  9  12  71500
0  1  9  6  71500
0  1  9  7  71500
0  1  9  0  71500
0  1  9  4  71500
0  1  9  3  71500
0  1  9  13  71500
0  1  9  12  71500
0  1  9  1  71500
0  1  9  15  71500
0  1  9  9  71500
0  1  9  10  71500
0  1  9  5  71500
0  1  9  6  71500
0  1  10  5  71500
0  1  10  2  71500
0  1  10  11  71500
0  1  10  6  71500
0  1  10  7  71500
0  1  10  9  71500
0  1  10  10  71500
0  1  10  6  71500
0  1  10  13  71500
0  1  10  3  71500
0  1  10  8  71500
0  1  10  1  71500
0  1  10  4  71500
0  1  10  12  71500
0  1  11  8  71500
0  1  11  4  71500
0  1  11  1  71500
0  1  11  12  71500
0  1  11  7  71500
0  1  11  14  71500
0  1  11  7  71500
0  1  11  4  71500
0  1  11  8  71500
0  1  11  12  71500
0  1  11  4  71500
0  1  11  7  71500
0  1  11  10  71500
0  1  11  15  71500
0  1  11  15  71500
0  1  12  3  71500
0  1  12  5  71500
0  1  12  14  71500
0  1  12  4  71500
0  1  12  8  71500
0  1  12  1  71500
0  1  12  11  71500
0  1  12  6  71500
0  1  12  15  71500
0  1  12  8  71500
0  1  13  8  71500
1  2  1  4  71500
1  2  2  6  71500
1  2  4  6  71500
1  2  6  4  71500
1  2  7  2  71500
1  2  8  9  71500
1  2  8  7  71500
1  2  8  7  71500
1  2  11  6  71500
1  2  11  4  71500
1  2  11  8  71500
1  2  11  7  71500
1  2  12  6  71500
1  2  12  8  71500
1  2  12  4  71500
1  2  13  7  71500
1  2  13  2  71500
1  2  13  9  71500
1  2  13  5  71500
1  2  14  0  71500
1  2  15  0  71500
1  2  15  4  71500
0  1  2  10  72000
0  1  2  0  72000
0  1  2  14  72000
0  1  3  1  72000
0  1  3  6  72000
0  1  3  9  72000
0  1  3  13  72000
0  1  3  3  72000
0  1  3  9  72000
0  1  3  3  72000
0  1  3  3  72000
0  1  3  10  72000
0  1  3  0  72000
0  1  3  3  72000
0  1  3  1  72000
0  1  3  1  72000
0  1  3  14  72000
0  1  3  11  72000
0  1  3  1  72000
0  1  3  15  72000
0  1  3  7  72000
0  1  3  11  72000
0  1  3  7  72000
0  1  3  15  72000
0  1  4  4  72000
0  1  4  1  72000
0  1  4  11  72000
0  1  4  10  72000
0  1  4  1  72000
0  1  4  1  72000
0  1  4  14  72000
0  1  4  1  72000
0  1  4  6  72000
0  1  4  11  72000
0  1  4  10  72000
0  1  4  1  72000
0  1  4  4  72000
0  1  4  15  72000
0  1  5  8  72000
0  1  5  8  72000
0  1  5  10  72000
0  1  5  2  72000
0  1  5  4  72000
0  1  6  14  72000
0  1  6  11  72000
0  1  6  3  72000
0  1  6  6  72000
0  1  7  1  72000
0  1  7  10  72000
0  1  7  3  72000
0  1  8  0  72000
0  1  8  10  72000
0  1  8  10  72000
0  1  8  1  72000
0  1  8  5  72000
0  1  8  14  72000
0  1  8  13  72000
0  1  8  14  72000
0  1  8  15  72000
0  1  8  5  72000
0  1  9  7  72000
0  1  9  15  72000
0  1  9  8  72000
0  1  9  5  72000
0  1  9  13  72000
0  1  9  10  72000
0  1  9  2  72000
0  1  9  7  72000
0  1  9  5  72000
0  1  9  3  72000
0  1  9  14  72000
0  1  9  7  72000
0  1  9  11  72000
0  1  9  8  72000
0  1  9  4  72000
0  1  9  14  72000
0  1  9  13  72000
0  1  9  3  72000
0  1  9  1  72000
0  1  10  8  72000
0  1  10  8  72000
0  1  10  2  72000
0  1  10  9  72000
0  1  10  14  72000
0  1  10  13  72000
0  1  10  13  72000
0  1  10  13  72000
0  1  10  2  72000
0  1  10  7  72000
0  1  10  3  72000
0  1  10  13  72000
0  1  10  2  72000
0  1  10  13  72000
0  1  10  15  72000
0  1  10  9  72000
0  1  11  10  72000
0  1  11  1  72000
0  1  11  4  72000
0  1  11  13  72000
0  1  11  14  72000
0  1  11  11  72000
0  1  11  15  72000
0  1  11  0  72000
0  1  11  13  72000
0  1  11  15  72000
0  1  11  12  72000
0  1  11  13  72000
0  1  11  6  72000
0  1  12  12  72000
0  1  12  5  72000
0  1  12  9  72000
0  1  12  12  72000
0  1  12  2  72000
0  1  12  5  72000
0  1  12  1  72000
0  1  12  10  72000
0  1  12  13  72000
0  1  12  2  72000
1  2  0  5  72000
1  2  0  1  72000
1  2  1  6  72000
1  2  1  7  72000
1  2  1  5  72000
1  2  2  6  72000
1  2  3  4  72000
1  2  3  6  72000
1  2  4  3  72000
1  2  4  2  72000
1  2  5  8  72000
1  2  5  4  72000
1  2  5  3  72000
1  2  5  0  72000
1  2  6  7  72000
1  2  7  2  72000
1  2  7  7  72000
1  2  7  6  72000
1  2  9  3  72000
1  2  10  0  72000
1  2  10  8  72000
1  2  11  5  72000
1  2  11  2  72000
1  2  11  9  72000
1  2  11  8  72000
1  2  11  3  72000
1  2  11  4  72000
1  2  12  9  72000
1  2  13  6  72000
1  2  14  0  72000
1  2  15  8  72000
1  2  15  6  72000
1  2  15  1  72000
1  2  15  4  72000
0  1  4  6  72500
0  1  4  12  72500
0  1  4  14  72500
0  1  4  4  72500
0  1  4  14  72500
0  1  4  12  72500
0  1  4  13  72500
0  1  4  1  72500
0  1  4  7  72500
0  1  4  11  72500
0  1  4  5  72500
0  1  4  13  72500
0  1  4  15  72500
0  1  5  10  72500
0  1  5  0  72500
0  1  5  8  72500
0  1  5  3  72500
0  1  5  9  72500
0  1  5  7  72500
0  1  5  12  72500
0  1  5  1  72500
0  1  5  0  72500
0  1  5  12  72500
0  1  5  13  72500
0  1  5  3  72500
0  1  5  4  72500
0  1  5  12  72500
0  1  6  8  72500
0  1  6  10  72500
0  1  6  0  72500
0  1  6  12  72500
0  1  6  3  72500
0  1  6  11  72500
0  1  6  1  72500
0  1  6  15  72500
0  1  6  14  72500
0  1  6  14  72500
0  1  6  1  72500
0  1  6  4  72500
0  1  6  15  72500
0  1  7  9  72500
0  1  7  3  72500
0  1  7  9  72500
0  1  7  14  72500
0  1  7  14  72500
0  1  7  4  72500
0  1  7  6  72500
0  1  7  5  72500
0  1  7  1  72500
0  1  7  14  72500
0  1  7  11  72500
0  1  7  11  72500
0  1  7  3  72500
0  1  7  4  72500
0  1  7  9  72500
0  1  7  5  72500
0  1  7  14  72500
0  1  7  12  72500
0  1  7  5  72500
0  1  7  12  72500
0  1  7  9  72500
0  1  7  14  72500
0  1  7  7  72500
0  1  7  11  72500
0  1  8  15  72500
0  1  8  13  72500
0  1  8  9  72500
0  1  8  14  72500
0  1  8  10  72500
0  1  8  2  72500
0  1  8  1  72500
0  1  8  1  72500
0  1  8  1  72500
0  1  8  11  72500
0  1  8  2  72500
0  1  8  0  72500
0  1  8  1  72500
0  1  8  9  72500
0  1  8  9  72500
0  1  8  6  72500
0  1  8  14  72500
0  1  8  7  72500
0  1  8  13  72500
0  1  8  15  72500
0  1  8  12  72500
0  1  8  15  72500
0  1  9  8  72500
0  1  9  14  72500
0  1  9  1  72500
0  1  9  6  72500
0  1  9  11  72500
0  1  10  11  72500
0  1  10  3  72500
0  1  10  13  72500
0  1  10  6  72500
0  1  10  4  72500
0  1  10  14  72500
0  1  10  15  72500
0  1  11  3  72500
0  1  11  10  72500
0  1  11  11  72500
0  1  11  3  72500
0  1  11  9  72500
0  1  11  15  72500
0  1  11  4  72500
0  1  12  13  72500
0  1  12  15  72500
0  1  12  12  72500
0  1  12  5  72500
0  1  12  2  72500
0  1  12  3  72500
0  1  12  15  72500
0  1  12  13  72500
0  1  13  3  72500
0  1  13  8  72500
0  1  13  12  72500
0  1  13  14  72500
0  1  13  14  72500
0  1  13  14  72500
0  1  13  14  72500
0  1  13  4  72500
0  1  14  15  72500
0  1  14  6  72500
0  1  14  11  72500
0  1  15  1  72500
0  1  15  0  72500
1  2  0  8  72500
1  2  1  2  72500
1  2  1  8  72500
1  2  3  4  72500
1  2  3  7  72500
1  2  4  2  72500
1  2  5  9  72500
1  2  5  6  72500
1  2  5  7  72500
1  2  6  9  72500
1  2  7  5  72500
1  2  7  7  72500
1  2  7  1  72500
1  2  8  4  72500
1  2  8  0  72500
1  2  10  9  72500
1  2  10  3  72500
1  2  10  9  72500
1  2  10  1  72500
1  2  10  0  72500
1  2  10  7  72500
1  2  11  8  72500
1  2  11  7  72500
1  2  12  8  72500
1  2  12  9  72500
1  2  12  2  72500
1  2  12  4  72500
1  2  12  5  72500
1  2  13  6  72500
1  2  14  5  72500
1  2  14  0  72500
1  2  15  0  72500
1  2  15  8  72500
1  2  15  1  72500
0  1  4  4  73000
0  1  4  5  73000
0  1  4  0  73000
0  1  4  4  73000
0  1  4  1  73000
0  1  4  15  73000
0  1  4  10  73000
0  1  4  1  73000
0  1  4  3  73000
0  1  4  9  73000
0  1  4  8  73000
0  1  5  6  73000
0  1  5  13  73000
0  1  5  3  73000
0  1  5  9  73000
0  1  5  11  73000
0  1  5  15  73000
0  1  5  0  73000
0  1  5  8  73000
0  1  5  0  73000
0  1  5  1  73000
0  1  5  6  73000
0  1  5  12  73000
0  1  5  0  73000
0  1  5  8  73000
0  1  5  11  73000
0  1  5  13  73000
0  1  5  3  73000
0  1  5  0  73000
0  1  5  12  73000
0  1  6  11  73000
0  1  6  8  73000
0  1  6  10  73000
0  1  6  12  73000
0  1  6  9  73000
0  1  6  3  73000
0  1  6  8  73000
0  1  6  15  73000
0  1  6  5  73000
0  1  6  4  73000
0  1  6  15  73000
0  1  6  15  73000
0  1  6  8  73000
0  1  6  3  73000
0  1  6  9  73000
0  1  7  14  73000
0  1  7  6  73000
0  1  7  3  73000
0  1  7  15  73000
0  1  7  7  73000
0  1  7  1  73000
0  1  7  3  73000
0  1  7  4  73000
0  1  7  13  73000
0  1  7  3  73000
0  1  7  10  73000
0  1  7  4  73000
0  1  7  5  73000
0  1  7  2  73000
0  1  7  13  73000
0  1  7  4  73000
0  1  7  13  73000
0  1  7  15  73000
0  1  7  8  73000
0  1  7  8  73000
0  1  8  5  73000
0  1  8  11  73000
0  1  8  0  73000
0  1  8  12  73000
0  1  8  12  73000
0  1  8  10  73000
0  1  8  12  73000
0  1  8  12  73000
0  1  8  0  73000
0  1  8  7  73000
0  1  8  13  73000
0  1  8  14  73000
0  1  8  3  73000
0  1  8  9  73000
0  1  8  0  73000
0  1  8  7  73000
0  1  8  4  73000
0  1  8  12  73000
0  1  8  5  73000
0  1  8  11  73000
0  1  9  12  73000
0  1  9  1  73000
0  1  9  3  73000
0  1  9  4  73000
0  1  9  14  73000
0  1  10  6  73000
0  1  10  2  73000
0  1  10  2  73000
0  1  10  6  73000
0  1  10  11  73000
0  1  10  14  73000
0  1  10  3  73000
0  1  11  13  73000
0  1  11  4  73000
0  1  11  11  73000
0  1  11  14  73000
0  1  11  7  73000
0  1  11  11  73000
0  1  12  7  73000
0  1  12  12  73000
0  1  12  11  73000
0  1  12  13  73000
0  1  12  12  73000
0  1  12  9  73000
0  1  12  10  73000
0  1  13  15  73000
0  1  13  10  73000
0  1  13  15  73000
0  1  13  0  73000
0  1  13  5  73000
0  1  13  8  73000
0  1  14  15  73000
0  1  14  3  73000
0  1  14  2  73000
0  1  15  13  73000
1  2  0  3  73000
1  2  1  3  73000
1  2  1  5  73000
1  2  2  8  73000
1  2  2  2  73000
1  2  2  2  73000
1  2  3  4  73000
1  2  3  3  73000
1  2  3  0  73000
1  2  4  4  73000
1  2  4  2  73000
1  2  4  8  73000
1  2  4  5  73000
1  2  5  8  73000
1  2  5  4  73000
1  2  5  2  73000
1  2  6  8  73000
1  2  6  4  73000
1  2  8  6  73000
1  2  8  7  73000
1  2  9  1  73000
1  2  9  7  73000
1  2  10  6  73000
1  2  10  4  73000
1  2  10  5  73000
1  2  11  2  73000
1  2  11  9  73000
1  2  12  2  73000
1  2  12  2  73000
1  2  12  6  73000
1  2  14  9  73000
1  2  14  1  73000
1  2  15  8  73000
1  2  15  0  73000
0  1  4  0  73500
0  1  4  12  73500
0  1  4  9  73500
0  1  4  12  73500
0  1  4  14  73500
0  1  4  0  73500
0  1  4  14  73500
0  1  4  11  73500
0  1  4  9  73500
0  1  4  5  73500
0  1  4  1  73500
0  1  5  6  73500
0  1  5  4  73500
0  1  5  8  73500
0  1  5  8  73500
0  1  5  9  73500
0  1  5  2  73500
0  1  5  8  73500
0  1  5  3  73500
0  1  5  6  73500
0  1  5  4  73500
0  1  5  6  73500
0  1  5  5  73500
0  1  5  12  73500
0  1  5  6  73500
0  1  5  2  73500
0  1  6  14  73500
0  1  6  12  73500
0  1  6  8  73500
0  1  6  13  73500
0  1  6  2  73500
0  1  6  7  73500
0  1  6  13  73500
0  1  6  10  73500
0  1  6  1  73500
0  1  6  8  73500
0  1  6  0  73500
0  1  6  0  73500
0  1  7  15  73500
0  1  7  14  73500
0  1  7  7  73500
0  1  7  8  73500
0  1  7  12  73500
0  1  7  4  73500
0  1  7  15  73500
0  1  7  11  73500
0  1  7  12  73500
0  1  7  12  73500
0  1  7  3  73500
0  1  7  5  73500
0  1  7  4  73500
0  1  7  1  73500
0  1  7  2  73500
0  1  7  12  73500
0  1  7  10  73500
0  1  7  11  73500
0  1  7  6  73500
0  1  7  6  73500
0  1  7  13  73500
0  1  7  8  73500
0  1  8  10  73500
0  1  8  11  73500
0  1  8  1  73500
0  1  8  14  73500
0  1  8  1  73500
0  1  8  12  73500
0  1  8  7  73500
0  1  8  2  73500
0  1  8  12  73500
0  1  8  6  73500
0  1  8  0  73500
0  1  8  4  73500
0  1  8  8  73500
0  1  8  3  73500
0  1  8  13  73500
0  1  8  10  73500
0  1  8  14  73500
0  1  8  5  73500
0  1  8  8  73500
0  1  8  0  73500
0  1  8  3  73500
0  1  8  8  73500
0  1  8  2  73500
0  1  9  11  73500
0  1  9  3  73500
0  1  9  3  73500
0  1  9  14  73500
0  1  9  2  73500
0  1  10  6  73500
0  1  10  4  73500
0  1  10  15  73500
0  1  10  14  73500
0  1  10  13  73500
0  1  10  10  73500
0  1  10  0  73500
0  1  11  4  73500
0  1  11  6  73500
0  1  11  6  73500
0  1  11  1  73500
0  1  11  7  73500
0  1  11  4  73500
0  1  11  2  73500
0  1  12  13  73500
0  1  12  12  73500
0  1  12  5  73500
0  1  12  14  73500
0  1  12  5  73500
0  1  12  1  73500
0  1  12  12  73500
0  1  13  0  73500
0  1  13  10  73500
0  1  13  12  73500
0  1  13  3  73500
0  1  13  5  73500
0  1  13  5  73500
0  1  13  3  73500
0  1  13  9  73500
0  1  14  15  73500
0  1  14  13  73500
0  1  14  2  73500
0  1  15  11  73500
0  1  15  1  73500
1  2  1  4  73500
1  2  2  9  73500
1  2  2  9  73500
1  2  3  7  73500
1  2  3  4  73500
1  2  4  6  73500
1  2  5  9  73500
1  2  5  3  73500
1  2  5  8  73500
1  2  5  9  73500
1  2  6  3  73500
1  2  6  4  73500
1  2  7  5  73500
1  2  7  3  73500
1  2  8  9  73500
1  2  8  2  73500
1  2  8  7  73500
1  2  9  7  73500
1  2  9  7  73500
1  2  10  7  73500
1  2  10  6  73500
1  2  10  7  73500
1  2  10  7  73500
1  2  12  7  73500
1  2  12  5  73500
1  2  13  2  73500
1  2  14  2  73500
1  2  15  0  73500
1  2  15  2  73500
0  1  4  12  74000
0  1  4  14  74000
0  1  4  15  74000
0  1  4  15  74000
0  1  4  6  74000
0  1  4  1  74000
0  1  4  5  74000
0  1  4  5  74000
0  1  4  5  74000
0  1  4  15  74000
0  1  5  6  74000
0  1  5  13  74000
0  1  5  15  74000
0  1  5  14  74000
0  1  5  3  74000
0  1  5  13  74000
0  1  5  13  74000
0  1  5  1  74000
0  1  5  9  74000
0  1  5  9  74000
0  1  5  14  74000
0  1  5  3  74000
0  1  5  10  74000
0  1  5  1  74000
0  1  5  8  74000
0  1  5  5  74000
0  1  5  11  74000
0  1  6  11  74000
0  1  6  12  74000
0  1  6  4  74000
0  1  6  8  74000
0  1  6  5  74000
0  1  6  0  74000
0  1  6  7  74000
0  1  6  13  74000
0  1  6  11  74000
0  1  6  8  74000
0  1  6  15  74000
0  1  6  15  74000
0  1  7  2  74000
0  1  7  13  74000
0  1  7  7  74000
0  1  7  15  74000
0  1  7  8  74000
0  1  7  2  74000
0  1  7  9  74000
0  1  7  8  74000
0  1  7  12  74000
0  1  7  13  74000
0  1  7  12  74000
0  1  7  1  74000
0  1  7  12  74000
0  1  7  8  74000
0  1  7  5  74000
0  1  7  8  74000
0  1  7  3  74000
0  1  7  14  74000
0  1  7  10  74000
0  1  7  6  74000
0  1  7  4  74000
0  1  7  8  74000
0  1  8  5  74000
0  1  8  4  74000
0  1  8  2  74000
0  1  8  1  74000
0  1  8  9  74000
0  1  8  0  74000
0  1  8  14  74000
0  1  8  1  74000
0  1  8  11  74000
0  1  8  11  74000
0  1  8  8  74000
0  1  8  3  74000
0  1  8  1  74000
0  1  8  0  74000
0  1  8  15  74000
0  1  8  15  74000
0  1  8  5  74000
0  1  8  4  74000
0  1  8  6  74000
0  1  8  14  74000
0  1  8  12  74000
0  1  8  12  74000
0  1  8  2  74000
0  1  8  8  74000
0  1  9  2  74000
0  1  9  13  74000
0  1  9  6  74000
0  1  9  0  74000
0  1  10  1  74000
0  1  10  8  74000
0  1  10  5  74000
0  1  10  11  74000
0  1  10  15  74000
0  1  10  12  74000
0  1  10  7  74000
0  1  10  10  74000
0  1  11  10  74000
0  1  11  0  74000
0  1  11  1  74000
0  1  11  11  74000
0  1  11  6  74000
0  1  11  12  74000
0  1  11  8  74000
0  1  11  11  74000
0  1  11  11  74000
0  1  11  5  74000
0  1  12  12  74000
0  1  12  12  74000
0  1  12  15  74000
0  1  12  1  74000
0  1  12  2  74000
0  1  12  14  74000
0  1  12  11  74000
0  1  13  15  74000
0  1  13  0  74000
0  1  13  4  74000
0  1  13  1  74000
0  1  13  15  74000
0  1  14  14  74000
0  1  14  0  74000
0  1  14  7  74000
0  1  15  1  74000
1  2  0  6  74000
1  2  1  2  74000
1  2  1  2  74000
1  2  2  8  74000
1  2  2  2  74000
1  2  2  2  74000
1  2  3  4  74000
1  2  4  4  74000
1  2  4  7  74000
1  2  4  8  74000
1  2  4  0  74000
1  2  5  9  74000
1  2  5  3  74000
1  2  5  9  74000
1  2  6  2  74000
1  2  6  8  74000
1  2  6  9  74000
1  2  7  0  74000
1  2  7  5  74000
1  2  8  0  74000
1  2  8  8  74000
1  2  9  4  74000
1  2  9  5  74000
1  2  10  7  74000
1  2  11  9  74000
1  2  11  1  74000
1  2  11  4  74000
1  2  11  0  74000
1  2  12  5  74000
1  2  13  5  74000
1  2  13  1  74000
1  2  14  2  74000
1  2  15  2  74000
1  2  15  4  74000
1  2  15  0  74000
0  1  4  1  74500
0  1  4  10  74500
0  1  4  11  74500
0  1  4  2  74500
0  1  4  11  74500
0  1  4  11  74500
0  1  4  12  74500
0  1  4  9  74500
0  1  4  15  74500
0  1  4  9  74500
0  1  4  10  74500
0  1  5  10  74500
0  1  5  0  74500
0  1  5  9  74500
0  1  5  6  74500
0  1  5  3  74500
0  1  5  9  74500
0  1  5  15  74500
0  1  5  15  74500
0  1  5  11  74500
0  1  5  2  74500
0  1  5  7  74500
0  1  5  8  74500
0  1  5  2  74500
0  1  5  4  74500
0  1  5  12  74500
0  1  5  13  74500
0  1  5  0  74500
0  1  5  11  74500
0  1  6  15  74500
0  1  6  14  74500
0  1  6  14  74500
0  1  6  15  74500
0  1  6  10  74500
0  1  6  10  74500
0  1  6  7  74500
0  1  6  3  74500
0  1  6  7  74500
0  1  6  10  74500
0  1  6  13  74500
0  1  6  14  74500
0  1  6  4  74500
0  1  7  7  74500
0  1  7  3  74500
0  1  7  11  74500
0  1  7  5  74500
0  1  7  9  74500
0  1  7  3  74500
0  1  7  10  74500
0  1  7  13  74500
0  1  7  15  74500
0  1  7  4  74500
0  1  7  14  74500
0  1  7  12  74500
0  1  7  9  74500
0  1  7  8  74500
0  1  7  15  74500
0  1  7  1  74500
0  1  7  12  74500
0  1  7  14  74500
0  1  8  9  74500
0  1  8  8  74500
0  1  8  7  74500
0  1  8  7  74500
0  1  8  15  74500
0  1  8  5  74500
0  1  8  0  74500
0  1  8  10  74500
0  1  8  11  74500
0  1  8  11  74500
0  1  8  9  74500
0  1  8  11  74500
0  1  8  12  74500
0  1  8  11  74500
0  1  8  13  74500
0  1  8  2  74500
0  1  8  4  74500
0  1  8  14  74500
0  1  8  8  74500
0  1  8  15  74500
0  1  8  6  74500
0  1  9  5  74500
0  1  9  7  74500
0  1  9  8  74500
0  1  9  8  74500
0  1  9  13  74500
0  1  9  4  74500
0  1  9  7  74500
0  1  10  2  74500
0  1  10  12  74500
0  1  10  2  74500
0  1  10  1  74500
0  1  10  6  74500
0  1  10  5  74500
0  1  10  6  74500
0  1  11  5  74500
0  1  11  1  74500
0  1  11  0  74500
0  1  11  12  74500
0  1  11  13  74500
0  1  11  3  74500
0  1  11  3  74500
0  1  11  11  74500
0  1  12  5  74500
0  1  12  5  74500
0  1  12  2  74500
0  1  12  10  74500
0  1  12  15  74500
0  1  13  0  74500
0  1  13  11  74500
0  1  13  0  74500
0  1  13  8  74500
0  1  13  2  74500
0  1  13  10  74500
0  1  13  14  74500
0  1  14  9  74500
0  1  14  13  74500
0  1  15  9  74500
0  1  15  3  74500
1  2  0  8  74500
1  2  1  6  74500
1  2  2  9  74500
1  2  2  2  74500
1  2  2  6  74500
1  2  3  8  74500
1  2  3  2  74500
1  2  3  3  74500
1  2  3  4  74500
1  2  4  4  74500
1  2  5  9  74500
1  2  5  5  74500
1  2  5  7  74500
1  2  6  6  74500
1  2  6  4  74500
1  2  6  8  74500
1  2  7  4  74500
1  2  7  5  74500
1  2  7  4  74500
1  2  8  9  74500
1  2  8  9  74500
1  2  9  7  74500
1  2  10  9  74500
1  2  10  3  74500
1  2  11  9  74500
1  2  11  9  74500
1  2  11  4  74500
1  2  12  2  74500
1  2  12  8  74500
1  2  13  8  74500
1  2  13  5  74500
1  2  14  8  74500
1  2  14  8  74500
1  2  15  6  74500
0  1  4  8  75000
0  1  4  15  75000
0  1  4  4  75000
0  1  4  6  75000
0  1  4  0  75000
0  1  4  1  75000
0  1  4  14  75000
0  1  4  2  75000
0  1  4  0  75000
0  1  4  9  75000
0  1  4  10  75000
0  1  5  4  75000
0  1  5  8  75000
0  1  5  3  75000
0  1  5  1  75000
0  1  5  11  75000
0  1  5  10  75000
0  1  5  11  75000
0  1  5  4  75000
0  1  5  13  75000
0  1  5  8  75000
0  1  5  11  75000
0  1  5  6  75000
0  1  5  15  75000
0  1  5  1  75000
0  1  6  10  75000
0  1  6  14  75000
0  1  6  10  75000
0  1  6  8  75000
0  1  6  0  75000
0  1  6  14  75000
0  1  6  4  75000
0  1  6  2  75000
0  1  6  4  75000
0  1  6  14  75000
0  1  6  1  75000
0  1  7  2  75000
0  1  7  1  75000
0  1  7  0  75000
0  1  7  2  75000
0  1  7  14  75000
0  1  7  0  75000
0  1  7  5  75000
0  1  7  8  75000
0  1  7  2  75000
0  1  7  10  75000
0  1  7  0  75000
0  1  7  8  75000
0  1  7  3  75000
0  1  7  15  75000
0  1  7  11  75000
0  1  7  9  75000
0  1  7  5  75000
0  1  7  5  75000
0  1  7  12  75000
0  1  7  0  75000
0  1  7  7  75000
0  1  7  9  75000
0  1  8  13  75000
0  1  8  1  75000
0  1  8  5  75000
0  1  8  14  75000
0  1  8  1  75000
0  1  8  7  75000
0  1  8  9  75000
0  1  8  1  75000
0  1  8  12  75000
0  1  8  1  75000
0  1  8  8  75000
0  1  8  9  75000
0  1  8  11  75000
0  1  8  14  75000
0  1  8  1  75000
0  1  8  12  75000
0  1  8  5  75000
0  1  8  7  75000
0  1  8  0  75000
0  1  9  5  75000
0  1  9  4  75000
0  1  9  7  75000
0  1  9  8  75000
0  1  9  7  75000
0  1  10  9  75000
0  1  10  1  75000
0  1  10  1  75000
0  1  10  3  75000
0  1  10  10  75000
0  1  10  5  75000
0  1  10  9  75000
0  1  10  15  75000
0  1  10  1  75000
0  1  11  9  75000
0  1  11  0  75000
0  1  11  4  75000
0  1  11  9  75000
0  1  11  9  75000
0  1  11  11  75000
0  1  11  6  75000
0  1  11  3  75000
0  1  11  12  75000
0  1  12  10  75000
0  1  12  1  75000
0  1  12  10  75000
0  1  12  10  75000
0  1  12  10  75000
0  1  12  8  75000
0  1  13  14  75000
0  1  13  12  75000
0  1  13  14  75000
0  1  13  8  75000
0  1  13  2  75000
0  1  13  6  75000
0  1  13  14  75000
0  1  13  11  75000
0  1  14  14  75000
0  1  14  14  75000
0  1  14  15  75000
0  1  15  0  75000
1  2  0  3  75000
1  2  1  7  75000
1  2  1  8  75000
1  2  2  8  75000
1  2  2  9  75000
1  2  3  8  75000
1  2  3  4  75000
1  2  4  9  75000
1  2  4  0  75000
1  2  5  8  75000
1  2  5  9  75000
1  2  5  7  75000
1  2  6  2  75000
1  2  6  8  75000
1  2  7  6  75000
1  2  8  2  75000
1  2  8  8  75000
1  2  10  0  75000
1  2  10  1  75000
1  2  10  6  75000
1  2  10  7  75000
1  2  11  2  75000
1  2  11  9  75000
1  2  11  4  75000
1  2  11  0  75000
1  2  12  4  75000
1  2  12  1  75000
1  2  12  1  75000
1  2  12  8  75000
1  2  12  5  75000
1  2  12  4  75000
1  2  13  4  75000
1  2  14  8  75000
1  2  14  1  75000
1  2  14  0  75000
1  2  15  8  75000
1  2  15  0  75000
0  1  4  3  75500
0  1  4  7  75500
0  1  4  1  75500
0  1  4  4  75500
0  1  4  9  75500
0  1  4  0  75500
0  1  4  0  75500
0  1  4  11  75500
0  1  4  9  75500
0  1  4  13  75500
0  1  4  6  75500
0  1  5  3  75500
0  1  5  1  75500
0  1  5  11  75500
0  1  5  1  75500
0  1  5  5  75500
0  1  5  2  75500
0  1  5  12  75500
0  1  5  9  75500
0  1  5  8  75500
0  1  5  14  75500
0  1  5  4  75500
0  1  5  14  75500
0  1  5  6  75500
0  1  5  4  75500
0  1  5  9  75500
0  1  6  13  75500
0  1  6  8  75500
0  1  6  15  75500
0  1  6  9  75500
0  1  6  9  75500
0  1  6  10  75500
0  1  6  11  75500
0  1  6  4  75500
0  1  6  6  75500
0  1  6  15  75500
0  1  6  14  75500
0  1  6  9  75500
0  1  6  8  75500
0  1  6  8  75500
0  1  6  0  75500
0  1  7  13  75500
0  1  7  15  75500
0  1  7  3  75500
0  1  7  6  75500
0  1  7  8  75500
0  1  7  5  75500
0  1  7  0  75500
0  1  7  4  75500
0  1  7  10  75500
0  1  7  15  75500
0  1  7  12  75500
0  1  7  3  75500
0  1  7  5  75500
0  1  7  6  75500
0  1  7  13  75500
0  1  7  3  75500
0  1  7  9  75500
0  1  7  5  75500
0  1  7  5  75500
0  1  7  5  75500
0  1  7  1  75500
0  1  7  5  75500
0  1  8  5  75500
0  1  8  4  75500
0  1  8  1  75500
0  1  8  8  75500
0  1  8  13  75500
0  1  8  11  75500
0  1  8  15  75500
0  1  8  2  75500
0  1  8  12  75500
0  1  8  0  75500
0  1  8  15  75500
0  1  8  4  75500
0  1  8  7  75500
0  1  8  2  75500
0  1  8  3  75500
0  1  8  5  75500
0  1  8  9  75500
0  1  8  15  75500
0  1  8  3  75500
0  1  8  13  75500
0  1  8  4  75500
0  1  8  15  75500
0  1  8  11  75500
0  1  9  3  75500
0  1  9  4  75500
0  1  9  9  75500
0  1  9  10  75500
0  1  10  12  75500
0  1  10  0  75500
0  1  10  0  75500
0  1  10  9  75500
0  1  10  11  75500
0  1  10  13  75500
0  1  10  7  75500
0  1  10  5  75500
0  1  11  12  75500
0  1  11  1  75500
0  1  11  13  75500
0  1  11  7  75500
0  1  11  13  75500
0  1  11  12  75500
0  1  11  0  75500
0  1  11  12  75500
0  1  12  9  75500
0  1  12  0  75500
0  1  12  0  75500
0  1  12  3  75500
0  1  12  4  75500
0  1  12  2  75500
0  1  12  14  75500
0  1  12  3  75500
0  1  12  9  75500
0  1  12  0  75500
0  1  13  11  75500
0  1  13  1  75500
0  1  13  2  75500
0  1  13  2  75500
0  1  13  13  75500
0  1  13  6  75500
0  1  13  7  75500
0  1  13  12  75500
0  1  14  1  75500
0  1  14  6  75500
0  1  14  0  75500
0  1  15  13  75500
0  1  15  6  75500
1  2  0  4  75500
1  2  0  1  75500
1  2  2  8  75500
1  2  2  8  75500
1  2  2  6  75500
1  2  3  8  75500
1  2  3  8  75500
1  2  4  2  75500
1  2  4  8  75500
1  2  5  3  75500
1  2  5  8  75500
1  2  5  9  75500
1  2  6  9  75500
1  2  8  9  75500
1  2  8  3  75500
1  2  9  0  75500
1  2  10  7  75500
1  2  11  9  75500
1  2  11  6  75500
1  2  13  5  75500
1  2  13  4  75500
1  2  14  0  75500
1  2  15  7  75500
1  2  15  9  75500
1  2  15  6  75500
0  1  4  11  76000
0  1  4  6  76000
0  1  4  12  76000
0  1  4  4  76000
0  1  4  14  76000
0  1  4  13  76000
0  1  4  15  76000
0  1  4  13  76000
0  1  4  6  76000
0  1  4  12  76000
0  1  4  2  76000
0  1  5  11  76000
0  1  5  12  76000
0  1  5  8  76000
0  1  5  4  76000
0  1  5  3  76000
0  1  5  8  76000
0  1  5  15  76000
0  1  5  2  76000
0  1  5  12  76000
0  1  5  6  76000
0  1  5  6  76000
0  1  5  13  76000
0  1  6  12  76000
0  1  6  12  76000
0  1  6  4  76000
0  1  6  7  76000
0  1  6  12  76000
0  1  6  9  76000
0  1  6  10  76000
0  1  6  8  76000
0  1  6  6  76000
0  1  6  10  76000
0  1  6  3  76000
0  1  6  12  76000
0  1  6  2  76000
0  1  7  2  76000
0  1  7  5  76000
0  1  7  3  76000
0  1  7  3  76000
0  1  7  13  76000
0  1  7  8  76000
0  1  7  10  76000
0  1  7  11  76000
0  1  7  1  76000
0  1  7  5  76000
0  1  7  14  76000
0  1  7  13  76000
0  1  7  9  76000
0  1  7  15  76000
0  1  7  3  76000
0  1  7  0  76000
0  1  7  2  76000
0  1  7  3  76000
0  1  7  11  76000
0  1  7  12  76000
0  1  7  12  76000
0  1  8  8  76000
0  1  8  4  76000
0  1  8  4  76000
0  1  8  6  76000
0  1  8  10  76000
0  1  8  5  76000
0  1  8  6  76000
0  1  8  9  76000
0  1  8  1  76000
0  1  8  9  76000
0  1  8  11  76000
0  1  8  0  76000
0  1  8  13  76000
0  1  8  8  76000
0  1  8  5  76000
0  1  8  15  76000
0  1  8  15  76000
0  1  8  11  76000
0  1  8  5  76000
0  1  8  0  76000
0  1  8  6  76000
0  1  8  4  76000
0  1  8  1  76000
0  1  8  10  76000
0  1  9  12  76000
0  1  9  12  76000
0  1  9  2  76000
0  1  9  5  76000
0  1  9  3  76000
0  1  9  2  76000
0  1  10  2  76000
0  1  10  13  76000
0  1  10  4  76000
0  1  10  12  76000
0  1  10  8  76000
0  1  10  8  76000
0  1  10  15  76000
0  1  10  10  76000
0  1  11  10  76000
0  1  11  15  76000
0  1  11  8  76000
0  1  11  5  76000
0  1  11  3  76000
0  1  11  15  76000
0  1  11  5  76000
0  1  11  10  76000
0  1  12  0  76000
0  1  12  4  76000
0  1  12  13  76000
0  1  12  9  76000
0  1  12  7  76000
0  1  12  8  76000
0  1  12  9  76000
0  1  12  4  76000
0  1  13  11  76000
0  1  13  8  76000
0  1  13  6  76000
0  1  13  12  76000
0  1  13  5  76000
0  1  13  11  76000
0  1  13  6  76000
0  1  13  2  76000
0  1  13  10  76000
0  1  14  15  76000
0  1  14  2  76000
0  1  14  7  76000
0  1  15  2  76000
0  1  15  5  76000
1  2  0  3  76000
1  2  0  4  76000
1  2  0  3  76000
1  2  1  0  76000
1  2  1  4  76000
1  2  1  2  76000
1  2  2  8  76000
1  2  2  6  76000
1  2  3  4  76000
1  2  3  2  76000
1  2  3  8  76000
1  2  4  0  76000
1  2  4  7  76000
1  2  4  7  76000
1  2  5  8  76000
1  2  5  7  76000
1  2  5  9  76000
1  2  7  4  76000
1  2  7  9  76000
1  2  8  9  76000
1  2  8  0  76000
1  2  10  8  76000
1  2  10  5  76000
1  2  11  6  76000
1  2  11  0  76000
1  2  11  4  76000
1  2  12  6  76000
1  2  12  8  76000
1  2  12  4  76000
1  2  13  3  76000
1  2  13  6  76000
1  2  13  7  76000
1  2  14  8  76000
1  2  15  8  76000
0  1  4  13  76500
0  1  4  3  76500
0  1  4  0  76500
0  1  4  9  76500
0  1  4  4  76500
0  1  4  1  76500
0  1  4  12  76500
0  1  4  13  76500
0  1  4  4  76500
0  1  4  15  76500
0  1  4  14  76500
0  1  5  1  76500
0  1  5  2  76500
0  1  5  14  76500
0  1  5  6  76500
0  1  5  6  76500
0  1  5  6  76500
0  1  5  11  76500
0  1  5  3  76500
0  1  5  3  76500
0  1  5  4  76500
0  1  5  13  76500
0  1  5  15  76500
0  1  5  13  76500
0  1  5  10  76500
0  1  5  8  76500
0  1  5  7  76500
0  1  5  12  76500
0  1  6  12  76500
0  1  6  8  76500
0  1  6  9  76500
0  1  6  8  76500
0  1  6  9  76500
0  1  6  13  76500
0  1  6  6  76500
0  1  6  12  76500
0  1  6  1  76500
0  1  6  9  76500
0  1  6  8  76500
0  1  6  9  76500
0  1  6  2  76500
0  1  6  15  76500
0  1  6  0  76500
0  1  6  14  76500
0  1  7  2  76500
0  1  7  1  76500
0  1  7  5  76500
0  1  7  3  76500
0  1  7  1  76500
0  1  7  3  76500
0  1  7  1  76500
0  1  7  5  76500
0  1  7  13  76500
0  1  7  1  76500
0  1  7  4  76500
0  1  7  3  76500
0  1  7  8  76500
0  1  7  14  76500
0  1  7  13  76500
0  1  7  10  76500
0  1  7  3  76500
0  1  7  15  76500
0  1  7  15  76500
0  1  7  7  76500
0  1  7  9  76500
0  1  7  11  76500
0  1  8  8  76500
0  1  8  13  76500
0  1  8  13  76500
0  1  8  13  76500
0  1  8  14  76500
0  1  8  3  76500
0  1  8  7  76500
0  1  8  0  76500
0  1  8  12  76500
0  1  8  2  76500
0  1  8  4  76500
0  1  8  2  76500
0  1  8  1  76500
0  1  8  9  76500
0  1  8  1  76500
0  1  8  12  76500
0  1  8  6  76500
0  1  8  15  76500
0  1  8  6  76500
0  1  8  2  76500
0  1  8  8  76500
0  1  8  15  76500
0  1  8  12  76500
0  1  9  1  76500
0  1  9  3  76500
0  1  9  14  76500
0  1  10  14  76500
0  1  10  0  76500
0  1  10  6  76500
0  1  10  5  76500
0  1  10  11  76500
0  1  10  10  76500
0  1  10  11  76500
0  1  10  15  76500
0  1  11  1  76500
0  1  11  0  76500
0  1  11  5  76500
0  1  11  11  76500
0  1  11  9  76500
0  1  11  0  76500
0  1  11  3  76500
0  1  11  11  76500
0  1  12  15  76500
0  1  12  7  76500
0  1  12  14  76500
0  1  12  11  76500
0  1  12  9  76500
0  1  12  9  76500
0  1  13  7  76500
0  1  13  15  76500
0  1  13  9  76500
0  1  13  15  76500
0  1  13  5  76500
0  1  13  10  76500
0  1  13  6  76500
0  1  13  2  76500
0  1  13  6  76500
0  1  14  5  76500
0  1  14  0  76500
0  1  15  4  76500
0  1  15  0  76500
0  1  15  10  76500
1  2  0  7  76500
1  2  1  9  76500
1  2  1  2  76500
1  2  1  7  76500
1  2  1  7  76500
1  2  2  8  76500
1  2  2  9  76500
1  2  2  2  76500
1  2  3  7  76500
1  2  4  4  76500
1  2  4  6  76500
1  2  4  7  76500
1  2  5  4  76500
1  2  5  9  76500
1  2  5  9  76500
1  2  5  7  76500
1  2  5  9  76500
1  2  6  8  76500
1  2  6  9  76500
1  2  7  9  76500
1  2  8  2  76500
1  2  8  0  76500
1  2  8  3  76500
1  2  9  4  76500
1  2  9  5  76500
1  2  10  9  76500
1  2  10  7  76500
1  2  10  9  76500
1  2  11  4  76500
1  2  12  2  76500
1  2  12  4  76500
1  2  13  4  76500
1  2  14  0  76500
1  2  14  4  76500
1  2  15  7  76500
0  1  4  7  77000
0  1  4  1  77000
0  1  4  0  77000
0  1  4  0  77000
0  1  4  3  77000
0  1  4  15  77000
0  1  4  0  77000
0  1  4  9  77000
0  1  4  0  77000
0  1  4  9  77000
0  1  5  2  77000
0  1  5  0  77000
0  1  5  8  77000
0  1  5  6  77000
0  1  5  0  77000
0  1  5  0  77000
0  1  5  3  77000
0  1  5  13  77000
0  1  5  0  77000
0  1  5  13  77000
0  1  5  3  77000
0  1  5  7  77000
0  1  5  3  77000
0  1  5  12  77000
0  1  6  4  77000
0  1  6  12  77000
0  1  6  4  77000
0  1  6  4  77000
0  1  6  1  77000
0  1  6  2  77000
0  1  6  8  77000
0  1  6  5  77000
0  1  6  0  77000
0  1  6  9  77000
0  1  6  13  77000
0  1  6  10  77000
0  1  7  11  77000
0  1  7  10  77000
0  1  7  0  77000
0  1  7  14  77000
0  1  7  15  77000
0  1  7  11  77000
0  1  7  5  77000
0  1  7  8  77000
0  1  7  8  77000
0  1  7  15  77000
0  1  7  1  77000
0  1  7  2  77000
0  1  7  2  77000
0  1  7  5  77000
0  1  7  6  77000
0  1  7  2  77000
0  1  7  5  77000
0  1  7  6  77000
0  1  7  6  77000
0  1  7  15  77000
0  1  7  6  77000
0  1  7  15  77000
0  1  8  13  77000
0  1  8  11  77000
0  1  8  15  77000
0  1  8  9  77000
0  1  8  3  77000
0  1  8  4  77000
0  1  8  12  77000
0  1  8  1  77000
0  1  8  7  77000
0  1  8  12  77000
0  1  8  2  77000
0  1  8  8  77000
0  1  8  13  77000
0  1  8  5  77000
0  1  8  11  77000
0  1  8  15  77000
0  1  8  9  77000
0  1  8  5  77000
0  1  8  0  77000
0  1  8  0  77000
0  1  8  10  77000
0  1  9  11  77000
0  1  9  5  77000
0  1  9  10  77000
0  1  9  3  77000
0  1  9  13  77000
0  1  10  6  77000
0  1  10  3  77000
0  1  10  15  77000
0  1  10  3  77000
0  1  10  2  77000
0  1  10  13  77000
0  1  10  4  77000
0  1  10  8  77000
0  1  11  15  77000
0  1  11  15  77000
0  1  11  2  77000
0  1  11  0  77000
0  1  11  4  77000
0  1  11  13  77000
0  1  11  13  77000
0  1  11  8  77000
0  1  11  6  77000
0  1  12  15  77000
0  1  12  10  77000
0  1  12  13  77000
0  1  12  3  77000
0  1  12  5  77000
0  1  12  1  77000
0  1  12  1  77000
0  1  13  3  77000
0  1  13  4  77000
0  1  13  7  77000
0  1  13  5  77000
0  1  13  7  77000
0  1  13  2  77000
0  1  13  13  77000
0  1  14  4  77000
0  1  14  13  77000
0  1  14  5  77000
0  1  15  6  77000
0  1  15  5  77000
1  2  1  6  77000
1  2  1  9  77000
1  2  2  2  77000
1  2  2  6  77000
1  2  3  8  77000
1  2  3  4  77000
1  2  3  7  77000
1  2  3  4  77000
1  2  4  3  77000
1  2  4  8  77000
1  2  5  3  77000
1  2  5  7  77000
1  2  6  8  77000
1  2  6  2  77000
1  2  7  7  77000
1  2  8  9  77000
1  2  8  2  77000
1  2  8  8  77000
1  2  9  3  77000
1  2  10  9  77000
1  2  10  3  77000
1  2  10  5  77000
1  2  11  9  77000
1  2  11  6  77000
1  2  12  7  77000
1  2  12  2  77000
1  2  12  2  77000
1  2  12  5  77000
1  2  12  6  77000
1  2  13  6  77000
1  2  13  4  77000
1  2  13  6  77000
1  2  14  0  77000
1  2  15  2  77000
1  2  15  9  77000
1  2  15  6  77000
0  1  4  5  77500
0  1  4  3  77500
0  1  4  6  77500
0  1  4  7  77500
0  1  4  11  77500
0  1  4  10  77500
0  1  4  0  77500
0  1  4  15  77500
0  1  4  7  77500
0  1  4  0  77500
0  1  4  1  77500
0  1  4  11  77500
0  1  4  6  77500
0  1  4  10  77500
0  1  5  6  77500
0  1  5  4  77500
0  1  5  8  77500
0  1  5  6  77500
0  1  5  6  77500
0  1  5  7  77500
0  1  5  13  77500
0  1  5  0  77500
0  1  5  8  77500
0  1  5  2  77500
0  1  5  8  77500
0  1  5  13  77500
0  1  5  8  77500
0  1  5  2  77500
0  1  5  14  77500
0  1  5  1  77500
0  1  5  12  77500
0  1  6  10  77500
0  1  6  15  77500
0  1  6  11  77500
0  1  6  13  77500
0  1  6  13  77500
0  1  6  5  77500
0  1  6  11  77500
0  1  6  12  77500
0  1  6  4  77500
0  1  6  13  77500
0  1  6  13  77500
0  1  6  8  77500
0  1  6  1  77500
0  1  6  12  77500
0  1  6  7  77500
0  1  6  4  77500
0  1  7  15  77500
0  1  7  3  77500
0  1  7  0  77500
0  1  7  7  77500
0  1  7  2  77500
0  1  7  5  77500
0  1  7  10  77500
0  1  7  2  77500
0  1  7  3  77500
0  1  7  7  77500
0  1  7  11  77500
0  1  7  3  77500
0  1  7  4  77500
0  1  7  4  77500
0  1  7  9  77500
0  1  7  4  77500
0  1  7  6  77500
0  1  7  3  77500
0  1  7  0  77500
0  1  7  4  77500
0  1  8  5  77500
0  1  8  10  77500
0  1  8  13  77500
0  1  8  2  77500
0  1  8  12  77500
0  1  8  12  77500
0  1  8  14  77500
0  1  8  0  77500
0  1  8  15  77500
0  1  8  5  77500
0  1  8  8  77500
0  1  8  8  77500
0  1  8  6  77500
0  1  8  14  77500
0  1  8  1  77500
0  1  8  6  77500
0  1  8  12  77500
0  1  8  6  77500
0  1  8  8  77500
0  1  8  14  77500
0  1  8  10  77500
0  1  8  0  77500
0  1  9  14  77500
0  1  9  14  77500
0  1  9  11  77500
0  1  9  9  77500
0  1  9  14  77500
0  1  10  1  77500
0  1  10  2  77500
0  1  10  5  77500
0  1  10  9  77500
0  1  10  14  77500
0  1  10  9  77500
0  1  10  4  77500
0  1  11  12  77500
0  1  11  1  77500
0  1  11  15  77500
0  1  11  15  77500
0  1  11  14  77500
0  1  11  2  77500
0  1  11  0  77500
0  1  11  1  77500
0  1  11  9  77500
0  1  12  5  77500
0  1  12  13  77500
0  1  12  14  77500
0  1  12  8  77500
0  1  12  6  77500
0  1  12  15  77500
0  1  12  11  77500
0  1  12  6  77500
0  1  13  1  77500
0  1  13  0  77500
0  1  13  3  77500
0  1  13  9  77500
0  1  13  2  77500
0  1  13  11  77500
0  1  13  14  77500
0  1  13  3  77500
0  1  14  0  77500
0  1  14  11  77500
0  1  15  1  77500
0  1  15  4  77500
1  2  0  6  77500
1  2  0  3  77500
1  2  1  0  77500
1  2  1  4  77500
1  2  2  8  77500
1  2  2  7  77500
1  2  2  2  77500
1  2  3  4  77500
1  2  3  9  77500
1  2  3  9  77500
1  2  3  8  77500
1  2  4  3  77500
1  2  4  4  77500
1  2  5  9  77500
1  2  5  8  77500
1  2  6  0  77500
1  2  6  7  77500
1  2  6  7  77500
1  2  7  7  77500
1  2  7  3  77500
1  2  8  4  77500
1  2  8  7  77500
1  2  8  9  77500
1  2  8  4  77500
1  2  8  7  77500
1  2  9  7  77500
1  2  10  7  77500
1  2  11  7  77500
1  2  12  7  77500
1  2  13  3  77500
1  2  14  9  77500
1  2  14  9  77500
1  2  15  6  77500
1  2  15  9  77500
1  2  15  6  77500
1  2  15  8  77500
0  1  4  11  78000
0  1  4  11  78000
0  1  4  8  78000
0  1  4  6  78000
0  1  4  7  78000
0  1  4  14  78000
0  1  4  5  78000
0  1  4  3  78000
0  1  4  2  78000
0  1  4  2  78000
0  1  4  12  78000
0  1  5  0  78000
0  1  5  14  78000
0  1  5  15  78000
0  1  5  12  78000
0  1  5  4  78000
0  1  5  6  78000
0  1  5  3  78000
0  1  5  11  78000
0  1  5  6  78000
0  1  5  15  78000
0  1  5  8  78000
0  1  5  3  78000
0  1  5  3  78000
0  1  5  8  78000
0  1  5  11  78000
0  1  5  3  78000
0  1  5  4  78000
0  1  5  9  78000
0  1  6  14  78000
0  1  6  13  78000
0  1  6  7  78000
0  1  6  13  78000
0  1  6  15  78000
0  1  6  6  78000
0  1  6  1  78000
0  1  6  7  78000
0  1  6  8  78000
0  1  6  1  78000
0  1  6  13  78000
0  1  7  6  78000
0  1  7  9  78000
0  1  7  2  78000
0  1  7  12  78000
0  1  7  8  78000
0  1  7  15  78000
0  1  7  15  78000
0  1  7  9  78000
0  1  7  14  78000
0  1  7  15  78000
0  1  7  2  78000
0  1  7  7  78000
0  1  7  3  78000
0  1  7  0  78000
0  1  7  14  78000
0  1  7  3  78000
0  1  7  0  78000
0  1  7  12  78000
0  1  7  3  78000
0  1  7  8  78000
0  1  7  13  78000
0  1  8  4  78000
0  1  8  15  78000
0  1  8  6  78000
0  1  8  4  78000
0  1  8  12  78000
0  1  8  5  78000
0  1  8  1  78000
0  1  8  13  78000
0  1  8  0  78000
0  1  8  12  78000
0  1  8  1  78000
0  1  8  9  78000
0  1  8  11  78000
0  1  8  15  78000
0  1  8  12  78000
0  1  8  0  78000
0  1  8  4  78000
0  1  8  4  78000
0  1  8  6  78000
0  1  8  8  78000
0  1  9  8  78000
0  1  9  5  78000
0  1  9  5  78000
0  1  9  4  78000
0  1  9  1  78000
0  1  9  1  78000
0  1  10  1  78000
0  1  10  12  78000
0  1  10  11  78000
0  1  10  4  78000
0  1  10  1  78000
0  1  10  3  78000
0  1  10  13  78000
0  1  11  1  78000
0  1  11  6  78000
0  1  11  4  78000
0  1  11  0  78000
0  1  11  10  78000
0  1  11  14  78000
0  1  11  5  78000
0  1  12  6  78000
0  1  12  10  78000
0  1  12  3  78000
0  1  12  9  78000
0  1  12  14  78000
0  1  12  12  78000
0  1  12  1  78000
0  1  13  7  78000
0  1  13  5  78000
0  1  13  4  78000
0  1  13  13  78000
0  1  13  12  78000
0  1  13  13  78000
0  1  13  15  78000
0  1  13  2  78000
0  1  14  5  78000
0  1  14  5  78000
0  1  15  11  78000
0  1  15  6  78000
1  2  0  7  78000
1  2  0  5  78000
1  2  0  8  78000
1  2  1  9  78000
1  2  1  8  78000
1  2  2  0  78000
1  2  3  4  78000
1  2  4  5  78000
1  2  4  4  78000
1  2  5  5  78000
1  2  5  9  78000
1  2  6  3  78000
1  2  6  9  78000
1  2  6  9  78000
1  2  6  7  78000
1  2  7  9  78000
1  2  7  5  78000
1  2  7  8  78000
1  2  7  2  78000
1  2  8  7  78000
1  2  8  3  78000
1  2  8  2  78000
1  2  8  2  78000
1  2  9  9  78000
1  2  9  1  78000
1  2  11  4  78000
1  2  11  7  78000
1  2  12  4  78000
1  2  12  5  78000
1  2  13  2  78000
1  2  13  6  78000
1  2  14  8  78000
1  2  15  1  78000
1  2  15  3  78000
0  1  4  7  78500
0  1  4  8  78500
0  1  4  0  78500
0  1  4  2  78500
0  1  4  1  78500
0  1  4  3  78500
0  1  4  2  78500
0  1  4  6  78500
0  1  4  8  78500
0  1  4  0  78500
0  1  4  13  78500
0  1  5  2  78500
0  1  5  7  78500
0  1  5  11  78500
0  1  5  13  78500
0  1  5  5  78500
0  1  5  5  78500
0  1  5  13  78500
0  1  5  15  78500
0  1  5  2  78500
0  1  5  9  78500
0  1  5  1  78500
0  1  5  3  78500
0  1  5  6  78500
0  1  5  12  78500
0  1  5  2  78500
0  1  6  9  78500
0  1  6  6  78500
0  1  6  11  78500
0  1  6  5  78500
0  1  6  7  78500
0  1  6  8  78500
0  1  6  8  78500
0  1  6  2  78500
0  1  6  7  78500
0  1  6  9  78500
0  1  7  7  78500
0  1  7  3  78500
0  1  7  13  78500
0  1  7  6  78500
0  1  7  4  78500
0  1  7  3  78500
0  1  7  3  78500
0  1  7  2  78500
0  1  7  7  78500
0  1  7  4  78500
0  1  7  1  78500
0  1  7  6  78500
0  1  7  9  78500
0  1  7  10  78500
0  1  7  13  78500
0  1  7  2  78500
0  1  7  7  78500
0  1  7  8  78500
0  1  7  3  78500
0  1  7  14  78500
0  1  7  2  78500
0  1  8  9  78500
0  1  8  8  78500
0  1  8  6  78500
0  1  8  12  78500
0  1  8  13  78500
0  1  8  11  78500
0  1  8  14  78500
0  1  8  13  78500
0  1  8  5  78500
0  1  8  0  78500
0  1  8  0  78500
0  1  8  8  78500
0  1  8  14  78500
0  1  8  15  78500
0  1  8  7  78500
0  1  8  4  78500
0  1  8  12  78500
0  1  8  7  78500
0  1  8  9  78500
0  1  9  3  78500
0  1  9  7  78500
0  1  9  2  78500
0  1  9  3  78500
0  1  9  2  78500
0  1  9  0  78500
0  1  10  4  78500
0  1  10  9  78500
0  1  10  11  78500
0  1  10  12  78500
0  1  10  0  78500
0  1  10  15  78500
0  1  11  6  78500
0  1  11  10  78500
0  1  11  14  78500
0  1  11  5  78500
0  1  11  10  78500
0  1  11  9  78500
0  1  11  13  78500
0  1  11  5  78500
0  1  11  11  78500
0  1  12  0  78500
0  1  12  9  78500
0  1  12  8  78500
0  1  12  12  78500
0  1  12  12  78500
0  1  12  9  78500
0  1  12  4  78500
0  1  13  2  78500
0  1  13  15  78500
0  1  13  7  78500
0  1  13  12  78500
0  1  13  6  78500
0  1  13  9  78500
0  1  14  1  78500
0  1  14  1  78500
0  1  14  5  78500
0  1  15  1  78500
0  1  15  12  78500
1  2  0  3  78500
1  2  1  0  78500
1  2  2  0  78500
1  2  4  1  78500
1  2  4  0  78500
1  2  5  3  78500
1  2  5  3  78500
1  2  6  0  78500
1  2  6  9  78500
1  2  6  4  78500
1  2  7  4  78500
1  2  8  5  78500
1  2  8  7  78500
1  2  10  9  78500
1  2  11  0  78500
1  2  12  4  78500
1  2  13  2  78500
1  2  13  8  78500
1  2  13  5  78500
1  2  13  7  78500
1  2  14  0  78500
1  2  14  4  78500
1  2  15  7  78500
1  2  15  2  78500
0  1  4  14  79000
0  1  4  3  79000
0  1  4  15  79000
0  1  4  12  79000
0  1  4  10  79000
0  1  4  5  79000
0  1  4  13  79000
0  1  4  8  79000
0  1  4  10  79000
0  1  4  9  79000
0  1  5  15  79000
0  1  5  7  79000
0  1  5  5  79000
0  1  5  1  79000
0  1  5  9  79000
0  1  5  4  79000
0  1  5  2  79000
0  1  5  12  79000
0  1  5  14  79000
0  1  5  14  79000
0  1  5  8  79000
0  1  5  1  79000
0  1  5  5  79000
0  1  5  7  79000
0  1  5  0  79000
0  1  5  4  79000
0  1  5  11  79000
0  1  5  15  79000
0  1  6  0  79000
0  1  6  5  79000
0  1  6  14  79000
0  1  6  15  79000
0  1  6  0  79000
0  1  6  3  79000
0  1  6  2  79000
0  1  6  13  79000
0  1  6  10  79000
0  1  6  12  79000
0  1  6  4  79000
0  1  6  15  79000
0  1  6  10  79000
0  1  6  8  79000
0  1  7  5  79000
0  1  7  6  79000
0  1  7  7  79000
0  1  7  7  79000
0  1  7  6  79000
0  1  7  14  79000
0  1  7  2  79000
0  1  7  1  79000
0  1  7  15  79000
0  1  7  13  79000
0  1  7  13  79000
0  1  7  9  79000
0  1  7  12  79000
0  1  7  15  79000
0  1  7  12  79000
0  1  7  14  79000
0  1  7  7  79000
0  1  7  2  79000
0  1  7  2  79000
0  1  7  5  79000
0  1  7  13  79000
0  1  7  14  79000
0  1  7  14  79000
0  1  7  11  79000
0  1  8  6  79000
0  1  8  12  79000
0  1  8  14  79000
0  1  8  5  79000
0  1  8  14  79000
0  1  8  7  79000
0  1  8  12  79000
0  1  8  14  79000
0  1  8  6  79000
0  1  8  13  79000
0  1  8  6  79000
0  1  8  9  79000
0  1  8  13  79000
0  1  8  14  79000
0  1  8  14  79000
0  1  8  15  79000
0  1  8  12  79000
0  1  8  15  79000
0  1  8  12  79000
0  1  8  10  79000
0  1  9  12  79000
0  1  9  11  79000
0  1  9  0  79000
0  1  9  1  79000
0  1  9  3  79000
0  1  10  6  79000
0  1  10  12  79000
0  1  10  11  79000
0  1  10  4  79000
0  1  10  13  79000
0  1  10  13  79000
0  1  10  15  79000
0  1  10  7  79000
0  1  11  8  79000
0  1  11  13  79000
0  1  11  15  79000
0  1  11  6  79000
0  1  11  15  79000
0  1  11  15  79000
0  1  11  0  79000
0  1  11  3  79000
0  1  11  3  79000
0  1  12  0  79000
0  1  12  8  79000
0  1  12  1  79000
0  1  12  4  79000
0  1  12  3  79000
0  1  12  10  79000
0  1  12  15  79000
0  1  12  0  79000
0  1  13  9  79000
0  1  13  15  79000
0  1  13  15  79000
0  1  13  4  79000
0  1  13  4  79000
0  1  14  3  79000
0  1  14  2  79000
0  1  15  7  79000
0  1  15  3  79000
1  2  0  5  79000
1  2  0  4  79000
1  2  1  0  79000
1  2  1  5  79000
1  2  2  2  79000
1  2  3  8  79000
1  2  3  2  79000
1  2  3  7  79000
1  2  4  3  79000
1  2  4  8  79000
1  2  4  7  79000
1  2  5  5  79000
1  2  5  3  79000
1  2  5  8  79000
1  2  5  9  79000
1  2  6  4  79000
1  2  6  3  79000
1  2  7  5  79000
1  2  8  7  79000
1  2  8  8  79000
1  2  8  3  79000
1  2  9  7  79000
1  2  11  1  79000
1  2  11  8  79000
1  2  11  4  79000
1  2  11  4  79000
1  2  13  6  79000
1  2  13  5  79000
1  2  14  0  79000
1  2  15  2  79000
1  2  15  6  79000
1  2  15  6  79000
1  2  15  9  79000
0  1  4  3  79500
0  1  4  5  79500
0  1  4  6  79500
0  1  4  9  79500
0  1  4  6  79500
0  1  4  15  79500
0  1  4  14  79500
0  1  4  11  79500
0  1  4  14  79500
0  1  4  0  79500
0  1  4  14  79500
0  1  4  13  79500
0  1  5  5  79500
0  1  5  6  79500
0  1  5  3  79500
0  1  5  4  79500
0  1  5  11  79500
0  1  5  3  79500
0  1  5  15  79500
0  1  5  5  79500
0  1  5  6  79500
0  1  5  1  79500
0  1  5  11  79500
0  1  5  2  79500
0  1  5  1  79500
0  1  5  14  79500
0  1  5  0  79500
0  1  5  8  79500
0  1  6  5  79500
0  1  6  11  79500
0  1  6  9  79500
0  1  6  11  79500
0  1  6  2  79500
0  1  6  5  79500
0  1  6  7  79500
0  1  6  12  79500
0  1  6  8  79500
0  1  6  4  79500
0  1  6  8  79500
0  1  6  7  79500
0  1  7  1  79500
0  1  7  11  79500
0  1  7  14  79500
0  1  7  8  79500
0  1  7  7  79500
0  1  7  12  79500
0  1  7  1  79500
0  1  7  4  79500
0  1  7  3  79500
0  1  7  4  79500
0  1  7  4  79500
0  1  7  4  79500
0  1  7  7  79500
0  1  7  3  79500
0  1  7  7  79500
0  1  7  8  79500
0  1  7  3  79500
0  1  7  11  79500
0  1  7  8  79500
0  1  7  8  79500
0  1  8  1  79500
0  1  8  9  79500
0  1  8  5  79500
0  1  8  0  79500
0  1  8  0  79500
0  1  8  2  79500
0  1  8  15  79500
0  1  8  2  79500
0  1  8  5  79500
0  1  8  11  79500
0  1  8  1  79500
0  1  8  3  79500
0  1  8  0  79500
0  1  8  10  79500
0  1  8  4  79500
0  1  8  5  79500
0  1  8  5  79500
0  1  8  12  79500
0  1  8  4  79500
0  1  8  11  79500
0  1  8  2  79500
0  1  8  4  79500
0  1  9  7  79500
0  1  9  1  79500
0  1  9  3  79500
0  1  9  3  79500
0  1  9  12  79500
0  1  10  4  79500
0  1  10  1  79500
0  1  10  3  79500
0  1  10  15  79500
0  1  10  0  79500
0  1  10  5  79500
0  1  11  0  79500
0  1  11  1  79500
0  1  11  8  79500
0  1  11  15  79500
0  1  11  8  79500
0  1  11  5  79500
0  1  11  6  79500
0  1  11  0  79500
0  1  11  10  79500
0  1  12  4  79500
0  1  12  9  79500
0  1  12  1  79500
0  1  12  4  79500
0  1  12  13  79500
0  1  12  0  79500
0  1  12  10  79500
0  1  13  1  79500
0  1  13  1  79500
0  1  13  12  79500
0  1  13  11  79500
0  1  13  4  79500
0  1  13  0  79500
0  1  13  10  79500
0  1  13  13  79500
0  1  14  12  79500
0  1  14  13  79500
0  1  15  2  79500
0  1  15  3  79500
1  2  0  8  79500
1  2  1  9  79500
1  2  1  6  79500
1  2  2  5  79500
1  2  2  3  79500
1  2  2  7  79500
1  2  3  8  79500
1  2  3  4  79500
1  2  3  5  79500
1  2  5  3  79500
1  2  5  4  79500
1  2  6  8  79500
1  2  6  3  79500
1  2  6  9  79500
1  2  7  6  79500
1  2  7  1  79500
1  2  8  9  79500
1  2  8  9  79500
1  2  10  8  79500
1  2  10  9  79500
1  2  11  9  79500
1  2  11  0  79500
1  2  11  4  79500
1  2  12  4  79500
1  2  13  5  79500
1  2  14  2  79500
1  2  15  4  79500
0  1  4  2  80000
0  1  4  3  80000
0  1  4  13  80000
0  1  4  9  80000
0  1  4  1  80000
0  1  4  9  80000
0  1  4  13  80000
0  1  4  11  80000
0  1  4  15  80000
0  1  4  9  80000
0  1  4  0  80000
0  1  4  13  80000
0  1  5  14  80000
0  1  5  10  80000
0  1  5  15  80000
0  1  5  13  80000
0  1  5  10  80000
0  1  5  0  80000
0  1  5  11  80000
0  1  5  10  80000
0  1  5  0  80000
0  1  5  6  80000
0  1  5  10  80000
0  1  5  8  80000
0  1  5  8  80000
0  1  5  1  80000
0  1  5  10  80000
0  1  5  2  80000
0  1  5  3  80000
0  1  5  13  80000
0  1  5  1  80000
0  1  6  1  80000
0  1  6  10  80000
0  1  6  12  80000
0  1  6  7  80000
0  1  6  13  80000
0  1  6  2  80000
0  1  6  5  80000
0  1  6  6  80000
0  1  6  3  80000
0  1  6  4  80000
0  1  6  12  80000
0  1  6  7  80000
0  1  6  0  80000
0  1  6  3  80000
0  1  7  14  80000
0  1  7  11  80000
0  1  7  12  80000
0  1  7  7  80000
0  1  7  8  80000
0  1  7  12  80000
0  1  7  8  80000
0  1  7  13  80000
0  1  7  14  80000
0  1  7  12  80000
0  1  7  13  80000
0  1  7  15  80000
0  1  7  12  80000
0  1  7  5  80000
0  1  7  12  80000
0  1  7  10  80000
0  1  7  14  80000
0  1  7  7  80000
0  1  7  13  80000
0  1  7  7  80000
0  1  8  10  80000
0  1  8  13  80000
0  1  8  14  80000
0  1  8  7  80000
0  1  8  4  80000
0  1  8  12  80000
0  1  8  2  80000
0  1  8  13  80000
0  1  8  10  80000
0  1  8  2  80000
0  1  8  1  80000
0  1  8  7  80000
0  1  8  11  80000
0  1  8  6  80000
0  1  8  6  80000
0  1  8  10  80000
0  1  8  15  80000
0  1  8  2  80000
0  1  8  0  80000
0  1  8  9  80000
0  1  8  12  80000
0  1  9  12  80000
0  1  9  15  80000
0  1  9  12  80000
0  1  9  11  80000
0  1  10  13  80000
0  1  10  13  80000
0  1  10  15  80000
0  1  10  15  80000
0  1  10  11  80000
0  1  10  9  80000
0  1  10  2  80000
0  1  10  4  80000
0  1  11  2  80000
0  1  11  9  80000
0  1  11  13  80000
0  1  11  5  80000
0  1  11  1  80000
0  1  11  1  80000
0  1  11  15  80000
0  1  11  1  80000
0  1  11  3  80000
0  1  12  7  80000
0  1  12  5  80000
0  1  12  15  80000
0  1  12  11  80000
0  1  12  2  80000
0  1  12  0  80000
0  1  12  5  80000
0  1  12  13  80000
0  1  13  9  80000
0  1  13  14  80000
0  1  13  15  80000
0  1  13  7  80000
0  1  13  0  80000
0  1  13  7  80000
0  1  13  12  80000
0  1  14  12  80000
0  1  14  1  80000
0  1  14  5  80000
0  1  15  2  80000
0  1  15  3  80000
1  2  0  5  80000
1  2  0  3  80000
1  2  1  7  80000
1  2  1  4  80000
1  2  1  2  80000
1  2  1  7  80000
1  2  2  0  80000
1  2  3  7  80000
1  2  3  4  80000
1  2  4  7  80000
1  2  4  8  80000
1  2  4  7  80000
1  2  5  9  80000
1  2  5  7  80000
1  2  6  6  80000
1  2  7  6  80000
1  2  7  4  80000
1  2  8  9  80000
1  2  8  7  80000
1  2  8  2  80000
1  2  8  8  80000
1  2  9  4  80000
1  2  9  9  80000
1  2  9  3  80000
1  2  10  9  80000
1  2  10  4  80000
1  2  11  3  80000
1  2  11  4  80000
1  2  12  2  80000
1  2  12  8  80000
1  2  14  8  80000
1  2  14  2  80000
1  2  15  0  80000
