0 1 10 4 500 2
0 1 11 6 500 2
0 1 11 15 500 2
0 1 11 11 500 2
0 1 11 8 500 2
0 1 11 11 500 2
0 1 10 11 500 2
0 1 10 4 500 2
0 1 10 9 500 2
0 1 10 9 500 2
0 1 12 8 500 2
0 1 9 13 500 2
0 1 9 3 500 2
0 1 8 8 500 2
0 1 8 0 500 2
0 1 8 13 500 2
0 1 8 10 500 2
0 1 7 5 500 2
0 1 7 9 500 2
0 1 13 2 500 2
0 1 4 15 500 2
0 1 15 7 500 2
0 1 15 3 500 2
0 1 15 14 500 2
0 1 14 14 500 2
0 1 14 2 500 2
0 1 13 3 500 2
0 1 13 15 500 2
0 1 4 5 500 2
0 1 13 9 500 2
0 1 13 6 500 2
0 1 13 14 500 2
0 1 13 1 500 2
0 1 12 6 500 2
0 1 12 8 500 2
0 1 12 12 500 2
0 1 12 0 500 2
0 1 4 1 500 2
0 1 5 6 500 2
0 1 5 11 500 2
0 1 4 11 500 2
0 1 4 11 500 2
0 1 4 2 500 2
0 1 4 0 500 2
0 1 4 5 500 2
0 1 4 0 500 2
0 1 7 5 500 2
0 1 4 5 500 2
0 1 4 5 500 2
0 1 4 2 500 2
0 1 4 9 500 2
0 1 4 13 500 2
0 1 4 4 500 2
0 1 4 13 500 2
0 1 7 1 500 2
0 1 5 9 500 2
0 1 5 14 500 2
0 1 6 9 500 2
0 1 6 8 500 2
0 1 6 13 500 2
0 1 6 14 500 2
0 1 6 2 500 2
0 1 5 8 500 2
0 1 5 15 500 2
0 1 5 0 500 2
0 1 5 0 500 2
0 1 5 15 500 2
0 1 5 6 500 2
0 1 5 3 500 2
0 1 5 11 500 2
0 1 5 1 500 2
0 1 5 2 500 2
0 1 11 15 1000 2
0 1 11 5 1000 2
0 1 10 8 1000 2
0 1 10 5 1000 2
0 1 10 13 1000 2
0 1 10 12 1000 2
0 1 10 1 1000 2
0 1 10 12 1000 2
0 1 9 2 1000 2
0 1 9 8 1000 2
0 1 9 5 1000 2
0 1 8 8 1000 2
0 1 8 10 1000 2
0 1 8 13 1000 2
0 1 8 0 1000 2
0 1 8 9 1000 2
0 1 7 15 1000 2
0 1 13 13 1000 2
0 1 11 5 1000 2
0 1 15 1 1000 2
0 1 15 15 1000 2
0 1 14 11 1000 2
0 1 14 5 1000 2
0 1 14 15 1000 2
0 1 13 10 1000 2
0 1 13 4 1000 2
0 1 11 11 1000 2
0 1 13 5 1000 2
0 1 13 14 1000 2
0 1 12 4 1000 2
0 1 12 11 1000 2
0 1 12 15 1000 2
0 1 12 6 1000 2
0 1 12 4 1000 2
0 1 11 3 1000 2
0 1 4 11 1000 2
0 1 4 15 1000 2
0 1 5 1 1000 2
0 1 5 11 1000 2
0 1 5 13 1000 2
0 1 5 12 1000 2
0 1 4 9 1000 2
0 1 4 10 1000 2
0 1 4 6 1000 2
0 1 4 0 1000 2
0 1 7 15 1000 2
0 1 4 4 1000 2
0 1 4 0 1000 2
0 1 4 3 1000 2
0 1 4 5 1000 2
0 1 4 7 1000 2
0 1 4 5 1000 2
0 1 4 7 1000 2
0 1 7 13 1000 2
0 1 5 10 1000 2
0 1 5 7 1000 2
0 1 7 11 1000 2
0 1 7 0 1000 2
0 1 6 15 1000 2
0 1 6 14 1000 2
0 1 6 0 1000 2
0 1 6 14 1000 2
0 1 6 3 1000 2
0 1 5 13 1000 2
0 1 6 14 1000 2
0 1 5 4 1000 2
0 1 5 0 1000 2
0 1 5 3 1000 2
0 1 5 7 1000 2
0 1 5 6 1000 2
0 1 5 3 1000 2
0 1 11 11 1500 2
0 1 11 3 1500 2
0 1 11 9 1500 2
0 1 11 7 1500 2
0 1 10 11 1500 2
0 1 10 10 1500 2
0 1 10 4 1500 2
0 1 10 4 1500 2
0 1 9 14 1500 2
0 1 9 2 1500 2
0 1 8 9 1500 2
0 1 8 4 1500 2
0 1 8 11 1500 2
0 1 8 9 1500 2
0 1 8 12 1500 2
0 1 7 15 1500 2
0 1 7 3 1500 2
0 1 7 15 1500 2
0 1 13 2 1500 2
0 1 15 11 1500 2
0 1 15 10 1500 2
0 1 15 0 1500 2
0 1 14 1 1500 2
0 1 14 15 1500 2
0 1 14 5 1500 2
0 1 13 15 1500 2
0 1 13 11 1500 2
0 1 11 4 1500 2
0 1 13 9 1500 2
0 1 13 2 1500 2
0 1 13 3 1500 2
0 1 12 6 1500 2
0 1 12 5 1500 2
0 1 12 5 1500 2
0 1 12 3 1500 2
0 1 12 4 1500 2
0 1 4 0 1500 2
0 1 4 4 1500 2
0 1 4 9 1500 2
0 1 4 7 1500 2
0 1 4 4 1500 2
0 1 4 14 1500 2
0 1 4 14 1500 2
0 1 4 11 1500 2
0 1 4 12 1500 2
0 1 4 15 1500 2
0 1 6 4 1500 2
0 1 4 6 1500 2
0 1 4 10 1500 2
0 1 4 3 1500 2
0 1 4 7 1500 2
0 1 4 6 1500 2
0 1 4 5 1500 2
0 1 4 14 1500 2
0 1 7 3 1500 2
0 1 5 2 1500 2
0 1 5 4 1500 2
0 1 6 6 1500 2
0 1 6 1 1500 2
0 1 6 0 1500 2
0 1 6 8 1500 2
0 1 6 14 1500 2
0 1 5 13 1500 2
0 1 5 14 1500 2
0 1 5 13 1500 2
0 1 5 8 1500 2
0 1 5 6 1500 2
0 1 5 4 1500 2
0 1 5 6 1500 2
0 1 5 11 1500 2
0 1 5 12 1500 2
0 1 5 10 1500 2
0 1 5 14 1500 2
0 1 10 4 2000 2
0 1 10 14 2000 2
0 1 10 0 2000 2
0 1 10 2 2000 2
0 1 10 13 2000 2
0 1 11 5 2000 2
0 1 11 1 2000 2
0 1 11 3 2000 2
0 1 12 8 2000 2
0 1 9 11 2000 2
0 1 9 7 2000 2
0 1 9 6 2000 2
0 1 8 13 2000 2
0 1 8 12 2000 2
0 1 8 11 2000 2
0 1 8 8 2000 2
0 1 8 13 2000 2
0 1 8 6 2000 2
0 1 13 12 2000 2
0 1 5 0 2000 2
0 1 15 7 2000 2
0 1 15 15 2000 2
0 1 15 11 2000 2
0 1 14 12 2000 2
0 1 14 14 2000 2
0 1 14 5 2000 2
0 1 14 7 2000 2
0 1 13 12 2000 2
0 1 12 13 2000 2
0 1 13 4 2000 2
0 1 13 14 2000 2
0 1 13 15 2000 2
0 1 13 4 2000 2
0 1 13 15 2000 2
0 1 12 8 2000 2
0 1 12 0 2000 2
0 1 12 1 2000 2
0 1 4 0 2000 2
0 1 5 11 2000 2
0 1 5 3 2000 2
0 1 4 9 2000 2
0 1 4 1 2000 2
0 1 4 6 2000 2
0 1 4 5 2000 2
0 1 4 11 2000 2
0 1 4 3 2000 2
0 1 4 6 2000 2
0 1 7 1 2000 2
0 1 4 2 2000 2
0 1 4 11 2000 2
0 1 4 11 2000 2
0 1 4 8 2000 2
0 1 4 1 2000 2
0 1 4 13 2000 2
0 1 4 2 2000 2
0 1 7 3 2000 2
0 1 5 14 2000 2
0 1 4 1 2000 2
0 1 7 11 2000 2
0 1 7 11 2000 2
0 1 6 1 2000 2
0 1 6 15 2000 2
0 1 6 4 2000 2
0 1 6 9 2000 2
0 1 6 2 2000 2
0 1 5 13 2000 2
0 1 5 10 2000 2
0 1 5 10 2000 2
0 1 5 3 2000 2
0 1 5 0 2000 2
0 1 5 4 2000 2
0 1 5 2 2000 2
0 1 5 3 2000 2
0 1 12 15 2500 2
0 1 11 5 2500 2
0 1 11 9 2500 2
0 1 11 15 2500 2
0 1 11 6 2500 2
0 1 11 3 2500 2
0 1 10 1 2500 2
0 1 10 12 2500 2
0 1 10 4 2500 2
0 1 10 2 2500 2
0 1 9 12 2500 2
0 1 9 11 2500 2
0 1 8 4 2500 2
0 1 8 12 2500 2
0 1 8 3 2500 2
0 1 8 11 2500 2
0 1 7 4 2500 2
0 1 7 10 2500 2
0 1 13 5 2500 2
0 1 7 9 2500 2
0 1 15 12 2500 2
0 1 15 4 2500 2
0 1 14 4 2500 2
0 1 14 4 2500 2
0 1 14 11 2500 2
0 1 13 9 2500 2
0 1 13 3 2500 2
0 1 12 7 2500 2
0 1 13 3 2500 2
0 1 13 11 2500 2
0 1 13 0 2500 2
0 1 13 11 2500 2
0 1 12 5 2500 2
0 1 12 5 2500 2
0 1 12 6 2500 2
0 1 12 6 2500 2
0 1 4 11 2500 2
0 1 5 14 2500 2
0 1 5 14 2500 2
0 1 5 11 2500 2
0 1 4 8 2500 2
0 1 4 10 2500 2
0 1 4 14 2500 2
0 1 4 3 2500 2
0 1 4 9 2500 2
0 1 7 8 2500 2
0 1 4 11 2500 2
0 1 4 1 2500 2
0 1 4 4 2500 2
0 1 4 8 2500 2
0 1 4 14 2500 2
0 1 4 0 2500 2
0 1 4 5 2500 2
0 1 4 4 2500 2
0 1 5 6 2500 2
0 1 5 9 2500 2
0 1 7 1 2500 2
0 1 6 15 2500 2
0 1 6 2 2500 2
0 1 6 6 2500 2
0 1 6 12 2500 2
0 1 6 11 2500 2
0 1 5 7 2500 2
0 1 5 14 2500 2
0 1 5 14 2500 2
0 1 5 2 2500 2
0 1 5 0 2500 2
0 1 5 11 2500 2
0 1 5 12 2500 2
0 1 5 7 2500 2
0 1 5 15 2500 2
0 1 10 4 3000 2
0 1 10 15 3000 2
0 1 10 5 3000 2
0 1 10 0 3000 2
0 1 11 3 3000 2
0 1 11 4 3000 2
0 1 11 15 3000 2
0 1 11 4 3000 2
0 1 11 0 3000 2
0 1 10 3 3000 2
0 1 9 9 3000 2
0 1 9 11 3000 2
0 1 8 8 3000 2
0 1 8 2 3000 2
0 1 8 12 3000 2
0 1 8 3 3000 2
0 1 8 2 3000 2
0 1 4 0 3000 2
0 1 13 9 3000 2
0 1 15 12 3000 2
0 1 15 5 3000 2
0 1 15 6 3000 2
0 1 14 14 3000 2
0 1 14 5 3000 2
0 1 14 13 3000 2
0 1 14 11 3000 2
0 1 13 8 3000 2
0 1 11 8 3000 2
0 1 13 2 3000 2
0 1 13 2 3000 2
0 1 13 6 3000 2
0 1 12 0 3000 2
0 1 12 11 3000 2
0 1 12 15 3000 2
0 1 12 4 3000 2
0 1 12 1 3000 2
0 1 4 14 3000 2
0 1 5 11 3000 2
0 1 5 3 3000 2
0 1 5 15 3000 2
0 1 5 0 3000 2
0 1 5 10 3000 2
0 1 4 4 3000 2
0 1 4 14 3000 2
0 1 4 15 3000 2
0 1 4 10 3000 2
0 1 7 8 3000 2
0 1 4 6 3000 2
0 1 4 11 3000 2
0 1 4 5 3000 2
0 1 4 3 3000 2
0 1 4 7 3000 2
0 1 4 13 3000 2
0 1 4 2 3000 2
0 1 8 12 3000 2
0 1 5 2 3000 2
0 1 5 13 3000 2
0 1 7 9 3000 2
0 1 7 0 3000 2
0 1 7 15 3000 2
0 1 7 1 3000 2
0 1 6 11 3000 2
0 1 6 13 3000 2
0 1 6 8 3000 2
0 1 6 14 3000 2
0 1 6 10 3000 2
0 1 5 6 3000 2
0 1 5 8 3000 2
0 1 5 7 3000 2
0 1 5 0 3000 2
0 1 5 12 3000 2
0 1 6 6 3000 2
0 1 10 11 3500 2
0 1 10 13 3500 2
0 1 10 2 3500 2
0 1 10 8 3500 2
0 1 11 0 3500 2
0 1 11 2 3500 2
0 1 11 12 3500 2
0 1 11 12 3500 2
0 1 11 12 3500 2
0 1 10 4 3500 2
0 1 9 5 3500 2
0 1 9 1 3500 2
0 1 8 5 3500 2
0 1 8 10 3500 2
0 1 8 10 3500 2
0 1 8 4 3500 2
0 1 8 14 3500 2
0 1 7 0 3500 2
0 1 13 5 3500 2
0 1 4 11 3500 2
0 1 15 8 3500 2
0 1 15 6 3500 2
0 1 14 6 3500 2
0 1 14 15 3500 2
0 1 14 2 3500 2
0 1 14 15 3500 2
0 1 13 8 3500 2
0 1 13 10 3500 2
0 1 11 2 3500 2
0 1 13 12 3500 2
0 1 13 6 3500 2
0 1 13 1 3500 2
0 1 12 14 3500 2
0 1 12 10 3500 2
0 1 12 15 3500 2
0 1 12 6 3500 2
0 1 12 9 3500 2
0 1 4 12 3500 2
0 1 5 13 3500 2
0 1 4 7 3500 2
0 1 4 10 3500 2
0 1 4 3 3500 2
0 1 4 11 3500 2
0 1 4 6 3500 2
0 1 4 6 3500 2
0 1 4 9 3500 2
0 1 4 11 3500 2
0 1 7 8 3500 2
0 1 4 14 3500 2
0 1 4 5 3500 2
0 1 4 0 3500 2
0 1 4 11 3500 2
0 1 4 15 3500 2
0 1 4 14 3500 2
0 1 4 8 3500 2
0 1 7 6 3500 2
0 1 5 11 3500 2
0 1 5 5 3500 2
0 1 7 15 3500 2
0 1 7 8 3500 2
0 1 6 0 3500 2
0 1 6 1 3500 2
0 1 6 9 3500 2
0 1 6 14 3500 2
0 1 5 11 3500 2
0 1 5 8 3500 2
0 1 5 0 3500 2
0 1 5 13 3500 2
0 1 5 1 3500 2
0 1 5 2 3500 2
0 1 5 6 3500 2
0 1 5 0 3500 2
0 1 5 15 3500 2
0 1 5 14 3500 2
0 1 12 15 4000 2
0 1 12 13 4000 2
0 1 11 5 4000 2
0 1 11 11 4000 2
0 1 11 9 4000 2
0 1 11 3 4000 2
0 1 11 11 4000 2
0 1 10 3 4000 2
0 1 10 15 4000 2
0 1 10 1 4000 2
0 1 10 9 4000 2
0 1 10 4 4000 2
0 1 10 13 4000 2
0 1 9 12 4000 2
0 1 8 7 4000 2
0 1 8 2 4000 2
0 1 8 11 4000 2
0 1 8 12 4000 2
0 1 13 3 4000 2
0 1 8 10 4000 2
0 1 15 11 4000 2
0 1 15 0 4000 2
0 1 15 8 4000 2
0 1 14 12 4000 2
0 1 14 5 4000 2
0 1 14 1 4000 2
0 1 13 4 4000 2
0 1 12 14 4000 2
0 1 13 6 4000 2
0 1 13 2 4000 2
0 1 13 10 4000 2
0 1 13 7 4000 2
0 1 13 9 4000 2
0 1 12 8 4000 2
0 1 12 12 4000 2
0 1 12 5 4000 2
0 1 4 9 4000 2
0 1 5 13 4000 2
0 1 5 13 4000 2
0 1 5 6 4000 2
0 1 5 11 4000 2
0 1 5 8 4000 2
0 1 5 11 4000 2
0 1 4 13 4000 2
0 1 4 10 4000 2
0 1 4 6 4000 2
0 1 8 15 4000 2
0 1 4 11 4000 2
0 1 4 2 4000 2
0 1 4 10 4000 2
0 1 4 0 4000 2
0 1 4 8 4000 2
0 1 4 11 4000 2
0 1 4 5 4000 2
0 1 4 8 4000 2
0 1 5 3 4000 2
0 1 5 2 4000 2
0 1 7 2 4000 2
0 1 7 1 4000 2
0 1 7 8 4000 2
0 1 7 15 4000 2
0 1 6 12 4000 2
0 1 6 6 4000 2
0 1 6 7 4000 2
0 1 6 4 4000 2
0 1 6 10 4000 2
0 1 5 4 4000 2
0 1 5 2 4000 2
0 1 5 6 4000 2
0 1 5 3 4000 2
0 1 6 8 4000 2
0 1 6 1 4000 2
0 1 11 1 4500 2
0 1 11 9 4500 2
0 1 11 8 4500 2
0 1 11 2 4500 2
0 1 10 14 4500 2
0 1 10 1 4500 2
0 1 10 7 4500 2
0 1 10 9 4500 2
0 1 9 4 4500 2
0 1 9 4 4500 2
0 1 9 3 4500 2
0 1 8 13 4500 2
0 1 8 8 4500 2
0 1 8 1 4500 2
0 1 8 13 4500 2
0 1 8 4 4500 2
0 1 7 11 4500 2
0 1 7 8 4500 2
0 1 13 3 4500 2
0 1 4 14 4500 2
0 1 15 3 4500 2
0 1 15 14 4500 2
0 1 15 10 4500 2
0 1 14 12 4500 2
0 1 14 5 4500 2
0 1 14 3 4500 2
0 1 13 4 4500 2
0 1 13 14 4500 2
0 1 12 1 4500 2
0 1 13 7 4500 2
0 1 13 11 4500 2
0 1 13 1 4500 2
0 1 12 8 4500 2
0 1 12 12 4500 2
0 1 12 0 4500 2
0 1 12 10 4500 2
0 1 12 15 4500 2
0 1 4 13 4500 2
0 1 5 11 4500 2
0 1 4 13 4500 2
0 1 4 3 4500 2
0 1 4 4 4500 2
0 1 4 9 4500 2
0 1 4 2 4500 2
0 1 4 3 4500 2
0 1 4 5 4500 2
0 1 4 2 4500 2
0 1 7 8 4500 2
0 1 4 12 4500 2
0 1 4 6 4500 2
0 1 4 3 4500 2
0 1 4 3 4500 2
0 1 4 10 4500 2
0 1 4 13 4500 2
0 1 4 1 4500 2
0 1 7 10 4500 2
0 1 5 0 4500 2
0 1 5 11 4500 2
0 1 7 8 4500 2
0 1 6 10 4500 2
0 1 6 4 4500 2
0 1 6 3 4500 2
0 1 6 14 4500 2
0 1 5 11 4500 2
0 1 5 12 4500 2
0 1 5 12 4500 2
0 1 5 7 4500 2
0 1 5 14 4500 2
0 1 5 0 4500 2
0 1 5 9 4500 2
0 1 5 9 4500 2
0 1 5 14 4500 2
0 1 5 9 4500 2
0 1 10 6 5000 2
0 1 10 4 5000 2
0 1 10 12 5000 2
0 1 11 3 5000 2
0 1 11 4 5000 2
0 1 11 15 5000 2
0 1 11 1 5000 2
0 1 11 6 5000 2
0 1 11 8 5000 2
0 1 10 13 5000 2
0 1 9 5 5000 2
0 1 8 1 5000 2
0 1 8 4 5000 2
0 1 6 15 5000 2
0 1 8 5 5000 2
0 1 7 7 5000 2
0 1 7 14 5000 2
0 1 7 11 5000 2
0 1 13 2 5000 2
0 1 15 11 5000 2
0 1 15 4 5000 2
0 1 14 8 5000 2
0 1 14 2 5000 2
0 1 14 3 5000 2
0 1 14 15 5000 2
0 1 13 5 5000 2
0 1 13 13 5000 2
0 1 12 4 5000 2
0 1 13 15 5000 2
0 1 13 6 5000 2
0 1 13 6 5000 2
0 1 13 6 5000 2
0 1 12 14 5000 2
0 1 12 5 5000 2
0 1 12 4 5000 2
0 1 12 4 5000 2
0 1 4 8 5000 2
0 1 4 3 5000 2
0 1 4 12 5000 2
0 1 4 15 5000 2
0 1 4 14 5000 2
0 1 4 6 5000 2
0 1 4 11 5000 2
0 1 4 1 5000 2
0 1 4 6 5000 2
0 1 6 5 5000 2
0 1 4 8 5000 2
0 1 4 15 5000 2
0 1 4 4 5000 2
0 1 4 11 5000 2
0 1 4 14 5000 2
0 1 4 9 5000 2
0 1 4 13 5000 2
0 1 7 9 5000 2
0 1 5 0 5000 2
0 1 5 11 5000 2
0 1 6 10 5000 2
0 1 6 5 5000 2
0 1 6 13 5000 2
0 1 6 9 5000 2
0 1 5 7 5000 2
0 1 5 8 5000 2
0 1 5 14 5000 2
0 1 5 7 5000 2
0 1 5 15 5000 2
0 1 5 5 5000 2
0 1 5 6 5000 2
0 1 5 14 5000 2
0 1 5 8 5000 2
0 1 5 12 5000 2
0 1 5 13 5000 2
0 1 11 4 5500 2
0 1 11 2 5500 2
0 1 11 1 5500 2
0 1 11 4 5500 2
0 1 10 6 5500 2
0 1 10 0 5500 2
0 1 10 2 5500 2
0 1 10 11 5500 2
0 1 9 2 5500 2
0 1 9 2 5500 2
0 1 8 2 5500 2
0 1 8 0 5500 2
0 1 8 6 5500 2
0 1 8 9 5500 2
0 1 7 9 5500 2
0 1 7 14 5500 2
0 1 7 12 5500 2
0 1 13 7 5500 2
0 1 7 4 5500 2
0 1 15 12 5500 2
0 1 15 10 5500 2
0 1 15 1 5500 2
0 1 14 13 5500 2
0 1 14 1 5500 2
0 1 14 5 5500 2
0 1 13 5 5500 2
0 1 12 9 5500 2
0 1 13 9 5500 2
0 1 13 7 5500 2
0 1 13 14 5500 2
0 1 13 10 5500 2
0 1 12 12 5500 2
0 1 12 14 5500 2
0 1 12 12 5500 2
0 1 4 11 5500 2
0 1 5 2 5500 2
0 1 5 11 5500 2
0 1 4 0 5500 2
0 1 4 15 5500 2
0 1 4 1 5500 2
0 1 4 11 5500 2
0 1 4 13 5500 2
0 1 4 1 5500 2
0 1 7 6 5500 2
0 1 4 7 5500 2
0 1 4 13 5500 2
0 1 4 13 5500 2
0 1 4 0 5500 2
0 1 4 8 5500 2
0 1 4 3 5500 2
0 1 4 11 5500 2
0 1 4 5 5500 2
0 1 5 0 5500 2
0 1 5 11 5500 2
0 1 6 6 5500 2
0 1 6 13 5500 2
0 1 6 7 5500 2
0 1 6 6 5500 2
0 1 6 14 5500 2
0 1 6 9 5500 2
0 1 5 4 5500 2
0 1 5 13 5500 2
0 1 5 8 5500 2
0 1 5 9 5500 2
0 1 5 5 5500 2
0 1 5 15 5500 2
0 1 5 6 5500 2
0 1 5 1 5500 2
0 1 11 10 6000 2
0 1 6 3 6000 2
0 1 11 15 6000 2
0 1 11 12 6000 2
0 1 11 0 6000 2
0 1 10 3 6000 2
0 1 10 0 6000 2
0 1 10 12 6000 2
0 1 9 4 6000 2
0 1 9 4 6000 2
0 1 8 4 6000 2
0 1 8 3 6000 2
0 1 8 12 6000 2
0 1 8 0 6000 2
0 1 7 10 6000 2
0 1 7 8 6000 2
0 1 7 5 6000 2
0 1 7 3 6000 2
0 1 13 7 6000 2
0 1 15 0 6000 2
0 1 4 9 6000 2
0 1 15 2 6000 2
0 1 14 0 6000 2
0 1 14 12 6000 2
0 1 14 13 6000 2
0 1 13 2 6000 2
0 1 13 6 6000 2
0 1 11 9 6000 2
0 1 13 4 6000 2
0 1 13 7 6000 2
0 1 13 6 6000 2
0 1 12 4 6000 2
0 1 12 8 6000 2
0 1 12 0 6000 2
0 1 12 4 6000 2
0 1 12 14 6000 2
0 1 4 8 6000 2
0 1 5 15 6000 2
0 1 5 14 6000 2
0 1 4 10 6000 2
0 1 4 15 6000 2
0 1 4 3 6000 2
0 1 4 15 6000 2
0 1 4 0 6000 2
0 1 4 4 6000 2
0 1 6 3 6000 2
0 1 4 5 6000 2
0 1 4 15 6000 2
0 1 4 7 6000 2
0 1 4 14 6000 2
0 1 4 10 6000 2
0 1 4 3 6000 2
0 1 4 14 6000 2
0 1 4 4 6000 2
0 1 5 15 6000 2
0 1 5 8 6000 2
0 1 6 14 6000 2
0 1 6 10 6000 2
0 1 6 14 6000 2
0 1 6 15 6000 2
0 1 5 14 6000 2
0 1 5 10 6000 2
0 1 5 11 6000 2
0 1 5 8 6000 2
0 1 5 6 6000 2
0 1 5 3 6000 2
0 1 5 0 6000 2
0 1 5 3 6000 2
0 1 5 10 6000 2
0 1 5 9 6000 2
0 1 5 12 6000 2
0 1 5 3 6000 2
0 1 12 9 6500 2
0 1 12 10 6500 2
0 1 11 5 6500 2
0 1 11 4 6500 2
0 1 11 4 6500 2
0 1 11 3 6500 2
0 1 10 12 6500 2
0 1 10 7 6500 2
0 1 10 1 6500 2
0 1 10 14 6500 2
0 1 9 12 6500 2
0 1 9 11 6500 2
0 1 8 9 6500 2
0 1 8 10 6500 2
0 1 8 12 6500 2
0 1 8 5 6500 2
0 1 8 8 6500 2
0 1 13 5 6500 2
0 1 11 9 6500 2
0 1 15 12 6500 2
0 1 15 7 6500 2
0 1 14 12 6500 2
0 1 14 7 6500 2
0 1 14 0 6500 2
0 1 14 1 6500 2
0 1 14 0 6500 2
0 1 12 10 6500 2
0 1 13 15 6500 2
0 1 13 4 6500 2
0 1 13 2 6500 2
0 1 13 2 6500 2
0 1 13 11 6500 2
0 1 12 13 6500 2
0 1 12 3 6500 2
0 1 4 11 6500 2
0 1 5 6 6500 2
0 1 4 3 6500 2
0 1 4 15 6500 2
0 1 4 6 6500 2
0 1 4 9 6500 2
0 1 4 14 6500 2
0 1 4 2 6500 2
0 1 4 5 6500 2
0 1 7 2 6500 2
0 1 4 13 6500 2
0 1 4 8 6500 2
0 1 4 1 6500 2
0 1 4 13 6500 2
0 1 4 1 6500 2
0 1 4 0 6500 2
0 1 4 5 6500 2
0 1 7 3 6500 2
0 1 5 1 6500 2
0 1 5 1 6500 2
0 1 7 8 6500 2
0 1 7 4 6500 2
0 1 6 10 6500 2
0 1 6 6 6500 2
0 1 6 12 6500 2
0 1 6 2 6500 2
0 1 5 12 6500 2
0 1 5 14 6500 2
0 1 5 0 6500 2
0 1 5 7 6500 2
0 1 4 10 6500 2
0 1 5 10 6500 2
0 1 5 5 6500 2
0 1 5 11 6500 2
0 1 5 12 6500 2
0 1 11 4 7000 2
0 1 11 1 7000 2
0 1 11 9 7000 2
0 1 11 12 7000 2
0 1 11 1 7000 2
0 1 11 11 7000 2
0 1 10 3 7000 2
0 1 10 0 7000 2
0 1 10 7 7000 2
0 1 10 10 7000 2
0 1 9 0 7000 2
0 1 9 15 7000 2
0 1 8 6 7000 2
0 1 8 7 7000 2
0 1 8 12 7000 2
0 1 8 4 7000 2
0 1 8 14 7000 2
0 1 7 4 7000 2
0 1 13 5 7000 2
0 1 15 6 7000 2
0 1 15 8 7000 2
0 1 15 0 7000 2
0 1 15 9 7000 2
0 1 14 4 7000 2
0 1 14 5 7000 2
0 1 14 10 7000 2
0 1 13 12 7000 2
0 1 12 2 7000 2
0 1 13 0 7000 2
0 1 13 0 7000 2
0 1 13 10 7000 2
0 1 12 8 7000 2
0 1 12 9 7000 2
0 1 12 0 7000 2
0 1 12 8 7000 2
0 1 12 12 7000 2
0 1 4 2 7000 2
0 1 5 10 7000 2
0 1 5 10 7000 2
0 1 5 12 7000 2
0 1 4 5 7000 2
0 1 4 7 7000 2
0 1 4 2 7000 2
0 1 4 13 7000 2
0 1 4 7 7000 2
0 1 4 11 7000 2
0 1 4 8 7000 2
0 1 4 5 7000 2
0 1 4 14 7000 2
0 1 4 9 7000 2
0 1 4 0 7000 2
0 1 4 8 7000 2
0 1 4 1 7000 2
0 1 7 0 7000 2
0 1 5 10 7000 2
0 1 7 5 7000 2
0 1 7 7 7000 2
0 1 7 11 7000 2
0 1 7 12 7000 2
0 1 6 8 7000 2
0 1 6 14 7000 2
0 1 6 10 7000 2
0 1 6 14 7000 2
0 1 5 15 7000 2
0 1 5 6 7000 2
0 1 5 11 7000 2
0 1 5 11 7000 2
0 1 5 7 7000 2
0 1 5 4 7000 2
0 1 5 0 7000 2
0 1 5 13 7000 2
0 1 5 1 7000 2
0 1 10 2 7500 2
0 1 12 10 7500 2
0 1 12 4 7500 2
0 1 12 8 7500 2
0 1 11 2 7500 2
0 1 11 1 7500 2
0 1 11 8 7500 2
0 1 11 6 7500 2
0 1 11 7 7500 2
0 1 8 1 7500 2
0 1 10 6 7500 2
0 1 10 11 7500 2
0 1 10 7 7500 2
0 1 10 5 7500 2
0 1 8 7 7500 2
0 1 8 4 7500 2
0 1 8 11 7500 2
0 1 14 2 7500 2
0 1 8 0 7500 2
0 1 15 6 7500 2
0 1 15 7 7500 2
0 1 15 9 7500 2
0 1 15 7 7500 2
0 1 14 1 7500 2
0 1 14 14 7500 2
0 1 14 13 7500 2
0 1 12 5 7500 2
0 1 14 14 7500 2
0 1 13 7 7500 2
0 1 13 12 7500 2
0 1 13 2 7500 2
0 1 13 6 7500 2
0 1 13 10 7500 2
0 1 13 3 7500 2
0 1 4 7 7500 2
0 1 5 5 7500 2
0 1 5 10 7500 2
0 1 5 4 7500 2
0 1 5 7 7500 2
0 1 5 14 7500 2
0 1 4 6 7500 2
0 1 4 11 7500 2
0 1 4 14 7500 2
0 1 7 14 7500 2
0 1 4 4 7500 2
0 1 4 1 7500 2
0 1 4 14 7500 2
0 1 4 15 7500 2
0 1 4 8 7500 2
0 1 4 7 7500 2
0 1 4 9 7500 2
0 1 7 6 7500 2
0 1 5 7 7500 2
0 1 5 11 7500 2
0 1 7 11 7500 2
0 1 7 3 7500 2
0 1 6 3 7500 2
0 1 6 6 7500 2
0 1 6 13 7500 2
0 1 6 2 7500 2
0 1 6 9 7500 2
0 1 6 12 7500 2
0 1 5 2 7500 2
0 1 5 11 7500 2
0 1 5 8 7500 2
0 1 5 4 7500 2
0 1 5 15 7500 2
0 1 5 12 7500 2
0 1 11 11 8000 2
0 1 10 1 8000 2
0 1 10 9 8000 2
0 1 10 12 8000 2
0 1 10 4 8000 2
0 1 9 12 8000 2
0 1 9 3 8000 2
0 1 8 4 8000 2
0 1 8 9 8000 2
0 1 8 8 8000 2
0 1 8 8 8000 2
0 1 8 1 8000 2
0 1 7 1 8000 2
0 1 7 13 8000 2
0 1 7 5 8000 2
0 1 7 10 8000 2
0 1 7 8 8000 2
0 1 6 11 8000 2
0 1 13 11 8000 2
0 1 15 14 8000 2
0 1 15 1 8000 2
0 1 15 1 8000 2
0 1 14 2 8000 2
0 1 14 1 8000 2
0 1 14 9 8000 2
0 1 13 5 8000 2
0 1 13 14 8000 2
0 1 13 14 8000 2
0 1 11 13 8000 2
0 1 13 11 8000 2
0 1 13 3 8000 2
0 1 12 4 8000 2
0 1 12 9 8000 2
0 1 12 15 8000 2
0 1 12 9 8000 2
0 1 11 0 8000 2
0 1 11 12 8000 2
0 1 4 6 8000 2
0 1 4 2 8000 2
0 1 4 9 8000 2
0 1 4 6 8000 2
0 1 4 6 8000 2
0 1 4 4 8000 2
0 1 4 9 8000 2
0 1 4 9 8000 2
0 1 4 12 8000 2
0 1 4 7 8000 2
0 1 6 1 8000 2
0 1 4 13 8000 2
0 1 4 13 8000 2
0 1 4 13 8000 2
0 1 4 2 8000 2
0 1 4 13 8000 2
0 1 4 15 8000 2
0 1 4 2 8000 2
0 1 6 6 8000 2
0 1 4 13 8000 2
0 1 4 6 8000 2
0 1 6 11 8000 2
0 1 6 8 8000 2
0 1 5 7 8000 2
0 1 5 0 8000 2
0 1 5 13 8000 2
0 1 5 10 8000 2
0 1 5 2 8000 2
0 1 5 7 8000 2
0 1 5 11 8000 2
0 1 5 3 8000 2
0 1 5 8 8000 2
0 1 5 14 8000 2
0 1 5 4 8000 2
0 1 5 7 8000 2
0 1 5 8 8000 2
0 1 5 6 8000 2
0 1 11 15 8500 2
0 1 11 0 8500 2
0 1 11 9 8500 2
0 1 11 11 8500 2
0 1 11 7 8500 2
0 1 11 6 8500 2
0 1 11 13 8500 2
0 1 10 7 8500 2
0 1 10 12 8500 2
0 1 10 10 8500 2
0 1 9 8 8500 2
0 1 9 8 8500 2
0 1 8 2 8500 2
0 1 8 7 8500 2
0 1 8 5 8500 2
0 1 8 0 8500 2
0 1 8 6 8500 2
0 1 7 12 8500 2
0 1 13 11 8500 2
0 1 7 0 8500 2
0 1 15 3 8500 2
0 1 15 4 8500 2
0 1 14 9 8500 2
0 1 14 8 8500 2
0 1 14 4 8500 2
0 1 14 10 8500 2
0 1 14 8 8500 2
0 1 11 15 8500 2
0 1 13 1 8500 2
0 1 13 10 8500 2
0 1 13 0 8500 2
0 1 13 9 8500 2
0 1 12 14 8500 2
0 1 12 12 8500 2
0 1 12 8 8500 2
0 1 12 5 8500 2
0 1 4 12 8500 2
0 1 5 7 8500 2
0 1 5 3 8500 2
0 1 4 12 8500 2
0 1 4 2 8500 2
0 1 4 2 8500 2
0 1 4 4 8500 2
0 1 4 11 8500 2
0 1 4 0 8500 2
0 1 4 6 8500 2
0 1 7 0 8500 2
0 1 4 10 8500 2
0 1 4 0 8500 2
0 1 4 14 8500 2
0 1 4 5 8500 2
0 1 4 13 8500 2
0 1 4 11 8500 2
0 1 4 8 8500 2
0 1 4 3 8500 2
0 1 5 12 8500 2
0 1 5 15 8500 2
0 1 7 8 8500 2
0 1 6 7 8500 2
0 1 6 10 8500 2
0 1 6 2 8500 2
0 1 6 14 8500 2
0 1 6 2 8500 2
0 1 5 3 8500 2
0 1 5 1 8500 2
0 1 5 1 8500 2
0 1 5 2 8500 2
0 1 5 5 8500 2
0 1 5 3 8500 2
0 1 5 9 8500 2
0 1 5 9 8500 2
0 1 5 10 8500 2
0 1 9 12 9000 2
0 1 10 15 9000 2
0 1 10 4 9000 2
0 1 10 9 9000 2
0 1 10 0 9000 2
0 1 10 1 9000 2
0 1 11 5 9000 2
0 1 11 10 9000 2
0 1 11 13 9000 2
0 1 9 10 9000 2
0 1 8 14 9000 2
0 1 8 5 9000 2
0 1 8 13 9000 2
0 1 7 6 9000 2
0 1 8 1 9000 2
0 1 8 6 9000 2
0 1 7 1 9000 2
0 1 6 6 9000 2
0 1 13 9 9000 2
0 1 15 6 9000 2
0 1 15 7 9000 2
0 1 15 14 9000 2
0 1 14 0 9000 2
0 1 14 8 9000 2
0 1 14 10 9000 2
0 1 14 11 9000 2
0 1 14 1 9000 2
0 1 13 14 9000 2
0 1 11 4 9000 2
0 1 13 0 9000 2
0 1 13 4 9000 2
0 1 13 7 9000 2
0 1 12 9 9000 2
0 1 12 1 9000 2
0 1 12 0 9000 2
0 1 12 4 9000 2
0 1 12 12 9000 2
0 1 4 15 9000 2
0 1 5 1 9000 2
0 1 5 4 9000 2
0 1 5 0 9000 2
0 1 5 8 9000 2
0 1 4 11 9000 2
0 1 4 12 9000 2
0 1 4 4 9000 2
0 1 4 6 9000 2
0 1 4 2 9000 2
0 1 7 9 9000 2
0 1 4 9 9000 2
0 1 4 15 9000 2
0 1 4 3 9000 2
0 1 4 10 9000 2
0 1 4 10 9000 2
0 1 4 10 9000 2
0 1 4 0 9000 2
0 1 7 6 9000 2
0 1 5 4 9000 2
0 1 5 13 9000 2
0 1 7 6 9000 2
0 1 6 6 9000 2
0 1 6 14 9000 2
0 1 6 0 9000 2
0 1 6 11 9000 2
0 1 6 10 9000 2
0 1 5 8 9000 2
0 1 5 11 9000 2
0 1 5 14 9000 2
0 1 5 4 9000 2
0 1 5 15 9000 2
0 1 5 1 9000 2
0 1 5 5 9000 2
0 1 5 2 9000 2
0 1 5 9 9000 2
0 1 11 15 9500 2
0 1 11 4 9500 2
0 1 11 4 9500 2
0 1 10 15 9500 2
0 1 10 4 9500 2
0 1 10 13 9500 2
0 1 10 8 9500 2
0 1 10 8 9500 2
0 1 9 3 9500 2
0 1 9 1 9500 2
0 1 8 4 9500 2
0 1 8 8 9500 2
0 1 8 4 9500 2
0 1 7 3 9500 2
0 1 7 15 9500 2
0 1 7 8 9500 2
0 1 7 1 9500 2
0 1 13 8 9500 2
0 1 15 4 9500 2
0 1 15 8 9500 2
0 1 15 10 9500 2
0 1 14 3 9500 2
0 1 14 12 9500 2
0 1 13 2 9500 2
0 1 13 15 9500 2
0 1 13 7 9500 2
0 1 11 12 9500 2
0 1 13 14 9500 2
0 1 13 8 9500 2
0 1 12 5 9500 2
0 1 12 1 9500 2
0 1 12 13 9500 2
0 1 12 6 9500 2
0 1 12 5 9500 2
0 1 4 0 9500 2
0 1 4 4 9500 2
0 1 4 7 9500 2
0 1 4 7 9500 2
0 1 4 6 9500 2
0 1 4 4 9500 2
0 1 4 2 9500 2
0 1 4 1 9500 2
0 1 4 5 9500 2
0 1 6 6 9500 2
0 1 4 3 9500 2
0 1 4 8 9500 2
0 1 4 1 9500 2
0 1 4 13 9500 2
0 1 4 15 9500 2
0 1 4 3 9500 2
0 1 7 2 9500 2
0 1 4 6 9500 2
0 1 4 7 9500 2
0 1 6 12 9500 2
0 1 6 8 9500 2
0 1 6 4 9500 2
0 1 6 12 9500 2
0 1 5 4 9500 2
0 1 5 8 9500 2
0 1 5 15 9500 2
0 1 5 11 9500 2
0 1 5 7 9500 2
0 1 5 6 9500 2
0 1 5 3 9500 2
0 1 5 9 9500 2
0 1 5 1 9500 2
0 1 5 15 9500 2
0 1 11 7 10000 2
0 1 11 6 10000 2
0 1 11 4 10000 2
0 1 10 8 10000 2
0 1 10 13 10000 2
0 1 10 10 10000 2
0 1 10 2 10000 2
0 1 9 12 10000 2
0 1 9 2 10000 2
0 1 8 8 10000 2
0 1 8 13 10000 2
0 1 8 4 10000 2
0 1 8 12 10000 2
0 1 8 1 10000 2
0 1 8 9 10000 2
0 1 7 8 10000 2
0 1 7 1 10000 2
0 1 13 6 10000 2
0 1 15 1 10000 2
0 1 15 13 10000 2
0 1 4 5 10000 2
0 1 14 13 10000 2
0 1 14 2 10000 2
0 1 14 13 10000 2
0 1 13 14 10000 2
0 1 13 12 10000 2
0 1 11 11 10000 2
0 1 13 7 10000 2
0 1 13 4 10000 2
0 1 12 11 10000 2
0 1 12 11 10000 2
0 1 12 12 10000 2
0 1 12 6 10000 2
0 1 12 10 10000 2
0 1 4 10 10000 2
0 1 5 6 10000 2
0 1 5 5 10000 2
0 1 4 10 10000 2
0 1 4 11 10000 2
0 1 4 3 10000 2
0 1 4 14 10000 2
0 1 4 7 10000 2
0 1 4 9 10000 2
0 1 7 11 10000 2
0 1 4 4 10000 2
0 1 4 10 10000 2
0 1 4 5 10000 2
0 1 4 13 10000 2
0 1 4 14 10000 2
0 1 4 8 10000 2
0 1 4 2 10000 2
0 1 7 15 10000 2
0 1 5 9 10000 2
0 1 5 1 10000 2
0 1 6 6 10000 2
0 1 6 5 10000 2
0 1 6 6 10000 2
0 1 6 10 10000 2
0 1 5 7 10000 2
0 1 5 13 10000 2
0 1 5 6 10000 2
0 1 5 9 10000 2
0 1 5 4 10000 2
0 1 5 5 10000 2
0 1 5 8 10000 2
0 1 5 2 10000 2
0 1 5 1 10000 2
0 1 5 13 10000 2
0 1 11 0 10500 2
0 1 11 12 10500 2
0 1 11 14 10500 2
0 1 11 12 10500 2
0 1 10 7 10500 2
0 1 10 14 10500 2
0 1 10 11 10500 2
0 1 10 9 10500 2
0 1 9 9 10500 2
0 1 9 5 10500 2
0 1 8 13 10500 2
0 1 8 6 10500 2
0 1 8 15 10500 2
0 1 8 8 10500 2
0 1 8 2 10500 2
0 1 7 8 10500 2
0 1 7 9 10500 2
0 1 15 9 10500 2
0 1 7 8 10500 2
0 1 13 2 10500 2
0 1 15 10 10500 2
0 1 15 15 10500 2
0 1 14 7 10500 2
0 1 14 3 10500 2
0 1 14 13 10500 2
0 1 14 2 10500 2
0 1 14 5 10500 2
0 1 13 10 10500 2
0 1 13 11 10500 2
0 1 11 0 10500 2
0 1 13 11 10500 2
0 1 13 14 10500 2
0 1 13 13 10500 2
0 1 13 13 10500 2
0 1 12 5 10500 2
0 1 12 15 10500 2
0 1 12 11 10500 2
0 1 12 13 10500 2
0 1 4 1 10500 2
0 1 4 6 10500 2
0 1 4 5 10500 2
0 1 4 3 10500 2
0 1 4 0 10500 2
0 1 4 1 10500 2
0 1 4 15 10500 2
0 1 4 2 10500 2
0 1 4 4 10500 2
0 1 4 14 10500 2
0 1 6 1 10500 2
0 1 4 9 10500 2
0 1 4 11 10500 2
0 1 4 2 10500 2
0 1 4 8 10500 2
0 1 4 7 10500 2
0 1 4 13 10500 2
0 1 4 4 10500 2
0 1 4 15 10500 2
0 1 7 6 10500 2
0 1 5 6 10500 2
0 1 5 10 10500 2
0 1 6 5 10500 2
0 1 6 0 10500 2
0 1 6 1 10500 2
0 1 6 1 10500 2
0 1 5 7 10500 2
0 1 5 11 10500 2
0 1 5 14 10500 2
0 1 5 13 10500 2
0 1 5 4 10500 2
0 1 5 7 10500 2
0 1 5 8 10500 2
0 1 5 0 10500 2
0 1 5 7 10500 2
0 1 5 14 10500 2
0 1 5 13 10500 2
0 1 5 12 10500 2
0 1 10 12 11000 2
0 1 10 10 11000 2
0 1 10 15 11000 2
0 1 10 2 11000 2
0 1 9 11 11000 2
0 1 9 1 11000 2
0 1 8 3 11000 2
0 1 8 3 11000 2
0 1 8 14 11000 2
0 1 8 10 11000 2
0 1 8 13 11000 2
0 1 7 11 11000 2
0 1 7 3 11000 2
0 1 7 7 11000 2
0 1 7 6 11000 2
0 1 6 8 11000 2
0 1 7 6 11000 2
0 1 7 0 11000 2
0 1 12 3 11000 2
0 1 15 10 11000 2
0 1 14 1 11000 2
0 1 14 15 11000 2
0 1 13 15 11000 2
0 1 13 3 11000 2
0 1 13 9 11000 2
0 1 13 0 11000 2
0 1 13 0 11000 2
0 1 10 7 11000 2
0 1 12 11 11000 2
0 1 12 11 11000 2
0 1 12 13 11000 2
0 1 11 3 11000 2
0 1 11 12 11000 2
0 1 11 8 11000 2
0 1 11 6 11000 2
0 1 10 11 11000 2
0 1 4 8 11000 2
0 1 4 14 11000 2
0 1 4 3 11000 2
0 1 4 9 11000 2
0 1 4 4 11000 2
0 1 4 14 11000 2
0 1 4 4 11000 2
0 1 4 4 11000 2
0 1 4 13 11000 2
0 1 6 0 11000 2
0 1 4 5 11000 2
0 1 4 0 11000 2
0 1 4 6 11000 2
0 1 4 13 11000 2
0 1 4 8 11000 2
0 1 4 14 11000 2
0 1 4 11 11000 2
0 1 4 0 11000 2
0 1 5 11 11000 2
0 1 4 2 11000 2
0 1 6 11 11000 2
0 1 6 12 11000 2
0 1 6 5 11000 2
0 1 5 3 11000 2
0 1 5 5 11000 2
0 1 5 12 11000 2
0 1 5 14 11000 2
0 1 5 13 11000 2
0 1 5 8 11000 2
0 1 5 1 11000 2
0 1 5 11 11000 2
0 1 5 15 11000 2
0 1 5 15 11000 2
0 1 5 8 11000 2
0 1 5 9 11000 2
0 1 11 12 11500 2
0 1 11 9 11500 2
0 1 11 0 11500 2
0 1 10 0 11500 2
0 1 10 6 11500 2
0 1 10 9 11500 2
0 1 10 9 11500 2
0 1 9 13 11500 2
0 1 9 3 11500 2
0 1 8 8 11500 2
0 1 8 13 11500 2
0 1 8 14 11500 2
0 1 8 9 11500 2
0 1 7 15 11500 2
0 1 7 6 11500 2
0 1 7 5 11500 2
0 1 7 15 11500 2
0 1 13 9 11500 2
0 1 15 15 11500 2
0 1 15 10 11500 2
0 1 14 14 11500 2
0 1 14 12 11500 2
0 1 14 0 11500 2
0 1 13 2 11500 2
0 1 13 4 11500 2
0 1 13 13 11500 2
0 1 11 7 11500 2
0 1 13 6 11500 2
0 1 12 11 11500 2
0 1 12 8 11500 2
0 1 12 2 11500 2
0 1 11 12 11500 2
0 1 11 5 11500 2
0 1 11 3 11500 2
0 1 4 11 11500 2
0 1 4 12 11500 2
0 1 4 3 11500 2
0 1 4 13 11500 2
0 1 4 11 11500 2
0 1 4 8 11500 2
0 1 4 1 11500 2
0 1 4 2 11500 2
0 1 4 12 11500 2
0 1 6 11 11500 2
0 1 4 4 11500 2
0 1 4 15 11500 2
0 1 4 5 11500 2
0 1 4 13 11500 2
0 1 4 3 11500 2
0 1 4 12 11500 2
0 1 4 3 11500 2
0 1 6 6 11500 2
0 1 4 12 11500 2
0 1 4 14 11500 2
0 1 6 14 11500 2
0 1 6 1 11500 2
0 1 6 6 11500 2
0 1 5 12 11500 2
0 1 5 13 11500 2
0 1 5 9 11500 2
0 1 5 12 11500 2
0 1 5 0 11500 2
0 1 5 14 11500 2
0 1 5 9 11500 2
0 1 5 11 11500 2
0 1 5 15 11500 2
0 1 5 1 11500 2
0 1 5 0 11500 2
0 1 11 5 12000 2
0 1 11 12 12000 2
0 1 11 12 12000 2
0 1 10 5 12000 2
0 1 10 3 12000 2
0 1 10 2 12000 2
0 1 10 2 12000 2
0 1 10 12 12000 2
0 1 9 8 12000 2
0 1 9 10 12000 2
0 1 8 8 12000 2
0 1 8 10 12000 2
0 1 8 1 12000 2
0 1 8 1 12000 2
0 1 8 13 12000 2
0 1 7 11 12000 2
0 1 7 7 12000 2
0 1 7 15 12000 2
0 1 13 13 12000 2
0 1 15 10 12000 2
0 1 15 9 12000 2
0 1 14 6 12000 2
0 1 14 6 12000 2
0 1 14 9 12000 2
0 1 13 14 12000 2
0 1 13 13 12000 2
0 1 13 9 12000 2
0 1 11 10 12000 2
0 1 13 10 12000 2
0 1 13 5 12000 2
0 1 12 0 12000 2
0 1 12 12 12000 2
0 1 12 4 12000 2
0 1 12 15 12000 2
0 1 12 8 12000 2
0 1 11 4 12000 2
0 1 4 5 12000 2
0 1 4 13 12000 2
0 1 4 14 12000 2
0 1 4 1 12000 2
0 1 4 13 12000 2
0 1 4 12 12000 2
0 1 4 0 12000 2
0 1 4 2 12000 2
0 1 4 0 12000 2
0 1 4 8 12000 2
0 1 5 10 12000 2
0 1 4 12 12000 2
0 1 4 11 12000 2
0 1 4 0 12000 2
0 1 4 12 12000 2
0 1 4 10 12000 2
0 1 4 14 12000 2
0 1 7 15 12000 2
0 1 4 11 12000 2
0 1 5 15 12000 2
0 1 6 0 12000 2
0 1 6 8 12000 2
0 1 6 8 12000 2
0 1 6 2 12000 2
0 1 6 13 12000 2
0 1 5 5 12000 2
0 1 5 9 12000 2
0 1 5 7 12000 2
0 1 5 15 12000 2
0 1 5 10 12000 2
0 1 5 4 12000 2
0 1 5 2 12000 2
0 1 5 6 12000 2
0 1 5 14 12000 2
0 1 5 3 12000 2
0 1 5 14 12000 2
0 1 10 0 12500 2
0 1 10 10 12500 2
0 1 9 8 12500 2
0 1 10 6 12500 2
0 1 11 12 12500 2
0 1 10 14 12500 2
0 1 11 15 12500 2
0 1 11 2 12500 2
0 1 11 9 12500 2
0 1 15 8 12500 2
0 1 9 2 12500 2
0 1 8 8 12500 2
0 1 8 8 12500 2
0 1 8 15 12500 2
0 1 8 15 12500 2
0 1 8 9 12500 2
0 1 7 13 12500 2
0 1 7 5 12500 2
0 1 7 13 12500 2
0 1 13 5 12500 2
0 1 4 14 12500 2
0 1 15 14 12500 2
0 1 14 13 12500 2
0 1 14 6 12500 2
0 1 14 7 12500 2
0 1 13 7 12500 2
0 1 13 6 12500 2
0 1 13 6 12500 2
0 1 11 9 12500 2
0 1 13 10 12500 2
0 1 13 13 12500 2
0 1 12 4 12500 2
0 1 12 7 12500 2
0 1 12 7 12500 2
0 1 12 4 12500 2
0 1 12 8 12500 2
0 1 11 14 12500 2
0 1 4 2 12500 2
0 1 5 3 12500 2
0 1 5 8 12500 2
0 1 4 10 12500 2
0 1 4 13 12500 2
0 1 4 1 12500 2
0 1 4 11 12500 2
0 1 4 14 12500 2
0 1 4 5 12500 2
0 1 4 9 12500 2
0 1 7 4 12500 2
0 1 4 2 12500 2
0 1 4 14 12500 2
0 1 4 8 12500 2
0 1 4 2 12500 2
0 1 4 7 12500 2
0 1 4 7 12500 2
0 1 4 1 12500 2
0 1 7 15 12500 2
0 1 5 14 12500 2
0 1 5 10 12500 2
0 1 6 1 12500 2
0 1 6 8 12500 2
0 1 6 7 12500 2
0 1 6 2 12500 2
0 1 6 11 12500 2
0 1 6 9 12500 2
0 1 6 3 12500 2
0 1 5 1 12500 2
0 1 5 10 12500 2
0 1 5 1 12500 2
0 1 5 0 12500 2
0 1 5 5 12500 2
0 1 5 15 12500 2
0 1 5 6 12500 2
0 1 5 0 12500 2
0 1 5 11 12500 2
0 1 10 6 13000 2
0 1 10 1 13000 2
0 1 10 12 13000 2
0 1 10 14 13000 2
0 1 11 2 13000 2
0 1 11 12 13000 2
0 1 11 14 13000 2
0 1 11 1 13000 2
0 1 11 15 13000 2
0 1 10 4 13000 2
0 1 9 11 13000 2
0 1 9 1 13000 2
0 1 8 9 13000 2
0 1 8 10 13000 2
0 1 8 5 13000 2
0 1 8 14 13000 2
0 1 7 2 13000 2
0 1 7 12 13000 2
0 1 13 9 13000 2
0 1 13 11 13000 2
0 1 15 1 13000 2
0 1 15 6 13000 2
0 1 14 5 13000 2
0 1 14 13 13000 2
0 1 14 4 13000 2
0 1 14 2 13000 2
0 1 14 1 13000 2
0 1 13 0 13000 2
0 1 11 0 13000 2
0 1 13 9 13000 2
0 1 13 11 13000 2
0 1 13 14 13000 2
0 1 12 5 13000 2
0 1 12 5 13000 2
0 1 12 15 13000 2
0 1 12 9 13000 2
0 1 11 14 13000 2
0 1 4 3 13000 2
0 1 5 9 13000 2
0 1 5 0 13000 2
0 1 5 12 13000 2
0 1 4 0 13000 2
0 1 4 8 13000 2
0 1 4 11 13000 2
0 1 4 7 13000 2
0 1 4 3 13000 2
0 1 4 4 13000 2
0 1 7 8 13000 2
0 1 4 13 13000 2
0 1 4 1 13000 2
0 1 4 8 13000 2
0 1 4 1 13000 2
0 1 4 7 13000 2
0 1 4 15 13000 2
0 1 4 11 13000 2
0 1 4 14 13000 2
0 1 7 5 13000 2
0 1 5 3 13000 2
0 1 5 10 13000 2
0 1 7 15 13000 2
0 1 6 8 13000 2
0 1 6 11 13000 2
0 1 6 8 13000 2
0 1 6 6 13000 2
0 1 6 8 13000 2
0 1 6 13 13000 2
0 1 6 12 13000 2
0 1 5 11 13000 2
0 1 5 11 13000 2
0 1 5 8 13000 2
0 1 5 0 13000 2
0 1 5 4 13000 2
0 1 5 9 13000 2
0 1 5 5 13000 2
0 1 5 0 13000 2
0 1 11 6 13500 2
0 1 11 0 13500 2
0 1 11 4 13500 2
0 1 11 12 13500 2
0 1 11 3 13500 2
0 1 10 0 13500 2
0 1 10 3 13500 2
0 1 10 8 13500 2
0 1 10 9 13500 2
0 1 10 4 13500 2
0 1 9 9 13500 2
0 1 9 6 13500 2
0 1 8 3 13500 2
0 1 8 4 13500 2
0 1 8 6 13500 2
0 1 8 15 13500 2
0 1 8 12 13500 2
0 1 7 6 13500 2
0 1 7 12 13500 2
0 1 13 6 13500 2
0 1 14 13 13500 2
0 1 15 13 13500 2
0 1 15 2 13500 2
0 1 14 1 13500 2
0 1 14 14 13500 2
0 1 14 10 13500 2
0 1 13 5 13500 2
0 1 13 3 13500 2
0 1 13 14 13500 2
0 1 11 11 13500 2
0 1 13 0 13500 2
0 1 13 11 13500 2
0 1 12 10 13500 2
0 1 12 14 13500 2
0 1 12 11 13500 2
0 1 12 9 13500 2
0 1 12 6 13500 2
0 1 12 12 13500 2
0 1 4 0 13500 2
0 1 5 1 13500 2
0 1 5 0 13500 2
0 1 4 13 13500 2
0 1 4 8 13500 2
0 1 4 10 13500 2
0 1 4 15 13500 2
0 1 4 5 13500 2
0 1 4 2 13500 2
0 1 4 14 13500 2
0 1 7 5 13500 2
0 1 4 10 13500 2
0 1 4 7 13500 2
0 1 4 11 13500 2
0 1 4 5 13500 2
0 1 4 2 13500 2
0 1 4 14 13500 2
0 1 4 1 13500 2
0 1 4 13 13500 2
0 1 7 2 13500 2
0 1 5 4 13500 2
0 1 5 2 13500 2
0 1 7 9 13500 2
0 1 6 14 13500 2
0 1 6 8 13500 2
0 1 6 11 13500 2
0 1 6 13 13500 2
0 1 6 13 13500 2
0 1 6 15 13500 2
0 1 5 8 13500 2
0 1 5 6 13500 2
0 1 5 12 13500 2
0 1 5 11 13500 2
0 1 5 9 13500 2
0 1 5 7 13500 2
0 1 5 12 13500 2
0 1 5 5 13500 2
0 1 5 1 13500 2
0 1 11 14 14000 2
0 1 11 11 14000 2
0 1 11 4 14000 2
0 1 11 5 14000 2
0 1 11 12 14000 2
0 1 10 14 14000 2
0 1 10 4 14000 2
0 1 10 15 14000 2
0 1 10 4 14000 2
0 1 10 11 14000 2
0 1 9 10 14000 2
0 1 9 14 14000 2
0 1 8 12 14000 2
0 1 8 4 14000 2
0 1 8 2 14000 2
0 1 8 0 14000 2
0 1 7 15 14000 2
0 1 8 13 14000 2
0 1 13 11 14000 2
0 1 15 12 14000 2
0 1 15 8 14000 2
0 1 14 7 14000 2
0 1 14 13 14000 2
0 1 14 2 14000 2
0 1 14 8 14000 2
0 1 13 8 14000 2
0 1 13 13 14000 2
0 1 13 7 14000 2
0 1 11 11 14000 2
0 1 13 3 14000 2
0 1 13 13 14000 2
0 1 12 3 14000 2
0 1 12 9 14000 2
0 1 12 9 14000 2
0 1 12 5 14000 2
0 1 12 15 14000 2
0 1 12 13 14000 2
0 1 4 1 14000 2
0 1 5 8 14000 2
0 1 5 11 14000 2
0 1 4 10 14000 2
0 1 4 10 14000 2
0 1 4 6 14000 2
0 1 4 3 14000 2
0 1 4 10 14000 2
0 1 4 7 14000 2
0 1 7 2 14000 2
0 1 4 2 14000 2
0 1 4 2 14000 2
0 1 4 14 14000 2
0 1 4 7 14000 2
0 1 4 14 14000 2
0 1 4 13 14000 2
0 1 4 5 14000 2
0 1 4 4 14000 2
0 1 5 11 14000 2
0 1 5 15 14000 2
0 1 7 0 14000 2
0 1 7 11 14000 2
0 1 7 12 14000 2
0 1 6 15 14000 2
0 1 6 6 14000 2
0 1 6 13 14000 2
0 1 6 9 14000 2
0 1 5 3 14000 2
0 1 5 2 14000 2
0 1 5 6 14000 2
0 1 5 7 14000 2
0 1 5 1 14000 2
0 1 5 14 14000 2
0 1 5 15 14000 2
0 1 5 14 14000 2
0 1 5 8 14000 2
0 1 11 14 14500 2
0 1 11 12 14500 2
0 1 11 9 14500 2
0 1 10 14 14500 2
0 1 10 1 14500 2
0 1 10 15 14500 2
0 1 10 3 14500 2
0 1 10 7 14500 2
0 1 9 3 14500 2
0 1 9 6 14500 2
0 1 8 9 14500 2
0 1 8 11 14500 2
0 1 8 5 14500 2
0 1 8 6 14500 2
0 1 8 3 14500 2
0 1 7 5 14500 2
0 1 7 4 14500 2
0 1 13 14 14500 2
0 1 7 9 14500 2
0 1 15 0 14500 2
0 1 15 14 14500 2
0 1 15 1 14500 2
0 1 14 3 14500 2
0 1 14 12 14500 2
0 1 13 15 14500 2
0 1 13 0 14500 2
0 1 11 12 14500 2
0 1 13 3 14500 2
0 1 13 9 14500 2
0 1 12 13 14500 2
0 1 12 6 14500 2
0 1 12 0 14500 2
0 1 12 10 14500 2
0 1 11 4 14500 2
0 1 11 8 14500 2
0 1 4 2 14500 2
0 1 5 11 14500 2
0 1 4 10 14500 2
0 1 4 8 14500 2
0 1 4 5 14500 2
0 1 4 0 14500 2
0 1 4 0 14500 2
0 1 4 5 14500 2
0 1 4 9 14500 2
0 1 7 1 14500 2
0 1 4 2 14500 2
0 1 4 12 14500 2
0 1 4 15 14500 2
0 1 4 7 14500 2
0 1 4 10 14500 2
0 1 4 9 14500 2
0 1 4 2 14500 2
0 1 4 0 14500 2
0 1 5 13 14500 2
0 1 5 15 14500 2
0 1 7 9 14500 2
0 1 6 5 14500 2
0 1 6 6 14500 2
0 1 6 14 14500 2
0 1 6 5 14500 2
0 1 5 1 14500 2
0 1 5 15 14500 2
0 1 5 10 14500 2
0 1 5 8 14500 2
0 1 5 5 14500 2
0 1 5 9 14500 2
0 1 5 3 14500 2
0 1 5 15 14500 2
0 1 5 9 14500 2
0 1 5 3 14500 2
0 1 11 12 15000 2
0 1 11 14 15000 2
0 1 11 12 15000 2
0 1 11 1 15000 2
0 1 10 10 15000 2
0 1 10 13 15000 2
0 1 10 9 15000 2
0 1 10 5 15000 2
0 1 9 15 15000 2
0 1 9 12 15000 2
0 1 9 5 15000 2
0 1 8 14 15000 2
0 1 8 4 15000 2
0 1 8 0 15000 2
0 1 8 0 15000 2
0 1 7 7 15000 2
0 1 7 12 15000 2
0 1 7 11 15000 2
0 1 13 12 15000 2
0 1 14 10 15000 2
0 1 15 15 15000 2
0 1 15 15 15000 2
0 1 15 6 15000 2
0 1 14 1 15000 2
0 1 14 4 15000 2
0 1 14 2 15000 2
0 1 13 14 15000 2
0 1 11 12 15000 2
0 1 13 10 15000 2
0 1 13 5 15000 2
0 1 13 13 15000 2
0 1 12 1 15000 2
0 1 12 15 15000 2
0 1 12 4 15000 2
0 1 12 10 15000 2
0 1 11 11 15000 2
0 1 4 2 15000 2
0 1 4 14 15000 2
0 1 4 14 15000 2
0 1 4 12 15000 2
0 1 4 10 15000 2
0 1 4 3 15000 2
0 1 4 5 15000 2
0 1 4 12 15000 2
0 1 4 1 15000 2
0 1 4 5 15000 2
0 1 7 9 15000 2
0 1 4 5 15000 2
0 1 4 15 15000 2
0 1 4 5 15000 2
0 1 4 0 15000 2
0 1 4 11 15000 2
0 1 4 14 15000 2
0 1 4 6 15000 2
0 1 7 5 15000 2
0 1 5 5 15000 2
0 1 4 14 15000 2
0 1 6 5 15000 2
0 1 6 6 15000 2
0 1 6 6 15000 2
0 1 6 12 15000 2
0 1 5 2 15000 2
0 1 5 15 15000 2
0 1 5 13 15000 2
0 1 5 13 15000 2
0 1 5 4 15000 2
0 1 5 10 15000 2
0 1 5 0 15000 2
0 1 5 14 15000 2
0 1 5 5 15000 2
0 1 5 8 15000 2
0 1 5 5 15000 2
0 1 10 11 15500 2
0 1 10 12 15500 2
0 1 10 0 15500 2
0 1 10 14 15500 2
0 1 11 15 15500 2
0 1 11 10 15500 2
0 1 11 1 15500 2
0 1 11 10 15500 2
0 1 11 5 15500 2
0 1 7 4 15500 2
0 1 9 3 15500 2
0 1 8 8 15500 2
0 1 8 11 15500 2
0 1 8 12 15500 2
0 1 8 10 15500 2
0 1 8 6 15500 2
0 1 7 10 15500 2
0 1 7 7 15500 2
0 1 5 0 15500 2
0 1 13 5 15500 2
0 1 15 7 15500 2
0 1 15 2 15500 2
0 1 14 6 15500 2
0 1 14 3 15500 2
0 1 14 5 15500 2
0 1 14 12 15500 2
0 1 13 9 15500 2
0 1 13 12 15500 2
0 1 13 1 15500 2
0 1 11 4 15500 2
0 1 13 0 15500 2
0 1 13 7 15500 2
0 1 12 7 15500 2
0 1 12 6 15500 2
0 1 12 6 15500 2
0 1 12 7 15500 2
0 1 12 8 15500 2
0 1 12 11 15500 2
0 1 12 0 15500 2
0 1 4 11 15500 2
0 1 5 5 15500 2
0 1 4 9 15500 2
0 1 4 6 15500 2
0 1 4 1 15500 2
0 1 4 10 15500 2
0 1 4 3 15500 2
0 1 4 8 15500 2
0 1 4 13 15500 2
0 1 4 12 15500 2
0 1 7 6 15500 2
0 1 4 5 15500 2
0 1 4 9 15500 2
0 1 4 13 15500 2
0 1 4 0 15500 2
0 1 4 15 15500 2
0 1 4 1 15500 2
0 1 4 4 15500 2
0 1 4 11 15500 2
0 1 5 15 15500 2
0 1 7 7 15500 2
0 1 6 8 15500 2
0 1 6 9 15500 2
0 1 6 14 15500 2
0 1 6 4 15500 2
0 1 6 6 15500 2
0 1 6 13 15500 2
0 1 5 13 15500 2
0 1 5 6 15500 2
0 1 5 0 15500 2
0 1 5 4 15500 2
0 1 5 13 15500 2
0 1 5 0 15500 2
0 1 5 3 15500 2
0 1 5 7 15500 2
0 1 5 0 15500 2
0 1 5 1 15500 2
0 1 5 14 15500 2
0 1 12 1 16000 2
0 1 12 5 16000 2
0 1 12 2 16000 2
0 1 11 7 16000 2
0 1 11 10 16000 2
0 1 11 4 16000 2
0 1 11 6 16000 2
0 1 11 7 16000 2
0 1 10 8 16000 2
0 1 10 0 16000 2
0 1 10 6 16000 2
0 1 10 4 16000 2
0 1 10 9 16000 2
0 1 9 7 16000 2
0 1 8 8 16000 2
0 1 8 9 16000 2
0 1 8 11 16000 2
0 1 8 3 16000 2
0 1 13 11 16000 2
0 1 7 12 16000 2
0 1 15 1 16000 2
0 1 15 14 16000 2
0 1 15 4 16000 2
0 1 14 11 16000 2
0 1 14 7 16000 2
0 1 14 8 16000 2
0 1 14 14 16000 2
0 1 14 2 16000 2
0 1 12 6 16000 2
0 1 13 9 16000 2
0 1 13 15 16000 2
0 1 13 0 16000 2
0 1 13 5 16000 2
0 1 13 4 16000 2
0 1 13 5 16000 2
0 1 12 7 16000 2
0 1 12 9 16000 2
0 1 4 3 16000 2
0 1 5 1 16000 2
0 1 4 7 16000 2
0 1 4 4 16000 2
0 1 4 14 16000 2
0 1 4 10 16000 2
0 1 4 14 16000 2
0 1 4 5 16000 2
0 1 4 9 16000 2
0 1 4 12 16000 2
0 1 7 13 16000 2
0 1 4 3 16000 2
0 1 4 13 16000 2
0 1 4 7 16000 2
0 1 4 0 16000 2
0 1 4 4 16000 2
0 1 4 12 16000 2
0 1 4 13 16000 2
0 1 7 8 16000 2
0 1 5 3 16000 2
0 1 5 6 16000 2
0 1 4 14 16000 2
0 1 7 7 16000 2
0 1 6 1 16000 2
0 1 6 7 16000 2
0 1 6 3 16000 2
0 1 6 12 16000 2
0 1 5 8 16000 2
0 1 5 15 16000 2
0 1 5 2 16000 2
0 1 5 6 16000 2
0 1 5 2 16000 2
0 1 5 4 16000 2
0 1 5 7 16000 2
0 1 5 4 16000 2
0 1 5 0 16000 2
0 1 5 1 16000 2
0 1 11 7 16500 2
0 1 11 5 16500 2
0 1 11 4 16500 2
0 1 11 4 16500 2
0 1 11 11 16500 2
0 1 11 5 16500 2
0 1 11 10 16500 2
0 1 11 11 16500 2
0 1 11 11 16500 2
0 1 11 15 16500 2
0 1 11 15 16500 2
0 1 11 2 16500 2
0 1 11 5 16500 2
0 1 11 13 16500 2
0 1 11 5 16500 2
0 1 11 3 16500 2
0 1 11 3 16500 2
0 1 11 9 16500 2
0 1 11 3 16500 2
0 1 11 13 16500 2
0 1 10 12 16500 2
0 1 10 14 16500 2
0 1 10 3 16500 2
0 1 9 12 16500 2
0 1 9 4 16500 2
0 1 9 4 16500 2
0 1 9 13 16500 2
0 1 11 7 16500 2
0 1 9 9 16500 2
0 1 12 3 16500 2
0 1 12 10 16500 2
0 1 12 9 16500 2
0 1 12 5 16500 2
0 1 12 6 16500 2
0 1 12 6 16500 2
0 1 12 0 16500 2
0 1 12 15 16500 2
0 1 12 13 16500 2
0 1 12 9 16500 2
0 1 12 4 16500 2
0 1 12 5 16500 2
0 1 12 11 16500 2
0 1 12 14 16500 2
0 1 12 14 16500 2
0 1 11 12 16500 2
0 1 12 10 16500 2
0 1 12 9 16500 2
0 1 12 14 16500 2
0 1 12 3 16500 2
0 1 12 4 16500 2
0 1 12 5 16500 2
0 1 12 7 16500 2
0 1 12 8 16500 2
0 1 12 3 16500 2
0 1 12 14 16500 2
0 1 11 14 16500 2
0 1 11 15 16500 2
0 1 11 1 16500 2
0 1 3 9 16500 2
0 1 4 1 16500 2
0 1 4 0 16500 2
0 1 4 10 16500 2
0 1 3 3 16500 2
0 1 3 3 16500 2
0 1 3 11 16500 2
0 1 3 5 16500 2
0 1 3 14 16500 2
0 1 3 13 16500 2
0 1 3 1 16500 2
0 1 3 14 16500 2
0 1 3 11 16500 2
0 1 3 11 16500 2
0 1 3 3 16500 2
0 1 9 1 16500 2
0 1 3 12 16500 2
0 1 3 13 16500 2
0 1 3 1 16500 2
0 1 2 9 16500 2
0 1 2 9 16500 2
0 1 2 8 16500 2
0 1 2 13 16500 2
0 1 2 2 16500 2
0 1 2 5 16500 2
0 1 2 0 16500 2
0 1 2 15 16500 2
0 1 2 7 16500 2
0 1 2 12 16500 2
0 1 1 4 16500 2
0 1 4 14 16500 2
0 1 9 5 16500 2
0 1 8 12 16500 2
0 1 8 12 16500 2
0 1 8 2 16500 2
0 1 8 7 16500 2
0 1 8 15 16500 2
0 1 8 2 16500 2
0 1 8 7 16500 2
0 1 8 6 16500 2
0 1 4 10 16500 2
0 1 7 9 16500 2
0 1 7 10 16500 2
0 1 7 4 16500 2
0 1 7 13 16500 2
0 1 6 15 16500 2
0 1 6 6 16500 2
0 1 4 0 16500 2
0 1 4 0 16500 2
0 1 4 0 16500 2
0 1 4 0 16500 2
0 1 4 14 16500 2
0 1 5 8 16500 2
0 1 5 5 16500 2
0 1 5 15 16500 2
0 1 6 6 16500 2
0 1 6 14 16500 2
0 1 6 9 16500 2
0 1 5 11 16500 2
0 1 11 10 17000 2
0 1 11 7 17000 2
0 1 11 12 17000 2
0 1 11 11 17000 2
0 1 11 0 17000 2
0 1 11 9 17000 2
0 1 11 13 17000 2
0 1 11 13 17000 2
0 1 11 2 17000 2
0 1 11 5 17000 2
0 1 11 2 17000 2
0 1 11 12 17000 2
0 1 11 9 17000 2
0 1 11 2 17000 2
0 1 11 0 17000 2
0 1 11 15 17000 2
0 1 11 0 17000 2
0 1 9 10 17000 2
0 1 11 13 17000 2
0 1 10 14 17000 2
0 1 10 14 17000 2
0 1 10 0 17000 2
0 1 9 11 17000 2
0 1 9 13 17000 2
0 1 9 12 17000 2
0 1 9 8 17000 2
0 1 9 5 17000 2
0 1 12 3 17000 2
0 1 11 11 17000 2
0 1 12 8 17000 2
0 1 12 4 17000 2
0 1 12 13 17000 2
0 1 12 9 17000 2
0 1 12 10 17000 2
0 1 12 11 17000 2
0 1 12 3 17000 2
0 1 12 1 17000 2
0 1 12 3 17000 2
0 1 12 5 17000 2
0 1 12 13 17000 2
0 1 12 7 17000 2
0 1 12 7 17000 2
0 1 11 8 17000 2
0 1 12 5 17000 2
0 1 12 2 17000 2
0 1 12 6 17000 2
0 1 12 4 17000 2
0 1 12 12 17000 2
0 1 12 9 17000 2
0 1 12 14 17000 2
0 1 12 8 17000 2
0 1 12 3 17000 2
0 1 12 7 17000 2
0 1 11 13 17000 2
0 1 11 13 17000 2
0 1 11 5 17000 2
0 1 2 3 17000 2
0 1 3 8 17000 2
0 1 3 11 17000 2
0 1 3 3 17000 2
0 1 3 8 17000 2
0 1 3 14 17000 2
0 1 3 4 17000 2
0 1 3 5 17000 2
0 1 3 2 17000 2
0 1 3 8 17000 2
0 1 3 9 17000 2
0 1 3 7 17000 2
0 1 3 13 17000 2
0 1 3 0 17000 2
0 1 3 3 17000 2
0 1 8 6 17000 2
0 1 2 4 17000 2
0 1 2 2 17000 2
0 1 2 12 17000 2
0 1 2 12 17000 2
0 1 2 9 17000 2
0 1 2 15 17000 2
0 1 2 1 17000 2
0 1 2 11 17000 2
0 1 1 4 17000 2
0 1 1 8 17000 2
0 1 1 9 17000 2
0 1 1 14 17000 2
0 1 8 15 17000 2
0 1 4 1 17000 2
0 1 3 0 17000 2
0 1 8 9 17000 2
0 1 8 5 17000 2
0 1 8 6 17000 2
0 1 8 5 17000 2
0 1 7 12 17000 2
0 1 7 10 17000 2
0 1 7 12 17000 2
0 1 7 10 17000 2
0 1 7 15 17000 2
0 1 7 10 17000 2
0 1 6 11 17000 2
0 1 6 9 17000 2
0 1 6 8 17000 2
0 1 6 4 17000 2
0 1 4 2 17000 2
0 1 4 12 17000 2
0 1 4 12 17000 2
0 1 4 8 17000 2
0 1 4 0 17000 2
0 1 4 5 17000 2
0 1 4 6 17000 2
0 1 5 5 17000 2
0 1 5 10 17000 2
0 1 5 0 17000 2
0 1 5 0 17000 2
0 1 11 6 17500 2
0 1 11 0 17500 2
0 1 11 13 17500 2
0 1 11 0 17500 2
0 1 11 2 17500 2
0 1 11 8 17500 2
0 1 11 13 17500 2
0 1 11 12 17500 2
0 1 11 11 17500 2
0 1 11 14 17500 2
0 1 11 10 17500 2
0 1 11 10 17500 2
0 1 11 3 17500 2
0 1 11 7 17500 2
0 1 11 13 17500 2
0 1 10 14 17500 2
0 1 10 0 17500 2
0 1 10 12 17500 2
0 1 9 12 17500 2
0 1 9 0 17500 2
0 1 9 5 17500 2
0 1 9 11 17500 2
0 1 9 7 17500 2
0 1 9 13 17500 2
0 1 9 15 17500 2
0 1 8 12 17500 2
0 1 8 9 17500 2
0 1 9 14 17500 2
0 1 12 4 17500 2
0 1 12 11 17500 2
0 1 12 11 17500 2
0 1 12 5 17500 2
0 1 12 13 17500 2
0 1 12 0 17500 2
0 1 12 15 17500 2
0 1 12 8 17500 2
0 1 12 8 17500 2
0 1 12 8 17500 2
0 1 12 2 17500 2
0 1 12 3 17500 2
0 1 12 7 17500 2
0 1 12 7 17500 2
0 1 12 2 17500 2
0 1 11 7 17500 2
0 1 12 11 17500 2
0 1 12 10 17500 2
0 1 12 3 17500 2
0 1 12 11 17500 2
0 1 12 12 17500 2
0 1 11 13 17500 2
0 1 11 3 17500 2
0 1 11 4 17500 2
0 1 11 9 17500 2
0 1 11 1 17500 2
0 1 11 4 17500 2
0 1 11 7 17500 2
0 1 11 0 17500 2
0 1 2 9 17500 2
0 1 3 7 17500 2
0 1 3 0 17500 2
0 1 3 0 17500 2
0 1 3 2 17500 2
0 1 3 0 17500 2
0 1 3 12 17500 2
0 1 3 9 17500 2
0 1 3 2 17500 2
0 1 3 12 17500 2
0 1 3 6 17500 2
0 1 3 6 17500 2
0 1 3 12 17500 2
0 1 3 11 17500 2
0 1 3 5 17500 2
0 1 8 4 17500 2
0 1 2 5 17500 2
0 1 2 13 17500 2
0 1 2 12 17500 2
0 1 2 15 17500 2
0 1 2 15 17500 2
0 1 2 5 17500 2
0 1 2 6 17500 2
0 1 2 15 17500 2
0 1 2 10 17500 2
0 1 1 6 17500 2
0 1 1 8 17500 2
0 1 1 5 17500 2
0 1 8 4 17500 2
0 1 4 5 17500 2
0 1 4 11 17500 2
0 1 8 12 17500 2
0 1 8 8 17500 2
0 1 7 10 17500 2
0 1 7 11 17500 2
0 1 7 9 17500 2
0 1 7 11 17500 2
0 1 7 7 17500 2
0 1 7 7 17500 2
0 1 7 11 17500 2
0 1 7 4 17500 2
0 1 6 12 17500 2
0 1 6 2 17500 2
0 1 6 9 17500 2
0 1 6 5 17500 2
0 1 6 1 17500 2
0 1 4 9 17500 2
0 1 4 2 17500 2
0 1 4 12 17500 2
0 1 4 5 17500 2
0 1 4 12 17500 2
0 1 4 2 17500 2
0 1 5 13 17500 2
0 1 5 9 17500 2
0 1 5 15 17500 2
0 1 5 7 17500 2
0 1 6 14 17500 2
0 1 11 12 18000 2
0 1 11 6 18000 2
0 1 11 3 18000 2
0 1 11 1 18000 2
0 1 11 14 18000 2
0 1 11 10 18000 2
0 1 11 14 18000 2
0 1 11 10 18000 2
0 1 11 14 18000 2
0 1 11 9 18000 2
0 1 11 10 18000 2
0 1 11 1 18000 2
0 1 11 10 18000 2
0 1 11 9 18000 2
0 1 11 4 18000 2
0 1 10 3 18000 2
0 1 10 12 18000 2
0 1 10 11 18000 2
0 1 9 12 18000 2
0 1 9 9 18000 2
0 1 9 6 18000 2
0 1 9 8 18000 2
0 1 9 9 18000 2
0 1 9 10 18000 2
0 1 8 12 18000 2
0 1 8 3 18000 2
0 1 8 9 18000 2
0 1 8 8 18000 2
0 1 8 4 18000 2
0 1 8 10 18000 2
0 1 12 8 18000 2
0 1 12 7 18000 2
0 1 12 4 18000 2
0 1 12 0 18000 2
0 1 12 4 18000 2
0 1 12 3 18000 2
0 1 12 15 18000 2
0 1 12 5 18000 2
0 1 12 12 18000 2
0 1 12 14 18000 2
0 1 12 9 18000 2
0 1 12 8 18000 2
0 1 12 3 18000 2
0 1 12 11 18000 2
0 1 12 14 18000 2
0 1 11 2 18000 2
0 1 12 5 18000 2
0 1 12 10 18000 2
0 1 12 2 18000 2
0 1 12 6 18000 2
0 1 12 5 18000 2
0 1 12 11 18000 2
0 1 12 10 18000 2
0 1 12 11 18000 2
0 1 11 8 18000 2
0 1 11 15 18000 2
0 1 11 9 18000 2
0 1 11 9 18000 2
0 1 11 1 18000 2
0 1 11 6 18000 2
0 1 2 11 18000 2
0 1 3 15 18000 2
0 1 3 7 18000 2
0 1 3 5 18000 2
0 1 3 7 18000 2
0 1 3 5 18000 2
0 1 3 14 18000 2
0 1 3 3 18000 2
0 1 3 13 18000 2
0 1 3 0 18000 2
0 1 3 4 18000 2
0 1 3 12 18000 2
0 1 3 11 18000 2
0 1 3 6 18000 2
0 1 3 14 18000 2
0 1 3 5 18000 2
0 1 7 2 18000 2
0 1 2 14 18000 2
0 1 2 0 18000 2
0 1 2 14 18000 2
0 1 2 5 18000 2
0 1 2 6 18000 2
0 1 2 3 18000 2
0 1 2 11 18000 2
0 1 2 0 18000 2
0 1 2 12 18000 2
0 1 1 15 18000 2
0 1 1 7 18000 2
0 1 1 0 18000 2
0 1 1 9 18000 2
0 1 8 5 18000 2
0 1 3 10 18000 2
0 1 3 3 18000 2
0 1 7 4 18000 2
0 1 7 7 18000 2
0 1 7 9 18000 2
0 1 7 13 18000 2
0 1 7 11 18000 2
0 1 7 1 18000 2
0 1 7 14 18000 2
0 1 6 9 18000 2
0 1 6 0 18000 2
0 1 6 6 18000 2
0 1 6 10 18000 2
0 1 6 4 18000 2
0 1 5 11 18000 2
0 1 5 9 18000 2
0 1 5 13 18000 2
0 1 4 4 18000 2
0 1 4 2 18000 2
0 1 4 4 18000 2
0 1 4 8 18000 2
0 1 4 9 18000 2
0 1 4 4 18000 2
0 1 4 5 18000 2
0 1 4 13 18000 2
0 1 4 0 18000 2
0 1 5 10 18000 2
0 1 5 5 18000 2
0 1 4 15 18000 2
0 1 11 2 18500 2
0 1 11 5 18500 2
0 1 11 15 18500 2
0 1 11 14 18500 2
0 1 11 8 18500 2
0 1 11 3 18500 2
0 1 11 9 18500 2
0 1 11 14 18500 2
0 1 11 13 18500 2
0 1 11 14 18500 2
0 1 11 12 18500 2
0 1 11 8 18500 2
0 1 11 2 18500 2
0 1 11 5 18500 2
0 1 11 0 18500 2
0 1 11 1 18500 2
0 1 11 14 18500 2
0 1 11 15 18500 2
0 1 11 2 18500 2
0 1 10 9 18500 2
0 1 10 11 18500 2
0 1 10 15 18500 2
0 1 9 7 18500 2
0 1 9 15 18500 2
0 1 9 12 18500 2
0 1 9 1 18500 2
0 1 9 10 18500 2
0 1 12 15 18500 2
0 1 8 14 18500 2
0 1 12 14 18500 2
0 1 12 0 18500 2
0 1 12 0 18500 2
0 1 12 10 18500 2
0 1 12 1 18500 2
0 1 12 8 18500 2
0 1 12 0 18500 2
0 1 12 13 18500 2
0 1 12 13 18500 2
0 1 12 11 18500 2
0 1 12 15 18500 2
0 1 12 5 18500 2
0 1 11 13 18500 2
0 1 12 11 18500 2
0 1 12 10 18500 2
0 1 12 10 18500 2
0 1 12 5 18500 2
0 1 12 10 18500 2
0 1 12 3 18500 2
0 1 12 6 18500 2
0 1 12 13 18500 2
0 1 12 4 18500 2
0 1 12 4 18500 2
0 1 11 12 18500 2
0 1 11 12 18500 2
0 1 11 10 18500 2
0 1 2 10 18500 2
0 1 4 2 18500 2
0 1 3 11 18500 2
0 1 3 5 18500 2
0 1 3 2 18500 2
0 1 3 5 18500 2
0 1 3 8 18500 2
0 1 3 4 18500 2
0 1 3 11 18500 2
0 1 3 6 18500 2
0 1 3 9 18500 2
0 1 3 10 18500 2
0 1 3 4 18500 2
0 1 2 7 18500 2
0 1 4 4 18500 2
0 1 2 14 18500 2
0 1 2 5 18500 2
0 1 2 2 18500 2
0 1 2 4 18500 2
0 1 2 13 18500 2
0 1 2 9 18500 2
0 1 2 14 18500 2
0 1 2 10 18500 2
0 1 1 15 18500 2
0 1 1 3 18500 2
0 1 1 11 18500 2
0 1 1 8 18500 2
0 1 9 1 18500 2
0 1 4 7 18500 2
0 1 8 3 18500 2
0 1 8 1 18500 2
0 1 8 7 18500 2
0 1 8 1 18500 2
0 1 8 3 18500 2
0 1 7 10 18500 2
0 1 7 0 18500 2
0 1 7 10 18500 2
0 1 7 5 18500 2
0 1 7 15 18500 2
0 1 7 4 18500 2
0 1 6 12 18500 2
0 1 6 5 18500 2
0 1 6 10 18500 2
0 1 6 15 18500 2
0 1 6 11 18500 2
0 1 6 1 18500 2
0 1 5 10 18500 2
0 1 5 4 18500 2
0 1 5 0 18500 2
0 1 5 5 18500 2
0 1 4 11 18500 2
0 1 4 12 18500 2
0 1 4 12 18500 2
0 1 4 5 18500 2
0 1 11 9 19000 2
0 1 11 2 19000 2
0 1 11 2 19000 2
0 1 11 2 19000 2
0 1 11 8 19000 2
0 1 11 13 19000 2
0 1 11 13 19000 2
0 1 11 6 19000 2
0 1 11 5 19000 2
0 1 11 14 19000 2
0 1 11 3 19000 2
0 1 11 8 19000 2
0 1 11 0 19000 2
0 1 11 5 19000 2
0 1 12 3 19000 2
0 1 11 15 19000 2
0 1 11 7 19000 2
0 1 11 12 19000 2
0 1 11 12 19000 2
0 1 11 1 19000 2
0 1 11 9 19000 2
0 1 11 14 19000 2
0 1 10 1 19000 2
0 1 10 6 19000 2
0 1 10 5 19000 2
0 1 9 11 19000 2
0 1 9 4 19000 2
0 1 9 7 19000 2
0 1 9 0 19000 2
0 1 12 5 19000 2
0 1 9 14 19000 2
0 1 12 9 19000 2
0 1 12 15 19000 2
0 1 12 11 19000 2
0 1 12 2 19000 2
0 1 12 11 19000 2
0 1 12 7 19000 2
0 1 12 4 19000 2
0 1 12 4 19000 2
0 1 12 4 19000 2
0 1 12 4 19000 2
0 1 12 11 19000 2
0 1 12 9 19000 2
0 1 12 0 19000 2
0 1 11 15 19000 2
0 1 12 10 19000 2
0 1 12 5 19000 2
0 1 12 12 19000 2
0 1 12 13 19000 2
0 1 12 0 19000 2
0 1 12 4 19000 2
0 1 12 4 19000 2
0 1 12 3 19000 2
0 1 12 8 19000 2
0 1 11 8 19000 2
0 1 11 0 19000 2
0 1 11 1 19000 2
0 1 11 3 19000 2
0 1 3 7 19000 2
0 1 4 1 19000 2
0 1 4 7 19000 2
0 1 4 12 19000 2
0 1 3 10 19000 2
0 1 3 4 19000 2
0 1 3 6 19000 2
0 1 3 14 19000 2
0 1 3 10 19000 2
0 1 3 11 19000 2
0 1 3 2 19000 2
0 1 3 10 19000 2
0 1 3 15 19000 2
0 1 3 11 19000 2
0 1 3 14 19000 2
0 1 9 4 19000 2
0 1 3 1 19000 2
0 1 2 0 19000 2
0 1 2 0 19000 2
0 1 2 10 19000 2
0 1 2 9 19000 2
0 1 2 15 19000 2
0 1 2 1 19000 2
0 1 2 12 19000 2
0 1 2 12 19000 2
0 1 2 10 19000 2
0 1 2 3 19000 2
0 1 2 5 19000 2
0 1 1 12 19000 2
0 1 1 14 19000 2
0 1 4 13 19000 2
0 1 4 6 19000 2
0 1 9 2 19000 2
0 1 8 4 19000 2
0 1 8 5 19000 2
0 1 8 13 19000 2
0 1 8 12 19000 2
0 1 8 0 19000 2
0 1 8 13 19000 2
0 1 8 3 19000 2
0 1 7 5 19000 2
0 1 7 0 19000 2
0 1 7 9 19000 2
0 1 7 6 19000 2
0 1 7 12 19000 2
0 1 7 8 19000 2
0 1 7 6 19000 2
0 1 4 5 19000 2
0 1 5 11 19000 2
0 1 5 4 19000 2
0 1 5 6 19000 2
0 1 5 4 19000 2
0 1 6 4 19000 2
0 1 6 10 19000 2
0 1 6 5 19000 2
0 1 6 4 19000 2
0 1 6 10 19000 2
0 1 5 2 19000 2
0 1 11 6 19500 2
0 1 11 15 19500 2
0 1 11 7 19500 2
0 1 11 12 19500 2
0 1 11 8 19500 2
0 1 11 13 19500 2
0 1 11 5 19500 2
0 1 11 0 19500 2
0 1 11 7 19500 2
0 1 11 9 19500 2
0 1 11 1 19500 2
0 1 11 10 19500 2
0 1 11 13 19500 2
0 1 11 13 19500 2
0 1 11 9 19500 2
0 1 11 10 19500 2
0 1 11 10 19500 2
0 1 11 3 19500 2
0 1 11 12 19500 2
0 1 10 14 19500 2
0 1 10 11 19500 2
0 1 10 11 19500 2
0 1 9 10 19500 2
0 1 9 3 19500 2
0 1 9 2 19500 2
0 1 9 9 19500 2
0 1 9 1 19500 2
0 1 8 14 19500 2
0 1 12 9 19500 2
0 1 8 7 19500 2
0 1 12 15 19500 2
0 1 12 12 19500 2
0 1 12 14 19500 2
0 1 12 7 19500 2
0 1 12 2 19500 2
0 1 12 9 19500 2
0 1 12 15 19500 2
0 1 12 8 19500 2
0 1 12 13 19500 2
0 1 12 15 19500 2
0 1 12 5 19500 2
0 1 12 5 19500 2
0 1 12 3 19500 2
0 1 11 5 19500 2
0 1 12 10 19500 2
0 1 12 0 19500 2
0 1 12 3 19500 2
0 1 12 11 19500 2
0 1 12 1 19500 2
0 1 12 12 19500 2
0 1 12 8 19500 2
0 1 12 1 19500 2
0 1 12 1 19500 2
0 1 12 0 19500 2
0 1 11 15 19500 2
0 1 11 14 19500 2
0 1 11 7 19500 2
0 1 2 7 19500 2
0 1 4 10 19500 2
0 1 4 3 19500 2
0 1 3 8 19500 2
0 1 3 0 19500 2
0 1 3 13 19500 2
0 1 3 7 19500 2
0 1 3 11 19500 2
0 1 3 12 19500 2
0 1 3 13 19500 2
0 1 3 0 19500 2
0 1 3 14 19500 2
0 1 3 3 19500 2
0 1 3 6 19500 2
0 1 3 12 19500 2
0 1 4 10 19500 2
0 1 2 11 19500 2
0 1 2 13 19500 2
0 1 2 5 19500 2
0 1 2 3 19500 2
0 1 2 3 19500 2
0 1 2 12 19500 2
0 1 2 3 19500 2
0 1 2 13 19500 2
0 1 2 10 19500 2
0 1 1 3 19500 2
0 1 1 4 19500 2
0 1 8 8 19500 2
0 1 1 14 19500 2
0 1 4 3 19500 2
0 1 8 10 19500 2
0 1 8 3 19500 2
0 1 8 8 19500 2
0 1 8 9 19500 2
0 1 8 4 19500 2
0 1 7 0 19500 2
0 1 7 3 19500 2
0 1 7 10 19500 2
0 1 7 0 19500 2
0 1 7 2 19500 2
0 1 6 7 19500 2
0 1 6 13 19500 2
0 1 6 11 19500 2
0 1 6 3 19500 2
0 1 6 13 19500 2
0 1 5 4 19500 2
0 1 5 9 19500 2
0 1 5 8 19500 2
0 1 5 11 19500 2
0 1 4 11 19500 2
0 1 4 15 19500 2
0 1 4 7 19500 2
0 1 4 11 19500 2
0 1 4 14 19500 2
0 1 4 8 19500 2
0 1 4 2 19500 2
0 1 11 10 20000 2
0 1 11 6 20000 2
0 1 11 4 20000 2
0 1 11 14 20000 2
0 1 11 2 20000 2
0 1 11 4 20000 2
0 1 11 12 20000 2
0 1 11 0 20000 2
0 1 11 6 20000 2
0 1 11 4 20000 2
0 1 11 3 20000 2
0 1 11 6 20000 2
0 1 11 11 20000 2
0 1 12 12 20000 2
0 1 11 1 20000 2
0 1 11 11 20000 2
0 1 11 8 20000 2
0 1 11 3 20000 2
0 1 10 3 20000 2
0 1 10 12 20000 2
0 1 10 9 20000 2
0 1 9 9 20000 2
0 1 9 9 20000 2
0 1 9 1 20000 2
0 1 9 7 20000 2
0 1 9 0 20000 2
0 1 8 11 20000 2
0 1 8 1 20000 2
0 1 12 14 20000 2
0 1 12 2 20000 2
0 1 12 14 20000 2
0 1 12 11 20000 2
0 1 12 5 20000 2
0 1 12 11 20000 2
0 1 12 3 20000 2
0 1 12 1 20000 2
0 1 12 3 20000 2
0 1 12 4 20000 2
0 1 12 8 20000 2
0 1 12 10 20000 2
0 1 12 13 20000 2
0 1 12 9 20000 2
0 1 11 5 20000 2
0 1 12 9 20000 2
0 1 12 7 20000 2
0 1 12 6 20000 2
0 1 12 13 20000 2
0 1 12 3 20000 2
0 1 12 7 20000 2
0 1 12 15 20000 2
0 1 11 0 20000 2
0 1 11 10 20000 2
0 1 11 15 20000 2
0 1 11 13 20000 2
0 1 11 2 20000 2
0 1 11 15 20000 2
0 1 2 6 20000 2
0 1 3 5 20000 2
0 1 3 11 20000 2
0 1 3 6 20000 2
0 1 3 7 20000 2
0 1 3 9 20000 2
0 1 3 8 20000 2
0 1 3 8 20000 2
0 1 3 2 20000 2
0 1 3 8 20000 2
0 1 3 7 20000 2
0 1 3 1 20000 2
0 1 3 10 20000 2
0 1 3 8 20000 2
0 1 3 8 20000 2
0 1 8 12 20000 2
0 1 2 11 20000 2
0 1 2 9 20000 2
0 1 2 0 20000 2
0 1 2 15 20000 2
0 1 2 8 20000 2
0 1 2 2 20000 2
0 1 2 6 20000 2
0 1 2 2 20000 2
0 1 1 9 20000 2
0 1 1 8 20000 2
0 1 1 15 20000 2
0 1 1 14 20000 2
0 1 8 6 20000 2
0 1 4 6 20000 2
0 1 4 7 20000 2
0 1 8 13 20000 2
0 1 7 15 20000 2
0 1 7 3 20000 2
0 1 7 8 20000 2
0 1 7 0 20000 2
0 1 7 3 20000 2
0 1 7 3 20000 2
0 1 7 10 20000 2
0 1 6 0 20000 2
0 1 6 5 20000 2
0 1 6 15 20000 2
0 1 6 8 20000 2
0 1 6 13 20000 2
0 1 5 6 20000 2
0 1 6 6 20000 2
0 1 4 6 20000 2
0 1 4 11 20000 2
0 1 4 10 20000 2
0 1 4 0 20000 2
0 1 4 7 20000 2
0 1 5 11 20000 2
0 1 5 15 20000 2
0 1 5 10 20000 2
0 1 5 5 20000 2
0 1 5 0 20000 2
0 1 4 2 20000 2
0 1 11 0 20500 2
0 1 11 10 20500 2
0 1 11 5 20500 2
0 1 11 5 20500 2
0 1 11 11 20500 2
0 1 11 13 20500 2
0 1 11 3 20500 2
0 1 11 12 20500 2
0 1 11 3 20500 2
0 1 11 10 20500 2
0 1 11 13 20500 2
0 1 11 14 20500 2
0 1 11 6 20500 2
0 1 11 10 20500 2
0 1 11 11 20500 2
0 1 11 5 20500 2
0 1 11 8 20500 2
0 1 11 14 20500 2
0 1 11 12 20500 2
0 1 11 15 20500 2
0 1 11 12 20500 2
0 1 10 10 20500 2
0 1 10 10 20500 2
0 1 10 12 20500 2
0 1 9 7 20500 2
0 1 9 11 20500 2
0 1 12 10 20500 2
0 1 9 0 20500 2
0 1 12 12 20500 2
0 1 12 6 20500 2
0 1 12 4 20500 2
0 1 12 14 20500 2
0 1 12 11 20500 2
0 1 12 1 20500 2
0 1 12 0 20500 2
0 1 12 8 20500 2
0 1 12 1 20500 2
0 1 12 2 20500 2
0 1 12 12 20500 2
0 1 12 7 20500 2
0 1 11 13 20500 2
0 1 12 13 20500 2
0 1 12 5 20500 2
0 1 12 3 20500 2
0 1 12 7 20500 2
0 1 12 8 20500 2
0 1 12 6 20500 2
0 1 12 10 20500 2
0 1 12 0 20500 2
0 1 12 12 20500 2
0 1 12 6 20500 2
0 1 12 3 20500 2
0 1 12 14 20500 2
0 1 3 0 20500 2
0 1 4 3 20500 2
0 1 4 3 20500 2
0 1 3 11 20500 2
0 1 3 11 20500 2
0 1 3 11 20500 2
0 1 3 12 20500 2
0 1 3 2 20500 2
0 1 3 12 20500 2
0 1 3 12 20500 2
0 1 3 13 20500 2
0 1 3 14 20500 2
0 1 3 5 20500 2
0 1 3 6 20500 2
0 1 4 11 20500 2
0 1 3 12 20500 2
0 1 3 0 20500 2
0 1 2 7 20500 2
0 1 2 11 20500 2
0 1 2 9 20500 2
0 1 2 3 20500 2
0 1 2 6 20500 2
0 1 2 14 20500 2
0 1 2 9 20500 2
0 1 2 4 20500 2
0 1 2 8 20500 2
0 1 1 5 20500 2
0 1 9 15 20500 2
0 1 4 2 20500 2
0 1 9 11 20500 2
0 1 9 15 20500 2
0 1 9 14 20500 2
0 1 8 15 20500 2
0 1 8 0 20500 2
0 1 8 1 20500 2
0 1 8 6 20500 2
0 1 8 3 20500 2
0 1 8 3 20500 2
0 1 7 14 20500 2
0 1 7 0 20500 2
0 1 7 10 20500 2
0 1 7 0 20500 2
0 1 6 5 20500 2
0 1 6 12 20500 2
0 1 6 2 20500 2
0 1 6 1 20500 2
0 1 6 0 20500 2
0 1 5 7 20500 2
0 1 5 0 20500 2
0 1 5 6 20500 2
0 1 5 15 20500 2
0 1 4 15 20500 2
0 1 4 2 20500 2
0 1 11 2 21000 2
0 1 11 3 21000 2
0 1 11 6 21000 2
0 1 11 7 21000 2
0 1 11 1 21000 2
0 1 11 14 21000 2
0 1 11 14 21000 2
0 1 11 2 21000 2
0 1 11 15 21000 2
0 1 11 12 21000 2
0 1 11 11 21000 2
0 1 11 15 21000 2
0 1 11 3 21000 2
0 1 12 14 21000 2
0 1 11 2 21000 2
0 1 11 9 21000 2
0 1 11 12 21000 2
0 1 10 0 21000 2
0 1 10 1 21000 2
0 1 10 0 21000 2
0 1 10 7 21000 2
0 1 9 6 21000 2
0 1 9 8 21000 2
0 1 9 1 21000 2
0 1 9 1 21000 2
0 1 9 10 21000 2
0 1 9 14 21000 2
0 1 8 6 21000 2
0 1 12 0 21000 2
0 1 1 15 21000 2
0 1 12 4 21000 2
0 1 12 0 21000 2
0 1 12 14 21000 2
0 1 12 10 21000 2
0 1 12 15 21000 2
0 1 12 10 21000 2
0 1 12 6 21000 2
0 1 12 2 21000 2
0 1 12 14 21000 2
0 1 12 7 21000 2
0 1 12 15 21000 2
0 1 12 3 21000 2
0 1 11 15 21000 2
0 1 12 7 21000 2
0 1 12 2 21000 2
0 1 12 0 21000 2
0 1 12 0 21000 2
0 1 12 5 21000 2
0 1 12 10 21000 2
0 1 12 11 21000 2
0 1 12 5 21000 2
0 1 11 5 21000 2
0 1 11 13 21000 2
0 1 11 14 21000 2
0 1 11 9 21000 2
0 1 3 8 21000 2
0 1 4 6 21000 2
0 1 4 5 21000 2
0 1 3 7 21000 2
0 1 3 3 21000 2
0 1 3 5 21000 2
0 1 3 6 21000 2
0 1 3 3 21000 2
0 1 3 7 21000 2
0 1 3 7 21000 2
0 1 3 8 21000 2
0 1 3 3 21000 2
0 1 3 2 21000 2
0 1 3 11 21000 2
0 1 8 9 21000 2
0 1 3 0 21000 2
0 1 3 11 21000 2
0 1 2 5 21000 2
0 1 2 4 21000 2
0 1 2 15 21000 2
0 1 2 1 21000 2
0 1 2 9 21000 2
0 1 2 2 21000 2
0 1 2 8 21000 2
0 1 2 12 21000 2
0 1 2 15 21000 2
0 1 1 1 21000 2
0 1 8 12 21000 2
0 1 4 10 21000 2
0 1 4 0 21000 2
0 1 8 6 21000 2
0 1 8 2 21000 2
0 1 8 2 21000 2
0 1 7 15 21000 2
0 1 7 1 21000 2
0 1 7 6 21000 2
0 1 7 0 21000 2
0 1 7 7 21000 2
0 1 7 15 21000 2
0 1 7 10 21000 2
0 1 6 3 21000 2
0 1 6 0 21000 2
0 1 6 9 21000 2
0 1 6 7 21000 2
0 1 4 0 21000 2
0 1 4 3 21000 2
0 1 4 13 21000 2
0 1 5 15 21000 2
0 1 5 15 21000 2
0 1 5 10 21000 2
0 1 5 4 21000 2
0 1 5 13 21000 2
0 1 6 9 21000 2
0 1 6 15 21000 2
0 1 11 10 21500 2
0 1 11 12 21500 2
0 1 11 10 21500 2
0 1 11 4 21500 2
0 1 11 3 21500 2
0 1 11 10 21500 2
0 1 11 7 21500 2
0 1 11 12 21500 2
0 1 11 1 21500 2
0 1 11 0 21500 2
0 1 11 6 21500 2
0 1 11 8 21500 2
0 1 11 10 21500 2
0 1 11 4 21500 2
0 1 11 15 21500 2
0 1 11 12 21500 2
0 1 11 3 21500 2
0 1 10 10 21500 2
0 1 10 7 21500 2
0 1 10 11 21500 2
0 1 9 2 21500 2
0 1 9 2 21500 2
0 1 9 9 21500 2
0 1 9 5 21500 2
0 1 9 1 21500 2
0 1 8 3 21500 2
0 1 8 3 21500 2
0 1 12 9 21500 2
0 1 1 13 21500 2
0 1 12 5 21500 2
0 1 12 5 21500 2
0 1 12 13 21500 2
0 1 12 15 21500 2
0 1 12 4 21500 2
0 1 12 0 21500 2
0 1 12 1 21500 2
0 1 12 4 21500 2
0 1 12 0 21500 2
0 1 12 2 21500 2
0 1 12 10 21500 2
0 1 12 7 21500 2
0 1 11 1 21500 2
0 1 12 0 21500 2
0 1 12 5 21500 2
0 1 12 0 21500 2
0 1 12 15 21500 2
0 1 12 1 21500 2
0 1 12 8 21500 2
0 1 12 14 21500 2
0 1 12 9 21500 2
0 1 12 14 21500 2
0 1 12 14 21500 2
0 1 11 13 21500 2
0 1 11 10 21500 2
0 1 3 8 21500 2
0 1 4 15 21500 2
0 1 3 9 21500 2
0 1 3 0 21500 2
0 1 3 7 21500 2
0 1 3 13 21500 2
0 1 3 10 21500 2
0 1 3 13 21500 2
0 1 3 7 21500 2
0 1 3 13 21500 2
0 1 3 13 21500 2
0 1 3 8 21500 2
0 1 3 11 21500 2
0 1 3 6 21500 2
0 1 8 2 21500 2
0 1 2 4 21500 2
0 1 2 0 21500 2
0 1 2 14 21500 2
0 1 2 5 21500 2
0 1 2 5 21500 2
0 1 2 5 21500 2
0 1 2 10 21500 2
0 1 2 1 21500 2
0 1 2 4 21500 2
0 1 2 0 21500 2
0 1 2 15 21500 2
0 1 1 10 21500 2
0 1 8 2 21500 2
0 1 4 1 21500 2
0 1 4 14 21500 2
0 1 8 14 21500 2
0 1 7 5 21500 2
0 1 7 10 21500 2
0 1 7 14 21500 2
0 1 7 7 21500 2
0 1 7 5 21500 2
0 1 7 8 21500 2
0 1 7 8 21500 2
0 1 7 0 21500 2
0 1 6 1 21500 2
0 1 6 12 21500 2
0 1 6 0 21500 2
0 1 6 13 21500 2
0 1 6 12 21500 2
0 1 4 6 21500 2
0 1 4 13 21500 2
0 1 4 6 21500 2
0 1 4 8 21500 2
0 1 4 15 21500 2
0 1 5 3 21500 2
0 1 5 0 21500 2
0 1 5 7 21500 2
0 1 6 6 21500 2
0 1 4 7 21500 2
0 1 11 14 22000 2
0 1 11 12 22000 2
0 1 11 15 22000 2
0 1 11 2 22000 2
0 1 11 9 22000 2
0 1 11 1 22000 2
0 1 11 7 22000 2
0 1 11 14 22000 2
0 1 11 11 22000 2
0 1 11 9 22000 2
0 1 11 11 22000 2
0 1 11 3 22000 2
0 1 11 14 22000 2
0 1 11 12 22000 2
0 1 11 13 22000 2
0 1 11 7 22000 2
0 1 11 11 22000 2
0 1 11 5 22000 2
0 1 11 8 22000 2
0 1 11 10 22000 2
0 1 10 6 22000 2
0 1 10 13 22000 2
0 1 10 4 22000 2
0 1 9 12 22000 2
0 1 9 11 22000 2
0 1 9 7 22000 2
0 1 9 10 22000 2
0 1 12 8 22000 2
0 1 12 3 22000 2
0 1 12 3 22000 2
0 1 12 2 22000 2
0 1 12 1 22000 2
0 1 12 1 22000 2
0 1 12 2 22000 2
0 1 12 1 22000 2
0 1 12 14 22000 2
0 1 12 15 22000 2
0 1 12 2 22000 2
0 1 12 8 22000 2
0 1 12 0 22000 2
0 1 12 14 22000 2
0 1 11 4 22000 2
0 1 12 7 22000 2
0 1 12 5 22000 2
0 1 12 4 22000 2
0 1 12 9 22000 2
0 1 12 0 22000 2
0 1 12 1 22000 2
0 1 12 0 22000 2
0 1 12 6 22000 2
0 1 12 8 22000 2
0 1 12 8 22000 2
0 1 12 15 22000 2
0 1 12 3 22000 2
0 1 11 2 22000 2
0 1 3 13 22000 2
0 1 4 8 22000 2
0 1 4 6 22000 2
0 1 4 12 22000 2
0 1 3 4 22000 2
0 1 3 10 22000 2
0 1 3 5 22000 2
0 1 3 0 22000 2
0 1 3 10 22000 2
0 1 3 9 22000 2
0 1 3 14 22000 2
0 1 3 4 22000 2
0 1 3 9 22000 2
0 1 3 3 22000 2
0 1 9 14 22000 2
0 1 3 8 22000 2
0 1 3 15 22000 2
0 1 2 6 22000 2
0 1 2 7 22000 2
0 1 2 4 22000 2
0 1 2 2 22000 2
0 1 2 11 22000 2
0 1 2 10 22000 2
0 1 2 0 22000 2
0 1 2 6 22000 2
0 1 2 6 22000 2
0 1 1 5 22000 2
0 1 9 1 22000 2
0 1 4 11 22000 2
0 1 4 6 22000 2
0 1 8 15 22000 2
0 1 8 13 22000 2
0 1 8 14 22000 2
0 1 8 11 22000 2
0 1 7 4 22000 2
0 1 7 15 22000 2
0 1 7 6 22000 2
0 1 7 2 22000 2
0 1 7 12 22000 2
0 1 7 4 22000 2
0 1 7 13 22000 2
0 1 6 4 22000 2
0 1 6 14 22000 2
0 1 6 2 22000 2
0 1 4 1 22000 2
0 1 4 8 22000 2
0 1 4 13 22000 2
0 1 5 3 22000 2
0 1 5 14 22000 2
0 1 5 14 22000 2
0 1 5 3 22000 2
0 1 5 1 22000 2
0 1 6 11 22000 2
0 1 6 15 22000 2
0 1 6 4 22000 2
0 1 11 15 22500 2
0 1 11 8 22500 2
0 1 11 9 22500 2
0 1 11 1 22500 2
0 1 11 9 22500 2
0 1 11 14 22500 2
0 1 11 10 22500 2
0 1 11 10 22500 2
0 1 11 7 22500 2
0 1 11 8 22500 2
0 1 11 5 22500 2
0 1 11 12 22500 2
0 1 11 11 22500 2
0 1 11 12 22500 2
0 1 11 3 22500 2
0 1 11 2 22500 2
0 1 11 0 22500 2
0 1 11 15 22500 2
0 1 11 14 22500 2
0 1 11 15 22500 2
0 1 11 5 22500 2
0 1 11 1 22500 2
0 1 11 3 22500 2
0 1 10 8 22500 2
0 1 10 2 22500 2
0 1 10 6 22500 2
0 1 9 12 22500 2
0 1 12 2 22500 2
0 1 2 8 22500 2
0 1 12 13 22500 2
0 1 12 15 22500 2
0 1 12 2 22500 2
0 1 12 6 22500 2
0 1 12 14 22500 2
0 1 12 0 22500 2
0 1 12 11 22500 2
0 1 12 4 22500 2
0 1 12 14 22500 2
0 1 12 3 22500 2
0 1 12 3 22500 2
0 1 12 15 22500 2
0 1 11 5 22500 2
0 1 12 10 22500 2
0 1 12 14 22500 2
0 1 12 4 22500 2
0 1 12 13 22500 2
0 1 12 7 22500 2
0 1 12 5 22500 2
0 1 12 15 22500 2
0 1 12 3 22500 2
0 1 12 13 22500 2
0 1 12 2 22500 2
0 1 12 0 22500 2
0 1 12 1 22500 2
0 1 11 8 22500 2
0 1 3 10 22500 2
0 1 4 4 22500 2
0 1 4 14 22500 2
0 1 4 9 22500 2
0 1 4 1 22500 2
0 1 4 14 22500 2
0 1 3 7 22500 2
0 1 3 6 22500 2
0 1 3 4 22500 2
0 1 3 8 22500 2
0 1 3 15 22500 2
0 1 3 14 22500 2
0 1 3 15 22500 2
0 1 3 2 22500 2
0 1 9 14 22500 2
0 1 3 15 22500 2
0 1 3 15 22500 2
0 1 2 1 22500 2
0 1 2 10 22500 2
0 1 1 9 22500 2
0 1 2 14 22500 2
0 1 2 15 22500 2
0 1 2 13 22500 2
0 1 2 3 22500 2
0 1 2 3 22500 2
0 1 2 0 22500 2
0 1 2 14 22500 2
0 1 9 4 22500 2
0 1 4 13 22500 2
0 1 4 8 22500 2
0 1 9 8 22500 2
0 1 9 13 22500 2
0 1 9 10 22500 2
0 1 9 12 22500 2
0 1 9 4 22500 2
0 1 8 6 22500 2
0 1 8 9 22500 2
0 1 8 14 22500 2
0 1 8 6 22500 2
0 1 8 13 22500 2
0 1 7 10 22500 2
0 1 7 8 22500 2
0 1 7 6 22500 2
0 1 7 11 22500 2
0 1 5 8 22500 2
0 1 5 9 22500 2
0 1 5 12 22500 2
0 1 6 1 22500 2
0 1 6 10 22500 2
0 1 6 14 22500 2
0 1 6 0 22500 2
0 1 6 0 22500 2
0 1 6 1 22500 2
0 1 7 11 22500 2
0 1 7 6 22500 2
0 1 11 14 23000 2
0 1 11 7 23000 2
0 1 11 12 23000 2
0 1 11 10 23000 2
0 1 11 1 23000 2
0 1 11 0 23000 2
0 1 11 14 23000 2
0 1 11 14 23000 2
0 1 11 15 23000 2
0 1 11 11 23000 2
0 1 11 11 23000 2
0 1 11 3 23000 2
0 1 11 10 23000 2
0 1 11 8 23000 2
0 1 11 8 23000 2
0 1 11 7 23000 2
0 1 11 15 23000 2
0 1 11 4 23000 2
0 1 11 13 23000 2
0 1 10 11 23000 2
0 1 10 9 23000 2
0 1 10 2 23000 2
0 1 9 4 23000 2
0 1 9 14 23000 2
0 1 9 7 23000 2
0 1 9 15 23000 2
0 1 9 1 23000 2
0 1 9 4 23000 2
0 1 9 4 23000 2
0 1 12 7 23000 2
0 1 12 8 23000 2
0 1 12 4 23000 2
0 1 12 3 23000 2
0 1 12 14 23000 2
0 1 12 0 23000 2
0 1 12 9 23000 2
0 1 12 3 23000 2
0 1 12 5 23000 2
0 1 12 4 23000 2
0 1 12 10 23000 2
0 1 12 11 23000 2
0 1 12 12 23000 2
0 1 12 15 23000 2
0 1 11 6 23000 2
0 1 12 5 23000 2
0 1 12 2 23000 2
0 1 12 13 23000 2
0 1 12 2 23000 2
0 1 12 2 23000 2
0 1 12 8 23000 2
0 1 12 5 23000 2
0 1 12 7 23000 2
0 1 12 13 23000 2
0 1 12 12 23000 2
0 1 12 8 23000 2
0 1 12 0 23000 2
0 1 11 10 23000 2
0 1 3 13 23000 2
0 1 4 9 23000 2
0 1 4 7 23000 2
0 1 3 5 23000 2
0 1 3 7 23000 2
0 1 3 12 23000 2
0 1 3 1 23000 2
0 1 3 8 23000 2
0 1 3 10 23000 2
0 1 3 7 23000 2
0 1 3 13 23000 2
0 1 3 12 23000 2
0 1 3 3 23000 2
0 1 3 11 23000 2
0 1 3 15 23000 2
0 1 8 5 23000 2
0 1 2 9 23000 2
0 1 2 12 23000 2
0 1 2 8 23000 2
0 1 2 7 23000 2
0 1 2 5 23000 2
0 1 2 10 23000 2
0 1 2 2 23000 2
0 1 2 2 23000 2
0 1 2 13 23000 2
0 1 2 3 23000 2
0 1 1 5 23000 2
0 1 1 15 23000 2
0 1 1 5 23000 2
0 1 4 13 23000 2
0 1 4 11 23000 2
0 1 9 15 23000 2
0 1 8 4 23000 2
0 1 8 1 23000 2
0 1 8 7 23000 2
0 1 8 4 23000 2
0 1 8 7 23000 2
0 1 8 2 23000 2
0 1 7 1 23000 2
0 1 7 3 23000 2
0 1 7 15 23000 2
0 1 7 11 23000 2
0 1 7 6 23000 2
0 1 6 8 23000 2
0 1 6 6 23000 2
0 1 6 9 23000 2
0 1 4 10 23000 2
0 1 4 15 23000 2
0 1 4 2 23000 2
0 1 4 2 23000 2
0 1 5 11 23000 2
0 1 5 11 23000 2
0 1 5 14 23000 2
0 1 5 10 23000 2
0 1 5 0 23000 2
0 1 5 11 23000 2
0 1 6 2 23000 2
0 1 11 10 23500 2
0 1 11 4 23500 2
0 1 11 15 23500 2
0 1 11 1 23500 2
0 1 11 15 23500 2
0 1 11 8 23500 2
0 1 11 11 23500 2
0 1 11 6 23500 2
0 1 11 5 23500 2
0 1 11 3 23500 2
0 1 11 2 23500 2
0 1 11 5 23500 2
0 1 11 4 23500 2
0 1 11 8 23500 2
0 1 11 13 23500 2
0 1 11 12 23500 2
0 1 11 5 23500 2
0 1 11 7 23500 2
0 1 11 8 23500 2
0 1 11 8 23500 2
0 1 11 10 23500 2
0 1 11 10 23500 2
0 1 10 4 23500 2
0 1 10 4 23500 2
0 1 10 12 23500 2
0 1 9 11 23500 2
0 1 9 6 23500 2
0 1 9 0 23500 2
0 1 9 8 23500 2
0 1 12 7 23500 2
0 1 9 9 23500 2
0 1 12 6 23500 2
0 1 12 13 23500 2
0 1 12 4 23500 2
0 1 12 13 23500 2
0 1 12 5 23500 2
0 1 12 3 23500 2
0 1 12 3 23500 2
0 1 12 13 23500 2
0 1 12 5 23500 2
0 1 12 5 23500 2
0 1 12 2 23500 2
0 1 12 5 23500 2
0 1 12 2 23500 2
0 1 11 13 23500 2
0 1 12 6 23500 2
0 1 12 5 23500 2
0 1 12 11 23500 2
0 1 12 6 23500 2
0 1 12 15 23500 2
0 1 12 3 23500 2
0 1 12 0 23500 2
0 1 12 0 23500 2
0 1 12 12 23500 2
0 1 12 10 23500 2
0 1 12 9 23500 2
0 1 11 4 23500 2
0 1 11 12 23500 2
0 1 11 1 23500 2
0 1 3 9 23500 2
0 1 4 2 23500 2
0 1 4 10 23500 2
0 1 3 11 23500 2
0 1 3 9 23500 2
0 1 3 3 23500 2
0 1 3 12 23500 2
0 1 3 5 23500 2
0 1 3 10 23500 2
0 1 3 13 23500 2
0 1 3 9 23500 2
0 1 3 9 23500 2
0 1 3 15 23500 2
0 1 3 10 23500 2
0 1 3 9 23500 2
0 1 1 10 23500 2
0 1 3 7 23500 2
0 1 3 13 23500 2
0 1 2 10 23500 2
0 1 2 2 23500 2
0 1 2 1 23500 2
0 1 2 2 23500 2
0 1 2 7 23500 2
0 1 2 1 23500 2
0 1 2 3 23500 2
0 1 2 4 23500 2
0 1 2 1 23500 2
0 1 2 9 23500 2
0 1 1 6 23500 2
0 1 9 4 23500 2
0 1 4 11 23500 2
0 1 9 2 23500 2
0 1 1 13 23500 2
0 1 8 4 23500 2
0 1 8 14 23500 2
0 1 8 1 23500 2
0 1 8 12 23500 2
0 1 8 9 23500 2
0 1 7 15 23500 2
0 1 7 13 23500 2
0 1 7 3 23500 2
0 1 7 0 23500 2
0 1 7 3 23500 2
0 1 7 8 23500 2
0 1 6 10 23500 2
0 1 6 4 23500 2
0 1 4 7 23500 2
0 1 4 6 23500 2
0 1 4 15 23500 2
0 1 4 0 23500 2
0 1 4 11 23500 2
0 1 5 3 23500 2
0 1 5 11 23500 2
0 1 5 7 23500 2
0 1 6 7 23500 2
0 1 6 8 23500 2
0 1 6 6 23500 2
0 1 5 15 23500 2
0 1 6 13 23500 2
0 1 5 7 23500 2
0 1 11 6 24000 2
0 1 11 11 24000 2
0 1 11 4 24000 2
0 1 11 7 24000 2
0 1 11 1 24000 2
0 1 11 11 24000 2
0 1 11 8 24000 2
0 1 11 6 24000 2
0 1 11 14 24000 2
0 1 11 3 24000 2
0 1 11 15 24000 2
0 1 11 0 24000 2
0 1 11 8 24000 2
0 1 11 6 24000 2
0 1 11 2 24000 2
0 1 11 15 24000 2
0 1 11 7 24000 2
0 1 11 8 24000 2
0 1 11 6 24000 2
0 1 11 10 24000 2
0 1 11 3 24000 2
0 1 10 11 24000 2
0 1 10 2 24000 2
0 1 10 7 24000 2
0 1 9 8 24000 2
0 1 9 6 24000 2
0 1 9 1 24000 2
0 1 9 12 24000 2
0 1 12 13 24000 2
0 1 9 4 24000 2
0 1 12 13 24000 2
0 1 12 4 24000 2
0 1 12 4 24000 2
0 1 12 0 24000 2
0 1 12 10 24000 2
0 1 12 7 24000 2
0 1 12 7 24000 2
0 1 12 10 24000 2
0 1 12 10 24000 2
0 1 12 9 24000 2
0 1 12 1 24000 2
0 1 12 2 24000 2
0 1 12 6 24000 2
0 1 11 2 24000 2
0 1 12 3 24000 2
0 1 12 11 24000 2
0 1 12 5 24000 2
0 1 12 13 24000 2
0 1 12 7 24000 2
0 1 12 3 24000 2
0 1 12 13 24000 2
0 1 12 0 24000 2
0 1 12 14 24000 2
0 1 12 15 24000 2
0 1 12 6 24000 2
0 1 11 9 24000 2
0 1 11 2 24000 2
0 1 2 15 24000 2
0 1 3 5 24000 2
0 1 3 8 24000 2
0 1 3 7 24000 2
0 1 3 5 24000 2
0 1 3 5 24000 2
0 1 3 4 24000 2
0 1 3 6 24000 2
0 1 3 1 24000 2
0 1 3 6 24000 2
0 1 3 9 24000 2
0 1 3 5 24000 2
0 1 3 3 24000 2
0 1 3 2 24000 2
0 1 3 14 24000 2
0 1 8 6 24000 2
0 1 2 12 24000 2
0 1 2 6 24000 2
0 1 2 14 24000 2
0 1 2 15 24000 2
0 1 2 2 24000 2
0 1 2 12 24000 2
0 1 2 4 24000 2
0 1 2 8 24000 2
0 1 2 13 24000 2
0 1 1 8 24000 2
0 1 1 8 24000 2
0 1 1 10 24000 2
0 1 9 1 24000 2
0 1 4 5 24000 2
0 1 4 3 24000 2
0 1 8 9 24000 2
0 1 8 2 24000 2
0 1 8 3 24000 2
0 1 8 2 24000 2
0 1 7 9 24000 2
0 1 7 9 24000 2
0 1 7 7 24000 2
0 1 7 5 24000 2
0 1 7 9 24000 2
0 1 7 6 24000 2
0 1 6 12 24000 2
0 1 6 1 24000 2
0 1 6 6 24000 2
0 1 6 8 24000 2
0 1 6 10 24000 2
0 1 4 3 24000 2
0 1 4 1 24000 2
0 1 4 10 24000 2
0 1 4 10 24000 2
0 1 4 5 24000 2
0 1 4 15 24000 2
0 1 5 11 24000 2
0 1 5 14 24000 2
0 1 5 8 24000 2
0 1 5 7 24000 2
0 1 5 11 24000 2
0 1 11 8 24500 2
0 1 11 3 24500 2
0 1 11 15 24500 2
0 1 11 5 24500 2
0 1 11 1 24500 2
0 1 11 5 24500 2
0 1 11 1 24500 2
0 1 11 2 24500 2
0 1 11 0 24500 2
0 1 11 8 24500 2
0 1 11 7 24500 2
0 1 11 12 24500 2
0 1 11 9 24500 2
0 1 11 13 24500 2
0 1 11 15 24500 2
0 1 11 9 24500 2
0 1 11 2 24500 2
0 1 11 11 24500 2
0 1 11 3 24500 2
0 1 11 5 24500 2
0 1 11 15 24500 2
0 1 10 11 24500 2
0 1 10 11 24500 2
0 1 10 11 24500 2
0 1 9 7 24500 2
0 1 9 6 24500 2
0 1 9 7 24500 2
0 1 9 12 24500 2
0 1 9 2 24500 2
0 1 12 2 24500 2
0 1 8 12 24500 2
0 1 12 11 24500 2
0 1 12 10 24500 2
0 1 12 8 24500 2
0 1 12 13 24500 2
0 1 12 15 24500 2
0 1 12 5 24500 2
0 1 12 11 24500 2
0 1 12 8 24500 2
0 1 12 2 24500 2
0 1 12 0 24500 2
0 1 12 10 24500 2
0 1 12 7 24500 2
0 1 12 12 24500 2
0 1 11 13 24500 2
0 1 12 9 24500 2
0 1 12 9 24500 2
0 1 12 7 24500 2
0 1 12 10 24500 2
0 1 12 13 24500 2
0 1 12 7 24500 2
0 1 12 7 24500 2
0 1 12 0 24500 2
0 1 12 6 24500 2
0 1 12 0 24500 2
0 1 12 11 24500 2
0 1 11 0 24500 2
0 1 11 3 24500 2
0 1 3 8 24500 2
0 1 4 3 24500 2
0 1 4 5 24500 2
0 1 4 9 24500 2
0 1 3 3 24500 2
0 1 3 9 24500 2
0 1 3 13 24500 2
0 1 3 4 24500 2
0 1 3 0 24500 2
0 1 3 3 24500 2
0 1 3 8 24500 2
0 1 3 8 24500 2
0 1 3 14 24500 2
0 1 3 0 24500 2
0 1 3 9 24500 2
0 1 9 3 24500 2
0 1 3 11 24500 2
0 1 3 7 24500 2
0 1 3 4 24500 2
0 1 2 5 24500 2
0 1 2 8 24500 2
0 1 2 15 24500 2
0 1 2 1 24500 2
0 1 2 11 24500 2
0 1 2 1 24500 2
0 1 2 8 24500 2
0 1 2 13 24500 2
0 1 2 2 24500 2
0 1 1 9 24500 2
0 1 9 5 24500 2
0 1 4 2 24500 2
0 1 4 10 24500 2
0 1 9 13 24500 2
0 1 8 12 24500 2
0 1 8 0 24500 2
0 1 1 2 24500 2
0 1 8 2 24500 2
0 1 8 10 24500 2
0 1 7 12 24500 2
0 1 7 12 24500 2
0 1 7 10 24500 2
0 1 7 10 24500 2
0 1 7 1 24500 2
0 1 7 3 24500 2
0 1 7 2 24500 2
0 1 6 6 24500 2
0 1 6 14 24500 2
0 1 4 9 24500 2
0 1 4 12 24500 2
0 1 4 1 24500 2
0 1 5 11 24500 2
0 1 5 0 24500 2
0 1 5 4 24500 2
0 1 6 1 24500 2
0 1 6 2 24500 2
0 1 6 6 24500 2
0 1 6 4 24500 2
0 1 5 13 24500 2
0 1 11 2 25000 2
0 1 11 1 25000 2
0 1 11 5 25000 2
0 1 11 12 25000 2
0 1 11 5 25000 2
0 1 11 9 25000 2
0 1 11 2 25000 2
0 1 11 13 25000 2
0 1 11 6 25000 2
0 1 11 4 25000 2
0 1 11 5 25000 2
0 1 11 15 25000 2
0 1 11 11 25000 2
0 1 11 1 25000 2
0 1 11 5 25000 2
0 1 11 2 25000 2
0 1 11 6 25000 2
0 1 11 10 25000 2
0 1 11 3 25000 2
0 1 11 12 25000 2
0 1 10 3 25000 2
0 1 10 4 25000 2
0 1 10 5 25000 2
0 1 9 3 25000 2
0 1 9 3 25000 2
0 1 9 9 25000 2
0 1 9 6 25000 2
0 1 9 6 25000 2
0 1 12 4 25000 2
0 1 9 8 25000 2
0 1 12 7 25000 2
0 1 12 14 25000 2
0 1 12 8 25000 2
0 1 12 5 25000 2
0 1 12 14 25000 2
0 1 12 9 25000 2
0 1 12 5 25000 2
0 1 12 7 25000 2
0 1 12 7 25000 2
0 1 12 7 25000 2
0 1 12 6 25000 2
0 1 12 0 25000 2
0 1 12 1 25000 2
0 1 12 15 25000 2
0 1 12 7 25000 2
0 1 12 5 25000 2
0 1 12 11 25000 2
0 1 12 0 25000 2
0 1 12 7 25000 2
0 1 12 2 25000 2
0 1 12 2 25000 2
0 1 12 0 25000 2
0 1 12 4 25000 2
0 1 12 0 25000 2
0 1 12 13 25000 2
0 1 12 11 25000 2
0 1 3 14 25000 2
0 1 4 5 25000 2
0 1 3 11 25000 2
0 1 3 0 25000 2
0 1 3 7 25000 2
0 1 3 2 25000 2
0 1 3 10 25000 2
0 1 3 5 25000 2
0 1 3 5 25000 2
0 1 3 9 25000 2
0 1 3 13 25000 2
0 1 3 11 25000 2
0 1 3 5 25000 2
0 1 3 8 25000 2
0 1 3 12 25000 2
0 1 9 4 25000 2
0 1 2 6 25000 2
0 1 2 11 25000 2
0 1 2 15 25000 2
0 1 2 14 25000 2
0 1 2 10 25000 2
0 1 2 2 25000 2
0 1 2 6 25000 2
0 1 2 5 25000 2
0 1 2 6 25000 2
0 1 1 6 25000 2
0 1 1 12 25000 2
0 1 1 0 25000 2
0 1 1 5 25000 2
0 1 4 13 25000 2
0 1 4 6 25000 2
0 1 8 11 25000 2
0 1 8 6 25000 2
0 1 8 13 25000 2
0 1 8 5 25000 2
0 1 8 8 25000 2
0 1 8 8 25000 2
0 1 8 4 25000 2
0 1 7 7 25000 2
0 1 7 13 25000 2
0 1 7 9 25000 2
0 1 7 15 25000 2
0 1 7 7 25000 2
0 1 6 9 25000 2
0 1 6 10 25000 2
0 1 4 6 25000 2
0 1 4 7 25000 2
0 1 4 4 25000 2
0 1 4 13 25000 2
0 1 5 6 25000 2
0 1 5 9 25000 2
0 1 5 9 25000 2
0 1 5 10 25000 2
0 1 5 9 25000 2
0 1 6 6 25000 2
0 1 6 9 25000 2
0 1 11 2 25500 2
0 1 11 10 25500 2
0 1 11 3 25500 2
0 1 11 6 25500 2
0 1 11 0 25500 2
0 1 11 6 25500 2
0 1 11 11 25500 2
0 1 11 3 25500 2
0 1 11 0 25500 2
0 1 11 13 25500 2
0 1 11 11 25500 2
0 1 11 15 25500 2
0 1 11 2 25500 2
0 1 11 11 25500 2
0 1 11 1 25500 2
0 1 11 5 25500 2
0 1 11 7 25500 2
0 1 10 14 25500 2
0 1 10 6 25500 2
0 1 10 9 25500 2
0 1 9 13 25500 2
0 1 9 9 25500 2
0 1 9 7 25500 2
0 1 9 2 25500 2
0 1 9 6 25500 2
0 1 9 3 25500 2
0 1 8 1 25500 2
0 1 9 0 25500 2
0 1 8 4 25500 2
0 1 12 7 25500 2
0 1 12 3 25500 2
0 1 12 3 25500 2
0 1 12 7 25500 2
0 1 12 9 25500 2
0 1 12 14 25500 2
0 1 12 0 25500 2
0 1 12 11 25500 2
0 1 12 9 25500 2
0 1 12 12 25500 2
0 1 12 10 25500 2
0 1 12 6 25500 2
0 1 12 7 25500 2
0 1 12 15 25500 2
0 1 12 15 25500 2
0 1 11 4 25500 2
0 1 12 0 25500 2
0 1 12 2 25500 2
0 1 12 7 25500 2
0 1 12 10 25500 2
0 1 12 9 25500 2
0 1 12 4 25500 2
0 1 12 11 25500 2
0 1 12 1 25500 2
0 1 11 4 25500 2
0 1 11 8 25500 2
0 1 11 2 25500 2
0 1 11 11 25500 2
0 1 11 8 25500 2
0 1 3 11 25500 2
0 1 4 7 25500 2
0 1 3 3 25500 2
0 1 3 11 25500 2
0 1 3 1 25500 2
0 1 3 7 25500 2
0 1 3 3 25500 2
0 1 3 13 25500 2
0 1 3 2 25500 2
0 1 3 3 25500 2
0 1 3 1 25500 2
0 1 3 12 25500 2
0 1 3 3 25500 2
0 1 3 2 25500 2
0 1 3 3 25500 2
0 1 1 12 25500 2
0 1 2 0 25500 2
0 1 2 6 25500 2
0 1 2 13 25500 2
0 1 2 5 25500 2
0 1 2 2 25500 2
0 1 2 5 25500 2
0 1 2 12 25500 2
0 1 2 6 25500 2
0 1 2 6 25500 2
0 1 1 6 25500 2
0 1 1 4 25500 2
0 1 1 14 25500 2
0 1 8 8 25500 2
0 1 4 9 25500 2
0 1 8 7 25500 2
0 1 8 13 25500 2
0 1 8 11 25500 2
0 1 7 4 25500 2
0 1 7 8 25500 2
0 1 7 4 25500 2
0 1 7 4 25500 2
0 1 7 11 25500 2
0 1 7 0 25500 2
0 1 7 7 25500 2
0 1 6 10 25500 2
0 1 6 11 25500 2
0 1 6 4 25500 2
0 1 6 12 25500 2
0 1 6 2 25500 2
0 1 4 4 25500 2
0 1 4 4 25500 2
0 1 4 0 25500 2
0 1 4 8 25500 2
0 1 4 15 25500 2
0 1 5 12 25500 2
0 1 5 8 25500 2
0 1 6 15 25500 2
0 1 5 1 25500 2
0 1 5 5 25500 2
0 1 5 15 25500 2
0 1 5 7 25500 2
0 1 5 11 25500 2
0 1 11 11 26000 2
0 1 11 2 26000 2
0 1 11 8 26000 2
0 1 11 5 26000 2
0 1 11 6 26000 2
0 1 11 15 26000 2
0 1 11 12 26000 2
0 1 11 4 26000 2
0 1 11 12 26000 2
0 1 11 15 26000 2
0 1 11 15 26000 2
0 1 11 10 26000 2
0 1 11 9 26000 2
0 1 11 11 26000 2
0 1 11 0 26000 2
0 1 11 14 26000 2
0 1 11 7 26000 2
0 1 11 13 26000 2
0 1 11 1 26000 2
0 1 11 3 26000 2
0 1 11 1 26000 2
0 1 11 10 26000 2
0 1 11 3 26000 2
0 1 10 15 26000 2
0 1 10 12 26000 2
0 1 10 6 26000 2
0 1 9 2 26000 2
0 1 12 7 26000 2
0 1 9 3 26000 2
0 1 12 15 26000 2
0 1 12 12 26000 2
0 1 12 6 26000 2
0 1 12 3 26000 2
0 1 12 0 26000 2
0 1 12 9 26000 2
0 1 12 7 26000 2
0 1 12 13 26000 2
0 1 12 5 26000 2
0 1 12 11 26000 2
0 1 12 5 26000 2
0 1 12 9 26000 2
0 1 11 3 26000 2
0 1 12 2 26000 2
0 1 12 8 26000 2
0 1 12 14 26000 2
0 1 12 12 26000 2
0 1 12 5 26000 2
0 1 12 11 26000 2
0 1 12 2 26000 2
0 1 12 9 26000 2
0 1 12 15 26000 2
0 1 12 0 26000 2
0 1 12 9 26000 2
0 1 12 4 26000 2
0 1 3 3 26000 2
0 1 4 0 26000 2
0 1 4 15 26000 2
0 1 3 11 26000 2
0 1 3 0 26000 2
0 1 3 12 26000 2
0 1 3 11 26000 2
0 1 3 4 26000 2
0 1 3 11 26000 2
0 1 3 7 26000 2
0 1 3 6 26000 2
0 1 3 6 26000 2
0 1 3 13 26000 2
0 1 3 5 26000 2
0 1 9 8 26000 2
0 1 2 15 26000 2
0 1 2 7 26000 2
0 1 2 2 26000 2
0 1 2 2 26000 2
0 1 2 1 26000 2
0 1 2 14 26000 2
0 1 2 5 26000 2
0 1 2 15 26000 2
0 1 2 6 26000 2
0 1 2 2 26000 2
0 1 1 2 26000 2
0 1 1 4 26000 2
0 1 9 11 26000 2
0 1 4 9 26000 2
0 1 4 1 26000 2
0 1 9 8 26000 2
0 1 8 12 26000 2
0 1 8 2 26000 2
0 1 8 1 26000 2
0 1 8 12 26000 2
0 1 8 13 26000 2
0 1 7 3 26000 2
0 1 7 11 26000 2
0 1 7 9 26000 2
0 1 7 6 26000 2
0 1 7 4 26000 2
0 1 7 13 26000 2
0 1 6 0 26000 2
0 1 7 2 26000 2
0 1 4 9 26000 2
0 1 4 6 26000 2
0 1 4 15 26000 2
0 1 5 1 26000 2
0 1 5 1 26000 2
0 1 5 0 26000 2
0 1 5 12 26000 2
0 1 6 1 26000 2
0 1 6 8 26000 2
0 1 6 14 26000 2
0 1 11 0 26500 2
0 1 11 12 26500 2
0 1 11 15 26500 2
0 1 11 15 26500 2
0 1 11 12 26500 2
0 1 11 11 26500 2
0 1 11 5 26500 2
0 1 11 14 26500 2
0 1 11 7 26500 2
0 1 11 12 26500 2
0 1 11 9 26500 2
0 1 11 14 26500 2
0 1 11 11 26500 2
0 1 11 5 26500 2
0 1 11 4 26500 2
0 1 11 11 26500 2
0 1 11 8 26500 2
0 1 11 12 26500 2
0 1 10 8 26500 2
0 1 10 9 26500 2
0 1 10 4 26500 2
0 1 9 10 26500 2
0 1 9 14 26500 2
0 1 9 9 26500 2
0 1 9 1 26500 2
0 1 9 3 26500 2
0 1 9 11 26500 2
0 1 9 13 26500 2
0 1 12 3 26500 2
0 1 7 6 26500 2
0 1 12 13 26500 2
0 1 12 6 26500 2
0 1 12 12 26500 2
0 1 12 0 26500 2
0 1 12 15 26500 2
0 1 12 7 26500 2
0 1 12 10 26500 2
0 1 12 12 26500 2
0 1 12 12 26500 2
0 1 12 10 26500 2
0 1 12 0 26500 2
0 1 12 10 26500 2
0 1 11 14 26500 2
0 1 12 3 26500 2
0 1 12 2 26500 2
0 1 12 4 26500 2
0 1 12 12 26500 2
0 1 12 5 26500 2
0 1 12 5 26500 2
0 1 12 13 26500 2
0 1 12 7 26500 2
0 1 12 13 26500 2
0 1 12 6 26500 2
0 1 11 6 26500 2
0 1 11 3 26500 2
0 1 11 3 26500 2
0 1 3 12 26500 2
0 1 4 11 26500 2
0 1 4 11 26500 2
0 1 3 11 26500 2
0 1 3 15 26500 2
0 1 3 14 26500 2
0 1 3 10 26500 2
0 1 3 11 26500 2
0 1 3 2 26500 2
0 1 3 12 26500 2
0 1 3 4 26500 2
0 1 3 1 26500 2
0 1 3 6 26500 2
0 1 3 2 26500 2
0 1 8 6 26500 2
0 1 3 12 26500 2
0 1 2 15 26500 2
0 1 2 14 26500 2
0 1 2 13 26500 2
0 1 2 4 26500 2
0 1 2 0 26500 2
0 1 2 12 26500 2
0 1 2 15 26500 2
0 1 2 14 26500 2
0 1 2 10 26500 2
0 1 1 8 26500 2
0 1 1 10 26500 2
0 1 8 5 26500 2
0 1 4 11 26500 2
0 1 4 2 26500 2
0 1 8 6 26500 2
0 1 8 0 26500 2
0 1 8 13 26500 2
0 1 8 14 26500 2
0 1 8 13 26500 2
0 1 7 0 26500 2
0 1 7 6 26500 2
0 1 7 1 26500 2
0 1 7 3 26500 2
0 1 7 5 26500 2
0 1 1 0 26500 2
0 1 7 0 26500 2
0 1 7 3 26500 2
0 1 7 8 26500 2
0 1 4 13 26500 2
0 1 4 7 26500 2
0 1 4 0 26500 2
0 1 4 5 26500 2
0 1 5 1 26500 2
0 1 5 13 26500 2
0 1 6 1 26500 2
0 1 6 5 26500 2
0 1 6 9 26500 2
0 1 6 14 26500 2
0 1 5 9 26500 2
0 1 11 8 27000 2
0 1 11 7 27000 2
0 1 11 10 27000 2
0 1 11 1 27000 2
0 1 11 13 27000 2
0 1 11 1 27000 2
0 1 11 10 27000 2
0 1 11 11 27000 2
0 1 11 8 27000 2
0 1 11 2 27000 2
0 1 11 9 27000 2
0 1 11 15 27000 2
0 1 11 12 27000 2
0 1 11 2 27000 2
0 1 11 1 27000 2
0 1 11 2 27000 2
0 1 11 0 27000 2
0 1 11 3 27000 2
0 1 11 10 27000 2
0 1 11 15 27000 2
0 1 10 11 27000 2
0 1 10 11 27000 2
0 1 10 8 27000 2
0 1 9 15 27000 2
0 1 9 9 27000 2
0 1 9 3 27000 2
0 1 9 4 27000 2
0 1 9 9 27000 2
0 1 12 6 27000 2
0 1 9 2 27000 2
0 1 12 10 27000 2
0 1 12 11 27000 2
0 1 12 4 27000 2
0 1 12 7 27000 2
0 1 12 0 27000 2
0 1 12 15 27000 2
0 1 12 6 27000 2
0 1 12 10 27000 2
0 1 12 2 27000 2
0 1 12 5 27000 2
0 1 12 15 27000 2
0 1 12 1 27000 2
0 1 11 5 27000 2
0 1 12 3 27000 2
0 1 12 3 27000 2
0 1 12 8 27000 2
0 1 12 4 27000 2
0 1 12 8 27000 2
0 1 12 4 27000 2
0 1 12 8 27000 2
0 1 12 2 27000 2
0 1 12 5 27000 2
0 1 12 14 27000 2
0 1 11 12 27000 2
0 1 11 4 27000 2
0 1 11 12 27000 2
0 1 3 8 27000 2
0 1 4 4 27000 2
0 1 4 11 27000 2
0 1 3 8 27000 2
0 1 3 14 27000 2
0 1 3 1 27000 2
0 1 3 6 27000 2
0 1 3 10 27000 2
0 1 3 2 27000 2
0 1 3 6 27000 2
0 1 3 10 27000 2
0 1 3 10 27000 2
0 1 3 1 27000 2
0 1 3 14 27000 2
0 1 3 1 27000 2
0 1 9 7 27000 2
0 1 3 7 27000 2
0 1 2 15 27000 2
0 1 2 14 27000 2
0 1 2 6 27000 2
0 1 2 10 27000 2
0 1 2 10 27000 2
0 1 2 2 27000 2
0 1 2 5 27000 2
0 1 2 0 27000 2
0 1 2 5 27000 2
0 1 2 10 27000 2
0 1 2 13 27000 2
0 1 1 6 27000 2
0 1 4 0 27000 2
0 1 4 2 27000 2
0 1 9 2 27000 2
0 1 8 13 27000 2
0 1 8 12 27000 2
0 1 8 4 27000 2
0 1 8 4 27000 2
0 1 8 2 27000 2
0 1 7 5 27000 2
0 1 7 0 27000 2
0 1 7 11 27000 2
0 1 7 6 27000 2
0 1 7 12 27000 2
0 1 7 14 27000 2
0 1 6 12 27000 2
0 1 7 5 27000 2
0 1 4 5 27000 2
0 1 4 0 27000 2
0 1 4 15 27000 2
0 1 5 3 27000 2
0 1 5 2 27000 2
0 1 5 12 27000 2
0 1 5 13 27000 2
0 1 6 15 27000 2
0 1 6 3 27000 2
0 1 6 0 27000 2
0 1 6 10 27000 2
0 1 11 13 27500 2
0 1 11 10 27500 2
0 1 11 9 27500 2
0 1 11 11 27500 2
0 1 11 12 27500 2
0 1 11 15 27500 2
0 1 11 12 27500 2
0 1 11 7 27500 2
0 1 11 3 27500 2
0 1 11 8 27500 2
0 1 11 7 27500 2
0 1 11 9 27500 2
0 1 11 10 27500 2
0 1 11 4 27500 2
0 1 11 6 27500 2
0 1 11 3 27500 2
0 1 11 11 27500 2
0 1 11 5 27500 2
0 1 11 12 27500 2
0 1 11 12 27500 2
0 1 10 10 27500 2
0 1 10 1 27500 2
0 1 10 15 27500 2
0 1 10 3 27500 2
0 1 9 0 27500 2
0 1 9 5 27500 2
0 1 9 15 27500 2
0 1 9 1 27500 2
0 1 12 15 27500 2
0 1 9 5 27500 2
0 1 12 15 27500 2
0 1 12 14 27500 2
0 1 12 5 27500 2
0 1 12 4 27500 2
0 1 12 14 27500 2
0 1 12 10 27500 2
0 1 12 9 27500 2
0 1 12 14 27500 2
0 1 12 10 27500 2
0 1 12 15 27500 2
0 1 12 0 27500 2
0 1 12 12 27500 2
0 1 12 6 27500 2
0 1 11 13 27500 2
0 1 12 13 27500 2
0 1 12 11 27500 2
0 1 12 13 27500 2
0 1 12 2 27500 2
0 1 12 0 27500 2
0 1 12 13 27500 2
0 1 12 1 27500 2
0 1 12 7 27500 2
0 1 12 10 27500 2
0 1 12 12 27500 2
0 1 11 0 27500 2
0 1 11 13 27500 2
0 1 11 7 27500 2
0 1 3 1 27500 2
0 1 4 5 27500 2
0 1 4 10 27500 2
0 1 4 12 27500 2
0 1 4 6 27500 2
0 1 3 10 27500 2
0 1 3 5 27500 2
0 1 3 2 27500 2
0 1 3 5 27500 2
0 1 3 14 27500 2
0 1 3 4 27500 2
0 1 3 3 27500 2
0 1 3 3 27500 2
0 1 3 11 27500 2
0 1 3 2 27500 2
0 1 9 3 27500 2
0 1 3 6 27500 2
0 1 2 10 27500 2
0 1 2 15 27500 2
0 1 2 9 27500 2
0 1 2 0 27500 2
0 1 2 4 27500 2
0 1 2 9 27500 2
0 1 2 14 27500 2
0 1 2 9 27500 2
0 1 2 6 27500 2
0 1 2 4 27500 2
0 1 1 11 27500 2
0 1 1 9 27500 2
0 1 4 0 27500 2
0 1 4 14 27500 2
0 1 8 6 27500 2
0 1 8 6 27500 2
0 1 8 14 27500 2
0 1 8 13 27500 2
0 1 8 7 27500 2
0 1 8 6 27500 2
0 1 7 4 27500 2
0 1 7 13 27500 2
0 1 7 11 27500 2
0 1 7 1 27500 2
0 1 7 14 27500 2
0 1 7 4 27500 2
0 1 7 4 27500 2
0 1 6 6 27500 2
0 1 7 11 27500 2
0 1 4 12 27500 2
0 1 5 8 27500 2
0 1 5 6 27500 2
0 1 5 7 27500 2
0 1 5 8 27500 2
0 1 5 10 27500 2
0 1 6 6 27500 2
0 1 6 11 27500 2
0 1 6 3 27500 2
0 1 6 4 27500 2
0 1 5 4 27500 2
0 1 11 10 28000 2
0 1 11 7 28000 2
0 1 11 11 28000 2
0 1 11 10 28000 2
0 1 11 1 28000 2
0 1 11 10 28000 2
0 1 11 0 28000 2
0 1 11 12 28000 2
0 1 11 12 28000 2
0 1 11 0 28000 2
0 1 11 5 28000 2
0 1 11 12 28000 2
0 1 11 11 28000 2
0 1 11 5 28000 2
0 1 11 11 28000 2
0 1 11 6 28000 2
0 1 11 3 28000 2
0 1 11 10 28000 2
0 1 11 12 28000 2
0 1 10 2 28000 2
0 1 10 6 28000 2
0 1 10 6 28000 2
0 1 10 11 28000 2
0 1 9 3 28000 2
0 1 9 4 28000 2
0 1 9 8 28000 2
0 1 9 12 28000 2
0 1 9 10 28000 2
0 1 12 5 28000 2
0 1 6 6 28000 2
0 1 12 6 28000 2
0 1 12 7 28000 2
0 1 12 11 28000 2
0 1 12 6 28000 2
0 1 12 12 28000 2
0 1 12 0 28000 2
0 1 12 2 28000 2
0 1 12 8 28000 2
0 1 12 8 28000 2
0 1 12 4 28000 2
0 1 12 4 28000 2
0 1 12 12 28000 2
0 1 12 2 28000 2
0 1 11 4 28000 2
0 1 12 5 28000 2
0 1 12 12 28000 2
0 1 12 15 28000 2
0 1 12 2 28000 2
0 1 12 15 28000 2
0 1 12 13 28000 2
0 1 12 5 28000 2
0 1 12 15 28000 2
0 1 12 10 28000 2
0 1 12 10 28000 2
0 1 12 15 28000 2
0 1 11 1 28000 2
0 1 11 5 28000 2
0 1 3 8 28000 2
0 1 4 6 28000 2
0 1 4 7 28000 2
0 1 3 8 28000 2
0 1 3 9 28000 2
0 1 3 11 28000 2
0 1 3 8 28000 2
0 1 3 10 28000 2
0 1 3 14 28000 2
0 1 3 11 28000 2
0 1 3 7 28000 2
0 1 3 6 28000 2
0 1 3 15 28000 2
0 1 3 2 28000 2
0 1 3 11 28000 2
0 1 8 3 28000 2
0 1 2 9 28000 2
0 1 2 1 28000 2
0 1 2 11 28000 2
0 1 2 4 28000 2
0 1 2 7 28000 2
0 1 2 0 28000 2
0 1 2 12 28000 2
0 1 2 9 28000 2
0 1 2 4 28000 2
0 1 2 10 28000 2
0 1 1 0 28000 2
0 1 1 2 28000 2
0 1 1 2 28000 2
0 1 4 6 28000 2
0 1 8 11 28000 2
0 1 8 4 28000 2
0 1 8 1 28000 2
0 1 8 12 28000 2
0 1 8 14 28000 2
0 1 7 0 28000 2
0 1 7 9 28000 2
0 1 7 14 28000 2
0 1 7 4 28000 2
0 1 7 3 28000 2
0 1 7 5 28000 2
0 1 6 3 28000 2
0 1 6 1 28000 2
0 1 4 11 28000 2
0 1 6 4 28000 2
0 1 4 11 28000 2
0 1 4 1 28000 2
0 1 4 7 28000 2
0 1 4 9 28000 2
0 1 4 8 28000 2
0 1 5 5 28000 2
0 1 5 2 28000 2
0 1 5 12 28000 2
0 1 5 0 28000 2
0 1 6 3 28000 2
0 1 6 14 28000 2
0 1 11 4 28500 2
0 1 11 13 28500 2
0 1 11 4 28500 2
0 1 11 8 28500 2
0 1 11 15 28500 2
0 1 11 15 28500 2
0 1 11 3 28500 2
0 1 11 4 28500 2
0 1 11 15 28500 2
0 1 11 5 28500 2
0 1 11 13 28500 2
0 1 10 4 28500 2
0 1 11 0 28500 2
0 1 11 1 28500 2
0 1 11 4 28500 2
0 1 11 12 28500 2
0 1 11 15 28500 2
0 1 11 11 28500 2
0 1 11 2 28500 2
0 1 11 1 28500 2
0 1 10 7 28500 2
0 1 10 9 28500 2
0 1 9 15 28500 2
0 1 9 12 28500 2
0 1 9 5 28500 2
0 1 9 15 28500 2
0 1 12 3 28500 2
0 1 8 1 28500 2
0 1 12 7 28500 2
0 1 12 12 28500 2
0 1 12 7 28500 2
0 1 12 6 28500 2
0 1 12 9 28500 2
0 1 12 9 28500 2
0 1 12 12 28500 2
0 1 12 12 28500 2
0 1 12 6 28500 2
0 1 12 1 28500 2
0 1 12 6 28500 2
0 1 12 10 28500 2
0 1 11 13 28500 2
0 1 12 0 28500 2
0 1 12 1 28500 2
0 1 12 4 28500 2
0 1 12 4 28500 2
0 1 12 10 28500 2
0 1 12 0 28500 2
0 1 12 12 28500 2
0 1 12 10 28500 2
0 1 12 6 28500 2
0 1 12 6 28500 2
0 1 12 15 28500 2
0 1 11 7 28500 2
0 1 3 14 28500 2
0 1 3 3 28500 2
0 1 3 12 28500 2
0 1 3 11 28500 2
0 1 3 13 28500 2
0 1 3 6 28500 2
0 1 3 2 28500 2
0 1 3 7 28500 2
0 1 3 3 28500 2
0 1 3 5 28500 2
0 1 3 5 28500 2
0 1 3 1 28500 2
0 1 3 5 28500 2
0 1 3 3 28500 2
0 1 8 6 28500 2
0 1 3 13 28500 2
0 1 2 4 28500 2
0 1 2 15 28500 2
0 1 2 15 28500 2
0 1 2 0 28500 2
0 1 2 7 28500 2
0 1 2 10 28500 2
0 1 2 10 28500 2
0 1 2 5 28500 2
0 1 1 7 28500 2
0 1 1 4 28500 2
0 1 8 2 28500 2
0 1 4 4 28500 2
0 1 3 8 28500 2
0 1 8 10 28500 2
0 1 8 8 28500 2
0 1 8 14 28500 2
0 1 7 3 28500 2
0 1 7 6 28500 2
0 1 7 3 28500 2
0 1 7 7 28500 2
0 1 7 2 28500 2
0 1 7 14 28500 2
0 1 6 4 28500 2
0 1 6 7 28500 2
0 1 6 4 28500 2
0 1 6 1 28500 2
0 1 6 4 28500 2
0 1 4 7 28500 2
0 1 4 9 28500 2
0 1 4 6 28500 2
0 1 4 8 28500 2
0 1 4 10 28500 2
0 1 5 0 28500 2
0 1 5 1 28500 2
0 1 5 14 28500 2
0 1 5 15 28500 2
0 1 4 2 28500 2
0 1 11 13 29000 2
0 1 11 2 29000 2
0 1 11 8 29000 2
0 1 11 12 29000 2
0 1 11 0 29000 2
0 1 11 8 29000 2
0 1 11 15 29000 2
0 1 11 12 29000 2
0 1 11 2 29000 2
0 1 11 7 29000 2
0 1 11 7 29000 2
0 1 11 2 29000 2
0 1 11 5 29000 2
0 1 11 10 29000 2
0 1 11 15 29000 2
0 1 11 10 29000 2
0 1 11 8 29000 2
0 1 10 5 29000 2
0 1 10 15 29000 2
0 1 10 15 29000 2
0 1 9 4 29000 2
0 1 9 1 29000 2
0 1 9 5 29000 2
0 1 9 15 29000 2
0 1 9 6 29000 2
0 1 9 8 29000 2
0 1 9 11 29000 2
0 1 12 4 29000 2
0 1 9 1 29000 2
0 1 12 8 29000 2
0 1 12 0 29000 2
0 1 12 15 29000 2
0 1 12 4 29000 2
0 1 12 1 29000 2
0 1 12 4 29000 2
0 1 12 4 29000 2
0 1 12 0 29000 2
0 1 12 3 29000 2
0 1 12 10 29000 2
0 1 12 3 29000 2
0 1 12 0 29000 2
0 1 11 3 29000 2
0 1 12 1 29000 2
0 1 12 7 29000 2
0 1 12 5 29000 2
0 1 12 11 29000 2
0 1 12 8 29000 2
0 1 12 11 29000 2
0 1 12 13 29000 2
0 1 12 2 29000 2
0 1 12 7 29000 2
0 1 11 1 29000 2
0 1 11 9 29000 2
0 1 11 15 29000 2
0 1 3 3 29000 2
0 1 4 2 29000 2
0 1 4 0 29000 2
0 1 4 4 29000 2
0 1 3 14 29000 2
0 1 3 0 29000 2
0 1 3 15 29000 2
0 1 3 7 29000 2
0 1 3 0 29000 2
0 1 3 1 29000 2
0 1 3 4 29000 2
0 1 3 14 29000 2
0 1 3 11 29000 2
0 1 3 15 29000 2
0 1 8 15 29000 2
0 1 3 2 29000 2
0 1 3 1 29000 2
0 1 2 12 29000 2
0 1 2 6 29000 2
0 1 2 15 29000 2
0 1 2 10 29000 2
0 1 2 10 29000 2
0 1 2 11 29000 2
0 1 2 13 29000 2
0 1 2 9 29000 2
0 1 2 1 29000 2
0 1 1 2 29000 2
0 1 1 0 29000 2
0 1 4 10 29000 2
0 1 8 0 29000 2
0 1 8 1 29000 2
0 1 8 14 29000 2
0 1 8 3 29000 2
0 1 8 15 29000 2
0 1 8 9 29000 2
0 1 7 8 29000 2
0 1 7 11 29000 2
0 1 7 15 29000 2
0 1 7 2 29000 2
0 1 7 6 29000 2
0 1 6 6 29000 2
0 1 6 6 29000 2
0 1 6 10 29000 2
0 1 6 11 29000 2
0 1 4 1 29000 2
0 1 4 15 29000 2
0 1 4 15 29000 2
0 1 4 0 29000 2
0 1 4 9 29000 2
0 1 5 5 29000 2
0 1 5 9 29000 2
0 1 5 3 29000 2
0 1 5 3 29000 2
0 1 6 15 29000 2
0 1 5 6 29000 2
0 1 11 2 29500 2
0 1 11 0 29500 2
0 1 11 8 29500 2
0 1 11 0 29500 2
0 1 11 0 29500 2
0 1 11 1 29500 2
0 1 11 1 29500 2
0 1 11 2 29500 2
0 1 11 6 29500 2
0 1 11 8 29500 2
0 1 11 2 29500 2
0 1 11 11 29500 2
0 1 11 9 29500 2
0 1 11 15 29500 2
0 1 11 12 29500 2
0 1 11 15 29500 2
0 1 11 0 29500 2
0 1 11 12 29500 2
0 1 11 3 29500 2
0 1 11 15 29500 2
0 1 10 11 29500 2
0 1 10 6 29500 2
0 1 10 8 29500 2
0 1 9 14 29500 2
0 1 9 11 29500 2
0 1 9 6 29500 2
0 1 12 2 29500 2
0 1 9 12 29500 2
0 1 12 15 29500 2
0 1 12 7 29500 2
0 1 12 9 29500 2
0 1 12 1 29500 2
0 1 12 11 29500 2
0 1 12 15 29500 2
0 1 12 1 29500 2
0 1 12 3 29500 2
0 1 12 2 29500 2
0 1 12 12 29500 2
0 1 12 5 29500 2
0 1 12 10 29500 2
0 1 11 5 29500 2
0 1 12 2 29500 2
0 1 12 0 29500 2
0 1 12 15 29500 2
0 1 12 8 29500 2
0 1 12 12 29500 2
0 1 12 10 29500 2
0 1 12 13 29500 2
0 1 12 3 29500 2
0 1 12 3 29500 2
0 1 12 14 29500 2
0 1 11 4 29500 2
0 1 11 15 29500 2
0 1 11 5 29500 2
0 1 3 13 29500 2
0 1 4 14 29500 2
0 1 4 14 29500 2
0 1 4 9 29500 2
0 1 3 4 29500 2
0 1 3 10 29500 2
0 1 3 15 29500 2
0 1 3 0 29500 2
0 1 3 1 29500 2
0 1 3 3 29500 2
0 1 3 11 29500 2
0 1 3 0 29500 2
0 1 3 2 29500 2
0 1 3 14 29500 2
0 1 9 13 29500 2
0 1 3 8 29500 2
0 1 2 2 29500 2
0 1 2 1 29500 2
0 1 2 13 29500 2
0 1 2 0 29500 2
0 1 2 6 29500 2
0 1 2 4 29500 2
0 1 2 4 29500 2
0 1 2 11 29500 2
0 1 1 15 29500 2
0 1 1 2 29500 2
0 1 1 11 29500 2
0 1 9 8 29500 2
0 1 4 15 29500 2
0 1 4 7 29500 2
0 1 8 2 29500 2
0 1 8 10 29500 2
0 1 8 2 29500 2
0 1 8 5 29500 2
0 1 8 3 29500 2
0 1 8 10 29500 2
0 1 7 4 29500 2
0 1 7 7 29500 2
0 1 7 10 29500 2
0 1 7 12 29500 2
0 1 7 8 29500 2
0 1 7 15 29500 2
0 1 6 2 29500 2
0 1 6 13 29500 2
0 1 4 12 29500 2
0 1 4 9 29500 2
0 1 4 6 29500 2
0 1 5 14 29500 2
0 1 5 3 29500 2
0 1 5 9 29500 2
0 1 5 2 29500 2
0 1 5 2 29500 2
0 1 6 0 29500 2
0 1 6 4 29500 2
0 1 6 12 29500 2
0 1 11 8 30000 2
0 1 11 3 30000 2
0 1 11 9 30000 2
0 1 11 8 30000 2
0 1 11 10 30000 2
0 1 11 5 30000 2
0 1 11 11 30000 2
0 1 11 10 30000 2
0 1 11 1 30000 2
0 1 11 12 30000 2
0 1 11 8 30000 2
0 1 11 14 30000 2
0 1 11 11 30000 2
0 1 11 14 30000 2
0 1 11 2 30000 2
0 1 11 15 30000 2
0 1 11 14 30000 2
0 1 10 11 30000 2
0 1 10 14 30000 2
0 1 10 13 30000 2
0 1 9 15 30000 2
0 1 9 7 30000 2
0 1 9 8 30000 2
0 1 9 1 30000 2
0 1 9 14 30000 2
0 1 9 5 30000 2
0 1 9 12 30000 2
0 1 12 4 30000 2
0 1 12 13 30000 2
0 1 12 11 30000 2
0 1 12 12 30000 2
0 1 12 7 30000 2
0 1 12 6 30000 2
0 1 12 7 30000 2
0 1 12 10 30000 2
0 1 12 12 30000 2
0 1 12 6 30000 2
0 1 12 10 30000 2
0 1 12 14 30000 2
0 1 12 10 30000 2
0 1 12 6 30000 2
0 1 11 15 30000 2
0 1 12 8 30000 2
0 1 12 0 30000 2
0 1 12 14 30000 2
0 1 12 0 30000 2
0 1 12 6 30000 2
0 1 12 14 30000 2
0 1 12 13 30000 2
0 1 12 7 30000 2
0 1 12 9 30000 2
0 1 12 9 30000 2
0 1 11 3 30000 2
0 1 11 8 30000 2
0 1 11 11 30000 2
0 1 2 5 30000 2
0 1 4 9 30000 2
0 1 3 10 30000 2
0 1 3 8 30000 2
0 1 3 5 30000 2
0 1 3 13 30000 2
0 1 3 10 30000 2
0 1 3 9 30000 2
0 1 3 4 30000 2
0 1 3 8 30000 2
0 1 3 2 30000 2
0 1 3 2 30000 2
0 1 3 9 30000 2
0 1 3 0 30000 2
0 1 8 5 30000 2
0 1 2 15 30000 2
0 1 2 5 30000 2
0 1 2 13 30000 2
0 1 2 6 30000 2
0 1 2 9 30000 2
0 1 2 1 30000 2
0 1 2 12 30000 2
0 1 2 8 30000 2
0 1 2 4 30000 2
0 1 1 12 30000 2
0 1 1 1 30000 2
0 1 1 3 30000 2
0 1 8 9 30000 2
0 1 4 1 30000 2
0 1 4 5 30000 2
0 1 8 15 30000 2
0 1 8 15 30000 2
0 1 8 14 30000 2
0 1 8 12 30000 2
0 1 8 3 30000 2
0 1 7 0 30000 2
0 1 7 0 30000 2
0 1 7 1 30000 2
0 1 7 13 30000 2
0 1 7 4 30000 2
0 1 7 9 30000 2
0 1 7 3 30000 2
0 1 6 14 30000 2
0 1 6 3 30000 2
0 1 4 3 30000 2
0 1 4 0 30000 2
0 1 4 10 30000 2
0 1 4 8 30000 2
0 1 5 5 30000 2
0 1 5 15 30000 2
0 1 5 6 30000 2
0 1 5 15 30000 2
0 1 6 4 30000 2
0 1 6 8 30000 2
0 1 6 4 30000 2
0 1 11 0 30500 2
0 1 11 2 30500 2
0 1 11 13 30500 2
0 1 11 0 30500 2
0 1 11 5 30500 2
0 1 11 15 30500 2
0 1 11 2 30500 2
0 1 11 15 30500 2
0 1 11 3 30500 2
0 1 11 4 30500 2
0 1 11 10 30500 2
0 1 11 0 30500 2
0 1 11 11 30500 2
0 1 11 14 30500 2
0 1 11 11 30500 2
0 1 11 1 30500 2
0 1 11 14 30500 2
0 1 11 9 30500 2
0 1 11 12 30500 2
0 1 10 5 30500 2
0 1 10 0 30500 2
0 1 10 8 30500 2
0 1 10 2 30500 2
0 1 9 10 30500 2
0 1 9 7 30500 2
0 1 9 7 30500 2
0 1 9 2 30500 2
0 1 9 15 30500 2
0 1 12 4 30500 2
0 1 12 15 30500 2
0 1 12 7 30500 2
0 1 12 13 30500 2
0 1 12 8 30500 2
0 1 12 2 30500 2
0 1 12 14 30500 2
0 1 12 1 30500 2
0 1 12 11 30500 2
0 1 12 10 30500 2
0 1 12 5 30500 2
0 1 12 1 30500 2
0 1 12 11 30500 2
0 1 12 0 30500 2
0 1 12 1 30500 2
0 1 11 5 30500 2
0 1 12 2 30500 2
0 1 12 5 30500 2
0 1 12 5 30500 2
0 1 12 7 30500 2
0 1 12 5 30500 2
0 1 12 8 30500 2
0 1 12 11 30500 2
0 1 12 1 30500 2
0 1 12 8 30500 2
0 1 12 8 30500 2
0 1 11 11 30500 2
0 1 11 6 30500 2
0 1 11 10 30500 2
0 1 3 14 30500 2
0 1 4 7 30500 2
0 1 4 11 30500 2
0 1 4 3 30500 2
0 1 3 9 30500 2
0 1 3 11 30500 2
0 1 3 15 30500 2
0 1 3 7 30500 2
0 1 3 6 30500 2
0 1 3 1 30500 2
0 1 3 5 30500 2
0 1 3 8 30500 2
0 1 3 13 30500 2
0 1 3 9 30500 2
0 1 3 10 30500 2
0 1 9 12 30500 2
0 1 3 8 30500 2
0 1 3 12 30500 2
0 1 3 6 30500 2
0 1 2 6 30500 2
0 1 2 13 30500 2
0 1 2 9 30500 2
0 1 2 14 30500 2
0 1 2 0 30500 2
0 1 2 0 30500 2
0 1 2 15 30500 2
0 1 2 2 30500 2
0 1 1 6 30500 2
0 1 9 13 30500 2
0 1 4 5 30500 2
0 1 4 10 30500 2
0 1 8 2 30500 2
0 1 8 15 30500 2
0 1 8 9 30500 2
0 1 8 14 30500 2
0 1 8 4 30500 2
0 1 8 1 30500 2
0 1 7 14 30500 2
0 1 7 6 30500 2
0 1 7 4 30500 2
0 1 7 6 30500 2
0 1 7 4 30500 2
0 1 7 1 30500 2
0 1 7 11 30500 2
0 1 6 7 30500 2
0 1 7 9 30500 2
0 1 4 7 30500 2
0 1 4 9 30500 2
0 1 5 5 30500 2
0 1 5 10 30500 2
0 1 5 5 30500 2
0 1 5 2 30500 2
0 1 6 6 30500 2
0 1 6 0 30500 2
0 1 6 5 30500 2
0 1 6 9 30500 2
0 1 5 0 30500 2
0 1 11 1 31000 2
0 1 11 3 31000 2
0 1 11 11 31000 2
0 1 11 11 31000 2
0 1 11 7 31000 2
0 1 11 9 31000 2
0 1 11 11 31000 2
0 1 11 0 31000 2
0 1 11 7 31000 2
0 1 11 13 31000 2
0 1 11 0 31000 2
0 1 11 11 31000 2
0 1 11 8 31000 2
0 1 11 11 31000 2
0 1 11 7 31000 2
0 1 11 14 31000 2
0 1 11 10 31000 2
0 1 11 9 31000 2
0 1 11 15 31000 2
0 1 11 5 31000 2
0 1 11 8 31000 2
0 1 11 12 31000 2
0 1 10 10 31000 2
0 1 10 14 31000 2
0 1 10 2 31000 2
0 1 9 14 31000 2
0 1 9 6 31000 2
0 1 9 2 31000 2
0 1 12 2 31000 2
0 1 9 14 31000 2
0 1 12 6 31000 2
0 1 12 14 31000 2
0 1 12 7 31000 2
0 1 12 7 31000 2
0 1 12 10 31000 2
0 1 12 3 31000 2
0 1 12 7 31000 2
0 1 12 9 31000 2
0 1 12 1 31000 2
0 1 12 7 31000 2
0 1 12 2 31000 2
0 1 12 14 31000 2
0 1 12 2 31000 2
0 1 11 14 31000 2
0 1 12 3 31000 2
0 1 12 14 31000 2
0 1 12 13 31000 2
0 1 12 8 31000 2
0 1 12 11 31000 2
0 1 12 11 31000 2
0 1 12 2 31000 2
0 1 12 12 31000 2
0 1 12 11 31000 2
0 1 12 3 31000 2
0 1 12 6 31000 2
0 1 11 13 31000 2
0 1 11 14 31000 2
0 1 2 10 31000 2
0 1 4 0 31000 2
0 1 4 9 31000 2
0 1 3 0 31000 2
0 1 3 5 31000 2
0 1 3 13 31000 2
0 1 3 2 31000 2
0 1 3 13 31000 2
0 1 3 8 31000 2
0 1 3 1 31000 2
0 1 3 15 31000 2
0 1 3 4 31000 2
0 1 3 11 31000 2
0 1 3 0 31000 2
0 1 3 14 31000 2
0 1 9 9 31000 2
0 1 2 5 31000 2
0 1 2 13 31000 2
0 1 2 12 31000 2
0 1 2 4 31000 2
0 1 2 5 31000 2
0 1 2 15 31000 2
0 1 2 7 31000 2
0 1 2 14 31000 2
0 1 2 11 31000 2
0 1 2 12 31000 2
0 1 1 13 31000 2
0 1 1 8 31000 2
0 1 1 11 31000 2
0 1 4 7 31000 2
0 1 8 15 31000 2
0 1 8 12 31000 2
0 1 8 9 31000 2
0 1 8 15 31000 2
0 1 8 15 31000 2
0 1 8 11 31000 2
0 1 8 12 31000 2
0 1 8 0 31000 2
0 1 7 13 31000 2
0 1 7 9 31000 2
0 1 7 5 31000 2
0 1 7 15 31000 2
0 1 7 7 31000 2
0 1 7 3 31000 2
0 1 7 7 31000 2
0 1 4 15 31000 2
0 1 4 14 31000 2
0 1 5 10 31000 2
0 1 5 14 31000 2
0 1 5 9 31000 2
0 1 5 6 31000 2
0 1 6 3 31000 2
0 1 6 14 31000 2
0 1 6 15 31000 2
0 1 7 0 31000 2
0 1 7 3 31000 2
0 1 6 0 31000 2
0 1 11 14 31500 2
0 1 11 9 31500 2
0 1 11 14 31500 2
0 1 11 3 31500 2
0 1 11 7 31500 2
0 1 11 4 31500 2
0 1 11 2 31500 2
0 1 11 5 31500 2
0 1 11 0 31500 2
0 1 11 14 31500 2
0 1 11 6 31500 2
0 1 11 2 31500 2
0 1 11 8 31500 2
0 1 10 3 31500 2
0 1 10 4 31500 2
0 1 10 9 31500 2
0 1 9 10 31500 2
0 1 9 2 31500 2
0 1 9 1 31500 2
0 1 9 1 31500 2
0 1 9 6 31500 2
0 1 9 13 31500 2
0 1 9 7 31500 2
0 1 9 7 31500 2
0 1 8 0 31500 2
0 1 8 13 31500 2
0 1 8 7 31500 2
0 1 12 9 31500 2
0 1 7 5 31500 2
0 1 12 3 31500 2
0 1 12 0 31500 2
0 1 12 1 31500 2
0 1 12 12 31500 2
0 1 12 5 31500 2
0 1 12 1 31500 2
0 1 12 0 31500 2
0 1 12 11 31500 2
0 1 12 9 31500 2
0 1 12 12 31500 2
0 1 12 11 31500 2
0 1 12 13 31500 2
0 1 11 14 31500 2
0 1 12 15 31500 2
0 1 12 13 31500 2
0 1 12 5 31500 2
0 1 12 11 31500 2
0 1 12 12 31500 2
0 1 12 7 31500 2
0 1 11 14 31500 2
0 1 11 12 31500 2
0 1 11 11 31500 2
0 1 11 5 31500 2
0 1 11 15 31500 2
0 1 11 0 31500 2
0 1 11 15 31500 2
0 1 3 10 31500 2
0 1 4 14 31500 2
0 1 4 14 31500 2
0 1 3 10 31500 2
0 1 3 13 31500 2
0 1 3 1 31500 2
0 1 3 11 31500 2
0 1 3 15 31500 2
0 1 3 0 31500 2
0 1 3 7 31500 2
0 1 3 3 31500 2
0 1 3 14 31500 2
0 1 3 11 31500 2
0 1 3 8 31500 2
0 1 8 10 31500 2
0 1 3 15 31500 2
0 1 3 14 31500 2
0 1 2 9 31500 2
0 1 2 5 31500 2
0 1 2 12 31500 2
0 1 2 10 31500 2
0 1 2 9 31500 2
0 1 2 3 31500 2
0 1 2 4 31500 2
0 1 2 10 31500 2
0 1 2 2 31500 2
0 1 1 1 31500 2
0 1 8 8 31500 2
0 1 4 4 31500 2
0 1 4 3 31500 2
0 1 8 8 31500 2
0 1 8 9 31500 2
0 1 8 1 31500 2
0 1 7 10 31500 2
0 1 1 13 31500 2
0 1 7 15 31500 2
0 1 7 9 31500 2
0 1 7 0 31500 2
0 1 7 3 31500 2
0 1 7 11 31500 2
0 1 6 8 31500 2
0 1 6 3 31500 2
0 1 6 4 31500 2
0 1 6 5 31500 2
0 1 4 5 31500 2
0 1 4 11 31500 2
0 1 4 8 31500 2
0 1 4 7 31500 2
0 1 4 9 31500 2
0 1 5 6 31500 2
0 1 5 13 31500 2
0 1 5 9 31500 2
0 1 6 11 31500 2
0 1 6 2 31500 2
0 1 4 7 31500 2
0 1 11 7 32000 2
0 1 11 5 32000 2
0 1 11 10 32000 2
0 1 11 7 32000 2
0 1 11 11 32000 2
0 1 11 1 32000 2
0 1 11 11 32000 2
0 1 11 12 32000 2
0 1 11 15 32000 2
0 1 11 10 32000 2
0 1 11 9 32000 2
0 1 11 9 32000 2
0 1 11 1 32000 2
0 1 11 3 32000 2
0 1 11 4 32000 2
0 1 11 15 32000 2
0 1 11 12 32000 2
0 1 11 3 32000 2
0 1 11 1 32000 2
0 1 10 2 32000 2
0 1 10 9 32000 2
0 1 10 9 32000 2
0 1 9 10 32000 2
0 1 9 4 32000 2
0 1 9 12 32000 2
0 1 9 1 32000 2
0 1 9 4 32000 2
0 1 12 15 32000 2
0 1 12 14 32000 2
0 1 12 14 32000 2
0 1 12 13 32000 2
0 1 12 13 32000 2
0 1 12 6 32000 2
0 1 12 8 32000 2
0 1 12 2 32000 2
0 1 12 11 32000 2
0 1 12 7 32000 2
0 1 12 7 32000 2
0 1 12 4 32000 2
0 1 12 3 32000 2
0 1 12 3 32000 2
0 1 11 6 32000 2
0 1 12 5 32000 2
0 1 12 10 32000 2
0 1 12 10 32000 2
0 1 12 0 32000 2
0 1 12 0 32000 2
0 1 12 10 32000 2
0 1 12 13 32000 2
0 1 11 3 32000 2
0 1 11 11 32000 2
0 1 11 15 32000 2
0 1 11 13 32000 2
0 1 11 14 32000 2
0 1 3 15 32000 2
0 1 4 9 32000 2
0 1 4 0 32000 2
0 1 4 13 32000 2
0 1 3 1 32000 2
0 1 3 4 32000 2
0 1 3 8 32000 2
0 1 3 5 32000 2
0 1 3 7 32000 2
0 1 3 3 32000 2
0 1 3 11 32000 2
0 1 3 14 32000 2
0 1 3 3 32000 2
0 1 3 4 32000 2
0 1 9 6 32000 2
0 1 2 9 32000 2
0 1 2 14 32000 2
0 1 2 1 32000 2
0 1 2 8 32000 2
0 1 2 11 32000 2
0 1 2 2 32000 2
0 1 2 1 32000 2
0 1 2 4 32000 2
0 1 2 8 32000 2
0 1 2 13 32000 2
0 1 1 4 32000 2
0 1 1 13 32000 2
0 1 4 6 32000 2
0 1 4 5 32000 2
0 1 9 13 32000 2
0 1 8 12 32000 2
0 1 8 4 32000 2
0 1 8 6 32000 2
0 1 8 4 32000 2
0 1 8 1 32000 2
0 1 8 6 32000 2
0 1 7 10 32000 2
0 1 7 11 32000 2
0 1 7 3 32000 2
0 1 7 4 32000 2
0 1 7 4 32000 2
0 1 6 6 32000 2
0 1 7 9 32000 2
0 1 4 1 32000 2
0 1 5 2 32000 2
0 1 5 9 32000 2
0 1 5 5 32000 2
0 1 5 7 32000 2
0 1 6 0 32000 2
0 1 6 14 32000 2
0 1 6 8 32000 2
0 1 6 6 32000 2
0 1 6 13 32000 2
0 1 6 0 32000 2
0 1 8 5 32500 2
0 1 8 1 32500 2
0 1 9 0 32500 2
0 1 9 3 32500 2
0 1 10 6 32500 2
0 1 6 9 32500 2
0 1 10 0 32500 2
0 1 10 11 32500 2
0 1 11 15 32500 2
0 1 11 8 32500 2
0 1 11 8 32500 2
0 1 11 15 32500 2
0 1 12 1 32500 2
0 1 12 6 32500 2
0 1 12 15 32500 2
0 1 12 1 32500 2
0 1 13 14 32500 2
0 1 13 6 32500 2
0 1 8 11 32500 2
0 1 2 10 32500 2
0 1 3 11 32500 2
0 1 3 7 32500 2
0 1 3 6 32500 2
0 1 4 6 32500 2
0 1 4 15 32500 2
0 1 4 5 32500 2
0 1 5 4 32500 2
0 1 6 7 32500 2
0 1 5 15 32500 2
0 1 8 13 32500 2
0 1 7 12 32500 2
0 1 7 13 32500 2
0 1 7 9 32500 2
0 1 7 12 32500 2
0 1 6 12 32500 2
0 1 6 2 32500 2
0 1 8 1 33000 2
0 1 8 7 33000 2
0 1 9 11 33000 2
0 1 9 12 33000 2
0 1 10 10 33000 2
0 1 11 5 33000 2
0 1 11 1 33000 2
0 1 11 8 33000 2
0 1 11 15 33000 2
0 1 11 14 33000 2
0 1 12 13 33000 2
0 1 12 10 33000 2
0 1 12 15 33000 2
0 1 12 9 33000 2
0 1 13 6 33000 2
0 1 10 13 33000 2
0 1 8 6 33000 2
0 1 8 7 33000 2
0 1 3 11 33000 2
0 1 3 8 33000 2
0 1 4 6 33000 2
0 1 4 10 33000 2
0 1 5 8 33000 2
0 1 5 5 33000 2
0 1 6 8 33000 2
0 1 6 3 33000 2
0 1 6 1 33000 2
0 1 2 12 33000 2
0 1 7 2 33000 2
0 1 7 11 33000 2
0 1 7 14 33000 2
0 1 7 12 33000 2
0 1 6 14 33000 2
0 1 10 11 33500 2
0 1 10 13 33500 2
0 1 10 12 33500 2
0 1 11 0 33500 2
0 1 11 11 33500 2
0 1 11 13 33500 2
0 1 11 6 33500 2
0 1 11 14 33500 2
0 1 11 11 33500 2
0 1 12 11 33500 2
0 1 12 8 33500 2
0 1 12 6 33500 2
0 1 12 5 33500 2
0 1 12 12 33500 2
0 1 12 13 33500 2
0 1 13 5 33500 2
0 1 9 6 33500 2
0 1 9 13 33500 2
0 1 2 6 33500 2
0 1 2 13 33500 2
0 1 3 2 33500 2
0 1 4 10 33500 2
0 1 5 11 33500 2
0 1 5 0 33500 2
0 1 6 6 33500 2
0 1 6 11 33500 2
0 1 6 8 33500 2
0 1 7 0 33500 2
0 1 7 4 33500 2
0 1 7 3 33500 2
0 1 8 10 33500 2
0 1 8 0 33500 2
0 1 8 5 33500 2
0 1 8 3 33500 2
0 1 7 1 33500 2
0 1 11 15 34000 2
0 1 10 11 34000 2
0 1 10 7 34000 2
0 1 10 9 34000 2
0 1 9 0 34000 2
0 1 9 1 34000 2
0 1 9 3 34000 2
0 1 8 1 34000 2
0 1 8 9 34000 2
0 1 11 14 34000 2
0 1 11 0 34000 2
0 1 11 8 34000 2
0 1 11 15 34000 2
0 1 12 15 34000 2
0 1 12 11 34000 2
0 1 12 4 34000 2
0 1 12 7 34000 2
0 1 12 5 34000 2
0 1 4 6 34000 2
0 1 8 15 34000 2
0 1 2 2 34000 2
0 1 3 9 34000 2
0 1 3 10 34000 2
0 1 8 2 34000 2
0 1 4 7 34000 2
0 1 4 6 34000 2
0 1 4 1 34000 2
0 1 5 1 34000 2
0 1 5 7 34000 2
0 1 6 6 34000 2
0 1 6 6 34000 2
0 1 6 12 34000 2
0 1 6 8 34000 2
0 1 7 0 34000 2
0 1 7 5 34000 2
0 1 7 0 34000 2
0 1 8 15 34000 2
0 1 6 14 34000 2
0 1 11 15 34500 2
0 1 10 4 34500 2
0 1 10 3 34500 2
0 1 10 12 34500 2
0 1 10 8 34500 2
0 1 9 11 34500 2
0 1 9 2 34500 2
0 1 9 14 34500 2
0 1 9 10 34500 2
0 1 8 14 34500 2
0 1 11 1 34500 2
0 1 11 14 34500 2
0 1 11 12 34500 2
0 1 11 3 34500 2
0 1 12 11 34500 2
0 1 12 14 34500 2
0 1 12 4 34500 2
0 1 12 11 34500 2
0 1 12 15 34500 2
0 1 13 3 34500 2
0 1 8 10 34500 2
0 1 7 12 34500 2
0 1 8 14 34500 2
0 1 2 0 34500 2
0 1 3 5 34500 2
0 1 3 12 34500 2
0 1 3 15 34500 2
0 1 3 1 34500 2
0 1 4 9 34500 2
0 1 4 15 34500 2
0 1 4 5 34500 2
0 1 5 15 34500 2
0 1 5 6 34500 2
0 1 6 11 34500 2
0 1 5 5 34500 2
0 1 2 0 34500 2
0 1 7 1 34500 2
0 1 7 9 34500 2
0 1 7 7 34500 2
0 1 6 7 34500 2
0 1 6 3 34500 2
0 1 6 6 34500 2
0 1 6 1 34500 2
0 1 9 2 35000 2
0 1 9 11 35000 2
0 1 9 4 35000 2
0 1 10 15 35000 2
0 1 10 13 35000 2
0 1 10 13 35000 2
0 1 11 1 35000 2
0 1 11 3 35000 2
0 1 11 12 35000 2
0 1 11 6 35000 2
0 1 11 12 35000 2
0 1 11 9 35000 2
0 1 12 13 35000 2
0 1 12 12 35000 2
0 1 12 11 35000 2
0 1 12 10 35000 2
0 1 13 13 35000 2
0 1 13 7 35000 2
0 1 8 13 35000 2
0 1 8 1 35000 2
0 1 2 2 35000 2
0 1 3 12 35000 2
0 1 3 10 35000 2
0 1 3 1 35000 2
0 1 3 0 35000 2
0 1 4 7 35000 2
0 1 4 10 35000 2
0 1 4 9 35000 2
0 1 5 7 35000 2
0 1 5 6 35000 2
0 1 8 5 35000 2
0 1 7 9 35000 2
0 1 7 5 35000 2
0 1 6 15 35000 2
0 1 6 15 35000 2
0 1 6 0 35000 2
0 1 6 8 35000 2
0 1 8 9 35500 2
0 1 8 15 35500 2
0 1 8 0 35500 2
0 1 9 15 35500 2
0 1 9 8 35500 2
0 1 9 11 35500 2
0 1 9 3 35500 2
0 1 10 8 35500 2
0 1 10 5 35500 2
0 1 11 6 35500 2
0 1 11 5 35500 2
0 1 11 2 35500 2
0 1 11 4 35500 2
0 1 12 11 35500 2
0 1 12 5 35500 2
0 1 12 11 35500 2
0 1 12 7 35500 2
0 1 12 15 35500 2
0 1 13 5 35500 2
0 1 7 6 35500 2
0 1 2 12 35500 2
0 1 3 6 35500 2
0 1 3 11 35500 2
0 1 3 1 35500 2
0 1 3 5 35500 2
0 1 4 8 35500 2
0 1 4 2 35500 2
0 1 4 14 35500 2
0 1 5 6 35500 2
0 1 6 12 35500 2
0 1 5 14 35500 2
0 1 8 13 35500 2
0 1 7 0 35500 2
0 1 7 4 35500 2
0 1 6 0 35500 2
0 1 6 1 35500 2
0 1 6 0 35500 2
0 1 6 4 35500 2
0 1 9 4 36000 2
0 1 9 10 36000 2
0 1 10 7 36000 2
0 1 10 11 36000 2
0 1 10 1 36000 2
0 1 10 1 36000 2
0 1 11 13 36000 2
0 1 11 4 36000 2
0 1 11 11 36000 2
0 1 11 10 36000 2
0 1 11 3 36000 2
0 1 12 7 36000 2
0 1 12 1 36000 2
0 1 12 2 36000 2
0 1 12 14 36000 2
0 1 12 10 36000 2
0 1 12 5 36000 2
0 1 13 8 36000 2
0 1 8 11 36000 2
0 1 9 14 36000 2
0 1 2 0 36000 2
0 1 3 7 36000 2
0 1 3 8 36000 2
0 1 3 10 36000 2
0 1 3 2 36000 2
0 1 4 4 36000 2
0 1 4 7 36000 2
0 1 5 13 36000 2
0 1 6 10 36000 2
0 1 7 14 36000 2
0 1 7 2 36000 2
0 1 7 10 36000 2
0 1 8 4 36000 2
0 1 8 12 36000 2
0 1 8 6 36000 2
0 1 6 5 36000 2
0 1 11 3 36500 2
0 1 10 15 36500 2
0 1 10 0 36500 2
0 1 10 10 36500 2
0 1 9 13 36500 2
0 1 9 4 36500 2
0 1 9 13 36500 2
0 1 8 12 36500 2
0 1 8 11 36500 2
0 1 12 15 36500 2
0 1 8 5 36500 2
0 1 11 1 36500 2
0 1 11 7 36500 2
0 1 11 9 36500 2
0 1 11 6 36500 2
0 1 11 12 36500 2
0 1 12 1 36500 2
0 1 12 12 36500 2
0 1 12 8 36500 2
0 1 12 1 36500 2
0 1 13 14 36500 2
0 1 13 5 36500 2
0 1 8 4 36500 2
0 1 8 3 36500 2
0 1 2 13 36500 2
0 1 3 4 36500 2
0 1 2 4 36500 2
0 1 3 8 36500 2
0 1 3 1 36500 2
0 1 4 8 36500 2
0 1 4 7 36500 2
0 1 4 14 36500 2
0 1 4 4 36500 2
0 1 4 5 36500 2
0 1 5 6 36500 2
0 1 5 2 36500 2
0 1 7 15 36500 2
0 1 7 13 36500 2
0 1 7 8 36500 2
0 1 6 5 36500 2
0 1 6 4 36500 2
0 1 6 1 36500 2
0 1 6 10 36500 2
0 1 6 10 36500 2
0 1 8 4 37000 2
0 1 9 4 37000 2
0 1 8 0 37000 2
0 1 9 4 37000 2
0 1 9 7 37000 2
0 1 10 0 37000 2
0 1 10 4 37000 2
0 1 10 15 37000 2
0 1 11 6 37000 2
0 1 11 0 37000 2
0 1 11 0 37000 2
0 1 11 15 37000 2
0 1 11 12 37000 2
0 1 12 4 37000 2
0 1 12 5 37000 2
0 1 12 12 37000 2
0 1 12 10 37000 2
0 1 12 10 37000 2
0 1 12 5 37000 2
0 1 13 14 37000 2
0 1 8 15 37000 2
0 1 2 6 37000 2
0 1 3 7 37000 2
0 1 3 3 37000 2
0 1 4 15 37000 2
0 1 4 4 37000 2
0 1 4 11 37000 2
0 1 5 7 37000 2
0 1 6 10 37000 2
0 1 6 0 37000 2
0 1 6 3 37000 2
0 1 6 8 37000 2
0 1 8 8 37000 2
0 1 8 8 37000 2
0 1 8 5 37000 2
0 1 7 5 37000 2
0 1 7 6 37000 2
0 1 7 6 37000 2
0 1 6 8 37000 2
0 1 6 2 37000 2
0 1 8 1 37500 2
0 1 9 1 37500 2
0 1 9 15 37500 2
0 1 7 3 37500 2
0 1 9 14 37500 2
0 1 9 11 37500 2
0 1 10 6 37500 2
0 1 10 12 37500 2
0 1 10 8 37500 2
0 1 11 15 37500 2
0 1 11 0 37500 2
0 1 11 0 37500 2
0 1 11 5 37500 2
0 1 12 13 37500 2
0 1 12 10 37500 2
0 1 12 5 37500 2
0 1 8 4 37500 2
0 1 8 0 37500 2
0 1 2 6 37500 2
0 1 3 10 37500 2
0 1 3 8 37500 2
0 1 4 9 37500 2
0 1 4 12 37500 2
0 1 5 15 37500 2
0 1 5 3 37500 2
0 1 6 8 37500 2
0 1 6 10 37500 2
0 1 6 3 37500 2
0 1 6 15 37500 2
0 1 7 12 37500 2
0 1 7 15 37500 2
0 1 8 4 37500 2
0 1 8 0 38000 2
0 1 8 7 38000 2
0 1 9 10 38000 2
0 1 9 0 38000 2
0 1 9 8 38000 2
0 1 10 7 38000 2
0 1 10 12 38000 2
0 1 11 14 38000 2
0 1 11 0 38000 2
0 1 11 4 38000 2
0 1 11 10 38000 2
0 1 12 15 38000 2
0 1 12 15 38000 2
0 1 12 15 38000 2
0 1 12 13 38000 2
0 1 12 1 38000 2
0 1 13 13 38000 2
0 1 13 2 38000 2
0 1 7 2 38000 2
0 1 2 5 38000 2
0 1 3 9 38000 2
0 1 3 1 38000 2
0 1 3 4 38000 2
0 1 3 2 38000 2
0 1 4 7 38000 2
0 1 4 1 38000 2
0 1 4 5 38000 2
0 1 5 13 38000 2
0 1 6 6 38000 2
0 1 6 8 38000 2
0 1 6 0 38000 2
0 1 6 12 38000 2
0 1 7 5 38000 2
0 1 7 3 38000 2
0 1 7 4 38000 2
0 1 7 13 38000 2
0 1 5 11 38000 2
0 1 10 14 38500 2
0 1 9 9 38500 2
0 1 9 9 38500 2
0 1 9 1 38500 2
0 1 8 2 38500 2
0 1 8 10 38500 2
0 1 8 10 38500 2
0 1 8 5 38500 2
0 1 8 14 38500 2
0 1 10 11 38500 2
0 1 11 2 38500 2
0 1 11 7 38500 2
0 1 11 0 38500 2
0 1 11 10 38500 2
0 1 12 1 38500 2
0 1 12 6 38500 2
0 1 12 1 38500 2
0 1 13 11 38500 2
0 1 3 7 38500 2
0 1 7 4 38500 2
0 1 7 14 38500 2
0 1 2 0 38500 2
0 1 2 11 38500 2
0 1 3 14 38500 2
0 1 3 1 38500 2
0 1 3 15 38500 2
0 1 4 6 38500 2
0 1 4 12 38500 2
0 1 4 4 38500 2
0 1 5 1 38500 2
0 1 6 4 38500 2
0 1 6 6 38500 2
0 1 6 4 38500 2
0 1 6 14 38500 2
0 1 7 13 38500 2
0 1 7 2 38500 2
0 1 7 6 38500 2
0 1 4 4 38500 2
0 1 11 1 39000 2
0 1 10 4 39000 2
0 1 10 10 39000 2
0 1 9 7 39000 2
0 1 9 8 39000 2
0 1 9 1 39000 2
0 1 8 6 39000 2
0 1 8 9 39000 2
0 1 8 1 39000 2
0 1 11 5 39000 2
0 1 11 15 39000 2
0 1 11 3 39000 2
0 1 11 3 39000 2
0 1 12 12 39000 2
0 1 12 12 39000 2
0 1 12 6 39000 2
0 1 12 13 39000 2
0 1 12 12 39000 2
0 1 13 4 39000 2
0 1 7 5 39000 2
0 1 7 6 39000 2
0 1 2 9 39000 2
0 1 2 14 39000 2
0 1 3 7 39000 2
0 1 3 11 39000 2
0 1 3 9 39000 2
0 1 4 2 39000 2
0 1 4 14 39000 2
0 1 4 3 39000 2
0 1 5 1 39000 2
0 1 4 13 39000 2
0 1 7 9 39000 2
0 1 7 5 39000 2
0 1 6 0 39000 2
0 1 6 10 39000 2
0 1 6 11 39000 2
0 1 6 8 39000 2
0 1 5 6 39000 2
0 1 8 3 39500 2
0 1 9 5 39500 2
0 1 8 1 39500 2
0 1 9 3 39500 2
0 1 9 14 39500 2
0 1 9 9 39500 2
0 1 10 2 39500 2
0 1 10 4 39500 2
0 1 10 6 39500 2
0 1 11 15 39500 2
0 1 11 3 39500 2
0 1 11 11 39500 2
0 1 11 6 39500 2
0 1 11 2 39500 2
0 1 12 8 39500 2
0 1 12 6 39500 2
0 1 12 13 39500 2
0 1 12 14 39500 2
0 1 12 9 39500 2
0 1 13 4 39500 2
0 1 8 7 39500 2
0 1 2 1 39500 2
0 1 2 4 39500 2
0 1 2 11 39500 2
0 1 3 14 39500 2
0 1 3 7 39500 2
0 1 3 8 39500 2
0 1 4 2 39500 2
0 1 4 11 39500 2
0 1 4 7 39500 2
0 1 4 1 39500 2
0 1 5 3 39500 2
0 1 8 0 39500 2
0 1 7 12 39500 2
0 1 7 1 39500 2
0 1 7 15 39500 2
0 1 5 14 39500 2
0 1 7 4 39500 2
0 1 6 10 39500 2
0 1 6 14 39500 2
0 1 6 7 39500 2
0 1 8 12 40000 2
0 1 9 5 40000 2
0 1 9 11 40000 2
0 1 9 6 40000 2
0 1 10 8 40000 2
0 1 10 8 40000 2
0 1 10 4 40000 2
0 1 11 0 40000 2
0 1 11 4 40000 2
0 1 11 7 40000 2
0 1 11 5 40000 2
0 1 11 15 40000 2
0 1 12 3 40000 2
0 1 12 6 40000 2
0 1 12 11 40000 2
0 1 12 5 40000 2
0 1 12 8 40000 2
0 1 13 11 40000 2
0 1 4 6 40000 2
0 1 8 1 40000 2
0 1 2 8 40000 2
0 1 3 4 40000 2
0 1 3 8 40000 2
0 1 3 1 40000 2
0 1 4 12 40000 2
0 1 4 14 40000 2
0 1 5 0 40000 2
0 1 5 10 40000 2
0 1 6 0 40000 2
0 1 6 14 40000 2
0 1 8 13 40000 2
0 1 8 6 40000 2
0 1 8 4 40000 2
0 1 7 5 40000 2
0 1 6 10 40000 2
0 1 7 0 40000 2
0 1 7 1 40000 2
0 1 7 15 40000 2
0 1 8 15 40500 2
0 1 8 6 40500 2
0 1 9 12 40500 2
0 1 9 5 40500 2
0 1 10 14 40500 2
0 1 10 8 40500 2
0 1 10 8 40500 2
0 1 11 0 40500 2
0 1 11 13 40500 2
0 1 11 11 40500 2
0 1 11 3 40500 2
0 1 12 5 40500 2
0 1 12 5 40500 2
0 1 12 13 40500 2
0 1 12 13 40500 2
0 1 12 9 40500 2
0 1 13 12 40500 2
0 1 13 9 40500 2
0 1 13 2 40500 2
0 1 9 11 40500 2
0 1 8 13 40500 2
0 1 8 8 40500 2
0 1 2 4 40500 2
0 1 3 3 40500 2
0 1 3 4 40500 2
0 1 3 1 40500 2
0 1 3 8 40500 2
0 1 3 3 40500 2
0 1 4 13 40500 2
0 1 4 2 40500 2
0 1 5 8 40500 2
0 1 6 10 40500 2
0 1 5 11 40500 2
0 1 7 5 40500 2
0 1 2 8 40500 2
0 1 7 5 40500 2
0 1 7 7 40500 2
0 1 7 6 40500 2
0 1 6 15 40500 2
0 1 6 15 40500 2
0 1 6 3 40500 2
0 1 8 7 41000 2
0 1 9 0 41000 2
0 1 9 11 41000 2
0 1 9 12 41000 2
0 1 9 9 41000 2
0 1 10 9 41000 2
0 1 10 3 41000 2
0 1 11 3 41000 2
0 1 11 7 41000 2
0 1 11 5 41000 2
0 1 11 3 41000 2
0 1 11 12 41000 2
0 1 12 10 41000 2
0 1 12 1 41000 2
0 1 12 13 41000 2
0 1 12 8 41000 2
0 1 12 11 41000 2
0 1 13 8 41000 2
0 1 2 2 41000 2
0 1 8 10 41000 2
0 1 3 3 41000 2
0 1 3 14 41000 2
0 1 3 12 41000 2
0 1 4 6 41000 2
0 1 4 14 41000 2
0 1 4 9 41000 2
0 1 4 2 41000 2
0 1 5 5 41000 2
0 1 6 9 41000 2
0 1 8 8 41000 2
0 1 7 9 41000 2
0 1 7 10 41000 2
0 1 7 2 41000 2
0 1 6 7 41000 2
0 1 6 11 41000 2
0 1 7 0 41000 2
0 1 6 0 41000 2
0 1 10 13 41500 2
0 1 8 4 41500 2
0 1 8 13 41500 2
0 1 8 15 41500 2
0 1 9 3 41500 2
0 1 9 13 41500 2
0 1 9 12 41500 2
0 1 9 12 41500 2
0 1 10 4 41500 2
0 1 11 15 41500 2
0 1 11 0 41500 2
0 1 11 13 41500 2
0 1 11 0 41500 2
0 1 12 3 41500 2
0 1 12 6 41500 2
0 1 12 15 41500 2
0 1 13 12 41500 2
0 1 8 14 41500 2
0 1 7 13 41500 2
0 1 7 1 41500 2
0 1 2 15 41500 2
0 1 2 1 41500 2
0 1 3 11 41500 2
0 1 3 0 41500 2
0 1 3 10 41500 2
0 1 4 15 41500 2
0 1 4 2 41500 2
0 1 4 11 41500 2
0 1 5 6 41500 2
0 1 5 14 41500 2
0 1 6 10 41500 2
0 1 6 3 41500 2
0 1 6 2 41500 2
0 1 6 13 41500 2
0 1 7 0 41500 2
0 1 4 10 41500 2
0 1 11 13 42000 2
0 1 11 15 42000 2
0 1 10 2 42000 2
0 1 10 0 42000 2
0 1 9 3 42000 2
0 1 9 6 42000 2
0 1 9 4 42000 2
0 1 8 15 42000 2
0 1 8 13 42000 2
0 1 8 2 42000 2
0 1 11 13 42000 2
0 1 11 15 42000 2
0 1 11 9 42000 2
0 1 12 6 42000 2
0 1 12 4 42000 2
0 1 12 12 42000 2
0 1 12 11 42000 2
0 1 12 7 42000 2
0 1 12 9 42000 2
0 1 13 10 42000 2
0 1 7 14 42000 2
0 1 7 4 42000 2
0 1 2 12 42000 2
0 1 3 1 42000 2
0 1 3 2 42000 2
0 1 3 2 42000 2
0 1 3 2 42000 2
0 1 4 13 42000 2
0 1 4 11 42000 2
0 1 4 15 42000 2
0 1 4 2 42000 2
0 1 6 2 42000 2
0 1 5 3 42000 2
0 1 7 1 42000 2
0 1 7 10 42000 2
0 1 7 7 42000 2
0 1 7 5 42000 2
0 1 6 9 42000 2
0 1 6 4 42000 2
0 1 6 13 42000 2
0 1 9 5 42500 2
0 1 9 3 42500 2
0 1 9 0 42500 2
0 1 10 0 42500 2
0 1 10 10 42500 2
0 1 10 4 42500 2
0 1 11 13 42500 2
0 1 11 3 42500 2
0 1 11 2 42500 2
0 1 11 5 42500 2
0 1 12 10 42500 2
0 1 12 13 42500 2
0 1 12 11 42500 2
0 1 12 10 42500 2
0 1 13 5 42500 2
0 1 13 15 42500 2
0 1 8 0 42500 2
0 1 8 5 42500 2
0 1 2 12 42500 2
0 1 3 1 42500 2
0 1 3 15 42500 2
0 1 3 3 42500 2
0 1 3 10 42500 2
0 1 4 9 42500 2
0 1 4 3 42500 2
0 1 5 2 42500 2
0 1 6 5 42500 2
0 1 6 11 42500 2
0 1 6 0 42500 2
0 1 7 12 42500 2
0 1 7 13 42500 2
0 1 7 6 42500 2
0 1 8 5 42500 2
0 1 5 12 42500 2
0 1 11 15 43000 2
0 1 11 12 43000 2
0 1 11 6 43000 2
0 1 10 10 43000 2
0 1 10 0 43000 2
0 1 10 0 43000 2
0 1 9 6 43000 2
0 1 9 14 43000 2
0 1 9 7 43000 2
0 1 11 9 43000 2
0 1 12 8 43000 2
0 1 12 3 43000 2
0 1 12 9 43000 2
0 1 12 8 43000 2
0 1 12 9 43000 2
0 1 13 7 43000 2
0 1 13 9 43000 2
0 1 2 15 43000 2
0 1 8 12 43000 2
0 1 8 9 43000 2
0 1 3 9 43000 2
0 1 3 5 43000 2
0 1 3 4 43000 2
0 1 4 7 43000 2
0 1 4 13 43000 2
0 1 4 4 43000 2
0 1 5 3 43000 2
0 1 6 2 43000 2
0 1 6 4 43000 2
0 1 7 14 43000 2
0 1 7 6 43000 2
0 1 7 10 43000 2
0 1 7 13 43000 2
0 1 8 14 43000 2
0 1 8 3 43000 2
0 1 6 8 43000 2
0 1 11 6 43500 2
0 1 10 4 43500 2
0 1 10 6 43500 2
0 1 10 13 43500 2
0 1 9 2 43500 2
0 1 9 8 43500 2
0 1 9 7 43500 2
0 1 8 12 43500 2
0 1 8 13 43500 2
0 1 11 2 43500 2
0 1 11 4 43500 2
0 1 11 5 43500 2
0 1 11 3 43500 2
0 1 12 3 43500 2
0 1 12 8 43500 2
0 1 12 11 43500 2
0 1 12 7 43500 2
0 1 12 15 43500 2
0 1 13 0 43500 2
0 1 8 3 43500 2
0 1 8 1 43500 2
0 1 2 6 43500 2
0 1 3 0 43500 2
0 1 3 5 43500 2
0 1 3 4 43500 2
0 1 4 12 43500 2
0 1 4 9 43500 2
0 1 5 0 43500 2
0 1 5 5 43500 2
0 1 6 3 43500 2
0 1 6 6 43500 2
0 1 6 4 43500 2
0 1 6 7 43500 2
0 1 7 6 43500 2
0 1 7 4 43500 2
0 1 7 2 43500 2
0 1 7 9 43500 2
0 1 8 11 43500 2
0 1 6 3 43500 2
0 1 11 8 44000 2
0 1 10 0 44000 2
0 1 10 9 44000 2
0 1 10 7 44000 2
0 1 9 14 44000 2
0 1 9 2 44000 2
0 1 8 7 44000 2
0 1 8 10 44000 2
0 1 8 2 44000 2
0 1 8 14 44000 2
0 1 12 0 44000 2
0 1 11 1 44000 2
0 1 11 15 44000 2
0 1 11 6 44000 2
0 1 11 15 44000 2
0 1 12 6 44000 2
0 1 12 7 44000 2
0 1 12 0 44000 2
0 1 12 0 44000 2
0 1 12 10 44000 2
0 1 13 15 44000 2
0 1 2 10 44000 2
0 1 7 0 44000 2
0 1 3 7 44000 2
0 1 3 3 44000 2
0 1 3 5 44000 2
0 1 3 6 44000 2
0 1 4 11 44000 2
0 1 4 5 44000 2
0 1 4 2 44000 2
0 1 4 10 44000 2
0 1 4 6 44000 2
0 1 5 6 44000 2
0 1 7 0 44000 2
0 1 7 15 44000 2
0 1 7 4 44000 2
0 1 6 4 44000 2
0 1 6 14 44000 2
0 1 4 5 44000 2
0 1 5 7 44000 2
0 1 6 3 44000 2
0 1 6 6 44000 2
0 1 11 5 44500 2
0 1 9 4 44500 2
0 1 9 15 44500 2
0 1 9 10 44500 2
0 1 10 4 44500 2
0 1 10 9 44500 2
0 1 10 3 44500 2
0 1 10 15 44500 2
0 1 11 12 44500 2
0 1 11 5 44500 2
0 1 11 13 44500 2
0 1 11 9 44500 2
0 1 12 9 44500 2
0 1 12 3 44500 2
0 1 12 9 44500 2
0 1 12 15 44500 2
0 1 12 6 44500 2
0 1 13 11 44500 2
0 1 13 0 44500 2
0 1 9 1 44500 2
0 1 8 12 44500 2
0 1 8 13 44500 2
0 1 2 4 44500 2
0 1 3 11 44500 2
0 1 3 2 44500 2
0 1 3 8 44500 2
0 1 4 2 44500 2
0 1 4 2 44500 2
0 1 4 14 44500 2
0 1 5 10 44500 2
0 1 6 5 44500 2
0 1 6 14 44500 2
0 1 6 3 44500 2
0 1 7 12 44500 2
0 1 7 0 44500 2
0 1 7 3 44500 2
0 1 8 9 44500 2
0 1 8 5 44500 2
0 1 6 1 44500 2
0 1 10 15 45000 2
0 1 10 9 45000 2
0 1 9 15 45000 2
0 1 9 4 45000 2
0 1 9 4 45000 2
0 1 8 13 45000 2
0 1 8 14 45000 2
0 1 8 5 45000 2
0 1 8 11 45000 2
0 1 7 15 45000 2
0 1 10 10 45000 2
0 1 11 15 45000 2
0 1 11 9 45000 2
0 1 11 13 45000 2
0 1 12 8 45000 2
0 1 12 14 45000 2
0 1 12 5 45000 2
0 1 12 8 45000 2
0 1 12 3 45000 2
0 1 13 13 45000 2
0 1 7 15 45000 2
0 1 8 15 45000 2
0 1 2 8 45000 2
0 1 2 5 45000 2
0 1 3 2 45000 2
0 1 3 1 45000 2
0 1 3 11 45000 2
0 1 4 2 45000 2
0 1 4 8 45000 2
0 1 4 3 45000 2
0 1 4 9 45000 2
0 1 5 5 45000 2
0 1 5 1 45000 2
0 1 7 4 45000 2
0 1 7 2 45000 2
0 1 6 3 45000 2
0 1 6 14 45000 2
0 1 6 14 45000 2
0 1 6 13 45000 2
0 1 6 9 45000 2
0 1 8 11 45500 2
0 1 8 5 45500 2
0 1 8 2 45500 2
0 1 8 13 45500 2
0 1 9 9 45500 2
0 1 9 14 45500 2
0 1 9 7 45500 2
0 1 10 9 45500 2
0 1 10 13 45500 2
0 1 11 6 45500 2
0 1 11 11 45500 2
0 1 11 4 45500 2
0 1 11 0 45500 2
0 1 12 11 45500 2
0 1 12 4 45500 2
0 1 12 4 45500 2
0 1 12 4 45500 2
0 1 12 14 45500 2
0 1 12 15 45500 2
0 1 7 1 45500 2
0 1 7 0 45500 2
0 1 3 7 45500 2
0 1 3 3 45500 2
0 1 2 2 45500 2
0 1 3 3 45500 2
0 1 3 3 45500 2
0 1 4 1 45500 2
0 1 4 5 45500 2
0 1 4 0 45500 2
0 1 4 12 45500 2
0 1 5 1 45500 2
0 1 5 3 45500 2
0 1 7 12 45500 2
0 1 7 7 45500 2
0 1 6 6 45500 2
0 1 6 14 45500 2
0 1 6 5 45500 2
0 1 6 12 45500 2
0 1 6 10 45500 2
0 1 8 5 46000 2
0 1 7 15 46000 2
0 1 8 5 46000 2
0 1 8 15 46000 2
0 1 9 14 46000 2
0 1 9 4 46000 2
0 1 9 5 46000 2
0 1 10 11 46000 2
0 1 11 2 46000 2
0 1 11 9 46000 2
0 1 11 3 46000 2
0 1 11 5 46000 2
0 1 12 4 46000 2
0 1 12 6 46000 2
0 1 12 8 46000 2
0 1 12 10 46000 2
0 1 12 7 46000 2
0 1 13 14 46000 2
0 1 7 6 46000 2
0 1 2 8 46000 2
0 1 3 10 46000 2
0 1 3 4 46000 2
0 1 3 12 46000 2
0 1 4 0 46000 2
0 1 4 12 46000 2
0 1 4 7 46000 2
0 1 4 2 46000 2
0 1 5 2 46000 2
0 1 5 6 46000 2
0 1 8 9 46000 2
0 1 7 15 46000 2
0 1 7 4 46000 2
0 1 6 15 46000 2
0 1 6 0 46000 2
0 1 6 10 46000 2
0 1 6 0 46000 2
0 1 8 14 46500 2
0 1 9 4 46500 2
0 1 9 10 46500 2
0 1 9 11 46500 2
0 1 10 8 46500 2
0 1 10 6 46500 2
0 1 11 0 46500 2
0 1 11 1 46500 2
0 1 11 15 46500 2
0 1 11 10 46500 2
0 1 11 8 46500 2
0 1 11 4 46500 2
0 1 12 3 46500 2
0 1 12 6 46500 2
0 1 12 13 46500 2
0 1 13 11 46500 2
0 1 9 11 46500 2
0 1 8 13 46500 2
0 1 2 9 46500 2
0 1 2 7 46500 2
0 1 3 9 46500 2
0 1 3 12 46500 2
0 1 4 11 46500 2
0 1 4 4 46500 2
0 1 5 12 46500 2
0 1 5 3 46500 2
0 1 6 4 46500 2
0 1 6 0 46500 2
0 1 8 10 46500 2
0 1 8 11 46500 2
0 1 7 0 46500 2
0 1 7 1 46500 2
0 1 7 14 46500 2
0 1 6 0 46500 2
0 1 8 4 47000 2
0 1 9 7 47000 2
0 1 9 0 47000 2
0 1 9 13 47000 2
0 1 9 13 47000 2
0 1 10 0 47000 2
0 1 10 9 47000 2
0 1 10 6 47000 2
0 1 10 5 47000 2
0 1 11 3 47000 2
0 1 11 6 47000 2
0 1 11 14 47000 2
0 1 11 9 47000 2
0 1 12 15 47000 2
0 1 12 6 47000 2
0 1 12 2 47000 2
0 1 13 5 47000 2
0 1 12 11 47000 2
0 1 8 10 47000 2
0 1 8 7 47000 2
0 1 2 1 47000 2
0 1 3 7 47000 2
0 1 2 15 47000 2
0 1 3 7 47000 2
0 1 3 15 47000 2
0 1 3 1 47000 2
0 1 4 0 47000 2
0 1 4 13 47000 2
0 1 5 5 47000 2
0 1 6 11 47000 2
0 1 6 6 47000 2
0 1 6 9 47000 2
0 1 6 3 47000 2
0 1 7 10 47000 2
0 1 7 10 47000 2
0 1 8 10 47000 2
0 1 5 6 47000 2
0 1 10 1 47500 2
0 1 9 11 47500 2
0 1 9 7 47500 2
0 1 9 5 47500 2
0 1 9 2 47500 2
0 1 8 8 47500 2
0 1 9 15 47500 2
0 1 8 2 47500 2
0 1 8 7 47500 2
0 1 7 1 47500 2
0 1 11 3 47500 2
0 1 11 13 47500 2
0 1 11 11 47500 2
0 1 11 0 47500 2
0 1 11 11 47500 2
0 1 12 5 47500 2
0 1 12 12 47500 2
0 1 12 1 47500 2
0 1 12 6 47500 2
0 1 13 7 47500 2
0 1 7 4 47500 2
0 1 2 9 47500 2
0 1 2 7 47500 2
0 1 3 10 47500 2
0 1 3 4 47500 2
0 1 3 1 47500 2
0 1 4 6 47500 2
0 1 4 8 47500 2
0 1 4 2 47500 2
0 1 4 8 47500 2
0 1 5 15 47500 2
0 1 5 4 47500 2
0 1 6 7 47500 2
0 1 6 5 47500 2
0 1 6 8 47500 2
0 1 7 0 47500 2
0 1 7 8 47500 2
0 1 8 7 47500 2
0 1 4 10 47500 2
0 1 11 11 48000 2
0 1 10 15 48000 2
0 1 10 6 48000 2
0 1 10 9 48000 2
0 1 10 1 48000 2
0 1 9 4 48000 2
0 1 9 12 48000 2
0 1 8 2 48000 2
0 1 9 1 48000 2
0 1 8 14 48000 2
0 1 11 13 48000 2
0 1 11 1 48000 2
0 1 11 13 48000 2
0 1 11 0 48000 2
0 1 11 6 48000 2
0 1 12 5 48000 2
0 1 12 13 48000 2
0 1 12 15 48000 2
0 1 12 7 48000 2
0 1 13 3 48000 2
0 1 9 15 48000 2
0 1 8 11 48000 2
0 1 8 15 48000 2
0 1 2 15 48000 2
0 1 2 3 48000 2
0 1 3 2 48000 2
0 1 3 4 48000 2
0 1 3 12 48000 2
0 1 4 14 48000 2
0 1 4 5 48000 2
0 1 5 4 48000 2
0 1 5 11 48000 2
0 1 6 12 48000 2
0 1 6 1 48000 2
0 1 6 10 48000 2
0 1 8 7 48000 2
0 1 7 14 48000 2
0 1 7 1 48000 2
0 1 7 6 48000 2
0 1 7 0 48000 2
0 1 7 0 48000 2
0 1 6 9 48000 2
0 1 6 5 48000 2
0 1 9 1 48500 2
0 1 10 3 48500 2
0 1 10 3 48500 2
0 1 10 13 48500 2
0 1 10 15 48500 2
0 1 11 0 48500 2
0 1 10 13 48500 2
0 1 10 3 48500 2
0 1 10 14 48500 2
0 1 10 8 48500 2
0 1 10 13 48500 2
0 1 10 12 48500 2
0 1 10 5 48500 2
0 1 11 9 48500 2
0 1 11 10 48500 2
0 1 11 6 48500 2
0 1 8 8 48500 2
0 1 8 10 48500 2
0 1 10 2 48500 2
0 1 8 9 48500 2
0 1 8 11 48500 2
0 1 8 11 48500 2
0 1 8 4 48500 2
0 1 8 1 48500 2
0 1 8 10 48500 2
0 1 8 5 48500 2
0 1 9 14 48500 2
0 1 9 2 48500 2
0 1 9 3 48500 2
0 1 9 2 48500 2
0 1 9 9 48500 2
0 1 9 15 48500 2
0 1 9 5 48500 2
0 1 9 5 48500 2
0 1 9 11 48500 2
0 1 12 14 48500 2
0 1 12 8 48500 2
0 1 12 15 48500 2
0 1 12 12 48500 2
0 1 12 2 48500 2
0 1 12 7 48500 2
0 1 12 10 48500 2
0 1 12 13 48500 2
0 1 12 4 48500 2
0 1 12 3 48500 2
0 1 12 1 48500 2
0 1 12 2 48500 2
0 1 12 8 48500 2
0 1 12 15 48500 2
0 1 13 14 48500 2
0 1 13 12 48500 2
0 1 13 4 48500 2
0 1 13 12 48500 2
0 1 11 2 48500 2
0 1 11 5 48500 2
0 1 11 4 48500 2
0 1 11 1 48500 2
0 1 11 2 48500 2
0 1 11 2 48500 2
0 1 11 0 48500 2
0 1 11 2 48500 2
0 1 11 5 48500 2
0 1 11 9 48500 2
0 1 11 3 48500 2
0 1 11 4 48500 2
0 1 11 4 48500 2
0 1 11 11 48500 2
0 1 11 3 48500 2
0 1 11 7 48500 2
0 1 11 4 48500 2
0 1 12 10 48500 2
0 1 5 1 48500 2
0 1 4 9 48500 2
0 1 4 6 48500 2
0 1 4 14 48500 2
0 1 4 1 48500 2
0 1 4 13 48500 2
0 1 4 3 48500 2
0 1 4 7 48500 2
0 1 5 2 48500 2
0 1 4 8 48500 2
0 1 5 9 48500 2
0 1 5 2 48500 2
0 1 5 3 48500 2
0 1 5 2 48500 2
0 1 5 11 48500 2
0 1 5 12 48500 2
0 1 5 3 48500 2
0 1 5 11 48500 2
0 1 3 15 48500 2
0 1 2 10 48500 2
0 1 2 12 48500 2
0 1 2 14 48500 2
0 1 3 3 48500 2
0 1 3 11 48500 2
0 1 3 2 48500 2
0 1 3 8 48500 2
0 1 3 8 48500 2
0 1 8 9 48500 2
0 1 4 4 48500 2
0 1 4 4 48500 2
0 1 4 9 48500 2
0 1 4 0 48500 2
0 1 4 1 48500 2
0 1 4 15 48500 2
0 1 4 2 48500 2
0 1 4 9 48500 2
0 1 7 11 48500 2
0 1 6 5 48500 2
0 1 7 10 48500 2
0 1 7 10 48500 2
0 1 7 14 48500 2
0 1 7 3 48500 2
0 1 7 15 48500 2
0 1 7 8 48500 2
0 1 7 12 48500 2
0 1 7 0 48500 2
0 1 5 3 48500 2
0 1 7 5 48500 2
0 1 7 3 48500 2
0 1 7 8 48500 2
0 1 7 6 48500 2
0 1 8 11 48500 2
0 1 8 4 48500 2
0 1 8 9 48500 2
0 1 5 8 48500 2
0 1 6 0 48500 2
0 1 6 8 48500 2
0 1 5 13 48500 2
0 1 5 8 48500 2
0 1 5 6 48500 2
0 1 6 7 48500 2
0 1 6 12 48500 2
0 1 6 3 48500 2
0 1 6 1 48500 2
0 1 6 1 48500 2
0 1 6 15 48500 2
0 1 6 11 48500 2
0 1 6 10 48500 2
0 1 6 8 48500 2
0 1 6 6 48500 2
0 1 6 2 48500 2
0 1 6 1 48500 2
0 1 9 6 49000 2
0 1 9 3 49000 2
0 1 10 9 49000 2
0 1 10 1 49000 2
0 1 10 0 49000 2
0 1 10 1 49000 2
0 1 10 3 49000 2
0 1 10 3 49000 2
0 1 10 13 49000 2
0 1 10 14 49000 2
0 1 10 8 49000 2
0 1 10 5 49000 2
0 1 10 4 49000 2
0 1 10 7 49000 2
0 1 11 14 49000 2
0 1 11 11 49000 2
0 1 11 15 49000 2
0 1 8 14 49000 2
0 1 8 11 49000 2
0 1 8 13 49000 2
0 1 8 5 49000 2
0 1 8 15 49000 2
0 1 8 4 49000 2
0 1 8 2 49000 2
0 1 8 6 49000 2
0 1 8 11 49000 2
0 1 9 5 49000 2
0 1 9 12 49000 2
0 1 9 14 49000 2
0 1 9 6 49000 2
0 1 9 14 49000 2
0 1 9 13 49000 2
0 1 9 12 49000 2
0 1 9 14 49000 2
0 1 12 4 49000 2
0 1 12 10 49000 2
0 1 12 0 49000 2
0 1 12 13 49000 2
0 1 12 11 49000 2
0 1 12 10 49000 2
0 1 12 12 49000 2
0 1 12 5 49000 2
0 1 12 11 49000 2
0 1 11 6 49000 2
0 1 12 4 49000 2
0 1 12 13 49000 2
0 1 12 3 49000 2
0 1 12 13 49000 2
0 1 12 7 49000 2
0 1 12 1 49000 2
0 1 13 2 49000 2
0 1 5 4 49000 2
0 1 11 15 49000 2
0 1 11 3 49000 2
0 1 11 3 49000 2
0 1 11 10 49000 2
0 1 11 8 49000 2
0 1 11 5 49000 2
0 1 11 4 49000 2
0 1 11 14 49000 2
0 1 11 9 49000 2
0 1 11 10 49000 2
0 1 11 9 49000 2
0 1 11 8 49000 2
0 1 11 11 49000 2
0 1 11 11 49000 2
0 1 11 15 49000 2
0 1 11 0 49000 2
0 1 11 3 49000 2
0 1 5 0 49000 2
0 1 4 2 49000 2
0 1 4 14 49000 2
0 1 4 5 49000 2
0 1 4 12 49000 2
0 1 4 3 49000 2
0 1 4 11 49000 2
0 1 4 15 49000 2
0 1 2 15 49000 2
0 1 4 9 49000 2
0 1 5 12 49000 2
0 1 5 9 49000 2
0 1 5 11 49000 2
0 1 5 9 49000 2
0 1 5 6 49000 2
0 1 5 11 49000 2
0 1 5 6 49000 2
0 1 5 8 49000 2
0 1 3 9 49000 2
0 1 8 5 49000 2
0 1 2 14 49000 2
0 1 2 14 49000 2
0 1 3 5 49000 2
0 1 3 11 49000 2
0 1 3 4 49000 2
0 1 3 14 49000 2
0 1 3 0 49000 2
0 1 7 8 49000 2
0 1 3 5 49000 2
0 1 4 5 49000 2
0 1 4 10 49000 2
0 1 4 2 49000 2
0 1 4 5 49000 2
0 1 4 0 49000 2
0 1 4 15 49000 2
0 1 7 12 49000 2
0 1 6 4 49000 2
0 1 6 14 49000 2
0 1 7 2 49000 2
0 1 7 8 49000 2
0 1 7 5 49000 2
0 1 7 10 49000 2
0 1 7 3 49000 2
0 1 7 8 49000 2
0 1 5 11 49000 2
0 1 7 5 49000 2
0 1 7 3 49000 2
0 1 7 10 49000 2
0 1 7 14 49000 2
0 1 7 15 49000 2
0 1 7 2 49000 2
0 1 7 0 49000 2
0 1 5 6 49000 2
0 1 6 8 49000 2
0 1 6 3 49000 2
0 1 5 8 49000 2
0 1 5 12 49000 2
0 1 5 0 49000 2
0 1 5 4 49000 2
0 1 6 11 49000 2
0 1 6 3 49000 2
0 1 6 3 49000 2
0 1 6 14 49000 2
0 1 6 11 49000 2
0 1 6 7 49000 2
0 1 6 9 49000 2
0 1 6 13 49000 2
0 1 6 3 49000 2
0 1 6 3 49000 2
0 1 9 13 49500 2
0 1 10 10 49500 2
0 1 10 0 49500 2
0 1 10 13 49500 2
0 1 10 13 49500 2
0 1 10 0 49500 2
0 1 10 5 49500 2
0 1 10 6 49500 2
0 1 10 0 49500 2
0 1 10 8 49500 2
0 1 10 2 49500 2
0 1 10 0 49500 2
0 1 10 0 49500 2
0 1 10 10 49500 2
0 1 11 13 49500 2
0 1 11 1 49500 2
0 1 11 3 49500 2
0 1 11 8 49500 2
0 1 9 2 49500 2
0 1 8 11 49500 2
0 1 8 2 49500 2
0 1 8 0 49500 2
0 1 8 12 49500 2
0 1 8 4 49500 2
0 1 8 8 49500 2
0 1 8 1 49500 2
0 1 8 9 49500 2
0 1 9 1 49500 2
0 1 9 1 49500 2
0 1 9 0 49500 2
0 1 9 3 49500 2
0 1 9 11 49500 2
0 1 9 2 49500 2
0 1 9 1 49500 2
0 1 9 15 49500 2
0 1 9 15 49500 2
0 1 9 4 49500 2
0 1 12 1 49500 2
0 1 12 11 49500 2
0 1 12 15 49500 2
0 1 12 8 49500 2
0 1 12 8 49500 2
0 1 12 6 49500 2
0 1 12 1 49500 2
0 1 12 15 49500 2
0 1 12 9 49500 2
0 1 12 5 49500 2
0 1 12 15 49500 2
0 1 12 1 49500 2
0 1 12 15 49500 2
0 1 12 6 49500 2
0 1 13 12 49500 2
0 1 13 2 49500 2
0 1 13 0 49500 2
0 1 13 13 49500 2
0 1 13 11 49500 2
0 1 11 10 49500 2
0 1 11 4 49500 2
0 1 11 7 49500 2
0 1 11 8 49500 2
0 1 11 13 49500 2
0 1 11 13 49500 2
0 1 11 10 49500 2
0 1 11 2 49500 2
0 1 11 2 49500 2
0 1 11 6 49500 2
0 1 11 9 49500 2
0 1 11 3 49500 2
0 1 11 10 49500 2
0 1 11 7 49500 2
0 1 11 5 49500 2
0 1 11 11 49500 2
0 1 11 11 49500 2
0 1 12 8 49500 2
0 1 5 11 49500 2
0 1 4 10 49500 2
0 1 4 14 49500 2
0 1 4 4 49500 2
0 1 4 4 49500 2
0 1 4 9 49500 2
0 1 4 4 49500 2
0 1 4 0 49500 2
0 1 4 11 49500 2
0 1 5 11 49500 2
0 1 4 5 49500 2
0 1 5 10 49500 2
0 1 5 13 49500 2
0 1 5 10 49500 2
0 1 5 10 49500 2
0 1 5 12 49500 2
0 1 5 13 49500 2
0 1 5 13 49500 2
0 1 5 10 49500 2
0 1 3 0 49500 2
0 1 2 12 49500 2
0 1 2 1 49500 2
0 1 2 7 49500 2
0 1 3 6 49500 2
0 1 3 4 49500 2
0 1 3 12 49500 2
0 1 3 1 49500 2
0 1 3 9 49500 2
0 1 3 5 49500 2
0 1 8 8 49500 2
0 1 4 11 49500 2
0 1 4 5 49500 2
0 1 4 4 49500 2
0 1 4 12 49500 2
0 1 4 2 49500 2
0 1 4 15 49500 2
0 1 4 3 49500 2
0 1 4 6 49500 2
0 1 7 7 49500 2
0 1 7 5 49500 2
0 1 7 0 49500 2
0 1 7 10 49500 2
0 1 7 11 49500 2
0 1 7 8 49500 2
0 1 7 13 49500 2
0 1 7 0 49500 2
0 1 7 3 49500 2
0 1 7 7 49500 2
0 1 5 6 49500 2
0 1 7 10 49500 2
0 1 7 7 49500 2
0 1 7 15 49500 2
0 1 8 5 49500 2
0 1 5 2 49500 2
0 1 8 1 49500 2
0 1 8 11 49500 2
0 1 8 6 49500 2
0 1 6 0 49500 2
0 1 7 14 49500 2
0 1 5 7 49500 2
0 1 5 11 49500 2
0 1 5 11 49500 2
0 1 6 7 49500 2
0 1 6 0 49500 2
0 1 6 3 49500 2
0 1 6 0 49500 2
0 1 6 14 49500 2
0 1 6 6 49500 2
0 1 6 2 49500 2
0 1 6 10 49500 2
0 1 6 9 49500 2
0 1 6 8 49500 2
0 1 6 0 49500 2
0 1 6 7 49500 2
0 1 6 2 49500 2
0 1 10 6 50000 2
0 1 10 15 50000 2
0 1 10 12 50000 2
0 1 10 12 50000 2
0 1 10 9 50000 2
0 1 10 13 50000 2
0 1 10 15 50000 2
0 1 10 15 50000 2
0 1 10 2 50000 2
0 1 10 11 50000 2
0 1 10 8 50000 2
0 1 10 9 50000 2
0 1 10 8 50000 2
0 1 11 14 50000 2
0 1 11 8 50000 2
0 1 11 2 50000 2
0 1 11 12 50000 2
0 1 11 5 50000 2
0 1 11 0 50000 2
0 1 9 8 50000 2
0 1 8 6 50000 2
0 1 8 8 50000 2
0 1 8 7 50000 2
0 1 8 11 50000 2
0 1 8 9 50000 2
0 1 8 3 50000 2
0 1 8 15 50000 2
0 1 9 6 50000 2
0 1 9 11 50000 2
0 1 9 3 50000 2
0 1 9 15 50000 2
0 1 9 9 50000 2
0 1 9 6 50000 2
0 1 9 9 50000 2
0 1 9 15 50000 2
0 1 9 11 50000 2
0 1 9 6 50000 2
0 1 9 5 50000 2
0 1 12 10 50000 2
0 1 12 13 50000 2
0 1 12 15 50000 2
0 1 12 14 50000 2
0 1 12 3 50000 2
0 1 12 14 50000 2
0 1 12 12 50000 2
0 1 12 13 50000 2
0 1 12 4 50000 2
0 1 12 12 50000 2
0 1 12 8 50000 2
0 1 12 8 50000 2
0 1 12 13 50000 2
0 1 12 4 50000 2
0 1 12 7 50000 2
0 1 12 6 50000 2
0 1 13 9 50000 2
0 1 13 0 50000 2
0 1 3 15 50000 2
0 1 11 15 50000 2
0 1 11 12 50000 2
0 1 11 8 50000 2
0 1 11 1 50000 2
0 1 11 15 50000 2
0 1 11 13 50000 2
0 1 11 4 50000 2
0 1 11 11 50000 2
0 1 11 15 50000 2
0 1 11 3 50000 2
0 1 11 6 50000 2
0 1 11 3 50000 2
0 1 11 3 50000 2
0 1 11 6 50000 2
0 1 11 0 50000 2
0 1 11 8 50000 2
0 1 11 4 50000 2
0 1 12 0 50000 2
0 1 12 7 50000 2
0 1 5 11 50000 2
0 1 4 11 50000 2
0 1 4 2 50000 2
0 1 4 15 50000 2
0 1 4 14 50000 2
0 1 4 5 50000 2
0 1 4 6 50000 2
0 1 4 8 50000 2
0 1 4 2 50000 2
0 1 4 3 50000 2
0 1 4 2 50000 2
0 1 5 6 50000 2
0 1 5 10 50000 2
0 1 5 11 50000 2
0 1 5 5 50000 2
0 1 5 12 50000 2
0 1 5 12 50000 2
0 1 5 3 50000 2
0 1 5 0 50000 2
0 1 3 4 50000 2
0 1 2 1 50000 2
0 1 2 8 50000 2
0 1 2 4 50000 2
0 1 3 1 50000 2
0 1 3 14 50000 2
0 1 3 10 50000 2
0 1 3 13 50000 2
0 1 3 0 50000 2
0 1 3 5 50000 2
0 1 8 8 50000 2
0 1 4 14 50000 2
0 1 4 15 50000 2
0 1 4 11 50000 2
0 1 4 9 50000 2
0 1 4 1 50000 2
0 1 4 10 50000 2
0 1 4 9 50000 2
0 1 4 15 50000 2
0 1 7 7 50000 2
0 1 7 3 50000 2
0 1 7 9 50000 2
0 1 7 8 50000 2
0 1 7 15 50000 2
0 1 7 3 50000 2
0 1 7 15 50000 2
0 1 7 7 50000 2
0 1 7 15 50000 2
0 1 7 9 50000 2
0 1 5 13 50000 2
0 1 7 1 50000 2
0 1 7 11 50000 2
0 1 7 3 50000 2
0 1 7 12 50000 2
0 1 5 13 50000 2
0 1 8 9 50000 2
0 1 8 13 50000 2
0 1 8 9 50000 2
0 1 6 7 50000 2
0 1 6 8 50000 2
0 1 5 0 50000 2
0 1 5 3 50000 2
0 1 5 6 50000 2
0 1 5 14 50000 2
0 1 6 0 50000 2
0 1 6 15 50000 2
0 1 6 5 50000 2
0 1 6 6 50000 2
0 1 6 2 50000 2
0 1 6 0 50000 2
0 1 6 1 50000 2
0 1 6 14 50000 2
0 1 6 3 50000 2
0 1 6 15 50000 2
0 1 6 15 50000 2
0 1 6 4 50000 2
0 1 10 1 50500 2
0 1 10 11 50500 2
0 1 10 10 50500 2
0 1 10 6 50500 2
0 1 10 3 50500 2
0 1 10 5 50500 2
0 1 10 14 50500 2
0 1 10 3 50500 2
0 1 10 1 50500 2
0 1 10 15 50500 2
0 1 10 3 50500 2
0 1 11 3 50500 2
0 1 11 13 50500 2
0 1 11 9 50500 2
0 1 11 9 50500 2
0 1 11 10 50500 2
0 1 11 4 50500 2
0 1 11 2 50500 2
0 1 9 6 50500 2
0 1 8 8 50500 2
0 1 8 12 50500 2
0 1 8 11 50500 2
0 1 9 15 50500 2
0 1 9 8 50500 2
0 1 9 9 50500 2
0 1 9 1 50500 2
0 1 9 11 50500 2
0 1 9 10 50500 2
0 1 10 13 50500 2
0 1 9 2 50500 2
0 1 9 7 50500 2
0 1 9 0 50500 2
0 1 9 15 50500 2
0 1 9 13 50500 2
0 1 10 12 50500 2
0 1 10 9 50500 2
0 1 10 1 50500 2
0 1 12 7 50500 2
0 1 12 1 50500 2
0 1 12 9 50500 2
0 1 12 12 50500 2
0 1 12 8 50500 2
0 1 12 9 50500 2
0 1 12 14 50500 2
0 1 12 12 50500 2
0 1 12 11 50500 2
0 1 12 10 50500 2
0 1 12 4 50500 2
0 1 12 0 50500 2
0 1 12 15 50500 2
0 1 12 8 50500 2
0 1 12 1 50500 2
0 1 13 3 50500 2
0 1 13 11 50500 2
0 1 13 0 50500 2
0 1 8 1 50500 2
0 1 11 12 50500 2
0 1 11 15 50500 2
0 1 11 3 50500 2
0 1 11 15 50500 2
0 1 11 7 50500 2
0 1 11 5 50500 2
0 1 11 1 50500 2
0 1 11 0 50500 2
0 1 11 0 50500 2
0 1 11 6 50500 2
0 1 11 14 50500 2
0 1 11 11 50500 2
0 1 11 12 50500 2
0 1 11 6 50500 2
0 1 11 4 50500 2
0 1 12 6 50500 2
0 1 12 6 50500 2
0 1 12 1 50500 2
0 1 5 1 50500 2
0 1 4 12 50500 2
0 1 4 5 50500 2
0 1 4 11 50500 2
0 1 4 2 50500 2
0 1 4 9 50500 2
0 1 5 10 50500 2
0 1 5 9 50500 2
0 1 5 0 50500 2
0 1 5 3 50500 2
0 1 4 7 50500 2
0 1 5 1 50500 2
0 1 5 12 50500 2
0 1 5 12 50500 2
0 1 5 7 50500 2
0 1 5 12 50500 2
0 1 5 7 50500 2
0 1 5 0 50500 2
0 1 5 13 50500 2
0 1 4 6 50500 2
0 1 8 1 50500 2
0 1 3 9 50500 2
0 1 3 6 50500 2
0 1 3 10 50500 2
0 1 3 12 50500 2
0 1 3 9 50500 2
0 1 3 4 50500 2
0 1 3 1 50500 2
0 1 4 14 50500 2
0 1 8 1 50500 2
0 1 4 11 50500 2
0 1 4 10 50500 2
0 1 4 6 50500 2
0 1 4 6 50500 2
0 1 4 10 50500 2
0 1 4 2 50500 2
0 1 4 10 50500 2
0 1 4 11 50500 2
0 1 7 5 50500 2
0 1 7 3 50500 2
0 1 7 4 50500 2
0 1 7 5 50500 2
0 1 7 10 50500 2
0 1 7 9 50500 2
0 1 7 5 50500 2
0 1 7 12 50500 2
0 1 7 9 50500 2
0 1 7 4 50500 2
0 1 5 0 50500 2
0 1 7 11 50500 2
0 1 8 13 50500 2
0 1 2 4 50500 2
0 1 8 12 50500 2
0 1 8 3 50500 2
0 1 8 9 50500 2
0 1 8 4 50500 2
0 1 5 11 50500 2
0 1 7 3 50500 2
0 1 7 3 50500 2
0 1 5 13 50500 2
0 1 6 14 50500 2
0 1 6 10 50500 2
0 1 6 10 50500 2
0 1 6 11 50500 2
0 1 6 6 50500 2
0 1 6 4 50500 2
0 1 6 0 50500 2
0 1 6 4 50500 2
0 1 6 6 50500 2
0 1 6 8 50500 2
0 1 6 15 50500 2
0 1 7 10 50500 2
0 1 7 8 50500 2
0 1 6 3 50500 2
0 1 10 13 51000 2
0 1 10 9 51000 2
0 1 10 2 51000 2
0 1 10 15 51000 2
0 1 10 10 51000 2
0 1 10 4 51000 2
0 1 10 9 51000 2
0 1 10 7 51000 2
0 1 10 10 51000 2
0 1 11 8 51000 2
0 1 11 3 51000 2
0 1 11 8 51000 2
0 1 11 8 51000 2
0 1 11 6 51000 2
0 1 11 8 51000 2
0 1 11 0 51000 2
0 1 11 14 51000 2
0 1 9 4 51000 2
0 1 8 3 51000 2
0 1 8 2 51000 2
0 1 8 6 51000 2
0 1 8 14 51000 2
0 1 8 3 51000 2
0 1 9 2 51000 2
0 1 9 15 51000 2
0 1 9 8 51000 2
0 1 10 13 51000 2
0 1 9 10 51000 2
0 1 9 14 51000 2
0 1 9 12 51000 2
0 1 9 3 51000 2
0 1 9 9 51000 2
0 1 10 7 51000 2
0 1 10 10 51000 2
0 1 10 2 51000 2
0 1 12 13 51000 2
0 1 12 15 51000 2
0 1 12 3 51000 2
0 1 12 11 51000 2
0 1 12 0 51000 2
0 1 12 12 51000 2
0 1 12 11 51000 2
0 1 12 11 51000 2
0 1 12 3 51000 2
0 1 12 3 51000 2
0 1 12 5 51000 2
0 1 12 4 51000 2
0 1 12 1 51000 2
0 1 12 9 51000 2
0 1 12 13 51000 2
0 1 13 3 51000 2
0 1 13 7 51000 2
0 1 8 3 51000 2
0 1 11 5 51000 2
0 1 11 10 51000 2
0 1 11 10 51000 2
0 1 11 14 51000 2
0 1 11 14 51000 2
0 1 11 12 51000 2
0 1 11 9 51000 2
0 1 11 9 51000 2
0 1 11 4 51000 2
0 1 11 6 51000 2
0 1 11 3 51000 2
0 1 11 5 51000 2
0 1 11 11 51000 2
0 1 11 8 51000 2
0 1 11 7 51000 2
0 1 12 14 51000 2
0 1 12 10 51000 2
0 1 12 7 51000 2
0 1 5 8 51000 2
0 1 4 5 51000 2
0 1 4 12 51000 2
0 1 4 6 51000 2
0 1 4 14 51000 2
0 1 4 0 51000 2
0 1 4 13 51000 2
0 1 4 14 51000 2
0 1 4 13 51000 2
0 1 4 14 51000 2
0 1 5 15 51000 2
0 1 5 4 51000 2
0 1 5 11 51000 2
0 1 5 9 51000 2
0 1 5 2 51000 2
0 1 5 7 51000 2
0 1 5 6 51000 2
0 1 5 2 51000 2
0 1 3 10 51000 2
0 1 2 13 51000 2
0 1 8 5 51000 2
0 1 2 9 51000 2
0 1 3 8 51000 2
0 1 3 9 51000 2
0 1 3 2 51000 2
0 1 3 12 51000 2
0 1 3 10 51000 2
0 1 5 5 51000 2
0 1 3 10 51000 2
0 1 3 11 51000 2
0 1 3 2 51000 2
0 1 4 14 51000 2
0 1 4 3 51000 2
0 1 4 9 51000 2
0 1 4 6 51000 2
0 1 4 3 51000 2
0 1 7 15 51000 2
0 1 7 9 51000 2
0 1 7 3 51000 2
0 1 7 8 51000 2
0 1 7 14 51000 2
0 1 7 0 51000 2
0 1 7 10 51000 2
0 1 7 9 51000 2
0 1 7 15 51000 2
0 1 5 0 51000 2
0 1 7 13 51000 2
0 1 7 13 51000 2
0 1 7 9 51000 2
0 1 7 6 51000 2
0 1 7 10 51000 2
0 1 7 2 51000 2
0 1 8 10 51000 2
0 1 8 8 51000 2
0 1 6 2 51000 2
0 1 5 15 51000 2
0 1 5 0 51000 2
0 1 5 8 51000 2
0 1 5 0 51000 2
0 1 6 6 51000 2
0 1 6 10 51000 2
0 1 6 10 51000 2
0 1 6 8 51000 2
0 1 6 2 51000 2
0 1 6 8 51000 2
0 1 6 2 51000 2
0 1 6 8 51000 2
0 1 6 4 51000 2
0 1 6 8 51000 2
0 1 7 5 51000 2
0 1 10 8 51500 2
0 1 10 10 51500 2
0 1 10 10 51500 2
0 1 10 2 51500 2
0 1 10 15 51500 2
0 1 10 13 51500 2
0 1 10 3 51500 2
0 1 10 4 51500 2
0 1 11 3 51500 2
0 1 10 9 51500 2
0 1 11 15 51500 2
0 1 11 15 51500 2
0 1 11 9 51500 2
0 1 11 4 51500 2
0 1 11 14 51500 2
0 1 11 2 51500 2
0 1 11 9 51500 2
0 1 13 10 51500 2
0 1 9 6 51500 2
0 1 8 2 51500 2
0 1 8 2 51500 2
0 1 8 15 51500 2
0 1 8 4 51500 2
0 1 9 10 51500 2
0 1 9 1 51500 2
0 1 9 11 51500 2
0 1 9 2 51500 2
0 1 10 3 51500 2
0 1 9 4 51500 2
0 1 9 6 51500 2
0 1 9 15 51500 2
0 1 9 4 51500 2
0 1 9 2 51500 2
0 1 9 1 51500 2
0 1 10 3 51500 2
0 1 10 13 51500 2
0 1 12 1 51500 2
0 1 12 15 51500 2
0 1 12 1 51500 2
0 1 12 11 51500 2
0 1 12 8 51500 2
0 1 12 0 51500 2
0 1 12 0 51500 2
0 1 12 15 51500 2
0 1 12 3 51500 2
0 1 12 11 51500 2
0 1 12 9 51500 2
0 1 12 1 51500 2
0 1 12 10 51500 2
0 1 12 6 51500 2
0 1 12 11 51500 2
0 1 13 7 51500 2
0 1 13 12 51500 2
0 1 2 4 51500 2
0 1 11 10 51500 2
0 1 11 1 51500 2
0 1 11 15 51500 2
0 1 11 2 51500 2
0 1 11 10 51500 2
0 1 11 5 51500 2
0 1 11 15 51500 2
0 1 11 15 51500 2
0 1 11 13 51500 2
0 1 11 7 51500 2
0 1 11 5 51500 2
0 1 11 11 51500 2
0 1 11 1 51500 2
0 1 11 0 51500 2
0 1 11 8 51500 2
0 1 12 6 51500 2
0 1 12 14 51500 2
0 1 4 7 51500 2
0 1 4 8 51500 2
0 1 4 9 51500 2
0 1 4 10 51500 2
0 1 4 11 51500 2
0 1 4 15 51500 2
0 1 4 3 51500 2
0 1 4 5 51500 2
0 1 4 10 51500 2
0 1 4 13 51500 2
0 1 5 5 51500 2
0 1 5 4 51500 2
0 1 5 4 51500 2
0 1 5 14 51500 2
0 1 5 9 51500 2
0 1 5 12 51500 2
0 1 5 5 51500 2
0 1 5 7 51500 2
0 1 3 11 51500 2
0 1 8 10 51500 2
0 1 2 6 51500 2
0 1 2 6 51500 2
0 1 2 15 51500 2
0 1 3 5 51500 2
0 1 3 8 51500 2
0 1 3 13 51500 2
0 1 3 10 51500 2
0 1 8 9 51500 2
0 1 3 4 51500 2
0 1 3 8 51500 2
0 1 3 14 51500 2
0 1 4 4 51500 2
0 1 4 4 51500 2
0 1 4 1 51500 2
0 1 4 7 51500 2
0 1 4 7 51500 2
0 1 7 2 51500 2
0 1 7 9 51500 2
0 1 7 7 51500 2
0 1 7 0 51500 2
0 1 7 0 51500 2
0 1 7 6 51500 2
0 1 7 8 51500 2
0 1 7 10 51500 2
0 1 7 15 51500 2
0 1 5 9 51500 2
0 1 7 4 51500 2
0 1 7 8 51500 2
0 1 7 6 51500 2
0 1 7 5 51500 2
0 1 8 5 51500 2
0 1 8 3 51500 2
0 1 8 9 51500 2
0 1 5 2 51500 2
0 1 6 3 51500 2
0 1 6 6 51500 2
0 1 5 2 51500 2
0 1 5 12 51500 2
0 1 5 2 51500 2
0 1 5 12 51500 2
0 1 5 0 51500 2
0 1 6 14 51500 2
0 1 6 13 51500 2
0 1 6 10 51500 2
0 1 6 6 51500 2
0 1 6 15 51500 2
0 1 6 0 51500 2
0 1 6 0 51500 2
0 1 6 10 51500 2
0 1 6 8 51500 2
0 1 6 10 51500 2
0 1 10 11 52000 2
0 1 10 15 52000 2
0 1 10 12 52000 2
0 1 10 6 52000 2
0 1 10 9 52000 2
0 1 10 12 52000 2
0 1 10 2 52000 2
0 1 10 5 52000 2
0 1 10 2 52000 2
0 1 10 15 52000 2
0 1 11 5 52000 2
0 1 11 5 52000 2
0 1 11 3 52000 2
0 1 11 11 52000 2
0 1 11 15 52000 2
0 1 11 5 52000 2
0 1 11 4 52000 2
0 1 11 1 52000 2
0 1 9 9 52000 2
0 1 8 12 52000 2
0 1 8 13 52000 2
0 1 8 1 52000 2
0 1 9 8 52000 2
0 1 9 13 52000 2
0 1 9 10 52000 2
0 1 9 4 52000 2
0 1 9 3 52000 2
0 1 9 3 52000 2
0 1 10 15 52000 2
0 1 9 11 52000 2
0 1 9 10 52000 2
0 1 9 8 52000 2
0 1 9 5 52000 2
0 1 9 1 52000 2
0 1 10 13 52000 2
0 1 10 2 52000 2
0 1 10 8 52000 2
0 1 12 4 52000 2
0 1 12 4 52000 2
0 1 12 15 52000 2
0 1 12 13 52000 2
0 1 12 13 52000 2
0 1 12 1 52000 2
0 1 12 9 52000 2
0 1 12 1 52000 2
0 1 12 3 52000 2
0 1 12 15 52000 2
0 1 12 13 52000 2
0 1 12 11 52000 2
0 1 12 8 52000 2
0 1 12 4 52000 2
0 1 13 14 52000 2
0 1 13 13 52000 2
0 1 13 14 52000 2
0 1 13 7 52000 2
0 1 13 14 52000 2
0 1 11 12 52000 2
0 1 11 4 52000 2
0 1 11 0 52000 2
0 1 11 7 52000 2
0 1 11 8 52000 2
0 1 11 13 52000 2
0 1 11 12 52000 2
0 1 11 14 52000 2
0 1 11 11 52000 2
0 1 11 0 52000 2
0 1 11 14 52000 2
0 1 11 11 52000 2
0 1 11 10 52000 2
0 1 11 10 52000 2
0 1 12 7 52000 2
0 1 12 12 52000 2
0 1 12 4 52000 2
0 1 12 5 52000 2
0 1 12 0 52000 2
0 1 5 13 52000 2
0 1 4 13 52000 2
0 1 4 9 52000 2
0 1 4 6 52000 2
0 1 4 15 52000 2
0 1 4 9 52000 2
0 1 4 5 52000 2
0 1 4 11 52000 2
0 1 4 10 52000 2
0 1 5 14 52000 2
0 1 4 12 52000 2
0 1 5 13 52000 2
0 1 5 11 52000 2
0 1 5 12 52000 2
0 1 5 14 52000 2
0 1 5 8 52000 2
0 1 5 6 52000 2
0 1 5 9 52000 2
0 1 5 5 52000 2
0 1 3 4 52000 2
0 1 8 1 52000 2
0 1 2 3 52000 2
0 1 3 0 52000 2
0 1 3 10 52000 2
0 1 3 14 52000 2
0 1 2 13 52000 2
0 1 3 13 52000 2
0 1 3 0 52000 2
0 1 3 11 52000 2
0 1 8 11 52000 2
0 1 3 2 52000 2
0 1 4 13 52000 2
0 1 4 1 52000 2
0 1 4 7 52000 2
0 1 4 0 52000 2
0 1 4 8 52000 2
0 1 4 1 52000 2
0 1 4 0 52000 2
0 1 7 7 52000 2
0 1 7 8 52000 2
0 1 7 6 52000 2
0 1 7 12 52000 2
0 1 7 2 52000 2
0 1 7 10 52000 2
0 1 7 13 52000 2
0 1 7 10 52000 2
0 1 7 4 52000 2
0 1 7 4 52000 2
0 1 5 10 52000 2
0 1 8 12 52000 2
0 1 8 3 52000 2
0 1 8 0 52000 2
0 1 8 15 52000 2
0 1 8 6 52000 2
0 1 8 11 52000 2
0 1 8 11 52000 2
0 1 5 14 52000 2
0 1 7 13 52000 2
0 1 7 13 52000 2
0 1 5 2 52000 2
0 1 5 13 52000 2
0 1 5 5 52000 2
0 1 6 12 52000 2
0 1 6 2 52000 2
0 1 6 14 52000 2
0 1 6 1 52000 2
0 1 6 4 52000 2
0 1 6 14 52000 2
0 1 6 6 52000 2
0 1 7 1 52000 2
0 1 7 9 52000 2
0 1 6 5 52000 2
0 1 6 15 52000 2
0 1 6 3 52000 2
0 1 6 11 52000 2
0 1 10 8 52500 2
0 1 10 14 52500 2
0 1 10 15 52500 2
0 1 10 11 52500 2
0 1 10 7 52500 2
0 1 10 4 52500 2
0 1 10 3 52500 2
0 1 10 3 52500 2
0 1 10 2 52500 2
0 1 10 1 52500 2
0 1 10 9 52500 2
0 1 11 15 52500 2
0 1 11 11 52500 2
0 1 11 15 52500 2
0 1 11 7 52500 2
0 1 11 10 52500 2
0 1 11 2 52500 2
0 1 11 0 52500 2
0 1 9 15 52500 2
0 1 8 7 52500 2
0 1 8 10 52500 2
0 1 8 2 52500 2
0 1 8 4 52500 2
0 1 8 12 52500 2
0 1 9 15 52500 2
0 1 9 9 52500 2
0 1 9 2 52500 2
0 1 9 6 52500 2
0 1 10 8 52500 2
0 1 9 4 52500 2
0 1 9 12 52500 2
0 1 9 10 52500 2
0 1 9 14 52500 2
0 1 9 9 52500 2
0 1 9 12 52500 2
0 1 9 10 52500 2
0 1 10 2 52500 2
0 1 12 12 52500 2
0 1 12 13 52500 2
0 1 12 15 52500 2
0 1 12 5 52500 2
0 1 12 0 52500 2
0 1 12 12 52500 2
0 1 12 7 52500 2
0 1 12 9 52500 2
0 1 12 5 52500 2
0 1 12 2 52500 2
0 1 12 5 52500 2
0 1 12 14 52500 2
0 1 12 8 52500 2
0 1 12 8 52500 2
0 1 12 3 52500 2
0 1 12 14 52500 2
0 1 13 12 52500 2
0 1 13 6 52500 2
0 1 13 11 52500 2
0 1 11 12 52500 2
0 1 11 5 52500 2
0 1 11 15 52500 2
0 1 11 7 52500 2
0 1 11 1 52500 2
0 1 11 3 52500 2
0 1 11 9 52500 2
0 1 11 10 52500 2
0 1 11 15 52500 2
0 1 11 1 52500 2
0 1 11 5 52500 2
0 1 11 10 52500 2
0 1 11 7 52500 2
0 1 11 9 52500 2
0 1 11 12 52500 2
0 1 12 1 52500 2
0 1 12 4 52500 2
0 1 12 6 52500 2
0 1 5 11 52500 2
0 1 4 0 52500 2
0 1 4 7 52500 2
0 1 4 9 52500 2
0 1 4 13 52500 2
0 1 4 4 52500 2
0 1 4 10 52500 2
0 1 4 10 52500 2
0 1 4 1 52500 2
0 1 4 12 52500 2
0 1 4 11 52500 2
0 1 5 13 52500 2
0 1 5 0 52500 2
0 1 5 0 52500 2
0 1 5 0 52500 2
0 1 5 12 52500 2
0 1 5 6 52500 2
0 1 5 5 52500 2
0 1 5 10 52500 2
0 1 3 6 52500 2
0 1 8 10 52500 2
0 1 3 0 52500 2
0 1 3 5 52500 2
0 1 2 3 52500 2
0 1 3 14 52500 2
0 1 3 8 52500 2
0 1 3 8 52500 2
0 1 3 15 52500 2
0 1 3 1 52500 2
0 1 8 8 52500 2
0 1 3 1 52500 2
0 1 4 1 52500 2
0 1 4 5 52500 2
0 1 4 11 52500 2
0 1 4 1 52500 2
0 1 4 0 52500 2
0 1 4 8 52500 2
0 1 4 7 52500 2
0 1 7 10 52500 2
0 1 7 10 52500 2
0 1 7 8 52500 2
0 1 7 7 52500 2
0 1 7 9 52500 2
0 1 7 10 52500 2
0 1 7 6 52500 2
0 1 7 11 52500 2
0 1 7 10 52500 2
0 1 7 11 52500 2
0 1 5 11 52500 2
0 1 7 7 52500 2
0 1 7 11 52500 2
0 1 8 11 52500 2
0 1 8 15 52500 2
0 1 8 8 52500 2
0 1 8 11 52500 2
0 1 8 3 52500 2
0 1 5 1 52500 2
0 1 7 9 52500 2
0 1 7 10 52500 2
0 1 5 14 52500 2
0 1 5 5 52500 2
0 1 5 10 52500 2
0 1 5 1 52500 2
0 1 6 9 52500 2
0 1 6 8 52500 2
0 1 6 11 52500 2
0 1 6 12 52500 2
0 1 6 2 52500 2
0 1 6 15 52500 2
0 1 6 4 52500 2
0 1 6 9 52500 2
0 1 6 3 52500 2
0 1 6 8 52500 2
0 1 6 8 52500 2
0 1 10 0 53000 2
0 1 10 4 53000 2
0 1 10 15 53000 2
0 1 10 12 53000 2
0 1 10 5 53000 2
0 1 10 11 53000 2
0 1 10 7 53000 2
0 1 10 6 53000 2
0 1 10 0 53000 2
0 1 10 13 53000 2
0 1 10 7 53000 2
0 1 11 7 53000 2
0 1 11 9 53000 2
0 1 11 7 53000 2
0 1 11 14 53000 2
0 1 11 13 53000 2
0 1 11 13 53000 2
0 1 11 6 53000 2
0 1 9 12 53000 2
0 1 8 12 53000 2
0 1 8 5 53000 2
0 1 8 2 53000 2
0 1 8 11 53000 2
0 1 8 7 53000 2
0 1 8 1 53000 2
0 1 9 4 53000 2
0 1 9 9 53000 2
0 1 9 3 53000 2
0 1 10 5 53000 2
0 1 9 13 53000 2
0 1 9 4 53000 2
0 1 9 14 53000 2
0 1 9 3 53000 2
0 1 9 14 53000 2
0 1 9 9 53000 2
0 1 9 1 53000 2
0 1 9 14 53000 2
0 1 12 0 53000 2
0 1 12 11 53000 2
0 1 12 11 53000 2
0 1 12 0 53000 2
0 1 12 11 53000 2
0 1 12 11 53000 2
0 1 12 12 53000 2
0 1 12 3 53000 2
0 1 12 6 53000 2
0 1 12 7 53000 2
0 1 12 3 53000 2
0 1 12 9 53000 2
0 1 12 0 53000 2
0 1 12 9 53000 2
0 1 12 15 53000 2
0 1 13 2 53000 2
0 1 13 3 53000 2
0 1 13 15 53000 2
0 1 13 1 53000 2
0 1 11 13 53000 2
0 1 11 10 53000 2
0 1 11 2 53000 2
0 1 11 5 53000 2
0 1 11 6 53000 2
0 1 11 12 53000 2
0 1 11 6 53000 2
0 1 11 10 53000 2
0 1 11 14 53000 2
0 1 11 12 53000 2
0 1 11 4 53000 2
0 1 11 3 53000 2
0 1 11 12 53000 2
0 1 11 5 53000 2
0 1 11 9 53000 2
0 1 11 3 53000 2
0 1 12 7 53000 2
0 1 12 5 53000 2
0 1 4 8 53000 2
0 1 4 3 53000 2
0 1 4 11 53000 2
0 1 4 3 53000 2
0 1 4 13 53000 2
0 1 4 1 53000 2
0 1 4 5 53000 2
0 1 4 4 53000 2
0 1 4 14 53000 2
0 1 4 6 53000 2
0 1 4 6 53000 2
0 1 5 13 53000 2
0 1 5 11 53000 2
0 1 5 6 53000 2
0 1 5 8 53000 2
0 1 5 13 53000 2
0 1 5 12 53000 2
0 1 5 1 53000 2
0 1 5 11 53000 2
0 1 3 15 53000 2
0 1 2 3 53000 2
0 1 2 15 53000 2
0 1 3 14 53000 2
0 1 3 13 53000 2
0 1 3 13 53000 2
0 1 3 0 53000 2
0 1 3 3 53000 2
0 1 3 2 53000 2
0 1 8 2 53000 2
0 1 3 6 53000 2
0 1 4 14 53000 2
0 1 4 9 53000 2
0 1 4 13 53000 2
0 1 4 4 53000 2
0 1 4 1 53000 2
0 1 4 2 53000 2
0 1 4 11 53000 2
0 1 7 1 53000 2
0 1 7 14 53000 2
0 1 7 3 53000 2
0 1 7 5 53000 2
0 1 7 9 53000 2
0 1 7 2 53000 2
0 1 7 11 53000 2
0 1 7 8 53000 2
0 1 7 15 53000 2
0 1 7 1 53000 2
0 1 5 12 53000 2
0 1 7 2 53000 2
0 1 7 8 53000 2
0 1 7 11 53000 2
0 1 8 7 53000 2
0 1 8 8 53000 2
0 1 8 13 53000 2
0 1 8 7 53000 2
0 1 5 2 53000 2
0 1 7 2 53000 2
0 1 7 11 53000 2
0 1 5 8 53000 2
0 1 5 10 53000 2
0 1 5 9 53000 2
0 1 5 5 53000 2
0 1 5 14 53000 2
0 1 6 15 53000 2
0 1 6 10 53000 2
0 1 6 3 53000 2
0 1 6 0 53000 2
0 1 6 6 53000 2
0 1 6 13 53000 2
0 1 6 9 53000 2
0 1 6 5 53000 2
0 1 6 0 53000 2
0 1 6 5 53000 2
0 1 6 6 53000 2
0 1 10 3 53500 2
0 1 10 13 53500 2
0 1 10 1 53500 2
0 1 10 12 53500 2
0 1 10 6 53500 2
0 1 10 1 53500 2
0 1 10 4 53500 2
0 1 10 9 53500 2
0 1 10 12 53500 2
0 1 10 11 53500 2
0 1 10 7 53500 2
0 1 11 11 53500 2
0 1 11 3 53500 2
0 1 11 12 53500 2
0 1 11 9 53500 2
0 1 11 15 53500 2
0 1 11 11 53500 2
0 1 9 9 53500 2
0 1 8 0 53500 2
0 1 8 13 53500 2
0 1 9 5 53500 2
0 1 9 15 53500 2
0 1 9 1 53500 2
0 1 9 14 53500 2
0 1 9 1 53500 2
0 1 9 13 53500 2
0 1 10 13 53500 2
0 1 9 11 53500 2
0 1 9 5 53500 2
0 1 9 0 53500 2
0 1 9 8 53500 2
0 1 9 7 53500 2
0 1 10 5 53500 2
0 1 10 5 53500 2
0 1 12 12 53500 2
0 1 12 15 53500 2
0 1 12 15 53500 2
0 1 12 0 53500 2
0 1 12 11 53500 2
0 1 12 8 53500 2
0 1 12 11 53500 2
0 1 12 4 53500 2
0 1 12 3 53500 2
0 1 11 0 53500 2
0 1 12 7 53500 2
0 1 12 4 53500 2
0 1 12 7 53500 2
0 1 12 2 53500 2
0 1 12 14 53500 2
0 1 13 9 53500 2
0 1 13 7 53500 2
0 1 13 11 53500 2
0 1 11 8 53500 2
0 1 11 4 53500 2
0 1 11 2 53500 2
0 1 11 1 53500 2
0 1 11 5 53500 2
0 1 11 5 53500 2
0 1 11 13 53500 2
0 1 11 1 53500 2
0 1 11 0 53500 2
0 1 11 9 53500 2
0 1 11 8 53500 2
0 1 11 5 53500 2
0 1 11 0 53500 2
0 1 11 6 53500 2
0 1 11 11 53500 2
0 1 11 9 53500 2
0 1 11 0 53500 2
0 1 5 2 53500 2
0 1 4 14 53500 2
0 1 4 0 53500 2
0 1 4 6 53500 2
0 1 4 4 53500 2
0 1 4 3 53500 2
0 1 5 1 53500 2
0 1 5 11 53500 2
0 1 5 5 53500 2
0 1 4 9 53500 2
0 1 5 15 53500 2
0 1 5 12 53500 2
0 1 5 6 53500 2
0 1 5 2 53500 2
0 1 5 14 53500 2
0 1 5 12 53500 2
0 1 5 6 53500 2
0 1 5 12 53500 2
0 1 3 9 53500 2
0 1 8 7 53500 2
0 1 2 14 53500 2
0 1 2 12 53500 2
0 1 3 2 53500 2
0 1 3 0 53500 2
0 1 3 12 53500 2
0 1 3 7 53500 2
0 1 3 9 53500 2
0 1 8 2 53500 2
0 1 4 15 53500 2
0 1 4 13 53500 2
0 1 4 9 53500 2
0 1 4 2 53500 2
0 1 4 9 53500 2
0 1 4 14 53500 2
0 1 4 2 53500 2
0 1 7 13 53500 2
0 1 7 11 53500 2
0 1 7 1 53500 2
0 1 7 2 53500 2
0 1 7 7 53500 2
0 1 7 5 53500 2
0 1 7 8 53500 2
0 1 7 1 53500 2
0 1 7 6 53500 2
0 1 5 0 53500 2
0 1 8 8 53500 2
0 1 8 2 53500 2
0 1 8 4 53500 2
0 1 8 9 53500 2
0 1 8 6 53500 2
0 1 8 3 53500 2
0 1 8 4 53500 2
0 1 5 12 53500 2
0 1 7 8 53500 2
0 1 7 4 53500 2
0 1 5 10 53500 2
0 1 5 13 53500 2
0 1 6 9 53500 2
0 1 6 8 53500 2
0 1 6 8 53500 2
0 1 6 3 53500 2
0 1 6 10 53500 2
0 1 6 5 53500 2
0 1 6 3 53500 2
0 1 6 4 53500 2
0 1 6 6 53500 2
0 1 6 8 53500 2
0 1 7 10 53500 2
0 1 7 7 53500 2
0 1 10 14 54000 2
0 1 10 10 54000 2
0 1 10 10 54000 2
0 1 10 15 54000 2
0 1 10 7 54000 2
0 1 10 6 54000 2
0 1 10 3 54000 2
0 1 10 12 54000 2
0 1 10 6 54000 2
0 1 10 7 54000 2
0 1 10 3 54000 2
0 1 10 7 54000 2
0 1 10 10 54000 2
0 1 10 11 54000 2
0 1 11 13 54000 2
0 1 11 6 54000 2
0 1 11 6 54000 2
0 1 11 12 54000 2
0 1 9 4 54000 2
0 1 8 3 54000 2
0 1 8 2 54000 2
0 1 8 8 54000 2
0 1 8 15 54000 2
0 1 8 11 54000 2
0 1 8 9 54000 2
0 1 8 12 54000 2
0 1 8 10 54000 2
0 1 8 2 54000 2
0 1 9 15 54000 2
0 1 9 6 54000 2
0 1 9 13 54000 2
0 1 9 11 54000 2
0 1 9 11 54000 2
0 1 9 5 54000 2
0 1 9 10 54000 2
0 1 9 11 54000 2
0 1 9 11 54000 2
0 1 12 9 54000 2
0 1 12 15 54000 2
0 1 12 12 54000 2
0 1 12 5 54000 2
0 1 12 7 54000 2
0 1 12 8 54000 2
0 1 12 12 54000 2
0 1 12 3 54000 2
0 1 12 6 54000 2
0 1 12 7 54000 2
0 1 12 12 54000 2
0 1 12 10 54000 2
0 1 12 7 54000 2
0 1 12 10 54000 2
0 1 12 0 54000 2
0 1 12 9 54000 2
0 1 12 11 54000 2
0 1 13 0 54000 2
0 1 13 11 54000 2
0 1 11 3 54000 2
0 1 11 9 54000 2
0 1 11 11 54000 2
0 1 11 0 54000 2
0 1 11 11 54000 2
0 1 11 14 54000 2
0 1 11 3 54000 2
0 1 11 11 54000 2
0 1 11 9 54000 2
0 1 11 6 54000 2
0 1 11 2 54000 2
0 1 11 2 54000 2
0 1 11 0 54000 2
0 1 11 5 54000 2
0 1 11 6 54000 2
0 1 11 7 54000 2
0 1 11 15 54000 2
0 1 11 2 54000 2
0 1 5 15 54000 2
0 1 4 12 54000 2
0 1 4 9 54000 2
0 1 4 9 54000 2
0 1 4 14 54000 2
0 1 4 5 54000 2
0 1 4 3 54000 2
0 1 4 10 54000 2
0 1 4 7 54000 2
0 1 4 10 54000 2
0 1 4 8 54000 2
0 1 5 15 54000 2
0 1 5 4 54000 2
0 1 5 8 54000 2
0 1 5 6 54000 2
0 1 5 14 54000 2
0 1 5 4 54000 2
0 1 5 0 54000 2
0 1 5 11 54000 2
0 1 3 2 54000 2
0 1 2 11 54000 2
0 1 2 15 54000 2
0 1 2 4 54000 2
0 1 3 11 54000 2
0 1 3 8 54000 2
0 1 3 11 54000 2
0 1 3 15 54000 2
0 1 3 0 54000 2
0 1 3 7 54000 2
0 1 7 9 54000 2
0 1 3 10 54000 2
0 1 4 13 54000 2
0 1 4 14 54000 2
0 1 4 12 54000 2
0 1 4 10 54000 2
0 1 4 3 54000 2
0 1 4 10 54000 2
0 1 4 5 54000 2
0 1 7 8 54000 2
0 1 6 4 54000 2
0 1 6 12 54000 2
0 1 6 15 54000 2
0 1 6 4 54000 2
0 1 7 11 54000 2
0 1 7 0 54000 2
0 1 7 14 54000 2
0 1 7 1 54000 2
0 1 7 14 54000 2
0 1 5 1 54000 2
0 1 7 5 54000 2
0 1 7 15 54000 2
0 1 7 12 54000 2
0 1 7 11 54000 2
0 1 7 10 54000 2
0 1 7 9 54000 2
0 1 5 15 54000 2
0 1 8 12 54000 2
0 1 6 12 54000 2
0 1 6 9 54000 2
0 1 5 0 54000 2
0 1 5 11 54000 2
0 1 5 14 54000 2
0 1 5 7 54000 2
0 1 5 9 54000 2
0 1 5 8 54000 2
0 1 6 10 54000 2
0 1 6 10 54000 2
0 1 6 7 54000 2
0 1 6 3 54000 2
0 1 6 5 54000 2
0 1 6 7 54000 2
0 1 6 5 54000 2
0 1 6 3 54000 2
0 1 6 5 54000 2
0 1 6 1 54000 2
0 1 10 13 54500 2
0 1 10 2 54500 2
0 1 10 7 54500 2
0 1 10 15 54500 2
0 1 10 4 54500 2
0 1 10 2 54500 2
0 1 10 7 54500 2
0 1 10 6 54500 2
0 1 10 1 54500 2
0 1 10 0 54500 2
0 1 10 13 54500 2
0 1 10 12 54500 2
0 1 11 1 54500 2
0 1 11 15 54500 2
0 1 11 1 54500 2
0 1 11 2 54500 2
0 1 11 12 54500 2
0 1 9 1 54500 2
0 1 8 10 54500 2
0 1 8 1 54500 2
0 1 8 8 54500 2
0 1 8 6 54500 2
0 1 8 5 54500 2
0 1 8 1 54500 2
0 1 9 15 54500 2
0 1 9 12 54500 2
0 1 10 4 54500 2
0 1 9 7 54500 2
0 1 9 2 54500 2
0 1 9 9 54500 2
0 1 9 3 54500 2
0 1 9 1 54500 2
0 1 9 13 54500 2
0 1 9 4 54500 2
0 1 9 13 54500 2
0 1 12 14 54500 2
0 1 12 10 54500 2
0 1 12 10 54500 2
0 1 12 15 54500 2
0 1 12 0 54500 2
0 1 12 1 54500 2
0 1 12 12 54500 2
0 1 12 15 54500 2
0 1 12 14 54500 2
0 1 12 12 54500 2
0 1 12 1 54500 2
0 1 12 7 54500 2
0 1 12 1 54500 2
0 1 12 4 54500 2
0 1 12 9 54500 2
0 1 13 1 54500 2
0 1 13 9 54500 2
0 1 13 11 54500 2
0 1 8 3 54500 2
0 1 11 7 54500 2
0 1 11 6 54500 2
0 1 11 1 54500 2
0 1 11 13 54500 2
0 1 11 4 54500 2
0 1 11 15 54500 2
0 1 11 0 54500 2
0 1 11 3 54500 2
0 1 11 10 54500 2
0 1 11 7 54500 2
0 1 11 11 54500 2
0 1 11 8 54500 2
0 1 11 7 54500 2
0 1 11 6 54500 2
0 1 11 3 54500 2
0 1 11 12 54500 2
0 1 12 10 54500 2
0 1 12 6 54500 2
0 1 4 0 54500 2
0 1 4 2 54500 2
0 1 4 12 54500 2
0 1 4 0 54500 2
0 1 4 14 54500 2
0 1 4 6 54500 2
0 1 4 14 54500 2
0 1 4 3 54500 2
0 1 4 10 54500 2
0 1 4 14 54500 2
0 1 5 10 54500 2
0 1 5 12 54500 2
0 1 5 7 54500 2
0 1 5 14 54500 2
0 1 5 14 54500 2
0 1 5 7 54500 2
0 1 5 14 54500 2
0 1 5 5 54500 2
0 1 3 7 54500 2
0 1 8 12 54500 2
0 1 2 12 54500 2
0 1 3 15 54500 2
0 1 3 1 54500 2
0 1 3 2 54500 2
0 1 3 8 54500 2
0 1 3 13 54500 2
0 1 3 14 54500 2
0 1 2 1 54500 2
0 1 3 3 54500 2
0 1 3 7 54500 2
0 1 3 11 54500 2
0 1 4 0 54500 2
0 1 4 12 54500 2
0 1 4 0 54500 2
0 1 4 6 54500 2
0 1 4 15 54500 2
0 1 7 15 54500 2
0 1 7 7 54500 2
0 1 7 0 54500 2
0 1 7 5 54500 2
0 1 7 8 54500 2
0 1 7 10 54500 2
0 1 7 8 54500 2
0 1 7 10 54500 2
0 1 7 10 54500 2
0 1 5 14 54500 2
0 1 7 6 54500 2
0 1 7 8 54500 2
0 1 7 15 54500 2
0 1 7 6 54500 2
0 1 7 11 54500 2
0 1 8 13 54500 2
0 1 8 3 54500 2
0 1 8 8 54500 2
0 1 6 0 54500 2
0 1 5 10 54500 2
0 1 5 10 54500 2
0 1 5 3 54500 2
0 1 5 1 54500 2
0 1 5 3 54500 2
0 1 5 4 54500 2
0 1 5 11 54500 2
0 1 6 13 54500 2
0 1 6 15 54500 2
0 1 6 8 54500 2
0 1 6 7 54500 2
0 1 6 0 54500 2
0 1 6 12 54500 2
0 1 6 9 54500 2
0 1 6 1 54500 2
0 1 6 8 54500 2
0 1 6 1 54500 2
0 1 11 2 55000 2
0 1 10 12 55000 2
0 1 10 12 55000 2
0 1 10 8 55000 2
0 1 10 13 55000 2
0 1 10 12 55000 2
0 1 10 7 55000 2
0 1 10 13 55000 2
0 1 10 6 55000 2
0 1 10 6 55000 2
0 1 11 4 55000 2
0 1 11 0 55000 2
0 1 11 2 55000 2
0 1 11 6 55000 2
0 1 11 10 55000 2
0 1 11 1 55000 2
0 1 11 5 55000 2
0 1 11 1 55000 2
0 1 9 15 55000 2
0 1 8 5 55000 2
0 1 8 14 55000 2
0 1 9 15 55000 2
0 1 9 15 55000 2
0 1 9 13 55000 2
0 1 9 10 55000 2
0 1 9 2 55000 2
0 1 9 9 55000 2
0 1 8 13 55000 2
0 1 9 8 55000 2
0 1 9 11 55000 2
0 1 9 2 55000 2
0 1 10 15 55000 2
0 1 10 15 55000 2
0 1 10 3 55000 2
0 1 10 4 55000 2
0 1 12 5 55000 2
0 1 12 13 55000 2
0 1 12 5 55000 2
0 1 12 7 55000 2
0 1 12 12 55000 2
0 1 12 14 55000 2
0 1 12 3 55000 2
0 1 12 1 55000 2
0 1 12 11 55000 2
0 1 12 3 55000 2
0 1 12 0 55000 2
0 1 12 10 55000 2
0 1 12 3 55000 2
0 1 12 11 55000 2
0 1 13 14 55000 2
0 1 13 9 55000 2
0 1 13 13 55000 2
0 1 8 6 55000 2
0 1 11 0 55000 2
0 1 11 5 55000 2
0 1 11 4 55000 2
0 1 11 2 55000 2
0 1 11 0 55000 2
0 1 11 15 55000 2
0 1 11 15 55000 2
0 1 11 7 55000 2
0 1 11 7 55000 2
0 1 11 8 55000 2
0 1 11 4 55000 2
0 1 11 11 55000 2
0 1 11 14 55000 2
0 1 11 12 55000 2
0 1 12 7 55000 2
0 1 12 9 55000 2
0 1 12 6 55000 2
0 1 12 10 55000 2
0 1 4 2 55000 2
0 1 4 15 55000 2
0 1 4 4 55000 2
0 1 4 8 55000 2
0 1 4 4 55000 2
0 1 4 3 55000 2
0 1 4 10 55000 2
0 1 4 10 55000 2
0 1 4 4 55000 2
0 1 4 8 55000 2
0 1 5 8 55000 2
0 1 5 6 55000 2
0 1 5 7 55000 2
0 1 5 12 55000 2
0 1 5 9 55000 2
0 1 5 12 55000 2
0 1 5 4 55000 2
0 1 5 3 55000 2
0 1 3 2 55000 2
0 1 8 9 55000 2
0 1 2 0 55000 2
0 1 2 8 55000 2
0 1 3 2 55000 2
0 1 3 11 55000 2
0 1 3 14 55000 2
0 1 3 0 55000 2
0 1 3 9 55000 2
0 1 8 5 55000 2
0 1 3 11 55000 2
0 1 3 11 55000 2
0 1 4 15 55000 2
0 1 4 2 55000 2
0 1 4 2 55000 2
0 1 4 7 55000 2
0 1 4 8 55000 2
0 1 4 15 55000 2
0 1 7 13 55000 2
0 1 7 11 55000 2
0 1 7 13 55000 2
0 1 7 10 55000 2
0 1 7 8 55000 2
0 1 7 11 55000 2
0 1 7 3 55000 2
0 1 7 11 55000 2
0 1 7 12 55000 2
0 1 5 5 55000 2
0 1 7 12 55000 2
0 1 7 4 55000 2
0 1 7 6 55000 2
0 1 7 15 55000 2
0 1 8 15 55000 2
0 1 8 8 55000 2
0 1 8 8 55000 2
0 1 5 2 55000 2
0 1 6 13 55000 2
0 1 6 0 55000 2
0 1 5 10 55000 2
0 1 5 11 55000 2
0 1 5 1 55000 2
0 1 5 2 55000 2
0 1 6 9 55000 2
0 1 6 14 55000 2
0 1 6 11 55000 2
0 1 6 4 55000 2
0 1 6 13 55000 2
0 1 6 6 55000 2
0 1 6 9 55000 2
0 1 6 14 55000 2
0 1 6 2 55000 2
0 1 6 15 55000 2
0 1 6 13 55000 2
0 1 10 9 55500 2
0 1 10 8 55500 2
0 1 10 12 55500 2
0 1 10 15 55500 2
0 1 10 0 55500 2
0 1 10 4 55500 2
0 1 10 2 55500 2
0 1 10 3 55500 2
0 1 9 13 55500 2
0 1 10 15 55500 2
0 1 10 8 55500 2
0 1 10 9 55500 2
0 1 11 0 55500 2
0 1 11 6 55500 2
0 1 11 11 55500 2
0 1 11 3 55500 2
0 1 11 14 55500 2
0 1 11 9 55500 2
0 1 9 15 55500 2
0 1 8 15 55500 2
0 1 8 6 55500 2
0 1 8 2 55500 2
0 1 8 4 55500 2
0 1 8 12 55500 2
0 1 8 9 55500 2
0 1 8 0 55500 2
0 1 8 11 55500 2
0 1 9 1 55500 2
0 1 9 9 55500 2
0 1 9 0 55500 2
0 1 9 2 55500 2
0 1 9 12 55500 2
0 1 9 11 55500 2
0 1 9 5 55500 2
0 1 9 7 55500 2
0 1 9 8 55500 2
0 1 12 10 55500 2
0 1 12 0 55500 2
0 1 12 10 55500 2
0 1 12 10 55500 2
0 1 12 3 55500 2
0 1 12 10 55500 2
0 1 12 15 55500 2
0 1 12 8 55500 2
0 1 12 10 55500 2
0 1 12 4 55500 2
0 1 12 4 55500 2
0 1 12 9 55500 2
0 1 12 10 55500 2
0 1 12 15 55500 2
0 1 13 14 55500 2
0 1 13 6 55500 2
0 1 13 14 55500 2
0 1 3 13 55500 2
0 1 11 4 55500 2
0 1 11 4 55500 2
0 1 11 7 55500 2
0 1 11 4 55500 2
0 1 11 13 55500 2
0 1 11 8 55500 2
0 1 11 14 55500 2
0 1 11 10 55500 2
0 1 11 11 55500 2
0 1 11 8 55500 2
0 1 11 4 55500 2
0 1 11 11 55500 2
0 1 11 12 55500 2
0 1 11 12 55500 2
0 1 11 15 55500 2
0 1 11 2 55500 2
0 1 12 1 55500 2
0 1 12 7 55500 2
0 1 4 8 55500 2
0 1 4 14 55500 2
0 1 4 9 55500 2
0 1 4 13 55500 2
0 1 4 15 55500 2
0 1 4 11 55500 2
0 1 4 9 55500 2
0 1 4 14 55500 2
0 1 4 14 55500 2
0 1 4 7 55500 2
0 1 4 3 55500 2
0 1 4 9 55500 2
0 1 4 10 55500 2
0 1 5 3 55500 2
0 1 5 6 55500 2
0 1 5 13 55500 2
0 1 5 14 55500 2
0 1 5 10 55500 2
0 1 5 10 55500 2
0 1 3 3 55500 2
0 1 8 2 55500 2
0 1 2 2 55500 2
0 1 2 12 55500 2
0 1 2 9 55500 2
0 1 3 12 55500 2
0 1 3 2 55500 2
0 1 3 3 55500 2
0 1 2 3 55500 2
0 1 7 0 55500 2
0 1 3 0 55500 2
0 1 3 4 55500 2
0 1 3 8 55500 2
0 1 3 3 55500 2
0 1 4 14 55500 2
0 1 4 7 55500 2
0 1 4 6 55500 2
0 1 4 5 55500 2
0 1 7 8 55500 2
0 1 6 3 55500 2
0 1 7 14 55500 2
0 1 7 3 55500 2
0 1 7 2 55500 2
0 1 7 6 55500 2
0 1 7 11 55500 2
0 1 7 8 55500 2
0 1 7 2 55500 2
0 1 5 11 55500 2
0 1 7 3 55500 2
0 1 7 15 55500 2
0 1 7 10 55500 2
0 1 7 5 55500 2
0 1 7 12 55500 2
0 1 7 2 55500 2
0 1 7 8 55500 2
0 1 5 2 55500 2
0 1 6 7 55500 2
0 1 6 10 55500 2
0 1 5 7 55500 2
0 1 5 12 55500 2
0 1 5 3 55500 2
0 1 5 9 55500 2
0 1 5 3 55500 2
0 1 5 2 55500 2
0 1 5 7 55500 2
0 1 6 14 55500 2
0 1 6 13 55500 2
0 1 6 11 55500 2
0 1 6 5 55500 2
0 1 6 13 55500 2
0 1 6 0 55500 2
0 1 6 8 55500 2
0 1 6 8 55500 2
0 1 10 12 56000 2
0 1 10 14 56000 2
0 1 10 8 56000 2
0 1 10 6 56000 2
0 1 10 9 56000 2
0 1 10 3 56000 2
0 1 10 3 56000 2
0 1 10 9 56000 2
0 1 9 3 56000 2
0 1 10 14 56000 2
0 1 10 1 56000 2
0 1 10 5 56000 2
0 1 10 0 56000 2
0 1 11 9 56000 2
0 1 11 14 56000 2
0 1 11 10 56000 2
0 1 11 3 56000 2
0 1 8 1 56000 2
0 1 11 4 56000 2
0 1 8 9 56000 2
0 1 10 5 56000 2
0 1 8 2 56000 2
0 1 8 15 56000 2
0 1 8 6 56000 2
0 1 8 10 56000 2
0 1 8 1 56000 2
0 1 8 15 56000 2
0 1 8 10 56000 2
0 1 9 15 56000 2
0 1 9 11 56000 2
0 1 9 2 56000 2
0 1 9 14 56000 2
0 1 9 15 56000 2
0 1 9 3 56000 2
0 1 9 10 56000 2
0 1 9 11 56000 2
0 1 9 5 56000 2
0 1 12 3 56000 2
0 1 12 12 56000 2
0 1 12 14 56000 2
0 1 12 3 56000 2
0 1 12 12 56000 2
0 1 12 5 56000 2
0 1 12 6 56000 2
0 1 12 7 56000 2
0 1 12 8 56000 2
0 1 12 5 56000 2
0 1 12 0 56000 2
0 1 12 3 56000 2
0 1 12 10 56000 2
0 1 12 6 56000 2
0 1 12 3 56000 2
0 1 12 13 56000 2
0 1 13 4 56000 2
0 1 13 9 56000 2
0 1 11 11 56000 2
0 1 11 10 56000 2
0 1 11 8 56000 2
0 1 11 4 56000 2
0 1 11 12 56000 2
0 1 11 15 56000 2
0 1 11 6 56000 2
0 1 11 1 56000 2
0 1 11 10 56000 2
0 1 11 1 56000 2
0 1 11 10 56000 2
0 1 11 5 56000 2
0 1 11 11 56000 2
0 1 11 4 56000 2
0 1 11 6 56000 2
0 1 11 15 56000 2
0 1 11 11 56000 2
0 1 12 0 56000 2
0 1 5 0 56000 2
0 1 4 14 56000 2
0 1 4 12 56000 2
0 1 4 8 56000 2
0 1 4 5 56000 2
0 1 4 3 56000 2
0 1 4 6 56000 2
0 1 5 15 56000 2
0 1 5 8 56000 2
0 1 5 13 56000 2
0 1 4 0 56000 2
0 1 5 5 56000 2
0 1 5 5 56000 2
0 1 5 0 56000 2
0 1 5 4 56000 2
0 1 5 3 56000 2
0 1 5 3 56000 2
0 1 5 0 56000 2
0 1 5 2 56000 2
0 1 4 15 56000 2
0 1 2 0 56000 2
0 1 2 9 56000 2
0 1 3 2 56000 2
0 1 3 4 56000 2
0 1 3 3 56000 2
0 1 3 15 56000 2
0 1 3 2 56000 2
0 1 3 5 56000 2
0 1 4 1 56000 2
0 1 8 10 56000 2
0 1 4 8 56000 2
0 1 4 4 56000 2
0 1 4 11 56000 2
0 1 4 0 56000 2
0 1 4 9 56000 2
0 1 4 6 56000 2
0 1 4 1 56000 2
0 1 4 5 56000 2
0 1 7 6 56000 2
0 1 6 7 56000 2
0 1 7 6 56000 2
0 1 7 8 56000 2
0 1 7 14 56000 2
0 1 7 6 56000 2
0 1 7 3 56000 2
0 1 7 3 56000 2
0 1 7 8 56000 2
0 1 7 9 56000 2
0 1 5 8 56000 2
0 1 7 9 56000 2
0 1 7 7 56000 2
0 1 7 13 56000 2
0 1 7 2 56000 2
0 1 7 11 56000 2
0 1 7 2 56000 2
0 1 8 7 56000 2
0 1 8 8 56000 2
0 1 5 2 56000 2
0 1 6 12 56000 2
0 1 5 5 56000 2
0 1 5 9 56000 2
0 1 6 4 56000 2
0 1 6 10 56000 2
0 1 6 9 56000 2
0 1 6 12 56000 2
0 1 6 12 56000 2
0 1 6 13 56000 2
0 1 6 7 56000 2
0 1 6 8 56000 2
0 1 6 6 56000 2
0 1 6 15 56000 2
0 1 6 4 56000 2
0 1 6 6 56000 2
0 1 6 3 56000 2
0 1 10 3 56500 2
0 1 10 5 56500 2
0 1 10 7 56500 2
0 1 10 2 56500 2
0 1 10 9 56500 2
0 1 10 2 56500 2
0 1 10 6 56500 2
0 1 10 8 56500 2
0 1 10 1 56500 2
0 1 11 2 56500 2
0 1 11 10 56500 2
0 1 11 15 56500 2
0 1 11 14 56500 2
0 1 11 3 56500 2
0 1 11 12 56500 2
0 1 11 1 56500 2
0 1 11 4 56500 2
0 1 11 4 56500 2
0 1 9 4 56500 2
0 1 8 10 56500 2
0 1 8 6 56500 2
0 1 8 7 56500 2
0 1 8 9 56500 2
0 1 8 5 56500 2
0 1 9 8 56500 2
0 1 9 2 56500 2
0 1 9 8 56500 2
0 1 9 11 56500 2
0 1 10 14 56500 2
0 1 9 12 56500 2
0 1 9 14 56500 2
0 1 9 8 56500 2
0 1 9 9 56500 2
0 1 9 11 56500 2
0 1 10 10 56500 2
0 1 10 12 56500 2
0 1 10 12 56500 2
0 1 12 9 56500 2
0 1 12 10 56500 2
0 1 12 7 56500 2
0 1 12 15 56500 2
0 1 12 15 56500 2
0 1 12 3 56500 2
0 1 12 7 56500 2
0 1 12 14 56500 2
0 1 12 15 56500 2
0 1 12 3 56500 2
0 1 12 9 56500 2
0 1 12 6 56500 2
0 1 12 5 56500 2
0 1 12 0 56500 2
0 1 12 12 56500 2
0 1 12 2 56500 2
0 1 13 11 56500 2
0 1 13 0 56500 2
0 1 4 9 56500 2
0 1 11 5 56500 2
0 1 11 5 56500 2
0 1 11 13 56500 2
0 1 11 11 56500 2
0 1 11 9 56500 2
0 1 11 6 56500 2
0 1 11 1 56500 2
0 1 11 4 56500 2
0 1 11 0 56500 2
0 1 11 5 56500 2
0 1 11 1 56500 2
0 1 11 7 56500 2
0 1 11 10 56500 2
0 1 11 12 56500 2
0 1 11 4 56500 2
0 1 11 7 56500 2
0 1 12 9 56500 2
0 1 12 5 56500 2
0 1 4 13 56500 2
0 1 4 0 56500 2
0 1 4 1 56500 2
0 1 4 3 56500 2
0 1 4 13 56500 2
0 1 4 13 56500 2
0 1 4 1 56500 2
0 1 4 10 56500 2
0 1 4 13 56500 2
0 1 4 4 56500 2
0 1 4 5 56500 2
0 1 4 8 56500 2
0 1 5 4 56500 2
0 1 5 9 56500 2
0 1 5 12 56500 2
0 1 5 5 56500 2
0 1 5 7 56500 2
0 1 5 11 56500 2
0 1 5 8 56500 2
0 1 3 14 56500 2
0 1 2 4 56500 2
0 1 2 12 56500 2
0 1 2 0 56500 2
0 1 2 1 56500 2
0 1 3 11 56500 2
0 1 3 8 56500 2
0 1 3 15 56500 2
0 1 3 4 56500 2
0 1 8 13 56500 2
0 1 3 2 56500 2
0 1 3 3 56500 2
0 1 3 8 56500 2
0 1 3 9 56500 2
0 1 4 2 56500 2
0 1 4 7 56500 2
0 1 4 4 56500 2
0 1 4 3 56500 2
0 1 7 2 56500 2
0 1 7 4 56500 2
0 1 7 15 56500 2
0 1 7 4 56500 2
0 1 7 8 56500 2
0 1 7 3 56500 2
0 1 7 9 56500 2
0 1 7 3 56500 2
0 1 7 8 56500 2
0 1 7 10 56500 2
0 1 5 3 56500 2
0 1 7 2 56500 2
0 1 7 12 56500 2
0 1 7 7 56500 2
0 1 7 9 56500 2
0 1 8 7 56500 2
0 1 8 5 56500 2
0 1 8 14 56500 2
0 1 8 13 56500 2
0 1 5 4 56500 2
0 1 6 6 56500 2
0 1 5 15 56500 2
0 1 5 9 56500 2
0 1 5 2 56500 2
0 1 5 7 56500 2
0 1 5 0 56500 2
0 1 6 13 56500 2
0 1 6 4 56500 2
0 1 6 6 56500 2
0 1 6 15 56500 2
0 1 6 4 56500 2
0 1 6 1 56500 2
0 1 6 0 56500 2
0 1 6 7 56500 2
0 1 6 0 56500 2
0 1 6 14 56500 2
0 1 6 2 56500 2
0 1 8 7 57000 2
0 1 10 9 57000 2
0 1 10 1 57000 2
0 1 10 13 57000 2
0 1 10 8 57000 2
0 1 10 9 57000 2
0 1 10 2 57000 2
0 1 10 2 57000 2
0 1 10 3 57000 2
0 1 10 2 57000 2
0 1 10 4 57000 2
0 1 10 6 57000 2
0 1 11 2 57000 2
0 1 11 11 57000 2
0 1 11 10 57000 2
0 1 11 7 57000 2
0 1 11 12 57000 2
0 1 8 3 57000 2
0 1 8 7 57000 2
0 1 8 5 57000 2
0 1 8 2 57000 2
0 1 8 6 57000 2
0 1 8 8 57000 2
0 1 8 10 57000 2
0 1 8 13 57000 2
0 1 8 15 57000 2
0 1 9 9 57000 2
0 1 9 15 57000 2
0 1 9 3 57000 2
0 1 9 14 57000 2
0 1 9 4 57000 2
0 1 9 12 57000 2
0 1 9 10 57000 2
0 1 9 4 57000 2
0 1 9 0 57000 2
0 1 12 0 57000 2
0 1 12 9 57000 2
0 1 12 5 57000 2
0 1 12 7 57000 2
0 1 12 14 57000 2
0 1 12 6 57000 2
0 1 12 13 57000 2
0 1 12 7 57000 2
0 1 12 4 57000 2
0 1 12 0 57000 2
0 1 12 12 57000 2
0 1 12 4 57000 2
0 1 12 5 57000 2
0 1 12 3 57000 2
0 1 12 5 57000 2
0 1 12 7 57000 2
0 1 13 9 57000 2
0 1 13 10 57000 2
0 1 9 6 57000 2
0 1 11 13 57000 2
0 1 11 6 57000 2
0 1 11 3 57000 2
0 1 11 7 57000 2
0 1 11 2 57000 2
0 1 11 12 57000 2
0 1 11 15 57000 2
0 1 11 13 57000 2
0 1 11 11 57000 2
0 1 11 6 57000 2
0 1 11 13 57000 2
0 1 11 9 57000 2
0 1 11 15 57000 2
0 1 11 14 57000 2
0 1 11 8 57000 2
0 1 11 11 57000 2
0 1 11 12 57000 2
0 1 12 1 57000 2
0 1 4 7 57000 2
0 1 4 2 57000 2
0 1 4 14 57000 2
0 1 4 1 57000 2
0 1 4 6 57000 2
0 1 4 5 57000 2
0 1 4 7 57000 2
0 1 4 6 57000 2
0 1 4 3 57000 2
0 1 4 3 57000 2
0 1 4 6 57000 2
0 1 5 0 57000 2
0 1 5 6 57000 2
0 1 5 0 57000 2
0 1 5 5 57000 2
0 1 5 4 57000 2
0 1 5 8 57000 2
0 1 5 11 57000 2
0 1 5 8 57000 2
0 1 3 0 57000 2
0 1 7 7 57000 2
0 1 2 5 57000 2
0 1 2 0 57000 2
0 1 2 5 57000 2
0 1 3 10 57000 2
0 1 3 8 57000 2
0 1 3 7 57000 2
0 1 3 12 57000 2
0 1 7 7 57000 2
0 1 3 15 57000 2
0 1 3 15 57000 2
0 1 4 7 57000 2
0 1 4 3 57000 2
0 1 4 12 57000 2
0 1 4 5 57000 2
0 1 4 7 57000 2
0 1 4 11 57000 2
0 1 7 10 57000 2
0 1 6 10 57000 2
0 1 6 5 57000 2
0 1 6 2 57000 2
0 1 6 6 57000 2
0 1 6 4 57000 2
0 1 7 6 57000 2
0 1 7 1 57000 2
0 1 7 13 57000 2
0 1 5 0 57000 2
0 1 7 3 57000 2
0 1 7 7 57000 2
0 1 7 15 57000 2
0 1 7 4 57000 2
0 1 7 5 57000 2
0 1 7 6 57000 2
0 1 7 11 57000 2
0 1 5 14 57000 2
0 1 6 9 57000 2
0 1 6 5 57000 2
0 1 5 7 57000 2
0 1 5 5 57000 2
0 1 5 14 57000 2
0 1 5 5 57000 2
0 1 5 13 57000 2
0 1 5 11 57000 2
0 1 6 13 57000 2
0 1 6 4 57000 2
0 1 6 7 57000 2
0 1 6 6 57000 2
0 1 6 9 57000 2
0 1 6 5 57000 2
0 1 6 10 57000 2
0 1 6 5 57000 2
0 1 6 3 57000 2
0 1 10 6 57500 2
0 1 10 7 57500 2
0 1 10 2 57500 2
0 1 10 6 57500 2
0 1 10 12 57500 2
0 1 10 4 57500 2
0 1 10 4 57500 2
0 1 10 13 57500 2
0 1 10 4 57500 2
0 1 10 4 57500 2
0 1 10 13 57500 2
0 1 10 7 57500 2
0 1 11 1 57500 2
0 1 11 13 57500 2
0 1 11 9 57500 2
0 1 11 0 57500 2
0 1 11 13 57500 2
0 1 11 1 57500 2
0 1 11 12 57500 2
0 1 9 8 57500 2
0 1 13 10 57500 2
0 1 8 6 57500 2
0 1 8 5 57500 2
0 1 8 7 57500 2
0 1 8 8 57500 2
0 1 9 8 57500 2
0 1 9 2 57500 2
0 1 9 11 57500 2
0 1 9 11 57500 2
0 1 10 6 57500 2
0 1 9 2 57500 2
0 1 9 14 57500 2
0 1 9 15 57500 2
0 1 9 2 57500 2
0 1 9 2 57500 2
0 1 9 8 57500 2
0 1 9 9 57500 2
0 1 10 1 57500 2
0 1 12 11 57500 2
0 1 12 5 57500 2
0 1 12 12 57500 2
0 1 12 2 57500 2
0 1 12 6 57500 2
0 1 12 7 57500 2
0 1 12 12 57500 2
0 1 12 4 57500 2
0 1 12 1 57500 2
0 1 12 1 57500 2
0 1 12 15 57500 2
0 1 12 9 57500 2
0 1 12 8 57500 2
0 1 12 12 57500 2
0 1 12 8 57500 2
0 1 12 13 57500 2
0 1 13 0 57500 2
0 1 13 11 57500 2
0 1 13 14 57500 2
0 1 11 1 57500 2
0 1 11 14 57500 2
0 1 11 10 57500 2
0 1 11 10 57500 2
0 1 11 6 57500 2
0 1 11 13 57500 2
0 1 11 1 57500 2
0 1 11 9 57500 2
0 1 11 3 57500 2
0 1 11 13 57500 2
0 1 11 10 57500 2
0 1 11 15 57500 2
0 1 11 0 57500 2
0 1 11 10 57500 2
0 1 11 15 57500 2
0 1 12 2 57500 2
0 1 12 11 57500 2
0 1 12 11 57500 2
0 1 4 10 57500 2
0 1 4 15 57500 2
0 1 4 2 57500 2
0 1 4 0 57500 2
0 1 4 5 57500 2
0 1 4 4 57500 2
0 1 4 4 57500 2
0 1 4 11 57500 2
0 1 4 14 57500 2
0 1 4 14 57500 2
0 1 4 8 57500 2
0 1 5 14 57500 2
0 1 5 4 57500 2
0 1 5 0 57500 2
0 1 5 9 57500 2
0 1 5 6 57500 2
0 1 5 3 57500 2
0 1 5 11 57500 2
0 1 5 13 57500 2
0 1 5 15 57500 2
0 1 3 1 57500 2
0 1 8 15 57500 2
0 1 2 0 57500 2
0 1 2 0 57500 2
0 1 2 11 57500 2
0 1 2 3 57500 2
0 1 3 2 57500 2
0 1 3 13 57500 2
0 1 3 8 57500 2
0 1 3 8 57500 2
0 1 8 4 57500 2
0 1 3 12 57500 2
0 1 3 10 57500 2
0 1 3 10 57500 2
0 1 3 2 57500 2
0 1 4 4 57500 2
0 1 4 13 57500 2
0 1 4 1 57500 2
0 1 4 7 57500 2
0 1 7 10 57500 2
0 1 7 10 57500 2
0 1 7 2 57500 2
0 1 7 4 57500 2
0 1 7 7 57500 2
0 1 7 6 57500 2
0 1 7 2 57500 2
0 1 7 11 57500 2
0 1 7 12 57500 2
0 1 7 9 57500 2
0 1 5 0 57500 2
0 1 7 12 57500 2
0 1 7 0 57500 2
0 1 7 4 57500 2
0 1 8 11 57500 2
0 1 8 3 57500 2
0 1 8 7 57500 2
0 1 8 11 57500 2
0 1 5 5 57500 2
0 1 7 8 57500 2
0 1 7 13 57500 2
0 1 5 8 57500 2
0 1 5 12 57500 2
0 1 5 7 57500 2
0 1 6 1 57500 2
0 1 6 11 57500 2
0 1 6 8 57500 2
0 1 6 10 57500 2
0 1 6 11 57500 2
0 1 6 5 57500 2
0 1 6 5 57500 2
0 1 6 1 57500 2
0 1 6 14 57500 2
0 1 6 3 57500 2
0 1 6 10 57500 2
0 1 6 8 57500 2
0 1 6 9 57500 2
0 1 10 10 58000 2
0 1 10 13 58000 2
0 1 10 7 58000 2
0 1 10 9 58000 2
0 1 10 15 58000 2
0 1 10 3 58000 2
0 1 10 5 58000 2
0 1 10 14 58000 2
0 1 10 9 58000 2
0 1 10 12 58000 2
0 1 10 9 58000 2
0 1 10 11 58000 2
0 1 11 1 58000 2
0 1 11 9 58000 2
0 1 11 6 58000 2
0 1 11 10 58000 2
0 1 11 6 58000 2
0 1 11 10 58000 2
0 1 9 1 58000 2
0 1 8 8 58000 2
0 1 8 6 58000 2
0 1 8 9 58000 2
0 1 9 11 58000 2
0 1 9 5 58000 2
0 1 9 1 58000 2
0 1 9 11 58000 2
0 1 9 11 58000 2
0 1 10 12 58000 2
0 1 9 11 58000 2
0 1 9 6 58000 2
0 1 9 10 58000 2
0 1 9 3 58000 2
0 1 9 11 58000 2
0 1 9 6 58000 2
0 1 10 13 58000 2
0 1 10 6 58000 2
0 1 12 9 58000 2
0 1 12 13 58000 2
0 1 12 15 58000 2
0 1 12 14 58000 2
0 1 12 13 58000 2
0 1 12 6 58000 2
0 1 12 1 58000 2
0 1 12 10 58000 2
0 1 12 12 58000 2
0 1 12 10 58000 2
0 1 12 2 58000 2
0 1 12 10 58000 2
0 1 12 1 58000 2
0 1 12 9 58000 2
0 1 12 15 58000 2
0 1 12 11 58000 2
0 1 13 2 58000 2
0 1 13 12 58000 2
0 1 13 1 58000 2
0 1 11 13 58000 2
0 1 11 6 58000 2
0 1 11 7 58000 2
0 1 11 5 58000 2
0 1 11 10 58000 2
0 1 11 14 58000 2
0 1 11 6 58000 2
0 1 11 13 58000 2
0 1 11 11 58000 2
0 1 11 1 58000 2
0 1 11 3 58000 2
0 1 11 1 58000 2
0 1 11 13 58000 2
0 1 11 10 58000 2
0 1 11 12 58000 2
0 1 11 7 58000 2
0 1 11 8 58000 2
0 1 12 12 58000 2
0 1 5 4 58000 2
0 1 4 4 58000 2
0 1 4 1 58000 2
0 1 4 3 58000 2
0 1 4 12 58000 2
0 1 4 2 58000 2
0 1 5 14 58000 2
0 1 5 7 58000 2
0 1 5 0 58000 2
0 1 5 9 58000 2
0 1 4 7 58000 2
0 1 5 8 58000 2
0 1 5 15 58000 2
0 1 5 10 58000 2
0 1 5 14 58000 2
0 1 5 7 58000 2
0 1 5 9 58000 2
0 1 5 4 58000 2
0 1 5 4 58000 2
0 1 3 14 58000 2
0 1 2 10 58000 2
0 1 3 2 58000 2
0 1 3 13 58000 2
0 1 3 3 58000 2
0 1 3 13 58000 2
0 1 3 0 58000 2
0 1 3 4 58000 2
0 1 3 1 58000 2
0 1 8 2 58000 2
0 1 4 12 58000 2
0 1 4 13 58000 2
0 1 4 2 58000 2
0 1 4 6 58000 2
0 1 4 12 58000 2
0 1 4 9 58000 2
0 1 4 6 58000 2
0 1 4 15 58000 2
0 1 7 0 58000 2
0 1 7 2 58000 2
0 1 7 11 58000 2
0 1 7 8 58000 2
0 1 7 6 58000 2
0 1 7 5 58000 2
0 1 7 0 58000 2
0 1 7 12 58000 2
0 1 7 9 58000 2
0 1 7 0 58000 2
0 1 5 14 58000 2
0 1 7 12 58000 2
0 1 8 11 58000 2
0 1 8 1 58000 2
0 1 8 12 58000 2
0 1 8 11 58000 2
0 1 8 1 58000 2
0 1 8 9 58000 2
0 1 5 0 58000 2
0 1 7 3 58000 2
0 1 7 5 58000 2
0 1 6 11 58000 2
0 1 6 10 58000 2
0 1 6 1 58000 2
0 1 6 3 58000 2
0 1 6 8 58000 2
0 1 6 15 58000 2
0 1 6 13 58000 2
0 1 6 2 58000 2
0 1 6 5 58000 2
0 1 6 10 58000 2
0 1 6 0 58000 2
0 1 7 6 58000 2
0 1 7 6 58000 2
0 1 7 14 58000 2
0 1 6 3 58000 2
0 1 10 11 58500 2
0 1 10 4 58500 2
0 1 10 9 58500 2
0 1 10 10 58500 2
0 1 10 6 58500 2
0 1 10 5 58500 2
0 1 10 8 58500 2
0 1 10 8 58500 2
0 1 10 6 58500 2
0 1 11 15 58500 2
0 1 11 8 58500 2
0 1 11 13 58500 2
0 1 11 6 58500 2
0 1 11 3 58500 2
0 1 11 4 58500 2
0 1 11 6 58500 2
0 1 11 13 58500 2
0 1 9 1 58500 2
0 1 8 3 58500 2
0 1 8 1 58500 2
0 1 9 1 58500 2
0 1 9 3 58500 2
0 1 9 8 58500 2
0 1 9 13 58500 2
0 1 9 8 58500 2
0 1 9 8 58500 2
0 1 10 5 58500 2
0 1 9 6 58500 2
0 1 9 8 58500 2
0 1 9 9 58500 2
0 1 9 12 58500 2
0 1 10 10 58500 2
0 1 10 10 58500 2
0 1 10 0 58500 2
0 1 10 4 58500 2
0 1 12 6 58500 2
0 1 12 14 58500 2
0 1 12 14 58500 2
0 1 12 6 58500 2
0 1 12 3 58500 2
0 1 12 8 58500 2
0 1 12 1 58500 2
0 1 12 7 58500 2
0 1 12 7 58500 2
0 1 12 15 58500 2
0 1 12 7 58500 2
0 1 12 12 58500 2
0 1 12 9 58500 2
0 1 12 11 58500 2
0 1 13 4 58500 2
0 1 13 6 58500 2
0 1 13 10 58500 2
0 1 13 10 58500 2
0 1 11 12 58500 2
0 1 11 6 58500 2
0 1 11 6 58500 2
0 1 11 0 58500 2
0 1 11 14 58500 2
0 1 11 7 58500 2
0 1 11 10 58500 2
0 1 11 10 58500 2
0 1 11 3 58500 2
0 1 11 15 58500 2
0 1 11 12 58500 2
0 1 11 9 58500 2
0 1 11 10 58500 2
0 1 11 15 58500 2
0 1 11 12 58500 2
0 1 12 0 58500 2
0 1 12 7 58500 2
0 1 12 9 58500 2
0 1 5 12 58500 2
0 1 4 9 58500 2
0 1 4 0 58500 2
0 1 4 15 58500 2
0 1 4 10 58500 2
0 1 4 15 58500 2
0 1 4 12 58500 2
0 1 5 4 58500 2
0 1 5 13 58500 2
0 1 5 1 58500 2
0 1 4 12 58500 2
0 1 5 9 58500 2
0 1 5 14 58500 2
0 1 5 8 58500 2
0 1 5 3 58500 2
0 1 5 6 58500 2
0 1 5 0 58500 2
0 1 5 8 58500 2
0 1 5 0 58500 2
0 1 3 14 58500 2
0 1 8 1 58500 2
0 1 2 4 58500 2
0 1 2 0 58500 2
0 1 3 5 58500 2
0 1 3 11 58500 2
0 1 3 8 58500 2
0 1 3 9 58500 2
0 1 3 11 58500 2
0 1 8 5 58500 2
0 1 3 3 58500 2
0 1 4 14 58500 2
0 1 4 15 58500 2
0 1 4 14 58500 2
0 1 4 7 58500 2
0 1 4 7 58500 2
0 1 4 4 58500 2
0 1 4 14 58500 2
0 1 7 0 58500 2
0 1 7 6 58500 2
0 1 7 3 58500 2
0 1 7 9 58500 2
0 1 7 12 58500 2
0 1 7 3 58500 2
0 1 7 12 58500 2
0 1 7 11 58500 2
0 1 7 4 58500 2
0 1 5 0 58500 2
0 1 7 11 58500 2
0 1 8 9 58500 2
0 1 8 13 58500 2
0 1 8 8 58500 2
0 1 8 7 58500 2
0 1 8 8 58500 2
0 1 8 13 58500 2
0 1 5 11 58500 2
0 1 7 14 58500 2
0 1 7 3 58500 2
0 1 5 1 58500 2
0 1 6 8 58500 2
0 1 6 7 58500 2
0 1 6 11 58500 2
0 1 6 1 58500 2
0 1 6 7 58500 2
0 1 6 12 58500 2
0 1 6 14 58500 2
0 1 6 15 58500 2
0 1 6 0 58500 2
0 1 6 4 58500 2
0 1 6 8 58500 2
0 1 7 7 58500 2
0 1 7 8 58500 2
0 1 6 3 58500 2
0 1 10 2 59000 2
0 1 10 0 59000 2
0 1 10 2 59000 2
0 1 10 14 59000 2
0 1 10 4 59000 2
0 1 10 4 59000 2
0 1 10 12 59000 2
0 1 10 5 59000 2
0 1 10 2 59000 2
0 1 10 9 59000 2
0 1 10 0 59000 2
0 1 11 13 59000 2
0 1 11 5 59000 2
0 1 11 9 59000 2
0 1 11 9 59000 2
0 1 11 8 59000 2
0 1 11 14 59000 2
0 1 8 7 59000 2
0 1 11 13 59000 2
0 1 9 13 59000 2
0 1 10 14 59000 2
0 1 8 11 59000 2
0 1 8 11 59000 2
0 1 8 12 59000 2
0 1 8 8 59000 2
0 1 8 4 59000 2
0 1 8 12 59000 2
0 1 9 1 59000 2
0 1 10 7 59000 2
0 1 9 14 59000 2
0 1 9 6 59000 2
0 1 9 6 59000 2
0 1 9 2 59000 2
0 1 9 14 59000 2
0 1 9 0 59000 2
0 1 9 6 59000 2
0 1 9 8 59000 2
0 1 12 15 59000 2
0 1 12 5 59000 2
0 1 12 10 59000 2
0 1 12 11 59000 2
0 1 12 1 59000 2
0 1 12 6 59000 2
0 1 12 8 59000 2
0 1 12 9 59000 2
0 1 12 15 59000 2
0 1 12 0 59000 2
0 1 12 9 59000 2
0 1 12 3 59000 2
0 1 12 7 59000 2
0 1 12 14 59000 2
0 1 12 7 59000 2
0 1 12 5 59000 2
0 1 13 5 59000 2
0 1 13 0 59000 2
0 1 11 2 59000 2
0 1 11 1 59000 2
0 1 11 1 59000 2
0 1 11 12 59000 2
0 1 11 9 59000 2
0 1 11 15 59000 2
0 1 11 1 59000 2
0 1 11 11 59000 2
0 1 11 8 59000 2
0 1 11 9 59000 2
0 1 11 6 59000 2
0 1 11 1 59000 2
0 1 11 1 59000 2
0 1 11 10 59000 2
0 1 11 7 59000 2
0 1 11 10 59000 2
0 1 12 10 59000 2
0 1 12 15 59000 2
0 1 5 4 59000 2
0 1 4 4 59000 2
0 1 4 14 59000 2
0 1 4 5 59000 2
0 1 4 3 59000 2
0 1 4 3 59000 2
0 1 4 9 59000 2
0 1 5 8 59000 2
0 1 5 11 59000 2
0 1 5 6 59000 2
0 1 4 2 59000 2
0 1 5 9 59000 2
0 1 5 11 59000 2
0 1 5 14 59000 2
0 1 5 3 59000 2
0 1 5 7 59000 2
0 1 5 6 59000 2
0 1 5 10 59000 2
0 1 5 11 59000 2
0 1 3 10 59000 2
0 1 2 9 59000 2
0 1 2 10 59000 2
0 1 2 12 59000 2
0 1 3 12 59000 2
0 1 3 11 59000 2
0 1 3 3 59000 2
0 1 3 4 59000 2
0 1 3 8 59000 2
0 1 3 1 59000 2
0 1 8 6 59000 2
0 1 4 15 59000 2
0 1 4 0 59000 2
0 1 4 1 59000 2
0 1 4 14 59000 2
0 1 4 13 59000 2
0 1 4 2 59000 2
0 1 4 2 59000 2
0 1 4 2 59000 2
0 1 7 9 59000 2
0 1 7 12 59000 2
0 1 7 3 59000 2
0 1 7 4 59000 2
0 1 7 7 59000 2
0 1 7 14 59000 2
0 1 7 4 59000 2
0 1 7 8 59000 2
0 1 7 5 59000 2
0 1 7 10 59000 2
0 1 5 8 59000 2
0 1 7 10 59000 2
0 1 7 3 59000 2
0 1 7 8 59000 2
0 1 7 3 59000 2
0 1 7 8 59000 2
0 1 8 14 59000 2
0 1 8 8 59000 2
0 1 8 10 59000 2
0 1 7 13 59000 2
0 1 5 8 59000 2
0 1 5 10 59000 2
0 1 5 9 59000 2
0 1 5 1 59000 2
0 1 6 5 59000 2
0 1 6 8 59000 2
0 1 6 1 59000 2
0 1 6 9 59000 2
0 1 6 3 59000 2
0 1 6 15 59000 2
0 1 6 4 59000 2
0 1 6 13 59000 2
0 1 6 12 59000 2
0 1 6 10 59000 2
0 1 6 7 59000 2
0 1 6 2 59000 2
0 1 10 3 59500 2
0 1 10 8 59500 2
0 1 10 8 59500 2
0 1 10 4 59500 2
0 1 10 11 59500 2
0 1 10 11 59500 2
0 1 11 13 59500 2
0 1 10 0 59500 2
0 1 10 0 59500 2
0 1 10 13 59500 2
0 1 11 8 59500 2
0 1 11 8 59500 2
0 1 11 8 59500 2
0 1 11 0 59500 2
0 1 11 13 59500 2
0 1 11 5 59500 2
0 1 11 11 59500 2
0 1 8 1 59500 2
0 1 9 13 59500 2
0 1 8 8 59500 2
0 1 8 7 59500 2
0 1 8 15 59500 2
0 1 8 4 59500 2
0 1 9 10 59500 2
0 1 9 2 59500 2
0 1 9 13 59500 2
0 1 9 1 59500 2
0 1 10 7 59500 2
0 1 9 5 59500 2
0 1 9 6 59500 2
0 1 9 4 59500 2
0 1 9 6 59500 2
0 1 9 4 59500 2
0 1 9 8 59500 2
0 1 10 4 59500 2
0 1 10 2 59500 2
0 1 12 10 59500 2
0 1 12 7 59500 2
0 1 12 0 59500 2
0 1 12 5 59500 2
0 1 12 12 59500 2
0 1 12 14 59500 2
0 1 12 3 59500 2
0 1 12 6 59500 2
0 1 12 8 59500 2
0 1 12 0 59500 2
0 1 12 3 59500 2
0 1 12 5 59500 2
0 1 12 9 59500 2
0 1 12 10 59500 2
0 1 13 8 59500 2
0 1 13 2 59500 2
0 1 13 0 59500 2
0 1 13 6 59500 2
0 1 4 6 59500 2
0 1 11 11 59500 2
0 1 11 11 59500 2
0 1 11 2 59500 2
0 1 11 4 59500 2
0 1 11 9 59500 2
0 1 11 11 59500 2
0 1 11 3 59500 2
0 1 11 3 59500 2
0 1 11 13 59500 2
0 1 11 4 59500 2
0 1 11 6 59500 2
0 1 11 10 59500 2
0 1 11 14 59500 2
0 1 11 15 59500 2
0 1 12 2 59500 2
0 1 12 5 59500 2
0 1 12 9 59500 2
0 1 12 13 59500 2
0 1 5 10 59500 2
0 1 4 2 59500 2
0 1 4 7 59500 2
0 1 4 13 59500 2
0 1 4 11 59500 2
0 1 4 4 59500 2
0 1 4 12 59500 2
0 1 4 10 59500 2
0 1 4 7 59500 2
0 1 4 5 59500 2
0 1 4 13 59500 2
0 1 5 1 59500 2
0 1 5 4 59500 2
0 1 5 4 59500 2
0 1 5 4 59500 2
0 1 5 14 59500 2
0 1 5 11 59500 2
0 1 5 15 59500 2
0 1 5 4 59500 2
0 1 3 5 59500 2
0 1 8 11 59500 2
0 1 2 10 59500 2
0 1 2 14 59500 2
0 1 2 1 59500 2
0 1 3 9 59500 2
0 1 3 3 59500 2
0 1 3 13 59500 2
0 1 3 4 59500 2
0 1 8 6 59500 2
0 1 3 2 59500 2
0 1 3 3 59500 2
0 1 4 15 59500 2
0 1 4 1 59500 2
0 1 4 9 59500 2
0 1 4 0 59500 2
0 1 4 6 59500 2
0 1 4 3 59500 2
0 1 7 13 59500 2
0 1 7 13 59500 2
0 1 7 5 59500 2
0 1 7 12 59500 2
0 1 7 3 59500 2
0 1 7 7 59500 2
0 1 7 6 59500 2
0 1 7 8 59500 2
0 1 7 1 59500 2
0 1 7 14 59500 2
0 1 5 4 59500 2
0 1 7 8 59500 2
0 1 7 3 59500 2
0 1 7 0 59500 2
0 1 8 9 59500 2
0 1 8 8 59500 2
0 1 8 2 59500 2
0 1 8 5 59500 2
0 1 5 15 59500 2
0 1 6 4 59500 2
0 1 6 10 59500 2
0 1 5 3 59500 2
0 1 5 6 59500 2
0 1 5 4 59500 2
0 1 5 10 59500 2
0 1 6 6 59500 2
0 1 6 11 59500 2
0 1 6 6 59500 2
0 1 6 8 59500 2
0 1 6 1 59500 2
0 1 6 0 59500 2
0 1 6 5 59500 2
0 1 6 1 59500 2
0 1 6 13 59500 2
0 1 6 10 59500 2
0 1 6 14 59500 2
0 1 10 1 60000 2
0 1 10 0 60000 2
0 1 10 11 60000 2
0 1 10 8 60000 2
0 1 10 5 60000 2
0 1 10 15 60000 2
0 1 10 15 60000 2
0 1 10 9 60000 2
0 1 10 0 60000 2
0 1 10 10 60000 2
0 1 10 6 60000 2
0 1 11 1 60000 2
0 1 11 7 60000 2
0 1 11 13 60000 2
0 1 11 6 60000 2
0 1 11 0 60000 2
0 1 11 12 60000 2
0 1 11 2 60000 2
0 1 11 11 60000 2
0 1 9 3 60000 2
0 1 8 14 60000 2
0 1 8 10 60000 2
0 1 8 3 60000 2
0 1 8 12 60000 2
0 1 8 14 60000 2
0 1 9 10 60000 2
0 1 9 9 60000 2
0 1 9 11 60000 2
0 1 9 12 60000 2
0 1 10 7 60000 2
0 1 9 15 60000 2
0 1 9 8 60000 2
0 1 9 3 60000 2
0 1 9 7 60000 2
0 1 9 15 60000 2
0 1 9 12 60000 2
0 1 10 0 60000 2
0 1 10 5 60000 2
0 1 12 5 60000 2
0 1 12 9 60000 2
0 1 12 1 60000 2
0 1 12 13 60000 2
0 1 12 8 60000 2
0 1 12 9 60000 2
0 1 12 0 60000 2
0 1 12 8 60000 2
0 1 12 13 60000 2
0 1 12 11 60000 2
0 1 12 8 60000 2
0 1 12 2 60000 2
0 1 12 15 60000 2
0 1 12 14 60000 2
0 1 12 4 60000 2
0 1 13 14 60000 2
0 1 13 15 60000 2
0 1 13 14 60000 2
0 1 13 11 60000 2
0 1 11 4 60000 2
0 1 11 11 60000 2
0 1 11 5 60000 2
0 1 11 2 60000 2
0 1 11 11 60000 2
0 1 11 12 60000 2
0 1 11 2 60000 2
0 1 11 15 60000 2
0 1 11 10 60000 2
0 1 11 4 60000 2
0 1 11 1 60000 2
0 1 11 3 60000 2
0 1 11 2 60000 2
0 1 11 12 60000 2
0 1 11 2 60000 2
0 1 12 0 60000 2
0 1 12 4 60000 2
0 1 12 10 60000 2
0 1 12 11 60000 2
0 1 5 13 60000 2
0 1 4 15 60000 2
0 1 4 4 60000 2
0 1 4 13 60000 2
0 1 4 2 60000 2
0 1 4 13 60000 2
0 1 4 15 60000 2
0 1 4 8 60000 2
0 1 5 1 60000 2
0 1 5 7 60000 2
0 1 4 3 60000 2
0 1 5 1 60000 2
0 1 5 14 60000 2
0 1 5 9 60000 2
0 1 5 11 60000 2
0 1 5 4 60000 2
0 1 5 1 60000 2
0 1 5 2 60000 2
0 1 5 15 60000 2
0 1 5 14 60000 2
0 1 3 9 60000 2
0 1 8 10 60000 2
0 1 2 0 60000 2
0 1 2 14 60000 2
0 1 2 2 60000 2
0 1 3 8 60000 2
0 1 3 4 60000 2
0 1 3 15 60000 2
0 1 3 10 60000 2
0 1 3 14 60000 2
0 1 8 15 60000 2
0 1 3 9 60000 2
0 1 3 8 60000 2
0 1 4 8 60000 2
0 1 4 9 60000 2
0 1 4 13 60000 2
0 1 4 12 60000 2
0 1 4 12 60000 2
0 1 4 8 60000 2
0 1 7 10 60000 2
0 1 7 4 60000 2
0 1 7 11 60000 2
0 1 7 11 60000 2
0 1 7 8 60000 2
0 1 7 5 60000 2
0 1 7 5 60000 2
0 1 7 4 60000 2
0 1 7 11 60000 2
0 1 7 2 60000 2
0 1 5 13 60000 2
0 1 7 2 60000 2
0 1 7 5 60000 2
0 1 7 12 60000 2
0 1 8 9 60000 2
0 1 8 2 60000 2
0 1 8 11 60000 2
0 1 8 12 60000 2
0 1 5 14 60000 2
0 1 7 8 60000 2
0 1 7 10 60000 2
0 1 5 15 60000 2
0 1 5 6 60000 2
0 1 6 15 60000 2
0 1 6 14 60000 2
0 1 6 0 60000 2
0 1 6 11 60000 2
0 1 6 12 60000 2
0 1 6 11 60000 2
0 1 6 7 60000 2
0 1 6 9 60000 2
0 1 7 8 60000 2
0 1 6 12 60000 2
0 1 6 11 60000 2
0 1 6 15 60000 2
0 1 6 10 60000 2
0 1 6 2 60000 2
0 1 10 2 60500 2
0 1 10 10 60500 2
0 1 10 10 60500 2
0 1 10 4 60500 2
0 1 10 0 60500 2
0 1 10 3 60500 2
0 1 10 12 60500 2
0 1 10 3 60500 2
0 1 10 0 60500 2
0 1 10 12 60500 2
0 1 10 6 60500 2
0 1 11 10 60500 2
0 1 11 14 60500 2
0 1 11 6 60500 2
0 1 11 6 60500 2
0 1 11 14 60500 2
0 1 11 9 60500 2
0 1 11 1 60500 2
0 1 9 6 60500 2
0 1 8 6 60500 2
0 1 8 9 60500 2
0 1 8 4 60500 2
0 1 8 7 60500 2
0 1 8 13 60500 2
0 1 8 13 60500 2
0 1 9 15 60500 2
0 1 9 11 60500 2
0 1 9 0 60500 2
0 1 10 7 60500 2
0 1 9 8 60500 2
0 1 9 6 60500 2
0 1 9 4 60500 2
0 1 9 9 60500 2
0 1 9 1 60500 2
0 1 9 12 60500 2
0 1 10 4 60500 2
0 1 10 2 60500 2
0 1 12 11 60500 2
0 1 12 0 60500 2
0 1 12 12 60500 2
0 1 12 5 60500 2
0 1 12 3 60500 2
0 1 12 5 60500 2
0 1 12 11 60500 2
0 1 12 5 60500 2
0 1 12 13 60500 2
0 1 12 5 60500 2
0 1 12 13 60500 2
0 1 12 15 60500 2
0 1 12 13 60500 2
0 1 12 9 60500 2
0 1 13 15 60500 2
0 1 13 13 60500 2
0 1 13 0 60500 2
0 1 13 14 60500 2
0 1 13 0 60500 2
0 1 11 12 60500 2
0 1 11 2 60500 2
0 1 11 5 60500 2
0 1 11 3 60500 2
0 1 11 13 60500 2
0 1 11 10 60500 2
0 1 11 11 60500 2
0 1 11 1 60500 2
0 1 11 11 60500 2
0 1 11 5 60500 2
0 1 11 10 60500 2
0 1 11 4 60500 2
0 1 11 15 60500 2
0 1 11 5 60500 2
0 1 11 3 60500 2
0 1 11 4 60500 2
0 1 11 14 60500 2
0 1 12 15 60500 2
0 1 12 11 60500 2
0 1 5 13 60500 2
0 1 4 5 60500 2
0 1 4 15 60500 2
0 1 4 4 60500 2
0 1 4 1 60500 2
0 1 4 13 60500 2
0 1 4 12 60500 2
0 1 4 1 60500 2
0 1 4 7 60500 2
0 1 4 0 60500 2
0 1 4 10 60500 2
0 1 5 2 60500 2
0 1 5 3 60500 2
0 1 5 11 60500 2
0 1 5 11 60500 2
0 1 5 6 60500 2
0 1 5 10 60500 2
0 1 5 0 60500 2
0 1 5 15 60500 2
0 1 3 4 60500 2
0 1 8 1 60500 2
0 1 2 8 60500 2
0 1 3 3 60500 2
0 1 3 8 60500 2
0 1 3 6 60500 2
0 1 3 6 60500 2
0 1 3 11 60500 2
0 1 3 5 60500 2
0 1 3 7 60500 2
0 1 8 1 60500 2
0 1 3 7 60500 2
0 1 4 4 60500 2
0 1 4 7 60500 2
0 1 4 5 60500 2
0 1 4 9 60500 2
0 1 4 13 60500 2
0 1 4 11 60500 2
0 1 4 10 60500 2
0 1 7 9 60500 2
0 1 7 11 60500 2
0 1 7 14 60500 2
0 1 7 2 60500 2
0 1 7 12 60500 2
0 1 7 6 60500 2
0 1 7 2 60500 2
0 1 7 10 60500 2
0 1 7 13 60500 2
0 1 7 8 60500 2
0 1 5 12 60500 2
0 1 7 5 60500 2
0 1 7 0 60500 2
0 1 7 0 60500 2
0 1 8 9 60500 2
0 1 8 11 60500 2
0 1 8 15 60500 2
0 1 8 9 60500 2
0 1 5 4 60500 2
0 1 7 10 60500 2
0 1 7 7 60500 2
0 1 5 4 60500 2
0 1 5 2 60500 2
0 1 5 2 60500 2
0 1 5 15 60500 2
0 1 5 2 60500 2
0 1 6 8 60500 2
0 1 6 8 60500 2
0 1 6 8 60500 2
0 1 6 12 60500 2
0 1 6 8 60500 2
0 1 6 2 60500 2
0 1 6 15 60500 2
0 1 6 2 60500 2
0 1 6 7 60500 2
0 1 6 7 60500 2
0 1 6 0 60500 2
0 1 10 5 61000 2
0 1 10 11 61000 2
0 1 10 14 61000 2
0 1 10 3 61000 2
0 1 10 2 61000 2
0 1 10 4 61000 2
0 1 10 7 61000 2
0 1 10 12 61000 2
0 1 10 15 61000 2
0 1 11 3 61000 2
0 1 11 11 61000 2
0 1 11 14 61000 2
0 1 11 0 61000 2
0 1 11 6 61000 2
0 1 11 8 61000 2
0 1 11 0 61000 2
0 1 11 15 61000 2
0 1 11 11 61000 2
0 1 9 4 61000 2
0 1 8 4 61000 2
0 1 8 3 61000 2
0 1 8 9 61000 2
0 1 8 14 61000 2
0 1 9 13 61000 2
0 1 9 14 61000 2
0 1 9 8 61000 2
0 1 9 2 61000 2
0 1 10 10 61000 2
0 1 9 11 61000 2
0 1 9 8 61000 2
0 1 9 9 61000 2
0 1 9 12 61000 2
0 1 9 13 61000 2
0 1 10 9 61000 2
0 1 10 9 61000 2
0 1 10 11 61000 2
0 1 12 15 61000 2
0 1 12 11 61000 2
0 1 12 13 61000 2
0 1 12 12 61000 2
0 1 12 4 61000 2
0 1 12 12 61000 2
0 1 12 10 61000 2
0 1 12 13 61000 2
0 1 12 8 61000 2
0 1 12 8 61000 2
0 1 12 14 61000 2
0 1 12 1 61000 2
0 1 12 4 61000 2
0 1 13 7 61000 2
0 1 13 2 61000 2
0 1 13 11 61000 2
0 1 13 3 61000 2
0 1 13 7 61000 2
0 1 11 7 61000 2
0 1 11 15 61000 2
0 1 11 12 61000 2
0 1 11 13 61000 2
0 1 11 12 61000 2
0 1 11 12 61000 2
0 1 11 14 61000 2
0 1 11 7 61000 2
0 1 11 1 61000 2
0 1 11 7 61000 2
0 1 11 11 61000 2
0 1 11 11 61000 2
0 1 11 5 61000 2
0 1 12 15 61000 2
0 1 12 14 61000 2
0 1 12 8 61000 2
0 1 12 0 61000 2
0 1 12 14 61000 2
0 1 5 12 61000 2
0 1 4 8 61000 2
0 1 4 4 61000 2
0 1 4 9 61000 2
0 1 4 5 61000 2
0 1 4 13 61000 2
0 1 4 9 61000 2
0 1 5 6 61000 2
0 1 5 12 61000 2
0 1 4 2 61000 2
0 1 5 3 61000 2
0 1 5 7 61000 2
0 1 5 15 61000 2
0 1 5 6 61000 2
0 1 5 9 61000 2
0 1 5 11 61000 2
0 1 5 1 61000 2
0 1 5 2 61000 2
0 1 3 1 61000 2
0 1 2 11 61000 2
0 1 2 0 61000 2
0 1 2 14 61000 2
0 1 3 0 61000 2
0 1 3 3 61000 2
0 1 3 4 61000 2
0 1 3 6 61000 2
0 1 3 12 61000 2
0 1 8 4 61000 2
0 1 3 4 61000 2
0 1 4 11 61000 2
0 1 4 5 61000 2
0 1 4 14 61000 2
0 1 4 11 61000 2
0 1 4 10 61000 2
0 1 4 9 61000 2
0 1 4 11 61000 2
0 1 7 3 61000 2
0 1 7 0 61000 2
0 1 7 6 61000 2
0 1 7 1 61000 2
0 1 7 8 61000 2
0 1 7 4 61000 2
0 1 7 10 61000 2
0 1 7 4 61000 2
0 1 7 13 61000 2
0 1 7 15 61000 2
0 1 5 9 61000 2
0 1 7 11 61000 2
0 1 8 12 61000 2
0 1 8 8 61000 2
0 1 8 7 61000 2
0 1 8 2 61000 2
0 1 8 12 61000 2
0 1 8 2 61000 2
0 1 5 12 61000 2
0 1 7 7 61000 2
0 1 7 5 61000 2
0 1 5 2 61000 2
0 1 5 12 61000 2
0 1 5 11 61000 2
0 1 6 3 61000 2
0 1 6 10 61000 2
0 1 6 15 61000 2
0 1 6 12 61000 2
0 1 6 13 61000 2
0 1 6 9 61000 2
0 1 6 7 61000 2
0 1 6 6 61000 2
0 1 6 14 61000 2
0 1 6 6 61000 2
0 1 6 1 61000 2
0 1 6 0 61000 2
0 1 10 9 61500 2
0 1 10 15 61500 2
0 1 10 9 61500 2
0 1 10 6 61500 2
0 1 10 8 61500 2
0 1 10 14 61500 2
0 1 10 3 61500 2
0 1 10 8 61500 2
0 1 10 5 61500 2
0 1 10 1 61500 2
0 1 10 13 61500 2
0 1 10 7 61500 2
0 1 10 4 61500 2
0 1 11 8 61500 2
0 1 11 2 61500 2
0 1 11 3 61500 2
0 1 11 0 61500 2
0 1 9 2 61500 2
0 1 8 15 61500 2
0 1 8 6 61500 2
0 1 8 10 61500 2
0 1 8 8 61500 2
0 1 8 7 61500 2
0 1 8 11 61500 2
0 1 8 5 61500 2
0 1 8 2 61500 2
0 1 9 7 61500 2
0 1 9 11 61500 2
0 1 9 15 61500 2
0 1 9 2 61500 2
0 1 9 2 61500 2
0 1 9 4 61500 2
0 1 9 5 61500 2
0 1 9 13 61500 2
0 1 9 10 61500 2
0 1 12 5 61500 2
0 1 12 3 61500 2
0 1 12 3 61500 2
0 1 12 9 61500 2
0 1 12 3 61500 2
0 1 12 0 61500 2
0 1 12 8 61500 2
0 1 12 12 61500 2
0 1 12 11 61500 2
0 1 11 11 61500 2
0 1 12 3 61500 2
0 1 12 10 61500 2
0 1 12 11 61500 2
0 1 12 14 61500 2
0 1 12 6 61500 2
0 1 12 6 61500 2
0 1 12 3 61500 2
0 1 13 14 61500 2
0 1 11 0 61500 2
0 1 11 7 61500 2
0 1 5 1 61500 2
0 1 11 12 61500 2
0 1 11 4 61500 2
0 1 11 11 61500 2
0 1 11 4 61500 2
0 1 11 11 61500 2
0 1 11 13 61500 2
0 1 11 0 61500 2
0 1 11 12 61500 2
0 1 11 13 61500 2
0 1 11 14 61500 2
0 1 11 3 61500 2
0 1 11 12 61500 2
0 1 11 4 61500 2
0 1 11 9 61500 2
0 1 11 3 61500 2
0 1 5 5 61500 2
0 1 4 8 61500 2
0 1 4 1 61500 2
0 1 4 10 61500 2
0 1 4 3 61500 2
0 1 4 7 61500 2
0 1 4 7 61500 2
0 1 4 13 61500 2
0 1 5 0 61500 2
0 1 4 0 61500 2
0 1 5 1 61500 2
0 1 5 11 61500 2
0 1 5 8 61500 2
0 1 5 6 61500 2
0 1 5 2 61500 2
0 1 5 12 61500 2
0 1 5 11 61500 2
0 1 5 7 61500 2
0 1 3 11 61500 2
0 1 8 3 61500 2
0 1 2 12 61500 2
0 1 3 4 61500 2
0 1 3 4 61500 2
0 1 3 2 61500 2
0 1 3 1 61500 2
0 1 3 6 61500 2
0 1 3 7 61500 2
0 1 8 4 61500 2
0 1 4 2 61500 2
0 1 4 5 61500 2
0 1 4 9 61500 2
0 1 4 11 61500 2
0 1 4 11 61500 2
0 1 4 12 61500 2
0 1 4 13 61500 2
0 1 4 9 61500 2
0 1 7 13 61500 2
0 1 7 15 61500 2
0 1 7 0 61500 2
0 1 7 11 61500 2
0 1 7 8 61500 2
0 1 7 9 61500 2
0 1 7 13 61500 2
0 1 7 13 61500 2
0 1 7 4 61500 2
0 1 5 1 61500 2
0 1 7 7 61500 2
0 1 7 4 61500 2
0 1 7 15 61500 2
0 1 7 8 61500 2
0 1 7 9 61500 2
0 1 8 15 61500 2
0 1 8 10 61500 2
0 1 5 12 61500 2
0 1 7 10 61500 2
0 1 7 8 61500 2
0 1 5 10 61500 2
0 1 5 10 61500 2
0 1 6 6 61500 2
0 1 6 9 61500 2
0 1 6 15 61500 2
0 1 6 14 61500 2
0 1 6 5 61500 2
0 1 6 0 61500 2
0 1 6 7 61500 2
0 1 6 5 61500 2
0 1 6 4 61500 2
0 1 6 12 61500 2
0 1 6 15 61500 2
0 1 6 4 61500 2
0 1 6 4 61500 2
0 1 10 8 62000 2
0 1 10 13 62000 2
0 1 10 10 62000 2
0 1 10 10 62000 2
0 1 10 10 62000 2
0 1 10 10 62000 2
0 1 10 11 62000 2
0 1 10 1 62000 2
0 1 10 8 62000 2
0 1 10 6 62000 2
0 1 10 9 62000 2
0 1 11 13 62000 2
0 1 11 2 62000 2
0 1 11 4 62000 2
0 1 11 12 62000 2
0 1 11 14 62000 2
0 1 11 1 62000 2
0 1 11 3 62000 2
0 1 9 8 62000 2
0 1 8 6 62000 2
0 1 8 6 62000 2
0 1 8 8 62000 2
0 1 8 11 62000 2
0 1 8 3 62000 2
0 1 9 12 62000 2
0 1 9 1 62000 2
0 1 9 15 62000 2
0 1 10 5 62000 2
0 1 9 14 62000 2
0 1 9 11 62000 2
0 1 9 4 62000 2
0 1 9 14 62000 2
0 1 9 9 62000 2
0 1 9 14 62000 2
0 1 9 11 62000 2
0 1 10 12 62000 2
0 1 12 14 62000 2
0 1 12 4 62000 2
0 1 12 9 62000 2
0 1 12 13 62000 2
0 1 12 5 62000 2
0 1 12 12 62000 2
0 1 12 10 62000 2
0 1 12 9 62000 2
0 1 12 5 62000 2
0 1 12 0 62000 2
0 1 12 14 62000 2
0 1 12 2 62000 2
0 1 12 4 62000 2
0 1 12 4 62000 2
0 1 13 15 62000 2
0 1 13 2 62000 2
0 1 13 13 62000 2
0 1 8 2 62000 2
0 1 11 10 62000 2
0 1 11 3 62000 2
0 1 11 3 62000 2
0 1 11 6 62000 2
0 1 11 12 62000 2
0 1 11 6 62000 2
0 1 11 2 62000 2
0 1 11 1 62000 2
0 1 11 8 62000 2
0 1 11 8 62000 2
0 1 11 15 62000 2
0 1 11 3 62000 2
0 1 11 7 62000 2
0 1 11 4 62000 2
0 1 11 8 62000 2
0 1 11 15 62000 2
0 1 12 1 62000 2
0 1 12 1 62000 2
0 1 5 13 62000 2
0 1 4 2 62000 2
0 1 4 13 62000 2
0 1 4 6 62000 2
0 1 4 0 62000 2
0 1 4 7 62000 2
0 1 4 14 62000 2
0 1 4 14 62000 2
0 1 5 2 62000 2
0 1 5 15 62000 2
0 1 4 4 62000 2
0 1 5 0 62000 2
0 1 5 3 62000 2
0 1 5 13 62000 2
0 1 5 13 62000 2
0 1 5 5 62000 2
0 1 5 2 62000 2
0 1 5 1 62000 2
0 1 5 6 62000 2
0 1 3 5 62000 2
0 1 2 13 62000 2
0 1 2 2 62000 2
0 1 3 14 62000 2
0 1 3 14 62000 2
0 1 3 3 62000 2
0 1 3 9 62000 2
0 1 3 12 62000 2
0 1 3 9 62000 2
0 1 8 15 62000 2
0 1 4 13 62000 2
0 1 4 11 62000 2
0 1 4 3 62000 2
0 1 4 0 62000 2
0 1 4 7 62000 2
0 1 4 6 62000 2
0 1 4 15 62000 2
0 1 4 10 62000 2
0 1 7 11 62000 2
0 1 7 11 62000 2
0 1 7 9 62000 2
0 1 7 7 62000 2
0 1 7 11 62000 2
0 1 7 15 62000 2
0 1 7 2 62000 2
0 1 7 3 62000 2
0 1 7 10 62000 2
0 1 7 9 62000 2
0 1 5 13 62000 2
0 1 7 4 62000 2
0 1 7 2 62000 2
0 1 8 2 62000 2
0 1 8 10 62000 2
0 1 8 13 62000 2
0 1 8 3 62000 2
0 1 8 13 62000 2
0 1 5 5 62000 2
0 1 7 6 62000 2
0 1 7 11 62000 2
0 1 5 14 62000 2
0 1 5 10 62000 2
0 1 5 3 62000 2
0 1 6 13 62000 2
0 1 6 6 62000 2
0 1 6 9 62000 2
0 1 6 14 62000 2
0 1 6 5 62000 2
0 1 6 14 62000 2
0 1 6 13 62000 2
0 1 6 15 62000 2
0 1 6 10 62000 2
0 1 6 3 62000 2
0 1 6 15 62000 2
0 1 6 14 62000 2
0 1 10 3 62500 2
0 1 10 5 62500 2
0 1 10 15 62500 2
0 1 10 13 62500 2
0 1 10 0 62500 2
0 1 10 0 62500 2
0 1 10 1 62500 2
0 1 10 14 62500 2
0 1 10 5 62500 2
0 1 10 6 62500 2
0 1 10 8 62500 2
0 1 11 4 62500 2
0 1 11 9 62500 2
0 1 11 10 62500 2
0 1 11 10 62500 2
0 1 11 7 62500 2
0 1 11 4 62500 2
0 1 11 4 62500 2
0 1 9 6 62500 2
0 1 8 1 62500 2
0 1 8 7 62500 2
0 1 8 7 62500 2
0 1 8 14 62500 2
0 1 8 10 62500 2
0 1 9 4 62500 2
0 1 9 10 62500 2
0 1 9 6 62500 2
0 1 10 14 62500 2
0 1 9 6 62500 2
0 1 9 14 62500 2
0 1 9 11 62500 2
0 1 9 4 62500 2
0 1 9 4 62500 2
0 1 9 2 62500 2
0 1 9 11 62500 2
0 1 10 8 62500 2
0 1 12 3 62500 2
0 1 12 7 62500 2
0 1 12 3 62500 2
0 1 12 5 62500 2
0 1 12 4 62500 2
0 1 12 5 62500 2
0 1 12 5 62500 2
0 1 12 7 62500 2
0 1 12 15 62500 2
0 1 12 11 62500 2
0 1 12 1 62500 2
0 1 12 6 62500 2
0 1 12 15 62500 2
0 1 13 14 62500 2
0 1 13 2 62500 2
0 1 13 6 62500 2
0 1 13 7 62500 2
0 1 13 10 62500 2
0 1 2 5 62500 2
0 1 11 9 62500 2
0 1 11 14 62500 2
0 1 11 3 62500 2
0 1 11 14 62500 2
0 1 11 14 62500 2
0 1 11 8 62500 2
0 1 11 11 62500 2
0 1 11 5 62500 2
0 1 11 2 62500 2
0 1 11 7 62500 2
0 1 11 5 62500 2
0 1 11 12 62500 2
0 1 11 5 62500 2
0 1 11 9 62500 2
0 1 11 7 62500 2
0 1 11 1 62500 2
0 1 12 11 62500 2
0 1 12 11 62500 2
0 1 5 4 62500 2
0 1 4 5 62500 2
0 1 4 4 62500 2
0 1 4 1 62500 2
0 1 4 10 62500 2
0 1 4 12 62500 2
0 1 4 8 62500 2
0 1 4 14 62500 2
0 1 5 10 62500 2
0 1 4 6 62500 2
0 1 5 14 62500 2
0 1 5 0 62500 2
0 1 5 13 62500 2
0 1 5 11 62500 2
0 1 5 10 62500 2
0 1 5 3 62500 2
0 1 5 13 62500 2
0 1 5 2 62500 2
0 1 4 4 62500 2
0 1 2 4 62500 2
0 1 2 2 62500 2
0 1 3 15 62500 2
0 1 3 11 62500 2
0 1 3 4 62500 2
0 1 3 10 62500 2
0 1 3 12 62500 2
0 1 3 15 62500 2
0 1 8 14 62500 2
0 1 4 5 62500 2
0 1 4 1 62500 2
0 1 4 4 62500 2
0 1 4 3 62500 2
0 1 4 3 62500 2
0 1 4 5 62500 2
0 1 4 10 62500 2
0 1 4 9 62500 2
0 1 7 1 62500 2
0 1 7 10 62500 2
0 1 7 10 62500 2
0 1 7 13 62500 2
0 1 7 3 62500 2
0 1 7 7 62500 2
0 1 7 7 62500 2
0 1 7 6 62500 2
0 1 7 4 62500 2
0 1 7 11 62500 2
0 1 5 11 62500 2
0 1 8 9 62500 2
0 1 8 4 62500 2
0 1 8 0 62500 2
0 1 8 3 62500 2
0 1 8 3 62500 2
0 1 8 0 62500 2
0 1 8 0 62500 2
0 1 5 14 62500 2
0 1 7 8 62500 2
0 1 7 6 62500 2
0 1 5 14 62500 2
0 1 6 9 62500 2
0 1 6 2 62500 2
0 1 6 3 62500 2
0 1 6 8 62500 2
0 1 6 9 62500 2
0 1 6 12 62500 2
0 1 6 10 62500 2
0 1 6 4 62500 2
0 1 6 0 62500 2
0 1 6 8 62500 2
0 1 6 1 62500 2
0 1 7 9 62500 2
0 1 7 13 62500 2
0 1 6 14 62500 2
0 1 9 3 63000 2
0 1 10 12 63000 2
0 1 10 5 63000 2
0 1 10 9 63000 2
0 1 10 13 63000 2
0 1 10 8 63000 2
0 1 10 10 63000 2
0 1 10 10 63000 2
0 1 10 3 63000 2
0 1 10 1 63000 2
0 1 10 10 63000 2
0 1 10 6 63000 2
0 1 11 4 63000 2
0 1 11 13 63000 2
0 1 11 10 63000 2
0 1 11 6 63000 2
0 1 11 13 63000 2
0 1 9 3 63000 2
0 1 8 11 63000 2
0 1 8 13 63000 2
0 1 8 11 63000 2
0 1 8 11 63000 2
0 1 8 7 63000 2
0 1 8 3 63000 2
0 1 8 2 63000 2
0 1 9 2 63000 2
0 1 9 9 63000 2
0 1 9 5 63000 2
0 1 9 14 63000 2
0 1 9 3 63000 2
0 1 9 3 63000 2
0 1 9 11 63000 2
0 1 9 11 63000 2
0 1 9 13 63000 2
0 1 9 8 63000 2
0 1 12 8 63000 2
0 1 12 12 63000 2
0 1 12 9 63000 2
0 1 12 3 63000 2
0 1 12 0 63000 2
0 1 12 13 63000 2
0 1 12 2 63000 2
0 1 12 13 63000 2
0 1 12 3 63000 2
0 1 12 15 63000 2
0 1 12 7 63000 2
0 1 12 0 63000 2
0 1 12 15 63000 2
0 1 12 15 63000 2
0 1 13 8 63000 2
0 1 13 9 63000 2
0 1 13 14 63000 2
0 1 10 15 63000 2
0 1 11 5 63000 2
0 1 11 0 63000 2
0 1 11 15 63000 2
0 1 11 7 63000 2
0 1 11 12 63000 2
0 1 11 5 63000 2
0 1 11 1 63000 2
0 1 11 0 63000 2
0 1 11 10 63000 2
0 1 11 10 63000 2
0 1 11 0 63000 2
0 1 11 12 63000 2
0 1 11 9 63000 2
0 1 11 10 63000 2
0 1 11 2 63000 2
0 1 12 7 63000 2
0 1 12 7 63000 2
0 1 12 4 63000 2
0 1 5 11 63000 2
0 1 4 2 63000 2
0 1 4 1 63000 2
0 1 4 6 63000 2
0 1 4 9 63000 2
0 1 4 11 63000 2
0 1 4 5 63000 2
0 1 4 14 63000 2
0 1 5 1 63000 2
0 1 5 15 63000 2
0 1 4 9 63000 2
0 1 5 7 63000 2
0 1 5 11 63000 2
0 1 5 10 63000 2
0 1 5 12 63000 2
0 1 5 0 63000 2
0 1 5 5 63000 2
0 1 5 5 63000 2
0 1 5 8 63000 2
0 1 3 15 63000 2
0 1 8 12 63000 2
0 1 3 15 63000 2
0 1 3 15 63000 2
0 1 3 12 63000 2
0 1 3 1 63000 2
0 1 3 0 63000 2
0 1 3 6 63000 2
0 1 3 11 63000 2
0 1 8 10 63000 2
0 1 4 13 63000 2
0 1 4 14 63000 2
0 1 4 5 63000 2
0 1 4 4 63000 2
0 1 4 6 63000 2
0 1 4 6 63000 2
0 1 4 8 63000 2
0 1 4 0 63000 2
0 1 7 15 63000 2
0 1 6 11 63000 2
0 1 7 4 63000 2
0 1 7 13 63000 2
0 1 7 5 63000 2
0 1 7 7 63000 2
0 1 7 9 63000 2
0 1 7 4 63000 2
0 1 7 14 63000 2
0 1 5 2 63000 2
0 1 7 4 63000 2
0 1 7 6 63000 2
0 1 7 14 63000 2
0 1 7 13 63000 2
0 1 7 12 63000 2
0 1 8 5 63000 2
0 1 8 9 63000 2
0 1 5 11 63000 2
0 1 6 9 63000 2
0 1 6 8 63000 2
0 1 5 11 63000 2
0 1 5 10 63000 2
0 1 5 11 63000 2
0 1 6 5 63000 2
0 1 6 3 63000 2
0 1 6 7 63000 2
0 1 6 5 63000 2
0 1 6 9 63000 2
0 1 2 14 63000 2
0 1 6 2 63000 2
0 1 6 14 63000 2
0 1 6 3 63000 2
0 1 6 14 63000 2
0 1 6 6 63000 2
0 1 6 6 63000 2
0 1 9 12 63500 2
0 1 10 1 63500 2
0 1 10 1 63500 2
0 1 10 4 63500 2
0 1 10 11 63500 2
0 1 10 4 63500 2
0 1 10 14 63500 2
0 1 10 2 63500 2
0 1 10 7 63500 2
0 1 10 4 63500 2
0 1 10 5 63500 2
0 1 10 11 63500 2
0 1 10 8 63500 2
0 1 11 2 63500 2
0 1 11 2 63500 2
0 1 11 5 63500 2
0 1 11 6 63500 2
0 1 9 2 63500 2
0 1 8 15 63500 2
0 1 8 2 63500 2
0 1 8 5 63500 2
0 1 8 5 63500 2
0 1 8 11 63500 2
0 1 8 14 63500 2
0 1 8 11 63500 2
0 1 8 9 63500 2
0 1 9 9 63500 2
0 1 9 7 63500 2
0 1 9 4 63500 2
0 1 9 7 63500 2
0 1 9 6 63500 2
0 1 9 13 63500 2
0 1 9 11 63500 2
0 1 9 11 63500 2
0 1 9 15 63500 2
0 1 12 6 63500 2
0 1 12 11 63500 2
0 1 12 7 63500 2
0 1 12 4 63500 2
0 1 12 12 63500 2
0 1 12 5 63500 2
0 1 12 1 63500 2
0 1 12 5 63500 2
0 1 12 12 63500 2
0 1 11 11 63500 2
0 1 12 3 63500 2
0 1 12 8 63500 2
0 1 12 13 63500 2
0 1 12 6 63500 2
0 1 12 10 63500 2
0 1 12 7 63500 2
0 1 13 9 63500 2
0 1 8 9 63500 2
0 1 11 10 63500 2
0 1 11 5 63500 2
0 1 11 4 63500 2
0 1 11 0 63500 2
0 1 11 8 63500 2
0 1 11 5 63500 2
0 1 11 10 63500 2
0 1 11 1 63500 2
0 1 11 12 63500 2
0 1 11 15 63500 2
0 1 11 5 63500 2
0 1 11 12 63500 2
0 1 11 13 63500 2
0 1 11 12 63500 2
0 1 11 15 63500 2
0 1 11 11 63500 2
0 1 11 6 63500 2
0 1 11 1 63500 2
0 1 5 7 63500 2
0 1 4 11 63500 2
0 1 4 11 63500 2
0 1 4 13 63500 2
0 1 4 14 63500 2
0 1 4 1 63500 2
0 1 4 10 63500 2
0 1 4 5 63500 2
0 1 4 5 63500 2
0 1 5 6 63500 2
0 1 4 2 63500 2
0 1 5 11 63500 2
0 1 5 13 63500 2
0 1 5 10 63500 2
0 1 5 1 63500 2
0 1 5 2 63500 2
0 1 5 5 63500 2
0 1 5 0 63500 2
0 1 5 13 63500 2
0 1 3 0 63500 2
0 1 8 3 63500 2
0 1 2 2 63500 2
0 1 2 8 63500 2
0 1 2 14 63500 2
0 1 3 11 63500 2
0 1 3 1 63500 2
0 1 3 10 63500 2
0 1 3 12 63500 2
0 1 5 4 63500 2
0 1 3 10 63500 2
0 1 3 14 63500 2
0 1 4 7 63500 2
0 1 4 11 63500 2
0 1 4 4 63500 2
0 1 4 9 63500 2
0 1 4 10 63500 2
0 1 4 9 63500 2
0 1 7 3 63500 2
0 1 6 9 63500 2
0 1 7 7 63500 2
0 1 7 9 63500 2
0 1 7 4 63500 2
0 1 7 5 63500 2
0 1 7 14 63500 2
0 1 7 4 63500 2
0 1 7 9 63500 2
0 1 5 7 63500 2
0 1 7 10 63500 2
0 1 7 11 63500 2
0 1 7 14 63500 2
0 1 7 3 63500 2
0 1 7 8 63500 2
0 1 7 3 63500 2
0 1 7 7 63500 2
0 1 8 10 63500 2
0 1 6 0 63500 2
0 1 5 15 63500 2
0 1 5 4 63500 2
0 1 5 12 63500 2
0 1 5 14 63500 2
0 1 6 5 63500 2
0 1 6 5 63500 2
0 1 6 11 63500 2
0 1 6 1 63500 2
0 1 6 0 63500 2
0 1 6 8 63500 2
0 1 6 0 63500 2
0 1 6 7 63500 2
0 1 6 14 63500 2
0 1 6 1 63500 2
0 1 6 8 63500 2
0 1 6 2 63500 2
0 1 10 9 64000 2
0 1 10 15 64000 2
0 1 10 2 64000 2
0 1 10 15 64000 2
0 1 10 2 64000 2
0 1 10 0 64000 2
0 1 10 3 64000 2
0 1 10 1 64000 2
0 1 11 12 64000 2
0 1 10 4 64000 2
0 1 10 13 64000 2
0 1 10 10 64000 2
0 1 10 5 64000 2
0 1 11 8 64000 2
0 1 11 1 64000 2
0 1 11 13 64000 2
0 1 11 8 64000 2
0 1 13 6 64000 2
0 1 9 8 64000 2
0 1 8 3 64000 2
0 1 8 8 64000 2
0 1 8 15 64000 2
0 1 8 4 64000 2
0 1 8 15 64000 2
0 1 8 0 64000 2
0 1 8 7 64000 2
0 1 9 15 64000 2
0 1 9 0 64000 2
0 1 9 15 64000 2
0 1 9 14 64000 2
0 1 9 8 64000 2
0 1 9 10 64000 2
0 1 9 3 64000 2
0 1 9 11 64000 2
0 1 9 7 64000 2
0 1 9 1 64000 2
0 1 9 1 64000 2
0 1 12 5 64000 2
0 1 12 11 64000 2
0 1 12 5 64000 2
0 1 12 3 64000 2
0 1 12 10 64000 2
0 1 12 8 64000 2
0 1 12 9 64000 2
0 1 12 2 64000 2
0 1 12 10 64000 2
0 1 12 11 64000 2
0 1 12 10 64000 2
0 1 12 10 64000 2
0 1 12 6 64000 2
0 1 12 11 64000 2
0 1 12 14 64000 2
0 1 13 2 64000 2
0 1 13 6 64000 2
0 1 13 1 64000 2
0 1 4 6 64000 2
0 1 11 1 64000 2
0 1 11 5 64000 2
0 1 11 14 64000 2
0 1 11 10 64000 2
0 1 11 6 64000 2
0 1 11 8 64000 2
0 1 11 14 64000 2
0 1 11 9 64000 2
0 1 11 8 64000 2
0 1 11 9 64000 2
0 1 11 4 64000 2
0 1 11 13 64000 2
0 1 11 12 64000 2
0 1 11 4 64000 2
0 1 11 12 64000 2
0 1 11 13 64000 2
0 1 11 0 64000 2
0 1 12 11 64000 2
0 1 5 3 64000 2
0 1 4 4 64000 2
0 1 4 5 64000 2
0 1 4 5 64000 2
0 1 4 9 64000 2
0 1 4 15 64000 2
0 1 4 14 64000 2
0 1 4 12 64000 2
0 1 4 11 64000 2
0 1 4 3 64000 2
0 1 4 15 64000 2
0 1 5 14 64000 2
0 1 5 2 64000 2
0 1 5 4 64000 2
0 1 5 15 64000 2
0 1 5 12 64000 2
0 1 5 8 64000 2
0 1 5 6 64000 2
0 1 5 12 64000 2
0 1 3 2 64000 2
0 1 8 13 64000 2
0 1 2 14 64000 2
0 1 2 15 64000 2
0 1 2 12 64000 2
0 1 3 2 64000 2
0 1 3 0 64000 2
0 1 3 11 64000 2
0 1 3 10 64000 2
0 1 8 11 64000 2
0 1 3 5 64000 2
0 1 3 15 64000 2
0 1 3 0 64000 2
0 1 3 7 64000 2
0 1 4 13 64000 2
0 1 4 0 64000 2
0 1 4 5 64000 2
0 1 4 9 64000 2
0 1 7 6 64000 2
0 1 6 2 64000 2
0 1 6 15 64000 2
0 1 7 6 64000 2
0 1 7 11 64000 2
0 1 7 0 64000 2
0 1 7 7 64000 2
0 1 7 15 64000 2
0 1 7 8 64000 2
0 1 7 15 64000 2
0 1 5 13 64000 2
0 1 7 3 64000 2
0 1 7 14 64000 2
0 1 7 7 64000 2
0 1 7 2 64000 2
0 1 7 5 64000 2
0 1 7 11 64000 2
0 1 8 11 64000 2
0 1 5 0 64000 2
0 1 6 9 64000 2
0 1 6 6 64000 2
0 1 5 13 64000 2
0 1 5 14 64000 2
0 1 5 0 64000 2
0 1 5 12 64000 2
0 1 6 0 64000 2
0 1 6 12 64000 2
0 1 6 5 64000 2
0 1 6 1 64000 2
0 1 6 14 64000 2
0 1 6 2 64000 2
0 1 6 6 64000 2
0 1 6 11 64000 2
0 1 6 1 64000 2
0 1 6 8 64000 2
0 1 6 0 64000 2
0 1 9 7 64500 2
0 1 9 4 64500 2
0 1 9 11 64500 2
0 1 9 9 64500 2
0 1 10 14 64500 2
0 1 10 7 64500 2
0 1 10 12 64500 2
0 1 7 6 64500 2
0 1 10 14 64500 2
0 1 10 11 64500 2
0 1 9 15 64500 2
0 1 9 15 64500 2
0 1 9 3 64500 2
0 1 9 11 64500 2
0 1 9 14 64500 2
0 1 9 3 64500 2
0 1 9 11 64500 2
0 1 9 5 64500 2
0 1 9 2 64500 2
0 1 9 8 64500 2
0 1 11 4 64500 2
0 1 14 8 64500 2
0 1 14 0 64500 2
0 1 13 6 64500 2
0 1 13 8 64500 2
0 1 13 0 64500 2
0 1 12 14 64500 2
0 1 12 9 64500 2
0 1 12 9 64500 2
0 1 12 9 64500 2
0 1 12 9 64500 2
0 1 10 6 64500 2
0 1 11 9 64500 2
0 1 11 8 64500 2
0 1 11 3 64500 2
0 1 11 6 64500 2
0 1 11 11 64500 2
0 1 10 10 64500 2
0 1 10 4 64500 2
0 1 10 15 64500 2
0 1 10 12 64500 2
0 1 5 12 64500 2
0 1 6 12 64500 2
0 1 6 4 64500 2
0 1 6 14 64500 2
0 1 6 15 64500 2
0 1 6 5 64500 2
0 1 5 4 64500 2
0 1 5 9 64500 2
0 1 5 15 64500 2
0 1 5 7 64500 2
0 1 9 9 64500 2
0 1 5 0 64500 2
0 1 4 2 64500 2
0 1 4 7 64500 2
0 1 4 2 64500 2
0 1 4 2 64500 2
0 1 4 0 64500 2
0 1 4 5 64500 2
0 1 3 14 64500 2
0 1 3 7 64500 2
0 1 7 9 64500 2
0 1 6 11 64500 2
0 1 9 5 64500 2
0 1 9 7 64500 2
0 1 8 11 64500 2
0 1 8 0 64500 2
0 1 8 7 64500 2
0 1 8 2 64500 2
0 1 8 14 64500 2
0 1 8 5 64500 2
0 1 8 13 64500 2
0 1 7 12 64500 2
0 1 8 10 64500 2
0 1 7 7 64500 2
0 1 7 5 64500 2
0 1 7 2 64500 2
0 1 7 12 64500 2
0 1 7 7 64500 2
0 1 7 7 64500 2
0 1 7 1 64500 2
0 1 10 1 65000 2
0 1 10 15 65000 2
0 1 10 5 65000 2
0 1 9 15 65000 2
0 1 9 15 65000 2
0 1 9 3 65000 2
0 1 9 5 65000 2
0 1 9 1 65000 2
0 1 9 6 65000 2
0 1 9 2 65000 2
0 1 9 3 65000 2
0 1 9 14 65000 2
0 1 9 15 65000 2
0 1 9 13 65000 2
0 1 9 4 65000 2
0 1 9 15 65000 2
0 1 9 2 65000 2
0 1 8 8 65000 2
0 1 8 8 65000 2
0 1 11 0 65000 2
0 1 8 7 65000 2
0 1 14 6 65000 2
0 1 13 14 65000 2
0 1 12 9 65000 2
0 1 12 11 65000 2
0 1 12 13 65000 2
0 1 12 15 65000 2
0 1 12 1 65000 2
0 1 12 2 65000 2
0 1 10 12 65000 2
0 1 11 3 65000 2
0 1 11 5 65000 2
0 1 11 6 65000 2
0 1 11 15 65000 2
0 1 10 12 65000 2
0 1 10 0 65000 2
0 1 10 4 65000 2
0 1 10 3 65000 2
0 1 10 1 65000 2
0 1 4 9 65000 2
0 1 6 12 65000 2
0 1 6 1 65000 2
0 1 5 7 65000 2
0 1 5 2 65000 2
0 1 5 5 65000 2
0 1 5 7 65000 2
0 1 5 7 65000 2
0 1 5 14 65000 2
0 1 4 3 65000 2
0 1 8 10 65000 2
0 1 4 10 65000 2
0 1 4 8 65000 2
0 1 4 12 65000 2
0 1 4 0 65000 2
0 1 3 4 65000 2
0 1 3 1 65000 2
0 1 3 0 65000 2
0 1 3 14 65000 2
0 1 8 9 65000 2
0 1 6 14 65000 2
0 1 6 6 65000 2
0 1 8 3 65000 2
0 1 8 15 65000 2
0 1 3 6 65000 2
0 1 8 14 65000 2
0 1 8 10 65000 2
0 1 8 6 65000 2
0 1 7 6 65000 2
0 1 7 14 65000 2
0 1 7 8 65000 2
0 1 7 5 65000 2
0 1 7 3 65000 2
0 1 7 6 65000 2
0 1 6 9 65000 2
0 1 6 8 65000 2
0 1 6 0 65000 2
0 1 7 3 65000 2
0 1 9 9 65500 2
0 1 9 13 65500 2
0 1 9 1 65500 2
0 1 9 12 65500 2
0 1 9 9 65500 2
0 1 9 3 65500 2
0 1 9 12 65500 2
0 1 9 4 65500 2
0 1 10 0 65500 2
0 1 10 12 65500 2
0 1 9 8 65500 2
0 1 9 13 65500 2
0 1 9 11 65500 2
0 1 9 0 65500 2
0 1 9 12 65500 2
0 1 9 2 65500 2
0 1 9 0 65500 2
0 1 9 15 65500 2
0 1 9 1 65500 2
0 1 12 4 65500 2
0 1 8 9 65500 2
0 1 11 5 65500 2
0 1 13 5 65500 2
0 1 13 2 65500 2
0 1 12 8 65500 2
0 1 12 10 65500 2
0 1 12 13 65500 2
0 1 11 3 65500 2
0 1 11 11 65500 2
0 1 11 12 65500 2
0 1 11 10 65500 2
0 1 10 10 65500 2
0 1 11 5 65500 2
0 1 11 4 65500 2
0 1 10 4 65500 2
0 1 10 10 65500 2
0 1 10 11 65500 2
0 1 10 2 65500 2
0 1 10 0 65500 2
0 1 10 9 65500 2
0 1 10 10 65500 2
0 1 4 11 65500 2
0 1 6 12 65500 2
0 1 6 9 65500 2
0 1 6 8 65500 2
0 1 5 3 65500 2
0 1 5 10 65500 2
0 1 5 11 65500 2
0 1 5 3 65500 2
0 1 5 3 65500 2
0 1 4 9 65500 2
0 1 4 6 65500 2
0 1 8 4 65500 2
0 1 4 8 65500 2
0 1 4 2 65500 2
0 1 4 15 65500 2
0 1 4 10 65500 2
0 1 3 6 65500 2
0 1 3 7 65500 2
0 1 3 4 65500 2
0 1 3 0 65500 2
0 1 8 7 65500 2
0 1 6 8 65500 2
0 1 6 0 65500 2
0 1 8 10 65500 2
0 1 8 2 65500 2
0 1 8 2 65500 2
0 1 8 9 65500 2
0 1 8 0 65500 2
0 1 7 1 65500 2
0 1 7 8 65500 2
0 1 7 7 65500 2
0 1 7 14 65500 2
0 1 7 14 65500 2
0 1 7 4 65500 2
0 1 6 2 65500 2
0 1 6 3 65500 2
0 1 6 1 65500 2
0 1 7 11 65500 2
0 1 7 2 65500 2
0 1 7 2 65500 2
0 1 7 1 65500 2
0 1 10 3 66000 2
0 1 10 8 66000 2
0 1 10 15 66000 2
0 1 9 1 66000 2
0 1 9 11 66000 2
0 1 9 5 66000 2
0 1 9 2 66000 2
0 1 9 3 66000 2
0 1 9 7 66000 2
0 1 9 11 66000 2
0 1 9 2 66000 2
0 1 9 6 66000 2
0 1 9 1 66000 2
0 1 9 7 66000 2
0 1 9 13 66000 2
0 1 9 14 66000 2
0 1 8 15 66000 2
0 1 9 2 66000 2
0 1 12 15 66000 2
0 1 14 7 66000 2
0 1 13 8 66000 2
0 1 13 0 66000 2
0 1 13 11 66000 2
0 1 12 7 66000 2
0 1 12 13 66000 2
0 1 12 9 66000 2
0 1 12 12 66000 2
0 1 12 12 66000 2
0 1 10 3 66000 2
0 1 11 13 66000 2
0 1 11 0 66000 2
0 1 11 4 66000 2
0 1 11 1 66000 2
0 1 10 8 66000 2
0 1 10 8 66000 2
0 1 10 15 66000 2
0 1 10 6 66000 2
0 1 4 3 66000 2
0 1 6 4 66000 2
0 1 6 0 66000 2
0 1 5 5 66000 2
0 1 5 11 66000 2
0 1 5 14 66000 2
0 1 5 8 66000 2
0 1 5 10 66000 2
0 1 4 11 66000 2
0 1 4 10 66000 2
0 1 8 13 66000 2
0 1 4 4 66000 2
0 1 4 14 66000 2
0 1 4 14 66000 2
0 1 3 8 66000 2
0 1 3 4 66000 2
0 1 3 11 66000 2
0 1 3 14 66000 2
0 1 8 5 66000 2
0 1 6 2 66000 2
0 1 6 1 66000 2
0 1 8 4 66000 2
0 1 8 3 66000 2
0 1 8 8 66000 2
0 1 8 13 66000 2
0 1 8 9 66000 2
0 1 7 5 66000 2
0 1 7 10 66000 2
0 1 7 10 66000 2
0 1 7 3 66000 2
0 1 7 9 66000 2
0 1 7 14 66000 2
0 1 7 8 66000 2
0 1 6 10 66000 2
0 1 6 11 66000 2
0 1 7 8 66000 2
0 1 9 13 66500 2
0 1 9 14 66500 2
0 1 9 2 66500 2
0 1 9 3 66500 2
0 1 9 13 66500 2
0 1 10 12 66500 2
0 1 10 1 66500 2
0 1 10 9 66500 2
0 1 10 4 66500 2
0 1 9 9 66500 2
0 1 9 2 66500 2
0 1 9 1 66500 2
0 1 9 13 66500 2
0 1 9 3 66500 2
0 1 9 11 66500 2
0 1 9 8 66500 2
0 1 9 0 66500 2
0 1 9 5 66500 2
0 1 9 2 66500 2
0 1 12 1 66500 2
0 1 8 8 66500 2
0 1 14 11 66500 2
0 1 13 6 66500 2
0 1 13 13 66500 2
0 1 13 6 66500 2
0 1 12 0 66500 2
0 1 12 4 66500 2
0 1 12 15 66500 2
0 1 12 5 66500 2
0 1 10 6 66500 2
0 1 11 8 66500 2
0 1 11 12 66500 2
0 1 11 2 66500 2
0 1 11 15 66500 2
0 1 11 4 66500 2
0 1 11 12 66500 2
0 1 10 14 66500 2
0 1 10 7 66500 2
0 1 10 13 66500 2
0 1 4 8 66500 2
0 1 6 0 66500 2
0 1 6 12 66500 2
0 1 6 6 66500 2
0 1 6 8 66500 2
0 1 5 10 66500 2
0 1 5 1 66500 2
0 1 5 2 66500 2
0 1 5 6 66500 2
0 1 5 0 66500 2
0 1 9 10 66500 2
0 1 4 4 66500 2
0 1 4 12 66500 2
0 1 4 14 66500 2
0 1 4 15 66500 2
0 1 4 15 66500 2
0 1 4 3 66500 2
0 1 3 15 66500 2
0 1 3 11 66500 2
0 1 9 11 66500 2
0 1 6 8 66500 2
0 1 6 3 66500 2
0 1 3 8 66500 2
0 1 8 4 66500 2
0 1 8 1 66500 2
0 1 8 0 66500 2
0 1 8 0 66500 2
0 1 8 5 66500 2
0 1 8 4 66500 2
0 1 7 5 66500 2
0 1 7 4 66500 2
0 1 7 11 66500 2
0 1 7 12 66500 2
0 1 7 10 66500 2
0 1 7 12 66500 2
0 1 7 11 66500 2
0 1 7 13 66500 2
0 1 7 2 66500 2
0 1 7 14 66500 2
0 1 9 11 67000 2
0 1 9 14 67000 2
0 1 9 15 67000 2
0 1 9 0 67000 2
0 1 9 2 67000 2
0 1 10 1 67000 2
0 1 10 11 67000 2
0 1 10 12 67000 2
0 1 10 4 67000 2
0 1 10 9 67000 2
0 1 9 13 67000 2
0 1 9 0 67000 2
0 1 9 14 67000 2
0 1 9 8 67000 2
0 1 9 5 67000 2
0 1 9 13 67000 2
0 1 9 5 67000 2
0 1 9 3 67000 2
0 1 9 0 67000 2
0 1 12 9 67000 2
0 1 11 11 67000 2
0 1 14 2 67000 2
0 1 13 0 67000 2
0 1 13 12 67000 2
0 1 12 5 67000 2
0 1 12 10 67000 2
0 1 12 12 67000 2
0 1 12 7 67000 2
0 1 12 13 67000 2
0 1 11 7 67000 2
0 1 10 12 67000 2
0 1 11 7 67000 2
0 1 11 10 67000 2
0 1 11 3 67000 2
0 1 11 1 67000 2
0 1 10 7 67000 2
0 1 10 14 67000 2
0 1 10 2 67000 2
0 1 10 6 67000 2
0 1 4 15 67000 2
0 1 6 5 67000 2
0 1 6 14 67000 2
0 1 6 6 67000 2
0 1 5 13 67000 2
0 1 5 15 67000 2
0 1 5 1 67000 2
0 1 5 0 67000 2
0 1 5 6 67000 2
0 1 5 15 67000 2
0 1 3 5 67000 2
0 1 4 14 67000 2
0 1 4 14 67000 2
0 1 4 9 67000 2
0 1 4 5 67000 2
0 1 4 4 67000 2
0 1 3 2 67000 2
0 1 3 15 67000 2
0 1 3 6 67000 2
0 1 9 11 67000 2
0 1 6 12 67000 2
0 1 8 4 67000 2
0 1 8 3 67000 2
0 1 8 7 67000 2
0 1 8 6 67000 2
0 1 8 8 67000 2
0 1 8 6 67000 2
0 1 8 3 67000 2
0 1 8 0 67000 2
0 1 7 1 67000 2
0 1 7 3 67000 2
0 1 6 10 67000 2
0 1 6 6 67000 2
0 1 6 9 67000 2
0 1 7 14 67000 2
0 1 7 14 67000 2
0 1 7 4 67000 2
0 1 7 13 67000 2
0 1 7 15 67000 2
0 1 7 13 67000 2
0 1 9 2 67500 2
0 1 10 4 67500 2
0 1 10 12 67500 2
0 1 10 3 67500 2
0 1 9 5 67500 2
0 1 9 15 67500 2
0 1 9 8 67500 2
0 1 9 2 67500 2
0 1 9 12 67500 2
0 1 10 8 67500 2
0 1 9 3 67500 2
0 1 9 1 67500 2
0 1 9 9 67500 2
0 1 9 1 67500 2
0 1 9 14 67500 2
0 1 9 2 67500 2
0 1 9 8 67500 2
0 1 9 11 67500 2
0 1 11 6 67500 2
0 1 13 7 67500 2
0 1 12 6 67500 2
0 1 12 7 67500 2
0 1 12 8 67500 2
0 1 12 8 67500 2
0 1 12 13 67500 2
0 1 11 7 67500 2
0 1 11 8 67500 2
0 1 13 1 67500 2
0 1 11 9 67500 2
0 1 10 2 67500 2
0 1 10 4 67500 2
0 1 10 11 67500 2
0 1 10 0 67500 2
0 1 10 4 67500 2
0 1 10 8 67500 2
0 1 10 0 67500 2
0 1 4 11 67500 2
0 1 6 8 67500 2
0 1 6 14 67500 2
0 1 5 6 67500 2
0 1 5 8 67500 2
0 1 5 13 67500 2
0 1 5 15 67500 2
0 1 5 14 67500 2
0 1 5 10 67500 2
0 1 5 8 67500 2
0 1 8 1 67500 2
0 1 4 2 67500 2
0 1 4 10 67500 2
0 1 3 4 67500 2
0 1 3 15 67500 2
0 1 3 2 67500 2
0 1 3 14 67500 2
0 1 3 9 67500 2
0 1 9 8 67500 2
0 1 6 5 67500 2
0 1 6 4 67500 2
0 1 8 4 67500 2
0 1 8 15 67500 2
0 1 8 8 67500 2
0 1 8 12 67500 2
0 1 8 5 67500 2
0 1 8 10 67500 2
0 1 7 6 67500 2
0 1 7 12 67500 2
0 1 7 11 67500 2
0 1 7 8 67500 2
0 1 7 8 67500 2
0 1 7 2 67500 2
0 1 7 5 67500 2
0 1 6 10 67500 2
0 1 7 3 67500 2
0 1 9 15 68000 2
0 1 9 6 68000 2
0 1 9 14 68000 2
0 1 10 7 68000 2
0 1 10 13 68000 2
0 1 10 5 68000 2
0 1 10 1 68000 2
0 1 10 13 68000 2
0 1 10 11 68000 2
0 1 9 10 68000 2
0 1 8 13 68000 2
0 1 9 12 68000 2
0 1 9 12 68000 2
0 1 9 0 68000 2
0 1 9 3 68000 2
0 1 9 9 68000 2
0 1 9 13 68000 2
0 1 9 4 68000 2
0 1 9 1 68000 2
0 1 12 3 68000 2
0 1 14 15 68000 2
0 1 14 1 68000 2
0 1 13 1 68000 2
0 1 13 0 68000 2
0 1 13 0 68000 2
0 1 12 2 68000 2
0 1 12 4 68000 2
0 1 12 7 68000 2
0 1 12 5 68000 2
0 1 10 12 68000 2
0 1 11 4 68000 2
0 1 11 2 68000 2
0 1 11 5 68000 2
0 1 11 1 68000 2
0 1 11 4 68000 2
0 1 11 12 68000 2
0 1 10 0 68000 2
0 1 10 5 68000 2
0 1 10 0 68000 2
0 1 4 6 68000 2
0 1 6 6 68000 2
0 1 6 2 68000 2
0 1 5 15 68000 2
0 1 5 10 68000 2
0 1 5 4 68000 2
0 1 5 11 68000 2
0 1 5 3 68000 2
0 1 4 15 68000 2
0 1 4 5 68000 2
0 1 9 15 68000 2
0 1 4 15 68000 2
0 1 4 7 68000 2
0 1 4 7 68000 2
0 1 4 14 68000 2
0 1 4 10 68000 2
0 1 3 12 68000 2
0 1 3 10 68000 2
0 1 3 3 68000 2
0 1 9 13 68000 2
0 1 6 13 68000 2
0 1 6 11 68000 2
0 1 8 6 68000 2
0 1 8 15 68000 2
0 1 8 4 68000 2
0 1 8 6 68000 2
0 1 8 12 68000 2
0 1 8 12 68000 2
0 1 8 0 68000 2
0 1 7 10 68000 2
0 1 7 0 68000 2
0 1 7 12 68000 2
0 1 6 14 68000 2
0 1 6 11 68000 2
0 1 7 9 68000 2
0 1 7 6 68000 2
0 1 7 15 68000 2
0 1 7 14 68000 2
0 1 10 8 68500 2
0 1 10 2 68500 2
0 1 10 7 68500 2
0 1 10 14 68500 2
0 1 9 2 68500 2
0 1 9 5 68500 2
0 1 9 9 68500 2
0 1 9 10 68500 2
0 1 9 2 68500 2
0 1 9 8 68500 2
0 1 9 12 68500 2
0 1 9 7 68500 2
0 1 9 15 68500 2
0 1 9 4 68500 2
0 1 9 14 68500 2
0 1 9 12 68500 2
0 1 8 13 68500 2
0 1 9 4 68500 2
0 1 8 11 68500 2
0 1 11 12 68500 2
0 1 14 2 68500 2
0 1 13 0 68500 2
0 1 13 14 68500 2
0 1 12 15 68500 2
0 1 12 14 68500 2
0 1 12 6 68500 2
0 1 12 8 68500 2
0 1 12 7 68500 2
0 1 12 14 68500 2
0 1 10 8 68500 2
0 1 11 15 68500 2
0 1 11 15 68500 2
0 1 11 11 68500 2
0 1 11 8 68500 2
0 1 10 8 68500 2
0 1 10 15 68500 2
0 1 10 13 68500 2
0 1 10 9 68500 2
0 1 4 10 68500 2
0 1 6 5 68500 2
0 1 6 6 68500 2
0 1 5 12 68500 2
0 1 5 5 68500 2
0 1 5 2 68500 2
0 1 5 15 68500 2
0 1 5 8 68500 2
0 1 4 14 68500 2
0 1 4 2 68500 2
0 1 8 10 68500 2
0 1 4 3 68500 2
0 1 4 1 68500 2
0 1 4 14 68500 2
0 1 4 8 68500 2
0 1 4 0 68500 2
0 1 3 7 68500 2
0 1 3 6 68500 2
0 1 3 15 68500 2
0 1 3 12 68500 2
0 1 6 10 68500 2
0 1 8 12 68500 2
0 1 8 5 68500 2
0 1 8 14 68500 2
0 1 8 11 68500 2
0 1 8 1 68500 2
0 1 7 2 68500 2
0 1 7 11 68500 2
0 1 6 1 68500 2
0 1 7 0 68500 2
0 1 7 7 68500 2
0 1 7 4 68500 2
0 1 7 7 68500 2
0 1 7 5 68500 2
0 1 6 5 68500 2
0 1 6 9 68500 2
0 1 6 10 68500 2
0 1 7 13 68500 2
0 1 10 5 69000 2
0 1 10 14 69000 2
0 1 9 6 69000 2
0 1 9 7 69000 2
0 1 9 12 69000 2
0 1 9 3 69000 2
0 1 9 1 69000 2
0 1 9 9 69000 2
0 1 9 12 69000 2
0 1 9 14 69000 2
0 1 8 2 69000 2
0 1 9 4 69000 2
0 1 9 4 69000 2
0 1 9 1 69000 2
0 1 9 11 69000 2
0 1 8 7 69000 2
0 1 8 11 69000 2
0 1 11 10 69000 2
0 1 4 14 69000 2
0 1 13 7 69000 2
0 1 13 5 69000 2
0 1 12 14 69000 2
0 1 12 2 69000 2
0 1 12 8 69000 2
0 1 12 11 69000 2
0 1 11 3 69000 2
0 1 10 7 69000 2
0 1 11 12 69000 2
0 1 11 13 69000 2
0 1 11 15 69000 2
0 1 10 8 69000 2
0 1 10 1 69000 2
0 1 10 0 69000 2
0 1 10 2 69000 2
0 1 10 9 69000 2
0 1 4 7 69000 2
0 1 5 9 69000 2
0 1 5 8 69000 2
0 1 5 6 69000 2
0 1 5 4 69000 2
0 1 5 1 69000 2
0 1 5 7 69000 2
0 1 4 7 69000 2
0 1 4 10 69000 2
0 1 8 12 69000 2
0 1 4 5 69000 2
0 1 4 5 69000 2
0 1 3 4 69000 2
0 1 3 14 69000 2
0 1 3 13 69000 2
0 1 3 11 69000 2
0 1 3 10 69000 2
0 1 8 15 69000 2
0 1 6 0 69000 2
0 1 5 9 69000 2
0 1 8 13 69000 2
0 1 8 11 69000 2
0 1 7 6 69000 2
0 1 7 11 69000 2
0 1 7 0 69000 2
0 1 7 8 69000 2
0 1 7 11 69000 2
0 1 7 9 69000 2
0 1 7 14 69000 2
0 1 6 13 69000 2
0 1 6 8 69000 2
0 1 6 1 69000 2
0 1 6 9 69000 2
0 1 6 10 69000 2
0 1 7 8 69000 2
0 1 9 15 69500 2
0 1 9 12 69500 2
0 1 9 3 69500 2
0 1 9 9 69500 2
0 1 9 7 69500 2
0 1 9 12 69500 2
0 1 9 12 69500 2
0 1 10 1 69500 2
0 1 10 3 69500 2
0 1 9 2 69500 2
0 1 9 14 69500 2
0 1 9 3 69500 2
0 1 9 15 69500 2
0 1 9 10 69500 2
0 1 9 14 69500 2
0 1 9 9 69500 2
0 1 9 11 69500 2
0 1 8 9 69500 2
0 1 11 15 69500 2
0 1 13 7 69500 2
0 1 13 8 69500 2
0 1 12 4 69500 2
0 1 12 5 69500 2
0 1 12 11 69500 2
0 1 12 14 69500 2
0 1 12 15 69500 2
0 1 11 11 69500 2
0 1 11 13 69500 2
0 1 10 1 69500 2
0 1 11 5 69500 2
0 1 11 13 69500 2
0 1 11 6 69500 2
0 1 10 12 69500 2
0 1 10 8 69500 2
0 1 10 7 69500 2
0 1 10 10 69500 2
0 1 10 2 69500 2
0 1 4 6 69500 2
0 1 6 15 69500 2
0 1 6 3 69500 2
0 1 5 0 69500 2
0 1 5 13 69500 2
0 1 5 8 69500 2
0 1 5 11 69500 2
0 1 5 12 69500 2
0 1 5 9 69500 2
0 1 5 5 69500 2
0 1 8 1 69500 2
0 1 4 14 69500 2
0 1 4 11 69500 2
0 1 4 5 69500 2
0 1 4 9 69500 2
0 1 3 13 69500 2
0 1 3 1 69500 2
0 1 3 5 69500 2
0 1 3 3 69500 2
0 1 8 4 69500 2
0 1 6 3 69500 2
0 1 6 10 69500 2
0 1 8 13 69500 2
0 1 8 13 69500 2
0 1 8 11 69500 2
0 1 8 13 69500 2
0 1 8 10 69500 2
0 1 7 7 69500 2
0 1 7 13 69500 2
0 1 7 6 69500 2
0 1 7 11 69500 2
0 1 7 7 69500 2
0 1 7 4 69500 2
0 1 7 2 69500 2
0 1 6 1 69500 2
0 1 6 7 69500 2
0 1 6 12 69500 2
0 1 7 6 69500 2
0 1 9 9 70000 2
0 1 9 13 70000 2
0 1 9 3 70000 2
0 1 9 8 70000 2
0 1 9 14 70000 2
0 1 9 4 70000 2
0 1 9 5 70000 2
0 1 10 15 70000 2
0 1 10 9 70000 2
0 1 9 3 70000 2
0 1 9 3 70000 2
0 1 9 0 70000 2
0 1 9 8 70000 2
0 1 9 15 70000 2
0 1 9 9 70000 2
0 1 8 12 70000 2
0 1 8 4 70000 2
0 1 8 4 70000 2
0 1 12 4 70000 2
0 1 11 0 70000 2
0 1 14 15 70000 2
0 1 13 4 70000 2
0 1 13 10 70000 2
0 1 12 2 70000 2
0 1 12 3 70000 2
0 1 12 11 70000 2
0 1 12 7 70000 2
0 1 11 9 70000 2
0 1 11 6 70000 2
0 1 10 13 70000 2
0 1 11 6 70000 2
0 1 11 11 70000 2
0 1 11 15 70000 2
0 1 10 9 70000 2
0 1 10 6 70000 2
0 1 10 15 70000 2
0 1 10 1 70000 2
0 1 10 6 70000 2
0 1 4 6 70000 2
0 1 6 4 70000 2
0 1 6 5 70000 2
0 1 6 12 70000 2
0 1 5 7 70000 2
0 1 5 2 70000 2
0 1 5 5 70000 2
0 1 5 8 70000 2
0 1 5 6 70000 2
0 1 4 10 70000 2
0 1 8 11 70000 2
0 1 4 4 70000 2
0 1 4 9 70000 2
0 1 4 4 70000 2
0 1 4 8 70000 2
0 1 4 6 70000 2
0 1 3 3 70000 2
0 1 3 2 70000 2
0 1 3 13 70000 2
0 1 8 15 70000 2
0 1 6 7 70000 2
0 1 6 2 70000 2
0 1 8 1 70000 2
0 1 8 4 70000 2
0 1 8 0 70000 2
0 1 8 8 70000 2
0 1 8 8 70000 2
0 1 7 3 70000 2
0 1 7 9 70000 2
0 1 7 7 70000 2
0 1 7 12 70000 2
0 1 7 10 70000 2
0 1 6 5 70000 2
0 1 6 12 70000 2
0 1 7 10 70000 2
0 1 7 15 70000 2
0 1 7 13 70000 2
0 1 7 6 70000 2
0 1 7 8 70000 2
0 1 10 9 70500 2
0 1 10 8 70500 2
0 1 10 14 70500 2
0 1 10 8 70500 2
0 1 10 13 70500 2
0 1 10 7 70500 2
0 1 9 3 70500 2
0 1 9 4 70500 2
0 1 9 12 70500 2
0 1 9 6 70500 2
0 1 9 7 70500 2
0 1 9 4 70500 2
0 1 9 2 70500 2
0 1 9 4 70500 2
0 1 9 2 70500 2
0 1 8 2 70500 2
0 1 9 3 70500 2
0 1 9 8 70500 2
0 1 11 14 70500 2
0 1 14 14 70500 2
0 1 13 4 70500 2
0 1 13 8 70500 2
0 1 12 3 70500 2
0 1 12 9 70500 2
0 1 12 1 70500 2
0 1 12 9 70500 2
0 1 12 5 70500 2
0 1 12 15 70500 2
0 1 10 9 70500 2
0 1 11 12 70500 2
0 1 11 15 70500 2
0 1 11 10 70500 2
0 1 11 14 70500 2
0 1 10 10 70500 2
0 1 10 10 70500 2
0 1 10 8 70500 2
0 1 10 15 70500 2
0 1 4 9 70500 2
0 1 5 12 70500 2
0 1 5 6 70500 2
0 1 5 12 70500 2
0 1 5 1 70500 2
0 1 5 3 70500 2
0 1 5 13 70500 2
0 1 4 15 70500 2
0 1 4 0 70500 2
0 1 8 15 70500 2
0 1 4 3 70500 2
0 1 4 9 70500 2
0 1 4 8 70500 2
0 1 4 6 70500 2
0 1 4 4 70500 2
0 1 3 2 70500 2
0 1 3 13 70500 2
0 1 3 11 70500 2
0 1 6 12 70500 2
0 1 6 0 70500 2
0 1 8 6 70500 2
0 1 8 14 70500 2
0 1 8 15 70500 2
0 1 8 6 70500 2
0 1 8 6 70500 2
0 1 8 8 70500 2
0 1 7 15 70500 2
0 1 7 5 70500 2
0 1 7 8 70500 2
0 1 7 14 70500 2
0 1 7 3 70500 2
0 1 6 13 70500 2
0 1 6 11 70500 2
0 1 6 11 70500 2
0 1 6 8 70500 2
0 1 7 5 70500 2
0 1 10 6 71000 2
0 1 10 0 71000 2
0 1 10 12 71000 2
0 1 9 7 71000 2
0 1 9 13 71000 2
0 1 9 9 71000 2
0 1 9 11 71000 2
0 1 9 1 71000 2
0 1 9 13 71000 2
0 1 9 7 71000 2
0 1 9 0 71000 2
0 1 9 11 71000 2
0 1 9 12 71000 2
0 1 9 11 71000 2
0 1 9 10 71000 2
0 1 9 3 71000 2
0 1 8 4 71000 2
0 1 11 1 71000 2
0 1 14 2 71000 2
0 1 13 6 71000 2
0 1 13 2 71000 2
0 1 12 1 71000 2
0 1 4 4 71000 2
0 1 12 6 71000 2
0 1 12 12 71000 2
0 1 11 2 71000 2
0 1 10 2 71000 2
0 1 11 5 71000 2
0 1 11 6 71000 2
0 1 11 14 71000 2
0 1 11 1 71000 2
0 1 10 13 71000 2
0 1 10 12 71000 2
0 1 10 10 71000 2
0 1 10 2 71000 2
0 1 4 4 71000 2
0 1 6 10 71000 2
0 1 6 15 71000 2
0 1 5 5 71000 2
0 1 5 12 71000 2
0 1 5 15 71000 2
0 1 5 0 71000 2
0 1 4 9 71000 2
0 1 4 8 71000 2
0 1 8 7 71000 2
0 1 4 0 71000 2
0 1 4 3 71000 2
0 1 4 1 71000 2
0 1 3 10 71000 2
0 1 3 10 71000 2
0 1 3 12 71000 2
0 1 3 13 71000 2
0 1 8 5 71000 2
0 1 6 4 71000 2
0 1 6 14 71000 2
0 1 8 7 71000 2
0 1 8 15 71000 2
0 1 8 9 71000 2
0 1 8 2 71000 2
0 1 8 0 71000 2
0 1 8 5 71000 2
0 1 7 15 71000 2
0 1 7 12 71000 2
0 1 7 3 71000 2
0 1 7 8 71000 2
0 1 7 6 71000 2
0 1 7 13 71000 2
0 1 7 7 71000 2
0 1 6 8 71000 2
0 1 7 0 71000 2
0 1 9 6 71500 2
0 1 9 0 71500 2
0 1 10 7 71500 2
0 1 10 11 71500 2
0 1 10 11 71500 2
0 1 10 4 71500 2
0 1 10 14 71500 2
0 1 10 4 71500 2
0 1 10 5 71500 2
0 1 10 11 71500 2
0 1 9 6 71500 2
0 1 9 10 71500 2
0 1 9 7 71500 2
0 1 9 8 71500 2
0 1 9 11 71500 2
0 1 9 8 71500 2
0 1 9 14 71500 2
0 1 9 8 71500 2
0 1 9 10 71500 2
0 1 9 11 71500 2
0 1 12 12 71500 2
0 1 14 14 71500 2
0 1 14 3 71500 2
0 1 13 7 71500 2
0 1 13 7 71500 2
0 1 13 2 71500 2
0 1 12 3 71500 2
0 1 12 0 71500 2
0 1 12 8 71500 2
0 1 12 4 71500 2
0 1 10 3 71500 2
0 1 11 4 71500 2
0 1 11 7 71500 2
0 1 11 10 71500 2
0 1 11 7 71500 2
0 1 11 6 71500 2
0 1 11 3 71500 2
0 1 10 11 71500 2
0 1 10 0 71500 2
0 1 4 1 71500 2
0 1 6 2 71500 2
0 1 6 9 71500 2
0 1 6 5 71500 2
0 1 6 9 71500 2
0 1 6 3 71500 2
0 1 5 8 71500 2
0 1 5 3 71500 2
0 1 5 11 71500 2
0 1 5 14 71500 2
0 1 5 0 71500 2
0 1 9 11 71500 2
0 1 4 2 71500 2
0 1 4 15 71500 2
0 1 4 11 71500 2
0 1 4 15 71500 2
0 1 4 5 71500 2
0 1 4 4 71500 2
0 1 3 9 71500 2
0 1 3 13 71500 2
0 1 3 6 71500 2
0 1 6 0 71500 2
0 1 9 11 71500 2
0 1 6 4 71500 2
0 1 8 14 71500 2
0 1 8 14 71500 2
0 1 8 1 71500 2
0 1 8 2 71500 2
0 1 8 15 71500 2
0 1 8 4 71500 2
0 1 7 0 71500 2
0 1 7 4 71500 2
0 1 7 13 71500 2
0 1 6 12 71500 2
0 1 7 12 71500 2
0 1 7 5 71500 2
0 1 7 3 71500 2
0 1 7 1 71500 2
0 1 7 11 71500 2
0 1 7 3 71500 2
0 1 10 0 72000 2
0 1 10 12 72000 2
0 1 10 15 72000 2
0 1 10 11 72000 2
0 1 10 7 72000 2
0 1 10 12 72000 2
0 1 9 9 72000 2
0 1 9 15 72000 2
0 1 9 2 72000 2
0 1 9 1 72000 2
0 1 9 11 72000 2
0 1 9 4 72000 2
0 1 9 2 72000 2
0 1 9 1 72000 2
0 1 9 4 72000 2
0 1 9 7 72000 2
0 1 9 15 72000 2
0 1 9 4 72000 2
0 1 9 8 72000 2
0 1 12 2 72000 2
0 1 3 13 72000 2
0 1 14 14 72000 2
0 1 14 15 72000 2
0 1 13 0 72000 2
0 1 13 6 72000 2
0 1 12 2 72000 2
0 1 12 11 72000 2
0 1 12 14 72000 2
0 1 12 0 72000 2
0 1 10 11 72000 2
0 1 11 10 72000 2
0 1 11 6 72000 2
0 1 11 11 72000 2
0 1 11 5 72000 2
0 1 11 9 72000 2
0 1 11 0 72000 2
0 1 10 8 72000 2
0 1 10 12 72000 2
0 1 10 0 72000 2
0 1 4 5 72000 2
0 1 6 11 72000 2
0 1 6 12 72000 2
0 1 6 12 72000 2
0 1 6 8 72000 2
0 1 5 10 72000 2
0 1 5 5 72000 2
0 1 5 0 72000 2
0 1 5 12 72000 2
0 1 4 15 72000 2
0 1 8 8 72000 2
0 1 4 9 72000 2
0 1 4 15 72000 2
0 1 4 7 72000 2
0 1 4 5 72000 2
0 1 4 12 72000 2
0 1 4 12 72000 2
0 1 3 7 72000 2
0 1 9 8 72000 2
0 1 3 2 72000 2
0 1 6 10 72000 2
0 1 6 13 72000 2
0 1 8 5 72000 2
0 1 8 9 72000 2
0 1 8 3 72000 2
0 1 8 8 72000 2
0 1 8 2 72000 2
0 1 8 11 72000 2
0 1 8 2 72000 2
0 1 7 3 72000 2
0 1 7 9 72000 2
0 1 7 3 72000 2
0 1 7 2 72000 2
0 1 7 8 72000 2
0 1 7 5 72000 2
0 1 7 5 72000 2
0 1 6 3 72000 2
0 1 6 9 72000 2
0 1 7 1 72000 2
0 1 9 9 72500 2
0 1 9 9 72500 2
0 1 10 12 72500 2
0 1 10 10 72500 2
0 1 10 11 72500 2
0 1 10 0 72500 2
0 1 10 5 72500 2
0 1 10 2 72500 2
0 1 10 14 72500 2
0 1 9 4 72500 2
0 1 9 4 72500 2
0 1 9 1 72500 2
0 1 9 10 72500 2
0 1 9 11 72500 2
0 1 9 8 72500 2
0 1 9 14 72500 2
0 1 9 3 72500 2
0 1 9 13 72500 2
0 1 9 12 72500 2
0 1 12 2 72500 2
0 1 9 12 72500 2
0 1 14 11 72500 2
0 1 13 4 72500 2
0 1 13 5 72500 2
0 1 13 4 72500 2
0 1 12 5 72500 2
0 1 12 9 72500 2
0 1 12 10 72500 2
0 1 12 1 72500 2
0 1 10 2 72500 2
0 1 11 7 72500 2
0 1 11 4 72500 2
0 1 11 1 72500 2
0 1 11 14 72500 2
0 1 11 14 72500 2
0 1 11 1 72500 2
0 1 10 13 72500 2
0 1 10 0 72500 2
0 1 5 8 72500 2
0 1 6 3 72500 2
0 1 6 9 72500 2
0 1 6 3 72500 2
0 1 5 7 72500 2
0 1 5 7 72500 2
0 1 5 5 72500 2
0 1 5 14 72500 2
0 1 5 8 72500 2
0 1 5 11 72500 2
0 1 9 14 72500 2
0 1 4 6 72500 2
0 1 4 6 72500 2
0 1 4 10 72500 2
0 1 4 5 72500 2
0 1 4 2 72500 2
0 1 4 1 72500 2
0 1 3 1 72500 2
0 1 3 7 72500 2
0 1 3 11 72500 2
0 1 6 0 72500 2
0 1 6 3 72500 2
0 1 8 1 72500 2
0 1 8 3 72500 2
0 1 8 4 72500 2
0 1 8 10 72500 2
0 1 8 7 72500 2
0 1 8 14 72500 2
0 1 8 11 72500 2
0 1 8 8 72500 2
0 1 7 12 72500 2
0 1 7 6 72500 2
0 1 6 4 72500 2
0 1 7 14 72500 2
0 1 7 3 72500 2
0 1 7 7 72500 2
0 1 7 6 72500 2
0 1 7 3 72500 2
0 1 10 0 73000 2
0 1 10 11 73000 2
0 1 10 8 73000 2
0 1 10 0 73000 2
0 1 9 7 73000 2
0 1 9 11 73000 2
0 1 9 8 73000 2
0 1 9 11 73000 2
0 1 9 3 73000 2
0 1 9 1 73000 2
0 1 9 13 73000 2
0 1 9 6 73000 2
0 1 9 6 73000 2
0 1 9 0 73000 2
0 1 9 7 73000 2
0 1 9 3 73000 2
0 1 8 8 73000 2
0 1 8 0 73000 2
0 1 8 2 73000 2
0 1 12 8 73000 2
0 1 11 7 73000 2
0 1 14 2 73000 2
0 1 13 14 73000 2
0 1 13 9 73000 2
0 1 12 3 73000 2
0 1 12 0 73000 2
0 1 12 14 73000 2
0 1 12 15 73000 2
0 1 12 4 73000 2
0 1 10 1 73000 2
0 1 11 13 73000 2
0 1 11 7 73000 2
0 1 11 14 73000 2
0 1 11 6 73000 2
0 1 10 13 73000 2
0 1 10 2 73000 2
0 1 10 4 73000 2
0 1 10 5 73000 2
0 1 4 3 73000 2
0 1 6 0 73000 2
0 1 5 11 73000 2
0 1 5 10 73000 2
0 1 5 9 73000 2
0 1 5 5 73000 2
0 1 5 2 73000 2
0 1 5 7 73000 2
0 1 4 14 73000 2
0 1 3 4 73000 2
0 1 8 13 73000 2
0 1 4 3 73000 2
0 1 4 8 73000 2
0 1 4 0 73000 2
0 1 4 10 73000 2
0 1 3 1 73000 2
0 1 3 13 73000 2
0 1 3 1 73000 2
0 1 3 6 73000 2
0 1 8 1 73000 2
0 1 6 0 73000 2
0 1 6 0 73000 2
0 1 8 11 73000 2
0 1 8 5 73000 2
0 1 8 7 73000 2
0 1 8 5 73000 2
0 1 8 8 73000 2
0 1 7 7 73000 2
0 1 7 12 73000 2
0 1 7 2 73000 2
0 1 7 7 73000 2
0 1 7 15 73000 2
0 1 7 13 73000 2
0 1 7 10 73000 2
0 1 7 8 73000 2
0 1 6 1 73000 2
0 1 6 3 73000 2
0 1 6 0 73000 2
0 1 7 6 73000 2
0 1 8 12 73500 2
0 1 9 3 73500 2
0 1 9 15 73500 2
0 1 9 7 73500 2
0 1 9 2 73500 2
0 1 9 5 73500 2
0 1 9 9 73500 2
0 1 10 9 73500 2
0 1 10 2 73500 2
0 1 9 8 73500 2
0 1 9 3 73500 2
0 1 9 1 73500 2
0 1 9 7 73500 2
0 1 9 2 73500 2
0 1 9 1 73500 2
0 1 9 14 73500 2
0 1 9 6 73500 2
0 1 8 5 73500 2
0 1 7 3 73500 2
0 1 11 7 73500 2
0 1 14 1 73500 2
0 1 13 9 73500 2
0 1 13 10 73500 2
0 1 12 15 73500 2
0 1 12 12 73500 2
0 1 12 10 73500 2
0 1 12 15 73500 2
0 1 12 2 73500 2
0 1 12 15 73500 2
0 1 10 4 73500 2
0 1 11 9 73500 2
0 1 11 6 73500 2
0 1 11 9 73500 2
0 1 11 5 73500 2
0 1 10 2 73500 2
0 1 10 9 73500 2
0 1 10 0 73500 2
0 1 10 13 73500 2
0 1 10 15 73500 2
0 1 4 2 73500 2
0 1 6 1 73500 2
0 1 6 3 73500 2
0 1 5 13 73500 2
0 1 5 15 73500 2
0 1 5 5 73500 2
0 1 5 5 73500 2
0 1 5 4 73500 2
0 1 5 8 73500 2
0 1 4 8 73500 2
0 1 8 4 73500 2
0 1 4 0 73500 2
0 1 4 1 73500 2
0 1 4 14 73500 2
0 1 4 15 73500 2
0 1 4 9 73500 2
0 1 3 4 73500 2
0 1 3 15 73500 2
0 1 3 6 73500 2
0 1 6 7 73500 2
0 1 8 10 73500 2
0 1 8 4 73500 2
0 1 8 2 73500 2
0 1 7 5 73500 2
0 1 7 5 73500 2
0 1 7 5 73500 2
0 1 7 10 73500 2
0 1 7 3 73500 2
0 1 7 12 73500 2
0 1 7 6 73500 2
0 1 7 9 73500 2
0 1 6 11 73500 2
0 1 6 2 73500 2
0 1 6 7 73500 2
0 1 6 1 73500 2
0 1 7 2 73500 2
0 1 7 10 73500 2
0 1 7 7 73500 2
0 1 10 10 74000 2
0 1 10 5 74000 2
0 1 10 4 74000 2
0 1 10 2 74000 2
0 1 9 11 74000 2
0 1 9 12 74000 2
0 1 9 1 74000 2
0 1 9 14 74000 2
0 1 9 5 74000 2
0 1 9 4 74000 2
0 1 9 8 74000 2
0 1 9 13 74000 2
0 1 9 13 74000 2
0 1 9 12 74000 2
0 1 9 8 74000 2
0 1 9 15 74000 2
0 1 9 6 74000 2
0 1 9 9 74000 2
0 1 11 8 74000 2
0 1 8 7 74000 2
0 1 14 13 74000 2
0 1 13 5 74000 2
0 1 13 12 74000 2
0 1 13 3 74000 2
0 1 12 2 74000 2
0 1 12 8 74000 2
0 1 12 1 74000 2
0 1 12 14 74000 2
0 1 10 12 74000 2
0 1 11 1 74000 2
0 1 11 5 74000 2
0 1 11 4 74000 2
0 1 11 1 74000 2
0 1 10 6 74000 2
0 1 10 12 74000 2
0 1 10 0 74000 2
0 1 10 4 74000 2
0 1 4 6 74000 2
0 1 6 2 74000 2
0 1 6 6 74000 2
0 1 6 14 74000 2
0 1 5 1 74000 2
0 1 5 4 74000 2
0 1 5 4 74000 2
0 1 5 1 74000 2
0 1 5 1 74000 2
0 1 4 4 74000 2
0 1 9 1 74000 2
0 1 4 12 74000 2
0 1 4 3 74000 2
0 1 4 6 74000 2
0 1 3 15 74000 2
0 1 3 8 74000 2
0 1 3 5 74000 2
0 1 3 12 74000 2
0 1 9 10 74000 2
0 1 6 8 74000 2
0 1 6 14 74000 2
0 1 9 4 74000 2
0 1 3 9 74000 2
0 1 8 3 74000 2
0 1 8 5 74000 2
0 1 8 0 74000 2
0 1 8 3 74000 2
0 1 8 1 74000 2
0 1 8 3 74000 2
0 1 7 3 74000 2
0 1 8 2 74000 2
0 1 7 14 74000 2
0 1 7 6 74000 2
0 1 7 8 74000 2
0 1 7 1 74000 2
0 1 7 8 74000 2
0 1 7 3 74000 2
0 1 10 13 74500 2
0 1 10 12 74500 2
0 1 10 12 74500 2
0 1 10 6 74500 2
0 1 10 3 74500 2
0 1 9 2 74500 2
0 1 9 15 74500 2
0 1 9 15 74500 2
0 1 9 1 74500 2
0 1 9 2 74500 2
0 1 9 12 74500 2
0 1 9 9 74500 2
0 1 9 8 74500 2
0 1 9 4 74500 2
0 1 9 12 74500 2
0 1 9 9 74500 2
0 1 9 2 74500 2
0 1 8 3 74500 2
0 1 12 15 74500 2
0 1 8 12 74500 2
0 1 14 0 74500 2
0 1 13 6 74500 2
0 1 13 11 74500 2
0 1 13 6 74500 2
0 1 12 4 74500 2
0 1 12 11 74500 2
0 1 12 15 74500 2
0 1 12 14 74500 2
0 1 10 0 74500 2
0 1 11 8 74500 2
0 1 11 4 74500 2
0 1 11 11 74500 2
0 1 11 13 74500 2
0 1 11 9 74500 2
0 1 10 11 74500 2
0 1 10 8 74500 2
0 1 10 1 74500 2
0 1 4 5 74500 2
0 1 6 14 74500 2
0 1 6 9 74500 2
0 1 5 3 74500 2
0 1 5 8 74500 2
0 1 5 15 74500 2
0 1 5 10 74500 2
0 1 5 11 74500 2
0 1 5 14 74500 2
0 1 4 15 74500 2
0 1 8 1 74500 2
0 1 4 2 74500 2
0 1 4 12 74500 2
0 1 4 13 74500 2
0 1 4 1 74500 2
0 1 3 8 74500 2
0 1 3 15 74500 2
0 1 3 15 74500 2
0 1 3 12 74500 2
0 1 3 6 74500 2
0 1 6 12 74500 2
0 1 6 15 74500 2
0 1 8 1 74500 2
0 1 8 5 74500 2
0 1 8 3 74500 2
0 1 8 15 74500 2
0 1 8 6 74500 2
0 1 7 9 74500 2
0 1 7 1 74500 2
0 1 7 13 74500 2
0 1 7 15 74500 2
0 1 7 15 74500 2
0 1 7 14 74500 2
0 1 7 7 74500 2
0 1 6 3 74500 2
0 1 6 10 74500 2
0 1 6 12 74500 2
0 1 7 4 74500 2
0 1 9 8 75000 2
0 1 9 12 75000 2
0 1 9 15 75000 2
0 1 9 8 75000 2
0 1 9 2 75000 2
0 1 9 14 75000 2
0 1 9 7 75000 2
0 1 10 1 75000 2
0 1 10 12 75000 2
0 1 10 15 75000 2
0 1 9 11 75000 2
0 1 9 7 75000 2
0 1 9 2 75000 2
0 1 9 15 75000 2
0 1 9 0 75000 2
0 1 9 13 75000 2
0 1 9 15 75000 2
0 1 9 9 75000 2
0 1 8 12 75000 2
0 1 8 3 75000 2
0 1 11 7 75000 2
0 1 3 0 75000 2
0 1 14 0 75000 2
0 1 13 10 75000 2
0 1 13 0 75000 2
0 1 12 0 75000 2
0 1 12 14 75000 2
0 1 12 1 75000 2
0 1 12 1 75000 2
0 1 12 8 75000 2
0 1 10 12 75000 2
0 1 11 5 75000 2
0 1 11 4 75000 2
0 1 11 11 75000 2
0 1 10 1 75000 2
0 1 10 0 75000 2
0 1 10 7 75000 2
0 1 10 0 75000 2
0 1 10 8 75000 2
0 1 10 9 75000 2
0 1 4 4 75000 2
0 1 6 6 75000 2
0 1 6 3 75000 2
0 1 6 7 75000 2
0 1 5 6 75000 2
0 1 5 10 75000 2
0 1 5 14 75000 2
0 1 5 8 75000 2
0 1 5 8 75000 2
0 1 4 13 75000 2
0 1 8 6 75000 2
0 1 4 10 75000 2
0 1 4 14 75000 2
0 1 4 12 75000 2
0 1 4 4 75000 2
0 1 3 4 75000 2
0 1 8 2 75000 2
0 1 3 4 75000 2
0 1 3 4 75000 2
0 1 3 5 75000 2
0 1 6 1 75000 2
0 1 6 13 75000 2
0 1 8 0 75000 2
0 1 8 0 75000 2
0 1 8 4 75000 2
0 1 8 8 75000 2
0 1 8 13 75000 2
0 1 8 4 75000 2
0 1 7 13 75000 2
0 1 7 13 75000 2
0 1 7 12 75000 2
0 1 7 8 75000 2
0 1 7 15 75000 2
0 1 7 14 75000 2
0 1 7 6 75000 2
0 1 7 6 75000 2
0 1 6 14 75000 2
0 1 6 1 75000 2
0 1 7 12 75000 2
0 1 9 6 75500 2
0 1 9 0 75500 2
0 1 9 6 75500 2
0 1 10 2 75500 2
0 1 10 5 75500 2
0 1 10 9 75500 2
0 1 10 15 75500 2
0 1 10 4 75500 2
0 1 10 9 75500 2
0 1 9 3 75500 2
0 1 9 3 75500 2
0 1 9 3 75500 2
0 1 9 13 75500 2
0 1 9 12 75500 2
0 1 9 14 75500 2
0 1 9 12 75500 2
0 1 9 9 75500 2
0 1 9 1 75500 2
0 1 9 2 75500 2
0 1 11 8 75500 2
0 1 8 2 75500 2
0 1 14 1 75500 2
0 1 13 4 75500 2
0 1 13 1 75500 2
0 1 12 0 75500 2
0 1 12 10 75500 2
0 1 12 1 75500 2
0 1 12 4 75500 2
0 1 12 11 75500 2
0 1 10 14 75500 2
0 1 11 6 75500 2
0 1 11 4 75500 2
0 1 11 8 75500 2
0 1 11 13 75500 2
0 1 11 14 75500 2
0 1 10 13 75500 2
0 1 10 1 75500 2
0 1 10 13 75500 2
0 1 10 13 75500 2
0 1 4 15 75500 2
0 1 6 7 75500 2
0 1 6 10 75500 2
0 1 5 2 75500 2
0 1 5 12 75500 2
0 1 5 3 75500 2
0 1 5 7 75500 2
0 1 5 15 75500 2
0 1 4 8 75500 2
0 1 4 15 75500 2
0 1 9 15 75500 2
0 1 4 15 75500 2
0 1 4 14 75500 2
0 1 4 14 75500 2
0 1 3 10 75500 2
0 1 3 5 75500 2
0 1 3 15 75500 2
0 1 3 0 75500 2
0 1 3 10 75500 2
0 1 9 5 75500 2
0 1 6 12 75500 2
0 1 6 6 75500 2
0 1 8 12 75500 2
0 1 8 11 75500 2
0 1 8 7 75500 2
0 1 8 11 75500 2
0 1 8 1 75500 2
0 1 8 6 75500 2
0 1 7 12 75500 2
0 1 7 9 75500 2
0 1 7 5 75500 2
0 1 7 5 75500 2
0 1 6 3 75500 2
0 1 7 11 75500 2
0 1 7 11 75500 2
0 1 7 1 75500 2
0 1 7 1 75500 2
0 1 7 10 75500 2
0 1 9 9 76000 2
0 1 9 5 76000 2
0 1 9 15 76000 2
0 1 9 11 76000 2
0 1 9 14 76000 2
0 1 9 14 76000 2
0 1 9 3 76000 2
0 1 9 1 76000 2
0 1 9 12 76000 2
0 1 9 3 76000 2
0 1 9 13 76000 2
0 1 9 15 76000 2
0 1 9 13 76000 2
0 1 8 6 76000 2
0 1 8 9 76000 2
0 1 8 2 76000 2
0 1 8 6 76000 2
0 1 8 15 76000 2
0 1 11 7 76000 2
0 1 13 14 76000 2
0 1 13 7 76000 2
0 1 12 9 76000 2
0 1 12 8 76000 2
0 1 12 8 76000 2
0 1 12 12 76000 2
0 1 12 6 76000 2
0 1 11 13 76000 2
0 1 11 2 76000 2
0 1 10 14 76000 2
0 1 11 6 76000 2
0 1 11 5 76000 2
0 1 10 1 76000 2
0 1 10 11 76000 2
0 1 10 12 76000 2
0 1 10 12 76000 2
0 1 10 4 76000 2
0 1 10 0 76000 2
0 1 4 3 76000 2
0 1 5 3 76000 2
0 1 5 10 76000 2
0 1 5 15 76000 2
0 1 5 1 76000 2
0 1 5 10 76000 2
0 1 5 15 76000 2
0 1 4 14 76000 2
0 1 4 2 76000 2
0 1 4 11 76000 2
0 1 3 8 76000 2
0 1 4 3 76000 2
0 1 4 6 76000 2
0 1 3 7 76000 2
0 1 3 1 76000 2
0 1 3 10 76000 2
0 1 3 11 76000 2
0 1 3 1 76000 2
0 1 8 4 76000 2
0 1 6 11 76000 2
0 1 8 8 76000 2
0 1 8 12 76000 2
0 1 8 15 76000 2
0 1 7 13 76000 2
0 1 7 9 76000 2
0 1 7 6 76000 2
0 1 7 5 76000 2
0 1 7 11 76000 2
0 1 7 2 76000 2
0 1 6 5 76000 2
0 1 6 12 76000 2
0 1 6 11 76000 2
0 1 6 14 76000 2
0 1 6 14 76000 2
0 1 6 14 76000 2
0 1 7 7 76000 2
0 1 6 7 76000 2
0 1 6 2 76000 2
0 1 9 4 76500 2
0 1 10 0 76500 2
0 1 10 7 76500 2
0 1 10 11 76500 2
0 1 10 0 76500 2
0 1 10 1 76500 2
0 1 9 10 76500 2
0 1 9 11 76500 2
0 1 9 7 76500 2
0 1 9 9 76500 2
0 1 9 6 76500 2
0 1 9 12 76500 2
0 1 9 2 76500 2
0 1 9 0 76500 2
0 1 9 6 76500 2
0 1 9 0 76500 2
0 1 9 15 76500 2
0 1 9 11 76500 2
0 1 11 2 76500 2
0 1 8 14 76500 2
0 1 14 3 76500 2
0 1 13 7 76500 2
0 1 12 12 76500 2
0 1 12 8 76500 2
0 1 12 15 76500 2
0 1 12 3 76500 2
0 1 11 5 76500 2
0 1 11 12 76500 2
0 1 10 1 76500 2
0 1 11 0 76500 2
0 1 11 1 76500 2
0 1 11 0 76500 2
0 1 10 3 76500 2
0 1 10 12 76500 2
0 1 10 5 76500 2
0 1 10 9 76500 2
0 1 10 9 76500 2
0 1 4 0 76500 2
0 1 6 8 76500 2
0 1 6 9 76500 2
0 1 5 2 76500 2
0 1 5 2 76500 2
0 1 5 14 76500 2
0 1 5 5 76500 2
0 1 5 5 76500 2
0 1 5 0 76500 2
0 1 4 15 76500 2
0 1 8 12 76500 2
0 1 4 5 76500 2
0 1 4 14 76500 2
0 1 4 12 76500 2
0 1 4 0 76500 2
0 1 3 1 76500 2
0 1 3 13 76500 2
0 1 3 6 76500 2
0 1 9 4 76500 2
0 1 6 6 76500 2
0 1 6 4 76500 2
0 1 8 11 76500 2
0 1 8 10 76500 2
0 1 8 7 76500 2
0 1 8 7 76500 2
0 1 8 13 76500 2
0 1 8 8 76500 2
0 1 8 5 76500 2
0 1 7 13 76500 2
0 1 7 1 76500 2
0 1 7 2 76500 2
0 1 7 2 76500 2
0 1 7 1 76500 2
0 1 7 11 76500 2
0 1 7 0 76500 2
0 1 6 10 76500 2
0 1 7 3 76500 2
0 1 9 7 77000 2
0 1 9 7 77000 2
0 1 9 8 77000 2
0 1 9 15 77000 2
0 1 10 1 77000 2
0 1 10 15 77000 2
0 1 10 11 77000 2
0 1 10 3 77000 2
0 1 10 15 77000 2
0 1 9 11 77000 2
0 1 9 7 77000 2
0 1 9 5 77000 2
0 1 9 6 77000 2
0 1 9 5 77000 2
0 1 9 13 77000 2
0 1 9 5 77000 2
0 1 9 13 77000 2
0 1 9 3 77000 2
0 1 11 1 77000 2
0 1 14 8 77000 2
0 1 13 9 77000 2
0 1 3 1 77000 2
0 1 13 0 77000 2
0 1 12 6 77000 2
0 1 12 5 77000 2
0 1 12 13 77000 2
0 1 12 10 77000 2
0 1 11 7 77000 2
0 1 10 5 77000 2
0 1 11 1 77000 2
0 1 11 12 77000 2
0 1 11 12 77000 2
0 1 10 5 77000 2
0 1 10 15 77000 2
0 1 10 4 77000 2
0 1 10 3 77000 2
0 1 10 8 77000 2
0 1 5 13 77000 2
0 1 6 14 77000 2
0 1 6 8 77000 2
0 1 6 5 77000 2
0 1 6 13 77000 2
0 1 6 2 77000 2
0 1 5 2 77000 2
0 1 5 15 77000 2
0 1 5 4 77000 2
0 1 5 7 77000 2
0 1 8 7 77000 2
0 1 4 4 77000 2
0 1 4 10 77000 2
0 1 4 8 77000 2
0 1 4 11 77000 2
0 1 3 11 77000 2
0 1 3 0 77000 2
0 1 3 5 77000 2
0 1 8 7 77000 2
0 1 7 2 77000 2
0 1 6 15 77000 2
0 1 8 6 77000 2
0 1 8 4 77000 2
0 1 8 1 77000 2
0 1 8 2 77000 2
0 1 8 0 77000 2
0 1 8 6 77000 2
0 1 8 4 77000 2
0 1 7 13 77000 2
0 1 7 14 77000 2
0 1 7 7 77000 2
0 1 7 8 77000 2
0 1 7 11 77000 2
0 1 7 11 77000 2
0 1 7 5 77000 2
0 1 7 0 77000 2
0 1 7 9 77000 2
0 1 9 3 77500 2
0 1 9 4 77500 2
0 1 9 12 77500 2
0 1 9 13 77500 2
0 1 9 3 77500 2
0 1 9 14 77500 2
0 1 9 12 77500 2
0 1 9 14 77500 2
0 1 9 1 77500 2
0 1 10 15 77500 2
0 1 9 1 77500 2
0 1 9 2 77500 2
0 1 9 6 77500 2
0 1 9 4 77500 2
0 1 9 10 77500 2
0 1 9 5 77500 2
0 1 9 5 77500 2
0 1 9 3 77500 2
0 1 14 3 77500 2
0 1 8 10 77500 2
0 1 11 8 77500 2
0 1 13 3 77500 2
0 1 13 13 77500 2
0 1 12 10 77500 2
0 1 12 10 77500 2
0 1 12 14 77500 2
0 1 12 14 77500 2
0 1 12 1 77500 2
0 1 11 10 77500 2
0 1 11 15 77500 2
0 1 10 4 77500 2
0 1 11 6 77500 2
0 1 11 10 77500 2
0 1 10 5 77500 2
0 1 10 0 77500 2
0 1 10 14 77500 2
0 1 10 7 77500 2
0 1 10 7 77500 2
0 1 10 9 77500 2
0 1 5 3 77500 2
0 1 6 5 77500 2
0 1 6 13 77500 2
0 1 6 12 77500 2
0 1 6 12 77500 2
0 1 6 14 77500 2
0 1 5 10 77500 2
0 1 5 12 77500 2
0 1 5 2 77500 2
0 1 5 14 77500 2
0 1 3 6 77500 2
0 1 4 9 77500 2
0 1 4 12 77500 2
0 1 4 9 77500 2
0 1 4 2 77500 2
0 1 4 8 77500 2
0 1 3 0 77500 2
0 1 3 14 77500 2
0 1 3 9 77500 2
0 1 8 7 77500 2
0 1 6 12 77500 2
0 1 8 4 77500 2
0 1 8 2 77500 2
0 1 8 11 77500 2
0 1 8 4 77500 2
0 1 8 2 77500 2
0 1 8 8 77500 2
0 1 8 0 77500 2
0 1 7 3 77500 2
0 1 7 15 77500 2
0 1 7 6 77500 2
0 1 6 10 77500 2
0 1 7 4 77500 2
0 1 7 14 77500 2
0 1 7 13 77500 2
0 1 7 1 77500 2
0 1 7 3 77500 2
0 1 7 8 77500 2
0 1 7 12 77500 2
0 1 9 11 78000 2
0 1 10 8 78000 2
0 1 10 8 78000 2
0 1 10 10 78000 2
0 1 10 12 78000 2
0 1 9 12 78000 2
0 1 9 0 78000 2
0 1 9 12 78000 2
0 1 9 4 78000 2
0 1 9 8 78000 2
0 1 8 13 78000 2
0 1 9 3 78000 2
0 1 9 3 78000 2
0 1 9 0 78000 2
0 1 9 15 78000 2
0 1 9 11 78000 2
0 1 9 15 78000 2
0 1 9 15 78000 2
0 1 9 7 78000 2
0 1 11 12 78000 2
0 1 8 8 78000 2
0 1 13 4 78000 2
0 1 13 7 78000 2
0 1 12 15 78000 2
0 1 12 5 78000 2
0 1 12 12 78000 2
0 1 12 4 78000 2
0 1 12 5 78000 2
0 1 12 5 78000 2
0 1 10 14 78000 2
0 1 11 15 78000 2
0 1 11 14 78000 2
0 1 11 0 78000 2
0 1 10 11 78000 2
0 1 10 2 78000 2
0 1 10 3 78000 2
0 1 10 4 78000 2
0 1 10 6 78000 2
0 1 4 0 78000 2
0 1 5 2 78000 2
0 1 5 13 78000 2
0 1 5 14 78000 2
0 1 5 3 78000 2
0 1 4 3 78000 2
0 1 4 1 78000 2
0 1 4 0 78000 2
0 1 4 2 78000 2
0 1 4 1 78000 2
0 1 8 10 78000 2
0 1 4 2 78000 2
0 1 4 8 78000 2
0 1 3 9 78000 2
0 1 3 3 78000 2
0 1 3 6 78000 2
0 1 3 0 78000 2
0 1 3 6 78000 2
0 1 3 10 78000 2
0 1 6 12 78000 2
0 1 6 14 78000 2
0 1 8 14 78000 2
0 1 8 10 78000 2
0 1 8 13 78000 2
0 1 8 7 78000 2
0 1 8 11 78000 2
0 1 7 5 78000 2
0 1 7 5 78000 2
0 1 7 14 78000 2
0 1 7 7 78000 2
0 1 7 3 78000 2
0 1 6 11 78000 2
0 1 6 14 78000 2
0 1 6 11 78000 2
0 1 6 7 78000 2
0 1 7 10 78000 2
0 1 7 1 78000 2
0 1 7 3 78000 2
0 1 10 9 78500 2
0 1 10 15 78500 2
0 1 10 1 78500 2
0 1 10 1 78500 2
0 1 10 15 78500 2
0 1 9 5 78500 2
0 1 9 14 78500 2
0 1 9 9 78500 2
0 1 9 9 78500 2
0 1 9 7 78500 2
0 1 9 13 78500 2
0 1 9 2 78500 2
0 1 9 4 78500 2
0 1 9 13 78500 2
0 1 9 8 78500 2
0 1 9 1 78500 2
0 1 9 15 78500 2
0 1 9 1 78500 2
0 1 11 1 78500 2
0 1 8 1 78500 2
0 1 14 1 78500 2
0 1 13 8 78500 2
0 1 13 14 78500 2
0 1 12 8 78500 2
0 1 12 2 78500 2
0 1 12 0 78500 2
0 1 12 9 78500 2
0 1 12 10 78500 2
0 1 10 3 78500 2
0 1 11 8 78500 2
0 1 11 11 78500 2
0 1 11 1 78500 2
0 1 11 4 78500 2
0 1 11 13 78500 2
0 1 10 7 78500 2
0 1 10 11 78500 2
0 1 10 8 78500 2
0 1 4 3 78500 2
0 1 6 9 78500 2
0 1 6 6 78500 2
0 1 6 3 78500 2
0 1 5 10 78500 2
0 1 5 12 78500 2
0 1 5 0 78500 2
0 1 5 1 78500 2
0 1 5 5 78500 2
0 1 5 12 78500 2
0 1 9 10 78500 2
0 1 4 3 78500 2
0 1 4 9 78500 2
0 1 4 14 78500 2
0 1 4 10 78500 2
0 1 3 14 78500 2
0 1 3 5 78500 2
0 1 3 6 78500 2
0 1 3 5 78500 2
0 1 6 6 78500 2
0 1 6 11 78500 2
0 1 8 6 78500 2
0 1 8 4 78500 2
0 1 8 8 78500 2
0 1 8 4 78500 2
0 1 8 8 78500 2
0 1 8 4 78500 2
0 1 7 3 78500 2
0 1 7 15 78500 2
0 1 7 14 78500 2
0 1 7 6 78500 2
0 1 6 6 78500 2
0 1 6 6 78500 2
0 1 7 8 78500 2
0 1 7 2 78500 2
0 1 7 14 78500 2
0 1 7 14 78500 2
0 1 10 15 79000 2
0 1 10 11 79000 2
0 1 10 5 79000 2
0 1 9 9 79000 2
0 1 9 12 79000 2
0 1 9 10 79000 2
0 1 9 2 79000 2
0 1 9 2 79000 2
0 1 9 9 79000 2
0 1 9 12 79000 2
0 1 9 5 79000 2
0 1 9 6 79000 2
0 1 9 0 79000 2
0 1 9 4 79000 2
0 1 9 13 79000 2
0 1 9 11 79000 2
0 1 8 6 79000 2
0 1 8 9 79000 2
0 1 8 15 79000 2
0 1 11 3 79000 2
0 1 11 7 79000 2
0 1 14 10 79000 2
0 1 13 13 79000 2
0 1 13 3 79000 2
0 1 12 7 79000 2
0 1 12 1 79000 2
0 1 12 10 79000 2
0 1 12 15 79000 2
0 1 12 14 79000 2
0 1 10 11 79000 2
0 1 11 5 79000 2
0 1 11 6 79000 2
0 1 11 13 79000 2
0 1 10 1 79000 2
0 1 10 12 79000 2
0 1 10 12 79000 2
0 1 10 15 79000 2
0 1 10 14 79000 2
0 1 4 10 79000 2
0 1 5 12 79000 2
0 1 5 2 79000 2
0 1 5 13 79000 2
0 1 5 6 79000 2
0 1 5 4 79000 2
0 1 5 1 79000 2
0 1 4 2 79000 2
0 1 3 0 79000 2
0 1 4 3 79000 2
0 1 8 8 79000 2
0 1 4 3 79000 2
0 1 4 1 79000 2
0 1 4 2 79000 2
0 1 3 2 79000 2
0 1 3 13 79000 2
0 1 3 5 79000 2
0 1 3 8 79000 2
0 1 3 7 79000 2
0 1 8 13 79000 2
0 1 5 5 79000 2
0 1 5 7 79000 2
0 1 8 7 79000 2
0 1 8 12 79000 2
0 1 7 0 79000 2
0 1 7 9 79000 2
0 1 7 10 79000 2
0 1 7 4 79000 2
0 1 7 6 79000 2
0 1 7 2 79000 2
0 1 7 10 79000 2
0 1 7 2 79000 2
0 1 6 8 79000 2
0 1 6 14 79000 2
0 1 6 14 79000 2
0 1 6 14 79000 2
0 1 6 10 79000 2
0 1 6 8 79000 2
0 1 10 15 79500 2
0 1 10 7 79500 2
0 1 9 9 79500 2
0 1 9 9 79500 2
0 1 9 5 79500 2
0 1 9 3 79500 2
0 1 9 8 79500 2
0 1 9 1 79500 2
0 1 9 11 79500 2
0 1 7 9 79500 2
0 1 9 9 79500 2
0 1 9 12 79500 2
0 1 9 0 79500 2
0 1 9 7 79500 2
0 1 9 15 79500 2
0 1 9 5 79500 2
0 1 9 1 79500 2
0 1 8 12 79500 2
0 1 11 7 79500 2
0 1 14 7 79500 2
0 1 13 3 79500 2
0 1 13 5 79500 2
0 1 12 6 79500 2
0 1 12 15 79500 2
0 1 12 7 79500 2
0 1 12 11 79500 2
0 1 12 8 79500 2
0 1 10 5 79500 2
0 1 11 9 79500 2
0 1 11 13 79500 2
0 1 11 6 79500 2
0 1 11 15 79500 2
0 1 10 2 79500 2
0 1 10 10 79500 2
0 1 10 8 79500 2
0 1 10 9 79500 2
0 1 5 14 79500 2
0 1 6 4 79500 2
0 1 6 0 79500 2
0 1 5 5 79500 2
0 1 5 2 79500 2
0 1 5 6 79500 2
0 1 5 0 79500 2
0 1 5 12 79500 2
0 1 5 12 79500 2
0 1 8 3 79500 2
0 1 4 8 79500 2
0 1 4 5 79500 2
0 1 4 4 79500 2
0 1 4 14 79500 2
0 1 4 1 79500 2
0 1 3 0 79500 2
0 1 3 6 79500 2
0 1 3 3 79500 2
0 1 6 8 79500 2
0 1 6 14 79500 2
0 1 8 13 79500 2
0 1 8 1 79500 2
0 1 8 11 79500 2
0 1 8 7 79500 2
0 1 8 0 79500 2
0 1 8 15 79500 2
0 1 8 10 79500 2
0 1 7 6 79500 2
0 1 7 7 79500 2
0 1 7 2 79500 2
0 1 7 9 79500 2
0 1 7 8 79500 2
0 1 6 11 79500 2
0 1 6 0 79500 2
0 1 6 11 79500 2
0 1 7 11 79500 2
0 1 9 4 80000 2
0 1 9 10 80000 2
0 1 9 4 80000 2
0 1 9 11 80000 2
0 1 9 10 80000 2
0 1 10 15 80000 2
0 1 10 7 80000 2
0 1 10 13 80000 2
0 1 10 14 80000 2
0 1 10 11 80000 2
0 1 8 14 80000 2
0 1 9 11 80000 2
0 1 9 0 80000 2
0 1 9 13 80000 2
0 1 9 12 80000 2
0 1 9 12 80000 2
0 1 9 12 80000 2
0 1 9 6 80000 2
0 1 9 14 80000 2
0 1 8 7 80000 2
0 1 11 9 80000 2
0 1 4 11 80000 2
0 1 14 8 80000 2
0 1 14 3 80000 2
0 1 13 7 80000 2
0 1 13 2 80000 2
0 1 12 10 80000 2
0 1 12 11 80000 2
0 1 12 13 80000 2
0 1 12 8 80000 2
0 1 12 7 80000 2
0 1 10 2 80000 2
0 1 11 4 80000 2
0 1 11 12 80000 2
0 1 11 7 80000 2
0 1 11 14 80000 2
0 1 10 4 80000 2
0 1 10 0 80000 2
0 1 10 4 80000 2
0 1 10 14 80000 2
0 1 10 6 80000 2
0 1 4 2 80000 2
0 1 6 7 80000 2
0 1 6 11 80000 2
0 1 6 13 80000 2
0 1 5 11 80000 2
0 1 5 8 80000 2
0 1 5 11 80000 2
0 1 5 0 80000 2
0 1 5 6 80000 2
0 1 4 8 80000 2
0 1 4 4 80000 2
0 1 8 11 80000 2
0 1 4 1 80000 2
0 1 4 14 80000 2
0 1 4 11 80000 2
0 1 3 14 80000 2
0 1 3 1 80000 2
0 1 3 5 80000 2
0 1 3 6 80000 2
0 1 3 3 80000 2
0 1 8 12 80000 2
0 1 6 12 80000 2
0 1 6 3 80000 2
0 1 8 1 80000 2
0 1 8 6 80000 2
0 1 8 4 80000 2
0 1 8 8 80000 2
0 1 8 15 80000 2
0 1 7 3 80000 2
0 1 7 14 80000 2
0 1 7 3 80000 2
0 1 7 15 80000 2
0 1 7 12 80000 2
0 1 7 11 80000 2
0 1 7 3 80000 2
0 1 7 15 80000 2
0 1 6 6 80000 2
0 1 6 12 80000 2
0 1 6 15 80000 2
0 1 7 15 80000 2
0 1 10 15 80500 2
0 1 10 11 80500 2
0 1 10 5 80500 2
0 1 10 7 80500 2
0 1 9 7 80500 2
0 1 9 6 80500 2
0 1 9 2 80500 2
0 1 9 15 80500 2
0 1 9 4 80500 2
0 1 8 11 80500 2
0 1 8 11 80500 2
0 1 8 2 80500 2
0 1 8 0 80500 2
0 1 8 5 80500 2
0 1 11 0 80500 2
0 1 11 0 80500 2
0 1 11 13 80500 2
0 1 11 9 80500 2
0 1 11 3 80500 2
0 1 12 13 80500 2
0 1 12 1 80500 2
0 1 12 13 80500 2
0 1 12 1 80500 2
0 1 13 14 80500 2
0 1 13 4 80500 2
0 1 13 12 80500 2
0 1 13 4 80500 2
0 1 12 1 80500 2
0 1 7 13 80500 2
0 1 7 15 80500 2
0 1 3 7 80500 2
0 1 3 3 80500 2
0 1 3 2 80500 2
0 1 4 6 80500 2
0 1 4 14 80500 2
0 1 4 13 80500 2
0 1 4 10 80500 2
0 1 3 1 80500 2
0 1 4 2 80500 2
0 1 4 8 80500 2
0 1 4 7 80500 2
0 1 5 11 80500 2
0 1 5 12 80500 2
0 1 6 2 80500 2
0 1 5 14 80500 2
0 1 7 6 80500 2
0 1 7 0 80500 2
0 1 7 2 80500 2
0 1 7 6 80500 2
0 1 6 5 80500 2
0 1 6 3 80500 2
0 1 6 3 80500 2
0 1 6 15 80500 2
0 1 6 10 80500 2
0 1 6 11 80500 2
0 1 6 10 80500 2
0 1 11 6 81000 2
0 1 11 1 81000 2
0 1 11 1 81000 2
0 1 10 4 81000 2
0 1 10 9 81000 2
0 1 10 2 81000 2
0 1 10 3 81000 2
0 1 10 12 81000 2
0 1 9 14 81000 2
0 1 9 7 81000 2
0 1 9 1 81000 2
0 1 9 15 81000 2
0 1 8 15 81000 2
0 1 8 8 81000 2
0 1 11 3 81000 2
0 1 11 12 81000 2
0 1 11 13 81000 2
0 1 12 15 81000 2
0 1 12 10 81000 2
0 1 12 13 81000 2
0 1 12 1 81000 2
0 1 12 14 81000 2
0 1 12 2 81000 2
0 1 13 5 81000 2
0 1 13 5 81000 2
0 1 13 1 81000 2
0 1 13 1 81000 2
0 1 13 2 81000 2
0 1 8 4 81000 2
0 1 3 6 81000 2
0 1 3 8 81000 2
0 1 3 1 81000 2
0 1 3 7 81000 2
0 1 4 10 81000 2
0 1 4 7 81000 2
0 1 4 6 81000 2
0 1 4 8 81000 2
0 1 4 6 81000 2
0 1 4 15 81000 2
0 1 4 6 81000 2
0 1 4 8 81000 2
0 1 5 14 81000 2
0 1 5 9 81000 2
0 1 5 2 81000 2
0 1 8 1 81000 2
0 1 8 4 81000 2
0 1 7 2 81000 2
0 1 7 3 81000 2
0 1 7 2 81000 2
0 1 7 7 81000 2
0 1 6 9 81000 2
0 1 6 14 81000 2
0 1 6 10 81000 2
0 1 6 6 81000 2
0 1 6 11 81000 2
0 1 7 11 81000 2
0 1 10 5 81500 2
0 1 10 15 81500 2
0 1 9 7 81500 2
0 1 9 6 81500 2
0 1 9 9 81500 2
0 1 9 15 81500 2
0 1 8 1 81500 2
0 1 8 12 81500 2
0 1 8 13 81500 2
0 1 8 4 81500 2
0 1 8 3 81500 2
0 1 8 9 81500 2
0 1 10 12 81500 2
0 1 11 4 81500 2
0 1 11 0 81500 2
0 1 11 15 81500 2
0 1 11 11 81500 2
0 1 12 15 81500 2
0 1 12 15 81500 2
0 1 12 8 81500 2
0 1 12 9 81500 2
0 1 12 5 81500 2
0 1 13 11 81500 2
0 1 13 15 81500 2
0 1 13 13 81500 2
0 1 7 12 81500 2
0 1 7 14 81500 2
0 1 3 2 81500 2
0 1 3 8 81500 2
0 1 3 4 81500 2
0 1 3 0 81500 2
0 1 3 5 81500 2
0 1 4 13 81500 2
0 1 4 11 81500 2
0 1 4 15 81500 2
0 1 4 5 81500 2
0 1 4 8 81500 2
0 1 4 2 81500 2
0 1 4 7 81500 2
0 1 5 7 81500 2
0 1 5 15 81500 2
0 1 7 7 81500 2
0 1 7 8 81500 2
0 1 7 6 81500 2
0 1 6 4 81500 2
0 1 6 6 81500 2
0 1 6 9 81500 2
0 1 6 6 81500 2
0 1 6 6 81500 2
0 1 5 12 81500 2
0 1 6 13 81500 2
0 1 11 5 82000 2
0 1 11 3 82000 2
0 1 10 5 82000 2
0 1 10 13 82000 2
0 1 10 2 82000 2
0 1 10 1 82000 2
0 1 9 7 82000 2
0 1 9 8 82000 2
0 1 9 4 82000 2
0 1 9 14 82000 2
0 1 8 12 82000 2
0 1 8 11 82000 2
0 1 11 5 82000 2
0 1 11 4 82000 2
0 1 11 8 82000 2
0 1 12 7 82000 2
0 1 12 13 82000 2
0 1 12 0 82000 2
0 1 12 15 82000 2
0 1 12 0 82000 2
0 1 12 12 82000 2
0 1 13 11 82000 2
0 1 13 5 82000 2
0 1 13 4 82000 2
0 1 8 15 82000 2
0 1 5 5 82000 2
0 1 3 7 82000 2
0 1 8 5 82000 2
0 1 3 3 82000 2
0 1 3 0 82000 2
0 1 3 5 82000 2
0 1 4 2 82000 2
0 1 4 12 82000 2
0 1 4 11 82000 2
0 1 4 1 82000 2
0 1 4 11 82000 2
0 1 4 5 82000 2
0 1 4 1 82000 2
0 1 5 4 82000 2
0 1 5 8 82000 2
0 1 6 8 82000 2
0 1 6 6 82000 2
0 1 6 7 82000 2
0 1 6 3 82000 2
0 1 7 13 82000 2
0 1 7 12 82000 2
0 1 7 2 82000 2
0 1 7 5 82000 2
0 1 7 3 82000 2
0 1 8 10 82000 2
0 1 8 15 82000 2
0 1 10 14 82500 2
0 1 9 6 82500 2
0 1 9 2 82500 2
0 1 10 6 82500 2
0 1 10 1 82500 2
0 1 10 12 82500 2
0 1 13 6 82500 2
0 1 9 4 82500 2
0 1 9 12 82500 2
0 1 8 13 82500 2
0 1 8 9 82500 2
0 1 8 3 82500 2
0 1 8 14 82500 2
0 1 11 2 82500 2
0 1 11 2 82500 2
0 1 11 15 82500 2
0 1 11 1 82500 2
0 1 12 9 82500 2
0 1 12 7 82500 2
0 1 12 0 82500 2
0 1 12 2 82500 2
0 1 12 6 82500 2
0 1 12 5 82500 2
0 1 13 10 82500 2
0 1 13 14 82500 2
0 1 13 14 82500 2
0 1 8 1 82500 2
0 1 7 1 82500 2
0 1 7 15 82500 2
0 1 3 12 82500 2
0 1 3 13 82500 2
0 1 3 4 82500 2
0 1 3 1 82500 2
0 1 3 6 82500 2
0 1 4 2 82500 2
0 1 4 8 82500 2
0 1 4 9 82500 2
0 1 4 2 82500 2
0 1 4 12 82500 2
0 1 4 1 82500 2
0 1 5 7 82500 2
0 1 5 1 82500 2
0 1 5 0 82500 2
0 1 7 5 82500 2
0 1 7 15 82500 2
0 1 7 5 82500 2
0 1 7 13 82500 2
0 1 7 3 82500 2
0 1 6 3 82500 2
0 1 6 10 82500 2
0 1 6 8 82500 2
0 1 6 15 82500 2
0 1 6 3 82500 2
0 1 6 1 82500 2
0 1 11 5 83000 2
0 1 11 14 83000 2
0 1 10 1 83000 2
0 1 10 10 83000 2
0 1 10 6 83000 2
0 1 10 12 83000 2
0 1 9 9 83000 2
0 1 9 15 83000 2
0 1 9 9 83000 2
0 1 9 11 83000 2
0 1 9 3 83000 2
0 1 8 11 83000 2
0 1 8 15 83000 2
0 1 8 1 83000 2
0 1 11 12 83000 2
0 1 11 2 83000 2
0 1 11 2 83000 2
0 1 11 9 83000 2
0 1 11 3 83000 2
0 1 12 12 83000 2
0 1 12 8 83000 2
0 1 12 13 83000 2
0 1 12 2 83000 2
0 1 12 11 83000 2
0 1 12 12 83000 2
0 1 13 14 83000 2
0 1 13 0 83000 2
0 1 13 12 83000 2
0 1 13 2 83000 2
0 1 8 3 83000 2
0 1 3 9 83000 2
0 1 3 8 83000 2
0 1 3 8 83000 2
0 1 3 4 83000 2
0 1 4 15 83000 2
0 1 4 14 83000 2
0 1 4 10 83000 2
0 1 4 1 83000 2
0 1 4 6 83000 2
0 1 4 1 83000 2
0 1 5 11 83000 2
0 1 5 12 83000 2
0 1 5 5 83000 2
0 1 5 4 83000 2
0 1 6 3 83000 2
0 1 6 11 83000 2
0 1 8 5 83000 2
0 1 8 10 83000 2
0 1 7 13 83000 2
0 1 7 10 83000 2
0 1 7 2 83000 2
0 1 7 2 83000 2
0 1 7 2 83000 2
0 1 6 12 83000 2
0 1 6 12 83000 2
0 1 6 4 83000 2
0 1 6 6 83000 2
0 1 7 2 83000 2
0 1 11 8 83500 2
0 1 10 13 83500 2
0 1 10 0 83500 2
0 1 10 0 83500 2
0 1 10 10 83500 2
0 1 9 13 83500 2
0 1 9 6 83500 2
0 1 9 2 83500 2
0 1 9 12 83500 2
0 1 8 11 83500 2
0 1 8 9 83500 2
0 1 8 6 83500 2
0 1 11 13 83500 2
0 1 11 6 83500 2
0 1 11 3 83500 2
0 1 11 6 83500 2
0 1 12 6 83500 2
0 1 12 1 83500 2
0 1 12 11 83500 2
0 1 12 10 83500 2
0 1 3 2 83500 2
0 1 12 4 83500 2
0 1 13 6 83500 2
0 1 13 14 83500 2
0 1 8 10 83500 2
0 1 8 5 83500 2
0 1 3 11 83500 2
0 1 3 1 83500 2
0 1 3 11 83500 2
0 1 4 2 83500 2
0 1 4 15 83500 2
0 1 4 1 83500 2
0 1 4 11 83500 2
0 1 4 2 83500 2
0 1 5 9 83500 2
0 1 5 5 83500 2
0 1 5 12 83500 2
0 1 6 1 83500 2
0 1 6 4 83500 2
0 1 7 6 83500 2
0 1 7 2 83500 2
0 1 7 3 83500 2
0 1 7 0 83500 2
0 1 7 7 83500 2
0 1 6 12 83500 2
0 1 6 3 83500 2
0 1 6 2 83500 2
0 1 6 14 83500 2
0 1 11 6 84000 2
0 1 8 6 84000 2
0 1 11 14 84000 2
0 1 10 8 84000 2
0 1 10 6 84000 2
0 1 10 8 84000 2
0 1 9 0 84000 2
0 1 9 0 84000 2
0 1 9 4 84000 2
0 1 9 0 84000 2
0 1 9 5 84000 2
0 1 8 11 84000 2
0 1 8 12 84000 2
0 1 9 4 84000 2
0 1 11 8 84000 2
0 1 11 1 84000 2
0 1 11 15 84000 2
0 1 11 11 84000 2
0 1 11 11 84000 2
0 1 12 5 84000 2
0 1 12 8 84000 2
0 1 12 10 84000 2
0 1 12 10 84000 2
0 1 12 0 84000 2
0 1 13 1 84000 2
0 1 13 8 84000 2
0 1 13 6 84000 2
0 1 8 13 84000 2
0 1 3 7 84000 2
0 1 3 9 84000 2
0 1 3 10 84000 2
0 1 3 7 84000 2
0 1 4 2 84000 2
0 1 4 1 84000 2
0 1 4 7 84000 2
0 1 4 3 84000 2
0 1 4 7 84000 2
0 1 4 9 84000 2
0 1 5 14 84000 2
0 1 5 9 84000 2
0 1 5 0 84000 2
0 1 5 9 84000 2
0 1 6 6 84000 2
0 1 8 10 84000 2
0 1 8 10 84000 2
0 1 7 12 84000 2
0 1 7 15 84000 2
0 1 7 4 84000 2
0 1 7 15 84000 2
0 1 6 4 84000 2
0 1 7 6 84000 2
0 1 6 7 84000 2
0 1 6 6 84000 2
0 1 6 10 84000 2
0 1 7 3 84000 2
0 1 10 4 84500 2
0 1 10 11 84500 2
0 1 10 7 84500 2
0 1 10 12 84500 2
0 1 9 3 84500 2
0 1 9 9 84500 2
0 1 9 5 84500 2
0 1 9 10 84500 2
0 1 8 15 84500 2
0 1 8 13 84500 2
0 1 8 4 84500 2
0 1 8 3 84500 2
0 1 8 14 84500 2
0 1 11 10 84500 2
0 1 11 5 84500 2
0 1 11 5 84500 2
0 1 11 7 84500 2
0 1 12 7 84500 2
0 1 12 4 84500 2
0 1 12 1 84500 2
0 1 12 8 84500 2
0 1 12 8 84500 2
0 1 13 2 84500 2
0 1 13 7 84500 2
0 1 13 13 84500 2
0 1 9 7 84500 2
0 1 3 5 84500 2
0 1 8 12 84500 2
0 1 3 12 84500 2
0 1 3 14 84500 2
0 1 4 3 84500 2
0 1 4 15 84500 2
0 1 4 14 84500 2
0 1 4 11 84500 2
0 1 4 11 84500 2
0 1 4 11 84500 2
0 1 4 4 84500 2
0 1 5 15 84500 2
0 1 5 8 84500 2
0 1 5 10 84500 2
0 1 6 15 84500 2
0 1 7 9 84500 2
0 1 7 8 84500 2
0 1 7 11 84500 2
0 1 7 4 84500 2
0 1 7 6 84500 2
0 1 7 0 84500 2
0 1 6 2 84500 2
0 1 6 13 84500 2
0 1 6 8 84500 2
0 1 6 7 84500 2
0 1 3 7 84500 2
0 1 6 1 84500 2
0 1 11 9 85000 2
0 1 7 0 85000 2
0 1 8 14 85000 2
0 1 8 1 85000 2
0 1 8 3 85000 2
0 1 8 5 85000 2
0 1 8 4 85000 2
0 1 9 4 85000 2
0 1 9 0 85000 2
0 1 9 7 85000 2
0 1 10 14 85000 2
0 1 10 15 85000 2
0 1 10 12 85000 2
0 1 7 1 85000 2
0 1 11 2 85000 2
0 1 11 3 85000 2
0 1 11 14 85000 2
0 1 12 8 85000 2
0 1 12 13 85000 2
0 1 12 1 85000 2
0 1 12 14 85000 2
0 1 12 10 85000 2
0 1 13 3 85000 2
0 1 13 14 85000 2
0 1 13 1 85000 2
0 1 13 11 85000 2
0 1 7 12 85000 2
0 1 7 6 85000 2
0 1 3 15 85000 2
0 1 3 3 85000 2
0 1 3 2 85000 2
0 1 3 2 85000 2
0 1 4 7 85000 2
0 1 4 6 85000 2
0 1 4 12 85000 2
0 1 4 2 85000 2
0 1 4 14 85000 2
0 1 4 10 85000 2
0 1 4 3 85000 2
0 1 5 3 85000 2
0 1 5 8 85000 2
0 1 5 15 85000 2
0 1 7 8 85000 2
0 1 7 7 85000 2
0 1 6 2 85000 2
0 1 6 14 85000 2
0 1 6 12 85000 2
0 1 6 11 85000 2
0 1 6 5 85000 2
0 1 6 11 85000 2
0 1 6 15 85000 2
0 1 5 15 85000 2
0 1 10 12 85500 2
0 1 10 5 85500 2
0 1 9 9 85500 2
0 1 9 9 85500 2
0 1 9 12 85500 2
0 1 9 5 85500 2
0 1 9 4 85500 2
0 1 8 2 85500 2
0 1 8 0 85500 2
0 1 8 6 85500 2
0 1 8 9 85500 2
0 1 8 9 85500 2
0 1 8 13 85500 2
0 1 11 11 85500 2
0 1 11 14 85500 2
0 1 11 4 85500 2
0 1 11 14 85500 2
0 1 12 11 85500 2
0 1 12 3 85500 2
0 1 12 11 85500 2
0 1 12 13 85500 2
0 1 12 14 85500 2
0 1 13 12 85500 2
0 1 13 14 85500 2
0 1 13 9 85500 2
0 1 13 7 85500 2
0 1 10 2 85500 2
0 1 7 12 85500 2
0 1 7 4 85500 2
0 1 3 0 85500 2
0 1 3 11 85500 2
0 1 3 4 85500 2
0 1 4 11 85500 2
0 1 4 3 85500 2
0 1 4 14 85500 2
0 1 4 14 85500 2
0 1 4 14 85500 2
0 1 4 13 85500 2
0 1 4 1 85500 2
0 1 4 3 85500 2
0 1 5 10 85500 2
0 1 5 8 85500 2
0 1 5 7 85500 2
0 1 3 1 85500 2
0 1 7 14 85500 2
0 1 7 1 85500 2
0 1 7 15 85500 2
0 1 7 3 85500 2
0 1 7 6 85500 2
0 1 6 5 85500 2
0 1 6 3 85500 2
0 1 6 8 85500 2
0 1 6 1 85500 2
0 1 6 7 85500 2
0 1 6 3 85500 2
0 1 11 7 86000 2
0 1 10 12 86000 2
0 1 10 5 86000 2
0 1 10 12 86000 2
0 1 10 0 86000 2
0 1 10 1 86000 2
0 1 9 15 86000 2
0 1 9 15 86000 2
0 1 9 4 86000 2
0 1 9 6 86000 2
0 1 9 14 86000 2
0 1 9 6 86000 2
0 1 8 14 86000 2
0 1 11 6 86000 2
0 1 11 6 86000 2
0 1 11 11 86000 2
0 1 11 13 86000 2
0 1 11 9 86000 2
0 1 12 7 86000 2
0 1 12 6 86000 2
0 1 12 5 86000 2
0 1 12 7 86000 2
0 1 12 10 86000 2
0 1 12 5 86000 2
0 1 13 5 86000 2
0 1 13 12 86000 2
0 1 8 3 86000 2
0 1 5 15 86000 2
0 1 3 3 86000 2
0 1 8 5 86000 2
0 1 3 10 86000 2
0 1 3 12 86000 2
0 1 3 13 86000 2
0 1 4 7 86000 2
0 1 4 1 86000 2
0 1 4 14 86000 2
0 1 4 12 86000 2
0 1 4 1 86000 2
0 1 4 11 86000 2
0 1 4 11 86000 2
0 1 5 13 86000 2
0 1 5 14 86000 2
0 1 6 9 86000 2
0 1 6 8 86000 2
0 1 6 4 86000 2
0 1 6 7 86000 2
0 1 6 9 86000 2
0 1 6 12 86000 2
0 1 7 10 86000 2
0 1 7 12 86000 2
0 1 7 4 86000 2
0 1 7 10 86000 2
0 1 7 3 86000 2
0 1 8 5 86000 2
0 1 8 5 86000 2
0 1 10 14 86500 2
0 1 10 3 86500 2
0 1 10 3 86500 2
0 1 11 5 86500 2
0 1 10 9 86500 2
0 1 11 4 86500 2
0 1 13 6 86500 2
0 1 9 12 86500 2
0 1 9 11 86500 2
0 1 9 13 86500 2
0 1 9 9 86500 2
0 1 9 3 86500 2
0 1 8 11 86500 2
0 1 8 9 86500 2
0 1 11 6 86500 2
0 1 11 5 86500 2
0 1 11 11 86500 2
0 1 11 4 86500 2
0 1 12 11 86500 2
0 1 12 8 86500 2
0 1 12 13 86500 2
0 1 12 3 86500 2
0 1 12 8 86500 2
0 1 12 0 86500 2
0 1 13 14 86500 2
0 1 13 3 86500 2
0 1 13 2 86500 2
0 1 13 9 86500 2
0 1 8 11 86500 2
0 1 3 15 86500 2
0 1 8 12 86500 2
0 1 3 0 86500 2
0 1 3 3 86500 2
0 1 3 1 86500 2
0 1 3 5 86500 2
0 1 4 7 86500 2
0 1 4 3 86500 2
0 1 4 3 86500 2
0 1 4 1 86500 2
0 1 4 2 86500 2
0 1 4 2 86500 2
0 1 5 6 86500 2
0 1 5 13 86500 2
0 1 5 8 86500 2
0 1 6 4 86500 2
0 1 8 13 86500 2
0 1 8 15 86500 2
0 1 7 15 86500 2
0 1 7 10 86500 2
0 1 7 14 86500 2
0 1 7 12 86500 2
0 1 7 10 86500 2
0 1 6 0 86500 2
0 1 6 14 86500 2
0 1 6 10 86500 2
0 1 6 8 86500 2
0 1 7 5 86500 2
0 1 6 5 86500 2
0 1 10 9 87000 2
0 1 7 8 87000 2
0 1 8 12 87000 2
0 1 8 10 87000 2
0 1 8 7 87000 2
0 1 8 0 87000 2
0 1 8 2 87000 2
0 1 9 3 87000 2
0 1 9 12 87000 2
0 1 9 14 87000 2
0 1 9 4 87000 2
0 1 9 2 87000 2
0 1 10 2 87000 2
0 1 10 9 87000 2
0 1 7 4 87000 2
0 1 10 12 87000 2
0 1 11 1 87000 2
0 1 11 1 87000 2
0 1 11 4 87000 2
0 1 11 0 87000 2
0 1 11 15 87000 2
0 1 12 11 87000 2
0 1 12 14 87000 2
0 1 12 10 87000 2
0 1 12 7 87000 2
0 1 12 9 87000 2
0 1 13 5 87000 2
0 1 13 6 87000 2
0 1 7 2 87000 2
0 1 7 0 87000 2
0 1 3 8 87000 2
0 1 3 6 87000 2
0 1 3 10 87000 2
0 1 3 5 87000 2
0 1 3 13 87000 2
0 1 3 13 87000 2
0 1 4 8 87000 2
0 1 4 6 87000 2
0 1 4 9 87000 2
0 1 4 6 87000 2
0 1 4 11 87000 2
0 1 4 5 87000 2
0 1 4 9 87000 2
0 1 5 0 87000 2
0 1 5 0 87000 2
0 1 7 10 87000 2
0 1 7 2 87000 2
0 1 6 8 87000 2
0 1 6 3 87000 2
0 1 6 14 87000 2
0 1 6 4 87000 2
0 1 6 11 87000 2
0 1 6 10 87000 2
0 1 6 1 87000 2
0 1 6 10 87000 2
0 1 5 10 87000 2
0 1 10 13 87500 2
0 1 10 10 87500 2
0 1 10 0 87500 2
0 1 10 2 87500 2
0 1 9 13 87500 2
0 1 9 0 87500 2
0 1 9 4 87500 2
0 1 9 3 87500 2
0 1 8 8 87500 2
0 1 8 14 87500 2
0 1 8 11 87500 2
0 1 8 4 87500 2
0 1 8 9 87500 2
0 1 7 12 87500 2
0 1 11 12 87500 2
0 1 11 14 87500 2
0 1 11 3 87500 2
0 1 11 9 87500 2
0 1 11 5 87500 2
0 1 11 13 87500 2
0 1 12 9 87500 2
0 1 12 12 87500 2
0 1 12 3 87500 2
0 1 12 13 87500 2
0 1 12 1 87500 2
0 1 13 12 87500 2
0 1 13 11 87500 2
0 1 13 14 87500 2
0 1 9 1 87500 2
0 1 7 2 87500 2
0 1 7 3 87500 2
0 1 3 6 87500 2
0 1 3 9 87500 2
0 1 3 8 87500 2
0 1 3 6 87500 2
0 1 4 1 87500 2
0 1 4 14 87500 2
0 1 4 8 87500 2
0 1 4 6 87500 2
0 1 4 3 87500 2
0 1 4 4 87500 2
0 1 4 1 87500 2
0 1 5 14 87500 2
0 1 5 11 87500 2
0 1 5 13 87500 2
0 1 5 6 87500 2
0 1 7 15 87500 2
0 1 7 3 87500 2
0 1 7 5 87500 2
0 1 7 14 87500 2
0 1 6 6 87500 2
0 1 6 14 87500 2
0 1 3 12 87500 2
0 1 6 8 87500 2
0 1 6 14 87500 2
0 1 6 10 87500 2
0 1 6 14 87500 2
0 1 6 12 87500 2
0 1 11 2 88000 2
0 1 10 13 88000 2
0 1 10 6 88000 2
0 1 10 9 88000 2
0 1 10 5 88000 2
0 1 9 14 88000 2
0 1 9 12 88000 2
0 1 9 1 88000 2
0 1 8 2 88000 2
0 1 8 6 88000 2
0 1 8 11 88000 2
0 1 8 6 88000 2
0 1 9 5 88000 2
0 1 8 3 88000 2
0 1 11 11 88000 2
0 1 11 10 88000 2
0 1 11 2 88000 2
0 1 11 2 88000 2
0 1 12 5 88000 2
0 1 12 11 88000 2
0 1 12 5 88000 2
0 1 12 5 88000 2
0 1 12 14 88000 2
0 1 12 12 88000 2
0 1 13 13 88000 2
0 1 13 4 88000 2
0 1 13 1 88000 2
0 1 13 4 88000 2
0 1 7 1 88000 2
0 1 3 4 88000 2
0 1 3 1 88000 2
0 1 3 10 88000 2
0 1 3 4 88000 2
0 1 3 7 88000 2
0 1 4 15 88000 2
0 1 4 1 88000 2
0 1 4 1 88000 2
0 1 4 0 88000 2
0 1 4 10 88000 2
0 1 4 3 88000 2
0 1 5 10 88000 2
0 1 5 0 88000 2
0 1 5 7 88000 2
0 1 6 15 88000 2
0 1 5 3 88000 2
0 1 7 5 88000 2
0 1 7 15 88000 2
0 1 7 12 88000 2
0 1 7 9 88000 2
0 1 7 6 88000 2
0 1 7 12 88000 2
0 1 6 9 88000 2
0 1 6 12 88000 2
0 1 6 1 88000 2
0 1 6 12 88000 2
0 1 6 14 88000 2
0 1 11 6 88500 2
0 1 11 2 88500 2
0 1 10 1 88500 2
0 1 10 2 88500 2
0 1 10 1 88500 2
0 1 10 11 88500 2
0 1 9 3 88500 2
0 1 9 3 88500 2
0 1 9 13 88500 2
0 1 9 8 88500 2
0 1 8 2 88500 2
0 1 8 9 88500 2
0 1 8 5 88500 2
0 1 11 4 88500 2
0 1 11 4 88500 2
0 1 11 13 88500 2
0 1 11 3 88500 2
0 1 12 15 88500 2
0 1 12 1 88500 2
0 1 12 7 88500 2
0 1 12 11 88500 2
0 1 12 12 88500 2
0 1 13 5 88500 2
0 1 13 5 88500 2
0 1 13 5 88500 2
0 1 13 12 88500 2
0 1 13 5 88500 2
0 1 9 13 88500 2
0 1 3 9 88500 2
0 1 8 3 88500 2
0 1 3 9 88500 2
0 1 3 14 88500 2
0 1 3 8 88500 2
0 1 4 11 88500 2
0 1 4 0 88500 2
0 1 4 2 88500 2
0 1 4 10 88500 2
0 1 4 13 88500 2
0 1 4 1 88500 2
0 1 4 11 88500 2
0 1 4 4 88500 2
0 1 5 15 88500 2
0 1 5 7 88500 2
0 1 6 4 88500 2
0 1 8 13 88500 2
0 1 8 12 88500 2
0 1 7 15 88500 2
0 1 7 4 88500 2
0 1 7 0 88500 2
0 1 7 1 88500 2
0 1 7 13 88500 2
0 1 5 3 88500 2
0 1 6 13 88500 2
0 1 6 0 88500 2
0 1 7 6 88500 2
0 1 6 5 88500 2
0 1 6 5 88500 2
0 1 10 1 89000 2
0 1 8 10 89000 2
0 1 8 15 89000 2
0 1 8 14 89000 2
0 1 9 6 89000 2
0 1 9 6 89000 2
0 1 9 1 89000 2
0 1 9 13 89000 2
0 1 9 15 89000 2
0 1 9 6 89000 2
0 1 10 6 89000 2
0 1 10 4 89000 2
0 1 10 11 89000 2
0 1 10 12 89000 2
0 1 11 11 89000 2
0 1 11 5 89000 2
0 1 11 1 89000 2
0 1 12 12 89000 2
0 1 12 14 89000 2
0 1 12 15 89000 2
0 1 12 14 89000 2
0 1 12 14 89000 2
0 1 13 7 89000 2
0 1 13 10 89000 2
0 1 8 4 89000 2
0 1 7 11 89000 2
0 1 8 10 89000 2
0 1 3 12 89000 2
0 1 3 3 89000 2
0 1 3 12 89000 2
0 1 3 2 89000 2
0 1 3 11 89000 2
0 1 4 7 89000 2
0 1 4 8 89000 2
0 1 4 4 89000 2
0 1 4 14 89000 2
0 1 4 9 89000 2
0 1 5 8 89000 2
0 1 5 1 89000 2
0 1 5 2 89000 2
0 1 7 9 89000 2
0 1 7 0 89000 2
0 1 7 15 89000 2
0 1 7 3 89000 2
0 1 6 7 89000 2
0 1 6 12 89000 2
0 1 6 8 89000 2
0 1 6 14 89000 2
0 1 6 11 89000 2
0 1 11 4 89500 2
0 1 11 3 89500 2
0 1 10 12 89500 2
0 1 10 13 89500 2
0 1 10 9 89500 2
0 1 10 12 89500 2
0 1 9 13 89500 2
0 1 9 1 89500 2
0 1 9 5 89500 2
0 1 9 5 89500 2
0 1 9 1 89500 2
0 1 8 7 89500 2
0 1 8 13 89500 2
0 1 8 10 89500 2
0 1 11 6 89500 2
0 1 11 0 89500 2
0 1 11 13 89500 2
0 1 12 14 89500 2
0 1 12 6 89500 2
0 1 12 12 89500 2
0 1 12 4 89500 2
0 1 12 7 89500 2
0 1 12 8 89500 2
0 1 13 7 89500 2
0 1 13 14 89500 2
0 1 13 3 89500 2
0 1 13 6 89500 2
0 1 13 4 89500 2
0 1 13 0 89500 2
0 1 8 15 89500 2
0 1 8 12 89500 2
0 1 3 6 89500 2
0 1 3 11 89500 2
0 1 3 0 89500 2
0 1 3 8 89500 2
0 1 3 8 89500 2
0 1 3 10 89500 2
0 1 3 12 89500 2
0 1 4 10 89500 2
0 1 4 14 89500 2
0 1 4 5 89500 2
0 1 4 1 89500 2
0 1 4 10 89500 2
0 1 4 0 89500 2
0 1 4 5 89500 2
0 1 5 7 89500 2
0 1 5 9 89500 2
0 1 7 4 89500 2
0 1 7 15 89500 2
0 1 7 13 89500 2
0 1 7 5 89500 2
0 1 7 2 89500 2
0 1 7 6 89500 2
0 1 6 7 89500 2
0 1 6 4 89500 2
0 1 6 15 89500 2
0 1 6 10 89500 2
0 1 6 8 89500 2
0 1 6 15 89500 2
0 1 10 2 90000 2
0 1 10 13 90000 2
0 1 10 6 90000 2
0 1 9 1 90000 2
0 1 9 12 90000 2
0 1 9 5 90000 2
0 1 9 7 90000 2
0 1 8 11 90000 2
0 1 8 14 90000 2
0 1 8 11 90000 2
0 1 8 11 90000 2
0 1 8 0 90000 2
0 1 7 13 90000 2
0 1 7 7 90000 2
0 1 11 15 90000 2
0 1 11 2 90000 2
0 1 11 2 90000 2
0 1 11 11 90000 2
0 1 11 11 90000 2
0 1 12 11 90000 2
0 1 12 6 90000 2
0 1 12 6 90000 2
0 1 12 4 90000 2
0 1 12 1 90000 2
0 1 13 11 90000 2
0 1 13 0 90000 2
0 1 13 5 90000 2
0 1 7 14 90000 2
0 1 4 3 90000 2
0 1 3 6 90000 2
0 1 7 5 90000 2
0 1 3 7 90000 2
0 1 3 1 90000 2
0 1 3 4 90000 2
0 1 3 11 90000 2
0 1 3 9 90000 2
0 1 4 4 90000 2
0 1 4 7 90000 2
0 1 4 1 90000 2
0 1 4 9 90000 2
0 1 4 14 90000 2
0 1 4 12 90000 2
0 1 5 14 90000 2
0 1 5 11 90000 2
0 1 5 6 90000 2
0 1 5 5 90000 2
0 1 6 4 90000 2
0 1 6 1 90000 2
0 1 6 10 90000 2
0 1 6 5 90000 2
0 1 6 13 90000 2
0 1 6 4 90000 2
0 1 6 15 90000 2
0 1 6 8 90000 2
0 1 7 2 90000 2
0 1 7 15 90000 2
0 1 10 12 90500 2
0 1 9 4 90500 2
0 1 9 8 90500 2
0 1 9 15 90500 2
0 1 10 12 90500 2
0 1 10 2 90500 2
0 1 13 4 90500 2
0 1 9 13 90500 2
0 1 8 9 90500 2
0 1 8 1 90500 2
0 1 8 7 90500 2
0 1 8 3 90500 2
0 1 8 9 90500 2
0 1 8 1 90500 2
0 1 10 9 90500 2
0 1 11 13 90500 2
0 1 11 15 90500 2
0 1 11 13 90500 2
0 1 11 13 90500 2
0 1 11 11 90500 2
0 1 11 0 90500 2
0 1 12 0 90500 2
0 1 12 13 90500 2
0 1 12 11 90500 2
0 1 12 13 90500 2
0 1 12 11 90500 2
0 1 13 0 90500 2
0 1 13 8 90500 2
0 1 7 3 90500 2
0 1 3 1 90500 2
0 1 7 14 90500 2
0 1 3 4 90500 2
0 1 3 3 90500 2
0 1 3 4 90500 2
0 1 3 9 90500 2
0 1 4 9 90500 2
0 1 4 11 90500 2
0 1 4 15 90500 2
0 1 4 2 90500 2
0 1 4 1 90500 2
0 1 4 4 90500 2
0 1 5 7 90500 2
0 1 5 14 90500 2
0 1 6 15 90500 2
0 1 7 15 90500 2
0 1 7 4 90500 2
0 1 7 4 90500 2
0 1 7 9 90500 2
0 1 7 2 90500 2
0 1 6 13 90500 2
0 1 6 9 90500 2
0 1 5 5 90500 2
0 1 6 2 90500 2
0 1 6 13 90500 2
0 1 6 6 90500 2
0 1 6 6 90500 2
0 1 6 12 90500 2
0 1 11 4 91000 2
0 1 8 3 91000 2
0 1 8 15 91000 2
0 1 9 7 91000 2
0 1 9 7 91000 2
0 1 9 13 91000 2
0 1 9 5 91000 2
0 1 9 14 91000 2
0 1 10 9 91000 2
0 1 10 3 91000 2
0 1 10 6 91000 2
0 1 10 0 91000 2
0 1 11 0 91000 2
0 1 8 14 91000 2
0 1 11 13 91000 2
0 1 11 6 91000 2
0 1 11 6 91000 2
0 1 12 5 91000 2
0 1 12 10 91000 2
0 1 12 3 91000 2
0 1 12 15 91000 2
0 1 12 4 91000 2
0 1 13 2 91000 2
0 1 13 13 91000 2
0 1 13 1 91000 2
0 1 13 4 91000 2
0 1 13 15 91000 2
0 1 8 4 91000 2
0 1 3 0 91000 2
0 1 3 13 91000 2
0 1 3 13 91000 2
0 1 3 8 91000 2
0 1 3 9 91000 2
0 1 4 8 91000 2
0 1 4 10 91000 2
0 1 4 8 91000 2
0 1 4 4 91000 2
0 1 4 5 91000 2
0 1 4 4 91000 2
0 1 5 11 91000 2
0 1 5 5 91000 2
0 1 6 6 91000 2
0 1 5 3 91000 2
0 1 8 13 91000 2
0 1 8 7 91000 2
0 1 7 1 91000 2
0 1 7 15 91000 2
0 1 7 15 91000 2
0 1 7 5 91000 2
0 1 6 9 91000 2
0 1 6 8 91000 2
0 1 6 6 91000 2
0 1 6 1 91000 2
0 1 7 14 91000 2
0 1 11 15 91500 2
0 1 10 5 91500 2
0 1 10 2 91500 2
0 1 10 12 91500 2
0 1 10 7 91500 2
0 1 9 6 91500 2
0 1 9 11 91500 2
0 1 9 15 91500 2
0 1 8 12 91500 2
0 1 8 12 91500 2
0 1 8 15 91500 2
0 1 8 1 91500 2
0 1 8 11 91500 2
0 1 11 11 91500 2
0 1 11 15 91500 2
0 1 11 12 91500 2
0 1 11 4 91500 2
0 1 12 0 91500 2
0 1 12 12 91500 2
0 1 12 8 91500 2
0 1 12 10 91500 2
0 1 12 2 91500 2
0 1 12 7 91500 2
0 1 13 0 91500 2
0 1 13 1 91500 2
0 1 9 7 91500 2
0 1 7 0 91500 2
0 1 8 4 91500 2
0 1 3 12 91500 2
0 1 3 8 91500 2
0 1 3 7 91500 2
0 1 3 7 91500 2
0 1 4 5 91500 2
0 1 4 13 91500 2
0 1 4 8 91500 2
0 1 4 1 91500 2
0 1 4 14 91500 2
0 1 4 7 91500 2
0 1 5 5 91500 2
0 1 5 3 91500 2
0 1 6 12 91500 2
0 1 5 14 91500 2
0 1 7 3 91500 2
0 1 7 8 91500 2
0 1 7 9 91500 2
0 1 7 11 91500 2
0 1 7 7 91500 2
0 1 6 4 91500 2
0 1 3 5 91500 2
0 1 6 15 91500 2
0 1 6 3 91500 2
0 1 6 10 91500 2
0 1 6 0 91500 2
0 1 11 5 92000 2
0 1 11 2 92000 2
0 1 10 3 92000 2
0 1 10 6 92000 2
0 1 10 15 92000 2
0 1 10 6 92000 2
0 1 9 8 92000 2
0 1 9 15 92000 2
0 1 9 14 92000 2
0 1 8 10 92000 2
0 1 8 7 92000 2
0 1 8 2 92000 2
0 1 8 6 92000 2
0 1 8 5 92000 2
0 1 11 5 92000 2
0 1 11 4 92000 2
0 1 11 15 92000 2
0 1 12 13 92000 2
0 1 12 11 92000 2
0 1 12 12 92000 2
0 1 12 6 92000 2
0 1 12 7 92000 2
0 1 13 7 92000 2
0 1 13 3 92000 2
0 1 13 9 92000 2
0 1 13 12 92000 2
0 1 13 11 92000 2
0 1 7 14 92000 2
0 1 7 12 92000 2
0 1 3 15 92000 2
0 1 3 13 92000 2
0 1 3 2 92000 2
0 1 3 8 92000 2
0 1 3 1 92000 2
0 1 4 10 92000 2
0 1 4 9 92000 2
0 1 4 0 92000 2
0 1 4 10 92000 2
0 1 4 7 92000 2
0 1 5 7 92000 2
0 1 5 8 92000 2
0 1 5 7 92000 2
0 1 6 8 92000 2
0 1 6 2 92000 2
0 1 7 9 92000 2
0 1 7 1 92000 2
0 1 7 2 92000 2
0 1 7 9 92000 2
0 1 7 2 92000 2
0 1 6 14 92000 2
0 1 6 7 92000 2
0 1 6 5 92000 2
0 1 6 14 92000 2
0 1 6 6 92000 2
0 1 7 10 92000 2
0 1 10 10 92500 2
0 1 10 6 92500 2
0 1 10 14 92500 2
0 1 10 11 92500 2
0 1 9 9 92500 2
0 1 9 6 92500 2
0 1 9 0 92500 2
0 1 9 8 92500 2
0 1 9 14 92500 2
0 1 8 9 92500 2
0 1 8 14 92500 2
0 1 8 10 92500 2
0 1 8 0 92500 2
0 1 11 10 92500 2
0 1 11 8 92500 2
0 1 11 11 92500 2
0 1 11 5 92500 2
0 1 12 14 92500 2
0 1 12 8 92500 2
0 1 12 6 92500 2
0 1 12 0 92500 2
0 1 12 4 92500 2
0 1 13 8 92500 2
0 1 13 5 92500 2
0 1 13 3 92500 2
0 1 13 11 92500 2
0 1 7 10 92500 2
0 1 8 12 92500 2
0 1 8 8 92500 2
0 1 3 5 92500 2
0 1 3 9 92500 2
0 1 3 8 92500 2
0 1 3 1 92500 2
0 1 4 13 92500 2
0 1 4 2 92500 2
0 1 4 8 92500 2
0 1 4 12 92500 2
0 1 4 0 92500 2
0 1 4 13 92500 2
0 1 4 9 92500 2
0 1 5 4 92500 2
0 1 5 9 92500 2
0 1 5 5 92500 2
0 1 3 7 92500 2
0 1 7 8 92500 2
0 1 7 6 92500 2
0 1 7 2 92500 2
0 1 7 0 92500 2
0 1 6 14 92500 2
0 1 6 5 92500 2
0 1 6 2 92500 2
0 1 6 0 92500 2
0 1 6 14 92500 2
0 1 6 3 92500 2
0 1 10 7 93000 2
0 1 10 5 93000 2
0 1 9 5 93000 2
0 1 9 14 93000 2
0 1 9 1 93000 2
0 1 9 6 93000 2
0 1 9 1 93000 2
0 1 9 9 93000 2
0 1 8 10 93000 2
0 1 8 5 93000 2
0 1 8 15 93000 2
0 1 8 3 93000 2
0 1 8 15 93000 2
0 1 10 0 93000 2
0 1 10 14 93000 2
0 1 11 3 93000 2
0 1 11 8 93000 2
0 1 11 15 93000 2
0 1 11 12 93000 2
0 1 12 6 93000 2
0 1 12 15 93000 2
0 1 12 11 93000 2
0 1 12 5 93000 2
0 1 12 5 93000 2
0 1 13 13 93000 2
0 1 13 0 93000 2
0 1 13 15 93000 2
0 1 7 10 93000 2
0 1 3 4 93000 2
0 1 3 15 93000 2
0 1 3 8 93000 2
0 1 3 1 93000 2
0 1 3 12 93000 2
0 1 4 3 93000 2
0 1 4 11 93000 2
0 1 4 5 93000 2
0 1 4 4 93000 2
0 1 4 5 93000 2
0 1 4 9 93000 2
0 1 5 9 93000 2
0 1 5 8 93000 2
0 1 5 11 93000 2
0 1 8 14 93000 2
0 1 7 6 93000 2
0 1 7 2 93000 2
0 1 7 10 93000 2
0 1 7 7 93000 2
0 1 6 7 93000 2
0 1 6 12 93000 2
0 1 6 11 93000 2
0 1 6 15 93000 2
0 1 6 3 93000 2
0 1 7 6 93000 2
0 1 11 9 93500 2
0 1 10 4 93500 2
0 1 10 10 93500 2
0 1 10 4 93500 2
0 1 10 12 93500 2
0 1 9 9 93500 2
0 1 9 5 93500 2
0 1 9 0 93500 2
0 1 9 5 93500 2
0 1 8 7 93500 2
0 1 8 5 93500 2
0 1 8 14 93500 2
0 1 11 1 93500 2
0 1 11 8 93500 2
0 1 11 9 93500 2
0 1 12 8 93500 2
0 1 12 10 93500 2
0 1 12 10 93500 2
0 1 12 6 93500 2
0 1 12 0 93500 2
0 1 13 4 93500 2
0 1 13 15 93500 2
0 1 13 15 93500 2
0 1 13 9 93500 2
0 1 8 8 93500 2
0 1 7 7 93500 2
0 1 3 1 93500 2
0 1 3 12 93500 2
0 1 3 2 93500 2
0 1 4 11 93500 2
0 1 4 1 93500 2
0 1 4 10 93500 2
0 1 4 3 93500 2
0 1 4 10 93500 2
0 1 4 2 93500 2
0 1 5 9 93500 2
0 1 5 1 93500 2
0 1 5 10 93500 2
0 1 6 8 93500 2
0 1 6 3 93500 2
0 1 7 10 93500 2
0 1 7 15 93500 2
0 1 7 3 93500 2
0 1 7 4 93500 2
0 1 7 4 93500 2
0 1 6 14 93500 2
0 1 6 10 93500 2
0 1 6 2 93500 2
0 1 6 11 93500 2
0 1 10 13 94000 2
0 1 10 11 94000 2
0 1 10 2 94000 2
0 1 10 0 94000 2
0 1 9 10 94000 2
0 1 9 1 94000 2
0 1 9 15 94000 2
0 1 9 12 94000 2
0 1 9 14 94000 2
0 1 9 2 94000 2
0 1 8 1 94000 2
0 1 8 11 94000 2
0 1 8 13 94000 2
0 1 8 0 94000 2
0 1 11 7 94000 2
0 1 11 11 94000 2
0 1 11 14 94000 2
0 1 11 8 94000 2
0 1 11 14 94000 2
0 1 11 15 94000 2
0 1 12 7 94000 2
0 1 12 4 94000 2
0 1 12 5 94000 2
0 1 12 7 94000 2
0 1 13 14 94000 2
0 1 13 14 94000 2
0 1 13 2 94000 2
0 1 13 2 94000 2
0 1 8 0 94000 2
0 1 3 4 94000 2
0 1 3 7 94000 2
0 1 3 12 94000 2
0 1 3 12 94000 2
0 1 4 14 94000 2
0 1 4 7 94000 2
0 1 4 2 94000 2
0 1 4 5 94000 2
0 1 4 0 94000 2
0 1 4 3 94000 2
0 1 5 9 94000 2
0 1 5 7 94000 2
0 1 5 5 94000 2
0 1 6 0 94000 2
0 1 6 7 94000 2
0 1 8 2 94000 2
0 1 6 6 94000 2
0 1 7 3 94000 2
0 1 7 12 94000 2
0 1 7 13 94000 2
0 1 7 3 94000 2
0 1 7 5 94000 2
0 1 7 4 94000 2
0 1 6 2 94000 2
0 1 6 0 94000 2
0 1 6 12 94000 2
0 1 6 9 94000 2
0 1 7 15 94000 2
0 1 10 5 94500 2
0 1 10 7 94500 2
0 1 10 8 94500 2
0 1 10 5 94500 2
0 1 9 13 94500 2
0 1 9 5 94500 2
0 1 9 10 94500 2
0 1 9 7 94500 2
0 1 9 8 94500 2
0 1 9 6 94500 2
0 1 8 13 94500 2
0 1 8 6 94500 2
0 1 8 4 94500 2
0 1 8 4 94500 2
0 1 11 6 94500 2
0 1 11 13 94500 2
0 1 11 15 94500 2
0 1 11 14 94500 2
0 1 11 12 94500 2
0 1 11 1 94500 2
0 1 11 0 94500 2
0 1 12 5 94500 2
0 1 12 8 94500 2
0 1 12 13 94500 2
0 1 12 14 94500 2
0 1 13 12 94500 2
0 1 13 14 94500 2
0 1 7 12 94500 2
0 1 8 7 94500 2
0 1 8 2 94500 2
0 1 3 10 94500 2
0 1 3 15 94500 2
0 1 3 11 94500 2
0 1 3 11 94500 2
0 1 4 5 94500 2
0 1 4 11 94500 2
0 1 4 3 94500 2
0 1 4 5 94500 2
0 1 4 11 94500 2
0 1 4 12 94500 2
0 1 5 12 94500 2
0 1 5 3 94500 2
0 1 5 8 94500 2
0 1 5 15 94500 2
0 1 3 1 94500 2
0 1 7 9 94500 2
0 1 7 3 94500 2
0 1 7 9 94500 2
0 1 7 0 94500 2
0 1 6 15 94500 2
0 1 6 8 94500 2
0 1 6 12 94500 2
0 1 6 3 94500 2
0 1 6 1 94500 2
0 1 6 15 94500 2
0 1 10 12 95000 2
0 1 10 4 95000 2
0 1 10 6 95000 2
0 1 9 12 95000 2
0 1 9 15 95000 2
0 1 9 4 95000 2
0 1 9 3 95000 2
0 1 8 15 95000 2
0 1 8 6 95000 2
0 1 8 13 95000 2
0 1 8 12 95000 2
0 1 8 2 95000 2
0 1 10 2 95000 2
0 1 11 3 95000 2
0 1 11 8 95000 2
0 1 11 15 95000 2
0 1 11 11 95000 2
0 1 11 11 95000 2
0 1 11 1 95000 2
0 1 12 13 95000 2
0 1 12 4 95000 2
0 1 12 10 95000 2
0 1 12 9 95000 2
0 1 13 15 95000 2
0 1 7 2 95000 2
0 1 7 10 95000 2
0 1 3 6 95000 2
0 1 3 11 95000 2
0 1 3 15 95000 2
0 1 3 4 95000 2
0 1 4 0 95000 2
0 1 4 0 95000 2
0 1 4 15 95000 2
0 1 4 5 95000 2
0 1 4 2 95000 2
0 1 5 12 95000 2
0 1 5 11 95000 2
0 1 6 0 95000 2
0 1 5 2 95000 2
0 1 7 0 95000 2
0 1 7 1 95000 2
0 1 7 9 95000 2
0 1 7 0 95000 2
0 1 6 2 95000 2
0 1 6 7 95000 2
0 1 6 0 95000 2
0 1 6 5 95000 2
0 1 6 12 95000 2
0 1 10 13 95500 2
0 1 10 5 95500 2
0 1 10 13 95500 2
0 1 9 10 95500 2
0 1 9 5 95500 2
0 1 9 8 95500 2
0 1 9 13 95500 2
0 1 9 15 95500 2
0 1 8 10 95500 2
0 1 8 4 95500 2
0 1 8 15 95500 2
0 1 8 2 95500 2
0 1 8 6 95500 2
0 1 8 4 95500 2
0 1 11 13 95500 2
0 1 11 6 95500 2
0 1 11 1 95500 2
0 1 11 13 95500 2
0 1 11 5 95500 2
0 1 12 14 95500 2
0 1 12 13 95500 2
0 1 12 0 95500 2
0 1 12 5 95500 2
0 1 12 12 95500 2
0 1 13 0 95500 2
0 1 13 5 95500 2
0 1 13 13 95500 2
0 1 13 9 95500 2
0 1 13 0 95500 2
0 1 8 11 95500 2
0 1 8 0 95500 2
0 1 3 15 95500 2
0 1 3 0 95500 2
0 1 3 3 95500 2
0 1 4 2 95500 2
0 1 4 6 95500 2
0 1 4 4 95500 2
0 1 4 5 95500 2
0 1 4 13 95500 2
0 1 4 6 95500 2
0 1 4 0 95500 2
0 1 4 2 95500 2
0 1 5 13 95500 2
0 1 5 0 95500 2
0 1 5 0 95500 2
0 1 6 14 95500 2
0 1 5 10 95500 2
0 1 7 0 95500 2
0 1 7 14 95500 2
0 1 7 14 95500 2
0 1 7 8 95500 2
0 1 7 2 95500 2
0 1 7 7 95500 2
0 1 6 15 95500 2
0 1 6 9 95500 2
0 1 6 10 95500 2
0 1 6 11 95500 2
0 1 6 4 95500 2
0 1 6 15 95500 2
0 1 10 4 96000 2
0 1 10 7 96000 2
0 1 10 5 96000 2
0 1 10 0 96000 2
0 1 9 13 96000 2
0 1 9 1 96000 2
0 1 9 1 96000 2
0 1 9 2 96000 2
0 1 9 12 96000 2
0 1 8 4 96000 2
0 1 8 11 96000 2
0 1 8 13 96000 2
0 1 8 0 96000 2
0 1 11 10 96000 2
0 1 11 11 96000 2
0 1 11 7 96000 2
0 1 11 14 96000 2
0 1 11 6 96000 2
0 1 12 1 96000 2
0 1 12 10 96000 2
0 1 12 7 96000 2
0 1 13 5 96000 2
0 1 13 14 96000 2
0 1 13 11 96000 2
0 1 13 1 96000 2
0 1 9 15 96000 2
0 1 8 1 96000 2
0 1 3 11 96000 2
0 1 3 0 96000 2
0 1 3 6 96000 2
0 1 3 4 96000 2
0 1 3 3 96000 2
0 1 4 6 96000 2
0 1 4 7 96000 2
0 1 4 10 96000 2
0 1 4 9 96000 2
0 1 4 6 96000 2
0 1 4 10 96000 2
0 1 5 13 96000 2
0 1 5 5 96000 2
0 1 6 13 96000 2
0 1 6 4 96000 2
0 1 7 0 96000 2
0 1 7 12 96000 2
0 1 7 4 96000 2
0 1 7 5 96000 2
0 1 8 6 96000 2
0 1 7 5 96000 2
0 1 7 2 96000 2
0 1 6 8 96000 2
0 1 6 7 96000 2
0 1 6 8 96000 2
0 1 6 2 96000 2
0 1 10 11 96500 2
0 1 10 15 96500 2
0 1 9 2 96500 2
0 1 8 13 96500 2
0 1 8 5 96500 2
0 1 8 2 96500 2
0 1 8 1 96500 2
0 1 8 7 96500 2
0 1 8 12 96500 2
0 1 8 12 96500 2
0 1 8 13 96500 2
0 1 8 11 96500 2
0 1 8 8 96500 2
0 1 7 15 96500 2
0 1 7 6 96500 2
0 1 7 3 96500 2
0 1 7 12 96500 2
0 1 7 10 96500 2
0 1 7 1 96500 2
0 1 7 2 96500 2
0 1 12 15 96500 2
0 1 6 6 96500 2
0 1 14 11 96500 2
0 1 14 7 96500 2
0 1 13 11 96500 2
0 1 13 3 96500 2
0 1 13 6 96500 2
0 1 13 7 96500 2
0 1 13 1 96500 2
0 1 13 13 96500 2
0 1 12 11 96500 2
0 1 10 9 96500 2
0 1 12 11 96500 2
0 1 12 5 96500 2
0 1 12 15 96500 2
0 1 12 2 96500 2
0 1 11 11 96500 2
0 1 11 5 96500 2
0 1 11 0 96500 2
0 1 11 0 96500 2
0 1 10 4 96500 2
0 1 4 6 96500 2
0 1 7 7 96500 2
0 1 6 10 96500 2
0 1 5 4 96500 2
0 1 5 11 96500 2
0 1 5 15 96500 2
0 1 5 15 96500 2
0 1 5 2 96500 2
0 1 5 2 96500 2
0 1 4 3 96500 2
0 1 4 0 96500 2
0 1 7 12 96500 2
0 1 4 2 96500 2
0 1 4 2 96500 2
0 1 4 7 96500 2
0 1 3 6 96500 2
0 1 3 12 96500 2
0 1 3 11 96500 2
0 1 3 6 96500 2
0 1 3 11 96500 2
0 1 3 0 96500 2
0 1 6 6 96500 2
0 1 6 0 96500 2
0 1 7 15 96500 2
0 1 7 3 96500 2
0 1 7 3 96500 2
0 1 7 4 96500 2
0 1 7 15 96500 2
0 1 7 14 96500 2
0 1 7 10 96500 2
0 1 7 15 96500 2
0 1 7 8 96500 2
0 1 7 4 96500 2
0 1 7 10 96500 2
0 1 7 10 96500 2
0 1 6 5 96500 2
0 1 6 1 96500 2
0 1 6 9 96500 2
0 1 6 14 96500 2
0 1 7 14 96500 2
0 1 8 2 97000 2
0 1 8 2 97000 2
0 1 8 14 97000 2
0 1 8 9 97000 2
0 1 8 13 97000 2
0 1 8 5 97000 2
0 1 8 1 97000 2
0 1 7 5 97000 2
0 1 9 5 97000 2
0 1 10 7 97000 2
0 1 8 11 97000 2
0 1 8 13 97000 2
0 1 8 1 97000 2
0 1 7 6 97000 2
0 1 7 13 97000 2
0 1 7 11 97000 2
0 1 7 8 97000 2
0 1 7 0 97000 2
0 1 7 5 97000 2
0 1 7 9 97000 2
0 1 12 14 97000 2
0 1 10 14 97000 2
0 1 14 1 97000 2
0 1 14 15 97000 2
0 1 13 15 97000 2
0 1 13 5 97000 2
0 1 13 5 97000 2
0 1 13 1 97000 2
0 1 13 10 97000 2
0 1 12 0 97000 2
0 1 12 7 97000 2
0 1 10 6 97000 2
0 1 12 14 97000 2
0 1 12 8 97000 2
0 1 12 6 97000 2
0 1 11 4 97000 2
0 1 11 13 97000 2
0 1 11 3 97000 2
0 1 11 12 97000 2
0 1 10 11 97000 2
0 1 10 15 97000 2
0 1 4 14 97000 2
0 1 5 12 97000 2
0 1 5 11 97000 2
0 1 5 7 97000 2
0 1 5 7 97000 2
0 1 5 10 97000 2
0 1 5 13 97000 2
0 1 4 8 97000 2
0 1 4 7 97000 2
0 1 4 2 97000 2
0 1 4 11 97000 2
0 1 7 13 97000 2
0 1 4 1 97000 2
0 1 4 2 97000 2
0 1 3 2 97000 2
0 1 3 13 97000 2
0 1 3 11 97000 2
0 1 3 0 97000 2
0 1 3 14 97000 2
0 1 3 11 97000 2
0 1 3 12 97000 2
0 1 7 13 97000 2
0 1 5 1 97000 2
0 1 5 13 97000 2
0 1 7 5 97000 2
0 1 7 4 97000 2
0 1 7 3 97000 2
0 1 7 3 97000 2
0 1 7 4 97000 2
0 1 7 13 97000 2
0 1 7 14 97000 2
0 1 7 15 97000 2
0 1 7 0 97000 2
0 1 6 1 97000 2
0 1 7 2 97000 2
0 1 5 3 97000 2
0 1 6 6 97000 2
0 1 6 8 97000 2
0 1 6 6 97000 2
0 1 6 1 97000 2
0 1 6 1 97000 2
0 1 6 4 97000 2
0 1 10 3 97500 2
0 1 10 7 97500 2
0 1 9 14 97500 2
0 1 8 12 97500 2
0 1 8 14 97500 2
0 1 8 2 97500 2
0 1 8 11 97500 2
0 1 8 5 97500 2
0 1 8 12 97500 2
0 1 8 4 97500 2
0 1 8 4 97500 2
0 1 8 2 97500 2
0 1 8 5 97500 2
0 1 7 12 97500 2
0 1 7 0 97500 2
0 1 7 7 97500 2
0 1 7 13 97500 2
0 1 7 10 97500 2
0 1 7 12 97500 2
0 1 7 5 97500 2
0 1 12 5 97500 2
0 1 7 1 97500 2
0 1 14 4 97500 2
0 1 13 11 97500 2
0 1 13 13 97500 2
0 1 13 2 97500 2
0 1 13 4 97500 2
0 1 13 14 97500 2
0 1 13 6 97500 2
0 1 12 13 97500 2
0 1 12 0 97500 2
0 1 10 10 97500 2
0 1 12 5 97500 2
0 1 12 9 97500 2
0 1 12 12 97500 2
0 1 11 8 97500 2
0 1 11 15 97500 2
0 1 11 8 97500 2
0 1 10 8 97500 2
0 1 10 4 97500 2
0 1 10 4 97500 2
0 1 4 6 97500 2
0 1 5 14 97500 2
0 1 5 12 97500 2
0 1 5 2 97500 2
0 1 5 12 97500 2
0 1 5 6 97500 2
0 1 4 8 97500 2
0 1 4 5 97500 2
0 1 4 10 97500 2
0 1 4 11 97500 2
0 1 4 0 97500 2
0 1 5 0 97500 2
0 1 4 15 97500 2
0 1 4 11 97500 2
0 1 4 9 97500 2
0 1 3 8 97500 2
0 1 3 10 97500 2
0 1 3 13 97500 2
0 1 3 7 97500 2
0 1 3 15 97500 2
0 1 7 12 97500 2
0 1 3 5 97500 2
0 1 5 0 97500 2
0 1 7 9 97500 2
0 1 7 8 97500 2
0 1 7 7 97500 2
0 1 7 5 97500 2
0 1 7 15 97500 2
0 1 7 10 97500 2
0 1 7 11 97500 2
0 1 7 5 97500 2
0 1 7 14 97500 2
0 1 6 6 97500 2
0 1 6 8 97500 2
0 1 6 9 97500 2
0 1 6 10 97500 2
0 1 6 3 97500 2
0 1 6 15 97500 2
0 1 6 15 97500 2
0 1 6 14 97500 2
0 1 6 4 97500 2
0 1 5 11 97500 2
0 1 8 13 98000 2
0 1 8 5 98000 2
0 1 8 2 98000 2
0 1 8 6 98000 2
0 1 8 3 98000 2
0 1 10 1 98000 2
0 1 8 9 98000 2
0 1 9 11 98000 2
0 1 9 7 98000 2
0 1 10 0 98000 2
0 1 13 14 98000 2
0 1 8 2 98000 2
0 1 8 10 98000 2
0 1 8 3 98000 2
0 1 8 6 98000 2
0 1 7 0 98000 2
0 1 7 13 98000 2
0 1 7 12 98000 2
0 1 7 15 98000 2
0 1 7 14 98000 2
0 1 7 1 98000 2
0 1 7 14 98000 2
0 1 12 5 98000 2
0 1 3 10 98000 2
0 1 13 10 98000 2
0 1 13 0 98000 2
0 1 13 14 98000 2
0 1 13 1 98000 2
0 1 13 6 98000 2
0 1 12 1 98000 2
0 1 12 2 98000 2
0 1 12 2 98000 2
0 1 12 4 98000 2
0 1 10 11 98000 2
0 1 12 14 98000 2
0 1 12 4 98000 2
0 1 12 14 98000 2
0 1 11 3 98000 2
0 1 11 1 98000 2
0 1 11 5 98000 2
0 1 11 1 98000 2
0 1 10 7 98000 2
0 1 10 15 98000 2
0 1 4 8 98000 2
0 1 5 10 98000 2
0 1 5 3 98000 2
0 1 5 13 98000 2
0 1 5 0 98000 2
0 1 4 9 98000 2
0 1 4 8 98000 2
0 1 4 7 98000 2
0 1 4 10 98000 2
0 1 4 9 98000 2
0 1 4 10 98000 2
0 1 7 11 98000 2
0 1 4 5 98000 2
0 1 4 7 98000 2
0 1 3 4 98000 2
0 1 3 15 98000 2
0 1 3 4 98000 2
0 1 3 2 98000 2
0 1 3 8 98000 2
0 1 3 3 98000 2
0 1 3 10 98000 2
0 1 7 12 98000 2
0 1 5 3 98000 2
0 1 5 12 98000 2
0 1 7 10 98000 2
0 1 7 11 98000 2
0 1 7 14 98000 2
0 1 7 14 98000 2
0 1 7 5 98000 2
0 1 7 5 98000 2
0 1 7 12 98000 2
0 1 7 7 98000 2
0 1 7 13 98000 2
0 1 6 5 98000 2
0 1 6 6 98000 2
0 1 6 6 98000 2
0 1 6 13 98000 2
0 1 6 9 98000 2
0 1 6 14 98000 2
0 1 5 1 98000 2
0 1 5 10 98000 2
0 1 7 13 98000 2
0 1 8 13 98500 2
0 1 8 4 98500 2
0 1 8 15 98500 2
0 1 8 0 98500 2
0 1 8 0 98500 2
0 1 8 6 98500 2
0 1 8 13 98500 2
0 1 8 15 98500 2
0 1 9 15 98500 2
0 1 9 9 98500 2
0 1 7 3 98500 2
0 1 7 6 98500 2
0 1 7 14 98500 2
0 1 7 13 98500 2
0 1 7 9 98500 2
0 1 7 8 98500 2
0 1 7 3 98500 2
0 1 7 0 98500 2
0 1 7 12 98500 2
0 1 7 12 98500 2
0 1 7 10 98500 2
0 1 12 7 98500 2
0 1 13 9 98500 2
0 1 14 12 98500 2
0 1 13 6 98500 2
0 1 13 14 98500 2
0 1 13 13 98500 2
0 1 13 10 98500 2
0 1 12 11 98500 2
0 1 12 13 98500 2
0 1 12 8 98500 2
0 1 12 9 98500 2
0 1 9 6 98500 2
0 1 12 3 98500 2
0 1 12 15 98500 2
0 1 11 4 98500 2
0 1 11 12 98500 2
0 1 11 4 98500 2
0 1 11 3 98500 2
0 1 10 5 98500 2
0 1 10 0 98500 2
0 1 10 12 98500 2
0 1 10 12 98500 2
0 1 4 5 98500 2
0 1 5 4 98500 2
0 1 5 7 98500 2
0 1 5 7 98500 2
0 1 5 10 98500 2
0 1 4 13 98500 2
0 1 4 5 98500 2
0 1 4 2 98500 2
0 1 4 7 98500 2
0 1 4 11 98500 2
0 1 4 2 98500 2
0 1 4 6 98500 2
0 1 7 6 98500 2
0 1 4 15 98500 2
0 1 3 0 98500 2
0 1 3 5 98500 2
0 1 3 8 98500 2
0 1 3 13 98500 2
0 1 3 6 98500 2
0 1 3 1 98500 2
0 1 3 10 98500 2
0 1 3 10 98500 2
0 1 7 12 98500 2
0 1 5 6 98500 2
0 1 5 14 98500 2
0 1 7 13 98500 2
0 1 7 3 98500 2
0 1 7 7 98500 2
0 1 7 10 98500 2
0 1 7 13 98500 2
0 1 6 7 98500 2
0 1 6 5 98500 2
0 1 6 5 98500 2
0 1 6 6 98500 2
0 1 6 12 98500 2
0 1 6 15 98500 2
0 1 5 5 98500 2
0 1 5 5 98500 2
0 1 5 15 98500 2
0 1 5 8 98500 2
0 1 5 15 98500 2
0 1 6 6 98500 2
0 1 6 0 98500 2
0 1 6 14 98500 2
0 1 9 8 99000 2
0 1 8 4 99000 2
0 1 8 6 99000 2
0 1 8 13 99000 2
0 1 8 8 99000 2
0 1 8 12 99000 2
0 1 8 14 99000 2
0 1 8 11 99000 2
0 1 8 3 99000 2
0 1 7 14 99000 2
0 1 7 9 99000 2
0 1 7 0 99000 2
0 1 7 10 99000 2
0 1 7 14 99000 2
0 1 7 12 99000 2
0 1 7 0 99000 2
0 1 7 15 99000 2
0 1 7 0 99000 2
0 1 7 12 99000 2
0 1 7 6 99000 2
0 1 7 8 99000 2
0 1 7 9 99000 2
0 1 12 5 99000 2
0 1 14 8 99000 2
0 1 14 4 99000 2
0 1 13 5 99000 2
0 1 13 3 99000 2
0 1 13 6 99000 2
0 1 13 1 99000 2
0 1 13 12 99000 2
0 1 12 5 99000 2
0 1 12 10 99000 2
0 1 12 11 99000 2
0 1 9 12 99000 2
0 1 12 15 99000 2
0 1 12 11 99000 2
0 1 11 3 99000 2
0 1 11 1 99000 2
0 1 11 13 99000 2
0 1 11 4 99000 2
0 1 10 15 99000 2
0 1 10 4 99000 2
0 1 10 2 99000 2
0 1 10 9 99000 2
0 1 4 12 99000 2
0 1 5 6 99000 2
0 1 5 7 99000 2
0 1 5 12 99000 2
0 1 5 6 99000 2
0 1 4 12 99000 2
0 1 4 2 99000 2
0 1 4 15 99000 2
0 1 4 4 99000 2
0 1 4 11 99000 2
0 1 4 5 99000 2
0 1 4 4 99000 2
0 1 7 9 99000 2
0 1 4 13 99000 2
0 1 3 6 99000 2
0 1 3 3 99000 2
0 1 3 9 99000 2
0 1 3 4 99000 2
0 1 3 3 99000 2
0 1 3 2 99000 2
0 1 3 15 99000 2
0 1 3 7 99000 2
0 1 3 0 99000 2
0 1 5 1 99000 2
0 1 7 3 99000 2
0 1 7 0 99000 2
0 1 7 15 99000 2
0 1 7 2 99000 2
0 1 7 12 99000 2
0 1 7 11 99000 2
0 1 7 8 99000 2
0 1 7 10 99000 2
0 1 7 14 99000 2
0 1 6 5 99000 2
0 1 5 2 99000 2
0 1 6 9 99000 2
0 1 5 10 99000 2
0 1 5 14 99000 2
0 1 6 7 99000 2
0 1 6 10 99000 2
0 1 6 11 99000 2
0 1 6 0 99000 2
0 1 6 12 99000 2
0 1 6 11 99000 2
0 1 10 8 99500 2
0 1 10 15 99500 2
0 1 9 12 99500 2
0 1 8 1 99500 2
0 1 8 1 99500 2
0 1 8 4 99500 2
0 1 8 9 99500 2
0 1 8 0 99500 2
0 1 8 10 99500 2
0 1 8 0 99500 2
0 1 8 0 99500 2
0 1 8 11 99500 2
0 1 7 14 99500 2
0 1 7 6 99500 2
0 1 7 5 99500 2
0 1 7 10 99500 2
0 1 7 10 99500 2
0 1 7 9 99500 2
0 1 7 13 99500 2
0 1 7 7 99500 2
0 1 7 11 99500 2
0 1 7 0 99500 2
0 1 12 11 99500 2
0 1 4 9 99500 2
0 1 14 1 99500 2
0 1 13 5 99500 2
0 1 13 4 99500 2
0 1 13 0 99500 2
0 1 13 14 99500 2
0 1 13 14 99500 2
0 1 12 10 99500 2
0 1 12 5 99500 2
0 1 12 11 99500 2
0 1 12 10 99500 2
0 1 10 10 99500 2
0 1 12 2 99500 2
0 1 12 15 99500 2
0 1 12 2 99500 2
0 1 11 14 99500 2
0 1 11 3 99500 2
0 1 11 2 99500 2
0 1 11 15 99500 2
0 1 11 12 99500 2
0 1 10 15 99500 2
0 1 10 13 99500 2
0 1 4 7 99500 2
0 1 5 4 99500 2
0 1 5 0 99500 2
0 1 5 7 99500 2
0 1 5 3 99500 2
0 1 5 13 99500 2
0 1 5 9 99500 2
0 1 5 13 99500 2
0 1 5 13 99500 2
0 1 4 2 99500 2
0 1 4 6 99500 2
0 1 7 13 99500 2
0 1 4 8 99500 2
0 1 4 4 99500 2
0 1 4 3 99500 2
0 1 3 0 99500 2
0 1 3 0 99500 2
0 1 3 15 99500 2
0 1 3 13 99500 2
0 1 3 6 99500 2
0 1 3 14 99500 2
0 1 3 12 99500 2
0 1 6 12 99500 2
0 1 7 14 99500 2
0 1 7 2 99500 2
0 1 7 6 99500 2
0 1 7 2 99500 2
0 1 7 1 99500 2
0 1 7 5 99500 2
0 1 7 13 99500 2
0 1 7 3 99500 2
0 1 7 13 99500 2
0 1 6 15 99500 2
0 1 7 3 99500 2
0 1 7 11 99500 2
0 1 7 2 99500 2
0 1 6 8 99500 2
0 1 6 10 99500 2
0 1 6 13 99500 2
0 1 6 8 99500 2
0 1 6 7 99500 2
0 1 6 6 99500 2
0 1 6 1 99500 2
0 1 6 5 99500 2
0 1 10 12 100000 2
0 1 10 5 100000 2
0 1 9 2 100000 2
0 1 9 7 100000 2
0 1 8 11 100000 2
0 1 8 1 100000 2
0 1 8 15 100000 2
0 1 8 9 100000 2
0 1 8 9 100000 2
0 1 8 4 100000 2
0 1 8 2 100000 2
0 1 8 10 100000 2
0 1 8 15 100000 2
0 1 7 12 100000 2
0 1 7 0 100000 2
0 1 7 1 100000 2
0 1 7 12 100000 2
0 1 7 9 100000 2
0 1 7 1 100000 2
0 1 12 3 100000 2
0 1 7 10 100000 2
0 1 14 6 100000 2
0 1 13 7 100000 2
0 1 13 5 100000 2
0 1 13 6 100000 2
0 1 13 3 100000 2
0 1 13 5 100000 2
0 1 13 2 100000 2
0 1 12 15 100000 2
0 1 10 4 100000 2
0 1 12 12 100000 2
0 1 12 14 100000 2
0 1 12 11 100000 2
0 1 11 15 100000 2
0 1 11 14 100000 2
0 1 11 12 100000 2
0 1 11 5 100000 2
0 1 10 12 100000 2
0 1 10 2 100000 2
0 1 4 1 100000 2
0 1 5 2 100000 2
0 1 5 13 100000 2
0 1 5 3 100000 2
0 1 5 14 100000 2
0 1 5 1 100000 2
0 1 5 1 100000 2
0 1 5 12 100000 2
0 1 4 12 100000 2
0 1 4 7 100000 2
0 1 7 0 100000 2
0 1 4 8 100000 2
0 1 4 1 100000 2
0 1 4 8 100000 2
0 1 4 14 100000 2
0 1 3 11 100000 2
0 1 3 5 100000 2
0 1 3 5 100000 2
0 1 3 0 100000 2
0 1 7 13 100000 2
0 1 6 0 100000 2
0 1 6 6 100000 2
0 1 7 6 100000 2
0 1 3 9 100000 2
0 1 7 15 100000 2
0 1 7 1 100000 2
0 1 7 9 100000 2
0 1 7 14 100000 2
0 1 7 14 100000 2
0 1 7 15 100000 2
0 1 7 13 100000 2
0 1 7 15 100000 2
0 1 7 4 100000 2
0 1 7 14 100000 2
0 1 7 8 100000 2
0 1 6 3 100000 2
0 1 6 2 100000 2
0 1 6 8 100000 2
0 1 7 7 100000 2
0 1 8 5 100500 2
0 1 8 10 100500 2
0 1 8 5 100500 2
0 1 8 2 100500 2
0 1 8 8 100500 2
0 1 8 1 100500 2
0 1 8 12 100500 2
0 1 9 15 100500 2
0 1 9 11 100500 2
0 1 9 8 100500 2
0 1 8 7 100500 2
0 1 8 5 100500 2
0 1 8 12 100500 2
0 1 8 12 100500 2
0 1 8 1 100500 2
0 1 8 15 100500 2
0 1 7 13 100500 2
0 1 7 10 100500 2
0 1 7 6 100500 2
0 1 14 5 100500 2
0 1 7 5 100500 2
0 1 12 4 100500 2
0 1 14 7 100500 2
0 1 13 14 100500 2
0 1 13 9 100500 2
0 1 13 2 100500 2
0 1 13 11 100500 2
0 1 13 8 100500 2
0 1 12 6 100500 2
0 1 12 15 100500 2
0 1 12 14 100500 2
0 1 12 4 100500 2
0 1 10 0 100500 2
0 1 12 1 100500 2
0 1 11 15 100500 2
0 1 11 3 100500 2
0 1 11 10 100500 2
0 1 11 2 100500 2
0 1 11 0 100500 2
0 1 10 13 100500 2
0 1 10 9 100500 2
0 1 10 1 100500 2
0 1 4 11 100500 2
0 1 5 10 100500 2
0 1 5 6 100500 2
0 1 5 10 100500 2
0 1 5 11 100500 2
0 1 5 14 100500 2
0 1 4 1 100500 2
0 1 4 12 100500 2
0 1 4 8 100500 2
0 1 4 1 100500 2
0 1 4 9 100500 2
0 1 7 1 100500 2
0 1 4 4 100500 2
0 1 4 7 100500 2
0 1 3 11 100500 2
0 1 3 5 100500 2
0 1 3 0 100500 2
0 1 3 0 100500 2
0 1 3 14 100500 2
0 1 3 13 100500 2
0 1 3 3 100500 2
0 1 7 5 100500 2
0 1 5 9 100500 2
0 1 5 3 100500 2
0 1 7 9 100500 2
0 1 7 9 100500 2
0 1 7 6 100500 2
0 1 7 6 100500 2
0 1 7 4 100500 2
0 1 7 6 100500 2
0 1 7 14 100500 2
0 1 7 12 100500 2
0 1 7 11 100500 2
0 1 6 5 100500 2
0 1 7 14 100500 2
0 1 5 8 100500 2
0 1 5 11 100500 2
0 1 5 5 100500 2
0 1 6 15 100500 2
0 1 6 5 100500 2
0 1 6 12 100500 2
0 1 6 8 100500 2
0 1 9 11 101000 2
0 1 8 2 101000 2
0 1 8 2 101000 2
0 1 8 11 101000 2
0 1 8 12 101000 2
0 1 8 13 101000 2
0 1 8 13 101000 2
0 1 8 11 101000 2
0 1 8 1 101000 2
0 1 8 6 101000 2
0 1 7 14 101000 2
0 1 7 15 101000 2
0 1 7 7 101000 2
0 1 7 13 101000 2
0 1 7 14 101000 2
0 1 7 3 101000 2
0 1 7 9 101000 2
0 1 7 6 101000 2
0 1 7 0 101000 2
0 1 7 3 101000 2
0 1 12 5 101000 2
0 1 14 13 101000 2
0 1 13 9 101000 2
0 1 13 0 101000 2
0 1 13 2 101000 2
0 1 12 12 101000 2
0 1 12 7 101000 2
0 1 12 9 101000 2
0 1 12 12 101000 2
0 1 12 7 101000 2
0 1 12 6 101000 2
0 1 9 12 101000 2
0 1 12 8 101000 2
0 1 11 7 101000 2
0 1 11 15 101000 2
0 1 11 10 101000 2
0 1 11 6 101000 2
0 1 11 2 101000 2
0 1 10 0 101000 2
0 1 10 11 101000 2
0 1 10 15 101000 2
0 1 4 14 101000 2
0 1 5 11 101000 2
0 1 5 1 101000 2
0 1 5 3 101000 2
0 1 5 6 101000 2
0 1 5 0 101000 2
0 1 5 5 101000 2
0 1 5 13 101000 2
0 1 5 9 101000 2
0 1 4 6 101000 2
0 1 4 6 101000 2
0 1 7 10 101000 2
0 1 4 9 101000 2
0 1 4 8 101000 2
0 1 4 2 101000 2
0 1 4 14 101000 2
0 1 3 13 101000 2
0 1 3 5 101000 2
0 1 3 8 101000 2
0 1 3 5 101000 2
0 1 3 13 101000 2
0 1 6 1 101000 2
0 1 6 6 101000 2
0 1 7 14 101000 2
0 1 7 13 101000 2
0 1 7 15 101000 2
0 1 7 9 101000 2
0 1 7 0 101000 2
0 1 7 12 101000 2
0 1 7 8 101000 2
0 1 7 3 101000 2
0 1 7 10 101000 2
0 1 7 3 101000 2
0 1 7 14 101000 2
0 1 6 12 101000 2
0 1 6 12 101000 2
0 1 6 2 101000 2
0 1 6 14 101000 2
0 1 6 4 101000 2
0 1 6 6 101000 2
0 1 7 14 101000 2
0 1 10 9 101500 2
0 1 10 14 101500 2
0 1 9 14 101500 2
0 1 9 10 101500 2
0 1 8 14 101500 2
0 1 8 0 101500 2
0 1 8 2 101500 2
0 1 8 1 101500 2
0 1 8 1 101500 2
0 1 8 2 101500 2
0 1 8 3 101500 2
0 1 7 1 101500 2
0 1 7 2 101500 2
0 1 7 12 101500 2
0 1 7 6 101500 2
0 1 7 15 101500 2
0 1 7 6 101500 2
0 1 7 3 101500 2
0 1 7 8 101500 2
0 1 12 11 101500 2
0 1 14 15 101500 2
0 1 14 1 101500 2
0 1 13 13 101500 2
0 1 13 14 101500 2
0 1 13 11 101500 2
0 1 13 11 101500 2
0 1 3 1 101500 2
0 1 12 4 101500 2
0 1 12 5 101500 2
0 1 10 15 101500 2
0 1 12 14 101500 2
0 1 12 13 101500 2
0 1 12 5 101500 2
0 1 11 6 101500 2
0 1 11 9 101500 2
0 1 11 9 101500 2
0 1 11 8 101500 2
0 1 10 8 101500 2
0 1 10 10 101500 2
0 1 4 12 101500 2
0 1 5 14 101500 2
0 1 5 10 101500 2
0 1 5 5 101500 2
0 1 4 11 101500 2
0 1 4 8 101500 2
0 1 4 12 101500 2
0 1 4 14 101500 2
0 1 4 11 101500 2
0 1 4 1 101500 2
0 1 7 13 101500 2
0 1 4 5 101500 2
0 1 4 5 101500 2
0 1 3 11 101500 2
0 1 3 3 101500 2
0 1 3 10 101500 2
0 1 3 5 101500 2
0 1 3 4 101500 2
0 1 3 15 101500 2
0 1 7 10 101500 2
0 1 5 14 101500 2
0 1 5 7 101500 2
0 1 7 13 101500 2
0 1 7 10 101500 2
0 1 7 9 101500 2
0 1 7 12 101500 2
0 1 7 8 101500 2
0 1 7 4 101500 2
0 1 7 6 101500 2
0 1 7 9 101500 2
0 1 6 7 101500 2
0 1 6 1 101500 2
0 1 6 15 101500 2
0 1 6 5 101500 2
0 1 6 5 101500 2
0 1 6 7 101500 2
0 1 6 10 101500 2
0 1 5 10 101500 2
0 1 7 8 101500 2
0 1 8 8 102000 2
0 1 8 13 102000 2
0 1 9 0 102000 2
0 1 9 1 102000 2
0 1 9 11 102000 2
0 1 10 15 102000 2
0 1 10 12 102000 2
0 1 10 10 102000 2
0 1 10 7 102000 2
0 1 11 6 102000 2
0 1 8 10 102000 2
0 1 8 6 102000 2
0 1 8 2 102000 2
0 1 8 15 102000 2
0 1 8 9 102000 2
0 1 8 13 102000 2
0 1 7 2 102000 2
0 1 7 3 102000 2
0 1 7 12 102000 2
0 1 7 2 102000 2
0 1 7 1 102000 2
0 1 12 4 102000 2
0 1 14 3 102000 2
0 1 14 15 102000 2
0 1 13 8 102000 2
0 1 13 15 102000 2
0 1 13 14 102000 2
0 1 13 9 102000 2
0 1 13 4 102000 2
0 1 13 5 102000 2
0 1 12 6 102000 2
0 1 11 8 102000 2
0 1 12 7 102000 2
0 1 12 0 102000 2
0 1 12 12 102000 2
0 1 12 7 102000 2
0 1 12 12 102000 2
0 1 12 1 102000 2
0 1 11 3 102000 2
0 1 11 10 102000 2
0 1 11 7 102000 2
0 1 4 6 102000 2
0 1 6 8 102000 2
0 1 6 14 102000 2
0 1 5 13 102000 2
0 1 5 5 102000 2
0 1 5 4 102000 2
0 1 5 7 102000 2
0 1 5 13 102000 2
0 1 4 15 102000 2
0 1 4 8 102000 2
0 1 4 7 102000 2
0 1 7 1 102000 2
0 1 4 8 102000 2
0 1 4 9 102000 2
0 1 4 5 102000 2
0 1 3 1 102000 2
0 1 3 8 102000 2
0 1 3 5 102000 2
0 1 3 0 102000 2
0 1 3 2 102000 2
0 1 3 0 102000 2
0 1 3 0 102000 2
0 1 6 10 102000 2
0 1 6 7 102000 2
0 1 7 5 102000 2
0 1 7 10 102000 2
0 1 7 0 102000 2
0 1 7 6 102000 2
0 1 7 7 102000 2
0 1 7 8 102000 2
0 1 7 14 102000 2
0 1 7 10 102000 2
0 1 7 9 102000 2
0 1 7 12 102000 2
0 1 7 7 102000 2
0 1 7 0 102000 2
0 1 7 10 102000 2
0 1 7 8 102000 2
0 1 6 2 102000 2
0 1 6 11 102000 2
0 1 6 10 102000 2
0 1 7 13 102000 2
0 1 8 14 102500 2
0 1 8 12 102500 2
0 1 8 5 102500 2
0 1 8 6 102500 2
0 1 8 3 102500 2
0 1 8 1 102500 2
0 1 9 7 102500 2
0 1 9 1 102500 2
0 1 10 15 102500 2
0 1 10 15 102500 2
0 1 7 9 102500 2
0 1 7 3 102500 2
0 1 7 11 102500 2
0 1 7 4 102500 2
0 1 7 6 102500 2
0 1 7 13 102500 2
0 1 7 3 102500 2
0 1 7 6 102500 2
0 1 7 12 102500 2
0 1 7 13 102500 2
0 1 12 9 102500 2
0 1 3 0 102500 2
0 1 14 14 102500 2
0 1 13 2 102500 2
0 1 13 13 102500 2
0 1 13 0 102500 2
0 1 13 5 102500 2
0 1 12 8 102500 2
0 1 12 12 102500 2
0 1 12 7 102500 2
0 1 12 4 102500 2
0 1 10 13 102500 2
0 1 12 15 102500 2
0 1 11 5 102500 2
0 1 11 12 102500 2
0 1 11 8 102500 2
0 1 11 15 102500 2
0 1 11 15 102500 2
0 1 10 12 102500 2
0 1 10 7 102500 2
0 1 10 8 102500 2
0 1 4 6 102500 2
0 1 5 4 102500 2
0 1 5 0 102500 2
0 1 5 0 102500 2
0 1 5 13 102500 2
0 1 5 9 102500 2
0 1 5 11 102500 2
0 1 5 9 102500 2
0 1 5 12 102500 2
0 1 4 0 102500 2
0 1 4 0 102500 2
0 1 7 4 102500 2
0 1 4 5 102500 2
0 1 4 6 102500 2
0 1 4 7 102500 2
0 1 3 12 102500 2
0 1 3 12 102500 2
0 1 3 6 102500 2
0 1 3 10 102500 2
0 1 7 15 102500 2
0 1 3 2 102500 2
0 1 6 8 102500 2
0 1 5 14 102500 2
0 1 7 14 102500 2
0 1 7 15 102500 2
0 1 7 12 102500 2
0 1 7 6 102500 2
0 1 7 2 102500 2
0 1 7 14 102500 2
0 1 7 15 102500 2
0 1 7 14 102500 2
0 1 7 15 102500 2
0 1 6 15 102500 2
0 1 6 4 102500 2
0 1 6 10 102500 2
0 1 6 0 102500 2
0 1 6 11 102500 2
0 1 6 1 102500 2
0 1 6 6 102500 2
0 1 6 10 102500 2
0 1 7 7 102500 2
0 1 8 15 103000 2
0 1 8 12 103000 2
0 1 8 7 103000 2
0 1 9 12 103000 2
0 1 9 9 103000 2
0 1 10 13 103000 2
0 1 10 4 103000 2
0 1 10 14 103000 2
0 1 10 0 103000 2
0 1 10 8 103000 2
0 1 8 7 103000 2
0 1 8 5 103000 2
0 1 8 14 103000 2
0 1 8 1 103000 2
0 1 8 7 103000 2
0 1 8 10 103000 2
0 1 8 8 103000 2
0 1 7 14 103000 2
0 1 7 1 103000 2
0 1 7 6 103000 2
0 1 7 0 103000 2
0 1 12 13 103000 2
0 1 3 0 103000 2
0 1 14 3 103000 2
0 1 14 0 103000 2
0 1 13 9 103000 2
0 1 13 1 103000 2
0 1 13 11 103000 2
0 1 13 7 103000 2
0 1 12 0 103000 2
0 1 12 14 103000 2
0 1 12 4 103000 2
0 1 11 9 103000 2
0 1 12 5 103000 2
0 1 12 5 103000 2
0 1 12 0 103000 2
0 1 12 4 103000 2
0 1 12 9 103000 2
0 1 11 5 103000 2
0 1 11 15 103000 2
0 1 11 10 103000 2
0 1 11 5 103000 2
0 1 4 1 103000 2
0 1 5 2 103000 2
0 1 5 15 103000 2
0 1 5 7 103000 2
0 1 5 5 103000 2
0 1 5 1 103000 2
0 1 5 6 103000 2
0 1 4 14 103000 2
0 1 4 1 103000 2
0 1 4 14 103000 2
0 1 4 1 103000 2
0 1 7 1 103000 2
0 1 4 6 103000 2
0 1 4 7 103000 2
0 1 4 3 103000 2
0 1 3 12 103000 2
0 1 3 7 103000 2
0 1 3 2 103000 2
0 1 3 0 103000 2
0 1 3 15 103000 2
0 1 3 3 103000 2
0 1 7 8 103000 2
0 1 6 9 103000 2
0 1 5 13 103000 2
0 1 7 9 103000 2
0 1 7 3 103000 2
0 1 7 2 103000 2
0 1 7 5 103000 2
0 1 7 4 103000 2
0 1 7 1 103000 2
0 1 7 8 103000 2
0 1 7 0 103000 2
0 1 7 6 103000 2
0 1 7 12 103000 2
0 1 7 6 103000 2
0 1 6 7 103000 2
0 1 6 11 103000 2
0 1 6 12 103000 2
0 1 6 12 103000 2
0 1 6 7 103000 2
0 1 6 14 103000 2
0 1 7 10 103000 2
0 1 9 14 103500 2
0 1 8 8 103500 2
0 1 8 12 103500 2
0 1 8 8 103500 2
0 1 8 0 103500 2
0 1 8 9 103500 2
0 1 8 0 103500 2
0 1 8 14 103500 2
0 1 8 13 103500 2
0 1 8 7 103500 2
0 1 8 11 103500 2
0 1 7 9 103500 2
0 1 7 15 103500 2
0 1 7 2 103500 2
0 1 7 4 103500 2
0 1 7 5 103500 2
0 1 7 3 103500 2
0 1 7 9 103500 2
0 1 7 13 103500 2
0 1 7 8 103500 2
0 1 7 7 103500 2
0 1 12 7 103500 2
0 1 14 1 103500 2
0 1 13 9 103500 2
0 1 13 9 103500 2
0 1 13 6 103500 2
0 1 13 6 103500 2
0 1 13 1 103500 2
0 1 13 1 103500 2
0 1 12 7 103500 2
0 1 12 0 103500 2
0 1 12 11 103500 2
0 1 9 11 103500 2
0 1 12 12 103500 2
0 1 12 5 103500 2
0 1 11 5 103500 2
0 1 11 8 103500 2
0 1 11 11 103500 2
0 1 11 8 103500 2
0 1 10 0 103500 2
0 1 10 11 103500 2
0 1 10 11 103500 2
0 1 10 6 103500 2
0 1 4 15 103500 2
0 1 5 5 103500 2
0 1 5 2 103500 2
0 1 5 8 103500 2
0 1 5 6 103500 2
0 1 4 6 103500 2
0 1 4 1 103500 2
0 1 4 14 103500 2
0 1 4 11 103500 2
0 1 4 8 103500 2
0 1 4 2 103500 2
0 1 7 0 103500 2
0 1 4 0 103500 2
0 1 4 0 103500 2
0 1 3 13 103500 2
0 1 3 5 103500 2
0 1 3 9 103500 2
0 1 3 13 103500 2
0 1 3 7 103500 2
0 1 3 14 103500 2
0 1 3 11 103500 2
0 1 7 6 103500 2
0 1 5 5 103500 2
0 1 5 6 103500 2
0 1 7 10 103500 2
0 1 7 1 103500 2
0 1 7 0 103500 2
0 1 7 10 103500 2
0 1 7 6 103500 2
0 1 7 10 103500 2
0 1 7 2 103500 2
0 1 7 10 103500 2
0 1 7 0 103500 2
0 1 6 9 103500 2
0 1 6 0 103500 2
0 1 6 10 103500 2
0 1 6 7 103500 2
0 1 6 7 103500 2
0 1 6 9 103500 2
0 1 6 14 103500 2
0 1 6 0 103500 2
0 1 7 8 103500 2
0 1 8 13 104000 2
0 1 8 9 104000 2
0 1 8 13 104000 2
0 1 8 12 104000 2
0 1 8 6 104000 2
0 1 8 13 104000 2
0 1 8 14 104000 2
0 1 9 11 104000 2
0 1 9 4 104000 2
0 1 10 11 104000 2
0 1 7 4 104000 2
0 1 7 11 104000 2
0 1 7 4 104000 2
0 1 7 11 104000 2
0 1 7 1 104000 2
0 1 7 9 104000 2
0 1 7 0 104000 2
0 1 7 8 104000 2
0 1 7 8 104000 2
0 1 7 1 104000 2
0 1 7 6 104000 2
0 1 12 5 104000 2
0 1 14 6 104000 2
0 1 13 11 104000 2
0 1 13 2 104000 2
0 1 13 4 104000 2
0 1 13 14 104000 2
0 1 13 9 104000 2
0 1 12 6 104000 2
0 1 12 14 104000 2
0 1 12 10 104000 2
0 1 12 1 104000 2
0 1 10 3 104000 2
0 1 12 8 104000 2
0 1 11 4 104000 2
0 1 11 6 104000 2
0 1 11 12 104000 2
0 1 11 11 104000 2
0 1 10 0 104000 2
0 1 10 12 104000 2
0 1 10 14 104000 2
0 1 10 8 104000 2
0 1 4 9 104000 2
0 1 5 9 104000 2
0 1 5 15 104000 2
0 1 5 3 104000 2
0 1 5 3 104000 2
0 1 4 10 104000 2
0 1 4 15 104000 2
0 1 4 8 104000 2
0 1 4 7 104000 2
0 1 4 9 104000 2
0 1 4 11 104000 2
0 1 7 14 104000 2
0 1 4 7 104000 2
0 1 3 12 104000 2
0 1 3 15 104000 2
0 1 3 2 104000 2
0 1 3 12 104000 2
0 1 3 0 104000 2
0 1 3 0 104000 2
0 1 3 11 104000 2
0 1 3 0 104000 2
0 1 7 14 104000 2
0 1 5 9 104000 2
0 1 5 13 104000 2
0 1 7 12 104000 2
0 1 7 9 104000 2
0 1 7 15 104000 2
0 1 7 6 104000 2
0 1 7 3 104000 2
0 1 7 9 104000 2
0 1 7 8 104000 2
0 1 7 14 104000 2
0 1 6 3 104000 2
0 1 6 8 104000 2
0 1 6 0 104000 2
0 1 5 14 104000 2
0 1 6 3 104000 2
0 1 6 12 104000 2
0 1 6 15 104000 2
0 1 6 3 104000 2
0 1 6 8 104000 2
0 1 6 6 104000 2
0 1 10 13 104500 2
0 1 10 8 104500 2
0 1 9 9 104500 2
0 1 9 7 104500 2
0 1 8 5 104500 2
0 1 8 8 104500 2
0 1 8 2 104500 2
0 1 8 12 104500 2
0 1 8 4 104500 2
0 1 8 13 104500 2
0 1 8 12 104500 2
0 1 8 1 104500 2
0 1 8 1 104500 2
0 1 7 7 104500 2
0 1 7 1 104500 2
0 1 7 14 104500 2
0 1 7 12 104500 2
0 1 7 3 104500 2
0 1 7 1 104500 2
0 1 7 9 104500 2
0 1 7 2 104500 2
0 1 12 0 104500 2
0 1 7 3 104500 2
0 1 14 3 104500 2
0 1 14 11 104500 2
0 1 13 12 104500 2
0 1 13 2 104500 2
0 1 13 8 104500 2
0 1 13 8 104500 2
0 1 13 11 104500 2
0 1 13 11 104500 2
0 1 12 4 104500 2
0 1 10 11 104500 2
0 1 12 12 104500 2
0 1 12 12 104500 2
0 1 12 15 104500 2
0 1 12 3 104500 2
0 1 11 6 104500 2
0 1 11 2 104500 2
0 1 11 3 104500 2
0 1 11 12 104500 2
0 1 10 15 104500 2
0 1 10 0 104500 2
0 1 4 8 104500 2
0 1 6 11 104500 2
0 1 5 10 104500 2
0 1 5 0 104500 2
0 1 5 10 104500 2
0 1 5 3 104500 2
0 1 5 15 104500 2
0 1 5 11 104500 2
0 1 5 0 104500 2
0 1 5 3 104500 2
0 1 4 15 104500 2
0 1 4 5 104500 2
0 1 7 7 104500 2
0 1 4 3 104500 2
0 1 4 9 104500 2
0 1 3 2 104500 2
0 1 3 11 104500 2
0 1 3 5 104500 2
0 1 3 8 104500 2
0 1 3 10 104500 2
0 1 3 12 104500 2
0 1 3 1 104500 2
0 1 3 3 104500 2
0 1 6 2 104500 2
0 1 6 1 104500 2
0 1 7 10 104500 2
0 1 7 4 104500 2
0 1 7 6 104500 2
0 1 7 12 104500 2
0 1 7 0 104500 2
0 1 7 10 104500 2
0 1 7 5 104500 2
0 1 7 14 104500 2
0 1 7 11 104500 2
0 1 7 7 104500 2
0 1 7 9 104500 2
0 1 6 8 104500 2
0 1 6 1 104500 2
0 1 6 0 104500 2
0 1 6 3 104500 2
0 1 6 15 104500 2
0 1 6 3 104500 2
0 1 6 14 104500 2
0 1 7 3 104500 2
0 1 8 12 105000 2
0 1 8 0 105000 2
0 1 8 1 105000 2
0 1 8 3 105000 2
0 1 8 12 105000 2
0 1 8 4 105000 2
0 1 9 6 105000 2
0 1 9 11 105000 2
0 1 10 0 105000 2
0 1 10 13 105000 2
0 1 10 14 105000 2
0 1 8 3 105000 2
0 1 8 8 105000 2
0 1 8 12 105000 2
0 1 8 7 105000 2
0 1 7 9 105000 2
0 1 7 0 105000 2
0 1 7 1 105000 2
0 1 7 1 105000 2
0 1 7 2 105000 2
0 1 7 1 105000 2
0 1 7 9 105000 2
0 1 12 7 105000 2
0 1 13 14 105000 2
0 1 14 12 105000 2
0 1 14 10 105000 2
0 1 13 0 105000 2
0 1 13 4 105000 2
0 1 13 10 105000 2
0 1 13 14 105000 2
0 1 13 0 105000 2
0 1 12 13 105000 2
0 1 12 1 105000 2
0 1 10 3 105000 2
0 1 12 5 105000 2
0 1 12 10 105000 2
0 1 12 9 105000 2
0 1 12 10 105000 2
0 1 11 11 105000 2
0 1 11 6 105000 2
0 1 11 6 105000 2
0 1 11 10 105000 2
0 1 10 5 105000 2
0 1 10 0 105000 2
0 1 4 13 105000 2
0 1 5 2 105000 2
0 1 5 0 105000 2
0 1 5 7 105000 2
0 1 5 11 105000 2
0 1 5 3 105000 2
0 1 5 11 105000 2
0 1 5 6 105000 2
0 1 4 3 105000 2
0 1 4 15 105000 2
0 1 4 10 105000 2
0 1 4 10 105000 2
0 1 7 7 105000 2
0 1 4 6 105000 2
0 1 3 7 105000 2
0 1 4 5 105000 2
0 1 4 7 105000 2
0 1 3 10 105000 2
0 1 3 14 105000 2
0 1 3 7 105000 2
0 1 3 2 105000 2
0 1 3 0 105000 2
0 1 7 12 105000 2
0 1 5 0 105000 2
0 1 5 9 105000 2
0 1 7 11 105000 2
0 1 7 7 105000 2
0 1 7 14 105000 2
0 1 7 12 105000 2
0 1 7 8 105000 2
0 1 7 8 105000 2
0 1 7 5 105000 2
0 1 7 9 105000 2
0 1 7 6 105000 2
0 1 7 14 105000 2
0 1 7 15 105000 2
0 1 7 6 105000 2
0 1 6 13 105000 2
0 1 6 2 105000 2
0 1 6 15 105000 2
0 1 6 12 105000 2
0 1 6 11 105000 2
0 1 6 8 105000 2
0 1 6 9 105000 2
0 1 6 4 105000 2
0 1 10 2 105500 2
0 1 10 10 105500 2
0 1 9 4 105500 2
0 1 8 0 105500 2
0 1 8 5 105500 2
0 1 8 12 105500 2
0 1 8 12 105500 2
0 1 8 15 105500 2
0 1 8 6 105500 2
0 1 8 3 105500 2
0 1 8 8 105500 2
0 1 8 6 105500 2
0 1 8 1 105500 2
0 1 7 7 105500 2
0 1 7 2 105500 2
0 1 7 0 105500 2
0 1 7 12 105500 2
0 1 7 13 105500 2
0 1 7 6 105500 2
0 1 12 4 105500 2
0 1 7 4 105500 2
0 1 14 5 105500 2
0 1 14 8 105500 2
0 1 13 4 105500 2
0 1 13 14 105500 2
0 1 13 13 105500 2
0 1 12 11 105500 2
0 1 12 13 105500 2
0 1 12 6 105500 2
0 1 10 1 105500 2
0 1 12 1 105500 2
0 1 12 0 105500 2
0 1 12 9 105500 2
0 1 12 9 105500 2
0 1 11 14 105500 2
0 1 11 8 105500 2
0 1 11 6 105500 2
0 1 11 8 105500 2
0 1 10 3 105500 2
0 1 4 8 105500 2
0 1 6 15 105500 2
0 1 5 9 105500 2
0 1 5 10 105500 2
0 1 5 1 105500 2
0 1 5 9 105500 2
0 1 5 8 105500 2
0 1 4 11 105500 2
0 1 4 2 105500 2
0 1 4 11 105500 2
0 1 7 9 105500 2
0 1 4 0 105500 2
0 1 4 15 105500 2
0 1 4 7 105500 2
0 1 4 14 105500 2
0 1 4 6 105500 2
0 1 3 1 105500 2
0 1 3 15 105500 2
0 1 3 3 105500 2
0 1 3 10 105500 2
0 1 6 8 105500 2
0 1 7 2 105500 2
0 1 6 13 105500 2
0 1 7 8 105500 2
0 1 7 13 105500 2
0 1 7 15 105500 2
0 1 7 3 105500 2
0 1 7 5 105500 2
0 1 7 2 105500 2
0 1 7 2 105500 2
0 1 7 5 105500 2
0 1 7 2 105500 2
0 1 6 15 105500 2
0 1 6 11 105500 2
0 1 6 6 105500 2
0 1 6 8 105500 2
0 1 6 11 105500 2
0 1 7 7 105500 2
0 1 7 10 105500 2
0 1 10 15 106000 2
0 1 10 15 106000 2
0 1 10 12 106000 2
0 1 10 7 106000 2
0 1 10 13 106000 2
0 1 9 1 106000 2
0 1 8 11 106000 2
0 1 8 15 106000 2
0 1 8 5 106000 2
0 1 8 3 106000 2
0 1 8 7 106000 2
0 1 8 15 106000 2
0 1 8 10 106000 2
0 1 8 12 106000 2
0 1 8 5 106000 2
0 1 8 10 106000 2
0 1 7 12 106000 2
0 1 7 8 106000 2
0 1 7 2 106000 2
0 1 7 13 106000 2
0 1 7 3 106000 2
0 1 12 15 106000 2
0 1 3 0 106000 2
0 1 14 5 106000 2
0 1 13 7 106000 2
0 1 13 12 106000 2
0 1 13 5 106000 2
0 1 13 7 106000 2
0 1 13 11 106000 2
0 1 12 4 106000 2
0 1 12 6 106000 2
0 1 12 2 106000 2
0 1 11 1 106000 2
0 1 12 5 106000 2
0 1 12 6 106000 2
0 1 12 6 106000 2
0 1 12 4 106000 2
0 1 12 5 106000 2
0 1 11 0 106000 2
0 1 11 3 106000 2
0 1 11 5 106000 2
0 1 11 10 106000 2
0 1 4 4 106000 2
0 1 5 1 106000 2
0 1 5 11 106000 2
0 1 5 15 106000 2
0 1 4 13 106000 2
0 1 4 15 106000 2
0 1 4 5 106000 2
0 1 4 4 106000 2
0 1 4 3 106000 2
0 1 4 3 106000 2
0 1 4 2 106000 2
0 1 7 5 106000 2
0 1 4 0 106000 2
0 1 4 3 106000 2
0 1 4 2 106000 2
0 1 3 4 106000 2
0 1 3 11 106000 2
0 1 3 5 106000 2
0 1 3 3 106000 2
0 1 3 10 106000 2
0 1 3 7 106000 2
0 1 5 11 106000 2
0 1 5 14 106000 2
0 1 7 11 106000 2
0 1 7 10 106000 2
0 1 7 12 106000 2
0 1 7 9 106000 2
0 1 7 12 106000 2
0 1 7 4 106000 2
0 1 7 2 106000 2
0 1 7 12 106000 2
0 1 7 12 106000 2
0 1 7 2 106000 2
0 1 7 8 106000 2
0 1 5 6 106000 2
0 1 6 4 106000 2
0 1 6 7 106000 2
0 1 6 13 106000 2
0 1 6 10 106000 2
0 1 6 13 106000 2
0 1 6 3 106000 2
0 1 7 3 106000 2
0 1 10 12 106500 2
0 1 9 0 106500 2
0 1 9 13 106500 2
0 1 8 13 106500 2
0 1 8 15 106500 2
0 1 8 15 106500 2
0 1 8 1 106500 2
0 1 8 12 106500 2
0 1 8 12 106500 2
0 1 8 12 106500 2
0 1 8 10 106500 2
0 1 8 5 106500 2
0 1 8 13 106500 2
0 1 7 7 106500 2
0 1 7 0 106500 2
0 1 7 5 106500 2
0 1 7 10 106500 2
0 1 7 8 106500 2
0 1 7 13 106500 2
0 1 7 15 106500 2
0 1 12 0 106500 2
0 1 14 7 106500 2
0 1 14 0 106500 2
0 1 13 3 106500 2
0 1 13 7 106500 2
0 1 13 3 106500 2
0 1 13 11 106500 2
0 1 12 8 106500 2
0 1 12 7 106500 2
0 1 12 3 106500 2
0 1 12 14 106500 2
0 1 10 15 106500 2
0 1 12 15 106500 2
0 1 12 0 106500 2
0 1 11 12 106500 2
0 1 11 7 106500 2
0 1 11 8 106500 2
0 1 11 12 106500 2
0 1 11 1 106500 2
0 1 10 6 106500 2
0 1 10 2 106500 2
0 1 4 9 106500 2
0 1 5 8 106500 2
0 1 5 5 106500 2
0 1 5 7 106500 2
0 1 5 12 106500 2
0 1 5 15 106500 2
0 1 4 8 106500 2
0 1 4 6 106500 2
0 1 4 12 106500 2
0 1 4 0 106500 2
0 1 4 1 106500 2
0 1 7 14 106500 2
0 1 4 11 106500 2
0 1 4 10 106500 2
0 1 3 15 106500 2
0 1 3 15 106500 2
0 1 3 5 106500 2
0 1 3 13 106500 2
0 1 3 9 106500 2
0 1 3 10 106500 2
0 1 7 13 106500 2
0 1 5 10 106500 2
0 1 5 13 106500 2
0 1 7 6 106500 2
0 1 7 5 106500 2
0 1 7 11 106500 2
0 1 7 0 106500 2
0 1 7 1 106500 2
0 1 7 8 106500 2
0 1 7 8 106500 2
0 1 7 11 106500 2
0 1 7 11 106500 2
0 1 7 7 106500 2
0 1 7 6 106500 2
0 1 6 0 106500 2
0 1 6 8 106500 2
0 1 6 15 106500 2
0 1 6 12 106500 2
0 1 6 14 106500 2
0 1 6 15 106500 2
0 1 6 7 106500 2
0 1 10 2 107000 2
0 1 10 11 107000 2
0 1 10 10 107000 2
0 1 9 6 107000 2
0 1 8 11 107000 2
0 1 8 5 107000 2
0 1 8 6 107000 2
0 1 8 10 107000 2
0 1 8 1 107000 2
0 1 8 11 107000 2
0 1 8 3 107000 2
0 1 8 2 107000 2
0 1 8 14 107000 2
0 1 8 14 107000 2
0 1 7 9 107000 2
0 1 7 10 107000 2
0 1 7 6 107000 2
0 1 7 5 107000 2
0 1 7 8 107000 2
0 1 12 1 107000 2
0 1 7 15 107000 2
0 1 14 9 107000 2
0 1 13 3 107000 2
0 1 13 5 107000 2
0 1 13 1 107000 2
0 1 13 7 107000 2
0 1 12 4 107000 2
0 1 12 0 107000 2
0 1 12 2 107000 2
0 1 10 1 107000 2
0 1 12 6 107000 2
0 1 12 15 107000 2
0 1 12 0 107000 2
0 1 12 13 107000 2
0 1 11 8 107000 2
0 1 11 10 107000 2
0 1 11 14 107000 2
0 1 11 6 107000 2
0 1 10 1 107000 2
0 1 4 9 107000 2
0 1 5 7 107000 2
0 1 5 3 107000 2
0 1 5 3 107000 2
0 1 5 15 107000 2
0 1 5 5 107000 2
0 1 5 3 107000 2
0 1 4 13 107000 2
0 1 4 10 107000 2
0 1 4 6 107000 2
0 1 5 14 107000 2
0 1 4 10 107000 2
0 1 4 10 107000 2
0 1 4 4 107000 2
0 1 3 0 107000 2
0 1 3 7 107000 2
0 1 3 11 107000 2
0 1 3 2 107000 2
0 1 3 14 107000 2
0 1 7 5 107000 2
0 1 7 7 107000 2
0 1 7 1 107000 2
0 1 7 6 107000 2
0 1 7 12 107000 2
0 1 7 3 107000 2
0 1 7 4 107000 2
0 1 7 1 107000 2
0 1 7 14 107000 2
0 1 7 2 107000 2
0 1 7 11 107000 2
0 1 7 8 107000 2
0 1 7 13 107000 2
0 1 7 4 107000 2
0 1 7 10 107000 2
0 1 7 1 107000 2
0 1 6 6 107000 2
0 1 6 12 107000 2
0 1 6 14 107000 2
0 1 6 0 107000 2
0 1 8 13 107500 2
0 1 8 7 107500 2
0 1 8 8 107500 2
0 1 8 12 107500 2
0 1 8 10 107500 2
0 1 10 4 107500 2
0 1 8 0 107500 2
0 1 8 12 107500 2
0 1 9 10 107500 2
0 1 10 7 107500 2
0 1 14 7 107500 2
0 1 8 4 107500 2
0 1 7 14 107500 2
0 1 7 6 107500 2
0 1 7 7 107500 2
0 1 7 8 107500 2
0 1 7 15 107500 2
0 1 7 6 107500 2
0 1 7 14 107500 2
0 1 7 2 107500 2
0 1 7 6 107500 2
0 1 7 0 107500 2
0 1 12 5 107500 2
0 1 3 3 107500 2
0 1 14 13 107500 2
0 1 13 7 107500 2
0 1 13 10 107500 2
0 1 13 15 107500 2
0 1 13 2 107500 2
0 1 13 0 107500 2
0 1 12 6 107500 2
0 1 12 4 107500 2
0 1 12 3 107500 2
0 1 10 9 107500 2
0 1 12 14 107500 2
0 1 12 15 107500 2
0 1 12 4 107500 2
0 1 11 14 107500 2
0 1 11 15 107500 2
0 1 11 11 107500 2
0 1 11 12 107500 2
0 1 10 15 107500 2
0 1 10 0 107500 2
0 1 4 11 107500 2
0 1 5 4 107500 2
0 1 5 13 107500 2
0 1 5 14 107500 2
0 1 5 8 107500 2
0 1 5 5 107500 2
0 1 5 8 107500 2
0 1 5 12 107500 2
0 1 5 9 107500 2
0 1 5 7 107500 2
0 1 5 14 107500 2
0 1 7 14 107500 2
0 1 4 0 107500 2
0 1 4 8 107500 2
0 1 4 5 107500 2
0 1 4 5 107500 2
0 1 4 5 107500 2
0 1 4 13 107500 2
0 1 3 4 107500 2
0 1 3 1 107500 2
0 1 3 1 107500 2
0 1 3 13 107500 2
0 1 5 12 107500 2
0 1 7 12 107500 2
0 1 7 5 107500 2
0 1 7 7 107500 2
0 1 7 8 107500 2
0 1 5 9 107500 2
0 1 7 5 107500 2
0 1 7 10 107500 2
0 1 7 2 107500 2
0 1 7 7 107500 2
0 1 7 2 107500 2
0 1 6 1 107500 2
0 1 7 5 107500 2
0 1 6 6 107500 2
0 1 6 14 107500 2
0 1 6 9 107500 2
0 1 6 14 107500 2
0 1 6 0 107500 2
0 1 6 15 107500 2
0 1 6 8 107500 2
0 1 6 11 107500 2
0 1 9 1 108000 2
0 1 9 10 108000 2
0 1 8 13 108000 2
0 1 8 6 108000 2
0 1 8 9 108000 2
0 1 8 13 108000 2
0 1 8 9 108000 2
0 1 8 2 108000 2
0 1 8 5 108000 2
0 1 8 13 108000 2
0 1 8 5 108000 2
0 1 7 3 108000 2
0 1 7 1 108000 2
0 1 7 5 108000 2
0 1 7 8 108000 2
0 1 7 7 108000 2
0 1 7 6 108000 2
0 1 7 1 108000 2
0 1 7 7 108000 2
0 1 7 0 108000 2
0 1 12 1 108000 2
0 1 7 12 108000 2
0 1 14 13 108000 2
0 1 13 5 108000 2
0 1 13 14 108000 2
0 1 13 6 108000 2
0 1 13 14 108000 2
0 1 12 0 108000 2
0 1 12 6 108000 2
0 1 12 0 108000 2
0 1 12 6 108000 2
0 1 10 8 108000 2
0 1 12 9 108000 2
0 1 11 13 108000 2
0 1 11 1 108000 2
0 1 11 3 108000 2
0 1 11 12 108000 2
0 1 11 2 108000 2
0 1 10 2 108000 2
0 1 10 5 108000 2
0 1 10 6 108000 2
0 1 10 12 108000 2
0 1 4 15 108000 2
0 1 5 13 108000 2
0 1 5 15 108000 2
0 1 5 10 108000 2
0 1 4 0 108000 2
0 1 4 8 108000 2
0 1 4 13 108000 2
0 1 4 0 108000 2
0 1 4 8 108000 2
0 1 4 11 108000 2
0 1 4 4 108000 2
0 1 7 13 108000 2
0 1 4 5 108000 2
0 1 3 2 108000 2
0 1 3 4 108000 2
0 1 3 5 108000 2
0 1 3 15 108000 2
0 1 3 2 108000 2
0 1 3 15 108000 2
0 1 3 6 108000 2
0 1 3 11 108000 2
0 1 7 4 108000 2
0 1 5 14 108000 2
0 1 5 11 108000 2
0 1 7 8 108000 2
0 1 7 4 108000 2
0 1 7 5 108000 2
0 1 7 2 108000 2
0 1 7 7 108000 2
0 1 7 2 108000 2
0 1 7 7 108000 2
0 1 6 8 108000 2
0 1 6 14 108000 2
0 1 6 15 108000 2
0 1 6 1 108000 2
0 1 6 14 108000 2
0 1 5 7 108000 2
0 1 5 8 108000 2
0 1 5 4 108000 2
0 1 5 3 108000 2
0 1 5 5 108000 2
0 1 6 3 108000 2
0 1 7 10 108500 2
0 1 8 7 108500 2
0 1 8 14 108500 2
0 1 8 3 108500 2
0 1 8 1 108500 2
0 1 8 5 108500 2
0 1 8 14 108500 2
0 1 8 8 108500 2
0 1 8 6 108500 2
0 1 8 11 108500 2
0 1 9 6 108500 2
0 1 7 3 108500 2
0 1 7 9 108500 2
0 1 7 14 108500 2
0 1 7 12 108500 2
0 1 7 1 108500 2
0 1 7 11 108500 2
0 1 7 8 108500 2
0 1 7 10 108500 2
0 1 7 3 108500 2
0 1 7 11 108500 2
0 1 13 14 108500 2
0 1 12 8 108500 2
0 1 13 11 108500 2
0 1 13 0 108500 2
0 1 13 1 108500 2
0 1 13 6 108500 2
0 1 13 0 108500 2
0 1 12 0 108500 2
0 1 12 5 108500 2
0 1 12 3 108500 2
0 1 12 7 108500 2
0 1 12 7 108500 2
0 1 9 4 108500 2
0 1 11 12 108500 2
0 1 11 8 108500 2
0 1 11 15 108500 2
0 1 11 1 108500 2
0 1 10 1 108500 2
0 1 10 0 108500 2
0 1 10 15 108500 2
0 1 10 13 108500 2
0 1 10 1 108500 2
0 1 4 0 108500 2
0 1 5 12 108500 2
0 1 5 8 108500 2
0 1 5 7 108500 2
0 1 5 13 108500 2
0 1 5 13 108500 2
0 1 4 11 108500 2
0 1 4 0 108500 2
0 1 4 2 108500 2
0 1 4 13 108500 2
0 1 4 8 108500 2
0 1 3 3 108500 2
0 1 4 2 108500 2
0 1 4 8 108500 2
0 1 4 15 108500 2
0 1 3 15 108500 2
0 1 3 6 108500 2
0 1 3 13 108500 2
0 1 3 1 108500 2
0 1 3 2 108500 2
0 1 3 12 108500 2
0 1 7 8 108500 2
0 1 6 0 108500 2
0 1 7 9 108500 2
0 1 7 1 108500 2
0 1 7 5 108500 2
0 1 7 7 108500 2
0 1 7 3 108500 2
0 1 7 8 108500 2
0 1 7 8 108500 2
0 1 7 12 108500 2
0 1 7 1 108500 2
0 1 7 13 108500 2
0 1 6 7 108500 2
0 1 5 8 108500 2
0 1 6 6 108500 2
0 1 6 4 108500 2
0 1 6 13 108500 2
0 1 6 13 108500 2
0 1 7 15 108500 2
0 1 6 12 108500 2
0 1 6 3 108500 2
0 1 6 14 108500 2
0 1 8 6 109000 2
0 1 10 13 109000 2
0 1 10 5 109000 2
0 1 9 14 109000 2
0 1 9 13 109000 2
0 1 8 11 109000 2
0 1 8 1 109000 2
0 1 8 12 109000 2
0 1 8 4 109000 2
0 1 8 13 109000 2
0 1 10 15 109000 2
0 1 8 12 109000 2
0 1 8 3 109000 2
0 1 7 8 109000 2
0 1 7 13 109000 2
0 1 7 8 109000 2
0 1 7 8 109000 2
0 1 7 5 109000 2
0 1 7 14 109000 2
0 1 7 8 109000 2
0 1 12 1 109000 2
0 1 14 6 109000 2
0 1 13 15 109000 2
0 1 13 8 109000 2
0 1 13 0 109000 2
0 1 13 14 109000 2
0 1 13 0 109000 2
0 1 12 1 109000 2
0 1 12 4 109000 2
0 1 12 4 109000 2
0 1 14 7 109000 2
0 1 12 11 109000 2
0 1 12 15 109000 2
0 1 12 12 109000 2
0 1 11 5 109000 2
0 1 11 5 109000 2
0 1 11 11 109000 2
0 1 10 2 109000 2
0 1 10 12 109000 2
0 1 10 3 109000 2
0 1 4 9 109000 2
0 1 5 1 109000 2
0 1 5 5 109000 2
0 1 5 3 109000 2
0 1 5 12 109000 2
0 1 5 2 109000 2
0 1 5 11 109000 2
0 1 5 0 109000 2
0 1 4 8 109000 2
0 1 4 10 109000 2
0 1 7 15 109000 2
0 1 4 7 109000 2
0 1 4 9 109000 2
0 1 4 5 109000 2
0 1 4 10 109000 2
0 1 4 2 109000 2
0 1 3 14 109000 2
0 1 3 13 109000 2
0 1 3 3 109000 2
0 1 7 0 109000 2
0 1 6 3 109000 2
0 1 5 8 109000 2
0 1 7 4 109000 2
0 1 7 1 109000 2
0 1 7 14 109000 2
0 1 7 10 109000 2
0 1 7 13 109000 2
0 1 7 6 109000 2
0 1 7 9 109000 2
0 1 7 7 109000 2
0 1 7 8 109000 2
0 1 6 10 109000 2
0 1 6 0 109000 2
0 1 6 10 109000 2
0 1 6 0 109000 2
0 1 6 13 109000 2
0 1 6 8 109000 2
0 1 6 11 109000 2
0 1 7 14 109000 2
0 1 8 15 109500 2
0 1 8 5 109500 2
0 1 8 4 109500 2
0 1 8 2 109500 2
0 1 8 6 109500 2
0 1 8 0 109500 2
0 1 9 7 109500 2
0 1 9 9 109500 2
0 1 10 0 109500 2
0 1 10 0 109500 2
0 1 8 3 109500 2
0 1 8 2 109500 2
0 1 8 4 109500 2
0 1 7 13 109500 2
0 1 7 2 109500 2
0 1 7 0 109500 2
0 1 7 14 109500 2
0 1 7 3 109500 2
0 1 7 12 109500 2
0 1 7 4 109500 2
0 1 7 4 109500 2
0 1 12 11 109500 2
0 1 13 14 109500 2
0 1 13 6 109500 2
0 1 13 10 109500 2
0 1 13 14 109500 2
0 1 13 6 109500 2
0 1 12 13 109500 2
0 1 12 3 109500 2
0 1 12 7 109500 2
0 1 12 12 109500 2
0 1 12 14 109500 2
0 1 10 13 109500 2
0 1 12 11 109500 2
0 1 11 11 109500 2
0 1 11 11 109500 2
0 1 11 10 109500 2
0 1 11 6 109500 2
0 1 10 14 109500 2
0 1 10 12 109500 2
0 1 10 4 109500 2
0 1 10 1 109500 2
0 1 3 2 109500 2
0 1 5 7 109500 2
0 1 5 4 109500 2
0 1 4 8 109500 2
0 1 4 4 109500 2
0 1 4 9 109500 2
0 1 4 6 109500 2
0 1 4 12 109500 2
0 1 4 11 109500 2
0 1 4 7 109500 2
0 1 4 14 109500 2
0 1 7 13 109500 2
0 1 3 1 109500 2
0 1 3 11 109500 2
0 1 3 0 109500 2
0 1 3 7 109500 2
0 1 3 13 109500 2
0 1 3 5 109500 2
0 1 3 9 109500 2
0 1 3 14 109500 2
0 1 3 12 109500 2
0 1 7 0 109500 2
0 1 5 2 109500 2
0 1 5 7 109500 2
0 1 7 10 109500 2
0 1 7 2 109500 2
0 1 7 2 109500 2
0 1 7 1 109500 2
0 1 7 5 109500 2
0 1 7 1 109500 2
0 1 7 7 109500 2
0 1 7 7 109500 2
0 1 7 2 109500 2
0 1 6 13 109500 2
0 1 6 5 109500 2
0 1 5 3 109500 2
0 1 5 1 109500 2
0 1 6 5 109500 2
0 1 6 12 109500 2
0 1 6 15 109500 2
0 1 6 5 109500 2
0 1 6 8 109500 2
0 1 6 2 109500 2
0 1 9 4 110000 2
0 1 9 9 110000 2
0 1 8 15 110000 2
0 1 8 6 110000 2
0 1 8 7 110000 2
0 1 8 6 110000 2
0 1 8 2 110000 2
0 1 8 1 110000 2
0 1 7 1 110000 2
0 1 7 2 110000 2
0 1 7 12 110000 2
0 1 7 4 110000 2
0 1 7 7 110000 2
0 1 7 10 110000 2
0 1 7 13 110000 2
0 1 7 3 110000 2
0 1 7 11 110000 2
0 1 7 10 110000 2
0 1 7 11 110000 2
0 1 7 2 110000 2
0 1 12 9 110000 2
0 1 13 9 110000 2
0 1 14 6 110000 2
0 1 14 11 110000 2
0 1 13 6 110000 2
0 1 13 5 110000 2
0 1 13 0 110000 2
0 1 13 10 110000 2
0 1 12 10 110000 2
0 1 12 8 110000 2
0 1 12 5 110000 2
0 1 10 15 110000 2
0 1 12 5 110000 2
0 1 12 12 110000 2
0 1 11 7 110000 2
0 1 11 1 110000 2
0 1 11 12 110000 2
0 1 10 14 110000 2
0 1 10 4 110000 2
0 1 10 15 110000 2
0 1 10 4 110000 2
0 1 4 2 110000 2
0 1 5 0 110000 2
0 1 5 8 110000 2
0 1 5 15 110000 2
0 1 5 11 110000 2
0 1 4 11 110000 2
0 1 4 5 110000 2
0 1 4 2 110000 2
0 1 4 11 110000 2
0 1 4 9 110000 2
0 1 4 15 110000 2
0 1 3 10 110000 2
0 1 3 2 110000 2
0 1 3 0 110000 2
0 1 3 11 110000 2
0 1 3 6 110000 2
0 1 3 13 110000 2
0 1 3 13 110000 2
0 1 3 5 110000 2
0 1 3 6 110000 2
0 1 7 13 110000 2
0 1 5 1 110000 2
0 1 7 7 110000 2
0 1 7 12 110000 2
0 1 7 3 110000 2
0 1 7 11 110000 2
0 1 7 6 110000 2
0 1 7 14 110000 2
0 1 7 14 110000 2
0 1 7 14 110000 2
0 1 6 5 110000 2
0 1 6 5 110000 2
0 1 6 9 110000 2
0 1 5 8 110000 2
0 1 5 15 110000 2
0 1 5 8 110000 2
0 1 5 5 110000 2
0 1 6 3 110000 2
0 1 6 1 110000 2
0 1 6 7 110000 2
0 1 6 4 110000 2
0 1 6 8 110000 2
0 1 8 1 110500 2
0 1 10 4 110500 2
0 1 9 5 110500 2
0 1 9 1 110500 2
0 1 9 15 110500 2
0 1 8 11 110500 2
0 1 8 1 110500 2
0 1 8 4 110500 2
0 1 8 6 110500 2
0 1 7 11 110500 2
0 1 8 13 110500 2
0 1 8 9 110500 2
0 1 8 13 110500 2
0 1 7 8 110500 2
0 1 7 6 110500 2
0 1 7 8 110500 2
0 1 7 2 110500 2
0 1 7 6 110500 2
0 1 12 5 110500 2
0 1 7 9 110500 2
0 1 14 0 110500 2
0 1 14 3 110500 2
0 1 13 3 110500 2
0 1 13 9 110500 2
0 1 13 2 110500 2
0 1 13 14 110500 2
0 1 12 1 110500 2
0 1 12 0 110500 2
0 1 10 11 110500 2
0 1 12 7 110500 2
0 1 12 12 110500 2
0 1 12 11 110500 2
0 1 11 13 110500 2
0 1 11 7 110500 2
0 1 11 8 110500 2
0 1 10 12 110500 2
0 1 10 13 110500 2
0 1 4 5 110500 2
0 1 5 6 110500 2
0 1 5 9 110500 2
0 1 5 8 110500 2
0 1 4 12 110500 2
0 1 4 11 110500 2
0 1 4 5 110500 2
0 1 4 1 110500 2
0 1 4 5 110500 2
0 1 4 14 110500 2
0 1 7 12 110500 2
0 1 4 15 110500 2
0 1 4 13 110500 2
0 1 3 0 110500 2
0 1 3 5 110500 2
0 1 3 5 110500 2
0 1 3 3 110500 2
0 1 3 8 110500 2
0 1 7 0 110500 2
0 1 5 10 110500 2
0 1 5 15 110500 2
0 1 7 14 110500 2
0 1 7 5 110500 2
0 1 7 6 110500 2
0 1 7 9 110500 2
0 1 7 2 110500 2
0 1 7 9 110500 2
0 1 7 5 110500 2
0 1 6 1 110500 2
0 1 6 11 110500 2
0 1 6 5 110500 2
0 1 6 15 110500 2
0 1 6 13 110500 2
0 1 6 14 110500 2
0 1 5 13 110500 2
0 1 5 10 110500 2
0 1 6 2 110500 2
0 1 8 14 111000 2
0 1 8 13 111000 2
0 1 8 15 111000 2
0 1 8 2 111000 2
0 1 8 2 111000 2
0 1 9 9 111000 2
0 1 10 8 111000 2
0 1 10 11 111000 2
0 1 10 0 111000 2
0 1 10 4 111000 2
0 1 8 3 111000 2
0 1 8 12 111000 2
0 1 8 2 111000 2
0 1 8 12 111000 2
0 1 7 5 111000 2
0 1 7 15 111000 2
0 1 7 13 111000 2
0 1 7 10 111000 2
0 1 7 1 111000 2
0 1 7 8 111000 2
0 1 12 1 111000 2
0 1 8 11 111000 2
0 1 14 3 111000 2
0 1 14 11 111000 2
0 1 13 6 111000 2
0 1 13 13 111000 2
0 1 13 14 111000 2
0 1 13 9 111000 2
0 1 13 14 111000 2
0 1 12 15 111000 2
0 1 12 2 111000 2
0 1 11 1 111000 2
0 1 12 15 111000 2
0 1 12 13 111000 2
0 1 12 13 111000 2
0 1 12 4 111000 2
0 1 11 7 111000 2
0 1 11 2 111000 2
0 1 11 9 111000 2
0 1 11 4 111000 2
0 1 11 0 111000 2
0 1 4 1 111000 2
0 1 6 5 111000 2
0 1 5 13 111000 2
0 1 5 13 111000 2
0 1 5 15 111000 2
0 1 5 11 111000 2
0 1 5 1 111000 2
0 1 5 10 111000 2
0 1 5 11 111000 2
0 1 4 4 111000 2
0 1 4 5 111000 2
0 1 7 14 111000 2
0 1 4 14 111000 2
0 1 4 0 111000 2
0 1 4 0 111000 2
0 1 3 5 111000 2
0 1 3 2 111000 2
0 1 3 13 111000 2
0 1 3 7 111000 2
0 1 3 11 111000 2
0 1 7 11 111000 2
0 1 6 11 111000 2
0 1 6 2 111000 2
0 1 7 10 111000 2
0 1 7 12 111000 2
0 1 7 4 111000 2
0 1 7 15 111000 2
0 1 3 11 111000 2
0 1 7 8 111000 2
0 1 7 14 111000 2
0 1 7 8 111000 2
0 1 7 3 111000 2
0 1 7 15 111000 2
0 1 7 11 111000 2
0 1 6 11 111000 2
0 1 6 8 111000 2
0 1 6 15 111000 2
0 1 6 15 111000 2
0 1 6 10 111000 2
0 1 7 11 111000 2
0 1 7 5 111000 2
0 1 9 5 111500 2
0 1 8 11 111500 2
0 1 8 8 111500 2
0 1 8 2 111500 2
0 1 8 11 111500 2
0 1 8 9 111500 2
0 1 8 12 111500 2
0 1 8 15 111500 2
0 1 8 2 111500 2
0 1 8 12 111500 2
0 1 8 5 111500 2
0 1 8 11 111500 2
0 1 8 8 111500 2
0 1 7 6 111500 2
0 1 7 3 111500 2
0 1 7 14 111500 2
0 1 7 7 111500 2
0 1 7 5 111500 2
0 1 7 10 111500 2
0 1 7 4 111500 2
0 1 7 8 111500 2
0 1 12 12 111500 2
0 1 7 0 111500 2
0 1 14 2 111500 2
0 1 13 3 111500 2
0 1 13 14 111500 2
0 1 13 9 111500 2
0 1 13 6 111500 2
0 1 12 0 111500 2
0 1 12 5 111500 2
0 1 12 12 111500 2
0 1 12 3 111500 2
0 1 9 10 111500 2
0 1 12 5 111500 2
0 1 11 8 111500 2
0 1 11 13 111500 2
0 1 11 12 111500 2
0 1 11 2 111500 2
0 1 10 4 111500 2
0 1 10 9 111500 2
0 1 10 11 111500 2
0 1 10 13 111500 2
0 1 4 1 111500 2
0 1 5 15 111500 2
0 1 5 11 111500 2
0 1 5 4 111500 2
0 1 5 13 111500 2
0 1 5 3 111500 2
0 1 5 13 111500 2
0 1 5 12 111500 2
0 1 4 10 111500 2
0 1 4 8 111500 2
0 1 4 2 111500 2
0 1 7 15 111500 2
0 1 4 11 111500 2
0 1 4 3 111500 2
0 1 4 3 111500 2
0 1 3 13 111500 2
0 1 3 7 111500 2
0 1 3 1 111500 2
0 1 3 4 111500 2
0 1 3 10 111500 2
0 1 3 5 111500 2
0 1 3 9 111500 2
0 1 6 14 111500 2
0 1 6 10 111500 2
0 1 7 1 111500 2
0 1 7 9 111500 2
0 1 7 9 111500 2
0 1 7 14 111500 2
0 1 7 2 111500 2
0 1 7 8 111500 2
0 1 7 12 111500 2
0 1 7 4 111500 2
0 1 7 10 111500 2
0 1 7 15 111500 2
0 1 6 8 111500 2
0 1 6 9 111500 2
0 1 6 9 111500 2
0 1 6 4 111500 2
0 1 6 2 111500 2
0 1 6 7 111500 2
0 1 6 0 111500 2
0 1 6 3 111500 2
0 1 7 6 111500 2
0 1 8 12 112000 2
0 1 8 6 112000 2
0 1 8 14 112000 2
0 1 8 1 112000 2
0 1 8 1 112000 2
0 1 8 12 112000 2
0 1 8 15 112000 2
0 1 8 11 112000 2
0 1 9 13 112000 2
0 1 9 12 112000 2
0 1 8 3 112000 2
0 1 8 8 112000 2
0 1 7 13 112000 2
0 1 7 8 112000 2
0 1 7 8 112000 2
0 1 7 6 112000 2
0 1 7 3 112000 2
0 1 7 6 112000 2
0 1 7 11 112000 2
0 1 7 12 112000 2
0 1 7 15 112000 2
0 1 12 8 112000 2
0 1 3 14 112000 2
0 1 14 1 112000 2
0 1 13 9 112000 2
0 1 13 4 112000 2
0 1 13 13 112000 2
0 1 13 10 112000 2
0 1 13 10 112000 2
0 1 12 8 112000 2
0 1 12 13 112000 2
0 1 12 4 112000 2
0 1 10 5 112000 2
0 1 12 4 112000 2
0 1 12 0 112000 2
0 1 11 8 112000 2
0 1 11 12 112000 2
0 1 11 7 112000 2
0 1 11 5 112000 2
0 1 11 6 112000 2
0 1 10 4 112000 2
0 1 10 12 112000 2
0 1 4 4 112000 2
0 1 5 3 112000 2
0 1 5 7 112000 2
0 1 5 9 112000 2
0 1 5 13 112000 2
0 1 5 5 112000 2
0 1 4 13 112000 2
0 1 4 8 112000 2
0 1 4 12 112000 2
0 1 4 13 112000 2
0 1 4 13 112000 2
0 1 7 9 112000 2
0 1 4 13 112000 2
0 1 4 5 112000 2
0 1 3 13 112000 2
0 1 3 11 112000 2
0 1 3 5 112000 2
0 1 3 12 112000 2
0 1 3 15 112000 2
0 1 3 1 112000 2
0 1 3 1 112000 2
0 1 7 7 112000 2
0 1 5 4 112000 2
0 1 5 4 112000 2
0 1 7 4 112000 2
0 1 7 14 112000 2
0 1 7 6 112000 2
0 1 7 7 112000 2
0 1 7 5 112000 2
0 1 7 1 112000 2
0 1 7 5 112000 2
0 1 7 10 112000 2
0 1 7 4 112000 2
0 1 6 7 112000 2
0 1 6 6 112000 2
0 1 6 1 112000 2
0 1 6 10 112000 2
0 1 6 14 112000 2
0 1 6 8 112000 2
0 1 6 14 112000 2
0 1 6 9 112000 2
0 1 7 13 112000 2
0 1 8 1 112500 2
0 1 8 6 112500 2
0 1 8 10 112500 2
0 1 9 6 112500 2
0 1 9 15 112500 2
0 1 9 2 112500 2
0 1 9 1 112500 2
0 1 9 12 112500 2
0 1 9 2 112500 2
0 1 9 4 112500 2
0 1 9 6 112500 2
0 1 8 12 112500 2
0 1 8 11 112500 2
0 1 8 0 112500 2
0 1 8 12 112500 2
0 1 8 13 112500 2
0 1 8 8 112500 2
0 1 8 2 112500 2
0 1 8 10 112500 2
0 1 8 0 112500 2
0 1 8 14 112500 2
0 1 8 10 112500 2
0 1 12 7 112500 2
0 1 5 4 112500 2
0 1 14 5 112500 2
0 1 14 12 112500 2
0 1 14 2 112500 2
0 1 13 8 112500 2
0 1 13 4 112500 2
0 1 13 1 112500 2
0 1 12 14 112500 2
0 1 12 4 112500 2
0 1 12 4 112500 2
0 1 10 3 112500 2
0 1 11 0 112500 2
0 1 11 4 112500 2
0 1 11 5 112500 2
0 1 11 1 112500 2
0 1 11 2 112500 2
0 1 10 5 112500 2
0 1 10 7 112500 2
0 1 10 12 112500 2
0 1 10 9 112500 2
0 1 10 0 112500 2
0 1 5 7 112500 2
0 1 6 10 112500 2
0 1 5 1 112500 2
0 1 5 13 112500 2
0 1 5 15 112500 2
0 1 5 5 112500 2
0 1 5 2 112500 2
0 1 5 12 112500 2
0 1 5 0 112500 2
0 1 5 10 112500 2
0 1 5 13 112500 2
0 1 3 11 112500 2
0 1 8 11 112500 2
0 1 4 6 112500 2
0 1 4 11 112500 2
0 1 4 10 112500 2
0 1 4 4 112500 2
0 1 4 3 112500 2
0 1 4 0 112500 2
0 1 4 10 112500 2
0 1 4 10 112500 2
0 1 4 1 112500 2
0 1 8 12 112500 2
0 1 6 15 112500 2
0 1 6 1 112500 2
0 1 8 13 112500 2
0 1 7 2 112500 2
0 1 7 7 112500 2
0 1 7 13 112500 2
0 1 7 0 112500 2
0 1 7 13 112500 2
0 1 7 13 112500 2
0 1 7 15 112500 2
0 1 7 14 112500 2
0 1 7 15 112500 2
0 1 7 2 112500 2
0 1 6 4 112500 2
0 1 6 15 112500 2
0 1 6 6 112500 2
0 1 6 9 112500 2
0 1 6 1 112500 2
0 1 6 1 112500 2
0 1 7 11 112500 2
0 1 7 0 112500 2
0 1 9 12 113000 2
0 1 9 13 113000 2
0 1 9 13 113000 2
0 1 9 3 113000 2
0 1 9 6 113000 2
0 1 9 9 113000 2
0 1 9 6 113000 2
0 1 8 13 113000 2
0 1 8 2 113000 2
0 1 8 11 113000 2
0 1 8 9 113000 2
0 1 8 5 113000 2
0 1 8 13 113000 2
0 1 8 12 113000 2
0 1 8 3 113000 2
0 1 8 5 113000 2
0 1 8 9 113000 2
0 1 8 13 113000 2
0 1 8 11 113000 2
0 1 8 12 113000 2
0 1 8 2 113000 2
0 1 8 9 113000 2
0 1 11 11 113000 2
0 1 13 4 113000 2
0 1 14 14 113000 2
0 1 14 5 113000 2
0 1 14 4 113000 2
0 1 13 7 113000 2
0 1 13 15 113000 2
0 1 12 10 113000 2
0 1 12 7 113000 2
0 1 12 15 113000 2
0 1 11 6 113000 2
0 1 9 11 113000 2
0 1 11 0 113000 2
0 1 11 2 113000 2
0 1 11 3 113000 2
0 1 11 7 113000 2
0 1 10 4 113000 2
0 1 10 8 113000 2
0 1 10 8 113000 2
0 1 10 4 113000 2
0 1 10 11 113000 2
0 1 10 2 113000 2
0 1 4 2 113000 2
0 1 5 15 113000 2
0 1 5 3 113000 2
0 1 5 10 113000 2
0 1 5 6 113000 2
0 1 5 15 113000 2
0 1 5 7 113000 2
0 1 5 8 113000 2
0 1 5 2 113000 2
0 1 5 7 113000 2
0 1 4 2 113000 2
0 1 4 6 113000 2
0 1 7 15 113000 2
0 1 4 2 113000 2
0 1 4 14 113000 2
0 1 4 12 113000 2
0 1 4 1 113000 2
0 1 3 8 113000 2
0 1 4 9 113000 2
0 1 4 9 113000 2
0 1 4 13 113000 2
0 1 3 15 113000 2
0 1 7 15 113000 2
0 1 5 0 113000 2
0 1 5 4 113000 2
0 1 7 3 113000 2
0 1 7 15 113000 2
0 1 7 3 113000 2
0 1 7 2 113000 2
0 1 7 7 113000 2
0 1 7 15 113000 2
0 1 7 2 113000 2
0 1 7 5 113000 2
0 1 7 0 113000 2
0 1 6 7 113000 2
0 1 6 4 113000 2
0 1 5 3 113000 2
0 1 6 14 113000 2
0 1 6 7 113000 2
0 1 6 1 113000 2
0 1 6 14 113000 2
0 1 6 13 113000 2
0 1 6 14 113000 2
0 1 6 3 113000 2
0 1 9 12 113500 2
0 1 9 3 113500 2
0 1 9 13 113500 2
0 1 8 1 113500 2
0 1 8 6 113500 2
0 1 8 4 113500 2
0 1 8 2 113500 2
0 1 8 13 113500 2
0 1 8 3 113500 2
0 1 8 12 113500 2
0 1 8 10 113500 2
0 1 8 8 113500 2
0 1 8 5 113500 2
0 1 8 5 113500 2
0 1 8 0 113500 2
0 1 8 6 113500 2
0 1 8 7 113500 2
0 1 8 2 113500 2
0 1 7 5 113500 2
0 1 8 6 113500 2
0 1 11 11 113500 2
0 1 14 10 113500 2
0 1 14 1 113500 2
0 1 14 5 113500 2
0 1 13 5 113500 2
0 1 13 4 113500 2
0 1 13 2 113500 2
0 1 12 10 113500 2
0 1 12 12 113500 2
0 1 12 6 113500 2
0 1 12 1 113500 2
0 1 9 13 113500 2
0 1 11 1 113500 2
0 1 11 3 113500 2
0 1 10 5 113500 2
0 1 10 11 113500 2
0 1 10 11 113500 2
0 1 9 10 113500 2
0 1 9 7 113500 2
0 1 9 7 113500 2
0 1 9 12 113500 2
0 1 4 4 113500 2
0 1 5 12 113500 2
0 1 5 3 113500 2
0 1 5 7 113500 2
0 1 5 9 113500 2
0 1 5 8 113500 2
0 1 5 6 113500 2
0 1 5 0 113500 2
0 1 5 4 113500 2
0 1 5 14 113500 2
0 1 5 7 113500 2
0 1 8 10 113500 2
0 1 4 15 113500 2
0 1 4 14 113500 2
0 1 4 9 113500 2
0 1 4 10 113500 2
0 1 4 10 113500 2
0 1 4 14 113500 2
0 1 4 0 113500 2
0 1 3 8 113500 2
0 1 8 1 113500 2
0 1 6 13 113500 2
0 1 5 14 113500 2
0 1 7 12 113500 2
0 1 7 12 113500 2
0 1 7 11 113500 2
0 1 7 2 113500 2
0 1 7 6 113500 2
0 1 7 3 113500 2
0 1 7 7 113500 2
0 1 7 14 113500 2
0 1 7 6 113500 2
0 1 6 11 113500 2
0 1 6 4 113500 2
0 1 6 3 113500 2
0 1 6 9 113500 2
0 1 6 9 113500 2
0 1 6 2 113500 2
0 1 6 7 113500 2
0 1 6 7 113500 2
0 1 7 11 113500 2
0 1 8 2 114000 2
0 1 8 6 114000 2
0 1 8 4 114000 2
0 1 8 12 114000 2
0 1 8 5 114000 2
0 1 9 4 114000 2
0 1 9 5 114000 2
0 1 9 7 114000 2
0 1 9 7 114000 2
0 1 9 8 114000 2
0 1 8 15 114000 2
0 1 8 6 114000 2
0 1 8 5 114000 2
0 1 8 7 114000 2
0 1 8 12 114000 2
0 1 8 13 114000 2
0 1 8 1 114000 2
0 1 8 4 114000 2
0 1 8 4 114000 2
0 1 8 6 114000 2
0 1 11 5 114000 2
0 1 3 10 114000 2
0 1 14 12 114000 2
0 1 14 2 114000 2
0 1 14 6 114000 2
0 1 13 7 114000 2
0 1 13 1 114000 2
0 1 13 11 114000 2
0 1 12 14 114000 2
0 1 12 10 114000 2
0 1 12 12 114000 2
0 1 9 6 114000 2
0 1 11 7 114000 2
0 1 11 15 114000 2
0 1 11 15 114000 2
0 1 11 11 114000 2
0 1 10 5 114000 2
0 1 10 15 114000 2
0 1 10 3 114000 2
0 1 10 6 114000 2
0 1 9 14 114000 2
0 1 5 0 114000 2
0 1 5 15 114000 2
0 1 5 0 114000 2
0 1 5 5 114000 2
0 1 5 3 114000 2
0 1 5 14 114000 2
0 1 5 10 114000 2
0 1 5 12 114000 2
0 1 5 0 114000 2
0 1 5 6 114000 2
0 1 5 8 114000 2
0 1 8 13 114000 2
0 1 5 11 114000 2
0 1 4 0 114000 2
0 1 4 6 114000 2
0 1 4 12 114000 2
0 1 4 13 114000 2
0 1 4 15 114000 2
0 1 4 14 114000 2
0 1 3 10 114000 2
0 1 8 12 114000 2
0 1 6 1 114000 2
0 1 6 6 114000 2
0 1 8 8 114000 2
0 1 7 8 114000 2
0 1 7 3 114000 2
0 1 7 2 114000 2
0 1 7 11 114000 2
0 1 7 10 114000 2
0 1 7 7 114000 2
0 1 7 6 114000 2
0 1 7 10 114000 2
0 1 7 7 114000 2
0 1 7 3 114000 2
0 1 6 1 114000 2
0 1 6 3 114000 2
0 1 6 13 114000 2
0 1 6 15 114000 2
0 1 6 11 114000 2
0 1 7 4 114000 2
0 1 9 11 114500 2
0 1 9 4 114500 2
0 1 9 2 114500 2
0 1 9 3 114500 2
0 1 9 12 114500 2
0 1 9 13 114500 2
0 1 9 0 114500 2
0 1 9 6 114500 2
0 1 9 2 114500 2
0 1 10 1 114500 2
0 1 8 2 114500 2
0 1 10 6 114500 2
0 1 8 11 114500 2
0 1 8 12 114500 2
0 1 8 10 114500 2
0 1 8 10 114500 2
0 1 8 6 114500 2
0 1 8 8 114500 2
0 1 8 1 114500 2
0 1 8 13 114500 2
0 1 8 10 114500 2
0 1 8 7 114500 2
0 1 8 7 114500 2
0 1 12 5 114500 2
0 1 14 9 114500 2
0 1 14 5 114500 2
0 1 14 2 114500 2
0 1 14 0 114500 2
0 1 14 11 114500 2
0 1 13 12 114500 2
0 1 13 13 114500 2
0 1 13 12 114500 2
0 1 12 6 114500 2
0 1 12 3 114500 2
0 1 12 4 114500 2
0 1 10 14 114500 2
0 1 12 4 114500 2
0 1 11 5 114500 2
0 1 11 4 114500 2
0 1 11 5 114500 2
0 1 11 7 114500 2
0 1 11 2 114500 2
0 1 11 6 114500 2
0 1 10 7 114500 2
0 1 10 2 114500 2
0 1 10 4 114500 2
0 1 5 11 114500 2
0 1 5 12 114500 2
0 1 5 7 114500 2
0 1 5 13 114500 2
0 1 5 4 114500 2
0 1 5 10 114500 2
0 1 5 7 114500 2
0 1 5 11 114500 2
0 1 5 12 114500 2
0 1 5 8 114500 2
0 1 5 7 114500 2
0 1 5 14 114500 2
0 1 7 2 114500 2
0 1 4 1 114500 2
0 1 4 7 114500 2
0 1 4 0 114500 2
0 1 4 12 114500 2
0 1 4 2 114500 2
0 1 4 12 114500 2
0 1 4 6 114500 2
0 1 4 1 114500 2
0 1 4 14 114500 2
0 1 4 14 114500 2
0 1 3 5 114500 2
0 1 6 10 114500 2
0 1 6 5 114500 2
0 1 8 11 114500 2
0 1 7 3 114500 2
0 1 7 0 114500 2
0 1 7 15 114500 2
0 1 7 1 114500 2
0 1 7 4 114500 2
0 1 7 3 114500 2
0 1 7 7 114500 2
0 1 7 6 114500 2
0 1 7 13 114500 2
0 1 7 3 114500 2
0 1 7 4 114500 2
0 1 6 1 114500 2
0 1 6 3 114500 2
0 1 6 1 114500 2
0 1 6 1 114500 2
0 1 6 9 114500 2
0 1 6 8 114500 2
0 1 6 0 114500 2
0 1 6 10 114500 2
0 1 7 9 114500 2
0 1 9 0 115000 2
0 1 9 12 115000 2
0 1 9 9 115000 2
0 1 9 6 115000 2
0 1 8 4 115000 2
0 1 8 2 115000 2
0 1 8 15 115000 2
0 1 8 14 115000 2
0 1 8 11 115000 2
0 1 8 4 115000 2
0 1 8 5 115000 2
0 1 8 15 115000 2
0 1 8 13 115000 2
0 1 8 11 115000 2
0 1 8 7 115000 2
0 1 8 14 115000 2
0 1 8 15 115000 2
0 1 8 2 115000 2
0 1 8 10 115000 2
0 1 8 4 115000 2
0 1 11 7 115000 2
0 1 7 8 115000 2
0 1 14 1 115000 2
0 1 14 0 115000 2
0 1 14 4 115000 2
0 1 13 4 115000 2
0 1 13 12 115000 2
0 1 13 13 115000 2
0 1 12 5 115000 2
0 1 12 9 115000 2
0 1 11 11 115000 2
0 1 9 3 115000 2
0 1 11 15 115000 2
0 1 10 14 115000 2
0 1 10 0 115000 2
0 1 10 4 115000 2
0 1 10 11 115000 2
0 1 10 3 115000 2
0 1 10 3 115000 2
0 1 9 3 115000 2
0 1 9 13 115000 2
0 1 5 10 115000 2
0 1 5 13 115000 2
0 1 5 1 115000 2
0 1 5 4 115000 2
0 1 5 13 115000 2
0 1 5 13 115000 2
0 1 5 5 115000 2
0 1 5 11 115000 2
0 1 5 8 115000 2
0 1 5 9 115000 2
0 1 5 11 115000 2
0 1 7 13 115000 2
0 1 4 12 115000 2
0 1 4 3 115000 2
0 1 4 6 115000 2
0 1 4 14 115000 2
0 1 4 8 115000 2
0 1 4 14 115000 2
0 1 4 12 115000 2
0 1 4 13 115000 2
0 1 7 0 115000 2
0 1 6 0 115000 2
0 1 5 2 115000 2
0 1 7 3 115000 2
0 1 7 0 115000 2
0 1 7 15 115000 2
0 1 7 14 115000 2
0 1 7 7 115000 2
0 1 7 5 115000 2
0 1 7 13 115000 2
0 1 7 7 115000 2
0 1 3 10 115000 2
0 1 6 12 115000 2
0 1 6 3 115000 2
0 1 6 12 115000 2
0 1 6 11 115000 2
0 1 6 15 115000 2
0 1 6 10 115000 2
0 1 6 14 115000 2
0 1 6 0 115000 2
0 1 6 4 115000 2
0 1 9 12 115500 2
0 1 9 11 115500 2
0 1 9 6 115500 2
0 1 9 3 115500 2
0 1 9 12 115500 2
0 1 9 11 115500 2
0 1 9 14 115500 2
0 1 9 8 115500 2
0 1 8 15 115500 2
0 1 8 13 115500 2
0 1 8 14 115500 2
0 1 8 1 115500 2
0 1 8 14 115500 2
0 1 8 3 115500 2
0 1 8 15 115500 2
0 1 8 11 115500 2
0 1 8 7 115500 2
0 1 8 14 115500 2
0 1 8 15 115500 2
0 1 8 8 115500 2
0 1 12 7 115500 2
0 1 14 1 115500 2
0 1 14 4 115500 2
0 1 14 14 115500 2
0 1 14 0 115500 2
0 1 13 13 115500 2
0 1 13 11 115500 2
0 1 13 12 115500 2
0 1 13 8 115500 2
0 1 12 15 115500 2
0 1 12 11 115500 2
0 1 9 2 115500 2
0 1 12 14 115500 2
0 1 11 9 115500 2
0 1 11 14 115500 2
0 1 11 12 115500 2
0 1 10 2 115500 2
0 1 10 3 115500 2
0 1 10 6 115500 2
0 1 10 10 115500 2
0 1 9 13 115500 2
0 1 4 14 115500 2
0 1 5 8 115500 2
0 1 5 6 115500 2
0 1 5 7 115500 2
0 1 5 4 115500 2
0 1 5 11 115500 2
0 1 5 9 115500 2
0 1 5 3 115500 2
0 1 5 2 115500 2
0 1 5 7 115500 2
0 1 5 5 115500 2
0 1 3 0 115500 2
0 1 4 1 115500 2
0 1 4 10 115500 2
0 1 4 5 115500 2
0 1 4 10 115500 2
0 1 4 9 115500 2
0 1 4 13 115500 2
0 1 4 14 115500 2
0 1 3 9 115500 2
0 1 8 11 115500 2
0 1 6 6 115500 2
0 1 8 4 115500 2
0 1 8 15 115500 2
0 1 8 3 115500 2
0 1 7 8 115500 2
0 1 7 5 115500 2
0 1 7 13 115500 2
0 1 7 9 115500 2
0 1 7 9 115500 2
0 1 7 6 115500 2
0 1 7 9 115500 2
0 1 7 2 115500 2
0 1 5 3 115500 2
0 1 6 14 115500 2
0 1 6 11 115500 2
0 1 6 5 115500 2
0 1 6 1 115500 2
0 1 7 10 115500 2
0 1 6 3 115500 2
0 1 6 10 115500 2
0 1 6 13 115500 2
0 1 8 9 116000 2
0 1 9 14 116000 2
0 1 9 15 116000 2
0 1 9 12 116000 2
0 1 9 14 116000 2
0 1 8 6 116000 2
0 1 8 12 116000 2
0 1 8 4 116000 2
0 1 8 12 116000 2
0 1 8 3 116000 2
0 1 8 9 116000 2
0 1 8 1 116000 2
0 1 8 13 116000 2
0 1 8 13 116000 2
0 1 8 6 116000 2
0 1 8 9 116000 2
0 1 8 0 116000 2
0 1 8 6 116000 2
0 1 8 12 116000 2
0 1 8 15 116000 2
0 1 11 11 116000 2
0 1 7 1 116000 2
0 1 14 8 116000 2
0 1 14 8 116000 2
0 1 13 5 116000 2
0 1 13 6 116000 2
0 1 13 13 116000 2
0 1 12 14 116000 2
0 1 12 2 116000 2
0 1 12 14 116000 2
0 1 11 15 116000 2
0 1 9 5 116000 2
0 1 11 10 116000 2
0 1 11 6 116000 2
0 1 10 11 116000 2
0 1 10 8 116000 2
0 1 10 6 116000 2
0 1 10 7 116000 2
0 1 9 13 116000 2
0 1 9 5 116000 2
0 1 9 15 116000 2
0 1 4 7 116000 2
0 1 5 14 116000 2
0 1 5 4 116000 2
0 1 5 1 116000 2
0 1 5 12 116000 2
0 1 5 14 116000 2
0 1 5 13 116000 2
0 1 5 0 116000 2
0 1 5 1 116000 2
0 1 5 14 116000 2
0 1 4 11 116000 2
0 1 7 15 116000 2
0 1 4 4 116000 2
0 1 4 5 116000 2
0 1 4 8 116000 2
0 1 4 1 116000 2
0 1 4 14 116000 2
0 1 4 2 116000 2
0 1 4 8 116000 2
0 1 3 0 116000 2
0 1 7 12 116000 2
0 1 5 5 116000 2
0 1 5 3 116000 2
0 1 7 12 116000 2
0 1 7 9 116000 2
0 1 7 5 116000 2
0 1 7 6 116000 2
0 1 7 12 116000 2
0 1 7 7 116000 2
0 1 7 4 116000 2
0 1 7 4 116000 2
0 1 6 8 116000 2
0 1 6 15 116000 2
0 1 6 9 116000 2
0 1 6 9 116000 2
0 1 6 10 116000 2
0 1 6 2 116000 2
0 1 6 1 116000 2
0 1 6 15 116000 2
0 1 7 6 116000 2
0 1 8 9 116500 2
0 1 8 3 116500 2
0 1 8 15 116500 2
0 1 8 12 116500 2
0 1 8 11 116500 2
0 1 9 9 116500 2
0 1 9 6 116500 2
0 1 9 7 116500 2
0 1 9 14 116500 2
0 1 9 5 116500 2
0 1 8 5 116500 2
0 1 8 13 116500 2
0 1 8 13 116500 2
0 1 8 0 116500 2
0 1 8 6 116500 2
0 1 8 13 116500 2
0 1 8 0 116500 2
0 1 8 13 116500 2
0 1 8 12 116500 2
0 1 8 9 116500 2
0 1 12 4 116500 2
0 1 7 5 116500 2
0 1 14 6 116500 2
0 1 14 13 116500 2
0 1 14 5 116500 2
0 1 13 7 116500 2
0 1 13 6 116500 2
0 1 13 13 116500 2
0 1 12 9 116500 2
0 1 12 2 116500 2
0 1 12 5 116500 2
0 1 9 8 116500 2
0 1 11 14 116500 2
0 1 11 7 116500 2
0 1 11 12 116500 2
0 1 11 13 116500 2
0 1 11 9 116500 2
0 1 10 5 116500 2
0 1 10 9 116500 2
0 1 10 12 116500 2
0 1 10 8 116500 2
0 1 5 13 116500 2
0 1 5 9 116500 2
0 1 5 12 116500 2
0 1 5 8 116500 2
0 1 5 7 116500 2
0 1 5 4 116500 2
0 1 5 3 116500 2
0 1 5 11 116500 2
0 1 5 4 116500 2
0 1 5 11 116500 2
0 1 5 15 116500 2
0 1 7 5 116500 2
0 1 4 14 116500 2
0 1 4 1 116500 2
0 1 4 2 116500 2
0 1 4 11 116500 2
0 1 4 15 116500 2
0 1 4 6 116500 2
0 1 4 1 116500 2
0 1 4 4 116500 2
0 1 7 5 116500 2
0 1 5 14 116500 2
0 1 5 14 116500 2
0 1 3 8 116500 2
0 1 7 12 116500 2
0 1 7 14 116500 2
0 1 7 3 116500 2
0 1 7 15 116500 2
0 1 7 2 116500 2
0 1 7 15 116500 2
0 1 7 12 116500 2
0 1 6 10 116500 2
0 1 6 14 116500 2
0 1 6 12 116500 2
0 1 6 13 116500 2
0 1 6 13 116500 2
0 1 6 7 116500 2
0 1 6 3 116500 2
0 1 6 0 116500 2
0 1 5 14 116500 2
0 1 6 13 116500 2
0 1 8 5 117000 2
0 1 8 6 117000 2
0 1 8 15 117000 2
0 1 8 15 117000 2
0 1 8 10 117000 2
0 1 8 4 117000 2
0 1 9 2 117000 2
0 1 9 12 117000 2
0 1 9 12 117000 2
0 1 9 15 117000 2
0 1 8 13 117000 2
0 1 8 8 117000 2
0 1 8 12 117000 2
0 1 8 2 117000 2
0 1 8 0 117000 2
0 1 8 9 117000 2
0 1 8 7 117000 2
0 1 8 5 117000 2
0 1 8 8 117000 2
0 1 7 8 117000 2
0 1 14 14 117000 2
0 1 11 15 117000 2
0 1 14 13 117000 2
0 1 13 14 117000 2
0 1 13 6 117000 2
0 1 13 11 117000 2
0 1 13 1 117000 2
0 1 12 2 117000 2
0 1 12 6 117000 2
0 1 12 12 117000 2
0 1 11 2 117000 2
0 1 9 6 117000 2
0 1 11 11 117000 2
0 1 11 13 117000 2
0 1 11 4 117000 2
0 1 10 14 117000 2
0 1 10 13 117000 2
0 1 10 7 117000 2
0 1 10 12 117000 2
0 1 10 4 117000 2
0 1 9 2 117000 2
0 1 4 7 117000 2
0 1 5 12 117000 2
0 1 5 0 117000 2
0 1 5 14 117000 2
0 1 5 7 117000 2
0 1 5 6 117000 2
0 1 5 3 117000 2
0 1 5 5 117000 2
0 1 5 14 117000 2
0 1 5 10 117000 2
0 1 5 7 117000 2
0 1 3 0 117000 2
0 1 4 12 117000 2
0 1 4 2 117000 2
0 1 4 0 117000 2
0 1 4 10 117000 2
0 1 4 11 117000 2
0 1 4 9 117000 2
0 1 4 4 117000 2
0 1 3 1 117000 2
0 1 7 8 117000 2
0 1 6 1 117000 2
0 1 7 6 117000 2
0 1 7 10 117000 2
0 1 7 9 117000 2
0 1 7 12 117000 2
0 1 7 2 117000 2
0 1 7 10 117000 2
0 1 7 7 117000 2
0 1 7 3 117000 2
0 1 6 15 117000 2
0 1 6 12 117000 2
0 1 5 15 117000 2
0 1 6 15 117000 2
0 1 6 14 117000 2
0 1 6 9 117000 2
0 1 6 7 117000 2
0 1 6 14 117000 2
0 1 6 5 117000 2
0 1 6 7 117000 2
0 1 6 4 117000 2
0 1 8 12 117500 2
0 1 9 15 117500 2
0 1 9 12 117500 2
0 1 9 4 117500 2
0 1 9 14 117500 2
0 1 9 2 117500 2
0 1 9 0 117500 2
0 1 9 3 117500 2
0 1 8 11 117500 2
0 1 8 6 117500 2
0 1 8 4 117500 2
0 1 8 12 117500 2
0 1 8 3 117500 2
0 1 8 2 117500 2
0 1 8 4 117500 2
0 1 8 10 117500 2
0 1 8 11 117500 2
0 1 8 2 117500 2
0 1 8 0 117500 2
0 1 12 13 117500 2
0 1 8 7 117500 2
0 1 14 4 117500 2
0 1 14 4 117500 2
0 1 13 9 117500 2
0 1 13 10 117500 2
0 1 13 13 117500 2
0 1 13 7 117500 2
0 1 12 9 117500 2
0 1 12 13 117500 2
0 1 9 15 117500 2
0 1 11 13 117500 2
0 1 11 5 117500 2
0 1 11 1 117500 2
0 1 11 7 117500 2
0 1 10 14 117500 2
0 1 10 14 117500 2
0 1 10 15 117500 2
0 1 10 10 117500 2
0 1 10 15 117500 2
0 1 4 15 117500 2
0 1 5 4 117500 2
0 1 5 2 117500 2
0 1 5 10 117500 2
0 1 5 2 117500 2
0 1 5 13 117500 2
0 1 5 15 117500 2
0 1 5 5 117500 2
0 1 5 7 117500 2
0 1 5 1 117500 2
0 1 7 8 117500 2
0 1 4 4 117500 2
0 1 4 1 117500 2
0 1 4 12 117500 2
0 1 4 14 117500 2
0 1 4 14 117500 2
0 1 4 14 117500 2
0 1 4 14 117500 2
0 1 4 3 117500 2
0 1 8 3 117500 2
0 1 6 11 117500 2
0 1 6 8 117500 2
0 1 7 6 117500 2
0 1 7 14 117500 2
0 1 7 4 117500 2
0 1 7 5 117500 2
0 1 7 10 117500 2
0 1 7 0 117500 2
0 1 7 5 117500 2
0 1 7 14 117500 2
0 1 7 11 117500 2
0 1 7 13 117500 2
0 1 6 14 117500 2
0 1 6 14 117500 2
0 1 6 12 117500 2
0 1 6 7 117500 2
0 1 6 12 117500 2
0 1 6 2 117500 2
0 1 7 7 117500 2
0 1 8 7 118000 2
0 1 8 6 118000 2
0 1 8 15 118000 2
0 1 8 13 118000 2
0 1 9 3 118000 2
0 1 9 14 118000 2
0 1 9 2 118000 2
0 1 9 12 118000 2
0 1 9 9 118000 2
0 1 9 3 118000 2
0 1 8 4 118000 2
0 1 8 12 118000 2
0 1 8 6 118000 2
0 1 8 8 118000 2
0 1 8 9 118000 2
0 1 8 10 118000 2
0 1 8 12 118000 2
0 1 8 5 118000 2
0 1 8 13 118000 2
0 1 7 9 118000 2
0 1 12 4 118000 2
0 1 14 10 118000 2
0 1 14 1 118000 2
0 1 14 6 118000 2
0 1 13 7 118000 2
0 1 13 0 118000 2
0 1 4 5 118000 2
0 1 13 9 118000 2
0 1 13 15 118000 2
0 1 12 8 118000 2
0 1 12 6 118000 2
0 1 9 3 118000 2
0 1 11 1 118000 2
0 1 11 1 118000 2
0 1 11 4 118000 2
0 1 11 4 118000 2
0 1 10 14 118000 2
0 1 10 15 118000 2
0 1 10 15 118000 2
0 1 10 10 118000 2
0 1 10 9 118000 2
0 1 5 7 118000 2
0 1 5 9 118000 2
0 1 5 11 118000 2
0 1 5 5 118000 2
0 1 5 2 118000 2
0 1 5 7 118000 2
0 1 5 14 118000 2
0 1 5 1 118000 2
0 1 5 12 118000 2
0 1 5 2 118000 2
0 1 5 0 118000 2
0 1 7 10 118000 2
0 1 4 1 118000 2
0 1 4 8 118000 2
0 1 4 6 118000 2
0 1 4 0 118000 2
0 1 4 5 118000 2
0 1 4 8 118000 2
0 1 3 14 118000 2
0 1 3 8 118000 2
0 1 7 2 118000 2
0 1 6 1 118000 2
0 1 5 7 118000 2
0 1 7 6 118000 2
0 1 7 2 118000 2
0 1 7 15 118000 2
0 1 7 4 118000 2
0 1 7 15 118000 2
0 1 7 6 118000 2
0 1 7 9 118000 2
0 1 7 10 118000 2
0 1 6 2 118000 2
0 1 6 9 118000 2
0 1 6 6 118000 2
0 1 6 2 118000 2
0 1 6 13 118000 2
0 1 6 14 118000 2
0 1 6 4 118000 2
0 1 6 5 118000 2
0 1 7 11 118000 2
0 1 8 13 118500 2
0 1 8 13 118500 2
0 1 8 13 118500 2
0 1 8 14 118500 2
0 1 8 3 118500 2
0 1 9 5 118500 2
0 1 9 3 118500 2
0 1 9 7 118500 2
0 1 9 9 118500 2
0 1 9 5 118500 2
0 1 8 7 118500 2
0 1 8 1 118500 2
0 1 8 1 118500 2
0 1 8 4 118500 2
0 1 8 14 118500 2
0 1 8 15 118500 2
0 1 8 6 118500 2
0 1 8 3 118500 2
0 1 8 10 118500 2
0 1 14 5 118500 2
0 1 7 4 118500 2
0 1 11 8 118500 2
0 1 14 12 118500 2
0 1 14 4 118500 2
0 1 14 2 118500 2
0 1 13 12 118500 2
0 1 13 14 118500 2
0 1 13 14 118500 2
0 1 12 11 118500 2
0 1 12 8 118500 2
0 1 12 8 118500 2
0 1 11 10 118500 2
0 1 9 4 118500 2
0 1 11 13 118500 2
0 1 11 14 118500 2
0 1 10 11 118500 2
0 1 10 9 118500 2
0 1 10 10 118500 2
0 1 10 15 118500 2
0 1 10 3 118500 2
0 1 9 14 118500 2
0 1 9 5 118500 2
0 1 4 12 118500 2
0 1 5 8 118500 2
0 1 5 1 118500 2
0 1 5 8 118500 2
0 1 5 7 118500 2
0 1 5 13 118500 2
0 1 5 9 118500 2
0 1 5 8 118500 2
0 1 5 0 118500 2
0 1 5 1 118500 2
0 1 5 9 118500 2
0 1 7 2 118500 2
0 1 4 1 118500 2
0 1 4 0 118500 2
0 1 4 10 118500 2
0 1 4 2 118500 2
0 1 4 5 118500 2
0 1 4 4 118500 2
0 1 4 13 118500 2
0 1 3 8 118500 2
0 1 3 9 118500 2
0 1 7 1 118500 2
0 1 5 1 118500 2
0 1 5 13 118500 2
0 1 7 14 118500 2
0 1 7 2 118500 2
0 1 7 1 118500 2
0 1 7 14 118500 2
0 1 7 6 118500 2
0 1 7 7 118500 2
0 1 7 1 118500 2
0 1 7 1 118500 2
0 1 7 4 118500 2
0 1 6 1 118500 2
0 1 6 1 118500 2
0 1 5 13 118500 2
0 1 6 14 118500 2
0 1 6 13 118500 2
0 1 6 4 118500 2
0 1 6 3 118500 2
0 1 6 4 118500 2
0 1 6 14 118500 2
0 1 6 2 118500 2
0 1 9 7 119000 2
0 1 9 5 119000 2
0 1 8 0 119000 2
0 1 8 1 119000 2
0 1 8 12 119000 2
0 1 8 9 119000 2
0 1 8 12 119000 2
0 1 8 6 119000 2
0 1 8 2 119000 2
0 1 8 3 119000 2
0 1 8 1 119000 2
0 1 8 14 119000 2
0 1 8 12 119000 2
0 1 8 15 119000 2
0 1 8 0 119000 2
0 1 8 7 119000 2
0 1 8 5 119000 2
0 1 8 14 119000 2
0 1 7 11 119000 2
0 1 7 14 119000 2
0 1 11 5 119000 2
0 1 14 8 119000 2
0 1 14 3 119000 2
0 1 14 7 119000 2
0 1 14 8 119000 2
0 1 13 13 119000 2
0 1 13 12 119000 2
0 1 12 2 119000 2
0 1 12 10 119000 2
0 1 12 9 119000 2
0 1 11 2 119000 2
0 1 9 15 119000 2
0 1 11 14 119000 2
0 1 10 6 119000 2
0 1 10 14 119000 2
0 1 10 2 119000 2
0 1 10 13 119000 2
0 1 9 6 119000 2
0 1 9 4 119000 2
0 1 9 11 119000 2
0 1 9 1 119000 2
0 1 4 4 119000 2
0 1 5 11 119000 2
0 1 5 3 119000 2
0 1 5 11 119000 2
0 1 5 10 119000 2
0 1 5 9 119000 2
0 1 5 11 119000 2
0 1 5 3 119000 2
0 1 5 13 119000 2
0 1 5 4 119000 2
0 1 5 3 119000 2
0 1 7 7 119000 2
0 1 4 1 119000 2
0 1 4 7 119000 2
0 1 4 7 119000 2
0 1 4 12 119000 2
0 1 4 7 119000 2
0 1 4 2 119000 2
0 1 4 5 119000 2
0 1 3 5 119000 2
0 1 3 8 119000 2
0 1 5 1 119000 2
0 1 5 8 119000 2
0 1 7 4 119000 2
0 1 7 2 119000 2
0 1 7 2 119000 2
0 1 7 12 119000 2
0 1 7 9 119000 2
0 1 7 7 119000 2
0 1 6 0 119000 2
0 1 6 14 119000 2
0 1 6 4 119000 2
0 1 6 12 119000 2
0 1 6 1 119000 2
0 1 6 9 119000 2
0 1 6 8 119000 2
0 1 6 5 119000 2
0 1 6 11 119000 2
0 1 6 15 119000 2
0 1 6 4 119000 2
0 1 6 6 119000 2
0 1 9 5 119500 2
0 1 9 10 119500 2
0 1 9 14 119500 2
0 1 9 6 119500 2
0 1 9 12 119500 2
0 1 9 4 119500 2
0 1 8 12 119500 2
0 1 8 5 119500 2
0 1 8 10 119500 2
0 1 8 9 119500 2
0 1 8 7 119500 2
0 1 8 1 119500 2
0 1 8 9 119500 2
0 1 8 10 119500 2
0 1 8 2 119500 2
0 1 8 13 119500 2
0 1 8 3 119500 2
0 1 8 0 119500 2
0 1 8 8 119500 2
0 1 8 10 119500 2
0 1 12 3 119500 2
0 1 14 8 119500 2
0 1 4 11 119500 2
0 1 14 0 119500 2
0 1 14 12 119500 2
0 1 13 5 119500 2
0 1 13 11 119500 2
0 1 13 5 119500 2
0 1 12 10 119500 2
0 1 12 1 119500 2
0 1 9 2 119500 2
0 1 11 8 119500 2
0 1 11 8 119500 2
0 1 11 15 119500 2
0 1 11 10 119500 2
0 1 10 9 119500 2
0 1 10 13 119500 2
0 1 10 9 119500 2
0 1 9 14 119500 2
0 1 9 2 119500 2
0 1 5 2 119500 2
0 1 6 8 119500 2
0 1 6 6 119500 2
0 1 5 8 119500 2
0 1 5 3 119500 2
0 1 5 11 119500 2
0 1 5 2 119500 2
0 1 5 15 119500 2
0 1 5 4 119500 2
0 1 5 10 119500 2
0 1 5 6 119500 2
0 1 8 15 119500 2
0 1 5 8 119500 2
0 1 5 9 119500 2
0 1 5 5 119500 2
0 1 4 6 119500 2
0 1 4 0 119500 2
0 1 4 1 119500 2
0 1 4 12 119500 2
0 1 4 0 119500 2
0 1 8 15 119500 2
0 1 6 11 119500 2
0 1 6 7 119500 2
0 1 7 9 119500 2
0 1 7 10 119500 2
0 1 7 12 119500 2
0 1 7 7 119500 2
0 1 7 6 119500 2
0 1 7 8 119500 2
0 1 7 12 119500 2
0 1 7 15 119500 2
0 1 7 2 119500 2
0 1 6 0 119500 2
0 1 6 5 119500 2
0 1 6 9 119500 2
0 1 6 10 119500 2
0 1 6 5 119500 2
0 1 6 12 119500 2
0 1 6 6 119500 2
0 1 7 10 119500 2
0 1 8 0 120000 2
0 1 8 10 120000 2
0 1 8 12 120000 2
0 1 8 3 120000 2
0 1 8 8 120000 2
0 1 9 9 120000 2
0 1 9 14 120000 2
0 1 9 0 120000 2
0 1 9 10 120000 2
0 1 7 7 120000 2
0 1 9 1 120000 2
0 1 8 9 120000 2
0 1 8 4 120000 2
0 1 8 14 120000 2
0 1 8 2 120000 2
0 1 8 5 120000 2
0 1 8 5 120000 2
0 1 8 10 120000 2
0 1 8 8 120000 2
0 1 8 4 120000 2
0 1 7 14 120000 2
0 1 11 6 120000 2
0 1 14 4 120000 2
0 1 14 10 120000 2
0 1 14 2 120000 2
0 1 13 6 120000 2
0 1 13 12 120000 2
0 1 13 10 120000 2
0 1 12 14 120000 2
0 1 12 5 120000 2
0 1 12 4 120000 2
0 1 12 2 120000 2
0 1 9 1 120000 2
0 1 11 12 120000 2
0 1 11 15 120000 2
0 1 11 11 120000 2
0 1 11 11 120000 2
0 1 10 2 120000 2
0 1 10 6 120000 2
0 1 10 11 120000 2
0 1 10 9 120000 2
0 1 10 13 120000 2
0 1 9 5 120000 2
0 1 4 8 120000 2
0 1 5 6 120000 2
0 1 5 5 120000 2
0 1 5 5 120000 2
0 1 5 5 120000 2
0 1 5 1 120000 2
0 1 5 0 120000 2
0 1 5 0 120000 2
0 1 5 6 120000 2
0 1 5 10 120000 2
0 1 5 1 120000 2
0 1 7 1 120000 2
0 1 4 1 120000 2
0 1 4 4 120000 2
0 1 4 5 120000 2
0 1 4 15 120000 2
0 1 4 0 120000 2
0 1 4 11 120000 2
0 1 4 7 120000 2
0 1 4 12 120000 2
0 1 3 10 120000 2
0 1 3 14 120000 2
0 1 5 8 120000 2
0 1 5 1 120000 2
0 1 7 1 120000 2
0 1 7 7 120000 2
0 1 7 15 120000 2
0 1 7 10 120000 2
0 1 7 6 120000 2
0 1 7 7 120000 2
0 1 7 1 120000 2
0 1 7 3 120000 2
0 1 7 0 120000 2
0 1 7 2 120000 2
0 1 6 6 120000 2
0 1 6 8 120000 2
0 1 5 0 120000 2
0 1 6 9 120000 2
0 1 6 10 120000 2
0 1 6 12 120000 2
0 1 6 10 120000 2
0 1 6 9 120000 2
0 1 6 10 120000 2
0 1 6 7 120000 2
0 1 9 10 120500 2
0 1 9 4 120500 2
0 1 9 2 120500 2
0 1 9 11 120500 2
0 1 9 2 120500 2
0 1 9 10 120500 2
0 1 9 4 120500 2
0 1 8 0 120500 2
0 1 8 2 120500 2
0 1 8 6 120500 2
0 1 8 12 120500 2
0 1 8 12 120500 2
0 1 8 15 120500 2
0 1 8 9 120500 2
0 1 8 4 120500 2
0 1 8 11 120500 2
0 1 8 13 120500 2
0 1 8 11 120500 2
0 1 8 8 120500 2
0 1 8 3 120500 2
0 1 8 12 120500 2
0 1 11 12 120500 2
0 1 14 9 120500 2
0 1 14 13 120500 2
0 1 14 4 120500 2
0 1 13 10 120500 2
0 1 13 13 120500 2
0 1 12 5 120500 2
0 1 12 14 120500 2
0 1 12 8 120500 2
0 1 12 10 120500 2
0 1 12 15 120500 2
0 1 10 5 120500 2
0 1 11 0 120500 2
0 1 11 5 120500 2
0 1 11 15 120500 2
0 1 11 14 120500 2
0 1 10 12 120500 2
0 1 10 14 120500 2
0 1 10 3 120500 2
0 1 10 4 120500 2
0 1 10 12 120500 2
0 1 5 4 120500 2
0 1 5 1 120500 2
0 1 5 14 120500 2
0 1 5 4 120500 2
0 1 5 4 120500 2
0 1 5 9 120500 2
0 1 5 9 120500 2
0 1 5 7 120500 2
0 1 5 0 120500 2
0 1 5 3 120500 2
0 1 5 10 120500 2
0 1 8 12 120500 2
0 1 4 12 120500 2
0 1 4 12 120500 2
0 1 4 2 120500 2
0 1 4 4 120500 2
0 1 4 0 120500 2
0 1 4 12 120500 2
0 1 4 10 120500 2
0 1 4 10 120500 2
0 1 8 4 120500 2
0 1 6 15 120500 2
0 1 6 11 120500 2
0 1 8 3 120500 2
0 1 7 8 120500 2
0 1 7 14 120500 2
0 1 7 0 120500 2
0 1 7 4 120500 2
0 1 7 12 120500 2
0 1 7 2 120500 2
0 1 7 5 120500 2
0 1 7 10 120500 2
0 1 7 14 120500 2
0 1 7 2 120500 2
0 1 6 1 120500 2
0 1 6 13 120500 2
0 1 6 2 120500 2
0 1 6 10 120500 2
0 1 6 12 120500 2
0 1 6 7 120500 2
0 1 6 15 120500 2
0 1 9 3 121000 2
0 1 9 1 121000 2
0 1 9 13 121000 2
0 1 9 2 121000 2
0 1 9 5 121000 2
0 1 9 5 121000 2
0 1 8 0 121000 2
0 1 8 1 121000 2
0 1 8 9 121000 2
0 1 8 12 121000 2
0 1 8 10 121000 2
0 1 8 6 121000 2
0 1 8 2 121000 2
0 1 8 12 121000 2
0 1 8 12 121000 2
0 1 8 7 121000 2
0 1 8 2 121000 2
0 1 8 2 121000 2
0 1 8 1 121000 2
0 1 8 2 121000 2
0 1 12 9 121000 2
0 1 14 14 121000 2
0 1 14 2 121000 2
0 1 14 11 121000 2
0 1 13 1 121000 2
0 1 13 15 121000 2
0 1 13 10 121000 2
0 1 12 6 121000 2
0 1 12 15 121000 2
0 1 12 7 121000 2
0 1 10 8 121000 2
0 1 11 11 121000 2
0 1 11 13 121000 2
0 1 11 3 121000 2
0 1 11 13 121000 2
0 1 11 4 121000 2
0 1 10 0 121000 2
0 1 10 13 121000 2
0 1 10 15 121000 2
0 1 10 3 121000 2
0 1 4 14 121000 2
0 1 6 6 121000 2
0 1 5 13 121000 2
0 1 5 0 121000 2
0 1 5 8 121000 2
0 1 5 5 121000 2
0 1 5 13 121000 2
0 1 5 3 121000 2
0 1 5 14 121000 2
0 1 5 0 121000 2
0 1 5 8 121000 2
0 1 7 15 121000 2
0 1 4 9 121000 2
0 1 4 11 121000 2
0 1 4 7 121000 2
0 1 4 11 121000 2
0 1 4 14 121000 2
0 1 4 8 121000 2
0 1 3 8 121000 2
0 1 3 6 121000 2
0 1 8 8 121000 2
0 1 6 5 121000 2
0 1 6 11 121000 2
0 1 7 8 121000 2
0 1 7 13 121000 2
0 1 7 11 121000 2
0 1 7 9 121000 2
0 1 7 1 121000 2
0 1 7 0 121000 2
0 1 7 8 121000 2
0 1 7 7 121000 2
0 1 7 9 121000 2
0 1 7 0 121000 2
0 1 7 2 121000 2
0 1 6 15 121000 2
0 1 6 13 121000 2
0 1 6 10 121000 2
0 1 6 6 121000 2
0 1 6 3 121000 2
0 1 6 1 121000 2
0 1 6 3 121000 2
0 1 9 3 121500 2
0 1 9 1 121500 2
0 1 9 3 121500 2
0 1 9 8 121500 2
0 1 9 4 121500 2
0 1 9 13 121500 2
0 1 8 13 121500 2
0 1 8 8 121500 2
0 1 8 4 121500 2
0 1 8 1 121500 2
0 1 8 10 121500 2
0 1 8 12 121500 2
0 1 8 15 121500 2
0 1 8 12 121500 2
0 1 8 10 121500 2
0 1 8 14 121500 2
0 1 8 6 121500 2
0 1 8 1 121500 2
0 1 8 10 121500 2
0 1 11 8 121500 2
0 1 14 1 121500 2
0 1 14 15 121500 2
0 1 14 2 121500 2
0 1 13 10 121500 2
0 1 13 9 121500 2
0 1 13 6 121500 2
0 1 12 6 121500 2
0 1 12 6 121500 2
0 1 12 2 121500 2
0 1 9 5 121500 2
0 1 11 11 121500 2
0 1 11 4 121500 2
0 1 11 13 121500 2
0 1 10 15 121500 2
0 1 10 9 121500 2
0 1 10 9 121500 2
0 1 9 4 121500 2
0 1 9 15 121500 2
0 1 9 2 121500 2
0 1 5 11 121500 2
0 1 5 11 121500 2
0 1 5 7 121500 2
0 1 5 6 121500 2
0 1 5 4 121500 2
0 1 5 3 121500 2
0 1 5 14 121500 2
0 1 5 3 121500 2
0 1 5 3 121500 2
0 1 5 4 121500 2
0 1 7 8 121500 2
0 1 4 6 121500 2
0 1 4 1 121500 2
0 1 4 2 121500 2
0 1 4 11 121500 2
0 1 4 11 121500 2
0 1 4 10 121500 2
0 1 4 13 121500 2
0 1 3 9 121500 2
0 1 8 1 121500 2
0 1 6 13 121500 2
0 1 5 8 121500 2
0 1 7 3 121500 2
0 1 7 13 121500 2
0 1 7 14 121500 2
0 1 7 6 121500 2
0 1 7 6 121500 2
0 1 7 11 121500 2
0 1 7 13 121500 2
0 1 7 14 121500 2
0 1 6 6 121500 2
0 1 6 8 121500 2
0 1 6 6 121500 2
0 1 6 8 121500 2
0 1 6 13 121500 2
0 1 6 8 121500 2
0 1 6 10 121500 2
0 1 6 13 121500 2
0 1 7 5 121500 2
0 1 8 15 122000 2
0 1 8 3 122000 2
0 1 8 8 122000 2
0 1 8 15 122000 2
0 1 9 12 122000 2
0 1 9 13 122000 2
0 1 9 0 122000 2
0 1 9 5 122000 2
0 1 9 3 122000 2
0 1 9 14 122000 2
0 1 8 15 122000 2
0 1 8 15 122000 2
0 1 8 11 122000 2
0 1 8 13 122000 2
0 1 8 13 122000 2
0 1 8 13 122000 2
0 1 8 8 122000 2
0 1 8 8 122000 2
0 1 8 13 122000 2
0 1 8 9 122000 2
0 1 8 14 122000 2
0 1 12 3 122000 2
0 1 8 6 122000 2
0 1 14 12 122000 2
0 1 14 14 122000 2
0 1 14 3 122000 2
0 1 14 9 122000 2
0 1 13 13 122000 2
0 1 13 3 122000 2
0 1 13 8 122000 2
0 1 12 6 122000 2
0 1 12 4 122000 2
0 1 9 6 122000 2
0 1 11 7 122000 2
0 1 11 4 122000 2
0 1 11 11 122000 2
0 1 11 0 122000 2
0 1 11 5 122000 2
0 1 10 15 122000 2
0 1 10 15 122000 2
0 1 10 6 122000 2
0 1 10 2 122000 2
0 1 9 11 122000 2
0 1 5 15 122000 2
0 1 6 3 122000 2
0 1 5 12 122000 2
0 1 5 12 122000 2
0 1 5 4 122000 2
0 1 5 0 122000 2
0 1 5 8 122000 2
0 1 5 0 122000 2
0 1 5 15 122000 2
0 1 5 9 122000 2
0 1 5 3 122000 2
0 1 5 12 122000 2
0 1 7 10 122000 2
0 1 5 15 122000 2
0 1 5 11 122000 2
0 1 4 14 122000 2
0 1 4 0 122000 2
0 1 4 4 122000 2
0 1 4 11 122000 2
0 1 4 12 122000 2
0 1 4 4 122000 2
0 1 4 4 122000 2
0 1 7 11 122000 2
0 1 6 1 122000 2
0 1 6 1 122000 2
0 1 7 5 122000 2
0 1 7 8 122000 2
0 1 3 10 122000 2
0 1 7 11 122000 2
0 1 7 12 122000 2
0 1 7 12 122000 2
0 1 7 2 122000 2
0 1 7 7 122000 2
0 1 7 1 122000 2
0 1 7 1 122000 2
0 1 7 2 122000 2
0 1 6 14 122000 2
0 1 6 12 122000 2
0 1 6 8 122000 2
0 1 6 3 122000 2
0 1 6 8 122000 2
0 1 6 6 122000 2
0 1 7 13 122000 2
0 1 7 14 122000 2
0 1 9 1 122500 2
0 1 9 6 122500 2
0 1 9 5 122500 2
0 1 9 8 122500 2
0 1 9 3 122500 2
0 1 9 2 122500 2
0 1 9 1 122500 2
0 1 8 7 122500 2
0 1 8 4 122500 2
0 1 8 0 122500 2
0 1 8 11 122500 2
0 1 8 1 122500 2
0 1 8 7 122500 2
0 1 8 7 122500 2
0 1 8 9 122500 2
0 1 8 8 122500 2
0 1 8 13 122500 2
0 1 8 12 122500 2
0 1 8 7 122500 2
0 1 8 5 122500 2
0 1 8 10 122500 2
0 1 12 0 122500 2
0 1 14 8 122500 2
0 1 14 12 122500 2
0 1 14 15 122500 2
0 1 14 2 122500 2
0 1 14 4 122500 2
0 1 13 0 122500 2
0 1 13 10 122500 2
0 1 13 0 122500 2
0 1 13 12 122500 2
0 1 12 0 122500 2
0 1 10 12 122500 2
0 1 12 3 122500 2
0 1 11 4 122500 2
0 1 11 14 122500 2
0 1 11 3 122500 2
0 1 11 7 122500 2
0 1 10 1 122500 2
0 1 10 7 122500 2
0 1 10 3 122500 2
0 1 10 9 122500 2
0 1 4 8 122500 2
0 1 5 14 122500 2
0 1 5 7 122500 2
0 1 5 10 122500 2
0 1 5 15 122500 2
0 1 5 7 122500 2
0 1 5 12 122500 2
0 1 5 5 122500 2
0 1 5 7 122500 2
0 1 5 11 122500 2
0 1 5 7 122500 2
0 1 8 4 122500 2
0 1 4 7 122500 2
0 1 4 15 122500 2
0 1 4 6 122500 2
0 1 4 4 122500 2
0 1 4 14 122500 2
0 1 4 7 122500 2
0 1 4 4 122500 2
0 1 3 15 122500 2
0 1 3 0 122500 2
0 1 8 4 122500 2
0 1 6 7 122500 2
0 1 5 4 122500 2
0 1 8 11 122500 2
0 1 7 1 122500 2
0 1 7 12 122500 2
0 1 7 14 122500 2
0 1 7 9 122500 2
0 1 7 12 122500 2
0 1 7 4 122500 2
0 1 7 3 122500 2
0 1 7 12 122500 2
0 1 7 3 122500 2
0 1 7 14 122500 2
0 1 6 3 122500 2
0 1 6 5 122500 2
0 1 6 0 122500 2
0 1 6 7 122500 2
0 1 6 4 122500 2
0 1 6 10 122500 2
0 1 6 1 122500 2
0 1 6 3 122500 2
0 1 9 12 123000 2
0 1 9 6 123000 2
0 1 9 15 123000 2
0 1 9 1 123000 2
0 1 9 2 123000 2
0 1 9 10 123000 2
0 1 8 0 123000 2
0 1 8 13 123000 2
0 1 8 8 123000 2
0 1 8 13 123000 2
0 1 8 12 123000 2
0 1 8 2 123000 2
0 1 8 12 123000 2
0 1 8 14 123000 2
0 1 8 9 123000 2
0 1 8 9 123000 2
0 1 8 0 123000 2
0 1 8 12 123000 2
0 1 7 15 123000 2
0 1 8 9 123000 2
0 1 11 7 123000 2
0 1 14 3 123000 2
0 1 14 2 123000 2
0 1 14 12 123000 2
0 1 13 15 123000 2
0 1 13 2 123000 2
0 1 13 3 123000 2
0 1 12 8 123000 2
0 1 12 2 123000 2
0 1 12 7 123000 2
0 1 12 3 123000 2
0 1 9 6 123000 2
0 1 11 12 123000 2
0 1 11 9 123000 2
0 1 11 9 123000 2
0 1 11 14 123000 2
0 1 10 9 123000 2
0 1 10 1 123000 2
0 1 10 3 123000 2
0 1 10 9 123000 2
0 1 9 13 123000 2
0 1 4 10 123000 2
0 1 5 9 123000 2
0 1 5 3 123000 2
0 1 5 11 123000 2
0 1 5 9 123000 2
0 1 5 13 123000 2
0 1 5 1 123000 2
0 1 5 4 123000 2
0 1 5 1 123000 2
0 1 5 11 123000 2
0 1 4 1 123000 2
0 1 7 0 123000 2
0 1 4 6 123000 2
0 1 4 8 123000 2
0 1 4 5 123000 2
0 1 4 11 123000 2
0 1 4 10 123000 2
0 1 4 4 123000 2
0 1 4 10 123000 2
0 1 3 11 123000 2
0 1 8 5 123000 2
0 1 6 10 123000 2
0 1 5 8 123000 2
0 1 7 6 123000 2
0 1 7 6 123000 2
0 1 7 1 123000 2
0 1 7 12 123000 2
0 1 7 4 123000 2
0 1 7 7 123000 2
0 1 7 2 123000 2
0 1 7 7 123000 2
0 1 6 8 123000 2
0 1 6 3 123000 2
0 1 6 4 123000 2
0 1 6 9 123000 2
0 1 6 11 123000 2
0 1 6 5 123000 2
0 1 6 5 123000 2
0 1 6 5 123000 2
0 1 7 4 123000 2
0 1 9 1 123500 2
0 1 9 3 123500 2
0 1 9 3 123500 2
0 1 9 11 123500 2
0 1 9 3 123500 2
0 1 9 5 123500 2
0 1 9 6 123500 2
0 1 9 9 123500 2
0 1 9 9 123500 2
0 1 9 3 123500 2
0 1 8 4 123500 2
0 1 8 14 123500 2
0 1 8 7 123500 2
0 1 8 15 123500 2
0 1 8 1 123500 2
0 1 8 0 123500 2
0 1 8 9 123500 2
0 1 8 5 123500 2
0 1 8 3 123500 2
0 1 8 8 123500 2
0 1 12 2 123500 2
0 1 3 9 123500 2
0 1 14 12 123500 2
0 1 14 5 123500 2
0 1 14 2 123500 2
0 1 13 0 123500 2
0 1 13 2 123500 2
0 1 13 7 123500 2
0 1 12 3 123500 2
0 1 12 14 123500 2
0 1 12 5 123500 2
0 1 10 6 123500 2
0 1 12 1 123500 2
0 1 11 8 123500 2
0 1 11 7 123500 2
0 1 11 4 123500 2
0 1 11 15 123500 2
0 1 10 8 123500 2
0 1 10 3 123500 2
0 1 10 9 123500 2
0 1 10 15 123500 2
0 1 5 11 123500 2
0 1 6 11 123500 2
0 1 5 11 123500 2
0 1 5 13 123500 2
0 1 5 14 123500 2
0 1 5 6 123500 2
0 1 5 12 123500 2
0 1 5 0 123500 2
0 1 5 0 123500 2
0 1 5 13 123500 2
0 1 5 8 123500 2
0 1 8 13 123500 2
0 1 5 8 123500 2
0 1 4 2 123500 2
0 1 4 1 123500 2
0 1 4 12 123500 2
0 1 4 5 123500 2
0 1 4 13 123500 2
0 1 4 9 123500 2
0 1 4 9 123500 2
0 1 8 14 123500 2
0 1 6 12 123500 2
0 1 6 10 123500 2
0 1 8 10 123500 2
0 1 8 14 123500 2
0 1 7 6 123500 2
0 1 7 8 123500 2
0 1 7 9 123500 2
0 1 7 1 123500 2
0 1 7 6 123500 2
0 1 7 12 123500 2
0 1 7 9 123500 2
0 1 7 13 123500 2
0 1 6 7 123500 2
0 1 6 5 123500 2
0 1 6 1 123500 2
0 1 6 13 123500 2
0 1 7 5 123500 2
0 1 7 2 123500 2
0 1 7 1 123500 2
0 1 9 2 124000 2
0 1 9 15 124000 2
0 1 9 13 124000 2
0 1 9 1 124000 2
0 1 9 0 124000 2
0 1 9 6 124000 2
0 1 9 7 124000 2
0 1 8 6 124000 2
0 1 8 7 124000 2
0 1 8 13 124000 2
0 1 8 7 124000 2
0 1 8 1 124000 2
0 1 8 1 124000 2
0 1 8 15 124000 2
0 1 8 9 124000 2
0 1 8 8 124000 2
0 1 8 7 124000 2
0 1 8 9 124000 2
0 1 8 6 124000 2
0 1 12 15 124000 2
0 1 8 14 124000 2
0 1 14 9 124000 2
0 1 14 0 124000 2
0 1 14 0 124000 2
0 1 13 3 124000 2
0 1 13 8 124000 2
0 1 13 3 124000 2
0 1 12 2 124000 2
0 1 12 3 124000 2
0 1 10 8 124000 2
0 1 11 7 124000 2
0 1 11 2 124000 2
0 1 11 7 124000 2
0 1 11 5 124000 2
0 1 10 1 124000 2
0 1 10 10 124000 2
0 1 10 5 124000 2
0 1 10 12 124000 2
0 1 10 14 124000 2
0 1 5 9 124000 2
0 1 6 0 124000 2
0 1 6 10 124000 2
0 1 5 12 124000 2
0 1 5 13 124000 2
0 1 5 10 124000 2
0 1 5 11 124000 2
0 1 5 9 124000 2
0 1 5 6 124000 2
0 1 5 10 124000 2
0 1 5 8 124000 2
0 1 6 14 124000 2
0 1 5 9 124000 2
0 1 4 12 124000 2
0 1 4 12 124000 2
0 1 4 6 124000 2
0 1 4 7 124000 2
0 1 4 14 124000 2
0 1 4 4 124000 2
0 1 4 12 124000 2
0 1 8 3 124000 2
0 1 6 13 124000 2
0 1 7 3 124000 2
0 1 7 14 124000 2
0 1 7 0 124000 2
0 1 7 9 124000 2
0 1 7 4 124000 2
0 1 7 15 124000 2
0 1 7 3 124000 2
0 1 7 5 124000 2
0 1 7 10 124000 2
0 1 7 13 124000 2
0 1 7 14 124000 2
0 1 6 12 124000 2
0 1 6 12 124000 2
0 1 6 1 124000 2
0 1 6 15 124000 2
0 1 6 2 124000 2
0 1 6 4 124000 2
0 1 6 13 124000 2
0 1 8 11 124500 2
0 1 8 0 124500 2
0 1 8 2 124500 2
0 1 8 9 124500 2
0 1 8 15 124500 2
0 1 9 8 124500 2
0 1 8 5 124500 2
0 1 9 13 124500 2
0 1 9 3 124500 2
0 1 9 1 124500 2
0 1 14 13 124500 2
0 1 8 12 124500 2
0 1 8 0 124500 2
0 1 8 3 124500 2
0 1 8 9 124500 2
0 1 8 12 124500 2
0 1 8 3 124500 2
0 1 8 3 124500 2
0 1 8 11 124500 2
0 1 8 2 124500 2
0 1 7 8 124500 2
0 1 11 8 124500 2
0 1 4 2 124500 2
0 1 14 9 124500 2
0 1 14 1 124500 2
0 1 13 11 124500 2
0 1 13 7 124500 2
0 1 12 11 124500 2
0 1 12 1 124500 2
0 1 12 10 124500 2
0 1 11 7 124500 2
0 1 11 5 124500 2
0 1 9 3 124500 2
0 1 11 3 124500 2
0 1 11 13 124500 2
0 1 10 8 124500 2
0 1 10 6 124500 2
0 1 10 9 124500 2
0 1 10 14 124500 2
0 1 9 5 124500 2
0 1 9 6 124500 2
0 1 9 8 124500 2
0 1 5 8 124500 2
0 1 5 11 124500 2
0 1 5 15 124500 2
0 1 5 5 124500 2
0 1 5 4 124500 2
0 1 5 3 124500 2
0 1 5 14 124500 2
0 1 5 14 124500 2
0 1 5 10 124500 2
0 1 5 15 124500 2
0 1 5 2 124500 2
0 1 7 14 124500 2
0 1 5 11 124500 2
0 1 4 9 124500 2
0 1 4 4 124500 2
0 1 7 5 124500 2
0 1 4 3 124500 2
0 1 4 14 124500 2
0 1 4 6 124500 2
0 1 4 6 124500 2
0 1 4 12 124500 2
0 1 6 6 124500 2
0 1 5 12 124500 2
0 1 7 1 124500 2
0 1 7 12 124500 2
0 1 7 10 124500 2
0 1 7 0 124500 2
0 1 7 11 124500 2
0 1 7 7 124500 2
0 1 7 10 124500 2
0 1 7 11 124500 2
0 1 7 3 124500 2
0 1 6 13 124500 2
0 1 6 12 124500 2
0 1 6 1 124500 2
0 1 6 11 124500 2
0 1 6 10 124500 2
0 1 6 10 124500 2
0 1 6 3 124500 2
0 1 6 10 124500 2
0 1 6 7 124500 2
0 1 8 8 125000 2
0 1 8 3 125000 2
0 1 8 8 125000 2
0 1 8 2 125000 2
0 1 8 3 125000 2
0 1 9 3 125000 2
0 1 9 4 125000 2
0 1 9 2 125000 2
0 1 9 7 125000 2
0 1 9 9 125000 2
0 1 9 0 125000 2
0 1 8 6 125000 2
0 1 8 13 125000 2
0 1 8 15 125000 2
0 1 8 4 125000 2
0 1 8 1 125000 2
0 1 8 0 125000 2
0 1 8 3 125000 2
0 1 8 2 125000 2
0 1 8 3 125000 2
0 1 8 4 125000 2
0 1 8 4 125000 2
0 1 8 9 125000 2
0 1 11 5 125000 2
0 1 4 6 125000 2
0 1 14 9 125000 2
0 1 14 3 125000 2
0 1 13 15 125000 2
0 1 13 7 125000 2
0 1 12 14 125000 2
0 1 12 2 125000 2
0 1 12 6 125000 2
0 1 12 1 125000 2
0 1 11 4 125000 2
0 1 11 2 125000 2
0 1 9 10 125000 2
0 1 11 13 125000 2
0 1 11 7 125000 2
0 1 10 2 125000 2
0 1 10 15 125000 2
0 1 10 12 125000 2
0 1 10 1 125000 2
0 1 10 4 125000 2
0 1 9 10 125000 2
0 1 9 1 125000 2
0 1 9 5 125000 2
0 1 4 1 125000 2
0 1 5 11 125000 2
0 1 5 8 125000 2
0 1 5 9 125000 2
0 1 5 1 125000 2
0 1 5 0 125000 2
0 1 5 2 125000 2
0 1 5 6 125000 2
0 1 5 13 125000 2
0 1 5 6 125000 2
0 1 5 14 125000 2
0 1 5 4 125000 2
0 1 7 3 125000 2
0 1 4 11 125000 2
0 1 4 11 125000 2
0 1 4 13 125000 2
0 1 4 12 125000 2
0 1 4 15 125000 2
0 1 4 3 125000 2
0 1 4 14 125000 2
0 1 3 11 125000 2
0 1 3 7 125000 2
0 1 8 8 125000 2
0 1 6 6 125000 2
0 1 5 4 125000 2
0 1 7 0 125000 2
0 1 7 14 125000 2
0 1 7 8 125000 2
0 1 7 1 125000 2
0 1 7 5 125000 2
0 1 7 9 125000 2
0 1 7 6 125000 2
0 1 7 15 125000 2
0 1 7 0 125000 2
0 1 7 11 125000 2
0 1 6 12 125000 2
0 1 7 4 125000 2
0 1 6 13 125000 2
0 1 6 8 125000 2
0 1 6 5 125000 2
0 1 6 3 125000 2
0 1 6 4 125000 2
0 1 6 9 125000 2
0 1 6 0 125000 2
0 1 6 10 125000 2
0 1 9 10 125500 2
0 1 9 12 125500 2
0 1 9 10 125500 2
0 1 9 10 125500 2
0 1 9 11 125500 2
0 1 8 15 125500 2
0 1 8 5 125500 2
0 1 8 0 125500 2
0 1 8 5 125500 2
0 1 8 1 125500 2
0 1 8 11 125500 2
0 1 8 3 125500 2
0 1 8 6 125500 2
0 1 8 6 125500 2
0 1 8 15 125500 2
0 1 8 9 125500 2
0 1 8 15 125500 2
0 1 7 4 125500 2
0 1 8 0 125500 2
0 1 8 2 125500 2
0 1 11 5 125500 2
0 1 14 14 125500 2
0 1 14 10 125500 2
0 1 13 0 125500 2
0 1 13 10 125500 2
0 1 13 5 125500 2
0 1 12 9 125500 2
0 1 12 14 125500 2
0 1 12 1 125500 2
0 1 12 10 125500 2
0 1 9 9 125500 2
0 1 11 2 125500 2
0 1 11 1 125500 2
0 1 11 14 125500 2
0 1 10 5 125500 2
0 1 10 2 125500 2
0 1 10 13 125500 2
0 1 10 10 125500 2
0 1 10 13 125500 2
0 1 9 14 125500 2
0 1 5 4 125500 2
0 1 5 12 125500 2
0 1 5 7 125500 2
0 1 5 7 125500 2
0 1 5 3 125500 2
0 1 5 11 125500 2
0 1 5 8 125500 2
0 1 5 0 125500 2
0 1 5 11 125500 2
0 1 5 6 125500 2
0 1 8 12 125500 2
0 1 4 6 125500 2
0 1 4 2 125500 2
0 1 4 11 125500 2
0 1 4 13 125500 2
0 1 4 12 125500 2
0 1 4 8 125500 2
0 1 4 5 125500 2
0 1 3 6 125500 2
0 1 8 14 125500 2
0 1 5 13 125500 2
0 1 5 14 125500 2
0 1 7 11 125500 2
0 1 7 8 125500 2
0 1 7 5 125500 2
0 1 7 5 125500 2
0 1 7 0 125500 2
0 1 7 2 125500 2
0 1 7 15 125500 2
0 1 7 10 125500 2
0 1 6 6 125500 2
0 1 6 0 125500 2
0 1 6 0 125500 2
0 1 6 6 125500 2
0 1 6 1 125500 2
0 1 6 2 125500 2
0 1 6 3 125500 2
0 1 6 7 125500 2
0 1 7 7 125500 2
0 1 8 13 126000 2
0 1 8 13 126000 2
0 1 8 6 126000 2
0 1 8 14 126000 2
0 1 9 8 126000 2
0 1 9 5 126000 2
0 1 9 2 126000 2
0 1 9 12 126000 2
0 1 9 1 126000 2
0 1 9 13 126000 2
0 1 8 13 126000 2
0 1 8 12 126000 2
0 1 8 8 126000 2
0 1 8 11 126000 2
0 1 8 7 126000 2
0 1 8 5 126000 2
0 1 8 7 126000 2
0 1 7 14 126000 2
0 1 7 5 126000 2
0 1 7 3 126000 2
0 1 12 12 126000 2
0 1 14 14 126000 2
0 1 14 2 126000 2
0 1 14 15 126000 2
0 1 14 4 126000 2
0 1 13 5 126000 2
0 1 13 10 126000 2
0 1 13 2 126000 2
0 1 13 12 126000 2
0 1 12 5 126000 2
0 1 10 7 126000 2
0 1 12 13 126000 2
0 1 12 9 126000 2
0 1 11 2 126000 2
0 1 11 4 126000 2
0 1 11 15 126000 2
0 1 10 3 126000 2
0 1 10 12 126000 2
0 1 10 5 126000 2
0 1 10 12 126000 2
0 1 4 6 126000 2
0 1 5 14 126000 2
0 1 5 12 126000 2
0 1 5 6 126000 2
0 1 5 14 126000 2
0 1 5 11 126000 2
0 1 5 8 126000 2
0 1 5 9 126000 2
0 1 5 11 126000 2
0 1 5 2 126000 2
0 1 4 6 126000 2
0 1 7 12 126000 2
0 1 4 9 126000 2
0 1 4 2 126000 2
0 1 4 14 126000 2
0 1 4 2 126000 2
0 1 4 13 126000 2
0 1 4 14 126000 2
0 1 3 4 126000 2
0 1 3 2 126000 2
0 1 7 12 126000 2
0 1 5 1 126000 2
0 1 5 0 126000 2
0 1 7 3 126000 2
0 1 7 7 126000 2
0 1 7 9 126000 2
0 1 7 8 126000 2
0 1 7 6 126000 2
0 1 6 1 126000 2
0 1 6 0 126000 2
0 1 6 15 126000 2
0 1 6 9 126000 2
0 1 6 7 126000 2
0 1 6 6 126000 2
0 1 5 11 126000 2
0 1 5 9 126000 2
0 1 5 7 126000 2
0 1 6 9 126000 2
0 1 6 5 126000 2
0 1 6 3 126000 2
0 1 6 6 126000 2
0 1 9 5 126500 2
0 1 9 7 126500 2
0 1 9 3 126500 2
0 1 9 10 126500 2
0 1 9 12 126500 2
0 1 9 10 126500 2
0 1 8 8 126500 2
0 1 8 4 126500 2
0 1 8 0 126500 2
0 1 8 4 126500 2
0 1 8 2 126500 2
0 1 8 3 126500 2
0 1 8 1 126500 2
0 1 8 2 126500 2
0 1 8 3 126500 2
0 1 8 9 126500 2
0 1 8 7 126500 2
0 1 8 12 126500 2
0 1 8 7 126500 2
0 1 8 11 126500 2
0 1 7 7 126500 2
0 1 11 15 126500 2
0 1 7 6 126500 2
0 1 14 0 126500 2
0 1 14 2 126500 2
0 1 14 6 126500 2
0 1 14 9 126500 2
0 1 13 0 126500 2
0 1 13 4 126500 2
0 1 12 4 126500 2
0 1 12 3 126500 2
0 1 12 4 126500 2
0 1 9 10 126500 2
0 1 11 9 126500 2
0 1 11 7 126500 2
0 1 11 12 126500 2
0 1 11 4 126500 2
0 1 10 2 126500 2
0 1 10 4 126500 2
0 1 10 6 126500 2
0 1 10 12 126500 2
0 1 9 7 126500 2
0 1 4 1 126500 2
0 1 5 7 126500 2
0 1 5 8 126500 2
0 1 5 5 126500 2
0 1 5 4 126500 2
0 1 5 11 126500 2
0 1 5 4 126500 2
0 1 5 12 126500 2
0 1 5 2 126500 2
0 1 5 7 126500 2
0 1 4 13 126500 2
0 1 5 0 126500 2
0 1 4 4 126500 2
0 1 4 7 126500 2
0 1 4 4 126500 2
0 1 4 13 126500 2
0 1 4 2 126500 2
0 1 4 12 126500 2
0 1 4 14 126500 2
0 1 3 10 126500 2
0 1 3 10 126500 2
0 1 7 14 126500 2
0 1 5 4 126500 2
0 1 7 4 126500 2
0 1 7 5 126500 2
0 1 7 8 126500 2
0 1 7 10 126500 2
0 1 7 7 126500 2
0 1 7 1 126500 2
0 1 7 12 126500 2
0 1 7 8 126500 2
0 1 7 7 126500 2
0 1 6 1 126500 2
0 1 6 10 126500 2
0 1 6 14 126500 2
0 1 6 4 126500 2
0 1 6 6 126500 2
0 1 6 2 126500 2
0 1 6 8 126500 2
0 1 6 5 126500 2
0 1 6 6 126500 2
0 1 6 6 126500 2
0 1 9 3 127000 2
0 1 9 11 127000 2
0 1 8 7 127000 2
0 1 9 11 127000 2
0 1 8 7 127000 2
0 1 9 5 127000 2
0 1 9 10 127000 2
0 1 9 8 127000 2
0 1 9 3 127000 2
0 1 9 2 127000 2
0 1 14 1 127000 2
0 1 8 7 127000 2
0 1 8 8 127000 2
0 1 8 13 127000 2
0 1 8 8 127000 2
0 1 8 13 127000 2
0 1 8 11 127000 2
0 1 8 4 127000 2
0 1 8 8 127000 2
0 1 8 13 127000 2
0 1 8 5 127000 2
0 1 8 14 127000 2
0 1 12 7 127000 2
0 1 4 11 127000 2
0 1 14 5 127000 2
0 1 14 11 127000 2
0 1 14 4 127000 2
0 1 13 13 127000 2
0 1 13 2 127000 2
0 1 13 3 127000 2
0 1 13 13 127000 2
0 1 13 12 127000 2
0 1 12 12 127000 2
0 1 10 13 127000 2
0 1 12 11 127000 2
0 1 12 2 127000 2
0 1 11 11 127000 2
0 1 11 5 127000 2
0 1 11 8 127000 2
0 1 11 14 127000 2
0 1 11 9 127000 2
0 1 10 11 127000 2
0 1 10 4 127000 2
0 1 10 8 127000 2
0 1 5 10 127000 2
0 1 5 8 127000 2
0 1 5 2 127000 2
0 1 5 6 127000 2
0 1 5 10 127000 2
0 1 5 3 127000 2
0 1 5 14 127000 2
0 1 5 2 127000 2
0 1 5 11 127000 2
0 1 5 14 127000 2
0 1 5 11 127000 2
0 1 8 13 127000 2
0 1 4 10 127000 2
0 1 4 10 127000 2
0 1 4 14 127000 2
0 1 4 9 127000 2
0 1 4 14 127000 2
0 1 4 4 127000 2
0 1 4 5 127000 2
0 1 4 3 127000 2
0 1 8 2 127000 2
0 1 3 2 127000 2
0 1 6 10 127000 2
0 1 7 4 127000 2
0 1 7 8 127000 2
0 1 7 15 127000 2
0 1 7 13 127000 2
0 1 7 2 127000 2
0 1 7 3 127000 2
0 1 7 12 127000 2
0 1 7 8 127000 2
0 1 7 7 127000 2
0 1 7 7 127000 2
0 1 7 1 127000 2
0 1 7 3 127000 2
0 1 6 11 127000 2
0 1 6 2 127000 2
0 1 6 8 127000 2
0 1 6 4 127000 2
0 1 6 6 127000 2
0 1 6 13 127000 2
0 1 6 10 127000 2
0 1 6 9 127000 2
0 1 9 12 127500 2
0 1 9 14 127500 2
0 1 9 4 127500 2
0 1 9 2 127500 2
0 1 9 12 127500 2
0 1 9 10 127500 2
0 1 8 6 127500 2
0 1 8 8 127500 2
0 1 8 13 127500 2
0 1 8 7 127500 2
0 1 8 5 127500 2
0 1 8 10 127500 2
0 1 8 6 127500 2
0 1 8 4 127500 2
0 1 8 12 127500 2
0 1 8 0 127500 2
0 1 8 2 127500 2
0 1 8 0 127500 2
0 1 8 2 127500 2
0 1 8 4 127500 2
0 1 11 12 127500 2
0 1 4 6 127500 2
0 1 14 7 127500 2
0 1 14 10 127500 2
0 1 14 12 127500 2
0 1 13 13 127500 2
0 1 13 0 127500 2
0 1 13 10 127500 2
0 1 12 8 127500 2
0 1 12 6 127500 2
0 1 12 4 127500 2
0 1 9 2 127500 2
0 1 11 9 127500 2
0 1 11 12 127500 2
0 1 11 6 127500 2
0 1 11 3 127500 2
0 1 11 4 127500 2
0 1 10 5 127500 2
0 1 10 13 127500 2
0 1 10 7 127500 2
0 1 10 0 127500 2
0 1 5 2 127500 2
0 1 5 9 127500 2
0 1 5 12 127500 2
0 1 5 3 127500 2
0 1 5 5 127500 2
0 1 5 9 127500 2
0 1 5 15 127500 2
0 1 5 4 127500 2
0 1 5 8 127500 2
0 1 5 6 127500 2
0 1 5 15 127500 2
0 1 7 13 127500 2
0 1 3 9 127500 2
0 1 4 1 127500 2
0 1 4 9 127500 2
0 1 4 6 127500 2
0 1 4 13 127500 2
0 1 4 1 127500 2
0 1 4 3 127500 2
0 1 4 7 127500 2
0 1 8 9 127500 2
0 1 6 6 127500 2
0 1 5 0 127500 2
0 1 7 5 127500 2
0 1 7 11 127500 2
0 1 7 13 127500 2
0 1 7 2 127500 2
0 1 7 10 127500 2
0 1 7 11 127500 2
0 1 7 2 127500 2
0 1 7 8 127500 2
0 1 7 5 127500 2
0 1 6 7 127500 2
0 1 6 3 127500 2
0 1 6 12 127500 2
0 1 6 7 127500 2
0 1 6 4 127500 2
0 1 6 1 127500 2
0 1 6 13 127500 2
0 1 6 4 127500 2
0 1 7 10 127500 2
0 1 8 7 128000 2
0 1 8 14 128000 2
0 1 8 4 128000 2
0 1 8 5 128000 2
0 1 9 3 128000 2
0 1 9 1 128000 2
0 1 9 11 128000 2
0 1 9 15 128000 2
0 1 9 2 128000 2
0 1 9 3 128000 2
0 1 9 6 128000 2
0 1 8 12 128000 2
0 1 8 5 128000 2
0 1 8 9 128000 2
0 1 8 6 128000 2
0 1 8 10 128000 2
0 1 8 6 128000 2
0 1 8 6 128000 2
0 1 8 0 128000 2
0 1 8 7 128000 2
0 1 8 8 128000 2
0 1 8 10 128000 2
0 1 11 8 128000 2
0 1 14 8 128000 2
0 1 14 13 128000 2
0 1 14 7 128000 2
0 1 14 15 128000 2
0 1 13 11 128000 2
0 1 13 10 128000 2
0 1 13 6 128000 2
0 1 12 5 128000 2
0 1 12 7 128000 2
0 1 12 3 128000 2
0 1 9 5 128000 2
0 1 11 2 128000 2
0 1 11 11 128000 2
0 1 11 13 128000 2
0 1 10 11 128000 2
0 1 10 8 128000 2
0 1 10 3 128000 2
0 1 10 15 128000 2
0 1 10 3 128000 2
0 1 10 1 128000 2
0 1 10 0 128000 2
0 1 5 7 128000 2
0 1 6 0 128000 2
0 1 5 13 128000 2
0 1 5 5 128000 2
0 1 5 13 128000 2
0 1 5 9 128000 2
0 1 5 12 128000 2
0 1 5 0 128000 2
0 1 5 12 128000 2
0 1 5 6 128000 2
0 1 5 10 128000 2
0 1 5 10 128000 2
0 1 8 7 128000 2
0 1 5 4 128000 2
0 1 4 3 128000 2
0 1 4 15 128000 2
0 1 4 1 128000 2
0 1 4 2 128000 2
0 1 4 4 128000 2
0 1 4 7 128000 2
0 1 3 7 128000 2
0 1 3 12 128000 2
0 1 8 6 128000 2
0 1 6 6 128000 2
0 1 6 3 128000 2
0 1 7 8 128000 2
0 1 7 14 128000 2
0 1 7 3 128000 2
0 1 7 8 128000 2
0 1 7 11 128000 2
0 1 7 13 128000 2
0 1 7 12 128000 2
0 1 7 10 128000 2
0 1 7 8 128000 2
0 1 7 10 128000 2
0 1 7 12 128000 2
0 1 6 13 128000 2
0 1 6 7 128000 2
0 1 6 6 128000 2
0 1 6 13 128000 2
0 1 6 5 128000 2
0 1 6 14 128000 2
0 1 6 15 128000 2
0 1 6 4 128000 2
0 1 9 0 128500 2
0 1 9 15 128500 2
0 1 10 14 128500 2
0 1 10 11 128500 2
0 1 10 5 128500 2
0 1 10 10 128500 2
0 1 10 12 128500 2
0 1 10 2 128500 2
0 1 10 3 128500 2
0 1 10 12 128500 2
0 1 10 8 128500 2
0 1 10 9 128500 2
0 1 10 15 128500 2
0 1 10 10 128500 2
0 1 9 13 128500 2
0 1 9 7 128500 2
0 1 9 8 128500 2
0 1 9 8 128500 2
0 1 9 12 128500 2
0 1 9 1 128500 2
0 1 9 5 128500 2
0 1 9 12 128500 2
0 1 9 2 128500 2
0 1 9 7 128500 2
0 1 9 0 128500 2
0 1 9 11 128500 2
0 1 9 11 128500 2
0 1 9 11 128500 2
0 1 9 15 128500 2
0 1 11 3 128500 2
0 1 13 4 128500 2
0 1 12 2 128500 2
0 1 12 10 128500 2
0 1 12 3 128500 2
0 1 12 5 128500 2
0 1 12 11 128500 2
0 1 12 1 128500 2
0 1 12 6 128500 2
0 1 12 11 128500 2
0 1 12 14 128500 2
0 1 12 10 128500 2
0 1 12 14 128500 2
0 1 12 3 128500 2
0 1 11 14 128500 2
0 1 10 1 128500 2
0 1 11 12 128500 2
0 1 11 6 128500 2
0 1 11 12 128500 2
0 1 11 12 128500 2
0 1 11 12 128500 2
0 1 11 14 128500 2
0 1 11 4 128500 2
0 1 11 6 128500 2
0 1 11 12 128500 2
0 1 11 1 128500 2
0 1 11 9 128500 2
0 1 11 6 128500 2
0 1 10 3 128500 2
0 1 10 8 128500 2
0 1 3 2 128500 2
0 1 4 10 128500 2
0 1 4 5 128500 2
0 1 4 3 128500 2
0 1 4 8 128500 2
0 1 4 5 128500 2
0 1 4 4 128500 2
0 1 4 15 128500 2
0 1 3 9 128500 2
0 1 3 6 128500 2
0 1 3 8 128500 2
0 1 3 4 128500 2
0 1 3 11 128500 2
0 1 3 8 128500 2
0 1 3 0 128500 2
0 1 8 4 128500 2
0 1 3 2 128500 2
0 1 3 4 128500 2
0 1 3 11 128500 2
0 1 3 0 128500 2
0 1 3 12 128500 2
0 1 3 5 128500 2
0 1 3 9 128500 2
0 1 3 0 128500 2
0 1 3 13 128500 2
0 1 3 14 128500 2
0 1 3 12 128500 2
0 1 3 3 128500 2
0 1 2 12 128500 2
0 1 9 6 128500 2
0 1 4 1 128500 2
0 1 4 4 128500 2
0 1 8 12 128500 2
0 1 8 2 128500 2
0 1 8 4 128500 2
0 1 8 10 128500 2
0 1 8 2 128500 2
0 1 8 8 128500 2
0 1 8 4 128500 2
0 1 8 3 128500 2
0 1 8 10 128500 2
0 1 8 10 128500 2
0 1 8 8 128500 2
0 1 7 10 128500 2
0 1 7 9 128500 2
0 1 6 7 128500 2
0 1 7 7 128500 2
0 1 4 6 128500 2
0 1 4 15 128500 2
0 1 4 5 128500 2
0 1 4 3 128500 2
0 1 4 10 128500 2
0 1 5 15 128500 2
0 1 5 6 128500 2
0 1 5 5 128500 2
0 1 6 12 128500 2
0 1 6 8 128500 2
0 1 6 6 128500 2
0 1 5 15 128500 2
0 1 9 6 129000 2
0 1 9 7 129000 2
0 1 9 3 129000 2
0 1 9 14 129000 2
0 1 9 7 129000 2
0 1 10 9 129000 2
0 1 10 8 129000 2
0 1 10 11 129000 2
0 1 10 5 129000 2
0 1 10 14 129000 2
0 1 10 13 129000 2
0 1 10 14 129000 2
0 1 10 10 129000 2
0 1 10 9 129000 2
0 1 9 15 129000 2
0 1 9 4 129000 2
0 1 9 3 129000 2
0 1 9 4 129000 2
0 1 9 12 129000 2
0 1 9 3 129000 2
0 1 9 15 129000 2
0 1 9 12 129000 2
0 1 9 4 129000 2
0 1 9 4 129000 2
0 1 9 11 129000 2
0 1 9 9 129000 2
0 1 9 5 129000 2
0 1 9 8 129000 2
0 1 8 5 129000 2
0 1 11 3 129000 2
0 1 8 7 129000 2
0 1 13 12 129000 2
0 1 12 0 129000 2
0 1 12 14 129000 2
0 1 12 12 129000 2
0 1 12 3 129000 2
0 1 12 4 129000 2
0 1 12 15 129000 2
0 1 12 7 129000 2
0 1 12 4 129000 2
0 1 12 3 129000 2
0 1 12 5 129000 2
0 1 11 2 129000 2
0 1 11 7 129000 2
0 1 10 10 129000 2
0 1 11 2 129000 2
0 1 11 3 129000 2
0 1 11 3 129000 2
0 1 11 15 129000 2
0 1 11 15 129000 2
0 1 11 6 129000 2
0 1 11 1 129000 2
0 1 11 13 129000 2
0 1 11 9 129000 2
0 1 10 12 129000 2
0 1 10 5 129000 2
0 1 10 2 129000 2
0 1 10 5 129000 2
0 1 10 13 129000 2
0 1 3 6 129000 2
0 1 4 10 129000 2
0 1 4 9 129000 2
0 1 4 14 129000 2
0 1 4 8 129000 2
0 1 4 2 129000 2
0 1 4 4 129000 2
0 1 3 2 129000 2
0 1 3 3 129000 2
0 1 3 13 129000 2
0 1 3 12 129000 2
0 1 3 9 129000 2
0 1 3 15 129000 2
0 1 3 11 129000 2
0 1 3 5 129000 2
0 1 8 6 129000 2
0 1 3 0 129000 2
0 1 3 8 129000 2
0 1 3 8 129000 2
0 1 3 2 129000 2
0 1 3 1 129000 2
0 1 3 8 129000 2
0 1 3 6 129000 2
0 1 3 8 129000 2
0 1 3 7 129000 2
0 1 3 15 129000 2
0 1 3 14 129000 2
0 1 2 10 129000 2
0 1 2 3 129000 2
0 1 2 5 129000 2
0 1 4 15 129000 2
0 1 4 5 129000 2
0 1 8 2 129000 2
0 1 8 7 129000 2
0 1 8 10 129000 2
0 1 8 7 129000 2
0 1 8 5 129000 2
0 1 8 13 129000 2
0 1 7 15 129000 2
0 1 7 13 129000 2
0 1 7 7 129000 2
0 1 6 13 129000 2
0 1 6 4 129000 2
0 1 6 13 129000 2
0 1 6 8 129000 2
0 1 5 6 129000 2
0 1 5 13 129000 2
0 1 4 0 129000 2
0 1 4 2 129000 2
0 1 4 4 129000 2
0 1 4 2 129000 2
0 1 4 2 129000 2
0 1 4 15 129000 2
0 1 4 0 129000 2
0 1 4 8 129000 2
0 1 4 6 129000 2
0 1 4 13 129000 2
0 1 5 11 129000 2
0 1 5 7 129000 2
0 1 9 3 129500 2
0 1 9 7 129500 2
0 1 9 6 129500 2
0 1 9 0 129500 2
0 1 9 2 129500 2
0 1 10 3 129500 2
0 1 10 5 129500 2
0 1 10 4 129500 2
0 1 10 7 129500 2
0 1 10 1 129500 2
0 1 10 3 129500 2
0 1 10 1 129500 2
0 1 10 8 129500 2
0 1 10 11 129500 2
0 1 9 14 129500 2
0 1 9 9 129500 2
0 1 9 3 129500 2
0 1 9 0 129500 2
0 1 9 4 129500 2
0 1 9 3 129500 2
0 1 9 15 129500 2
0 1 9 8 129500 2
0 1 9 4 129500 2
0 1 9 14 129500 2
0 1 9 12 129500 2
0 1 9 4 129500 2
0 1 9 11 129500 2
0 1 9 12 129500 2
0 1 9 15 129500 2
0 1 11 2 129500 2
0 1 12 12 129500 2
0 1 12 13 129500 2
0 1 12 7 129500 2
0 1 12 13 129500 2
0 1 12 4 129500 2
0 1 12 1 129500 2
0 1 12 4 129500 2
0 1 12 9 129500 2
0 1 12 15 129500 2
0 1 12 6 129500 2
0 1 11 9 129500 2
0 1 11 13 129500 2
0 1 11 11 129500 2
0 1 11 6 129500 2
0 1 10 7 129500 2
0 1 11 15 129500 2
0 1 11 12 129500 2
0 1 11 15 129500 2
0 1 11 0 129500 2
0 1 11 4 129500 2
0 1 11 14 129500 2
0 1 11 8 129500 2
0 1 11 3 129500 2
0 1 11 0 129500 2
0 1 11 12 129500 2
0 1 11 8 129500 2
0 1 10 15 129500 2
0 1 10 2 129500 2
0 1 10 13 129500 2
0 1 3 0 129500 2
0 1 4 14 129500 2
0 1 4 7 129500 2
0 1 4 8 129500 2
0 1 4 6 129500 2
0 1 4 12 129500 2
0 1 3 15 129500 2
0 1 3 13 129500 2
0 1 3 14 129500 2
0 1 3 9 129500 2
0 1 3 1 129500 2
0 1 3 11 129500 2
0 1 3 2 129500 2
0 1 3 4 129500 2
0 1 3 2 129500 2
0 1 8 13 129500 2
0 1 3 10 129500 2
0 1 3 0 129500 2
0 1 3 6 129500 2
0 1 3 11 129500 2
0 1 3 8 129500 2
0 1 3 3 129500 2
0 1 3 14 129500 2
0 1 3 11 129500 2
0 1 3 6 129500 2
0 1 3 7 129500 2
0 1 3 15 129500 2
0 1 3 0 129500 2
0 1 2 7 129500 2
0 1 9 6 129500 2
0 1 4 10 129500 2
0 1 4 7 129500 2
0 1 8 7 129500 2
0 1 8 15 129500 2
0 1 8 8 129500 2
0 1 8 1 129500 2
0 1 8 6 129500 2
0 1 8 10 129500 2
0 1 8 7 129500 2
0 1 7 8 129500 2
0 1 7 15 129500 2
0 1 7 13 129500 2
0 1 7 11 129500 2
0 1 6 3 129500 2
0 1 6 1 129500 2
0 1 5 14 129500 2
0 1 6 3 129500 2
0 1 4 7 129500 2
0 1 4 11 129500 2
0 1 4 4 129500 2
0 1 4 11 129500 2
0 1 4 12 129500 2
0 1 4 10 129500 2
0 1 4 3 129500 2
0 1 5 2 129500 2
0 1 5 5 129500 2
0 1 5 11 129500 2
0 1 5 0 129500 2
0 1 4 3 129500 2
0 1 9 3 130000 2
0 1 9 9 130000 2
0 1 9 10 130000 2
0 1 10 10 130000 2
0 1 10 13 130000 2
0 1 10 4 130000 2
0 1 10 3 130000 2
0 1 10 10 130000 2
0 1 10 6 130000 2
0 1 10 11 130000 2
0 1 10 7 130000 2
0 1 10 14 130000 2
0 1 10 7 130000 2
0 1 10 8 130000 2
0 1 10 5 130000 2
0 1 9 10 130000 2
0 1 9 9 130000 2
0 1 9 7 130000 2
0 1 9 15 130000 2
0 1 9 8 130000 2
0 1 9 7 130000 2
0 1 9 0 130000 2
0 1 9 9 130000 2
0 1 9 3 130000 2
0 1 9 11 130000 2
0 1 9 3 130000 2
0 1 9 12 130000 2
0 1 9 5 130000 2
0 1 9 14 130000 2
0 1 9 14 130000 2
0 1 11 15 130000 2
0 1 13 6 130000 2
0 1 12 5 130000 2
0 1 12 8 130000 2
0 1 12 3 130000 2
0 1 12 5 130000 2
0 1 12 5 130000 2
0 1 12 3 130000 2
0 1 12 11 130000 2
0 1 12 5 130000 2
0 1 12 1 130000 2
0 1 12 2 130000 2
0 1 12 14 130000 2
0 1 12 10 130000 2
0 1 12 0 130000 2
0 1 10 8 130000 2
0 1 11 14 130000 2
0 1 11 1 130000 2
0 1 11 4 130000 2
0 1 11 15 130000 2
0 1 11 0 130000 2
0 1 11 15 130000 2
0 1 11 8 130000 2
0 1 11 11 130000 2
0 1 11 10 130000 2
0 1 11 6 130000 2
0 1 11 15 130000 2
0 1 10 8 130000 2
0 1 10 4 130000 2
0 1 10 15 130000 2
0 1 3 13 130000 2
0 1 4 1 130000 2
0 1 4 7 130000 2
0 1 4 13 130000 2
0 1 4 1 130000 2
0 1 4 1 130000 2
0 1 4 14 130000 2
0 1 4 14 130000 2
0 1 4 10 130000 2
0 1 4 4 130000 2
0 1 4 11 130000 2
0 1 3 9 130000 2
0 1 3 8 130000 2
0 1 3 12 130000 2
0 1 3 8 130000 2
0 1 3 15 130000 2
0 1 8 2 130000 2
0 1 3 1 130000 2
0 1 3 13 130000 2
0 1 3 5 130000 2
0 1 3 13 130000 2
0 1 3 2 130000 2
0 1 3 1 130000 2
0 1 3 15 130000 2
0 1 3 11 130000 2
0 1 3 7 130000 2
0 1 3 9 130000 2
0 1 3 5 130000 2
0 1 3 3 130000 2
0 1 3 13 130000 2
0 1 9 4 130000 2
0 1 4 2 130000 2
0 1 4 13 130000 2
0 1 8 13 130000 2
0 1 8 13 130000 2
0 1 8 7 130000 2
0 1 8 3 130000 2
0 1 8 6 130000 2
0 1 8 12 130000 2
0 1 8 8 130000 2
0 1 8 12 130000 2
0 1 8 8 130000 2
0 1 8 1 130000 2
0 1 8 0 130000 2
0 1 8 5 130000 2
0 1 7 3 130000 2
0 1 7 5 130000 2
0 1 6 7 130000 2
0 1 7 8 130000 2
0 1 4 10 130000 2
0 1 4 12 130000 2
0 1 4 9 130000 2
0 1 4 0 130000 2
0 1 4 11 130000 2
0 1 4 13 130000 2
0 1 5 10 130000 2
0 1 5 5 130000 2
0 1 5 0 130000 2
0 1 6 15 130000 2
0 1 6 12 130000 2
0 1 6 0 130000 2
0 1 9 9 130500 2
0 1 9 8 130500 2
0 1 9 14 130500 2
0 1 9 2 130500 2
0 1 9 9 130500 2
0 1 9 7 130500 2
0 1 10 7 130500 2
0 1 10 9 130500 2
0 1 10 11 130500 2
0 1 10 13 130500 2
0 1 10 7 130500 2
0 1 10 15 130500 2
0 1 10 6 130500 2
0 1 10 9 130500 2
0 1 10 8 130500 2
0 1 9 3 130500 2
0 1 9 8 130500 2
0 1 9 12 130500 2
0 1 9 4 130500 2
0 1 9 3 130500 2
0 1 9 3 130500 2
0 1 9 12 130500 2
0 1 9 3 130500 2
0 1 9 12 130500 2
0 1 9 3 130500 2
0 1 9 8 130500 2
0 1 9 11 130500 2
0 1 9 12 130500 2
0 1 8 1 130500 2
0 1 8 11 130500 2
0 1 11 3 130500 2
0 1 13 2 130500 2
0 1 12 8 130500 2
0 1 12 12 130500 2
0 1 12 7 130500 2
0 1 12 9 130500 2
0 1 12 7 130500 2
0 1 12 6 130500 2
0 1 12 5 130500 2
0 1 12 8 130500 2
0 1 12 2 130500 2
0 1 12 10 130500 2
0 1 11 5 130500 2
0 1 11 4 130500 2
0 1 11 0 130500 2
0 1 11 2 130500 2
0 1 10 0 130500 2
0 1 11 2 130500 2
0 1 11 6 130500 2
0 1 11 15 130500 2
0 1 11 5 130500 2
0 1 11 0 130500 2
0 1 11 14 130500 2
0 1 11 9 130500 2
0 1 11 11 130500 2
0 1 11 8 130500 2
0 1 10 4 130500 2
0 1 10 3 130500 2
0 1 10 9 130500 2
0 1 10 14 130500 2
0 1 10 11 130500 2
0 1 3 9 130500 2
0 1 4 14 130500 2
0 1 4 6 130500 2
0 1 4 11 130500 2
0 1 4 2 130500 2
0 1 4 11 130500 2
0 1 3 6 130500 2
0 1 3 4 130500 2
0 1 3 0 130500 2
0 1 3 11 130500 2
0 1 3 13 130500 2
0 1 3 12 130500 2
0 1 3 14 130500 2
0 1 3 3 130500 2
0 1 3 7 130500 2
0 1 3 13 130500 2
0 1 8 9 130500 2
0 1 3 0 130500 2
0 1 3 13 130500 2
0 1 3 4 130500 2
0 1 3 9 130500 2
0 1 3 9 130500 2
0 1 3 15 130500 2
0 1 3 12 130500 2
0 1 3 9 130500 2
0 1 3 11 130500 2
0 1 3 5 130500 2
0 1 3 8 130500 2
0 1 2 7 130500 2
0 1 2 3 130500 2
0 1 8 1 130500 2
0 1 4 15 130500 2
0 1 4 0 130500 2
0 1 8 8 130500 2
0 1 8 5 130500 2
0 1 8 12 130500 2
0 1 8 8 130500 2
0 1 8 6 130500 2
0 1 8 7 130500 2
0 1 8 4 130500 2
0 1 8 0 130500 2
0 1 8 14 130500 2
0 1 8 14 130500 2
0 1 7 2 130500 2
0 1 7 9 130500 2
0 1 6 10 130500 2
0 1 6 15 130500 2
0 1 6 11 130500 2
0 1 6 3 130500 2
0 1 4 2 130500 2
0 1 4 9 130500 2
0 1 4 4 130500 2
0 1 4 9 130500 2
0 1 4 2 130500 2
0 1 4 15 130500 2
0 1 4 3 130500 2
0 1 5 13 130500 2
0 1 5 6 130500 2
0 1 5 3 130500 2
0 1 5 11 130500 2
0 1 4 7 130500 2
0 1 9 6 131000 2
0 1 9 11 131000 2
0 1 9 11 131000 2
0 1 9 0 131000 2
0 1 10 7 131000 2
0 1 10 12 131000 2
0 1 10 13 131000 2
0 1 10 15 131000 2
0 1 10 14 131000 2
0 1 10 9 131000 2
0 1 10 11 131000 2
0 1 10 14 131000 2
0 1 10 12 131000 2
0 1 10 13 131000 2
0 1 9 7 131000 2
0 1 9 10 131000 2
0 1 9 1 131000 2
0 1 9 6 131000 2
0 1 9 10 131000 2
0 1 9 8 131000 2
0 1 9 7 131000 2
0 1 9 1 131000 2
0 1 9 2 131000 2
0 1 9 11 131000 2
0 1 9 12 131000 2
0 1 9 10 131000 2
0 1 9 13 131000 2
0 1 9 6 131000 2
0 1 8 11 131000 2
0 1 11 3 131000 2
0 1 9 15 131000 2
0 1 13 2 131000 2
0 1 12 10 131000 2
0 1 12 7 131000 2
0 1 12 0 131000 2
0 1 12 0 131000 2
0 1 12 9 131000 2
0 1 12 12 131000 2
0 1 12 5 131000 2
0 1 12 4 131000 2
0 1 12 3 131000 2
0 1 12 4 131000 2
0 1 11 8 131000 2
0 1 11 10 131000 2
0 1 10 13 131000 2
0 1 11 6 131000 2
0 1 11 4 131000 2
0 1 11 9 131000 2
0 1 11 14 131000 2
0 1 11 5 131000 2
0 1 11 3 131000 2
0 1 11 4 131000 2
0 1 11 13 131000 2
0 1 11 15 131000 2
0 1 11 11 131000 2
0 1 10 2 131000 2
0 1 10 2 131000 2
0 1 10 0 131000 2
0 1 10 15 131000 2
0 1 3 15 131000 2
0 1 4 1 131000 2
0 1 4 15 131000 2
0 1 4 6 131000 2
0 1 4 5 131000 2
0 1 4 13 131000 2
0 1 4 2 131000 2
0 1 4 14 131000 2
0 1 3 6 131000 2
0 1 3 8 131000 2
0 1 3 13 131000 2
0 1 3 4 131000 2
0 1 3 4 131000 2
0 1 3 2 131000 2
0 1 3 14 131000 2
0 1 8 7 131000 2
0 1 3 10 131000 2
0 1 3 4 131000 2
0 1 3 4 131000 2
0 1 3 5 131000 2
0 1 3 7 131000 2
0 1 3 3 131000 2
0 1 3 1 131000 2
0 1 3 13 131000 2
0 1 3 0 131000 2
0 1 3 13 131000 2
0 1 3 2 131000 2
0 1 3 7 131000 2
0 1 2 13 131000 2
0 1 2 5 131000 2
0 1 4 12 131000 2
0 1 4 1 131000 2
0 1 8 3 131000 2
0 1 8 5 131000 2
0 1 8 4 131000 2
0 1 8 3 131000 2
0 1 8 12 131000 2
0 1 8 14 131000 2
0 1 8 7 131000 2
0 1 8 14 131000 2
0 1 8 3 131000 2
0 1 7 12 131000 2
0 1 7 4 131000 2
0 1 7 5 131000 2
0 1 7 10 131000 2
0 1 6 4 131000 2
0 1 6 14 131000 2
0 1 4 6 131000 2
0 1 4 8 131000 2
0 1 4 0 131000 2
0 1 4 6 131000 2
0 1 4 0 131000 2
0 1 4 6 131000 2
0 1 4 8 131000 2
0 1 5 5 131000 2
0 1 5 7 131000 2
0 1 5 8 131000 2
0 1 6 1 131000 2
0 1 6 11 131000 2
0 1 9 10 131500 2
0 1 9 3 131500 2
0 1 9 15 131500 2
0 1 9 15 131500 2
0 1 9 8 131500 2
0 1 10 7 131500 2
0 1 10 7 131500 2
0 1 10 4 131500 2
0 1 10 5 131500 2
0 1 10 12 131500 2
0 1 10 5 131500 2
0 1 10 2 131500 2
0 1 10 13 131500 2
0 1 10 10 131500 2
0 1 10 5 131500 2
0 1 10 13 131500 2
0 1 9 9 131500 2
0 1 9 6 131500 2
0 1 9 13 131500 2
0 1 9 14 131500 2
0 1 9 7 131500 2
0 1 9 15 131500 2
0 1 9 7 131500 2
0 1 9 1 131500 2
0 1 9 15 131500 2
0 1 9 2 131500 2
0 1 9 15 131500 2
0 1 9 6 131500 2
0 1 9 13 131500 2
0 1 9 12 131500 2
0 1 9 7 131500 2
0 1 9 6 131500 2
0 1 12 13 131500 2
0 1 11 2 131500 2
0 1 11 8 131500 2
0 1 11 3 131500 2
0 1 12 14 131500 2
0 1 12 14 131500 2
0 1 12 15 131500 2
0 1 12 2 131500 2
0 1 12 5 131500 2
0 1 11 3 131500 2
0 1 12 5 131500 2
0 1 12 6 131500 2
0 1 12 13 131500 2
0 1 12 1 131500 2
0 1 12 4 131500 2
0 1 13 13 131500 2
0 1 3 1 131500 2
0 1 10 11 131500 2
0 1 11 1 131500 2
0 1 11 1 131500 2
0 1 11 5 131500 2
0 1 11 15 131500 2
0 1 11 13 131500 2
0 1 11 9 131500 2
0 1 11 1 131500 2
0 1 11 4 131500 2
0 1 11 6 131500 2
0 1 11 1 131500 2
0 1 11 10 131500 2
0 1 10 13 131500 2
0 1 10 4 131500 2
0 1 10 8 131500 2
0 1 10 3 131500 2
0 1 3 15 131500 2
0 1 4 5 131500 2
0 1 4 11 131500 2
0 1 4 7 131500 2
0 1 4 4 131500 2
0 1 4 15 131500 2
0 1 4 12 131500 2
0 1 4 0 131500 2
0 1 4 5 131500 2
0 1 4 0 131500 2
0 1 4 13 131500 2
0 1 3 9 131500 2
0 1 3 1 131500 2
0 1 3 5 131500 2
0 1 3 3 131500 2
0 1 3 1 131500 2
0 1 8 7 131500 2
0 1 3 6 131500 2
0 1 3 11 131500 2
0 1 3 5 131500 2
0 1 3 4 131500 2
0 1 3 8 131500 2
0 1 3 8 131500 2
0 1 3 3 131500 2
0 1 3 12 131500 2
0 1 3 2 131500 2
0 1 3 5 131500 2
0 1 3 7 131500 2
0 1 3 13 131500 2
0 1 2 7 131500 2
0 1 2 14 131500 2
0 1 2 14 131500 2
0 1 8 7 131500 2
0 1 7 15 131500 2
0 1 7 3 131500 2
0 1 7 5 131500 2
0 1 8 11 131500 2
0 1 8 10 131500 2
0 1 8 11 131500 2
0 1 8 9 131500 2
0 1 8 0 131500 2
0 1 4 6 131500 2
0 1 8 12 131500 2
0 1 8 3 131500 2
0 1 8 6 131500 2
0 1 4 7 131500 2
0 1 8 14 131500 2
0 1 8 3 131500 2
0 1 8 1 131500 2
0 1 6 8 131500 2
0 1 7 7 131500 2
0 1 4 1 131500 2
0 1 4 15 131500 2
0 1 4 5 131500 2
0 1 4 1 131500 2
0 1 5 7 131500 2
0 1 5 10 131500 2
0 1 5 15 131500 2
0 1 5 12 131500 2
0 1 6 12 131500 2
0 1 6 4 131500 2
0 1 6 14 131500 2
0 1 6 15 131500 2
0 1 5 12 131500 2
0 1 9 4 132000 2
0 1 9 1 132000 2
0 1 9 2 132000 2
0 1 9 12 132000 2
0 1 9 6 132000 2
0 1 9 3 132000 2
0 1 9 5 132000 2
0 1 10 8 132000 2
0 1 10 10 132000 2
0 1 10 11 132000 2
0 1 10 12 132000 2
0 1 10 14 132000 2
0 1 10 11 132000 2
0 1 10 6 132000 2
0 1 9 5 132000 2
0 1 9 12 132000 2
0 1 9 2 132000 2
0 1 9 7 132000 2
0 1 9 2 132000 2
0 1 9 2 132000 2
0 1 9 14 132000 2
0 1 9 8 132000 2
0 1 9 4 132000 2
0 1 9 14 132000 2
0 1 9 1 132000 2
0 1 9 1 132000 2
0 1 8 2 132000 2
0 1 8 5 132000 2
0 1 11 10 132000 2
0 1 12 10 132000 2
0 1 13 12 132000 2
0 1 12 10 132000 2
0 1 12 10 132000 2
0 1 12 12 132000 2
0 1 12 7 132000 2
0 1 12 13 132000 2
0 1 12 15 132000 2
0 1 12 6 132000 2
0 1 12 15 132000 2
0 1 12 5 132000 2
0 1 12 7 132000 2
0 1 11 7 132000 2
0 1 11 15 132000 2
0 1 10 8 132000 2
0 1 11 15 132000 2
0 1 11 3 132000 2
0 1 11 5 132000 2
0 1 11 4 132000 2
0 1 11 13 132000 2
0 1 11 0 132000 2
0 1 11 10 132000 2
0 1 10 7 132000 2
0 1 10 9 132000 2
0 1 10 12 132000 2
0 1 10 4 132000 2
0 1 10 3 132000 2
0 1 10 12 132000 2
0 1 3 7 132000 2
0 1 4 11 132000 2
0 1 4 4 132000 2
0 1 4 6 132000 2
0 1 4 6 132000 2
0 1 4 7 132000 2
0 1 4 9 132000 2
0 1 3 0 132000 2
0 1 3 6 132000 2
0 1 3 0 132000 2
0 1 3 10 132000 2
0 1 3 13 132000 2
0 1 3 5 132000 2
0 1 3 14 132000 2
0 1 3 3 132000 2
0 1 8 2 132000 2
0 1 3 0 132000 2
0 1 3 9 132000 2
0 1 3 6 132000 2
0 1 3 7 132000 2
0 1 3 7 132000 2
0 1 3 3 132000 2
0 1 3 7 132000 2
0 1 2 14 132000 2
0 1 3 9 132000 2
0 1 3 13 132000 2
0 1 3 3 132000 2
0 1 3 8 132000 2
0 1 2 14 132000 2
0 1 8 1 132000 2
0 1 4 1 132000 2
0 1 4 3 132000 2
0 1 8 6 132000 2
0 1 8 9 132000 2
0 1 8 3 132000 2
0 1 8 9 132000 2
0 1 8 4 132000 2
0 1 8 15 132000 2
0 1 8 5 132000 2
0 1 7 8 132000 2
0 1 7 14 132000 2
0 1 7 0 132000 2
0 1 6 1 132000 2
0 1 6 13 132000 2
0 1 6 7 132000 2
0 1 6 10 132000 2
0 1 6 6 132000 2
0 1 4 10 132000 2
0 1 4 12 132000 2
0 1 4 6 132000 2
0 1 4 12 132000 2
0 1 4 15 132000 2
0 1 4 14 132000 2
0 1 5 2 132000 2
0 1 5 8 132000 2
0 1 5 2 132000 2
0 1 5 13 132000 2
0 1 4 8 132000 2
0 1 9 7 132500 2
0 1 9 15 132500 2
0 1 9 15 132500 2
0 1 9 1 132500 2
0 1 10 6 132500 2
0 1 10 5 132500 2
0 1 10 8 132500 2
0 1 10 12 132500 2
0 1 10 15 132500 2
0 1 10 15 132500 2
0 1 10 11 132500 2
0 1 10 0 132500 2
0 1 10 1 132500 2
0 1 10 15 132500 2
0 1 9 7 132500 2
0 1 9 11 132500 2
0 1 9 3 132500 2
0 1 9 3 132500 2
0 1 9 5 132500 2
0 1 9 3 132500 2
0 1 9 5 132500 2
0 1 9 1 132500 2
0 1 9 11 132500 2
0 1 9 4 132500 2
0 1 9 13 132500 2
0 1 9 4 132500 2
0 1 9 8 132500 2
0 1 9 3 132500 2
0 1 11 9 132500 2
0 1 9 7 132500 2
0 1 13 1 132500 2
0 1 12 3 132500 2
0 1 12 2 132500 2
0 1 12 7 132500 2
0 1 12 11 132500 2
0 1 12 1 132500 2
0 1 12 12 132500 2
0 1 12 2 132500 2
0 1 12 11 132500 2
0 1 12 10 132500 2
0 1 11 1 132500 2
0 1 11 0 132500 2
0 1 10 5 132500 2
0 1 11 0 132500 2
0 1 11 11 132500 2
0 1 11 7 132500 2
0 1 11 5 132500 2
0 1 11 9 132500 2
0 1 11 1 132500 2
0 1 11 4 132500 2
0 1 11 1 132500 2
0 1 11 6 132500 2
0 1 10 13 132500 2
0 1 10 13 132500 2
0 1 10 4 132500 2
0 1 10 14 132500 2
0 1 3 2 132500 2
0 1 4 14 132500 2
0 1 4 10 132500 2
0 1 4 2 132500 2
0 1 4 9 132500 2
0 1 4 15 132500 2
0 1 4 14 132500 2
0 1 3 7 132500 2
0 1 3 9 132500 2
0 1 3 2 132500 2
0 1 3 11 132500 2
0 1 3 8 132500 2
0 1 3 6 132500 2
0 1 3 3 132500 2
0 1 3 9 132500 2
0 1 4 1 132500 2
0 1 3 2 132500 2
0 1 3 4 132500 2
0 1 3 10 132500 2
0 1 3 2 132500 2
0 1 3 3 132500 2
0 1 3 3 132500 2
0 1 3 10 132500 2
0 1 3 3 132500 2
0 1 3 3 132500 2
0 1 3 9 132500 2
0 1 3 1 132500 2
0 1 8 11 132500 2
0 1 2 6 132500 2
0 1 6 5 132500 2
0 1 8 1 132500 2
0 1 8 11 132500 2
0 1 8 5 132500 2
0 1 8 6 132500 2
0 1 8 11 132500 2
0 1 8 12 132500 2
0 1 8 12 132500 2
0 1 7 11 132500 2
0 1 7 3 132500 2
0 1 7 14 132500 2
0 1 7 12 132500 2
0 1 6 1 132500 2
0 1 6 15 132500 2
0 1 6 5 132500 2
0 1 6 6 132500 2
0 1 5 7 132500 2
0 1 5 11 132500 2
0 1 4 0 132500 2
0 1 4 9 132500 2
0 1 4 0 132500 2
0 1 4 14 132500 2
0 1 4 4 132500 2
0 1 4 12 132500 2
0 1 4 9 132500 2
0 1 4 11 132500 2
0 1 4 6 132500 2
0 1 9 14 133000 2
0 1 9 3 133000 2
0 1 9 12 133000 2
0 1 10 12 133000 2
0 1 9 4 133000 2
0 1 9 0 133000 2
0 1 9 14 133000 2
0 1 10 4 133000 2
0 1 10 15 133000 2
0 1 10 10 133000 2
0 1 10 9 133000 2
0 1 10 7 133000 2
0 1 10 6 133000 2
0 1 10 2 133000 2
0 1 12 8 133000 2
0 1 9 6 133000 2
0 1 9 6 133000 2
0 1 9 4 133000 2
0 1 9 5 133000 2
0 1 9 13 133000 2
0 1 9 5 133000 2
0 1 9 15 133000 2
0 1 9 15 133000 2
0 1 9 4 133000 2
0 1 9 3 133000 2
0 1 9 4 133000 2
0 1 9 14 133000 2
0 1 9 7 133000 2
0 1 9 9 133000 2
0 1 8 12 133000 2
0 1 11 3 133000 2
0 1 9 5 133000 2
0 1 13 1 133000 2
0 1 12 6 133000 2
0 1 12 0 133000 2
0 1 12 15 133000 2
0 1 12 8 133000 2
0 1 12 1 133000 2
0 1 12 6 133000 2
0 1 12 0 133000 2
0 1 12 0 133000 2
0 1 11 8 133000 2
0 1 11 13 133000 2
0 1 11 11 133000 2
0 1 11 3 133000 2
0 1 10 1 133000 2
0 1 11 4 133000 2
0 1 11 11 133000 2
0 1 11 3 133000 2
0 1 11 11 133000 2
0 1 11 5 133000 2
0 1 11 1 133000 2
0 1 11 1 133000 2
0 1 11 1 133000 2
0 1 11 12 133000 2
0 1 10 15 133000 2
0 1 10 15 133000 2
0 1 10 5 133000 2
0 1 10 1 133000 2
0 1 10 9 133000 2
0 1 3 15 133000 2
0 1 4 12 133000 2
0 1 4 0 133000 2
0 1 4 12 133000 2
0 1 4 7 133000 2
0 1 4 7 133000 2
0 1 4 4 133000 2
0 1 4 9 133000 2
0 1 4 4 133000 2
0 1 3 9 133000 2
0 1 3 9 133000 2
0 1 3 4 133000 2
0 1 3 10 133000 2
0 1 3 3 133000 2
0 1 3 11 133000 2
0 1 3 11 133000 2
0 1 8 12 133000 2
0 1 3 10 133000 2
0 1 3 2 133000 2
0 1 3 5 133000 2
0 1 3 0 133000 2
0 1 3 1 133000 2
0 1 3 3 133000 2
0 1 3 2 133000 2
0 1 3 15 133000 2
0 1 3 7 133000 2
0 1 3 7 133000 2
0 1 3 9 133000 2
0 1 2 2 133000 2
0 1 2 0 133000 2
0 1 8 8 133000 2
0 1 4 12 133000 2
0 1 4 5 133000 2
0 1 8 13 133000 2
0 1 8 15 133000 2
0 1 8 12 133000 2
0 1 8 11 133000 2
0 1 8 13 133000 2
0 1 8 10 133000 2
0 1 8 11 133000 2
0 1 8 10 133000 2
0 1 8 6 133000 2
0 1 8 7 133000 2
0 1 7 9 133000 2
0 1 7 11 133000 2
0 1 6 8 133000 2
0 1 6 14 133000 2
0 1 6 8 133000 2
0 1 4 15 133000 2
0 1 4 7 133000 2
0 1 4 4 133000 2
0 1 4 14 133000 2
0 1 4 9 133000 2
0 1 4 11 133000 2
0 1 5 15 133000 2
0 1 5 3 133000 2
0 1 5 3 133000 2
0 1 6 4 133000 2
0 1 6 15 133000 2
0 1 5 8 133000 2
0 1 9 3 133500 2
0 1 9 5 133500 2
0 1 9 0 133500 2
0 1 9 4 133500 2
0 1 10 9 133500 2
0 1 10 11 133500 2
0 1 10 12 133500 2
0 1 10 9 133500 2
0 1 10 7 133500 2
0 1 10 1 133500 2
0 1 10 7 133500 2
0 1 10 0 133500 2
0 1 10 2 133500 2
0 1 10 9 133500 2
0 1 10 12 133500 2
0 1 9 8 133500 2
0 1 9 9 133500 2
0 1 9 1 133500 2
0 1 9 1 133500 2
0 1 9 15 133500 2
0 1 9 1 133500 2
0 1 9 8 133500 2
0 1 9 4 133500 2
0 1 9 14 133500 2
0 1 9 15 133500 2
0 1 9 12 133500 2
0 1 9 14 133500 2
0 1 9 7 133500 2
0 1 9 9 133500 2
0 1 9 14 133500 2
0 1 11 7 133500 2
0 1 13 14 133500 2
0 1 12 7 133500 2
0 1 12 0 133500 2
0 1 12 15 133500 2
0 1 12 5 133500 2
0 1 12 6 133500 2
0 1 12 12 133500 2
0 1 12 13 133500 2
0 1 12 2 133500 2
0 1 12 11 133500 2
0 1 12 5 133500 2
0 1 12 4 133500 2
0 1 12 10 133500 2
0 1 11 4 133500 2
0 1 10 3 133500 2
0 1 11 12 133500 2
0 1 11 2 133500 2
0 1 11 12 133500 2
0 1 11 12 133500 2
0 1 11 0 133500 2
0 1 11 13 133500 2
0 1 11 9 133500 2
0 1 11 4 133500 2
0 1 11 5 133500 2
0 1 11 6 133500 2
0 1 11 10 133500 2
0 1 11 15 133500 2
0 1 11 15 133500 2
0 1 10 6 133500 2
0 1 3 8 133500 2
0 1 4 11 133500 2
0 1 4 2 133500 2
0 1 4 5 133500 2
0 1 4 0 133500 2
0 1 4 7 133500 2
0 1 4 13 133500 2
0 1 3 14 133500 2
0 1 3 8 133500 2
0 1 3 11 133500 2
0 1 3 5 133500 2
0 1 3 15 133500 2
0 1 3 14 133500 2
0 1 3 7 133500 2
0 1 3 6 133500 2
0 1 8 13 133500 2
0 1 3 10 133500 2
0 1 3 0 133500 2
0 1 3 4 133500 2
0 1 3 15 133500 2
0 1 3 14 133500 2
0 1 3 15 133500 2
0 1 3 8 133500 2
0 1 3 4 133500 2
0 1 3 8 133500 2
0 1 3 8 133500 2
0 1 3 10 133500 2
0 1 3 10 133500 2
0 1 2 6 133500 2
0 1 2 4 133500 2
0 1 4 13 133500 2
0 1 4 14 133500 2
0 1 9 4 133500 2
0 1 8 12 133500 2
0 1 8 15 133500 2
0 1 8 1 133500 2
0 1 8 14 133500 2
0 1 8 12 133500 2
0 1 8 10 133500 2
0 1 8 11 133500 2
0 1 8 3 133500 2
0 1 8 15 133500 2
0 1 8 6 133500 2
0 1 8 11 133500 2
0 1 7 8 133500 2
0 1 7 6 133500 2
0 1 6 3 133500 2
0 1 6 9 133500 2
0 1 4 6 133500 2
0 1 4 2 133500 2
0 1 4 7 133500 2
0 1 4 11 133500 2
0 1 4 0 133500 2
0 1 4 4 133500 2
0 1 4 8 133500 2
0 1 5 12 133500 2
0 1 5 0 133500 2
0 1 5 5 133500 2
0 1 6 11 133500 2
0 1 4 15 133500 2
0 1 9 0 134000 2
0 1 9 12 134000 2
0 1 9 0 134000 2
0 1 9 14 134000 2
0 1 9 7 134000 2
0 1 10 5 134000 2
0 1 10 11 134000 2
0 1 10 15 134000 2
0 1 10 3 134000 2
0 1 10 6 134000 2
0 1 10 2 134000 2
0 1 10 2 134000 2
0 1 10 15 134000 2
0 1 10 5 134000 2
0 1 9 1 134000 2
0 1 9 12 134000 2
0 1 9 3 134000 2
0 1 9 6 134000 2
0 1 9 11 134000 2
0 1 9 3 134000 2
0 1 9 8 134000 2
0 1 9 1 134000 2
0 1 9 3 134000 2
0 1 9 5 134000 2
0 1 9 0 134000 2
0 1 9 12 134000 2
0 1 9 10 134000 2
0 1 9 11 134000 2
0 1 9 11 134000 2
0 1 11 0 134000 2
0 1 12 3 134000 2
0 1 13 0 134000 2
0 1 12 4 134000 2
0 1 12 15 134000 2
0 1 12 9 134000 2
0 1 12 1 134000 2
0 1 12 3 134000 2
0 1 12 4 134000 2
0 1 12 4 134000 2
0 1 12 7 134000 2
0 1 12 8 134000 2
0 1 11 14 134000 2
0 1 11 11 134000 2
0 1 11 2 134000 2
0 1 10 1 134000 2
0 1 11 6 134000 2
0 1 11 6 134000 2
0 1 11 7 134000 2
0 1 11 8 134000 2
0 1 11 3 134000 2
0 1 11 6 134000 2
0 1 11 7 134000 2
0 1 11 15 134000 2
0 1 11 9 134000 2
0 1 11 5 134000 2
0 1 10 10 134000 2
0 1 10 10 134000 2
0 1 10 0 134000 2
0 1 10 9 134000 2
0 1 3 2 134000 2
0 1 4 2 134000 2
0 1 4 3 134000 2
0 1 4 2 134000 2
0 1 4 8 134000 2
0 1 4 7 134000 2
0 1 4 5 134000 2
0 1 3 15 134000 2
0 1 3 15 134000 2
0 1 3 7 134000 2
0 1 3 4 134000 2
0 1 3 4 134000 2
0 1 3 0 134000 2
0 1 3 12 134000 2
0 1 3 0 134000 2
0 1 3 7 134000 2
0 1 9 11 134000 2
0 1 3 1 134000 2
0 1 3 4 134000 2
0 1 3 9 134000 2
0 1 3 12 134000 2
0 1 3 8 134000 2
0 1 3 5 134000 2
0 1 3 2 134000 2
0 1 3 7 134000 2
0 1 3 0 134000 2
0 1 3 4 134000 2
0 1 2 11 134000 2
0 1 3 15 134000 2
0 1 3 11 134000 2
0 1 9 15 134000 2
0 1 4 2 134000 2
0 1 4 11 134000 2
0 1 8 2 134000 2
0 1 8 4 134000 2
0 1 8 3 134000 2
0 1 8 6 134000 2
0 1 8 6 134000 2
0 1 8 7 134000 2
0 1 8 8 134000 2
0 1 8 0 134000 2
0 1 7 7 134000 2
0 1 7 12 134000 2
0 1 7 15 134000 2
0 1 6 14 134000 2
0 1 6 3 134000 2
0 1 5 7 134000 2
0 1 6 8 134000 2
0 1 4 8 134000 2
0 1 4 5 134000 2
0 1 4 4 134000 2
0 1 4 6 134000 2
0 1 4 6 134000 2
0 1 4 1 134000 2
0 1 4 1 134000 2
0 1 5 9 134000 2
0 1 5 0 134000 2
0 1 5 8 134000 2
0 1 5 13 134000 2
0 1 4 11 134000 2
0 1 9 15 134500 2
0 1 9 15 134500 2
0 1 9 3 134500 2
0 1 9 7 134500 2
0 1 10 1 134500 2
0 1 10 8 134500 2
0 1 10 1 134500 2
0 1 10 15 134500 2
0 1 10 4 134500 2
0 1 10 2 134500 2
0 1 10 6 134500 2
0 1 10 3 134500 2
0 1 10 0 134500 2
0 1 10 15 134500 2
0 1 10 1 134500 2
0 1 9 4 134500 2
0 1 9 9 134500 2
0 1 9 15 134500 2
0 1 9 1 134500 2
0 1 9 6 134500 2
0 1 9 7 134500 2
0 1 9 2 134500 2
0 1 9 3 134500 2
0 1 9 11 134500 2
0 1 9 8 134500 2
0 1 9 6 134500 2
0 1 9 12 134500 2
0 1 9 7 134500 2
0 1 9 1 134500 2
0 1 9 8 134500 2
0 1 11 4 134500 2
0 1 9 2 134500 2
0 1 13 15 134500 2
0 1 12 15 134500 2
0 1 12 0 134500 2
0 1 12 3 134500 2
0 1 12 8 134500 2
0 1 12 4 134500 2
0 1 12 13 134500 2
0 1 12 15 134500 2
0 1 12 14 134500 2
0 1 12 15 134500 2
0 1 12 6 134500 2
0 1 11 0 134500 2
0 1 11 0 134500 2
0 1 10 10 134500 2
0 1 11 6 134500 2
0 1 11 9 134500 2
0 1 11 2 134500 2
0 1 11 5 134500 2
0 1 11 1 134500 2
0 1 11 7 134500 2
0 1 11 6 134500 2
0 1 11 15 134500 2
0 1 11 4 134500 2
0 1 11 14 134500 2
0 1 11 13 134500 2
0 1 10 2 134500 2
0 1 10 5 134500 2
0 1 10 9 134500 2
0 1 3 15 134500 2
0 1 4 5 134500 2
0 1 4 15 134500 2
0 1 4 4 134500 2
0 1 4 7 134500 2
0 1 4 11 134500 2
0 1 4 1 134500 2
0 1 4 6 134500 2
0 1 4 2 134500 2
0 1 4 4 134500 2
0 1 3 9 134500 2
0 1 3 1 134500 2
0 1 3 14 134500 2
0 1 3 5 134500 2
0 1 3 14 134500 2
0 1 8 7 134500 2
0 1 3 4 134500 2
0 1 3 3 134500 2
0 1 3 1 134500 2
0 1 3 11 134500 2
0 1 3 1 134500 2
0 1 3 10 134500 2
0 1 3 5 134500 2
0 1 3 5 134500 2
0 1 3 12 134500 2
0 1 3 7 134500 2
0 1 3 13 134500 2
0 1 3 8 134500 2
0 1 3 9 134500 2
0 1 3 9 134500 2
0 1 4 5 134500 2
0 1 4 11 134500 2
0 1 8 10 134500 2
0 1 8 13 134500 2
0 1 8 3 134500 2
0 1 8 8 134500 2
0 1 8 10 134500 2
0 1 8 4 134500 2
0 1 8 10 134500 2
0 1 8 4 134500 2
0 1 7 1 134500 2
0 1 7 9 134500 2
0 1 7 2 134500 2
0 1 6 3 134500 2
0 1 6 0 134500 2
0 1 6 11 134500 2
0 1 6 8 134500 2
0 1 4 1 134500 2
0 1 4 1 134500 2
0 1 4 13 134500 2
0 1 4 12 134500 2
0 1 4 13 134500 2
0 1 4 5 134500 2
0 1 5 3 134500 2
0 1 5 15 134500 2
0 1 5 15 134500 2
0 1 5 11 134500 2
0 1 5 10 134500 2
0 1 4 3 134500 2
0 1 9 13 135000 2
0 1 9 7 135000 2
0 1 9 3 135000 2
0 1 9 10 135000 2
0 1 9 0 135000 2
0 1 9 8 135000 2
0 1 9 12 135000 2
0 1 10 0 135000 2
0 1 10 13 135000 2
0 1 10 6 135000 2
0 1 10 9 135000 2
0 1 10 9 135000 2
0 1 10 11 135000 2
0 1 10 9 135000 2
0 1 10 12 135000 2
0 1 9 2 135000 2
0 1 9 5 135000 2
0 1 9 3 135000 2
0 1 9 0 135000 2
0 1 9 1 135000 2
0 1 9 14 135000 2
0 1 9 15 135000 2
0 1 9 13 135000 2
0 1 9 14 135000 2
0 1 9 6 135000 2
0 1 9 9 135000 2
0 1 9 8 135000 2
0 1 9 7 135000 2
0 1 9 2 135000 2
0 1 8 3 135000 2
0 1 11 3 135000 2
0 1 8 5 135000 2
0 1 13 1 135000 2
0 1 12 0 135000 2
0 1 12 2 135000 2
0 1 12 9 135000 2
0 1 12 7 135000 2
0 1 12 7 135000 2
0 1 12 4 135000 2
0 1 12 1 135000 2
0 1 12 4 135000 2
0 1 11 11 135000 2
0 1 11 12 135000 2
0 1 11 13 135000 2
0 1 11 15 135000 2
0 1 10 6 135000 2
0 1 11 3 135000 2
0 1 11 2 135000 2
0 1 11 6 135000 2
0 1 11 4 135000 2
0 1 11 12 135000 2
0 1 11 10 135000 2
0 1 11 11 135000 2
0 1 11 12 135000 2
0 1 10 13 135000 2
0 1 10 5 135000 2
0 1 10 3 135000 2
0 1 10 10 135000 2
0 1 10 12 135000 2
0 1 10 13 135000 2
0 1 3 12 135000 2
0 1 4 11 135000 2
0 1 4 6 135000 2
0 1 4 15 135000 2
0 1 4 1 135000 2
0 1 4 2 135000 2
0 1 4 6 135000 2
0 1 4 7 135000 2
0 1 3 5 135000 2
0 1 3 6 135000 2
0 1 3 0 135000 2
0 1 3 7 135000 2
0 1 3 4 135000 2
0 1 3 3 135000 2
0 1 3 2 135000 2
0 1 8 12 135000 2
0 1 3 3 135000 2
0 1 3 6 135000 2
0 1 3 5 135000 2
0 1 3 9 135000 2
0 1 3 2 135000 2
0 1 3 4 135000 2
0 1 3 3 135000 2
0 1 3 14 135000 2
0 1 3 7 135000 2
0 1 3 11 135000 2
0 1 3 14 135000 2
0 1 3 5 135000 2
0 1 3 6 135000 2
0 1 2 15 135000 2
0 1 4 0 135000 2
0 1 4 13 135000 2
0 1 8 8 135000 2
0 1 8 3 135000 2
0 1 8 12 135000 2
0 1 8 8 135000 2
0 1 8 9 135000 2
0 1 8 15 135000 2
0 1 8 15 135000 2
0 1 8 11 135000 2
0 1 7 7 135000 2
0 1 7 9 135000 2
0 1 7 14 135000 2
0 1 7 10 135000 2
0 1 6 14 135000 2
0 1 6 7 135000 2
0 1 6 1 135000 2
0 1 4 11 135000 2
0 1 4 9 135000 2
0 1 4 2 135000 2
0 1 4 4 135000 2
0 1 4 7 135000 2
0 1 4 11 135000 2
0 1 5 8 135000 2
0 1 5 4 135000 2
0 1 5 9 135000 2
0 1 5 5 135000 2
0 1 6 11 135000 2
0 1 5 10 135000 2
0 1 9 9 135500 2
0 1 10 3 135500 2
0 1 10 1 135500 2
0 1 10 1 135500 2
0 1 10 4 135500 2
0 1 10 15 135500 2
0 1 10 6 135500 2
0 1 10 11 135500 2
0 1 10 14 135500 2
0 1 10 10 135500 2
0 1 10 6 135500 2
0 1 10 4 135500 2
0 1 10 15 135500 2
0 1 10 11 135500 2
0 1 9 4 135500 2
0 1 9 7 135500 2
0 1 9 3 135500 2
0 1 9 5 135500 2
0 1 9 15 135500 2
0 1 9 10 135500 2
0 1 9 11 135500 2
0 1 9 1 135500 2
0 1 9 1 135500 2
0 1 9 11 135500 2
0 1 9 1 135500 2
0 1 9 7 135500 2
0 1 9 9 135500 2
0 1 9 9 135500 2
0 1 9 1 135500 2
0 1 11 14 135500 2
0 1 9 1 135500 2
0 1 13 8 135500 2
0 1 12 1 135500 2
0 1 12 11 135500 2
0 1 12 14 135500 2
0 1 12 9 135500 2
0 1 12 2 135500 2
0 1 12 5 135500 2
0 1 12 8 135500 2
0 1 12 2 135500 2
0 1 12 8 135500 2
0 1 12 13 135500 2
0 1 12 10 135500 2
0 1 11 15 135500 2
0 1 10 6 135500 2
0 1 11 14 135500 2
0 1 11 7 135500 2
0 1 11 14 135500 2
0 1 11 3 135500 2
0 1 11 2 135500 2
0 1 11 1 135500 2
0 1 11 12 135500 2
0 1 11 15 135500 2
0 1 11 13 135500 2
0 1 11 11 135500 2
0 1 11 6 135500 2
0 1 10 14 135500 2
0 1 10 5 135500 2
0 1 3 7 135500 2
0 1 4 3 135500 2
0 1 4 15 135500 2
0 1 4 7 135500 2
0 1 4 11 135500 2
0 1 4 14 135500 2
0 1 4 11 135500 2
0 1 3 14 135500 2
0 1 3 4 135500 2
0 1 3 1 135500 2
0 1 3 1 135500 2
0 1 3 7 135500 2
0 1 3 3 135500 2
0 1 3 5 135500 2
0 1 3 12 135500 2
0 1 3 0 135500 2
0 1 4 8 135500 2
0 1 3 2 135500 2
0 1 3 6 135500 2
0 1 3 3 135500 2
0 1 3 13 135500 2
0 1 3 9 135500 2
0 1 3 11 135500 2
0 1 3 14 135500 2
0 1 3 15 135500 2
0 1 3 6 135500 2
0 1 3 8 135500 2
0 1 3 13 135500 2
0 1 2 14 135500 2
0 1 2 0 135500 2
0 1 8 0 135500 2
0 1 4 2 135500 2
0 1 8 6 135500 2
0 1 8 5 135500 2
0 1 8 9 135500 2
0 1 8 11 135500 2
0 1 8 12 135500 2
0 1 8 4 135500 2
0 1 8 8 135500 2
0 1 8 3 135500 2
0 1 7 11 135500 2
0 1 7 13 135500 2
0 1 7 14 135500 2
0 1 6 2 135500 2
0 1 6 13 135500 2
0 1 6 8 135500 2
0 1 6 12 135500 2
0 1 6 10 135500 2
0 1 5 14 135500 2
0 1 5 7 135500 2
0 1 5 5 135500 2
0 1 4 5 135500 2
0 1 4 14 135500 2
0 1 4 14 135500 2
0 1 4 2 135500 2
0 1 4 3 135500 2
0 1 4 2 135500 2
0 1 4 13 135500 2
0 1 4 0 135500 2
0 1 9 13 136000 2
0 1 9 7 136000 2
0 1 9 4 136000 2
0 1 9 13 136000 2
0 1 9 4 136000 2
0 1 9 8 136000 2
0 1 9 5 136000 2
0 1 10 6 136000 2
0 1 10 3 136000 2
0 1 10 13 136000 2
0 1 10 9 136000 2
0 1 10 5 136000 2
0 1 10 9 136000 2
0 1 10 15 136000 2
0 1 12 0 136000 2
0 1 9 12 136000 2
0 1 9 8 136000 2
0 1 9 6 136000 2
0 1 9 2 136000 2
0 1 9 6 136000 2
0 1 9 2 136000 2
0 1 9 2 136000 2
0 1 9 11 136000 2
0 1 9 2 136000 2
0 1 9 2 136000 2
0 1 9 9 136000 2
0 1 9 6 136000 2
0 1 9 1 136000 2
0 1 8 12 136000 2
0 1 8 2 136000 2
0 1 11 5 136000 2
0 1 8 14 136000 2
0 1 12 15 136000 2
0 1 12 13 136000 2
0 1 12 12 136000 2
0 1 12 9 136000 2
0 1 12 10 136000 2
0 1 12 0 136000 2
0 1 12 2 136000 2
0 1 12 15 136000 2
0 1 12 10 136000 2
0 1 12 3 136000 2
0 1 11 15 136000 2
0 1 11 14 136000 2
0 1 11 1 136000 2
0 1 11 15 136000 2
0 1 10 9 136000 2
0 1 11 0 136000 2
0 1 11 15 136000 2
0 1 11 5 136000 2
0 1 11 2 136000 2
0 1 11 4 136000 2
0 1 11 10 136000 2
0 1 11 13 136000 2
0 1 11 5 136000 2
0 1 10 11 136000 2
0 1 10 8 136000 2
0 1 10 0 136000 2
0 1 10 0 136000 2
0 1 10 9 136000 2
0 1 10 6 136000 2
0 1 3 10 136000 2
0 1 4 3 136000 2
0 1 4 6 136000 2
0 1 4 7 136000 2
0 1 4 9 136000 2
0 1 4 5 136000 2
0 1 4 15 136000 2
0 1 4 1 136000 2
0 1 4 13 136000 2
0 1 3 2 136000 2
0 1 3 13 136000 2
0 1 3 1 136000 2
0 1 3 4 136000 2
0 1 3 15 136000 2
0 1 3 15 136000 2
0 1 3 15 136000 2
0 1 8 11 136000 2
0 1 3 12 136000 2
0 1 3 0 136000 2
0 1 3 9 136000 2
0 1 3 6 136000 2
0 1 3 2 136000 2
0 1 3 13 136000 2
0 1 3 3 136000 2
0 1 3 3 136000 2
0 1 3 0 136000 2
0 1 3 11 136000 2
0 1 3 9 136000 2
0 1 3 12 136000 2
0 1 2 15 136000 2
0 1 8 10 136000 2
0 1 4 2 136000 2
0 1 4 6 136000 2
0 1 8 3 136000 2
0 1 8 5 136000 2
0 1 8 8 136000 2
0 1 8 15 136000 2
0 1 8 2 136000 2
0 1 8 10 136000 2
0 1 8 14 136000 2
0 1 7 5 136000 2
0 1 7 11 136000 2
0 1 7 11 136000 2
0 1 7 2 136000 2
0 1 6 3 136000 2
0 1 6 1 136000 2
0 1 6 2 136000 2
0 1 5 4 136000 2
0 1 6 7 136000 2
0 1 4 6 136000 2
0 1 4 4 136000 2
0 1 4 9 136000 2
0 1 4 6 136000 2
0 1 4 11 136000 2
0 1 4 8 136000 2
0 1 5 12 136000 2
0 1 5 10 136000 2
0 1 5 11 136000 2
0 1 5 0 136000 2
0 1 5 2 136000 2
0 1 4 3 136000 2
0 1 9 8 136500 2
0 1 9 12 136500 2
0 1 9 3 136500 2
0 1 9 10 136500 2
0 1 10 5 136500 2
0 1 10 14 136500 2
0 1 10 2 136500 2
0 1 10 1 136500 2
0 1 10 9 136500 2
0 1 10 2 136500 2
0 1 10 8 136500 2
0 1 10 0 136500 2
0 1 10 6 136500 2
0 1 10 7 136500 2
0 1 9 11 136500 2
0 1 9 15 136500 2
0 1 9 8 136500 2
0 1 9 6 136500 2
0 1 9 4 136500 2
0 1 9 7 136500 2
0 1 9 0 136500 2
0 1 9 3 136500 2
0 1 9 0 136500 2
0 1 9 3 136500 2
0 1 9 4 136500 2
0 1 9 10 136500 2
0 1 9 13 136500 2
0 1 9 10 136500 2
0 1 11 4 136500 2
0 1 13 15 136500 2
0 1 12 13 136500 2
0 1 12 15 136500 2
0 1 12 10 136500 2
0 1 12 11 136500 2
0 1 12 7 136500 2
0 1 12 14 136500 2
0 1 12 0 136500 2
0 1 12 6 136500 2
0 1 12 11 136500 2
0 1 12 8 136500 2
0 1 12 6 136500 2
0 1 11 9 136500 2
0 1 11 7 136500 2
0 1 10 3 136500 2
0 1 11 5 136500 2
0 1 11 3 136500 2
0 1 11 9 136500 2
0 1 11 4 136500 2
0 1 11 9 136500 2
0 1 11 1 136500 2
0 1 11 11 136500 2
0 1 11 13 136500 2
0 1 11 12 136500 2
0 1 10 4 136500 2
0 1 10 5 136500 2
0 1 10 7 136500 2
0 1 10 7 136500 2
0 1 3 6 136500 2
0 1 4 7 136500 2
0 1 4 12 136500 2
0 1 4 7 136500 2
0 1 4 4 136500 2
0 1 4 5 136500 2
0 1 4 4 136500 2
0 1 4 4 136500 2
0 1 3 4 136500 2
0 1 3 3 136500 2
0 1 3 2 136500 2
0 1 3 0 136500 2
0 1 3 15 136500 2
0 1 3 7 136500 2
0 1 3 0 136500 2
0 1 8 13 136500 2
0 1 3 8 136500 2
0 1 3 2 136500 2
0 1 3 7 136500 2
0 1 3 8 136500 2
0 1 3 14 136500 2
0 1 3 1 136500 2
0 1 3 14 136500 2
0 1 3 3 136500 2
0 1 3 12 136500 2
0 1 3 11 136500 2
0 1 3 13 136500 2
0 1 3 15 136500 2
0 1 2 9 136500 2
0 1 9 4 136500 2
0 1 4 1 136500 2
0 1 4 3 136500 2
0 1 8 6 136500 2
0 1 8 7 136500 2
0 1 8 5 136500 2
0 1 8 13 136500 2
0 1 8 14 136500 2
0 1 8 8 136500 2
0 1 8 11 136500 2
0 1 8 11 136500 2
0 1 7 14 136500 2
0 1 7 7 136500 2
0 1 7 12 136500 2
0 1 7 12 136500 2
0 1 6 4 136500 2
0 1 6 11 136500 2
0 1 6 6 136500 2
0 1 4 6 136500 2
0 1 4 14 136500 2
0 1 4 4 136500 2
0 1 4 1 136500 2
0 1 4 9 136500 2
0 1 5 10 136500 2
0 1 5 14 136500 2
0 1 5 10 136500 2
0 1 5 1 136500 2
0 1 5 10 136500 2
0 1 6 6 136500 2
0 1 9 14 137000 2
0 1 9 15 137000 2
0 1 9 4 137000 2
0 1 9 6 137000 2
0 1 10 14 137000 2
0 1 10 11 137000 2
0 1 10 13 137000 2
0 1 10 15 137000 2
0 1 10 9 137000 2
0 1 10 10 137000 2
0 1 10 10 137000 2
0 1 10 5 137000 2
0 1 10 11 137000 2
0 1 10 8 137000 2
0 1 10 13 137000 2
0 1 9 3 137000 2
0 1 9 9 137000 2
0 1 9 13 137000 2
0 1 9 8 137000 2
0 1 9 4 137000 2
0 1 9 3 137000 2
0 1 9 11 137000 2
0 1 9 11 137000 2
0 1 9 5 137000 2
0 1 9 2 137000 2
0 1 9 2 137000 2
0 1 9 9 137000 2
0 1 9 15 137000 2
0 1 9 10 137000 2
0 1 9 8 137000 2
0 1 11 2 137000 2
0 1 13 14 137000 2
0 1 13 5 137000 2
0 1 12 1 137000 2
0 1 12 13 137000 2
0 1 12 5 137000 2
0 1 12 11 137000 2
0 1 12 9 137000 2
0 1 12 5 137000 2
0 1 12 5 137000 2
0 1 12 2 137000 2
0 1 12 7 137000 2
0 1 12 5 137000 2
0 1 12 1 137000 2
0 1 11 4 137000 2
0 1 10 0 137000 2
0 1 11 15 137000 2
0 1 11 6 137000 2
0 1 11 5 137000 2
0 1 11 6 137000 2
0 1 11 6 137000 2
0 1 11 13 137000 2
0 1 11 12 137000 2
0 1 11 12 137000 2
0 1 11 4 137000 2
0 1 11 5 137000 2
0 1 11 15 137000 2
0 1 11 3 137000 2
0 1 11 12 137000 2
0 1 10 14 137000 2
0 1 3 9 137000 2
0 1 4 0 137000 2
0 1 4 15 137000 2
0 1 4 14 137000 2
0 1 4 1 137000 2
0 1 4 1 137000 2
0 1 4 3 137000 2
0 1 4 4 137000 2
0 1 4 7 137000 2
0 1 4 9 137000 2
0 1 3 1 137000 2
0 1 3 6 137000 2
0 1 3 10 137000 2
0 1 3 6 137000 2
0 1 3 0 137000 2
0 1 3 10 137000 2
0 1 3 5 137000 2
0 1 3 6 137000 2
0 1 3 4 137000 2
0 1 3 11 137000 2
0 1 3 9 137000 2
0 1 3 11 137000 2
0 1 3 14 137000 2
0 1 3 10 137000 2
0 1 3 12 137000 2
0 1 3 8 137000 2
0 1 3 14 137000 2
0 1 3 10 137000 2
0 1 3 3 137000 2
0 1 9 0 137000 2
0 1 4 11 137000 2
0 1 9 5 137000 2
0 1 8 2 137000 2
0 1 8 13 137000 2
0 1 8 2 137000 2
0 1 8 11 137000 2
0 1 8 3 137000 2
0 1 8 7 137000 2
0 1 8 6 137000 2
0 1 8 7 137000 2
0 1 8 3 137000 2
0 1 8 15 137000 2
0 1 8 14 137000 2
0 1 8 11 137000 2
0 1 7 8 137000 2
0 1 7 11 137000 2
0 1 4 1 137000 2
0 1 4 11 137000 2
0 1 4 1 137000 2
0 1 4 14 137000 2
0 1 4 3 137000 2
0 1 4 15 137000 2
0 1 5 9 137000 2
0 1 5 3 137000 2
0 1 7 11 137000 2
0 1 6 8 137000 2
0 1 6 7 137000 2
0 1 5 13 137000 2
0 1 5 4 137000 2
0 1 6 3 137000 2
0 1 10 0 137500 2
0 1 10 1 137500 2
0 1 10 5 137500 2
0 1 10 5 137500 2
0 1 10 12 137500 2
0 1 10 8 137500 2
0 1 10 8 137500 2
0 1 9 12 137500 2
0 1 9 6 137500 2
0 1 9 5 137500 2
0 1 9 9 137500 2
0 1 9 1 137500 2
0 1 9 8 137500 2
0 1 9 13 137500 2
0 1 9 12 137500 2
0 1 9 11 137500 2
0 1 9 3 137500 2
0 1 9 10 137500 2
0 1 9 6 137500 2
0 1 9 3 137500 2
0 1 9 12 137500 2
0 1 9 1 137500 2
0 1 9 6 137500 2
0 1 9 3 137500 2
0 1 9 10 137500 2
0 1 9 1 137500 2
0 1 9 15 137500 2
0 1 9 4 137500 2
0 1 8 0 137500 2
0 1 11 8 137500 2
0 1 13 11 137500 2
0 1 13 6 137500 2
0 1 12 8 137500 2
0 1 12 9 137500 2
0 1 12 13 137500 2
0 1 12 4 137500 2
0 1 12 11 137500 2
0 1 12 4 137500 2
0 1 12 1 137500 2
0 1 12 6 137500 2
0 1 12 2 137500 2
0 1 12 12 137500 2
0 1 11 1 137500 2
0 1 11 11 137500 2
0 1 8 13 137500 2
0 1 11 10 137500 2
0 1 11 1 137500 2
0 1 11 0 137500 2
0 1 11 12 137500 2
0 1 11 6 137500 2
0 1 11 6 137500 2
0 1 11 6 137500 2
0 1 10 0 137500 2
0 1 10 4 137500 2
0 1 10 8 137500 2
0 1 10 4 137500 2
0 1 10 4 137500 2
0 1 10 12 137500 2
0 1 10 7 137500 2
0 1 3 15 137500 2
0 1 4 11 137500 2
0 1 4 7 137500 2
0 1 4 13 137500 2
0 1 4 7 137500 2
0 1 4 7 137500 2
0 1 4 2 137500 2
0 1 4 4 137500 2
0 1 3 2 137500 2
0 1 3 6 137500 2
0 1 3 1 137500 2
0 1 3 9 137500 2
0 1 3 0 137500 2
0 1 3 8 137500 2
0 1 3 13 137500 2
0 1 8 5 137500 2
0 1 3 11 137500 2
0 1 3 12 137500 2
0 1 3 9 137500 2
0 1 3 8 137500 2
0 1 3 0 137500 2
0 1 3 5 137500 2
0 1 3 9 137500 2
0 1 3 13 137500 2
0 1 3 1 137500 2
0 1 3 13 137500 2
0 1 3 4 137500 2
0 1 3 12 137500 2
0 1 2 7 137500 2
0 1 8 15 137500 2
0 1 4 11 137500 2
0 1 4 5 137500 2
0 1 8 12 137500 2
0 1 8 3 137500 2
0 1 8 1 137500 2
0 1 8 4 137500 2
0 1 8 3 137500 2
0 1 8 11 137500 2
0 1 8 4 137500 2
0 1 8 7 137500 2
0 1 7 10 137500 2
0 1 7 14 137500 2
0 1 7 10 137500 2
0 1 6 11 137500 2
0 1 6 13 137500 2
0 1 5 0 137500 2
0 1 5 10 137500 2
0 1 4 0 137500 2
0 1 4 9 137500 2
0 1 4 11 137500 2
0 1 4 12 137500 2
0 1 4 7 137500 2
0 1 4 13 137500 2
0 1 4 3 137500 2
0 1 4 3 137500 2
0 1 5 6 137500 2
0 1 5 7 137500 2
0 1 5 7 137500 2
0 1 5 8 137500 2
0 1 9 2 138000 2
0 1 9 5 138000 2
0 1 9 15 138000 2
0 1 9 15 138000 2
0 1 9 10 138000 2
0 1 9 0 138000 2
0 1 9 3 138000 2
0 1 10 14 138000 2
0 1 10 4 138000 2
0 1 10 3 138000 2
0 1 10 4 138000 2
0 1 10 5 138000 2
0 1 10 14 138000 2
0 1 10 12 138000 2
0 1 9 2 138000 2
0 1 9 12 138000 2
0 1 9 5 138000 2
0 1 9 3 138000 2
0 1 9 14 138000 2
0 1 9 1 138000 2
0 1 9 8 138000 2
0 1 9 3 138000 2
0 1 9 10 138000 2
0 1 9 1 138000 2
0 1 9 6 138000 2
0 1 9 5 138000 2
0 1 9 3 138000 2
0 1 8 4 138000 2
0 1 8 2 138000 2
0 1 11 11 138000 2
0 1 10 13 138000 2
0 1 13 2 138000 2
0 1 12 0 138000 2
0 1 12 5 138000 2
0 1 12 11 138000 2
0 1 12 13 138000 2
0 1 12 3 138000 2
0 1 12 1 138000 2
0 1 12 10 138000 2
0 1 12 0 138000 2
0 1 12 12 138000 2
0 1 12 0 138000 2
0 1 11 3 138000 2
0 1 11 6 138000 2
0 1 10 0 138000 2
0 1 11 11 138000 2
0 1 11 15 138000 2
0 1 11 15 138000 2
0 1 11 8 138000 2
0 1 11 8 138000 2
0 1 11 8 138000 2
0 1 11 4 138000 2
0 1 11 12 138000 2
0 1 10 9 138000 2
0 1 10 2 138000 2
0 1 10 3 138000 2
0 1 10 8 138000 2
0 1 10 8 138000 2
0 1 10 8 138000 2
0 1 3 13 138000 2
0 1 4 15 138000 2
0 1 4 7 138000 2
0 1 4 14 138000 2
0 1 4 13 138000 2
0 1 4 9 138000 2
0 1 4 12 138000 2
0 1 4 9 138000 2
0 1 4 15 138000 2
0 1 3 8 138000 2
0 1 3 6 138000 2
0 1 3 5 138000 2
0 1 3 9 138000 2
0 1 3 15 138000 2
0 1 3 12 138000 2
0 1 3 8 138000 2
0 1 8 8 138000 2
0 1 3 3 138000 2
0 1 3 4 138000 2
0 1 3 11 138000 2
0 1 3 0 138000 2
0 1 3 6 138000 2
0 1 3 3 138000 2
0 1 3 6 138000 2
0 1 3 14 138000 2
0 1 3 7 138000 2
0 1 3 3 138000 2
0 1 3 14 138000 2
0 1 3 5 138000 2
0 1 2 0 138000 2
0 1 8 9 138000 2
0 1 4 12 138000 2
0 1 4 15 138000 2
0 1 8 1 138000 2
0 1 8 4 138000 2
0 1 8 10 138000 2
0 1 8 11 138000 2
0 1 8 4 138000 2
0 1 8 7 138000 2
0 1 7 12 138000 2
0 1 7 0 138000 2
0 1 6 14 138000 2
0 1 6 10 138000 2
0 1 6 8 138000 2
0 1 6 1 138000 2
0 1 6 7 138000 2
0 1 5 10 138000 2
0 1 6 5 138000 2
0 1 2 6 138000 2
0 1 4 0 138000 2
0 1 4 1 138000 2
0 1 4 2 138000 2
0 1 4 14 138000 2
0 1 4 14 138000 2
0 1 4 3 138000 2
0 1 5 10 138000 2
0 1 5 15 138000 2
0 1 5 11 138000 2
0 1 5 14 138000 2
0 1 4 11 138000 2
0 1 9 15 138500 2
0 1 9 15 138500 2
0 1 9 1 138500 2
0 1 9 3 138500 2
0 1 9 7 138500 2
0 1 10 12 138500 2
0 1 10 8 138500 2
0 1 10 8 138500 2
0 1 10 2 138500 2
0 1 10 9 138500 2
0 1 10 6 138500 2
0 1 10 15 138500 2
0 1 10 14 138500 2
0 1 10 11 138500 2
0 1 10 11 138500 2
0 1 9 10 138500 2
0 1 9 10 138500 2
0 1 9 0 138500 2
0 1 9 3 138500 2
0 1 9 6 138500 2
0 1 9 5 138500 2
0 1 9 11 138500 2
0 1 9 15 138500 2
0 1 9 11 138500 2
0 1 9 2 138500 2
0 1 9 0 138500 2
0 1 9 8 138500 2
0 1 9 13 138500 2
0 1 9 14 138500 2
0 1 8 12 138500 2
0 1 11 4 138500 2
0 1 8 12 138500 2
0 1 12 5 138500 2
0 1 12 9 138500 2
0 1 12 15 138500 2
0 1 12 8 138500 2
0 1 12 4 138500 2
0 1 12 14 138500 2
0 1 12 5 138500 2
0 1 12 0 138500 2
0 1 12 10 138500 2
0 1 12 13 138500 2
0 1 11 5 138500 2
0 1 11 5 138500 2
0 1 11 10 138500 2
0 1 11 5 138500 2
0 1 10 4 138500 2
0 1 11 6 138500 2
0 1 11 1 138500 2
0 1 11 11 138500 2
0 1 11 7 138500 2
0 1 11 3 138500 2
0 1 11 2 138500 2
0 1 11 11 138500 2
0 1 11 13 138500 2
0 1 11 7 138500 2
0 1 11 12 138500 2
0 1 10 1 138500 2
0 1 10 11 138500 2
0 1 10 8 138500 2
0 1 10 8 138500 2
0 1 3 7 138500 2
0 1 4 10 138500 2
0 1 4 3 138500 2
0 1 4 1 138500 2
0 1 4 0 138500 2
0 1 4 9 138500 2
0 1 4 15 138500 2
0 1 3 14 138500 2
0 1 3 3 138500 2
0 1 3 8 138500 2
0 1 3 8 138500 2
0 1 3 8 138500 2
0 1 3 2 138500 2
0 1 3 10 138500 2
0 1 3 10 138500 2
0 1 3 10 138500 2
0 1 8 13 138500 2
0 1 3 13 138500 2
0 1 3 0 138500 2
0 1 3 2 138500 2
0 1 3 9 138500 2
0 1 3 8 138500 2
0 1 3 15 138500 2
0 1 3 15 138500 2
0 1 3 3 138500 2
0 1 3 9 138500 2
0 1 3 3 138500 2
0 1 3 12 138500 2
0 1 2 9 138500 2
0 1 2 4 138500 2
0 1 2 6 138500 2
0 1 4 12 138500 2
0 1 4 8 138500 2
0 1 8 2 138500 2
0 1 8 4 138500 2
0 1 8 11 138500 2
0 1 8 11 138500 2
0 1 8 1 138500 2
0 1 8 0 138500 2
0 1 8 12 138500 2
0 1 7 8 138500 2
0 1 7 8 138500 2
0 1 7 2 138500 2
0 1 6 2 138500 2
0 1 6 8 138500 2
0 1 6 1 138500 2
0 1 5 2 138500 2
0 1 6 12 138500 2
0 1 4 5 138500 2
0 1 4 15 138500 2
0 1 4 12 138500 2
0 1 4 6 138500 2
0 1 4 5 138500 2
0 1 4 14 138500 2
0 1 4 9 138500 2
0 1 4 2 138500 2
0 1 5 15 138500 2
0 1 5 4 138500 2
0 1 5 5 138500 2
0 1 4 15 138500 2
0 1 9 2 139000 2
0 1 9 4 139000 2
0 1 9 5 139000 2
0 1 9 6 139000 2
0 1 9 9 139000 2
0 1 10 12 139000 2
0 1 10 7 139000 2
0 1 10 14 139000 2
0 1 10 1 139000 2
0 1 10 5 139000 2
0 1 10 4 139000 2
0 1 10 15 139000 2
0 1 10 12 139000 2
0 1 10 2 139000 2
0 1 10 9 139000 2
0 1 9 7 139000 2
0 1 9 6 139000 2
0 1 9 1 139000 2
0 1 9 0 139000 2
0 1 9 12 139000 2
0 1 9 11 139000 2
0 1 9 2 139000 2
0 1 9 6 139000 2
0 1 9 12 139000 2
0 1 9 1 139000 2
0 1 9 9 139000 2
0 1 9 15 139000 2
0 1 9 12 139000 2
0 1 8 3 139000 2
0 1 8 7 139000 2
0 1 11 12 139000 2
0 1 8 15 139000 2
0 1 13 6 139000 2
0 1 12 8 139000 2
0 1 12 0 139000 2
0 1 12 4 139000 2
0 1 12 9 139000 2
0 1 12 14 139000 2
0 1 12 10 139000 2
0 1 12 15 139000 2
0 1 12 7 139000 2
0 1 12 3 139000 2
0 1 12 8 139000 2
0 1 11 5 139000 2
0 1 11 7 139000 2
0 1 10 4 139000 2
0 1 11 7 139000 2
0 1 11 14 139000 2
0 1 11 13 139000 2
0 1 11 15 139000 2
0 1 11 7 139000 2
0 1 11 8 139000 2
0 1 11 14 139000 2
0 1 11 13 139000 2
0 1 11 5 139000 2
0 1 10 2 139000 2
0 1 10 12 139000 2
0 1 10 7 139000 2
0 1 10 0 139000 2
0 1 10 12 139000 2
0 1 3 4 139000 2
0 1 4 8 139000 2
0 1 4 8 139000 2
0 1 4 2 139000 2
0 1 4 5 139000 2
0 1 4 5 139000 2
0 1 4 8 139000 2
0 1 4 1 139000 2
0 1 4 4 139000 2
0 1 3 4 139000 2
0 1 3 6 139000 2
0 1 3 4 139000 2
0 1 3 5 139000 2
0 1 3 0 139000 2
0 1 3 1 139000 2
0 1 3 5 139000 2
0 1 8 12 139000 2
0 1 3 7 139000 2
0 1 3 11 139000 2
0 1 3 2 139000 2
0 1 3 2 139000 2
0 1 3 15 139000 2
0 1 3 5 139000 2
0 1 3 13 139000 2
0 1 3 6 139000 2
0 1 3 3 139000 2
0 1 3 15 139000 2
0 1 3 0 139000 2
0 1 3 9 139000 2
0 1 3 7 139000 2
0 1 2 10 139000 2
0 1 4 5 139000 2
0 1 4 5 139000 2
0 1 8 15 139000 2
0 1 8 9 139000 2
0 1 8 8 139000 2
0 1 8 8 139000 2
0 1 8 14 139000 2
0 1 8 14 139000 2
0 1 7 14 139000 2
0 1 7 8 139000 2
0 1 7 9 139000 2
0 1 7 14 139000 2
0 1 6 10 139000 2
0 1 6 1 139000 2
0 1 6 11 139000 2
0 1 5 7 139000 2
0 1 5 7 139000 2
0 1 4 15 139000 2
0 1 4 11 139000 2
0 1 4 4 139000 2
0 1 4 6 139000 2
0 1 4 10 139000 2
0 1 4 0 139000 2
0 1 4 3 139000 2
0 1 4 1 139000 2
0 1 4 11 139000 2
0 1 5 2 139000 2
0 1 5 3 139000 2
0 1 5 9 139000 2
0 1 9 1 139500 2
0 1 9 2 139500 2
0 1 9 11 139500 2
0 1 9 4 139500 2
0 1 9 3 139500 2
0 1 9 13 139500 2
0 1 9 1 139500 2
0 1 10 4 139500 2
0 1 10 3 139500 2
0 1 10 15 139500 2
0 1 10 9 139500 2
0 1 10 2 139500 2
0 1 10 5 139500 2
0 1 10 7 139500 2
0 1 10 15 139500 2
0 1 9 5 139500 2
0 1 9 2 139500 2
0 1 9 11 139500 2
0 1 9 13 139500 2
0 1 9 12 139500 2
0 1 9 9 139500 2
0 1 9 12 139500 2
0 1 9 9 139500 2
0 1 9 11 139500 2
0 1 9 5 139500 2
0 1 9 12 139500 2
0 1 9 2 139500 2
0 1 8 13 139500 2
0 1 8 14 139500 2
0 1 6 8 139500 2
0 1 8 15 139500 2
0 1 11 2 139500 2
0 1 13 8 139500 2
0 1 12 2 139500 2
0 1 12 14 139500 2
0 1 12 1 139500 2
0 1 12 4 139500 2
0 1 12 15 139500 2
0 1 12 14 139500 2
0 1 12 3 139500 2
0 1 12 8 139500 2
0 1 12 3 139500 2
0 1 11 13 139500 2
0 1 11 12 139500 2
0 1 11 13 139500 2
0 1 11 2 139500 2
0 1 11 8 139500 2
0 1 10 10 139500 2
0 1 11 15 139500 2
0 1 11 11 139500 2
0 1 11 3 139500 2
0 1 11 6 139500 2
0 1 11 14 139500 2
0 1 11 6 139500 2
0 1 11 10 139500 2
0 1 11 10 139500 2
0 1 10 3 139500 2
0 1 10 11 139500 2
0 1 10 7 139500 2
0 1 10 4 139500 2
0 1 10 4 139500 2
0 1 10 2 139500 2
0 1 3 12 139500 2
0 1 4 9 139500 2
0 1 4 14 139500 2
0 1 4 0 139500 2
0 1 4 14 139500 2
0 1 4 8 139500 2
0 1 4 9 139500 2
0 1 4 14 139500 2
0 1 4 9 139500 2
0 1 4 12 139500 2
0 1 3 11 139500 2
0 1 3 6 139500 2
0 1 3 9 139500 2
0 1 3 11 139500 2
0 1 3 11 139500 2
0 1 3 6 139500 2
0 1 8 1 139500 2
0 1 3 0 139500 2
0 1 3 5 139500 2
0 1 3 9 139500 2
0 1 3 0 139500 2
0 1 3 5 139500 2
0 1 3 0 139500 2
0 1 3 15 139500 2
0 1 3 12 139500 2
0 1 3 2 139500 2
0 1 3 6 139500 2
0 1 2 8 139500 2
0 1 2 14 139500 2
0 1 2 15 139500 2
0 1 2 12 139500 2
0 1 4 10 139500 2
0 1 8 6 139500 2
0 1 8 4 139500 2
0 1 8 5 139500 2
0 1 8 7 139500 2
0 1 8 11 139500 2
0 1 8 3 139500 2
0 1 8 11 139500 2
0 1 8 15 139500 2
0 1 8 1 139500 2
0 1 7 8 139500 2
0 1 7 7 139500 2
0 1 7 2 139500 2
0 1 6 14 139500 2
0 1 6 2 139500 2
0 1 4 1 139500 2
0 1 6 14 139500 2
0 1 4 11 139500 2
0 1 4 5 139500 2
0 1 4 6 139500 2
0 1 4 1 139500 2
0 1 4 13 139500 2
0 1 4 10 139500 2
0 1 4 3 139500 2
0 1 5 8 139500 2
0 1 5 5 139500 2
0 1 5 3 139500 2
0 1 5 13 139500 2
0 1 5 4 139500 2
0 1 6 15 139500 2
0 1 9 14 140000 2
0 1 9 14 140000 2
0 1 10 0 140000 2
0 1 10 12 140000 2
0 1 10 6 140000 2
0 1 10 3 140000 2
0 1 10 15 140000 2
0 1 9 12 140000 2
0 1 10 2 140000 2
0 1 10 7 140000 2
0 1 10 8 140000 2
0 1 10 4 140000 2
0 1 10 8 140000 2
0 1 10 13 140000 2
0 1 10 3 140000 2
0 1 9 14 140000 2
0 1 9 3 140000 2
0 1 9 10 140000 2
0 1 9 7 140000 2
0 1 9 11 140000 2
0 1 9 11 140000 2
0 1 9 5 140000 2
0 1 9 0 140000 2
0 1 9 4 140000 2
0 1 9 2 140000 2
0 1 9 15 140000 2
0 1 9 8 140000 2
0 1 9 6 140000 2
0 1 9 4 140000 2
0 1 9 9 140000 2
0 1 11 2 140000 2
0 1 9 4 140000 2
0 1 13 14 140000 2
0 1 13 13 140000 2
0 1 12 4 140000 2
0 1 12 10 140000 2
0 1 12 7 140000 2
0 1 12 9 140000 2
0 1 12 9 140000 2
0 1 12 12 140000 2
0 1 12 0 140000 2
0 1 12 13 140000 2
0 1 12 5 140000 2
0 1 12 0 140000 2
0 1 12 10 140000 2
0 1 12 13 140000 2
0 1 10 9 140000 2
0 1 11 14 140000 2
0 1 11 15 140000 2
0 1 11 4 140000 2
0 1 11 1 140000 2
0 1 11 6 140000 2
0 1 11 9 140000 2
0 1 11 8 140000 2
0 1 11 13 140000 2
0 1 11 8 140000 2
0 1 11 4 140000 2
0 1 11 14 140000 2
0 1 11 0 140000 2
0 1 11 13 140000 2
0 1 10 6 140000 2
0 1 3 10 140000 2
0 1 4 0 140000 2
0 1 4 9 140000 2
0 1 4 6 140000 2
0 1 4 3 140000 2
0 1 4 5 140000 2
0 1 4 6 140000 2
0 1 4 11 140000 2
0 1 4 12 140000 2
0 1 3 2 140000 2
0 1 3 0 140000 2
0 1 3 12 140000 2
0 1 3 11 140000 2
0 1 3 0 140000 2
0 1 3 2 140000 2
0 1 3 12 140000 2
0 1 8 4 140000 2
0 1 3 8 140000 2
0 1 3 9 140000 2
0 1 3 9 140000 2
0 1 3 14 140000 2
0 1 3 3 140000 2
0 1 3 11 140000 2
0 1 3 5 140000 2
0 1 3 12 140000 2
0 1 3 13 140000 2
0 1 3 1 140000 2
0 1 3 5 140000 2
0 1 3 9 140000 2
0 1 3 10 140000 2
0 1 2 14 140000 2
0 1 9 6 140000 2
0 1 4 5 140000 2
0 1 4 4 140000 2
0 1 8 0 140000 2
0 1 8 14 140000 2
0 1 2 8 140000 2
0 1 8 13 140000 2
0 1 8 15 140000 2
0 1 8 8 140000 2
0 1 8 10 140000 2
0 1 8 11 140000 2
0 1 8 13 140000 2
0 1 8 9 140000 2
0 1 7 12 140000 2
0 1 7 2 140000 2
0 1 7 9 140000 2
0 1 6 14 140000 2
0 1 6 15 140000 2
0 1 6 6 140000 2
0 1 4 7 140000 2
0 1 4 7 140000 2
0 1 4 0 140000 2
0 1 4 9 140000 2
0 1 4 15 140000 2
0 1 5 6 140000 2
0 1 5 15 140000 2
0 1 5 10 140000 2
0 1 5 5 140000 2
0 1 6 8 140000 2
0 1 6 11 140000 2
0 1 5 8 140000 2
0 1 9 12 140500 2
0 1 9 8 140500 2
0 1 10 11 140500 2
0 1 10 9 140500 2
0 1 10 5 140500 2
0 1 10 13 140500 2
0 1 10 8 140500 2
0 1 10 13 140500 2
0 1 10 12 140500 2
0 1 10 4 140500 2
0 1 10 6 140500 2
0 1 10 4 140500 2
0 1 10 0 140500 2
0 1 10 8 140500 2
0 1 10 13 140500 2
0 1 9 4 140500 2
0 1 9 6 140500 2
0 1 9 1 140500 2
0 1 9 15 140500 2
0 1 9 9 140500 2
0 1 9 1 140500 2
0 1 9 14 140500 2
0 1 9 3 140500 2
0 1 9 5 140500 2
0 1 9 13 140500 2
0 1 9 12 140500 2
0 1 9 0 140500 2
0 1 9 1 140500 2
0 1 9 1 140500 2
0 1 9 15 140500 2
0 1 11 15 140500 2
0 1 9 9 140500 2
0 1 13 6 140500 2
0 1 12 6 140500 2
0 1 12 13 140500 2
0 1 12 14 140500 2
0 1 12 5 140500 2
0 1 12 15 140500 2
0 1 12 8 140500 2
0 1 12 2 140500 2
0 1 12 3 140500 2
0 1 12 10 140500 2
0 1 12 4 140500 2
0 1 12 2 140500 2
0 1 11 2 140500 2
0 1 10 4 140500 2
0 1 11 11 140500 2
0 1 11 0 140500 2
0 1 11 12 140500 2
0 1 11 10 140500 2
0 1 11 8 140500 2
0 1 11 6 140500 2
0 1 11 0 140500 2
0 1 11 15 140500 2
0 1 11 8 140500 2
0 1 11 9 140500 2
0 1 11 1 140500 2
0 1 11 15 140500 2
0 1 11 6 140500 2
0 1 10 1 140500 2
0 1 3 4 140500 2
0 1 4 1 140500 2
0 1 4 3 140500 2
0 1 4 12 140500 2
0 1 4 1 140500 2
0 1 4 12 140500 2
0 1 4 7 140500 2
0 1 3 15 140500 2
0 1 3 15 140500 2
0 1 3 10 140500 2
0 1 3 1 140500 2
0 1 3 0 140500 2
0 1 3 13 140500 2
0 1 3 15 140500 2
0 1 3 1 140500 2
0 1 3 15 140500 2
0 1 4 7 140500 2
0 1 3 8 140500 2
0 1 3 5 140500 2
0 1 3 8 140500 2
0 1 3 4 140500 2
0 1 3 10 140500 2
0 1 3 12 140500 2
0 1 3 2 140500 2
0 1 3 1 140500 2
0 1 3 6 140500 2
0 1 3 7 140500 2
0 1 3 15 140500 2
0 1 2 13 140500 2
0 1 9 9 140500 2
0 1 2 10 140500 2
0 1 4 12 140500 2
0 1 9 9 140500 2
0 1 9 14 140500 2
0 1 8 8 140500 2
0 1 8 5 140500 2
0 1 8 6 140500 2
0 1 8 14 140500 2
0 1 8 11 140500 2
0 1 8 15 140500 2
0 1 8 15 140500 2
0 1 8 2 140500 2
0 1 8 11 140500 2
0 1 7 8 140500 2
0 1 7 5 140500 2
0 1 7 10 140500 2
0 1 6 3 140500 2
0 1 6 3 140500 2
0 1 6 6 140500 2
0 1 5 4 140500 2
0 1 5 11 140500 2
0 1 5 7 140500 2
0 1 5 7 140500 2
0 1 5 1 140500 2
0 1 4 10 140500 2
0 1 4 13 140500 2
0 1 4 3 140500 2
0 1 4 9 140500 2
0 1 4 2 140500 2
0 1 4 5 140500 2
0 1 9 15 141000 2
0 1 10 15 141000 2
0 1 10 9 141000 2
0 1 10 1 141000 2
0 1 10 7 141000 2
0 1 10 0 141000 2
0 1 9 14 141000 2
0 1 10 10 141000 2
0 1 10 11 141000 2
0 1 10 2 141000 2
0 1 10 6 141000 2
0 1 10 3 141000 2
0 1 10 15 141000 2
0 1 10 1 141000 2
0 1 13 12 141000 2
0 1 9 5 141000 2
0 1 9 12 141000 2
0 1 9 7 141000 2
0 1 9 9 141000 2
0 1 9 8 141000 2
0 1 9 4 141000 2
0 1 9 4 141000 2
0 1 9 12 141000 2
0 1 9 8 141000 2
0 1 9 6 141000 2
0 1 9 10 141000 2
0 1 9 2 141000 2
0 1 9 11 141000 2
0 1 9 8 141000 2
0 1 9 3 141000 2
0 1 11 13 141000 2
0 1 9 12 141000 2
0 1 13 14 141000 2
0 1 12 13 141000 2
0 1 12 10 141000 2
0 1 12 13 141000 2
0 1 12 8 141000 2
0 1 12 9 141000 2
0 1 12 8 141000 2
0 1 12 1 141000 2
0 1 12 9 141000 2
0 1 12 4 141000 2
0 1 12 4 141000 2
0 1 11 11 141000 2
0 1 11 13 141000 2
0 1 11 0 141000 2
0 1 10 12 141000 2
0 1 11 3 141000 2
0 1 11 10 141000 2
0 1 11 9 141000 2
0 1 11 5 141000 2
0 1 11 4 141000 2
0 1 11 1 141000 2
0 1 11 14 141000 2
0 1 11 6 141000 2
0 1 11 6 141000 2
0 1 11 1 141000 2
0 1 11 2 141000 2
0 1 11 12 141000 2
0 1 11 12 141000 2
0 1 10 0 141000 2
0 1 3 8 141000 2
0 1 4 2 141000 2
0 1 4 8 141000 2
0 1 4 9 141000 2
0 1 4 15 141000 2
0 1 4 12 141000 2
0 1 4 10 141000 2
0 1 4 14 141000 2
0 1 4 15 141000 2
0 1 3 7 141000 2
0 1 3 14 141000 2
0 1 3 10 141000 2
0 1 3 6 141000 2
0 1 3 7 141000 2
0 1 3 6 141000 2
0 1 3 15 141000 2
0 1 9 9 141000 2
0 1 3 2 141000 2
0 1 3 7 141000 2
0 1 3 13 141000 2
0 1 3 15 141000 2
0 1 3 2 141000 2
0 1 3 0 141000 2
0 1 3 1 141000 2
0 1 3 4 141000 2
0 1 3 14 141000 2
0 1 3 15 141000 2
0 1 3 5 141000 2
0 1 3 1 141000 2
0 1 3 9 141000 2
0 1 9 11 141000 2
0 1 4 12 141000 2
0 1 4 6 141000 2
0 1 9 15 141000 2
0 1 8 12 141000 2
0 1 8 14 141000 2
0 1 8 10 141000 2
0 1 8 5 141000 2
0 1 8 14 141000 2
0 1 8 6 141000 2
0 1 8 10 141000 2
0 1 8 8 141000 2
0 1 8 14 141000 2
0 1 8 4 141000 2
0 1 8 8 141000 2
0 1 8 6 141000 2
0 1 7 3 141000 2
0 1 7 8 141000 2
0 1 7 9 141000 2
0 1 4 14 141000 2
0 1 4 13 141000 2
0 1 4 3 141000 2
0 1 5 5 141000 2
0 1 5 1 141000 2
0 1 5 4 141000 2
0 1 5 5 141000 2
0 1 6 11 141000 2
0 1 6 8 141000 2
0 1 6 3 141000 2
0 1 6 14 141000 2
0 1 5 14 141000 2
0 1 9 10 141500 2
0 1 9 6 141500 2
0 1 9 11 141500 2
0 1 9 6 141500 2
0 1 9 11 141500 2
0 1 9 11 141500 2
0 1 9 15 141500 2
0 1 10 11 141500 2
0 1 10 3 141500 2
0 1 10 12 141500 2
0 1 10 15 141500 2
0 1 10 9 141500 2
0 1 10 1 141500 2
0 1 10 5 141500 2
0 1 10 14 141500 2
0 1 9 3 141500 2
0 1 9 1 141500 2
0 1 9 5 141500 2
0 1 9 11 141500 2
0 1 9 7 141500 2
0 1 9 5 141500 2
0 1 9 12 141500 2
0 1 9 12 141500 2
0 1 9 0 141500 2
0 1 9 9 141500 2
0 1 9 7 141500 2
0 1 8 0 141500 2
0 1 8 10 141500 2
0 1 8 3 141500 2
0 1 8 1 141500 2
0 1 8 15 141500 2
0 1 11 4 141500 2
0 1 13 1 141500 2
0 1 12 11 141500 2
0 1 12 7 141500 2
0 1 12 14 141500 2
0 1 12 11 141500 2
0 1 12 11 141500 2
0 1 12 1 141500 2
0 1 12 1 141500 2
0 1 12 5 141500 2
0 1 12 2 141500 2
0 1 12 9 141500 2
0 1 11 0 141500 2
0 1 11 13 141500 2
0 1 11 2 141500 2
0 1 11 4 141500 2
0 1 10 8 141500 2
0 1 11 10 141500 2
0 1 11 0 141500 2
0 1 11 6 141500 2
0 1 11 5 141500 2
0 1 11 14 141500 2
0 1 11 12 141500 2
0 1 11 5 141500 2
0 1 11 3 141500 2
0 1 11 3 141500 2
0 1 10 10 141500 2
0 1 10 3 141500 2
0 1 10 2 141500 2
0 1 10 5 141500 2
0 1 10 4 141500 2
0 1 10 0 141500 2
0 1 3 7 141500 2
0 1 4 3 141500 2
0 1 4 7 141500 2
0 1 4 9 141500 2
0 1 4 1 141500 2
0 1 4 7 141500 2
0 1 4 12 141500 2
0 1 4 15 141500 2
0 1 4 1 141500 2
0 1 3 2 141500 2
0 1 3 4 141500 2
0 1 3 1 141500 2
0 1 3 5 141500 2
0 1 3 6 141500 2
0 1 3 9 141500 2
0 1 3 9 141500 2
0 1 8 3 141500 2
0 1 3 14 141500 2
0 1 3 12 141500 2
0 1 3 2 141500 2
0 1 3 12 141500 2
0 1 3 13 141500 2
0 1 3 11 141500 2
0 1 3 15 141500 2
0 1 3 11 141500 2
0 1 3 5 141500 2
0 1 3 15 141500 2
0 1 3 7 141500 2
0 1 3 4 141500 2
0 1 3 2 141500 2
0 1 2 14 141500 2
0 1 2 6 141500 2
0 1 8 9 141500 2
0 1 6 8 141500 2
0 1 6 11 141500 2
0 1 6 14 141500 2
0 1 6 14 141500 2
0 1 7 14 141500 2
0 1 7 2 141500 2
0 1 7 2 141500 2
0 1 7 10 141500 2
0 1 4 1 141500 2
0 1 8 14 141500 2
0 1 8 3 141500 2
0 1 8 13 141500 2
0 1 8 13 141500 2
0 1 8 7 141500 2
0 1 8 9 141500 2
0 1 4 1 141500 2
0 1 5 12 141500 2
0 1 5 1 141500 2
0 1 4 9 141500 2
0 1 4 2 141500 2
0 1 4 15 141500 2
0 1 4 5 141500 2
0 1 4 6 141500 2
0 1 4 11 141500 2
0 1 4 9 141500 2
0 1 4 12 141500 2
0 1 5 15 141500 2
0 1 5 14 141500 2
0 1 5 11 141500 2
0 1 5 11 141500 2
0 1 4 6 141500 2
0 1 9 9 142000 2
0 1 9 4 142000 2
0 1 9 10 142000 2
0 1 9 8 142000 2
0 1 9 10 142000 2
0 1 9 12 142000 2
0 1 10 7 142000 2
0 1 10 15 142000 2
0 1 10 11 142000 2
0 1 10 4 142000 2
0 1 10 9 142000 2
0 1 10 7 142000 2
0 1 10 2 142000 2
0 1 10 3 142000 2
0 1 10 12 142000 2
0 1 9 15 142000 2
0 1 9 6 142000 2
0 1 9 0 142000 2
0 1 9 11 142000 2
0 1 9 14 142000 2
0 1 9 4 142000 2
0 1 9 1 142000 2
0 1 9 8 142000 2
0 1 9 14 142000 2
0 1 9 11 142000 2
0 1 9 10 142000 2
0 1 9 12 142000 2
0 1 9 13 142000 2
0 1 9 14 142000 2
0 1 9 9 142000 2
0 1 8 1 142000 2
0 1 11 10 142000 2
0 1 13 10 142000 2
0 1 12 4 142000 2
0 1 12 7 142000 2
0 1 2 15 142000 2
0 1 12 14 142000 2
0 1 12 4 142000 2
0 1 12 14 142000 2
0 1 12 15 142000 2
0 1 12 0 142000 2
0 1 12 6 142000 2
0 1 12 13 142000 2
0 1 12 6 142000 2
0 1 12 2 142000 2
0 1 11 4 142000 2
0 1 11 8 142000 2
0 1 10 15 142000 2
0 1 11 9 142000 2
0 1 11 6 142000 2
0 1 11 2 142000 2
0 1 11 9 142000 2
0 1 11 1 142000 2
0 1 11 8 142000 2
0 1 11 5 142000 2
0 1 11 13 142000 2
0 1 11 0 142000 2
0 1 11 13 142000 2
0 1 10 13 142000 2
0 1 10 13 142000 2
0 1 10 3 142000 2
0 1 10 0 142000 2
0 1 10 9 142000 2
0 1 3 0 142000 2
0 1 4 10 142000 2
0 1 4 9 142000 2
0 1 4 13 142000 2
0 1 4 11 142000 2
0 1 4 0 142000 2
0 1 4 11 142000 2
0 1 4 9 142000 2
0 1 3 7 142000 2
0 1 3 6 142000 2
0 1 3 13 142000 2
0 1 3 6 142000 2
0 1 3 4 142000 2
0 1 3 0 142000 2
0 1 3 10 142000 2
0 1 3 10 142000 2
0 1 8 11 142000 2
0 1 3 7 142000 2
0 1 3 11 142000 2
0 1 3 0 142000 2
0 1 3 8 142000 2
0 1 3 5 142000 2
0 1 3 15 142000 2
0 1 3 3 142000 2
0 1 3 15 142000 2
0 1 3 2 142000 2
0 1 3 4 142000 2
0 1 3 7 142000 2
0 1 2 2 142000 2
0 1 2 1 142000 2
0 1 2 7 142000 2
0 1 8 12 142000 2
0 1 4 12 142000 2
0 1 4 9 142000 2
0 1 8 6 142000 2
0 1 8 7 142000 2
0 1 8 10 142000 2
0 1 8 12 142000 2
0 1 8 0 142000 2
0 1 8 8 142000 2
0 1 8 12 142000 2
0 1 8 14 142000 2
0 1 8 3 142000 2
0 1 7 0 142000 2
0 1 7 6 142000 2
0 1 7 13 142000 2
0 1 7 7 142000 2
0 1 6 1 142000 2
0 1 6 11 142000 2
0 1 6 8 142000 2
0 1 4 0 142000 2
0 1 4 1 142000 2
0 1 4 12 142000 2
0 1 4 13 142000 2
0 1 4 14 142000 2
0 1 4 8 142000 2
0 1 5 5 142000 2
0 1 5 0 142000 2
0 1 5 2 142000 2
0 1 5 1 142000 2
0 1 6 5 142000 2
0 1 5 10 142000 2
0 1 9 2 142500 2
0 1 9 7 142500 2
0 1 9 0 142500 2
0 1 9 1 142500 2
0 1 10 14 142500 2
0 1 10 10 142500 2
0 1 10 3 142500 2
0 1 10 1 142500 2
0 1 10 0 142500 2
0 1 10 13 142500 2
0 1 10 8 142500 2
0 1 10 8 142500 2
0 1 10 2 142500 2
0 1 10 6 142500 2
0 1 10 2 142500 2
0 1 9 14 142500 2
0 1 9 12 142500 2
0 1 9 15 142500 2
0 1 9 4 142500 2
0 1 9 9 142500 2
0 1 9 8 142500 2
0 1 9 10 142500 2
0 1 9 4 142500 2
0 1 9 11 142500 2
0 1 9 13 142500 2
0 1 9 12 142500 2
0 1 9 6 142500 2
0 1 9 6 142500 2
0 1 9 3 142500 2
0 1 9 11 142500 2
0 1 9 7 142500 2
0 1 11 14 142500 2
0 1 8 15 142500 2
0 1 13 10 142500 2
0 1 13 14 142500 2
0 1 12 15 142500 2
0 1 12 14 142500 2
0 1 12 9 142500 2
0 1 12 9 142500 2
0 1 12 3 142500 2
0 1 12 13 142500 2
0 1 12 12 142500 2
0 1 12 4 142500 2
0 1 12 9 142500 2
0 1 12 3 142500 2
0 1 11 12 142500 2
0 1 11 11 142500 2
0 1 10 5 142500 2
0 1 11 11 142500 2
0 1 11 5 142500 2
0 1 11 9 142500 2
0 1 11 8 142500 2
0 1 11 10 142500 2
0 1 11 11 142500 2
0 1 11 5 142500 2
0 1 11 12 142500 2
0 1 11 8 142500 2
0 1 11 13 142500 2
0 1 11 15 142500 2
0 1 10 12 142500 2
0 1 10 4 142500 2
0 1 10 12 142500 2
0 1 10 10 142500 2
0 1 3 4 142500 2
0 1 4 15 142500 2
0 1 4 8 142500 2
0 1 4 11 142500 2
0 1 4 5 142500 2
0 1 4 6 142500 2
0 1 4 11 142500 2
0 1 4 12 142500 2
0 1 3 0 142500 2
0 1 3 5 142500 2
0 1 3 14 142500 2
0 1 3 15 142500 2
0 1 3 15 142500 2
0 1 3 9 142500 2
0 1 3 12 142500 2
0 1 3 13 142500 2
0 1 9 4 142500 2
0 1 3 8 142500 2
0 1 3 5 142500 2
0 1 3 8 142500 2
0 1 3 6 142500 2
0 1 3 10 142500 2
0 1 3 11 142500 2
0 1 3 5 142500 2
0 1 3 7 142500 2
0 1 3 8 142500 2
0 1 3 4 142500 2
0 1 3 11 142500 2
0 1 3 12 142500 2
0 1 2 8 142500 2
0 1 2 13 142500 2
0 1 2 4 142500 2
0 1 4 0 142500 2
0 1 9 8 142500 2
0 1 4 13 142500 2
0 1 8 9 142500 2
0 1 8 14 142500 2
0 1 8 9 142500 2
0 1 8 12 142500 2
0 1 8 5 142500 2
0 1 8 4 142500 2
0 1 8 7 142500 2
0 1 8 13 142500 2
0 1 8 15 142500 2
0 1 8 11 142500 2
0 1 8 15 142500 2
0 1 7 1 142500 2
0 1 7 4 142500 2
0 1 7 13 142500 2
0 1 7 1 142500 2
0 1 4 14 142500 2
0 1 4 0 142500 2
0 1 4 13 142500 2
0 1 4 0 142500 2
0 1 4 4 142500 2
0 1 4 2 142500 2
0 1 5 7 142500 2
0 1 5 14 142500 2
0 1 6 5 142500 2
0 1 6 8 142500 2
0 1 6 15 142500 2
0 1 6 9 142500 2
0 1 5 4 142500 2
0 1 9 5 143000 2
0 1 9 0 143000 2
0 1 9 8 143000 2
0 1 9 13 143000 2
0 1 9 0 143000 2
0 1 10 5 143000 2
0 1 10 10 143000 2
0 1 10 14 143000 2
0 1 10 15 143000 2
0 1 10 7 143000 2
0 1 10 15 143000 2
0 1 10 1 143000 2
0 1 10 12 143000 2
0 1 10 3 143000 2
0 1 9 1 143000 2
0 1 9 6 143000 2
0 1 9 9 143000 2
0 1 9 5 143000 2
0 1 9 11 143000 2
0 1 9 10 143000 2
0 1 9 7 143000 2
0 1 9 7 143000 2
0 1 9 9 143000 2
0 1 9 12 143000 2
0 1 9 7 143000 2
0 1 9 7 143000 2
0 1 9 9 143000 2
0 1 9 10 143000 2
0 1 8 6 143000 2
0 1 11 12 143000 2
0 1 8 3 143000 2
0 1 12 3 143000 2
0 1 12 11 143000 2
0 1 12 0 143000 2
0 1 12 10 143000 2
0 1 12 4 143000 2
0 1 12 12 143000 2
0 1 12 12 143000 2
0 1 12 7 143000 2
0 1 12 13 143000 2
0 1 12 8 143000 2
0 1 12 10 143000 2
0 1 11 15 143000 2
0 1 11 1 143000 2
0 1 10 8 143000 2
0 1 11 4 143000 2
0 1 11 8 143000 2
0 1 11 1 143000 2
0 1 11 5 143000 2
0 1 11 11 143000 2
0 1 11 3 143000 2
0 1 11 12 143000 2
0 1 11 15 143000 2
0 1 11 9 143000 2
0 1 11 12 143000 2
0 1 11 2 143000 2
0 1 10 10 143000 2
0 1 10 8 143000 2
0 1 10 11 143000 2
0 1 3 15 143000 2
0 1 4 9 143000 2
0 1 4 15 143000 2
0 1 4 9 143000 2
0 1 4 10 143000 2
0 1 4 2 143000 2
0 1 4 13 143000 2
0 1 4 4 143000 2
0 1 3 5 143000 2
0 1 3 6 143000 2
0 1 3 6 143000 2
0 1 3 9 143000 2
0 1 3 10 143000 2
0 1 3 15 143000 2
0 1 3 1 143000 2
0 1 8 7 143000 2
0 1 3 2 143000 2
0 1 3 1 143000 2
0 1 3 15 143000 2
0 1 3 9 143000 2
0 1 3 12 143000 2
0 1 3 13 143000 2
0 1 3 12 143000 2
0 1 3 14 143000 2
0 1 3 1 143000 2
0 1 3 14 143000 2
0 1 3 14 143000 2
0 1 3 6 143000 2
0 1 3 3 143000 2
0 1 8 4 143000 2
0 1 4 15 143000 2
0 1 4 0 143000 2
0 1 8 2 143000 2
0 1 2 11 143000 2
0 1 8 0 143000 2
0 1 8 2 143000 2
0 1 8 8 143000 2
0 1 8 5 143000 2
0 1 8 1 143000 2
0 1 8 7 143000 2
0 1 7 15 143000 2
0 1 7 8 143000 2
0 1 7 10 143000 2
0 1 7 0 143000 2
0 1 6 3 143000 2
0 1 6 3 143000 2
0 1 6 15 143000 2
0 1 4 11 143000 2
0 1 4 9 143000 2
0 1 4 3 143000 2
0 1 4 6 143000 2
0 1 4 10 143000 2
0 1 5 1 143000 2
0 1 5 3 143000 2
0 1 5 6 143000 2
0 1 5 2 143000 2
0 1 5 6 143000 2
0 1 5 13 143000 2
0 1 6 5 143000 2
0 1 9 4 143500 2
0 1 9 2 143500 2
0 1 9 7 143500 2
0 1 9 10 143500 2
0 1 9 15 143500 2
0 1 9 15 143500 2
0 1 10 14 143500 2
0 1 10 9 143500 2
0 1 10 12 143500 2
0 1 10 6 143500 2
0 1 10 14 143500 2
0 1 10 6 143500 2
0 1 10 6 143500 2
0 1 10 8 143500 2
0 1 10 1 143500 2
0 1 9 12 143500 2
0 1 9 2 143500 2
0 1 9 1 143500 2
0 1 9 6 143500 2
0 1 9 4 143500 2
0 1 9 13 143500 2
0 1 9 15 143500 2
0 1 9 2 143500 2
0 1 9 12 143500 2
0 1 9 12 143500 2
0 1 9 14 143500 2
0 1 9 13 143500 2
0 1 9 3 143500 2
0 1 9 8 143500 2
0 1 9 15 143500 2
0 1 11 12 143500 2
0 1 13 12 143500 2
0 1 13 1 143500 2
0 1 12 15 143500 2
0 1 12 7 143500 2
0 1 12 3 143500 2
0 1 12 11 143500 2
0 1 12 4 143500 2
0 1 12 4 143500 2
0 1 12 8 143500 2
0 1 12 10 143500 2
0 1 12 13 143500 2
0 1 12 12 143500 2
0 1 11 8 143500 2
0 1 11 12 143500 2
0 1 10 12 143500 2
0 1 11 13 143500 2
0 1 11 13 143500 2
0 1 11 12 143500 2
0 1 11 15 143500 2
0 1 11 5 143500 2
0 1 11 7 143500 2
0 1 11 3 143500 2
0 1 11 6 143500 2
0 1 11 15 143500 2
0 1 11 15 143500 2
0 1 10 15 143500 2
0 1 10 0 143500 2
0 1 10 3 143500 2
0 1 10 4 143500 2
0 1 3 10 143500 2
0 1 4 7 143500 2
0 1 4 3 143500 2
0 1 4 1 143500 2
0 1 4 4 143500 2
0 1 4 2 143500 2
0 1 4 10 143500 2
0 1 4 4 143500 2
0 1 3 9 143500 2
0 1 3 2 143500 2
0 1 3 12 143500 2
0 1 3 9 143500 2
0 1 3 0 143500 2
0 1 3 7 143500 2
0 1 3 13 143500 2
0 1 3 1 143500 2
0 1 8 14 143500 2
0 1 3 8 143500 2
0 1 3 0 143500 2
0 1 3 14 143500 2
0 1 3 0 143500 2
0 1 3 13 143500 2
0 1 3 12 143500 2
0 1 3 13 143500 2
0 1 3 3 143500 2
0 1 3 6 143500 2
0 1 3 5 143500 2
0 1 3 1 143500 2
0 1 2 6 143500 2
0 1 2 8 143500 2
0 1 8 14 143500 2
0 1 4 2 143500 2
0 1 4 1 143500 2
0 1 8 9 143500 2
0 1 8 13 143500 2
0 1 8 2 143500 2
0 1 8 8 143500 2
0 1 8 13 143500 2
0 1 8 3 143500 2
0 1 8 7 143500 2
0 1 8 10 143500 2
0 1 8 10 143500 2
0 1 8 10 143500 2
0 1 7 0 143500 2
0 1 7 15 143500 2
0 1 6 5 143500 2
0 1 6 1 143500 2
0 1 5 12 143500 2
0 1 6 10 143500 2
0 1 4 1 143500 2
0 1 4 0 143500 2
0 1 4 10 143500 2
0 1 4 8 143500 2
0 1 4 9 143500 2
0 1 4 0 143500 2
0 1 4 15 143500 2
0 1 4 4 143500 2
0 1 5 7 143500 2
0 1 5 5 143500 2
0 1 5 8 143500 2
0 1 5 0 143500 2
0 1 9 7 144000 2
0 1 9 6 144000 2
0 1 9 4 144000 2
0 1 9 3 144000 2
0 1 9 0 144000 2
0 1 10 9 144000 2
0 1 10 7 144000 2
0 1 10 1 144000 2
0 1 10 4 144000 2
0 1 10 15 144000 2
0 1 10 13 144000 2
0 1 10 3 144000 2
0 1 10 4 144000 2
0 1 10 10 144000 2
0 1 10 2 144000 2
0 1 9 10 144000 2
0 1 9 12 144000 2
0 1 9 13 144000 2
0 1 9 14 144000 2
0 1 9 13 144000 2
0 1 9 6 144000 2
0 1 9 14 144000 2
0 1 9 12 144000 2
0 1 9 9 144000 2
0 1 9 15 144000 2
0 1 9 1 144000 2
0 1 9 2 144000 2
0 1 9 12 144000 2
0 1 9 14 144000 2
0 1 9 10 144000 2
0 1 8 2 144000 2
0 1 11 6 144000 2
0 1 13 7 144000 2
0 1 12 12 144000 2
0 1 12 14 144000 2
0 1 3 11 144000 2
0 1 12 3 144000 2
0 1 12 14 144000 2
0 1 12 12 144000 2
0 1 12 11 144000 2
0 1 12 1 144000 2
0 1 12 14 144000 2
0 1 12 2 144000 2
0 1 12 15 144000 2
0 1 12 13 144000 2
0 1 11 3 144000 2
0 1 11 10 144000 2
0 1 10 3 144000 2
0 1 11 1 144000 2
0 1 11 10 144000 2
0 1 11 13 144000 2
0 1 11 1 144000 2
0 1 11 11 144000 2
0 1 11 6 144000 2
0 1 11 5 144000 2
0 1 11 8 144000 2
0 1 11 5 144000 2
0 1 11 6 144000 2
0 1 11 14 144000 2
0 1 10 11 144000 2
0 1 10 13 144000 2
0 1 10 4 144000 2
0 1 3 1 144000 2
0 1 4 13 144000 2
0 1 4 6 144000 2
0 1 4 10 144000 2
0 1 4 7 144000 2
0 1 4 4 144000 2
0 1 4 6 144000 2
0 1 4 1 144000 2
0 1 4 5 144000 2
0 1 4 9 144000 2
0 1 4 11 144000 2
0 1 4 11 144000 2
0 1 3 8 144000 2
0 1 3 1 144000 2
0 1 3 9 144000 2
0 1 3 0 144000 2
0 1 8 9 144000 2
0 1 3 13 144000 2
0 1 3 3 144000 2
0 1 3 12 144000 2
0 1 3 14 144000 2
0 1 3 9 144000 2
0 1 3 4 144000 2
0 1 3 0 144000 2
0 1 3 0 144000 2
0 1 3 0 144000 2
0 1 3 14 144000 2
0 1 3 11 144000 2
0 1 3 15 144000 2
0 1 3 14 144000 2
0 1 3 11 144000 2
0 1 8 9 144000 2
0 1 4 2 144000 2
0 1 4 6 144000 2
0 1 8 2 144000 2
0 1 8 5 144000 2
0 1 8 14 144000 2
0 1 8 3 144000 2
0 1 8 3 144000 2
0 1 8 6 144000 2
0 1 8 10 144000 2
0 1 8 10 144000 2
0 1 7 13 144000 2
0 1 7 15 144000 2
0 1 7 10 144000 2
0 1 6 2 144000 2
0 1 6 9 144000 2
0 1 6 4 144000 2
0 1 6 14 144000 2
0 1 6 2 144000 2
0 1 4 4 144000 2
0 1 4 1 144000 2
0 1 4 1 144000 2
0 1 4 14 144000 2
0 1 5 7 144000 2
0 1 5 10 144000 2
0 1 5 4 144000 2
0 1 5 9 144000 2
0 1 5 6 144000 2
0 1 5 8 144000 2
0 1 5 4 144000 2
0 1 6 5 144000 2
0 1 8 7 144500 2
0 1 8 13 144500 2
0 1 8 6 144500 2
0 1 8 1 144500 2
0 1 8 11 144500 2
0 1 8 5 144500 2
0 1 8 2 144500 2
0 1 8 5 144500 2
0 1 8 14 144500 2
0 1 9 11 144500 2
0 1 9 5 144500 2
0 1 9 1 144500 2
0 1 9 11 144500 2
0 1 10 0 144500 2
0 1 10 8 144500 2
0 1 8 6 144500 2
0 1 8 0 144500 2
0 1 8 7 144500 2
0 1 8 10 144500 2
0 1 8 9 144500 2
0 1 8 5 144500 2
0 1 8 4 144500 2
0 1 8 10 144500 2
0 1 8 0 144500 2
0 1 8 7 144500 2
0 1 8 12 144500 2
0 1 8 11 144500 2
0 1 8 3 144500 2
0 1 7 13 144500 2
0 1 7 15 144500 2
0 1 15 2 144500 2
0 1 12 14 144500 2
0 1 15 1 144500 2
0 1 14 7 144500 2
0 1 14 5 144500 2
0 1 14 1 144500 2
0 1 13 7 144500 2
0 1 13 13 144500 2
0 1 13 1 144500 2
0 1 13 7 144500 2
0 1 13 11 144500 2
0 1 13 7 144500 2
0 1 12 13 144500 2
0 1 12 11 144500 2
0 1 12 4 144500 2
0 1 12 13 144500 2
0 1 12 11 144500 2
0 1 10 4 144500 2
0 1 12 4 144500 2
0 1 12 13 144500 2
0 1 11 1 144500 2
0 1 11 3 144500 2
0 1 11 15 144500 2
0 1 11 4 144500 2
0 1 11 2 144500 2
0 1 11 9 144500 2
0 1 11 9 144500 2
0 1 10 2 144500 2
0 1 10 4 144500 2
0 1 10 12 144500 2
0 1 10 6 144500 2
0 1 10 8 144500 2
0 1 5 10 144500 2
0 1 6 0 144500 2
0 1 6 0 144500 2
0 1 6 8 144500 2
0 1 5 14 144500 2
0 1 5 8 144500 2
0 1 5 13 144500 2
0 1 5 7 144500 2
0 1 5 6 144500 2
0 1 5 13 144500 2
0 1 5 1 144500 2
0 1 5 2 144500 2
0 1 5 6 144500 2
0 1 5 8 144500 2
0 1 5 13 144500 2
0 1 5 0 144500 2
0 1 4 2 144500 2
0 1 5 8 144500 2
0 1 5 2 144500 2
0 1 5 1 144500 2
0 1 4 9 144500 2
0 1 4 14 144500 2
0 1 4 0 144500 2
0 1 4 2 144500 2
0 1 4 3 144500 2
0 1 4 1 144500 2
0 1 4 11 144500 2
0 1 4 2 144500 2
0 1 4 7 144500 2
0 1 4 8 144500 2
0 1 4 14 144500 2
0 1 7 15 144500 2
0 1 6 3 144500 2
0 1 7 0 144500 2
0 1 7 7 144500 2
0 1 7 3 144500 2
0 1 7 7 144500 2
0 1 7 0 144500 2
0 1 7 3 144500 2
0 1 7 6 144500 2
0 1 7 15 144500 2
0 1 7 2 144500 2
0 1 7 6 144500 2
0 1 7 9 144500 2
0 1 7 7 144500 2
0 1 7 1 144500 2
0 1 7 15 144500 2
0 1 7 3 144500 2
0 1 7 7 144500 2
0 1 6 6 144500 2
0 1 6 2 144500 2
0 1 6 15 144500 2
0 1 6 5 144500 2
0 1 6 6 144500 2
0 1 6 2 144500 2
0 1 6 8 144500 2
0 1 7 2 144500 2
0 1 7 7 144500 2
0 1 7 8 144500 2
0 1 7 1 144500 2
0 1 7 0 144500 2
0 1 6 12 144500 2
0 1 7 13 144500 2
0 1 9 15 145000 2
0 1 10 12 145000 2
0 1 9 15 145000 2
0 1 9 4 145000 2
0 1 8 10 145000 2
0 1 8 13 145000 2
0 1 8 15 145000 2
0 1 8 14 145000 2
0 1 8 5 145000 2
0 1 8 1 145000 2
0 1 8 13 145000 2
0 1 8 6 145000 2
0 1 8 13 145000 2
0 1 8 13 145000 2
0 1 8 15 145000 2
0 1 8 1 145000 2
0 1 8 10 145000 2
0 1 8 14 145000 2
0 1 8 3 145000 2
0 1 8 8 145000 2
0 1 8 10 145000 2
0 1 8 8 145000 2
0 1 8 6 145000 2
0 1 8 4 145000 2
0 1 8 3 145000 2
0 1 8 4 145000 2
0 1 8 8 145000 2
0 1 8 7 145000 2
0 1 8 11 145000 2
0 1 7 13 145000 2
0 1 12 2 145000 2
0 1 15 14 145000 2
0 1 14 2 145000 2
0 1 14 7 145000 2
0 1 14 2 145000 2
0 1 13 14 145000 2
0 1 13 13 145000 2
0 1 13 1 145000 2
0 1 13 6 145000 2
0 1 13 11 145000 2
0 1 13 2 145000 2
0 1 13 10 145000 2
0 1 12 1 145000 2
0 1 12 13 145000 2
0 1 12 11 145000 2
0 1 12 11 145000 2
0 1 7 7 145000 2
0 1 12 13 145000 2
0 1 11 13 145000 2
0 1 11 8 145000 2
0 1 11 1 145000 2
0 1 11 2 145000 2
0 1 11 4 145000 2
0 1 11 6 145000 2
0 1 11 6 145000 2
0 1 11 12 145000 2
0 1 10 13 145000 2
0 1 10 0 145000 2
0 1 10 8 145000 2
0 1 10 5 145000 2
0 1 10 2 145000 2
0 1 5 10 145000 2
0 1 5 6 145000 2
0 1 5 4 145000 2
0 1 5 7 145000 2
0 1 5 7 145000 2
0 1 5 3 145000 2
0 1 5 15 145000 2
0 1 5 0 145000 2
0 1 5 8 145000 2
0 1 5 14 145000 2
0 1 5 15 145000 2
0 1 5 14 145000 2
0 1 5 10 145000 2
0 1 5 13 145000 2
0 1 5 0 145000 2
0 1 5 15 145000 2
0 1 7 8 145000 2
0 1 4 0 145000 2
0 1 4 7 145000 2
0 1 4 11 145000 2
0 1 4 3 145000 2
0 1 4 13 145000 2
0 1 4 0 145000 2
0 1 4 10 145000 2
0 1 4 7 145000 2
0 1 4 0 145000 2
0 1 4 4 145000 2
0 1 4 5 145000 2
0 1 4 9 145000 2
0 1 4 11 145000 2
0 1 7 2 145000 2
0 1 5 8 145000 2
0 1 5 4 145000 2
0 1 7 2 145000 2
0 1 7 14 145000 2
0 1 7 0 145000 2
0 1 7 12 145000 2
0 1 7 3 145000 2
0 1 7 0 145000 2
0 1 7 7 145000 2
0 1 7 5 145000 2
0 1 7 10 145000 2
0 1 7 7 145000 2
0 1 7 2 145000 2
0 1 7 9 145000 2
0 1 7 0 145000 2
0 1 7 13 145000 2
0 1 7 9 145000 2
0 1 6 5 145000 2
0 1 6 9 145000 2
0 1 6 11 145000 2
0 1 6 8 145000 2
0 1 6 9 145000 2
0 1 6 5 145000 2
0 1 6 10 145000 2
0 1 6 9 145000 2
0 1 6 8 145000 2
0 1 6 12 145000 2
0 1 6 12 145000 2
0 1 6 0 145000 2
0 1 8 6 145500 2
0 1 8 10 145500 2
0 1 8 5 145500 2
0 1 8 5 145500 2
0 1 8 13 145500 2
0 1 8 15 145500 2
0 1 9 11 145500 2
0 1 9 1 145500 2
0 1 9 13 145500 2
0 1 9 6 145500 2
0 1 9 3 145500 2
0 1 10 5 145500 2
0 1 10 2 145500 2
0 1 10 13 145500 2
0 1 10 6 145500 2
0 1 8 12 145500 2
0 1 8 9 145500 2
0 1 8 6 145500 2
0 1 8 15 145500 2
0 1 8 4 145500 2
0 1 8 13 145500 2
0 1 8 9 145500 2
0 1 8 9 145500 2
0 1 8 5 145500 2
0 1 8 6 145500 2
0 1 8 6 145500 2
0 1 8 1 145500 2
0 1 8 10 145500 2
0 1 8 3 145500 2
0 1 8 1 145500 2
0 1 8 7 145500 2
0 1 12 15 145500 2
0 1 15 0 145500 2
0 1 15 5 145500 2
0 1 14 0 145500 2
0 1 14 13 145500 2
0 1 14 1 145500 2
0 1 13 11 145500 2
0 1 13 0 145500 2
0 1 13 9 145500 2
0 1 13 4 145500 2
0 1 13 12 145500 2
0 1 13 11 145500 2
0 1 13 5 145500 2
0 1 12 15 145500 2
0 1 12 4 145500 2
0 1 12 3 145500 2
0 1 10 10 145500 2
0 1 12 8 145500 2
0 1 12 15 145500 2
0 1 12 2 145500 2
0 1 12 8 145500 2
0 1 11 11 145500 2
0 1 11 0 145500 2
0 1 11 11 145500 2
0 1 11 6 145500 2
0 1 11 1 145500 2
0 1 11 9 145500 2
0 1 11 12 145500 2
0 1 11 9 145500 2
0 1 10 0 145500 2
0 1 10 15 145500 2
0 1 10 6 145500 2
0 1 5 11 145500 2
0 1 5 1 145500 2
0 1 5 3 145500 2
0 1 5 4 145500 2
0 1 5 15 145500 2
0 1 5 8 145500 2
0 1 5 0 145500 2
0 1 5 15 145500 2
0 1 5 8 145500 2
0 1 5 3 145500 2
0 1 5 14 145500 2
0 1 5 10 145500 2
0 1 5 13 145500 2
0 1 5 8 145500 2
0 1 5 0 145500 2
0 1 5 13 145500 2
0 1 6 4 145500 2
0 1 7 0 145500 2
0 1 4 11 145500 2
0 1 4 9 145500 2
0 1 4 12 145500 2
0 1 4 3 145500 2
0 1 4 13 145500 2
0 1 4 5 145500 2
0 1 4 6 145500 2
0 1 4 9 145500 2
0 1 4 11 145500 2
0 1 4 13 145500 2
0 1 4 14 145500 2
0 1 4 11 145500 2
0 1 4 15 145500 2
0 1 4 10 145500 2
0 1 8 8 145500 2
0 1 6 2 145500 2
0 1 6 9 145500 2
0 1 7 8 145500 2
0 1 7 0 145500 2
0 1 7 2 145500 2
0 1 7 14 145500 2
0 1 7 13 145500 2
0 1 7 1 145500 2
0 1 7 2 145500 2
0 1 7 15 145500 2
0 1 7 3 145500 2
0 1 7 3 145500 2
0 1 7 4 145500 2
0 1 7 2 145500 2
0 1 7 8 145500 2
0 1 7 8 145500 2
0 1 7 3 145500 2
0 1 7 6 145500 2
0 1 6 3 145500 2
0 1 6 11 145500 2
0 1 6 7 145500 2
0 1 6 3 145500 2
0 1 6 0 145500 2
0 1 6 11 145500 2
0 1 6 7 145500 2
0 1 6 0 145500 2
0 1 6 3 145500 2
0 1 7 10 145500 2
0 1 7 4 145500 2
0 1 7 10 145500 2
0 1 6 11 145500 2
0 1 8 4 146000 2
0 1 8 9 146000 2
0 1 8 9 146000 2
0 1 9 5 146000 2
0 1 9 4 146000 2
0 1 9 3 146000 2
0 1 9 8 146000 2
0 1 9 2 146000 2
0 1 10 8 146000 2
0 1 10 2 146000 2
0 1 10 15 146000 2
0 1 10 12 146000 2
0 1 10 15 146000 2
0 1 10 1 146000 2
0 1 10 3 146000 2
0 1 8 11 146000 2
0 1 8 14 146000 2
0 1 8 3 146000 2
0 1 8 15 146000 2
0 1 8 15 146000 2
0 1 8 14 146000 2
0 1 8 1 146000 2
0 1 8 15 146000 2
0 1 8 9 146000 2
0 1 8 13 146000 2
0 1 8 0 146000 2
0 1 8 9 146000 2
0 1 8 14 146000 2
0 1 8 5 146000 2
0 1 8 2 146000 2
0 1 8 1 146000 2
0 1 12 0 146000 2
0 1 7 10 146000 2
0 1 15 1 146000 2
0 1 15 14 146000 2
0 1 14 9 146000 2
0 1 14 3 146000 2
0 1 14 5 146000 2
0 1 13 6 146000 2
0 1 13 3 146000 2
0 1 13 6 146000 2
0 1 13 6 146000 2
0 1 13 13 146000 2
0 1 13 5 146000 2
0 1 13 8 146000 2
0 1 13 3 146000 2
0 1 13 7 146000 2
0 1 11 8 146000 2
0 1 12 14 146000 2
0 1 12 15 146000 2
0 1 12 4 146000 2
0 1 12 11 146000 2
0 1 12 7 146000 2
0 1 12 8 146000 2
0 1 11 12 146000 2
0 1 11 10 146000 2
0 1 11 9 146000 2
0 1 11 11 146000 2
0 1 11 8 146000 2
0 1 11 9 146000 2
0 1 11 12 146000 2
0 1 11 8 146000 2
0 1 5 3 146000 2
0 1 6 2 146000 2
0 1 6 0 146000 2
0 1 6 0 146000 2
0 1 6 11 146000 2
0 1 5 11 146000 2
0 1 5 14 146000 2
0 1 5 6 146000 2
0 1 5 3 146000 2
0 1 5 13 146000 2
0 1 5 1 146000 2
0 1 5 13 146000 2
0 1 5 14 146000 2
0 1 5 2 146000 2
0 1 5 14 146000 2
0 1 5 15 146000 2
0 1 8 11 146000 2
0 1 5 5 146000 2
0 1 5 1 146000 2
0 1 5 7 146000 2
0 1 4 2 146000 2
0 1 4 6 146000 2
0 1 4 15 146000 2
0 1 4 3 146000 2
0 1 4 0 146000 2
0 1 4 3 146000 2
0 1 4 8 146000 2
0 1 4 6 146000 2
0 1 4 8 146000 2
0 1 4 11 146000 2
0 1 4 6 146000 2
0 1 6 6 146000 2
0 1 8 12 146000 2
0 1 6 5 146000 2
0 1 7 3 146000 2
0 1 7 3 146000 2
0 1 7 11 146000 2
0 1 7 5 146000 2
0 1 7 14 146000 2
0 1 7 14 146000 2
0 1 7 12 146000 2
0 1 7 9 146000 2
0 1 7 9 146000 2
0 1 7 9 146000 2
0 1 7 9 146000 2
0 1 7 2 146000 2
0 1 7 15 146000 2
0 1 7 3 146000 2
0 1 7 5 146000 2
0 1 6 8 146000 2
0 1 6 11 146000 2
0 1 6 4 146000 2
0 1 6 9 146000 2
0 1 6 3 146000 2
0 1 6 2 146000 2
0 1 7 9 146000 2
0 1 7 13 146000 2
0 1 7 1 146000 2
0 1 7 15 146000 2
0 1 7 3 146000 2
0 1 6 13 146000 2
0 1 8 6 146500 2
0 1 8 5 146500 2
0 1 8 5 146500 2
0 1 8 4 146500 2
0 1 8 13 146500 2
0 1 8 1 146500 2
0 1 9 8 146500 2
0 1 9 9 146500 2
0 1 9 6 146500 2
0 1 9 9 146500 2
0 1 9 2 146500 2
0 1 10 3 146500 2
0 1 10 11 146500 2
0 1 10 11 146500 2
0 1 8 15 146500 2
0 1 8 11 146500 2
0 1 8 9 146500 2
0 1 8 2 146500 2
0 1 8 15 146500 2
0 1 8 4 146500 2
0 1 8 0 146500 2
0 1 8 4 146500 2
0 1 8 5 146500 2
0 1 8 11 146500 2
0 1 8 1 146500 2
0 1 8 1 146500 2
0 1 8 2 146500 2
0 1 8 9 146500 2
0 1 7 9 146500 2
0 1 12 10 146500 2
0 1 7 10 146500 2
0 1 15 1 146500 2
0 1 15 7 146500 2
0 1 14 0 146500 2
0 1 14 15 146500 2
0 1 14 4 146500 2
0 1 13 11 146500 2
0 1 13 8 146500 2
0 1 13 2 146500 2
0 1 13 4 146500 2
0 1 13 0 146500 2
0 1 13 1 146500 2
0 1 13 15 146500 2
0 1 12 14 146500 2
0 1 10 1 146500 2
0 1 12 11 146500 2
0 1 12 5 146500 2
0 1 12 11 146500 2
0 1 12 5 146500 2
0 1 12 4 146500 2
0 1 11 5 146500 2
0 1 11 0 146500 2
0 1 11 11 146500 2
0 1 11 0 146500 2
0 1 11 0 146500 2
0 1 11 12 146500 2
0 1 11 10 146500 2
0 1 10 0 146500 2
0 1 10 2 146500 2
0 1 5 2 146500 2
0 1 5 2 146500 2
0 1 5 13 146500 2
0 1 5 15 146500 2
0 1 5 5 146500 2
0 1 5 13 146500 2
0 1 5 6 146500 2
0 1 5 15 146500 2
0 1 5 9 146500 2
0 1 5 11 146500 2
0 1 5 3 146500 2
0 1 5 12 146500 2
0 1 5 1 146500 2
0 1 5 8 146500 2
0 1 5 1 146500 2
0 1 7 5 146500 2
0 1 5 11 146500 2
0 1 5 1 146500 2
0 1 5 1 146500 2
0 1 4 10 146500 2
0 1 4 3 146500 2
0 1 4 11 146500 2
0 1 4 5 146500 2
0 1 4 3 146500 2
0 1 4 4 146500 2
0 1 4 9 146500 2
0 1 4 15 146500 2
0 1 4 0 146500 2
0 1 4 6 146500 2
0 1 7 1 146500 2
0 1 6 0 146500 2
0 1 5 3 146500 2
0 1 7 0 146500 2
0 1 7 6 146500 2
0 1 4 7 146500 2
0 1 7 1 146500 2
0 1 7 5 146500 2
0 1 7 7 146500 2
0 1 7 8 146500 2
0 1 7 13 146500 2
0 1 7 7 146500 2
0 1 7 13 146500 2
0 1 7 7 146500 2
0 1 7 4 146500 2
0 1 7 11 146500 2
0 1 7 10 146500 2
0 1 7 15 146500 2
0 1 6 5 146500 2
0 1 6 12 146500 2
0 1 6 4 146500 2
0 1 6 8 146500 2
0 1 6 8 146500 2
0 1 6 5 146500 2
0 1 6 9 146500 2
0 1 6 8 146500 2
0 1 6 14 146500 2
0 1 7 8 146500 2
0 1 7 3 146500 2
0 1 8 4 147000 2
0 1 8 3 147000 2
0 1 8 15 147000 2
0 1 8 9 147000 2
0 1 8 3 147000 2
0 1 8 9 147000 2
0 1 8 6 147000 2
0 1 8 1 147000 2
0 1 9 3 147000 2
0 1 9 8 147000 2
0 1 9 9 147000 2
0 1 9 4 147000 2
0 1 10 6 147000 2
0 1 10 12 147000 2
0 1 8 2 147000 2
0 1 8 1 147000 2
0 1 8 1 147000 2
0 1 8 7 147000 2
0 1 8 6 147000 2
0 1 8 0 147000 2
0 1 8 2 147000 2
0 1 8 13 147000 2
0 1 8 1 147000 2
0 1 8 2 147000 2
0 1 8 6 147000 2
0 1 8 10 147000 2
0 1 7 9 147000 2
0 1 7 15 147000 2
0 1 8 3 147000 2
0 1 12 5 147000 2
0 1 15 14 147000 2
0 1 15 9 147000 2
0 1 14 5 147000 2
0 1 14 6 147000 2
0 1 13 12 147000 2
0 1 13 3 147000 2
0 1 13 15 147000 2
0 1 13 5 147000 2
0 1 13 15 147000 2
0 1 13 10 147000 2
0 1 12 0 147000 2
0 1 12 9 147000 2
0 1 12 10 147000 2
0 1 12 7 147000 2
0 1 10 8 147000 2
0 1 12 9 147000 2
0 1 12 12 147000 2
0 1 11 6 147000 2
0 1 11 3 147000 2
0 1 11 11 147000 2
0 1 11 11 147000 2
0 1 11 2 147000 2
0 1 11 14 147000 2
0 1 11 5 147000 2
0 1 11 15 147000 2
0 1 10 0 147000 2
0 1 10 6 147000 2
0 1 10 3 147000 2
0 1 5 13 147000 2
0 1 5 9 147000 2
0 1 5 0 147000 2
0 1 5 2 147000 2
0 1 5 0 147000 2
0 1 5 13 147000 2
0 1 5 8 147000 2
0 1 5 15 147000 2
0 1 5 13 147000 2
0 1 5 10 147000 2
0 1 5 15 147000 2
0 1 5 0 147000 2
0 1 5 13 147000 2
0 1 5 13 147000 2
0 1 5 4 147000 2
0 1 7 5 147000 2
0 1 5 13 147000 2
0 1 4 0 147000 2
0 1 4 8 147000 2
0 1 4 9 147000 2
0 1 4 1 147000 2
0 1 4 7 147000 2
0 1 4 0 147000 2
0 1 4 12 147000 2
0 1 4 12 147000 2
0 1 4 3 147000 2
0 1 4 6 147000 2
0 1 4 8 147000 2
0 1 4 8 147000 2
0 1 7 0 147000 2
0 1 5 1 147000 2
0 1 5 11 147000 2
0 1 7 13 147000 2
0 1 7 2 147000 2
0 1 7 15 147000 2
0 1 7 12 147000 2
0 1 7 15 147000 2
0 1 7 10 147000 2
0 1 7 3 147000 2
0 1 7 3 147000 2
0 1 7 12 147000 2
0 1 7 3 147000 2
0 1 7 2 147000 2
0 1 7 7 147000 2
0 1 7 7 147000 2
0 1 7 11 147000 2
0 1 7 7 147000 2
0 1 6 6 147000 2
0 1 6 6 147000 2
0 1 6 15 147000 2
0 1 6 0 147000 2
0 1 6 11 147000 2
0 1 6 14 147000 2
0 1 6 12 147000 2
0 1 6 9 147000 2
0 1 6 3 147000 2
0 1 6 15 147000 2
0 1 6 6 147000 2
0 1 8 14 147500 2
0 1 8 4 147500 2
0 1 8 11 147500 2
0 1 8 9 147500 2
0 1 8 7 147500 2
0 1 8 7 147500 2
0 1 8 11 147500 2
0 1 8 7 147500 2
0 1 9 9 147500 2
0 1 9 1 147500 2
0 1 9 9 147500 2
0 1 10 0 147500 2
0 1 10 3 147500 2
0 1 10 12 147500 2
0 1 10 13 147500 2
0 1 8 1 147500 2
0 1 8 15 147500 2
0 1 8 0 147500 2
0 1 8 8 147500 2
0 1 8 4 147500 2
0 1 8 8 147500 2
0 1 8 8 147500 2
0 1 8 11 147500 2
0 1 8 5 147500 2
0 1 8 0 147500 2
0 1 8 11 147500 2
0 1 8 1 147500 2
0 1 8 1 147500 2
0 1 8 2 147500 2
0 1 8 7 147500 2
0 1 8 15 147500 2
0 1 12 10 147500 2
0 1 8 5 147500 2
0 1 15 1 147500 2
0 1 14 1 147500 2
0 1 14 12 147500 2
0 1 14 5 147500 2
0 1 13 3 147500 2
0 1 13 0 147500 2
0 1 13 8 147500 2
0 1 13 1 147500 2
0 1 13 12 147500 2
0 1 13 0 147500 2
0 1 13 9 147500 2
0 1 12 14 147500 2
0 1 12 6 147500 2
0 1 12 1 147500 2
0 1 10 11 147500 2
0 1 12 3 147500 2
0 1 12 3 147500 2
0 1 12 12 147500 2
0 1 12 13 147500 2
0 1 11 0 147500 2
0 1 11 12 147500 2
0 1 11 3 147500 2
0 1 11 12 147500 2
0 1 11 5 147500 2
0 1 11 5 147500 2
0 1 11 4 147500 2
0 1 11 2 147500 2
0 1 10 2 147500 2
0 1 10 4 147500 2
0 1 5 9 147500 2
0 1 6 6 147500 2
0 1 6 12 147500 2
0 1 6 14 147500 2
0 1 6 9 147500 2
0 1 5 12 147500 2
0 1 5 14 147500 2
0 1 5 2 147500 2
0 1 5 15 147500 2
0 1 5 8 147500 2
0 1 5 12 147500 2
0 1 5 3 147500 2
0 1 5 6 147500 2
0 1 5 14 147500 2
0 1 5 6 147500 2
0 1 5 10 147500 2
0 1 7 11 147500 2
0 1 5 6 147500 2
0 1 5 9 147500 2
0 1 5 14 147500 2
0 1 4 9 147500 2
0 1 4 13 147500 2
0 1 4 12 147500 2
0 1 4 1 147500 2
0 1 4 14 147500 2
0 1 4 0 147500 2
0 1 4 8 147500 2
0 1 4 1 147500 2
0 1 4 4 147500 2
0 1 4 6 147500 2
0 1 4 14 147500 2
0 1 4 3 147500 2
0 1 6 8 147500 2
0 1 6 5 147500 2
0 1 7 4 147500 2
0 1 7 8 147500 2
0 1 7 9 147500 2
0 1 7 15 147500 2
0 1 7 6 147500 2
0 1 7 15 147500 2
0 1 7 5 147500 2
0 1 7 13 147500 2
0 1 7 14 147500 2
0 1 7 14 147500 2
0 1 7 7 147500 2
0 1 7 13 147500 2
0 1 7 3 147500 2
0 1 7 7 147500 2
0 1 7 9 147500 2
0 1 7 12 147500 2
0 1 6 3 147500 2
0 1 6 12 147500 2
0 1 6 10 147500 2
0 1 6 8 147500 2
0 1 6 10 147500 2
0 1 6 8 147500 2
0 1 6 8 147500 2
0 1 7 11 147500 2
0 1 7 12 147500 2
0 1 7 12 147500 2
0 1 7 14 147500 2
0 1 6 8 147500 2
0 1 8 1 148000 2
0 1 8 7 148000 2
0 1 8 4 148000 2
0 1 8 6 148000 2
0 1 8 7 148000 2
0 1 9 13 148000 2
0 1 9 3 148000 2
0 1 9 2 148000 2
0 1 9 2 148000 2
0 1 10 1 148000 2
0 1 10 8 148000 2
0 1 10 4 148000 2
0 1 10 8 148000 2
0 1 10 13 148000 2
0 1 10 11 148000 2
0 1 8 15 148000 2
0 1 8 9 148000 2
0 1 8 8 148000 2
0 1 8 14 148000 2
0 1 8 10 148000 2
0 1 8 2 148000 2
0 1 8 7 148000 2
0 1 8 7 148000 2
0 1 8 4 148000 2
0 1 8 13 148000 2
0 1 8 12 148000 2
0 1 8 9 148000 2
0 1 8 15 148000 2
0 1 8 7 148000 2
0 1 8 12 148000 2
0 1 12 11 148000 2
0 1 7 6 148000 2
0 1 15 7 148000 2
0 1 14 10 148000 2
0 1 13 15 148000 2
0 1 13 14 148000 2
0 1 13 13 148000 2
0 1 13 13 148000 2
0 1 13 10 148000 2
0 1 13 10 148000 2
0 1 13 0 148000 2
0 1 13 15 148000 2
0 1 13 10 148000 2
0 1 12 11 148000 2
0 1 12 5 148000 2
0 1 10 15 148000 2
0 1 12 13 148000 2
0 1 12 10 148000 2
0 1 12 13 148000 2
0 1 12 8 148000 2
0 1 11 9 148000 2
0 1 11 7 148000 2
0 1 11 8 148000 2
0 1 11 11 148000 2
0 1 11 11 148000 2
0 1 11 7 148000 2
0 1 11 7 148000 2
0 1 11 3 148000 2
0 1 11 4 148000 2
0 1 10 8 148000 2
0 1 5 4 148000 2
0 1 6 2 148000 2
0 1 6 5 148000 2
0 1 5 4 148000 2
0 1 5 6 148000 2
0 1 5 10 148000 2
0 1 5 13 148000 2
0 1 5 11 148000 2
0 1 5 12 148000 2
0 1 5 5 148000 2
0 1 5 1 148000 2
0 1 5 0 148000 2
0 1 5 11 148000 2
0 1 5 13 148000 2
0 1 5 5 148000 2
0 1 8 1 148000 2
0 1 5 6 148000 2
0 1 5 3 148000 2
0 1 5 6 148000 2
0 1 4 2 148000 2
0 1 4 4 148000 2
0 1 4 14 148000 2
0 1 4 2 148000 2
0 1 4 10 148000 2
0 1 4 12 148000 2
0 1 4 0 148000 2
0 1 4 10 148000 2
0 1 4 12 148000 2
0 1 4 11 148000 2
0 1 4 4 148000 2
0 1 6 0 148000 2
0 1 6 10 148000 2
0 1 7 11 148000 2
0 1 7 14 148000 2
0 1 7 4 148000 2
0 1 7 0 148000 2
0 1 7 12 148000 2
0 1 7 7 148000 2
0 1 7 10 148000 2
0 1 7 12 148000 2
0 1 7 13 148000 2
0 1 7 2 148000 2
0 1 7 2 148000 2
0 1 7 4 148000 2
0 1 7 15 148000 2
0 1 7 3 148000 2
0 1 7 10 148000 2
0 1 6 6 148000 2
0 1 6 10 148000 2
0 1 6 14 148000 2
0 1 6 7 148000 2
0 1 6 5 148000 2
0 1 6 8 148000 2
0 1 6 9 148000 2
0 1 6 1 148000 2
0 1 7 4 148000 2
0 1 7 3 148000 2
0 1 7 7 148000 2
0 1 7 15 148000 2
0 1 8 6 148500 2
0 1 8 6 148500 2
0 1 8 3 148500 2
0 1 8 7 148500 2
0 1 8 8 148500 2
0 1 8 7 148500 2
0 1 8 12 148500 2
0 1 8 2 148500 2
0 1 8 13 148500 2
0 1 8 13 148500 2
0 1 8 8 148500 2
0 1 9 14 148500 2
0 1 9 10 148500 2
0 1 9 11 148500 2
0 1 10 1 148500 2
0 1 8 1 148500 2
0 1 8 2 148500 2
0 1 8 7 148500 2
0 1 8 1 148500 2
0 1 8 6 148500 2
0 1 8 11 148500 2
0 1 8 9 148500 2
0 1 8 5 148500 2
0 1 8 11 148500 2
0 1 8 9 148500 2
0 1 7 0 148500 2
0 1 7 13 148500 2
0 1 7 11 148500 2
0 1 7 6 148500 2
0 1 7 11 148500 2
0 1 12 9 148500 2
0 1 7 6 148500 2
0 1 15 6 148500 2
0 1 15 11 148500 2
0 1 14 10 148500 2
0 1 14 15 148500 2
0 1 14 6 148500 2
0 1 13 11 148500 2
0 1 13 15 148500 2
0 1 13 2 148500 2
0 1 13 0 148500 2
0 1 13 4 148500 2
0 1 12 15 148500 2
0 1 12 0 148500 2
0 1 12 9 148500 2
0 1 10 13 148500 2
0 1 12 1 148500 2
0 1 12 6 148500 2
0 1 11 13 148500 2
0 1 11 2 148500 2
0 1 11 4 148500 2
0 1 11 10 148500 2
0 1 11 14 148500 2
0 1 11 4 148500 2
0 1 11 12 148500 2
0 1 10 9 148500 2
0 1 10 12 148500 2
0 1 10 15 148500 2
0 1 10 8 148500 2
0 1 10 1 148500 2
0 1 5 7 148500 2
0 1 5 4 148500 2
0 1 5 13 148500 2
0 1 5 12 148500 2
0 1 5 15 148500 2
0 1 5 4 148500 2
0 1 5 1 148500 2
0 1 5 9 148500 2
0 1 5 6 148500 2
0 1 5 0 148500 2
0 1 5 11 148500 2
0 1 5 2 148500 2
0 1 5 8 148500 2
0 1 5 5 148500 2
0 1 5 0 148500 2
0 1 5 6 148500 2
0 1 7 0 148500 2
0 1 5 10 148500 2
0 1 5 15 148500 2
0 1 4 3 148500 2
0 1 4 1 148500 2
0 1 4 6 148500 2
0 1 4 13 148500 2
0 1 4 15 148500 2
0 1 4 11 148500 2
0 1 4 7 148500 2
0 1 4 2 148500 2
0 1 4 2 148500 2
0 1 4 8 148500 2
0 1 4 5 148500 2
0 1 7 12 148500 2
0 1 6 7 148500 2
0 1 5 14 148500 2
0 1 7 14 148500 2
0 1 7 0 148500 2
0 1 7 11 148500 2
0 1 7 5 148500 2
0 1 7 14 148500 2
0 1 7 12 148500 2
0 1 7 2 148500 2
0 1 7 15 148500 2
0 1 7 1 148500 2
0 1 7 4 148500 2
0 1 7 1 148500 2
0 1 7 8 148500 2
0 1 4 9 148500 2
0 1 7 1 148500 2
0 1 7 9 148500 2
0 1 6 2 148500 2
0 1 6 0 148500 2
0 1 6 0 148500 2
0 1 6 3 148500 2
0 1 6 9 148500 2
0 1 6 7 148500 2
0 1 6 12 148500 2
0 1 6 0 148500 2
0 1 6 7 148500 2
0 1 6 9 148500 2
0 1 6 15 148500 2
0 1 6 8 148500 2
0 1 8 11 149000 2
0 1 8 11 149000 2
0 1 8 5 149000 2
0 1 9 0 149000 2
0 1 9 0 149000 2
0 1 9 6 149000 2
0 1 9 7 149000 2
0 1 9 4 149000 2
0 1 10 0 149000 2
0 1 10 8 149000 2
0 1 10 1 149000 2
0 1 10 6 149000 2
0 1 10 9 149000 2
0 1 10 4 149000 2
0 1 10 0 149000 2
0 1 8 4 149000 2
0 1 8 14 149000 2
0 1 8 4 149000 2
0 1 8 12 149000 2
0 1 8 4 149000 2
0 1 8 2 149000 2
0 1 8 4 149000 2
0 1 8 14 149000 2
0 1 8 15 149000 2
0 1 8 10 149000 2
0 1 8 8 149000 2
0 1 8 6 149000 2
0 1 8 3 149000 2
0 1 8 3 149000 2
0 1 7 8 149000 2
0 1 12 5 149000 2
0 1 15 14 149000 2
0 1 15 3 149000 2
0 1 15 0 149000 2
0 1 14 15 149000 2
0 1 14 7 149000 2
0 1 14 9 149000 2
0 1 14 11 149000 2
0 1 13 3 149000 2
0 1 13 8 149000 2
0 1 13 10 149000 2
0 1 13 7 149000 2
0 1 13 7 149000 2
0 1 13 10 149000 2
0 1 12 11 149000 2
0 1 12 9 149000 2
0 1 10 7 149000 2
0 1 12 9 149000 2
0 1 12 3 149000 2
0 1 12 3 149000 2
0 1 12 3 149000 2
0 1 12 8 149000 2
0 1 11 1 149000 2
0 1 11 4 149000 2
0 1 11 15 149000 2
0 1 11 9 149000 2
0 1 11 12 149000 2
0 1 11 7 149000 2
0 1 11 15 149000 2
0 1 11 3 149000 2
0 1 10 14 149000 2
0 1 5 10 149000 2
0 1 6 8 149000 2
0 1 6 14 149000 2
0 1 6 3 149000 2
0 1 6 1 149000 2
0 1 6 2 149000 2
0 1 5 4 149000 2
0 1 5 1 149000 2
0 1 5 9 149000 2
0 1 5 1 149000 2
0 1 5 7 149000 2
0 1 5 13 149000 2
0 1 5 5 149000 2
0 1 5 7 149000 2
0 1 5 3 149000 2
0 1 5 15 149000 2
0 1 8 4 149000 2
0 1 5 15 149000 2
0 1 5 10 149000 2
0 1 5 7 149000 2
0 1 5 3 149000 2
0 1 4 0 149000 2
0 1 4 4 149000 2
0 1 4 3 149000 2
0 1 4 6 149000 2
0 1 4 14 149000 2
0 1 4 1 149000 2
0 1 4 5 149000 2
0 1 4 8 149000 2
0 1 4 14 149000 2
0 1 4 13 149000 2
0 1 6 3 149000 2
0 1 6 7 149000 2
0 1 8 14 149000 2
0 1 8 10 149000 2
0 1 8 15 149000 2
0 1 8 2 149000 2
0 1 8 15 149000 2
0 1 7 14 149000 2
0 1 7 3 149000 2
0 1 7 8 149000 2
0 1 7 12 149000 2
0 1 7 4 149000 2
0 1 7 3 149000 2
0 1 7 7 149000 2
0 1 7 15 149000 2
0 1 7 8 149000 2
0 1 7 10 149000 2
0 1 7 12 149000 2
0 1 6 6 149000 2
0 1 6 8 149000 2
0 1 6 10 149000 2
0 1 6 1 149000 2
0 1 7 7 149000 2
0 1 7 14 149000 2
0 1 7 11 149000 2
0 1 7 15 149000 2
0 1 7 3 149000 2
0 1 7 1 149000 2
0 1 7 2 149000 2
0 1 7 0 149000 2
0 1 8 9 149500 2
0 1 8 2 149500 2
0 1 8 11 149500 2
0 1 8 1 149500 2
0 1 8 6 149500 2
0 1 9 11 149500 2
0 1 9 4 149500 2
0 1 9 14 149500 2
0 1 9 2 149500 2
0 1 9 2 149500 2
0 1 10 5 149500 2
0 1 10 13 149500 2
0 1 10 11 149500 2
0 1 10 9 149500 2
0 1 10 13 149500 2
0 1 8 0 149500 2
0 1 8 2 149500 2
0 1 8 3 149500 2
0 1 8 2 149500 2
0 1 8 6 149500 2
0 1 8 8 149500 2
0 1 8 7 149500 2
0 1 8 15 149500 2
0 1 8 12 149500 2
0 1 8 0 149500 2
0 1 8 8 149500 2
0 1 8 9 149500 2
0 1 7 15 149500 2
0 1 7 8 149500 2
0 1 7 9 149500 2
0 1 7 9 149500 2
0 1 12 4 149500 2
0 1 4 3 149500 2
0 1 15 6 149500 2
0 1 14 15 149500 2
0 1 14 2 149500 2
0 1 14 1 149500 2
0 1 14 12 149500 2
0 1 13 11 149500 2
0 1 13 15 149500 2
0 1 13 2 149500 2
0 1 13 10 149500 2
0 1 13 9 149500 2
0 1 13 11 149500 2
0 1 12 4 149500 2
0 1 12 9 149500 2
0 1 12 2 149500 2
0 1 10 15 149500 2
0 1 12 8 149500 2
0 1 12 4 149500 2
0 1 12 12 149500 2
0 1 11 7 149500 2
0 1 11 5 149500 2
0 1 11 7 149500 2
0 1 11 15 149500 2
0 1 11 14 149500 2
0 1 11 2 149500 2
0 1 11 5 149500 2
0 1 11 7 149500 2
0 1 11 0 149500 2
0 1 11 2 149500 2
0 1 10 8 149500 2
0 1 5 6 149500 2
0 1 5 10 149500 2
0 1 5 10 149500 2
0 1 5 1 149500 2
0 1 5 8 149500 2
0 1 5 0 149500 2
0 1 5 9 149500 2
0 1 5 11 149500 2
0 1 5 1 149500 2
0 1 5 14 149500 2
0 1 5 11 149500 2
0 1 5 7 149500 2
0 1 5 6 149500 2
0 1 5 7 149500 2
0 1 5 14 149500 2
0 1 5 4 149500 2
0 1 7 1 149500 2
0 1 5 8 149500 2
0 1 5 6 149500 2
0 1 5 15 149500 2
0 1 4 14 149500 2
0 1 4 11 149500 2
0 1 4 4 149500 2
0 1 4 15 149500 2
0 1 4 4 149500 2
0 1 4 12 149500 2
0 1 4 0 149500 2
0 1 4 2 149500 2
0 1 4 11 149500 2
0 1 4 13 149500 2
0 1 7 8 149500 2
0 1 6 8 149500 2
0 1 5 12 149500 2
0 1 7 15 149500 2
0 1 7 15 149500 2
0 1 7 13 149500 2
0 1 7 9 149500 2
0 1 7 8 149500 2
0 1 7 1 149500 2
0 1 7 8 149500 2
0 1 7 8 149500 2
0 1 7 12 149500 2
0 1 7 6 149500 2
0 1 7 9 149500 2
0 1 7 5 149500 2
0 1 7 11 149500 2
0 1 7 5 149500 2
0 1 6 15 149500 2
0 1 6 15 149500 2
0 1 6 5 149500 2
0 1 6 13 149500 2
0 1 6 6 149500 2
0 1 6 1 149500 2
0 1 6 11 149500 2
0 1 6 4 149500 2
0 1 6 7 149500 2
0 1 6 4 149500 2
0 1 6 7 149500 2
0 1 6 10 149500 2
0 1 6 10 149500 2
0 1 6 15 149500 2
0 1 8 6 150000 2
0 1 8 1 150000 2
0 1 8 1 150000 2
0 1 8 6 150000 2
0 1 8 2 150000 2
0 1 8 10 150000 2
0 1 8 7 150000 2
0 1 8 7 150000 2
0 1 9 11 150000 2
0 1 9 9 150000 2
0 1 9 4 150000 2
0 1 9 2 150000 2
0 1 10 12 150000 2
0 1 10 12 150000 2
0 1 10 5 150000 2
0 1 10 9 150000 2
0 1 8 10 150000 2
0 1 8 5 150000 2
0 1 8 5 150000 2
0 1 8 5 150000 2
0 1 8 11 150000 2
0 1 8 6 150000 2
0 1 8 8 150000 2
0 1 8 12 150000 2
0 1 8 7 150000 2
0 1 8 9 150000 2
0 1 8 5 150000 2
0 1 8 12 150000 2
0 1 8 6 150000 2
0 1 8 2 150000 2
0 1 14 3 150000 2
0 1 8 9 150000 2
0 1 12 5 150000 2
0 1 15 6 150000 2
0 1 14 2 150000 2
0 1 14 9 150000 2
0 1 13 7 150000 2
0 1 13 6 150000 2
0 1 13 0 150000 2
0 1 13 12 150000 2
0 1 13 15 150000 2
0 1 13 1 150000 2
0 1 13 10 150000 2
0 1 12 5 150000 2
0 1 12 13 150000 2
0 1 12 9 150000 2
0 1 12 15 150000 2
0 1 12 3 150000 2
0 1 10 12 150000 2
0 1 12 3 150000 2
0 1 12 2 150000 2
0 1 12 9 150000 2
0 1 12 13 150000 2
0 1 11 6 150000 2
0 1 11 1 150000 2
0 1 11 6 150000 2
0 1 11 6 150000 2
0 1 11 15 150000 2
0 1 11 1 150000 2
0 1 11 10 150000 2
0 1 11 1 150000 2
0 1 11 0 150000 2
0 1 10 0 150000 2
0 1 5 10 150000 2
0 1 6 9 150000 2
0 1 5 13 150000 2
0 1 5 7 150000 2
0 1 5 10 150000 2
0 1 5 11 150000 2
0 1 5 6 150000 2
0 1 5 1 150000 2
0 1 5 3 150000 2
0 1 5 6 150000 2
0 1 5 4 150000 2
0 1 5 8 150000 2
0 1 5 2 150000 2
0 1 5 10 150000 2
0 1 5 12 150000 2
0 1 5 1 150000 2
0 1 4 8 150000 2
0 1 5 4 150000 2
0 1 5 15 150000 2
0 1 5 14 150000 2
0 1 4 13 150000 2
0 1 4 9 150000 2
0 1 4 7 150000 2
0 1 4 9 150000 2
0 1 4 1 150000 2
0 1 4 0 150000 2
0 1 4 14 150000 2
0 1 4 2 150000 2
0 1 4 10 150000 2
0 1 4 12 150000 2
0 1 4 0 150000 2
0 1 8 5 150000 2
0 1 6 10 150000 2
0 1 7 13 150000 2
0 1 7 12 150000 2
0 1 7 12 150000 2
0 1 7 10 150000 2
0 1 7 3 150000 2
0 1 7 6 150000 2
0 1 7 8 150000 2
0 1 7 12 150000 2
0 1 7 11 150000 2
0 1 7 15 150000 2
0 1 7 7 150000 2
0 1 7 10 150000 2
0 1 7 11 150000 2
0 1 7 11 150000 2
0 1 7 14 150000 2
0 1 7 1 150000 2
0 1 6 5 150000 2
0 1 6 8 150000 2
0 1 6 15 150000 2
0 1 6 6 150000 2
0 1 6 4 150000 2
0 1 6 8 150000 2
0 1 6 12 150000 2
0 1 6 14 150000 2
0 1 7 11 150000 2
0 1 7 11 150000 2
0 1 7 8 150000 2
0 1 7 11 150000 2
0 1 6 8 150000 2
0 1 6 8 150000 2
0 1 7 8 150000 2
0 1 10 4 150500 2
0 1 10 15 150500 2
0 1 10 11 150500 2
0 1 10 13 150500 2
0 1 10 13 150500 2
0 1 10 11 150500 2
0 1 10 1 150500 2
0 1 9 2 150500 2
0 1 9 3 150500 2
0 1 9 14 150500 2
0 1 8 6 150500 2
0 1 8 10 150500 2
0 1 8 1 150500 2
0 1 8 12 150500 2
0 1 8 11 150500 2
0 1 8 11 150500 2
0 1 8 2 150500 2
0 1 8 6 150500 2
0 1 8 9 150500 2
0 1 8 1 150500 2
0 1 8 8 150500 2
0 1 8 14 150500 2
0 1 8 2 150500 2
0 1 8 14 150500 2
0 1 8 8 150500 2
0 1 8 5 150500 2
0 1 8 2 150500 2
0 1 8 2 150500 2
0 1 8 5 150500 2
0 1 8 9 150500 2
0 1 12 1 150500 2
0 1 15 1 150500 2
0 1 14 15 150500 2
0 1 14 2 150500 2
0 1 14 5 150500 2
0 1 14 14 150500 2
0 1 13 5 150500 2
0 1 13 13 150500 2
0 1 13 9 150500 2
0 1 13 10 150500 2
0 1 13 5 150500 2
0 1 13 9 150500 2
0 1 13 5 150500 2
0 1 13 7 150500 2
0 1 12 1 150500 2
0 1 8 3 150500 2
0 1 12 3 150500 2
0 1 12 14 150500 2
0 1 12 4 150500 2
0 1 12 8 150500 2
0 1 12 5 150500 2
0 1 12 14 150500 2
0 1 11 11 150500 2
0 1 11 0 150500 2
0 1 11 13 150500 2
0 1 11 5 150500 2
0 1 11 15 150500 2
0 1 11 3 150500 2
0 1 11 5 150500 2
0 1 11 8 150500 2
0 1 5 2 150500 2
0 1 6 3 150500 2
0 1 6 9 150500 2
0 1 6 13 150500 2
0 1 6 6 150500 2
0 1 6 14 150500 2
0 1 6 12 150500 2
0 1 5 13 150500 2
0 1 5 15 150500 2
0 1 5 1 150500 2
0 1 5 14 150500 2
0 1 5 1 150500 2
0 1 5 6 150500 2
0 1 5 10 150500 2
0 1 5 6 150500 2
0 1 5 15 150500 2
0 1 7 10 150500 2
0 1 5 14 150500 2
0 1 5 5 150500 2
0 1 5 10 150500 2
0 1 5 0 150500 2
0 1 4 4 150500 2
0 1 4 15 150500 2
0 1 4 1 150500 2
0 1 4 14 150500 2
0 1 4 0 150500 2
0 1 4 14 150500 2
0 1 4 13 150500 2
0 1 4 10 150500 2
0 1 4 0 150500 2
0 1 8 13 150500 2
0 1 6 13 150500 2
0 1 6 9 150500 2
0 1 7 5 150500 2
0 1 7 13 150500 2
0 1 7 4 150500 2
0 1 7 8 150500 2
0 1 7 14 150500 2
0 1 7 12 150500 2
0 1 7 15 150500 2
0 1 7 12 150500 2
0 1 7 8 150500 2
0 1 7 15 150500 2
0 1 7 3 150500 2
0 1 7 10 150500 2
0 1 7 1 150500 2
0 1 7 0 150500 2
0 1 7 3 150500 2
0 1 6 7 150500 2
0 1 6 2 150500 2
0 1 6 7 150500 2
0 1 6 3 150500 2
0 1 6 1 150500 2
0 1 7 11 150500 2
0 1 7 14 150500 2
0 1 7 13 150500 2
0 1 7 10 150500 2
0 1 7 2 150500 2
0 1 7 15 150500 2
0 1 7 1 150500 2
0 1 8 5 151000 2
0 1 8 12 151000 2
0 1 8 3 151000 2
0 1 8 14 151000 2
0 1 8 14 151000 2
0 1 9 9 151000 2
0 1 9 6 151000 2
0 1 9 4 151000 2
0 1 9 13 151000 2
0 1 9 9 151000 2
0 1 10 8 151000 2
0 1 10 13 151000 2
0 1 10 9 151000 2
0 1 10 13 151000 2
0 1 10 15 151000 2
0 1 8 12 151000 2
0 1 8 5 151000 2
0 1 8 8 151000 2
0 1 8 13 151000 2
0 1 8 8 151000 2
0 1 8 2 151000 2
0 1 8 14 151000 2
0 1 8 2 151000 2
0 1 8 1 151000 2
0 1 8 14 151000 2
0 1 8 5 151000 2
0 1 8 1 151000 2
0 1 8 6 151000 2
0 1 8 4 151000 2
0 1 8 9 151000 2
0 1 7 5 151000 2
0 1 12 15 151000 2
0 1 15 10 151000 2
0 1 14 12 151000 2
0 1 14 9 151000 2
0 1 14 10 151000 2
0 1 13 1 151000 2
0 1 13 4 151000 2
0 1 13 0 151000 2
0 1 13 0 151000 2
0 1 13 0 151000 2
0 1 13 2 151000 2
0 1 13 4 151000 2
0 1 12 1 151000 2
0 1 12 4 151000 2
0 1 12 11 151000 2
0 1 12 6 151000 2
0 1 10 12 151000 2
0 1 12 8 151000 2
0 1 12 8 151000 2
0 1 12 2 151000 2
0 1 12 10 151000 2
0 1 11 4 151000 2
0 1 11 2 151000 2
0 1 11 1 151000 2
0 1 11 15 151000 2
0 1 11 12 151000 2
0 1 11 3 151000 2
0 1 11 15 151000 2
0 1 10 0 151000 2
0 1 10 0 151000 2
0 1 10 2 151000 2
0 1 5 12 151000 2
0 1 6 3 151000 2
0 1 6 5 151000 2
0 1 6 14 151000 2
0 1 5 6 151000 2
0 1 5 7 151000 2
0 1 5 12 151000 2
0 1 5 5 151000 2
0 1 5 8 151000 2
0 1 5 5 151000 2
0 1 5 8 151000 2
0 1 5 0 151000 2
0 1 5 13 151000 2
0 1 5 7 151000 2
0 1 5 9 151000 2
0 1 5 7 151000 2
0 1 7 10 151000 2
0 1 5 12 151000 2
0 1 5 5 151000 2
0 1 5 4 151000 2
0 1 5 11 151000 2
0 1 4 13 151000 2
0 1 4 5 151000 2
0 1 4 10 151000 2
0 1 4 13 151000 2
0 1 4 15 151000 2
0 1 4 1 151000 2
0 1 4 1 151000 2
0 1 4 10 151000 2
0 1 4 6 151000 2
0 1 4 12 151000 2
0 1 7 7 151000 2
0 1 6 4 151000 2
0 1 6 0 151000 2
0 1 7 4 151000 2
0 1 7 6 151000 2
0 1 7 4 151000 2
0 1 7 8 151000 2
0 1 7 0 151000 2
0 1 7 11 151000 2
0 1 7 3 151000 2
0 1 7 13 151000 2
0 1 7 0 151000 2
0 1 7 8 151000 2
0 1 7 13 151000 2
0 1 7 13 151000 2
0 1 7 7 151000 2
0 1 7 7 151000 2
0 1 7 2 151000 2
0 1 7 8 151000 2
0 1 6 7 151000 2
0 1 6 12 151000 2
0 1 6 1 151000 2
0 1 6 0 151000 2
0 1 6 8 151000 2
0 1 6 6 151000 2
0 1 6 3 151000 2
0 1 6 1 151000 2
0 1 7 14 151000 2
0 1 7 5 151000 2
0 1 7 8 151000 2
0 1 6 4 151000 2
0 1 8 3 151500 2
0 1 8 13 151500 2
0 1 8 1 151500 2
0 1 8 3 151500 2
0 1 8 9 151500 2
0 1 8 8 151500 2
0 1 9 15 151500 2
0 1 9 8 151500 2
0 1 9 2 151500 2
0 1 9 8 151500 2
0 1 10 7 151500 2
0 1 10 1 151500 2
0 1 10 12 151500 2
0 1 10 14 151500 2
0 1 10 14 151500 2
0 1 8 14 151500 2
0 1 8 8 151500 2
0 1 8 3 151500 2
0 1 8 4 151500 2
0 1 8 14 151500 2
0 1 8 13 151500 2
0 1 8 0 151500 2
0 1 8 10 151500 2
0 1 8 10 151500 2
0 1 8 12 151500 2
0 1 8 14 151500 2
0 1 8 7 151500 2
0 1 8 2 151500 2
0 1 8 7 151500 2
0 1 8 9 151500 2
0 1 8 10 151500 2
0 1 12 10 151500 2
0 1 7 12 151500 2
0 1 15 14 151500 2
0 1 15 8 151500 2
0 1 14 1 151500 2
0 1 14 11 151500 2
0 1 14 0 151500 2
0 1 13 2 151500 2
0 1 13 14 151500 2
0 1 13 3 151500 2
0 1 13 10 151500 2
0 1 13 14 151500 2
0 1 13 0 151500 2
0 1 13 11 151500 2
0 1 12 12 151500 2
0 1 12 10 151500 2
0 1 10 4 151500 2
0 1 12 6 151500 2
0 1 12 3 151500 2
0 1 12 3 151500 2
0 1 12 12 151500 2
0 1 12 0 151500 2
0 1 11 7 151500 2
0 1 11 4 151500 2
0 1 11 14 151500 2
0 1 11 6 151500 2
0 1 11 1 151500 2
0 1 11 2 151500 2
0 1 11 14 151500 2
0 1 11 13 151500 2
0 1 10 14 151500 2
0 1 5 7 151500 2
0 1 6 3 151500 2
0 1 6 0 151500 2
0 1 5 9 151500 2
0 1 5 10 151500 2
0 1 5 10 151500 2
0 1 5 9 151500 2
0 1 5 5 151500 2
0 1 5 4 151500 2
0 1 5 15 151500 2
0 1 5 3 151500 2
0 1 5 12 151500 2
0 1 5 10 151500 2
0 1 5 15 151500 2
0 1 5 10 151500 2
0 1 5 8 151500 2
0 1 7 13 151500 2
0 1 5 1 151500 2
0 1 5 14 151500 2
0 1 4 9 151500 2
0 1 4 4 151500 2
0 1 4 12 151500 2
0 1 4 6 151500 2
0 1 4 6 151500 2
0 1 4 3 151500 2
0 1 4 0 151500 2
0 1 4 13 151500 2
0 1 4 0 151500 2
0 1 4 6 151500 2
0 1 4 1 151500 2
0 1 4 6 151500 2
0 1 6 9 151500 2
0 1 7 0 151500 2
0 1 7 3 151500 2
0 1 7 6 151500 2
0 1 7 13 151500 2
0 1 7 3 151500 2
0 1 7 13 151500 2
0 1 7 6 151500 2
0 1 7 10 151500 2
0 1 7 8 151500 2
0 1 7 13 151500 2
0 1 7 2 151500 2
0 1 7 2 151500 2
0 1 7 2 151500 2
0 1 7 10 151500 2
0 1 7 7 151500 2
0 1 7 9 151500 2
0 1 6 7 151500 2
0 1 6 7 151500 2
0 1 6 14 151500 2
0 1 6 7 151500 2
0 1 6 8 151500 2
0 1 6 15 151500 2
0 1 6 8 151500 2
0 1 6 0 151500 2
0 1 6 8 151500 2
0 1 7 10 151500 2
0 1 7 8 151500 2
0 1 7 14 151500 2
0 1 6 1 151500 2
0 1 8 5 152000 2
0 1 8 1 152000 2
0 1 8 7 152000 2
0 1 8 8 152000 2
0 1 8 11 152000 2
0 1 9 4 152000 2
0 1 9 10 152000 2
0 1 9 5 152000 2
0 1 10 8 152000 2
0 1 10 10 152000 2
0 1 10 10 152000 2
0 1 10 8 152000 2
0 1 10 11 152000 2
0 1 10 0 152000 2
0 1 8 15 152000 2
0 1 8 6 152000 2
0 1 8 6 152000 2
0 1 8 15 152000 2
0 1 8 14 152000 2
0 1 8 12 152000 2
0 1 8 14 152000 2
0 1 8 14 152000 2
0 1 8 2 152000 2
0 1 8 14 152000 2
0 1 8 6 152000 2
0 1 8 2 152000 2
0 1 8 7 152000 2
0 1 8 2 152000 2
0 1 8 5 152000 2
0 1 12 10 152000 2
0 1 7 15 152000 2
0 1 15 0 152000 2
0 1 14 0 152000 2
0 1 14 1 152000 2
0 1 14 10 152000 2
0 1 13 9 152000 2
0 1 13 4 152000 2
0 1 13 2 152000 2
0 1 13 0 152000 2
0 1 13 5 152000 2
0 1 13 5 152000 2
0 1 12 11 152000 2
0 1 12 1 152000 2
0 1 12 5 152000 2
0 1 10 3 152000 2
0 1 12 6 152000 2
0 1 12 0 152000 2
0 1 12 8 152000 2
0 1 12 4 152000 2
0 1 11 11 152000 2
0 1 11 2 152000 2
0 1 11 6 152000 2
0 1 11 15 152000 2
0 1 11 13 152000 2
0 1 11 6 152000 2
0 1 11 4 152000 2
0 1 11 12 152000 2
0 1 11 9 152000 2
0 1 11 3 152000 2
0 1 5 10 152000 2
0 1 6 11 152000 2
0 1 5 13 152000 2
0 1 5 0 152000 2
0 1 5 3 152000 2
0 1 5 0 152000 2
0 1 5 10 152000 2
0 1 5 0 152000 2
0 1 5 7 152000 2
0 1 5 13 152000 2
0 1 5 13 152000 2
0 1 5 0 152000 2
0 1 5 4 152000 2
0 1 5 7 152000 2
0 1 5 8 152000 2
0 1 8 2 152000 2
0 1 5 13 152000 2
0 1 4 9 152000 2
0 1 4 10 152000 2
0 1 4 2 152000 2
0 1 4 8 152000 2
0 1 4 0 152000 2
0 1 4 5 152000 2
0 1 4 15 152000 2
0 1 4 6 152000 2
0 1 4 0 152000 2
0 1 4 1 152000 2
0 1 4 6 152000 2
0 1 4 6 152000 2
0 1 8 14 152000 2
0 1 6 0 152000 2
0 1 6 9 152000 2
0 1 7 13 152000 2
0 1 7 3 152000 2
0 1 7 13 152000 2
0 1 7 2 152000 2
0 1 7 3 152000 2
0 1 7 7 152000 2
0 1 7 15 152000 2
0 1 7 3 152000 2
0 1 7 3 152000 2
0 1 7 5 152000 2
0 1 7 5 152000 2
0 1 7 15 152000 2
0 1 7 8 152000 2
0 1 7 7 152000 2
0 1 7 11 152000 2
0 1 6 3 152000 2
0 1 6 15 152000 2
0 1 6 13 152000 2
0 1 6 8 152000 2
0 1 6 10 152000 2
0 1 6 8 152000 2
0 1 6 2 152000 2
0 1 6 8 152000 2
0 1 6 15 152000 2
0 1 7 0 152000 2
0 1 7 8 152000 2
0 1 7 13 152000 2
0 1 8 15 152500 2
0 1 8 8 152500 2
0 1 8 14 152500 2
0 1 8 4 152500 2
0 1 8 2 152500 2
0 1 8 7 152500 2
0 1 9 4 152500 2
0 1 9 5 152500 2
0 1 9 8 152500 2
0 1 9 11 152500 2
0 1 9 6 152500 2
0 1 9 12 152500 2
0 1 10 13 152500 2
0 1 10 10 152500 2
0 1 8 7 152500 2
0 1 8 0 152500 2
0 1 8 2 152500 2
0 1 8 15 152500 2
0 1 8 7 152500 2
0 1 8 6 152500 2
0 1 8 8 152500 2
0 1 8 0 152500 2
0 1 8 0 152500 2
0 1 8 7 152500 2
0 1 8 9 152500 2
0 1 8 14 152500 2
0 1 8 9 152500 2
0 1 8 9 152500 2
0 1 8 4 152500 2
0 1 12 12 152500 2
0 1 15 12 152500 2
0 1 15 2 152500 2
0 1 14 14 152500 2
0 1 14 7 152500 2
0 1 13 4 152500 2
0 1 13 1 152500 2
0 1 13 13 152500 2
0 1 13 12 152500 2
0 1 13 4 152500 2
0 1 13 15 152500 2
0 1 12 0 152500 2
0 1 12 14 152500 2
0 1 12 8 152500 2
0 1 12 14 152500 2
0 1 10 1 152500 2
0 1 12 8 152500 2
0 1 12 15 152500 2
0 1 11 3 152500 2
0 1 11 6 152500 2
0 1 11 15 152500 2
0 1 11 1 152500 2
0 1 11 5 152500 2
0 1 11 5 152500 2
0 1 11 3 152500 2
0 1 10 4 152500 2
0 1 10 5 152500 2
0 1 10 12 152500 2
0 1 10 0 152500 2
0 1 10 13 152500 2
0 1 5 11 152500 2
0 1 6 9 152500 2
0 1 5 1 152500 2
0 1 5 3 152500 2
0 1 5 15 152500 2
0 1 5 4 152500 2
0 1 5 11 152500 2
0 1 5 6 152500 2
0 1 5 13 152500 2
0 1 5 11 152500 2
0 1 5 6 152500 2
0 1 5 12 152500 2
0 1 5 9 152500 2
0 1 5 8 152500 2
0 1 5 8 152500 2
0 1 8 2 152500 2
0 1 5 7 152500 2
0 1 4 15 152500 2
0 1 4 11 152500 2
0 1 4 8 152500 2
0 1 4 9 152500 2
0 1 4 9 152500 2
0 1 4 11 152500 2
0 1 4 14 152500 2
0 1 4 10 152500 2
0 1 4 4 152500 2
0 1 4 3 152500 2
0 1 4 2 152500 2
0 1 4 7 152500 2
0 1 8 15 152500 2
0 1 6 14 152500 2
0 1 6 3 152500 2
0 1 7 5 152500 2
0 1 7 8 152500 2
0 1 7 9 152500 2
0 1 7 4 152500 2
0 1 7 15 152500 2
0 1 7 7 152500 2
0 1 7 3 152500 2
0 1 7 4 152500 2
0 1 7 1 152500 2
0 1 7 3 152500 2
0 1 7 10 152500 2
0 1 7 0 152500 2
0 1 7 3 152500 2
0 1 7 8 152500 2
0 1 7 9 152500 2
0 1 6 15 152500 2
0 1 6 8 152500 2
0 1 6 5 152500 2
0 1 6 0 152500 2
0 1 6 11 152500 2
0 1 6 9 152500 2
0 1 6 1 152500 2
0 1 6 9 152500 2
0 1 6 1 152500 2
0 1 7 14 152500 2
0 1 7 0 152500 2
0 1 7 2 152500 2
0 1 8 3 153000 2
0 1 8 1 153000 2
0 1 8 6 153000 2
0 1 8 1 153000 2
0 1 8 8 153000 2
0 1 8 13 153000 2
0 1 9 3 153000 2
0 1 9 3 153000 2
0 1 9 14 153000 2
0 1 9 9 153000 2
0 1 10 7 153000 2
0 1 10 8 153000 2
0 1 10 12 153000 2
0 1 10 13 153000 2
0 1 10 12 153000 2
0 1 8 13 153000 2
0 1 8 1 153000 2
0 1 8 5 153000 2
0 1 8 9 153000 2
0 1 8 6 153000 2
0 1 8 6 153000 2
0 1 8 7 153000 2
0 1 8 11 153000 2
0 1 8 15 153000 2
0 1 8 6 153000 2
0 1 7 9 153000 2
0 1 8 4 153000 2
0 1 8 9 153000 2
0 1 8 7 153000 2
0 1 8 7 153000 2
0 1 12 7 153000 2
0 1 15 14 153000 2
0 1 15 2 153000 2
0 1 14 13 153000 2
0 1 14 2 153000 2
0 1 14 15 153000 2
0 1 13 9 153000 2
0 1 13 11 153000 2
0 1 13 14 153000 2
0 1 13 10 153000 2
0 1 13 0 153000 2
0 1 13 9 153000 2
0 1 13 4 153000 2
0 1 12 12 153000 2
0 1 12 13 153000 2
0 1 12 6 153000 2
0 1 10 11 153000 2
0 1 12 12 153000 2
0 1 12 10 153000 2
0 1 12 10 153000 2
0 1 12 11 153000 2
0 1 11 6 153000 2
0 1 11 13 153000 2
0 1 11 15 153000 2
0 1 11 0 153000 2
0 1 11 2 153000 2
0 1 11 4 153000 2
0 1 11 8 153000 2
0 1 11 1 153000 2
0 1 11 10 153000 2
0 1 10 8 153000 2
0 1 5 2 153000 2
0 1 6 10 153000 2
0 1 6 5 153000 2
0 1 6 10 153000 2
0 1 6 1 153000 2
0 1 5 0 153000 2
0 1 5 6 153000 2
0 1 5 2 153000 2
0 1 5 15 153000 2
0 1 5 15 153000 2
0 1 5 6 153000 2
0 1 5 1 153000 2
0 1 5 1 153000 2
0 1 5 12 153000 2
0 1 5 14 153000 2
0 1 5 15 153000 2
0 1 8 5 153000 2
0 1 5 11 153000 2
0 1 5 13 153000 2
0 1 4 0 153000 2
0 1 4 4 153000 2
0 1 4 8 153000 2
0 1 4 10 153000 2
0 1 4 3 153000 2
0 1 4 10 153000 2
0 1 4 5 153000 2
0 1 4 15 153000 2
0 1 4 5 153000 2
0 1 4 10 153000 2
0 1 4 2 153000 2
0 1 8 0 153000 2
0 1 6 1 153000 2
0 1 6 3 153000 2
0 1 7 13 153000 2
0 1 7 1 153000 2
0 1 7 2 153000 2
0 1 7 2 153000 2
0 1 7 13 153000 2
0 1 7 1 153000 2
0 1 7 1 153000 2
0 1 7 7 153000 2
0 1 7 8 153000 2
0 1 7 9 153000 2
0 1 7 13 153000 2
0 1 7 10 153000 2
0 1 7 7 153000 2
0 1 7 11 153000 2
0 1 7 12 153000 2
0 1 7 9 153000 2
0 1 6 8 153000 2
0 1 6 11 153000 2
0 1 6 6 153000 2
0 1 6 7 153000 2
0 1 7 3 153000 2
0 1 7 5 153000 2
0 1 7 14 153000 2
0 1 7 15 153000 2
0 1 7 5 153000 2
0 1 7 0 153000 2
0 1 7 11 153000 2
0 1 7 10 153000 2
0 1 8 14 153500 2
0 1 8 1 153500 2
0 1 8 4 153500 2
0 1 8 5 153500 2
0 1 9 7 153500 2
0 1 9 4 153500 2
0 1 9 9 153500 2
0 1 9 13 153500 2
0 1 9 5 153500 2
0 1 9 0 153500 2
0 1 10 3 153500 2
0 1 10 8 153500 2
0 1 10 2 153500 2
0 1 10 6 153500 2
0 1 8 0 153500 2
0 1 8 14 153500 2
0 1 8 13 153500 2
0 1 8 13 153500 2
0 1 8 15 153500 2
0 1 8 0 153500 2
0 1 8 6 153500 2
0 1 8 14 153500 2
0 1 8 6 153500 2
0 1 8 0 153500 2
0 1 8 4 153500 2
0 1 8 2 153500 2
0 1 8 1 153500 2
0 1 8 0 153500 2
0 1 8 0 153500 2
0 1 12 13 153500 2
0 1 8 8 153500 2
0 1 15 14 153500 2
0 1 15 12 153500 2
0 1 14 10 153500 2
0 1 14 1 153500 2
0 1 14 0 153500 2
0 1 13 7 153500 2
0 1 13 3 153500 2
0 1 13 8 153500 2
0 1 13 14 153500 2
0 1 13 5 153500 2
0 1 13 15 153500 2
0 1 13 10 153500 2
0 1 12 13 153500 2
0 1 10 12 153500 2
0 1 12 4 153500 2
0 1 12 2 153500 2
0 1 12 10 153500 2
0 1 12 13 153500 2
0 1 12 0 153500 2
0 1 11 12 153500 2
0 1 11 11 153500 2
0 1 11 2 153500 2
0 1 11 6 153500 2
0 1 11 2 153500 2
0 1 11 9 153500 2
0 1 11 0 153500 2
0 1 10 6 153500 2
0 1 5 4 153500 2
0 1 6 11 153500 2
0 1 5 8 153500 2
0 1 5 10 153500 2
0 1 5 3 153500 2
0 1 5 13 153500 2
0 1 5 15 153500 2
0 1 5 4 153500 2
0 1 5 11 153500 2
0 1 5 3 153500 2
0 1 5 9 153500 2
0 1 5 13 153500 2
0 1 5 10 153500 2
0 1 5 3 153500 2
0 1 5 10 153500 2
0 1 5 4 153500 2
0 1 6 1 153500 2
0 1 5 4 153500 2
0 1 4 10 153500 2
0 1 4 11 153500 2
0 1 4 11 153500 2
0 1 4 5 153500 2
0 1 4 6 153500 2
0 1 4 0 153500 2
0 1 4 12 153500 2
0 1 4 0 153500 2
0 1 4 7 153500 2
0 1 4 7 153500 2
0 1 4 2 153500 2
0 1 4 3 153500 2
0 1 8 13 153500 2
0 1 6 6 153500 2
0 1 7 0 153500 2
0 1 7 7 153500 2
0 1 7 11 153500 2
0 1 7 0 153500 2
0 1 7 2 153500 2
0 1 7 5 153500 2
0 1 7 1 153500 2
0 1 7 11 153500 2
0 1 7 6 153500 2
0 1 7 0 153500 2
0 1 7 2 153500 2
0 1 7 4 153500 2
0 1 7 15 153500 2
0 1 7 0 153500 2
0 1 7 2 153500 2
0 1 7 11 153500 2
0 1 7 14 153500 2
0 1 7 11 153500 2
0 1 6 5 153500 2
0 1 6 6 153500 2
0 1 6 12 153500 2
0 1 6 0 153500 2
0 1 6 13 153500 2
0 1 6 10 153500 2
0 1 6 3 153500 2
0 1 6 9 153500 2
0 1 6 2 153500 2
0 1 9 9 154000 2
0 1 9 3 154000 2
0 1 9 1 154000 2
0 1 8 7 154000 2
0 1 8 10 154000 2
0 1 8 8 154000 2
0 1 8 1 154000 2
0 1 10 10 154000 2
0 1 9 8 154000 2
0 1 9 7 154000 2
0 1 9 2 154000 2
0 1 10 3 154000 2
0 1 10 13 154000 2
0 1 10 4 154000 2
0 1 10 1 154000 2
0 1 15 1 154000 2
0 1 8 9 154000 2
0 1 8 14 154000 2
0 1 8 9 154000 2
0 1 8 1 154000 2
0 1 8 7 154000 2
0 1 8 10 154000 2
0 1 8 3 154000 2
0 1 8 12 154000 2
0 1 8 2 154000 2
0 1 8 12 154000 2
0 1 8 2 154000 2
0 1 8 7 154000 2
0 1 8 0 154000 2
0 1 8 10 154000 2
0 1 8 7 154000 2
0 1 12 9 154000 2
0 1 8 14 154000 2
0 1 14 3 154000 2
0 1 14 15 154000 2
0 1 14 6 154000 2
0 1 13 9 154000 2
0 1 13 15 154000 2
0 1 13 10 154000 2
0 1 13 0 154000 2
0 1 13 15 154000 2
0 1 13 0 154000 2
0 1 13 0 154000 2
0 1 13 9 154000 2
0 1 13 14 154000 2
0 1 12 11 154000 2
0 1 12 1 154000 2
0 1 10 3 154000 2
0 1 12 5 154000 2
0 1 12 5 154000 2
0 1 12 1 154000 2
0 1 12 12 154000 2
0 1 11 2 154000 2
0 1 11 13 154000 2
0 1 11 5 154000 2
0 1 11 1 154000 2
0 1 11 6 154000 2
0 1 11 13 154000 2
0 1 11 1 154000 2
0 1 11 9 154000 2
0 1 10 3 154000 2
0 1 10 4 154000 2
0 1 5 10 154000 2
0 1 6 9 154000 2
0 1 6 6 154000 2
0 1 6 12 154000 2
0 1 6 15 154000 2
0 1 5 1 154000 2
0 1 5 14 154000 2
0 1 5 12 154000 2
0 1 5 12 154000 2
0 1 5 7 154000 2
0 1 5 14 154000 2
0 1 5 15 154000 2
0 1 5 12 154000 2
0 1 5 3 154000 2
0 1 5 6 154000 2
0 1 5 1 154000 2
0 1 8 7 154000 2
0 1 5 4 154000 2
0 1 5 0 154000 2
0 1 5 5 154000 2
0 1 5 11 154000 2
0 1 4 8 154000 2
0 1 4 6 154000 2
0 1 4 5 154000 2
0 1 4 8 154000 2
0 1 4 3 154000 2
0 1 4 3 154000 2
0 1 4 14 154000 2
0 1 4 11 154000 2
0 1 4 8 154000 2
0 1 4 14 154000 2
0 1 8 15 154000 2
0 1 6 12 154000 2
0 1 6 2 154000 2
0 1 8 4 154000 2
0 1 7 3 154000 2
0 1 4 11 154000 2
0 1 7 8 154000 2
0 1 7 8 154000 2
0 1 7 12 154000 2
0 1 7 8 154000 2
0 1 7 7 154000 2
0 1 7 15 154000 2
0 1 7 3 154000 2
0 1 7 8 154000 2
0 1 7 11 154000 2
0 1 7 10 154000 2
0 1 7 5 154000 2
0 1 7 4 154000 2
0 1 7 5 154000 2
0 1 6 8 154000 2
0 1 6 15 154000 2
0 1 6 4 154000 2
0 1 6 10 154000 2
0 1 6 10 154000 2
0 1 7 4 154000 2
0 1 7 11 154000 2
0 1 7 15 154000 2
0 1 7 8 154000 2
0 1 7 6 154000 2
0 1 7 5 154000 2
0 1 7 8 154000 2
0 1 8 6 154500 2
0 1 8 4 154500 2
0 1 8 2 154500 2
0 1 8 8 154500 2
0 1 8 1 154500 2
0 1 8 7 154500 2
0 1 8 8 154500 2
0 1 9 14 154500 2
0 1 9 11 154500 2
0 1 9 4 154500 2
0 1 9 4 154500 2
0 1 10 3 154500 2
0 1 10 11 154500 2
0 1 10 1 154500 2
0 1 10 14 154500 2
0 1 8 0 154500 2
0 1 8 9 154500 2
0 1 8 11 154500 2
0 1 8 15 154500 2
0 1 8 4 154500 2
0 1 8 0 154500 2
0 1 8 9 154500 2
0 1 8 12 154500 2
0 1 8 12 154500 2
0 1 8 0 154500 2
0 1 8 2 154500 2
0 1 8 2 154500 2
0 1 8 12 154500 2
0 1 8 1 154500 2
0 1 7 14 154500 2
0 1 7 3 154500 2
0 1 12 2 154500 2
0 1 15 14 154500 2
0 1 15 2 154500 2
0 1 14 8 154500 2
0 1 14 15 154500 2
0 1 14 5 154500 2
0 1 13 8 154500 2
0 1 13 9 154500 2
0 1 13 15 154500 2
0 1 13 4 154500 2
0 1 13 5 154500 2
0 1 12 15 154500 2
0 1 12 2 154500 2
0 1 12 15 154500 2
0 1 12 12 154500 2
0 1 12 15 154500 2
0 1 10 8 154500 2
0 1 12 8 154500 2
0 1 12 7 154500 2
0 1 11 14 154500 2
0 1 11 0 154500 2
0 1 11 4 154500 2
0 1 11 12 154500 2
0 1 11 0 154500 2
0 1 11 4 154500 2
0 1 11 11 154500 2
0 1 11 6 154500 2
0 1 11 6 154500 2
0 1 10 10 154500 2
0 1 10 11 154500 2
0 1 10 7 154500 2
0 1 10 11 154500 2
0 1 5 0 154500 2
0 1 6 5 154500 2
0 1 6 6 154500 2
0 1 6 7 154500 2
0 1 6 6 154500 2
0 1 5 1 154500 2
0 1 5 7 154500 2
0 1 5 8 154500 2
0 1 5 2 154500 2
0 1 5 9 154500 2
0 1 5 14 154500 2
0 1 5 4 154500 2
0 1 5 7 154500 2
0 1 5 5 154500 2
0 1 5 9 154500 2
0 1 5 10 154500 2
0 1 7 9 154500 2
0 1 5 13 154500 2
0 1 5 0 154500 2
0 1 5 4 154500 2
0 1 5 1 154500 2
0 1 4 8 154500 2
0 1 4 7 154500 2
0 1 4 7 154500 2
0 1 4 5 154500 2
0 1 4 1 154500 2
0 1 4 7 154500 2
0 1 4 8 154500 2
0 1 4 14 154500 2
0 1 4 13 154500 2
0 1 4 7 154500 2
0 1 4 3 154500 2
0 1 6 11 154500 2
0 1 6 5 154500 2
0 1 7 10 154500 2
0 1 7 12 154500 2
0 1 7 14 154500 2
0 1 7 14 154500 2
0 1 7 1 154500 2
0 1 7 1 154500 2
0 1 7 12 154500 2
0 1 7 13 154500 2
0 1 7 12 154500 2
0 1 7 12 154500 2
0 1 7 1 154500 2
0 1 7 10 154500 2
0 1 7 3 154500 2
0 1 7 7 154500 2
0 1 7 14 154500 2
0 1 7 15 154500 2
0 1 6 8 154500 2
0 1 6 14 154500 2
0 1 6 8 154500 2
0 1 6 4 154500 2
0 1 6 11 154500 2
0 1 6 11 154500 2
0 1 6 12 154500 2
0 1 6 8 154500 2
0 1 7 11 154500 2
0 1 7 3 154500 2
0 1 7 13 154500 2
0 1 7 4 154500 2
0 1 6 14 154500 2
0 1 8 12 155000 2
0 1 8 15 155000 2
0 1 8 7 155000 2
0 1 8 4 155000 2
0 1 8 14 155000 2
0 1 8 7 155000 2
0 1 8 3 155000 2
0 1 9 15 155000 2
0 1 9 12 155000 2
0 1 9 1 155000 2
0 1 9 8 155000 2
0 1 10 12 155000 2
0 1 10 6 155000 2
0 1 10 12 155000 2
0 1 10 3 155000 2
0 1 8 13 155000 2
0 1 8 2 155000 2
0 1 8 14 155000 2
0 1 8 4 155000 2
0 1 8 6 155000 2
0 1 8 6 155000 2
0 1 8 0 155000 2
0 1 8 9 155000 2
0 1 8 11 155000 2
0 1 8 4 155000 2
0 1 8 15 155000 2
0 1 8 3 155000 2
0 1 8 1 155000 2
0 1 8 3 155000 2
0 1 8 7 155000 2
0 1 12 8 155000 2
0 1 4 15 155000 2
0 1 15 12 155000 2
0 1 14 0 155000 2
0 1 14 10 155000 2
0 1 14 10 155000 2
0 1 13 4 155000 2
0 1 13 10 155000 2
0 1 13 1 155000 2
0 1 13 14 155000 2
0 1 13 5 155000 2
0 1 13 8 155000 2
0 1 13 5 155000 2
0 1 13 11 155000 2
0 1 12 5 155000 2
0 1 12 2 155000 2
0 1 10 4 155000 2
0 1 12 8 155000 2
0 1 12 15 155000 2
0 1 12 0 155000 2
0 1 12 1 155000 2
0 1 12 3 155000 2
0 1 11 2 155000 2
0 1 11 7 155000 2
0 1 11 2 155000 2
0 1 11 6 155000 2
0 1 11 3 155000 2
0 1 11 4 155000 2
0 1 11 4 155000 2
0 1 10 8 155000 2
0 1 10 4 155000 2
0 1 5 8 155000 2
0 1 6 10 155000 2
0 1 6 14 155000 2
0 1 6 10 155000 2
0 1 5 0 155000 2
0 1 5 7 155000 2
0 1 5 6 155000 2
0 1 5 5 155000 2
0 1 5 12 155000 2
0 1 5 13 155000 2
0 1 5 6 155000 2
0 1 5 9 155000 2
0 1 5 6 155000 2
0 1 5 8 155000 2
0 1 5 15 155000 2
0 1 5 11 155000 2
0 1 7 8 155000 2
0 1 5 7 155000 2
0 1 5 3 155000 2
0 1 5 8 155000 2
0 1 5 7 155000 2
0 1 4 14 155000 2
0 1 4 5 155000 2
0 1 4 6 155000 2
0 1 4 13 155000 2
0 1 4 13 155000 2
0 1 4 5 155000 2
0 1 4 11 155000 2
0 1 4 14 155000 2
0 1 4 1 155000 2
0 1 7 9 155000 2
0 1 6 1 155000 2
0 1 6 15 155000 2
0 1 7 6 155000 2
0 1 7 6 155000 2
0 1 7 9 155000 2
0 1 7 3 155000 2
0 1 7 0 155000 2
0 1 7 0 155000 2
0 1 7 7 155000 2
0 1 7 8 155000 2
0 1 7 4 155000 2
0 1 7 15 155000 2
0 1 7 1 155000 2
0 1 7 9 155000 2
0 1 7 4 155000 2
0 1 7 1 155000 2
0 1 7 15 155000 2
0 1 7 8 155000 2
0 1 6 4 155000 2
0 1 6 2 155000 2
0 1 6 7 155000 2
0 1 6 9 155000 2
0 1 6 8 155000 2
0 1 6 10 155000 2
0 1 7 7 155000 2
0 1 7 7 155000 2
0 1 7 1 155000 2
0 1 7 2 155000 2
0 1 7 7 155000 2
0 1 6 8 155000 2
0 1 8 2 155500 2
0 1 8 8 155500 2
0 1 9 3 155500 2
0 1 9 11 155500 2
0 1 9 2 155500 2
0 1 9 6 155500 2
0 1 9 2 155500 2
0 1 10 1 155500 2
0 1 10 0 155500 2
0 1 10 3 155500 2
0 1 10 15 155500 2
0 1 10 3 155500 2
0 1 10 7 155500 2
0 1 10 4 155500 2
0 1 10 15 155500 2
0 1 8 8 155500 2
0 1 8 3 155500 2
0 1 8 14 155500 2
0 1 8 3 155500 2
0 1 8 15 155500 2
0 1 8 7 155500 2
0 1 8 14 155500 2
0 1 8 15 155500 2
0 1 8 7 155500 2
0 1 8 2 155500 2
0 1 8 7 155500 2
0 1 8 10 155500 2
0 1 8 1 155500 2
0 1 8 15 155500 2
0 1 8 13 155500 2
0 1 12 1 155500 2
0 1 8 4 155500 2
0 1 15 3 155500 2
0 1 15 15 155500 2
0 1 15 6 155500 2
0 1 14 13 155500 2
0 1 14 5 155500 2
0 1 14 0 155500 2
0 1 13 2 155500 2
0 1 13 0 155500 2
0 1 13 14 155500 2
0 1 13 14 155500 2
0 1 13 2 155500 2
0 1 13 10 155500 2
0 1 13 2 155500 2
0 1 12 5 155500 2
0 1 10 13 155500 2
0 1 12 3 155500 2
0 1 12 1 155500 2
0 1 12 11 155500 2
0 1 12 12 155500 2
0 1 12 0 155500 2
0 1 12 11 155500 2
0 1 11 14 155500 2
0 1 11 10 155500 2
0 1 11 10 155500 2
0 1 11 4 155500 2
0 1 11 9 155500 2
0 1 11 6 155500 2
0 1 11 2 155500 2
0 1 11 13 155500 2
0 1 5 14 155500 2
0 1 6 13 155500 2
0 1 6 15 155500 2
0 1 6 13 155500 2
0 1 6 5 155500 2
0 1 6 6 155500 2
0 1 5 4 155500 2
0 1 5 15 155500 2
0 1 5 4 155500 2
0 1 5 15 155500 2
0 1 5 10 155500 2
0 1 5 8 155500 2
0 1 5 7 155500 2
0 1 5 7 155500 2
0 1 5 13 155500 2
0 1 5 2 155500 2
0 1 8 3 155500 2
0 1 5 4 155500 2
0 1 5 9 155500 2
0 1 5 10 155500 2
0 1 5 6 155500 2
0 1 4 14 155500 2
0 1 4 9 155500 2
0 1 4 14 155500 2
0 1 4 9 155500 2
0 1 4 7 155500 2
0 1 4 1 155500 2
0 1 4 9 155500 2
0 1 4 2 155500 2
0 1 4 12 155500 2
0 1 4 11 155500 2
0 1 4 13 155500 2
0 1 6 9 155500 2
0 1 6 5 155500 2
0 1 8 11 155500 2
0 1 8 10 155500 2
0 1 7 11 155500 2
0 1 7 2 155500 2
0 1 7 13 155500 2
0 1 7 13 155500 2
0 1 7 14 155500 2
0 1 7 5 155500 2
0 1 7 11 155500 2
0 1 7 4 155500 2
0 1 7 7 155500 2
0 1 7 4 155500 2
0 1 7 13 155500 2
0 1 7 0 155500 2
0 1 7 14 155500 2
0 1 7 6 155500 2
0 1 6 8 155500 2
0 1 6 14 155500 2
0 1 6 11 155500 2
0 1 7 11 155500 2
0 1 7 10 155500 2
0 1 7 12 155500 2
0 1 7 6 155500 2
0 1 7 8 155500 2
0 1 7 10 155500 2
0 1 7 11 155500 2
0 1 7 13 155500 2
0 1 7 0 155500 2
0 1 8 13 156000 2
0 1 8 14 156000 2
0 1 8 5 156000 2
0 1 8 7 156000 2
0 1 8 14 156000 2
0 1 8 11 156000 2
0 1 8 1 156000 2
0 1 8 2 156000 2
0 1 9 3 156000 2
0 1 9 10 156000 2
0 1 9 8 156000 2
0 1 10 5 156000 2
0 1 10 3 156000 2
0 1 10 5 156000 2
0 1 10 1 156000 2
0 1 8 15 156000 2
0 1 8 7 156000 2
0 1 8 3 156000 2
0 1 8 8 156000 2
0 1 8 13 156000 2
0 1 8 0 156000 2
0 1 8 8 156000 2
0 1 8 15 156000 2
0 1 8 3 156000 2
0 1 8 2 156000 2
0 1 8 1 156000 2
0 1 8 5 156000 2
0 1 8 3 156000 2
0 1 7 7 156000 2
0 1 7 7 156000 2
0 1 7 3 156000 2
0 1 12 15 156000 2
0 1 4 3 156000 2
0 1 15 8 156000 2
0 1 15 12 156000 2
0 1 14 3 156000 2
0 1 14 7 156000 2
0 1 14 0 156000 2
0 1 13 9 156000 2
0 1 13 13 156000 2
0 1 13 0 156000 2
0 1 13 13 156000 2
0 1 13 10 156000 2
0 1 12 11 156000 2
0 1 12 15 156000 2
0 1 12 10 156000 2
0 1 12 15 156000 2
0 1 10 8 156000 2
0 1 12 1 156000 2
0 1 12 0 156000 2
0 1 12 7 156000 2
0 1 12 7 156000 2
0 1 11 12 156000 2
0 1 11 14 156000 2
0 1 11 2 156000 2
0 1 11 1 156000 2
0 1 11 3 156000 2
0 1 11 6 156000 2
0 1 11 3 156000 2
0 1 11 15 156000 2
0 1 10 13 156000 2
0 1 10 15 156000 2
0 1 5 0 156000 2
0 1 6 3 156000 2
0 1 6 8 156000 2
0 1 5 3 156000 2
0 1 5 4 156000 2
0 1 5 12 156000 2
0 1 5 10 156000 2
0 1 5 2 156000 2
0 1 5 13 156000 2
0 1 5 8 156000 2
0 1 5 2 156000 2
0 1 5 2 156000 2
0 1 5 8 156000 2
0 1 5 12 156000 2
0 1 5 8 156000 2
0 1 5 14 156000 2
0 1 7 9 156000 2
0 1 5 8 156000 2
0 1 5 7 156000 2
0 1 5 4 156000 2
0 1 4 12 156000 2
0 1 4 10 156000 2
0 1 4 2 156000 2
0 1 4 15 156000 2
0 1 4 4 156000 2
0 1 4 14 156000 2
0 1 4 1 156000 2
0 1 4 2 156000 2
0 1 4 8 156000 2
0 1 4 11 156000 2
0 1 7 12 156000 2
0 1 6 8 156000 2
0 1 6 3 156000 2
0 1 7 9 156000 2
0 1 7 1 156000 2
0 1 7 5 156000 2
0 1 7 14 156000 2
0 1 7 11 156000 2
0 1 7 12 156000 2
0 1 7 15 156000 2
0 1 7 4 156000 2
0 1 7 9 156000 2
0 1 7 1 156000 2
0 1 7 6 156000 2
0 1 7 4 156000 2
0 1 7 15 156000 2
0 1 7 9 156000 2
0 1 7 6 156000 2
0 1 7 7 156000 2
0 1 6 9 156000 2
0 1 6 11 156000 2
0 1 6 3 156000 2
0 1 6 3 156000 2
0 1 6 0 156000 2
0 1 6 7 156000 2
0 1 6 0 156000 2
0 1 6 10 156000 2
0 1 6 2 156000 2
0 1 6 10 156000 2
0 1 6 10 156000 2
0 1 7 11 156000 2
0 1 8 11 156500 2
0 1 8 9 156500 2
0 1 8 1 156500 2
0 1 8 8 156500 2
0 1 8 0 156500 2
0 1 9 8 156500 2
0 1 9 6 156500 2
0 1 9 1 156500 2
0 1 9 7 156500 2
0 1 9 9 156500 2
0 1 10 3 156500 2
0 1 10 10 156500 2
0 1 10 8 156500 2
0 1 10 6 156500 2
0 1 10 8 156500 2
0 1 8 9 156500 2
0 1 8 9 156500 2
0 1 8 13 156500 2
0 1 8 3 156500 2
0 1 8 8 156500 2
0 1 8 3 156500 2
0 1 8 9 156500 2
0 1 8 0 156500 2
0 1 8 6 156500 2
0 1 8 8 156500 2
0 1 8 11 156500 2
0 1 8 1 156500 2
0 1 8 4 156500 2
0 1 8 8 156500 2
0 1 8 9 156500 2
0 1 8 14 156500 2
0 1 12 1 156500 2
0 1 15 10 156500 2
0 1 15 3 156500 2
0 1 15 1 156500 2
0 1 14 8 156500 2
0 1 14 8 156500 2
0 1 14 1 156500 2
0 1 13 9 156500 2
0 1 13 12 156500 2
0 1 13 7 156500 2
0 1 13 1 156500 2
0 1 13 7 156500 2
0 1 13 11 156500 2
0 1 13 1 156500 2
0 1 13 11 156500 2
0 1 13 12 156500 2
0 1 10 15 156500 2
0 1 12 1 156500 2
0 1 12 4 156500 2
0 1 12 14 156500 2
0 1 12 0 156500 2
0 1 12 1 156500 2
0 1 12 14 156500 2
0 1 12 5 156500 2
0 1 11 0 156500 2
0 1 11 10 156500 2
0 1 11 11 156500 2
0 1 11 3 156500 2
0 1 11 6 156500 2
0 1 11 6 156500 2
0 1 11 13 156500 2
0 1 5 8 156500 2
0 1 6 10 156500 2
0 1 5 5 156500 2
0 1 5 11 156500 2
0 1 5 10 156500 2
0 1 5 8 156500 2
0 1 5 13 156500 2
0 1 5 8 156500 2
0 1 5 6 156500 2
0 1 5 1 156500 2
0 1 5 12 156500 2
0 1 5 10 156500 2
0 1 5 1 156500 2
0 1 5 8 156500 2
0 1 5 1 156500 2
0 1 5 11 156500 2
0 1 7 0 156500 2
0 1 5 11 156500 2
0 1 5 10 156500 2
0 1 4 14 156500 2
0 1 4 10 156500 2
0 1 4 3 156500 2
0 1 4 3 156500 2
0 1 4 11 156500 2
0 1 4 10 156500 2
0 1 4 4 156500 2
0 1 4 1 156500 2
0 1 4 14 156500 2
0 1 4 14 156500 2
0 1 4 8 156500 2
0 1 4 11 156500 2
0 1 7 3 156500 2
0 1 6 10 156500 2
0 1 6 11 156500 2
0 1 7 3 156500 2
0 1 7 13 156500 2
0 1 7 13 156500 2
0 1 7 6 156500 2
0 1 7 15 156500 2
0 1 7 0 156500 2
0 1 7 9 156500 2
0 1 7 9 156500 2
0 1 7 13 156500 2
0 1 7 3 156500 2
0 1 7 8 156500 2
0 1 7 7 156500 2
0 1 7 12 156500 2
0 1 7 12 156500 2
0 1 7 1 156500 2
0 1 7 9 156500 2
0 1 6 0 156500 2
0 1 6 11 156500 2
0 1 6 2 156500 2
0 1 6 11 156500 2
0 1 6 10 156500 2
0 1 6 10 156500 2
0 1 6 8 156500 2
0 1 6 0 156500 2
0 1 7 10 156500 2
0 1 7 2 156500 2
0 1 7 10 156500 2
0 1 7 13 156500 2
0 1 6 14 156500 2
0 1 8 4 157000 2
0 1 8 12 157000 2
0 1 8 12 157000 2
0 1 8 3 157000 2
0 1 8 10 157000 2
0 1 8 6 157000 2
0 1 8 1 157000 2
0 1 8 2 157000 2
0 1 8 0 157000 2
0 1 9 4 157000 2
0 1 9 3 157000 2
0 1 9 14 157000 2
0 1 10 9 157000 2
0 1 10 10 157000 2
0 1 10 12 157000 2
0 1 8 3 157000 2
0 1 8 15 157000 2
0 1 8 3 157000 2
0 1 8 6 157000 2
0 1 8 9 157000 2
0 1 8 6 157000 2
0 1 8 0 157000 2
0 1 8 2 157000 2
0 1 8 8 157000 2
0 1 8 13 157000 2
0 1 8 3 157000 2
0 1 8 10 157000 2
0 1 8 11 157000 2
0 1 8 12 157000 2
0 1 7 7 157000 2
0 1 7 2 157000 2
0 1 12 5 157000 2
0 1 7 13 157000 2
0 1 15 5 157000 2
0 1 14 5 157000 2
0 1 14 10 157000 2
0 1 14 2 157000 2
0 1 13 3 157000 2
0 1 13 7 157000 2
0 1 13 9 157000 2
0 1 13 7 157000 2
0 1 13 7 157000 2
0 1 13 7 157000 2
0 1 13 15 157000 2
0 1 12 4 157000 2
0 1 12 14 157000 2
0 1 12 1 157000 2
0 1 10 11 157000 2
0 1 12 10 157000 2
0 1 12 15 157000 2
0 1 12 2 157000 2
0 1 11 7 157000 2
0 1 11 15 157000 2
0 1 11 15 157000 2
0 1 11 9 157000 2
0 1 11 12 157000 2
0 1 11 0 157000 2
0 1 11 13 157000 2
0 1 11 6 157000 2
0 1 10 8 157000 2
0 1 10 6 157000 2
0 1 10 1 157000 2
0 1 5 11 157000 2
0 1 6 9 157000 2
0 1 5 4 157000 2
0 1 5 7 157000 2
0 1 5 8 157000 2
0 1 5 0 157000 2
0 1 5 3 157000 2
0 1 5 12 157000 2
0 1 5 4 157000 2
0 1 5 7 157000 2
0 1 5 13 157000 2
0 1 5 10 157000 2
0 1 5 8 157000 2
0 1 5 6 157000 2
0 1 5 15 157000 2
0 1 5 4 157000 2
0 1 7 13 157000 2
0 1 5 6 157000 2
0 1 5 6 157000 2
0 1 5 5 157000 2
0 1 4 10 157000 2
0 1 4 3 157000 2
0 1 4 5 157000 2
0 1 4 0 157000 2
0 1 4 10 157000 2
0 1 4 1 157000 2
0 1 4 3 157000 2
0 1 4 10 157000 2
0 1 4 12 157000 2
0 1 4 8 157000 2
0 1 4 12 157000 2
0 1 6 8 157000 2
0 1 6 8 157000 2
0 1 7 2 157000 2
0 1 7 13 157000 2
0 1 7 6 157000 2
0 1 7 3 157000 2
0 1 7 2 157000 2
0 1 7 0 157000 2
0 1 7 13 157000 2
0 1 7 0 157000 2
0 1 7 2 157000 2
0 1 7 12 157000 2
0 1 7 0 157000 2
0 1 7 15 157000 2
0 1 7 6 157000 2
0 1 7 15 157000 2
0 1 7 14 157000 2
0 1 7 7 157000 2
0 1 6 2 157000 2
0 1 6 12 157000 2
0 1 6 11 157000 2
0 1 6 6 157000 2
0 1 6 12 157000 2
0 1 6 6 157000 2
0 1 6 14 157000 2
0 1 6 2 157000 2
0 1 6 15 157000 2
0 1 6 10 157000 2
0 1 6 1 157000 2
0 1 7 7 157000 2
0 1 8 12 157500 2
0 1 8 5 157500 2
0 1 8 13 157500 2
0 1 8 1 157500 2
0 1 8 2 157500 2
0 1 8 1 157500 2
0 1 8 8 157500 2
0 1 8 2 157500 2
0 1 9 13 157500 2
0 1 9 4 157500 2
0 1 9 2 157500 2
0 1 9 9 157500 2
0 1 10 2 157500 2
0 1 10 3 157500 2
0 1 10 3 157500 2
0 1 10 11 157500 2
0 1 8 12 157500 2
0 1 8 9 157500 2
0 1 8 13 157500 2
0 1 8 11 157500 2
0 1 8 6 157500 2
0 1 8 6 157500 2
0 1 8 5 157500 2
0 1 8 10 157500 2
0 1 8 6 157500 2
0 1 8 10 157500 2
0 1 8 13 157500 2
0 1 8 1 157500 2
0 1 8 10 157500 2
0 1 8 11 157500 2
0 1 8 11 157500 2
0 1 8 8 157500 2
0 1 12 9 157500 2
0 1 15 13 157500 2
0 1 15 6 157500 2
0 1 14 15 157500 2
0 1 14 4 157500 2
0 1 14 12 157500 2
0 1 13 11 157500 2
0 1 13 10 157500 2
0 1 13 1 157500 2
0 1 13 10 157500 2
0 1 13 10 157500 2
0 1 13 7 157500 2
0 1 13 7 157500 2
0 1 12 11 157500 2
0 1 12 9 157500 2
0 1 12 2 157500 2
0 1 10 3 157500 2
0 1 12 3 157500 2
0 1 12 10 157500 2
0 1 12 11 157500 2
0 1 12 13 157500 2
0 1 11 0 157500 2
0 1 11 1 157500 2
0 1 11 1 157500 2
0 1 11 8 157500 2
0 1 11 12 157500 2
0 1 11 4 157500 2
0 1 11 12 157500 2
0 1 11 13 157500 2
0 1 10 13 157500 2
0 1 10 5 157500 2
0 1 5 13 157500 2
0 1 6 2 157500 2
0 1 6 8 157500 2
0 1 6 1 157500 2
0 1 6 13 157500 2
0 1 5 10 157500 2
0 1 5 0 157500 2
0 1 5 2 157500 2
0 1 5 10 157500 2
0 1 5 7 157500 2
0 1 5 4 157500 2
0 1 5 1 157500 2
0 1 5 10 157500 2
0 1 5 1 157500 2
0 1 5 6 157500 2
0 1 5 3 157500 2
0 1 4 0 157500 2
0 1 5 3 157500 2
0 1 5 11 157500 2
0 1 4 6 157500 2
0 1 4 1 157500 2
0 1 4 3 157500 2
0 1 4 9 157500 2
0 1 4 8 157500 2
0 1 4 6 157500 2
0 1 4 8 157500 2
0 1 4 5 157500 2
0 1 4 15 157500 2
0 1 4 1 157500 2
0 1 4 1 157500 2
0 1 4 7 157500 2
0 1 7 7 157500 2
0 1 6 7 157500 2
0 1 7 14 157500 2
0 1 7 15 157500 2
0 1 4 12 157500 2
0 1 7 3 157500 2
0 1 7 3 157500 2
0 1 7 4 157500 2
0 1 7 6 157500 2
0 1 7 11 157500 2
0 1 7 15 157500 2
0 1 7 13 157500 2
0 1 7 8 157500 2
0 1 7 8 157500 2
0 1 7 8 157500 2
0 1 7 7 157500 2
0 1 7 9 157500 2
0 1 7 12 157500 2
0 1 6 12 157500 2
0 1 6 13 157500 2
0 1 6 1 157500 2
0 1 6 8 157500 2
0 1 6 15 157500 2
0 1 6 9 157500 2
0 1 6 6 157500 2
0 1 6 9 157500 2
0 1 7 10 157500 2
0 1 7 6 157500 2
0 1 7 9 157500 2
0 1 7 8 157500 2
0 1 6 12 157500 2
0 1 7 7 157500 2
0 1 6 8 157500 2
0 1 8 12 158000 2
0 1 10 6 158000 2
0 1 10 4 158000 2
0 1 10 15 158000 2
0 1 10 6 158000 2
0 1 9 15 158000 2
0 1 9 1 158000 2
0 1 9 3 158000 2
0 1 9 4 158000 2
0 1 9 12 158000 2
0 1 8 5 158000 2
0 1 8 6 158000 2
0 1 8 4 158000 2
0 1 8 12 158000 2
0 1 8 9 158000 2
0 1 8 1 158000 2
0 1 7 15 158000 2
0 1 8 5 158000 2
0 1 8 12 158000 2
0 1 8 3 158000 2
0 1 8 4 158000 2
0 1 8 4 158000 2
0 1 8 10 158000 2
0 1 8 10 158000 2
0 1 8 3 158000 2
0 1 8 14 158000 2
0 1 8 10 158000 2
0 1 8 6 158000 2
0 1 8 2 158000 2
0 1 8 11 158000 2
0 1 8 9 158000 2
0 1 12 4 158000 2
0 1 7 8 158000 2
0 1 15 12 158000 2
0 1 14 7 158000 2
0 1 14 4 158000 2
0 1 14 1 158000 2
0 1 13 5 158000 2
0 1 13 12 158000 2
0 1 13 9 158000 2
0 1 13 15 158000 2
0 1 13 0 158000 2
0 1 13 2 158000 2
0 1 13 7 158000 2
0 1 13 9 158000 2
0 1 12 12 158000 2
0 1 12 15 158000 2
0 1 10 4 158000 2
0 1 12 9 158000 2
0 1 12 0 158000 2
0 1 12 7 158000 2
0 1 12 14 158000 2
0 1 11 4 158000 2
0 1 11 14 158000 2
0 1 11 2 158000 2
0 1 11 8 158000 2
0 1 11 5 158000 2
0 1 11 11 158000 2
0 1 11 10 158000 2
0 1 11 13 158000 2
0 1 10 1 158000 2
0 1 10 4 158000 2
0 1 10 5 158000 2
0 1 5 2 158000 2
0 1 6 2 158000 2
0 1 6 3 158000 2
0 1 6 5 158000 2
0 1 6 0 158000 2
0 1 5 8 158000 2
0 1 5 14 158000 2
0 1 5 14 158000 2
0 1 5 2 158000 2
0 1 5 11 158000 2
0 1 5 5 158000 2
0 1 5 7 158000 2
0 1 5 1 158000 2
0 1 5 8 158000 2
0 1 5 3 158000 2
0 1 5 7 158000 2
0 1 7 6 158000 2
0 1 5 9 158000 2
0 1 5 1 158000 2
0 1 5 7 158000 2
0 1 5 8 158000 2
0 1 4 3 158000 2
0 1 4 12 158000 2
0 1 4 2 158000 2
0 1 4 2 158000 2
0 1 4 10 158000 2
0 1 4 12 158000 2
0 1 4 14 158000 2
0 1 4 13 158000 2
0 1 4 12 158000 2
0 1 4 7 158000 2
0 1 7 9 158000 2
0 1 6 5 158000 2
0 1 6 4 158000 2
0 1 7 6 158000 2
0 1 7 1 158000 2
0 1 7 10 158000 2
0 1 7 5 158000 2
0 1 7 15 158000 2
0 1 7 0 158000 2
0 1 7 1 158000 2
0 1 7 10 158000 2
0 1 7 11 158000 2
0 1 7 1 158000 2
0 1 7 10 158000 2
0 1 7 7 158000 2
0 1 7 3 158000 2
0 1 7 8 158000 2
0 1 7 5 158000 2
0 1 7 7 158000 2
0 1 6 14 158000 2
0 1 6 15 158000 2
0 1 6 2 158000 2
0 1 6 3 158000 2
0 1 6 12 158000 2
0 1 6 11 158000 2
0 1 6 3 158000 2
0 1 6 14 158000 2
0 1 7 11 158000 2
0 1 7 15 158000 2
0 1 7 13 158000 2
0 1 7 5 158000 2
0 1 7 2 158000 2
0 1 8 15 158500 2
0 1 8 5 158500 2
0 1 8 0 158500 2
0 1 8 7 158500 2
0 1 8 15 158500 2
0 1 8 7 158500 2
0 1 8 10 158500 2
0 1 9 4 158500 2
0 1 9 0 158500 2
0 1 9 4 158500 2
0 1 9 7 158500 2
0 1 6 5 158500 2
0 1 10 13 158500 2
0 1 10 8 158500 2
0 1 10 7 158500 2
0 1 10 9 158500 2
0 1 8 5 158500 2
0 1 8 9 158500 2
0 1 8 9 158500 2
0 1 8 3 158500 2
0 1 8 12 158500 2
0 1 8 15 158500 2
0 1 8 5 158500 2
0 1 8 4 158500 2
0 1 8 7 158500 2
0 1 8 5 158500 2
0 1 8 4 158500 2
0 1 8 0 158500 2
0 1 8 9 158500 2
0 1 8 3 158500 2
0 1 8 12 158500 2
0 1 8 4 158500 2
0 1 13 1 158500 2
0 1 12 3 158500 2
0 1 12 9 158500 2
0 1 13 15 158500 2
0 1 13 7 158500 2
0 1 13 15 158500 2
0 1 13 15 158500 2
0 1 13 1 158500 2
0 1 13 10 158500 2
0 1 12 1 158500 2
0 1 13 15 158500 2
0 1 14 9 158500 2
0 1 14 0 158500 2
0 1 14 11 158500 2
0 1 15 5 158500 2
0 1 15 12 158500 2
0 1 15 0 158500 2
0 1 10 1 158500 2
0 1 12 13 158500 2
0 1 12 5 158500 2
0 1 12 15 158500 2
0 1 12 13 158500 2
0 1 12 12 158500 2
0 1 12 13 158500 2
0 1 11 6 158500 2
0 1 11 9 158500 2
0 1 11 15 158500 2
0 1 11 15 158500 2
0 1 11 10 158500 2
0 1 11 4 158500 2
0 1 11 12 158500 2
0 1 10 12 158500 2
0 1 10 12 158500 2
0 1 5 12 158500 2
0 1 5 0 158500 2
0 1 5 5 158500 2
0 1 5 5 158500 2
0 1 5 10 158500 2
0 1 5 2 158500 2
0 1 5 4 158500 2
0 1 5 4 158500 2
0 1 5 8 158500 2
0 1 5 7 158500 2
0 1 5 9 158500 2
0 1 5 2 158500 2
0 1 5 13 158500 2
0 1 5 15 158500 2
0 1 6 14 158500 2
0 1 6 2 158500 2
0 1 6 7 158500 2
0 1 7 7 158500 2
0 1 5 10 158500 2
0 1 5 12 158500 2
0 1 5 10 158500 2
0 1 4 5 158500 2
0 1 4 9 158500 2
0 1 4 3 158500 2
0 1 4 11 158500 2
0 1 4 2 158500 2
0 1 4 9 158500 2
0 1 4 5 158500 2
0 1 4 0 158500 2
0 1 4 8 158500 2
0 1 4 13 158500 2
0 1 4 5 158500 2
0 1 8 6 158500 2
0 1 7 4 158500 2
0 1 7 0 158500 2
0 1 7 8 158500 2
0 1 7 6 158500 2
0 1 7 6 158500 2
0 1 7 14 158500 2
0 1 7 14 158500 2
0 1 7 5 158500 2
0 1 7 11 158500 2
0 1 6 1 158500 2
0 1 7 11 158500 2
0 1 7 5 158500 2
0 1 7 2 158500 2
0 1 7 3 158500 2
0 1 7 8 158500 2
0 1 7 5 158500 2
0 1 6 6 158500 2
0 1 7 15 158500 2
0 1 7 3 158500 2
0 1 6 2 158500 2
0 1 6 10 158500 2
0 1 6 8 158500 2
0 1 6 4 158500 2
0 1 6 4 158500 2
0 1 6 12 158500 2
0 1 6 14 158500 2
0 1 7 7 158500 2
0 1 7 8 158500 2
0 1 7 5 158500 2
0 1 7 9 158500 2
0 1 7 8 158500 2
0 1 6 10 158500 2
0 1 8 3 159000 2
0 1 8 5 159000 2
0 1 8 12 159000 2
0 1 8 0 159000 2
0 1 8 14 159000 2
0 1 8 8 159000 2
0 1 8 7 159000 2
0 1 9 1 159000 2
0 1 9 3 159000 2
0 1 9 8 159000 2
0 1 9 0 159000 2
0 1 10 5 159000 2
0 1 10 2 159000 2
0 1 10 5 159000 2
0 1 10 10 159000 2
0 1 8 6 159000 2
0 1 8 5 159000 2
0 1 8 9 159000 2
0 1 8 8 159000 2
0 1 8 6 159000 2
0 1 8 13 159000 2
0 1 8 1 159000 2
0 1 8 5 159000 2
0 1 8 14 159000 2
0 1 8 14 159000 2
0 1 8 14 159000 2
0 1 8 15 159000 2
0 1 8 11 159000 2
0 1 7 15 159000 2
0 1 7 13 159000 2
0 1 7 12 159000 2
0 1 12 11 159000 2
0 1 7 2 159000 2
0 1 15 1 159000 2
0 1 14 2 159000 2
0 1 14 13 159000 2
0 1 14 4 159000 2
0 1 13 9 159000 2
0 1 13 9 159000 2
0 1 13 1 159000 2
0 1 13 15 159000 2
0 1 13 13 159000 2
0 1 13 14 159000 2
0 1 13 7 159000 2
0 1 12 15 159000 2
0 1 12 3 159000 2
0 1 12 1 159000 2
0 1 10 12 159000 2
0 1 12 12 159000 2
0 1 12 10 159000 2
0 1 12 15 159000 2
0 1 12 13 159000 2
0 1 11 1 159000 2
0 1 11 5 159000 2
0 1 11 13 159000 2
0 1 11 4 159000 2
0 1 11 15 159000 2
0 1 11 5 159000 2
0 1 11 6 159000 2
0 1 11 10 159000 2
0 1 10 12 159000 2
0 1 10 4 159000 2
0 1 10 6 159000 2
0 1 5 14 159000 2
0 1 5 9 159000 2
0 1 5 9 159000 2
0 1 5 14 159000 2
0 1 5 10 159000 2
0 1 5 2 159000 2
0 1 5 3 159000 2
0 1 5 14 159000 2
0 1 5 11 159000 2
0 1 5 6 159000 2
0 1 5 2 159000 2
0 1 5 0 159000 2
0 1 5 0 159000 2
0 1 5 0 159000 2
0 1 5 8 159000 2
0 1 5 6 159000 2
0 1 7 9 159000 2
0 1 5 7 159000 2
0 1 5 10 159000 2
0 1 4 1 159000 2
0 1 4 8 159000 2
0 1 4 11 159000 2
0 1 4 11 159000 2
0 1 4 14 159000 2
0 1 4 15 159000 2
0 1 4 14 159000 2
0 1 4 14 159000 2
0 1 4 10 159000 2
0 1 4 7 159000 2
0 1 4 9 159000 2
0 1 4 13 159000 2
0 1 4 11 159000 2
0 1 6 10 159000 2
0 1 6 1 159000 2
0 1 7 0 159000 2
0 1 7 5 159000 2
0 1 7 10 159000 2
0 1 7 10 159000 2
0 1 7 10 159000 2
0 1 7 0 159000 2
0 1 7 8 159000 2
0 1 7 15 159000 2
0 1 7 10 159000 2
0 1 7 2 159000 2
0 1 7 8 159000 2
0 1 7 4 159000 2
0 1 7 12 159000 2
0 1 7 12 159000 2
0 1 7 4 159000 2
0 1 7 8 159000 2
0 1 6 10 159000 2
0 1 6 3 159000 2
0 1 6 12 159000 2
0 1 6 2 159000 2
0 1 6 4 159000 2
0 1 6 0 159000 2
0 1 6 9 159000 2
0 1 6 8 159000 2
0 1 6 11 159000 2
0 1 6 5 159000 2
0 1 6 8 159000 2
0 1 6 8 159000 2
0 1 8 12 159500 2
0 1 8 1 159500 2
0 1 8 0 159500 2
0 1 8 8 159500 2
0 1 8 14 159500 2
0 1 8 15 159500 2
0 1 8 8 159500 2
0 1 8 2 159500 2
0 1 9 3 159500 2
0 1 9 5 159500 2
0 1 9 9 159500 2
0 1 9 15 159500 2
0 1 10 1 159500 2
0 1 10 13 159500 2
0 1 8 0 159500 2
0 1 10 4 159500 2
0 1 8 12 159500 2
0 1 8 7 159500 2
0 1 8 5 159500 2
0 1 8 15 159500 2
0 1 8 7 159500 2
0 1 8 9 159500 2
0 1 8 13 159500 2
0 1 8 10 159500 2
0 1 8 11 159500 2
0 1 8 2 159500 2
0 1 8 10 159500 2
0 1 8 13 159500 2
0 1 8 14 159500 2
0 1 8 5 159500 2
0 1 8 6 159500 2
0 1 6 0 159500 2
0 1 13 10 159500 2
0 1 12 1 159500 2
0 1 12 5 159500 2
0 1 12 3 159500 2
0 1 12 6 159500 2
0 1 13 7 159500 2
0 1 13 11 159500 2
0 1 13 14 159500 2
0 1 13 0 159500 2
0 1 12 11 159500 2
0 1 13 3 159500 2
0 1 14 0 159500 2
0 1 14 2 159500 2
0 1 14 2 159500 2
0 1 14 14 159500 2
0 1 15 6 159500 2
0 1 15 6 159500 2
0 1 10 1 159500 2
0 1 12 10 159500 2
0 1 12 10 159500 2
0 1 12 7 159500 2
0 1 11 3 159500 2
0 1 11 3 159500 2
0 1 11 4 159500 2
0 1 11 12 159500 2
0 1 11 4 159500 2
0 1 11 13 159500 2
0 1 11 8 159500 2
0 1 11 15 159500 2
0 1 10 8 159500 2
0 1 10 11 159500 2
0 1 10 12 159500 2
0 1 10 12 159500 2
0 1 5 11 159500 2
0 1 5 7 159500 2
0 1 5 13 159500 2
0 1 5 4 159500 2
0 1 5 2 159500 2
0 1 5 0 159500 2
0 1 5 0 159500 2
0 1 5 8 159500 2
0 1 5 12 159500 2
0 1 4 15 159500 2
0 1 5 8 159500 2
0 1 5 6 159500 2
0 1 5 4 159500 2
0 1 5 4 159500 2
0 1 5 7 159500 2
0 1 5 2 159500 2
0 1 5 12 159500 2
0 1 7 4 159500 2
0 1 4 10 159500 2
0 1 4 5 159500 2
0 1 4 4 159500 2
0 1 4 14 159500 2
0 1 4 9 159500 2
0 1 4 12 159500 2
0 1 4 13 159500 2
0 1 4 7 159500 2
0 1 4 13 159500 2
0 1 4 2 159500 2
0 1 4 5 159500 2
0 1 4 1 159500 2
0 1 4 8 159500 2
0 1 4 0 159500 2
0 1 7 8 159500 2
0 1 6 5 159500 2
0 1 6 11 159500 2
0 1 7 3 159500 2
0 1 7 3 159500 2
0 1 7 15 159500 2
0 1 7 12 159500 2
0 1 7 4 159500 2
0 1 7 1 159500 2
0 1 7 15 159500 2
0 1 7 15 159500 2
0 1 7 4 159500 2
0 1 7 8 159500 2
0 1 7 7 159500 2
0 1 7 15 159500 2
0 1 7 12 159500 2
0 1 7 9 159500 2
0 1 7 12 159500 2
0 1 7 14 159500 2
0 1 6 15 159500 2
0 1 6 4 159500 2
0 1 6 7 159500 2
0 1 6 13 159500 2
0 1 6 13 159500 2
0 1 6 5 159500 2
0 1 6 8 159500 2
0 1 6 8 159500 2
0 1 6 14 159500 2
0 1 7 7 159500 2
0 1 7 14 159500 2
0 1 7 1 159500 2
0 1 6 12 159500 2
0 1 8 1 160000 2
0 1 8 15 160000 2
0 1 8 6 160000 2
0 1 8 3 160000 2
0 1 8 1 160000 2
0 1 9 10 160000 2
0 1 9 2 160000 2
0 1 9 5 160000 2
0 1 9 11 160000 2
0 1 9 15 160000 2
0 1 10 0 160000 2
0 1 10 3 160000 2
0 1 10 8 160000 2
0 1 10 7 160000 2
0 1 10 6 160000 2
0 1 10 12 160000 2
0 1 8 14 160000 2
0 1 8 0 160000 2
0 1 8 11 160000 2
0 1 8 11 160000 2
0 1 8 4 160000 2
0 1 8 7 160000 2
0 1 8 6 160000 2
0 1 8 5 160000 2
0 1 8 12 160000 2
0 1 8 12 160000 2
0 1 8 1 160000 2
0 1 8 13 160000 2
0 1 8 2 160000 2
0 1 8 11 160000 2
0 1 8 6 160000 2
0 1 8 3 160000 2
0 1 12 5 160000 2
0 1 15 5 160000 2
0 1 15 8 160000 2
0 1 15 11 160000 2
0 1 14 12 160000 2
0 1 14 12 160000 2
0 1 14 0 160000 2
0 1 13 1 160000 2
0 1 13 9 160000 2
0 1 13 5 160000 2
0 1 13 10 160000 2
0 1 13 14 160000 2
0 1 13 8 160000 2
0 1 12 13 160000 2
0 1 12 3 160000 2
0 1 12 9 160000 2
0 1 10 8 160000 2
0 1 12 7 160000 2
0 1 12 2 160000 2
0 1 12 8 160000 2
0 1 12 8 160000 2
0 1 11 9 160000 2
0 1 11 7 160000 2
0 1 11 15 160000 2
0 1 11 11 160000 2
0 1 11 4 160000 2
0 1 11 6 160000 2
0 1 11 13 160000 2
0 1 11 12 160000 2
0 1 10 0 160000 2
0 1 10 13 160000 2
0 1 10 4 160000 2
0 1 5 13 160000 2
0 1 5 6 160000 2
0 1 5 3 160000 2
0 1 5 4 160000 2
0 1 5 3 160000 2
0 1 5 8 160000 2
0 1 5 13 160000 2
0 1 5 8 160000 2
0 1 5 13 160000 2
0 1 5 7 160000 2
0 1 5 15 160000 2
0 1 5 8 160000 2
0 1 5 9 160000 2
0 1 6 12 160000 2
0 1 6 11 160000 2
0 1 6 3 160000 2
0 1 6 9 160000 2
0 1 6 1 160000 2
0 1 5 14 160000 2
0 1 5 5 160000 2
0 1 5 14 160000 2
0 1 5 0 160000 2
0 1 4 12 160000 2
0 1 4 9 160000 2
0 1 4 12 160000 2
0 1 4 8 160000 2
0 1 4 3 160000 2
0 1 4 6 160000 2
0 1 4 4 160000 2
0 1 4 6 160000 2
0 1 4 5 160000 2
0 1 4 5 160000 2
0 1 4 5 160000 2
0 1 7 2 160000 2
0 1 7 8 160000 2
0 1 7 1 160000 2
0 1 7 7 160000 2
0 1 7 6 160000 2
0 1 7 14 160000 2
0 1 7 9 160000 2
0 1 7 15 160000 2
0 1 7 4 160000 2
0 1 7 15 160000 2
0 1 7 4 160000 2
0 1 7 9 160000 2
0 1 7 12 160000 2
0 1 7 8 160000 2
0 1 7 7 160000 2
0 1 7 14 160000 2
0 1 7 5 160000 2
0 1 7 15 160000 2
0 1 7 8 160000 2
0 1 7 12 160000 2
0 1 7 15 160000 2
0 1 7 7 160000 2
0 1 6 2 160000 2
0 1 6 14 160000 2
0 1 6 0 160000 2
0 1 6 1 160000 2
0 1 6 1 160000 2
0 1 6 10 160000 2
0 1 6 12 160000 2
0 1 6 14 160000 2
0 1 6 7 160000 2
0 1 6 2 160000 2
