0 1 10 11 500 2
0 1 11 14 500 2
0 1 11 0 500 2
0 1 11 4 500 2
0 1 11 15 500 2
0 1 11 1 500 2
0 1 10 8 500 2
0 1 10 12 500 2
0 1 10 2 500 2
0 1 10 1 500 2
0 1 12 0 500 2
0 1 9 10 500 2
0 1 9 2 500 2
0 1 8 12 500 2
0 1 8 1 500 2
0 1 8 4 500 2
0 1 8 9 500 2
0 1 7 2 500 2
0 1 7 13 500 2
0 1 13 1 500 2
0 1 4 14 500 2
0 1 15 4 500 2
0 1 15 3 500 2
0 1 15 9 500 2
0 1 14 3 500 2
0 1 14 8 500 2
0 1 13 6 500 2
0 1 13 14 500 2
0 1 4 15 500 2
0 1 13 14 500 2
0 1 13 8 500 2
0 1 13 2 500 2
0 1 13 6 500 2
0 1 12 9 500 2
0 1 12 9 500 2
0 1 12 15 500 2
0 1 12 9 500 2
0 1 4 12 500 2
0 1 5 5 500 2
0 1 5 10 500 2
0 1 4 6 500 2
0 1 4 8 500 2
0 1 4 3 500 2
0 1 4 4 500 2
0 1 4 9 500 2
0 1 4 1 500 2
0 1 7 5 500 2
0 1 4 9 500 2
0 1 4 5 500 2
0 1 4 1 500 2
0 1 4 12 500 2
0 1 4 12 500 2
0 1 4 5 500 2
0 1 4 1 500 2
0 1 7 2 500 2
0 1 5 1 500 2
0 1 5 13 500 2
0 1 6 12 500 2
0 1 6 11 500 2
0 1 6 5 500 2
0 1 6 11 500 2
0 1 6 13 500 2
0 1 5 11 500 2
0 1 5 10 500 2
0 1 5 11 500 2
0 1 5 0 500 2
0 1 5 5 500 2
0 1 5 6 500 2
0 1 5 12 500 2
0 1 5 0 500 2
0 1 5 13 500 2
0 1 5 2 500 2
0 1 9 14 1000 2
0 1 10 4 1000 2
0 1 10 11 1000 2
0 1 10 1 1000 2
0 1 10 0 1000 2
0 1 10 0 1000 2
0 1 11 14 1000 2
0 1 11 9 1000 2
0 1 11 12 1000 2
0 1 9 10 1000 2
0 1 8 4 1000 2
0 1 8 2 1000 2
0 1 8 1 1000 2
0 1 8 5 1000 2
0 1 8 15 1000 2
0 1 7 0 1000 2
0 1 7 3 1000 2
0 1 7 8 1000 2
0 1 13 10 1000 2
0 1 5 10 1000 2
0 1 15 1 1000 2
0 1 15 13 1000 2
0 1 14 10 1000 2
0 1 14 12 1000 2
0 1 14 7 1000 2
0 1 13 0 1000 2
0 1 13 6 1000 2
0 1 13 6 1000 2
0 1 11 0 1000 2
0 1 13 7 1000 2
0 1 12 4 1000 2
0 1 12 9 1000 2
0 1 12 8 1000 2
0 1 12 3 1000 2
0 1 12 1 1000 2
0 1 11 13 1000 2
0 1 11 0 1000 2
0 1 4 5 1000 2
0 1 5 7 1000 2
0 1 4 9 1000 2
0 1 4 8 1000 2
0 1 4 8 1000 2
0 1 4 2 1000 2
0 1 4 9 1000 2
0 1 4 1 1000 2
0 1 4 8 1000 2
0 1 4 9 1000 2
0 1 7 12 1000 2
0 1 4 0 1000 2
0 1 4 3 1000 2
0 1 4 15 1000 2
0 1 4 13 1000 2
0 1 4 8 1000 2
0 1 4 14 1000 2
0 1 4 15 1000 2
0 1 4 7 1000 2
0 1 6 7 1000 2
0 1 5 7 1000 2
0 1 7 15 1000 2
0 1 7 1 1000 2
0 1 6 3 1000 2
0 1 6 1 1000 2
0 1 6 15 1000 2
0 1 5 13 1000 2
0 1 5 8 1000 2
0 1 5 4 1000 2
0 1 5 2 1000 2
0 1 5 7 1000 2
0 1 5 4 1000 2
0 1 5 6 1000 2
0 1 5 7 1000 2
0 1 5 5 1000 2
0 1 5 12 1000 2
0 1 5 12 1000 2
0 1 13 11 1500 2
0 1 10 15 1500 2
0 1 10 9 1500 2
0 1 10 15 1500 2
0 1 10 2 1500 2
0 1 11 3 1500 2
0 1 11 9 1500 2
0 1 11 12 1500 2
0 1 11 15 1500 2
0 1 11 12 1500 2
0 1 10 1 1500 2
0 1 9 7 1500 2
0 1 9 3 1500 2
0 1 8 11 1500 2
0 1 8 0 1500 2
0 1 8 3 1500 2
0 1 8 9 1500 2
0 1 7 11 1500 2
0 1 7 1 1500 2
0 1 13 2 1500 2
0 1 11 9 1500 2
0 1 15 13 1500 2
0 1 15 9 1500 2
0 1 15 1 1500 2
0 1 14 12 1500 2
0 1 14 15 1500 2
0 1 14 13 1500 2
0 1 14 3 1500 2
0 1 12 2 1500 2
0 1 13 13 1500 2
0 1 13 7 1500 2
0 1 13 0 1500 2
0 1 12 9 1500 2
0 1 12 13 1500 2
0 1 12 8 1500 2
0 1 12 15 1500 2
0 1 12 5 1500 2
0 1 4 1 1500 2
0 1 5 2 1500 2
0 1 5 4 1500 2
0 1 4 10 1500 2
0 1 4 3 1500 2
0 1 4 6 1500 2
0 1 4 4 1500 2
0 1 4 3 1500 2
0 1 4 15 1500 2
0 1 4 8 1500 2
0 1 7 4 1500 2
0 1 4 5 1500 2
0 1 4 13 1500 2
0 1 4 4 1500 2
0 1 4 5 1500 2
0 1 4 9 1500 2
0 1 4 14 1500 2
0 1 4 4 1500 2
0 1 4 1 1500 2
0 1 7 10 1500 2
0 1 5 14 1500 2
0 1 5 4 1500 2
0 1 6 12 1500 2
0 1 6 9 1500 2
0 1 6 3 1500 2
0 1 6 14 1500 2
0 1 6 10 1500 2
0 1 6 11 1500 2
0 1 6 3 1500 2
0 1 5 11 1500 2
0 1 5 11 1500 2
0 1 5 10 1500 2
0 1 5 14 1500 2
0 1 4 15 1500 2
0 1 5 8 1500 2
0 1 5 6 1500 2
0 1 5 12 1500 2
0 1 5 2 1500 2
0 1 12 5 2000 2
0 1 11 2 2000 2
0 1 11 7 2000 2
0 1 11 15 2000 2
0 1 11 1 2000 2
0 1 11 0 2000 2
0 1 10 9 2000 2
0 1 10 5 2000 2
0 1 10 10 2000 2
0 1 10 6 2000 2
0 1 10 7 2000 2
0 1 9 13 2000 2
0 1 8 0 2000 2
0 1 8 1 2000 2
0 1 8 2 2000 2
0 1 8 15 2000 2
0 1 8 6 2000 2
0 1 8 9 2000 2
0 1 13 14 2000 2
0 1 15 2 2000 2
0 1 15 10 2000 2
0 1 15 1 2000 2
0 1 14 2 2000 2
0 1 14 9 2000 2
0 1 14 0 2000 2
0 1 14 8 2000 2
0 1 13 4 2000 2
0 1 12 5 2000 2
0 1 13 14 2000 2
0 1 13 9 2000 2
0 1 13 6 2000 2
0 1 13 5 2000 2
0 1 12 1 2000 2
0 1 12 11 2000 2
0 1 12 5 2000 2
0 1 12 4 2000 2
0 1 4 15 2000 2
0 1 5 11 2000 2
0 1 5 11 2000 2
0 1 5 12 2000 2
0 1 5 15 2000 2
0 1 4 7 2000 2
0 1 4 12 2000 2
0 1 4 6 2000 2
0 1 4 6 2000 2
0 1 4 1 2000 2
0 1 7 6 2000 2
0 1 4 5 2000 2
0 1 4 4 2000 2
0 1 4 3 2000 2
0 1 4 13 2000 2
0 1 4 4 2000 2
0 1 4 13 2000 2
0 1 4 10 2000 2
0 1 7 10 2000 2
0 1 5 6 2000 2
0 1 5 2 2000 2
0 1 7 6 2000 2
0 1 7 11 2000 2
0 1 7 3 2000 2
0 1 6 14 2000 2
0 1 6 14 2000 2
0 1 6 13 2000 2
0 1 6 10 2000 2
0 1 5 5 2000 2
0 1 5 10 2000 2
0 1 5 12 2000 2
0 1 5 1 2000 2
0 1 5 1 2000 2
0 1 5 3 2000 2
0 1 5 9 2000 2
0 1 5 11 2000 2
0 1 11 6 2500 2
0 1 11 7 2500 2
0 1 11 12 2500 2
0 1 10 5 2500 2
0 1 10 9 2500 2
0 1 10 10 2500 2
0 1 10 6 2500 2
0 1 9 13 2500 2
0 1 9 2 2500 2
0 1 8 8 2500 2
0 1 8 14 2500 2
0 1 8 7 2500 2
0 1 8 15 2500 2
0 1 8 15 2500 2
0 1 7 5 2500 2
0 1 7 1 2500 2
0 1 7 6 2500 2
0 1 13 13 2500 2
0 1 15 13 2500 2
0 1 14 2 2500 2
0 1 14 11 2500 2
0 1 14 0 2500 2
0 1 14 15 2500 2
0 1 13 14 2500 2
0 1 13 11 2500 2
0 1 13 9 2500 2
0 1 11 5 2500 2
0 1 13 11 2500 2
0 1 12 10 2500 2
0 1 12 5 2500 2
0 1 12 14 2500 2
0 1 12 2 2500 2
0 1 12 4 2500 2
0 1 11 11 2500 2
0 1 4 5 2500 2
0 1 5 12 2500 2
0 1 4 14 2500 2
0 1 4 8 2500 2
0 1 4 7 2500 2
0 1 4 12 2500 2
0 1 4 14 2500 2
0 1 4 1 2500 2
0 1 4 12 2500 2
0 1 6 9 2500 2
0 1 4 5 2500 2
0 1 4 3 2500 2
0 1 4 14 2500 2
0 1 4 12 2500 2
0 1 4 4 2500 2
0 1 4 9 2500 2
0 1 4 5 2500 2
0 1 7 5 2500 2
0 1 5 0 2500 2
0 1 5 4 2500 2
0 1 6 8 2500 2
0 1 6 5 2500 2
0 1 6 6 2500 2
0 1 6 0 2500 2
0 1 6 5 2500 2
0 1 6 0 2500 2
0 1 5 1 2500 2
0 1 5 4 2500 2
0 1 5 9 2500 2
0 1 5 7 2500 2
0 1 5 15 2500 2
0 1 5 1 2500 2
0 1 5 2 2500 2
0 1 5 11 2500 2
0 1 11 14 3000 2
0 1 11 9 3000 2
0 1 11 14 3000 2
0 1 11 4 3000 2
0 1 11 5 3000 2
0 1 10 5 3000 2
0 1 10 5 3000 2
0 1 10 7 3000 2
0 1 10 3 3000 2
0 1 10 2 3000 2
0 1 10 13 3000 2
0 1 9 3 3000 2
0 1 9 5 3000 2
0 1 9 3 3000 2
0 1 8 9 3000 2
0 1 8 4 3000 2
0 1 8 15 3000 2
0 1 8 10 3000 2
0 1 8 15 3000 2
0 1 13 14 3000 2
0 1 14 11 3000 2
0 1 15 5 3000 2
0 1 15 7 3000 2
0 1 14 11 3000 2
0 1 14 7 3000 2
0 1 14 0 3000 2
0 1 14 10 3000 2
0 1 14 2 3000 2
0 1 13 7 3000 2
0 1 12 15 3000 2
0 1 13 1 3000 2
0 1 13 4 3000 2
0 1 13 11 3000 2
0 1 13 8 3000 2
0 1 12 15 3000 2
0 1 12 1 3000 2
0 1 12 13 3000 2
0 1 12 11 3000 2
0 1 4 15 3000 2
0 1 4 1 3000 2
0 1 4 1 3000 2
0 1 4 5 3000 2
0 1 4 7 3000 2
0 1 4 3 3000 2
0 1 4 13 3000 2
0 1 4 12 3000 2
0 1 4 15 3000 2
0 1 4 8 3000 2
0 1 7 1 3000 2
0 1 4 13 3000 2
0 1 4 7 3000 2
0 1 4 7 3000 2
0 1 4 6 3000 2
0 1 4 2 3000 2
0 1 4 7 3000 2
0 1 4 4 3000 2
0 1 4 5 3000 2
0 1 8 3 3000 2
0 1 5 7 3000 2
0 1 4 10 3000 2
0 1 7 7 3000 2
0 1 7 2 3000 2
0 1 7 2 3000 2
0 1 7 13 3000 2
0 1 6 2 3000 2
0 1 6 0 3000 2
0 1 6 6 3000 2
0 1 5 3 3000 2
0 1 5 10 3000 2
0 1 5 0 3000 2
0 1 5 13 3000 2
0 1 5 10 3000 2
0 1 5 1 3000 2
0 1 5 13 3000 2
0 1 5 8 3000 2
0 1 5 10 3000 2
0 1 5 15 3000 2
0 1 11 5 3500 2
0 1 11 0 3500 2
0 1 11 3 3500 2
0 1 11 14 3500 2
0 1 10 9 3500 2
0 1 10 4 3500 2
0 1 10 6 3500 2
0 1 10 9 3500 2
0 1 10 2 3500 2
0 1 10 13 3500 2
0 1 10 10 3500 2
0 1 9 2 3500 2
0 1 9 1 3500 2
0 1 8 7 3500 2
0 1 8 15 3500 2
0 1 8 9 3500 2
0 1 8 2 3500 2
0 1 7 14 3500 2
0 1 13 4 3500 2
0 1 7 9 3500 2
0 1 15 15 3500 2
0 1 15 9 3500 2
0 1 14 2 3500 2
0 1 14 10 3500 2
0 1 14 0 3500 2
0 1 13 1 3500 2
0 1 13 2 3500 2
0 1 12 5 3500 2
0 1 13 4 3500 2
0 1 13 8 3500 2
0 1 13 8 3500 2
0 1 13 12 3500 2
0 1 12 5 3500 2
0 1 12 0 3500 2
0 1 12 8 3500 2
0 1 12 12 3500 2
0 1 4 11 3500 2
0 1 5 5 3500 2
0 1 5 9 3500 2
0 1 4 11 3500 2
0 1 4 13 3500 2
0 1 4 14 3500 2
0 1 4 15 3500 2
0 1 4 6 3500 2
0 1 4 7 3500 2
0 1 4 0 3500 2
0 1 7 5 3500 2
0 1 4 0 3500 2
0 1 4 4 3500 2
0 1 4 5 3500 2
0 1 4 8 3500 2
0 1 4 7 3500 2
0 1 4 0 3500 2
0 1 4 15 3500 2
0 1 4 0 3500 2
0 1 5 15 3500 2
0 1 7 14 3500 2
0 1 5 2 3500 2
0 1 6 10 3500 2
0 1 6 4 3500 2
0 1 6 6 3500 2
0 1 6 7 3500 2
0 1 6 13 3500 2
0 1 5 1 3500 2
0 1 5 9 3500 2
0 1 5 3 3500 2
0 1 5 6 3500 2
0 1 5 7 3500 2
0 1 5 2 3500 2
0 1 5 3 3500 2
0 1 5 10 3500 2
0 1 5 6 3500 2
0 1 11 3 4000 2
0 1 11 0 4000 2
0 1 11 3 4000 2
0 1 11 9 4000 2
0 1 10 9 4000 2
0 1 10 15 4000 2
0 1 10 9 4000 2
0 1 10 3 4000 2
0 1 9 9 4000 2
0 1 9 12 4000 2
0 1 8 8 4000 2
0 1 8 8 4000 2
0 1 8 5 4000 2
0 1 8 5 4000 2
0 1 7 2 4000 2
0 1 7 15 4000 2
0 1 7 10 4000 2
0 1 7 9 4000 2
0 1 13 4 4000 2
0 1 4 13 4000 2
0 1 15 3 4000 2
0 1 15 2 4000 2
0 1 14 14 4000 2
0 1 14 6 4000 2
0 1 14 12 4000 2
0 1 13 6 4000 2
0 1 13 7 4000 2
0 1 12 0 4000 2
0 1 13 12 4000 2
0 1 13 10 4000 2
0 1 13 12 4000 2
0 1 12 13 4000 2
0 1 12 10 4000 2
0 1 12 7 4000 2
0 1 12 14 4000 2
0 1 12 7 4000 2
0 1 7 8 4000 2
0 1 4 10 4000 2
0 1 4 5 4000 2
0 1 4 7 4000 2
0 1 4 2 4000 2
0 1 4 11 4000 2
0 1 4 14 4000 2
0 1 4 11 4000 2
0 1 4 10 4000 2
0 1 6 13 4000 2
0 1 4 14 4000 2
0 1 4 11 4000 2
0 1 4 4 4000 2
0 1 4 3 4000 2
0 1 4 5 4000 2
0 1 4 12 4000 2
0 1 4 15 4000 2
0 1 4 5 4000 2
0 1 5 5 4000 2
0 1 5 10 4000 2
0 1 6 0 4000 2
0 1 6 4 4000 2
0 1 6 3 4000 2
0 1 5 1 4000 2
0 1 5 1 4000 2
0 1 5 5 4000 2
0 1 5 2 4000 2
0 1 5 15 4000 2
0 1 5 15 4000 2
0 1 5 10 4000 2
0 1 5 13 4000 2
0 1 5 4 4000 2
0 1 5 1 4000 2
0 1 5 4 4000 2
0 1 5 13 4000 2
0 1 11 0 4500 2
0 1 11 9 4500 2
0 1 11 13 4500 2
0 1 11 1 4500 2
0 1 11 4 4500 2
0 1 11 6 4500 2
0 1 11 8 4500 2
0 1 11 0 4500 2
0 1 11 10 4500 2
0 1 11 7 4500 2
0 1 11 15 4500 2
0 1 11 5 4500 2
0 1 11 7 4500 2
0 1 11 0 4500 2
0 1 11 1 4500 2
0 1 11 8 4500 2
0 1 11 1 4500 2
0 1 11 9 4500 2
0 1 11 14 4500 2
0 1 11 1 4500 2
0 1 10 15 4500 2
0 1 10 8 4500 2
0 1 9 12 4500 2
0 1 9 0 4500 2
0 1 9 14 4500 2
0 1 9 14 4500 2
0 1 9 9 4500 2
0 1 9 13 4500 2
0 1 12 15 4500 2
0 1 8 5 4500 2
0 1 12 7 4500 2
0 1 12 11 4500 2
0 1 12 14 4500 2
0 1 12 11 4500 2
0 1 12 5 4500 2
0 1 12 4 4500 2
0 1 12 0 4500 2
0 1 12 9 4500 2
0 1 12 0 4500 2
0 1 12 7 4500 2
0 1 12 7 4500 2
0 1 12 6 4500 2
0 1 12 4 4500 2
0 1 11 14 4500 2
0 1 12 13 4500 2
0 1 12 15 4500 2
0 1 12 2 4500 2
0 1 12 1 4500 2
0 1 12 4 4500 2
0 1 12 11 4500 2
0 1 12 3 4500 2
0 1 12 4 4500 2
0 1 12 4 4500 2
0 1 12 13 4500 2
0 1 12 7 4500 2
0 1 11 5 4500 2
0 1 11 13 4500 2
0 1 3 1 4500 2
0 1 4 9 4500 2
0 1 3 15 4500 2
0 1 3 3 4500 2
0 1 3 3 4500 2
0 1 3 10 4500 2
0 1 3 7 4500 2
0 1 3 10 4500 2
0 1 3 11 4500 2
0 1 3 10 4500 2
0 1 3 7 4500 2
0 1 3 4 4500 2
0 1 3 6 4500 2
0 1 3 15 4500 2
0 1 3 12 4500 2
0 1 9 2 4500 2
0 1 3 9 4500 2
0 1 2 1 4500 2
0 1 2 12 4500 2
0 1 2 2 4500 2
0 1 2 2 4500 2
0 1 2 1 4500 2
0 1 2 10 4500 2
0 1 2 10 4500 2
0 1 2 6 4500 2
0 1 1 13 4500 2
0 1 1 2 4500 2
0 1 1 0 4500 2
0 1 9 14 4500 2
0 1 4 9 4500 2
0 1 4 13 4500 2
0 1 8 14 4500 2
0 1 8 5 4500 2
0 1 8 5 4500 2
0 1 8 6 4500 2
0 1 8 14 4500 2
0 1 7 12 4500 2
0 1 7 15 4500 2
0 1 7 8 4500 2
0 1 7 2 4500 2
0 1 7 6 4500 2
0 1 6 12 4500 2
0 1 6 0 4500 2
0 1 6 3 4500 2
0 1 6 6 4500 2
0 1 6 2 4500 2
0 1 4 6 4500 2
0 1 4 9 4500 2
0 1 4 11 4500 2
0 1 4 3 4500 2
0 1 4 6 4500 2
0 1 5 1 4500 2
0 1 5 1 4500 2
0 1 5 2 4500 2
0 1 5 10 4500 2
0 1 6 3 4500 2
0 1 5 11 4500 2
0 1 11 14 5000 2
0 1 11 4 5000 2
0 1 11 11 5000 2
0 1 11 11 5000 2
0 1 11 10 5000 2
0 1 11 13 5000 2
0 1 11 14 5000 2
0 1 11 12 5000 2
0 1 11 10 5000 2
0 1 11 15 5000 2
0 1 11 8 5000 2
0 1 11 9 5000 2
0 1 11 3 5000 2
0 1 11 5 5000 2
0 1 11 8 5000 2
0 1 11 13 5000 2
0 1 11 14 5000 2
0 1 11 1 5000 2
0 1 11 15 5000 2
0 1 11 11 5000 2
0 1 11 1 5000 2
0 1 11 6 5000 2
0 1 10 11 5000 2
0 1 10 0 5000 2
0 1 10 10 5000 2
0 1 9 4 5000 2
0 1 9 15 5000 2
0 1 9 13 5000 2
0 1 9 4 5000 2
0 1 12 8 5000 2
0 1 12 11 5000 2
0 1 12 8 5000 2
0 1 12 2 5000 2
0 1 12 7 5000 2
0 1 12 11 5000 2
0 1 12 12 5000 2
0 1 12 2 5000 2
0 1 12 10 5000 2
0 1 12 13 5000 2
0 1 12 4 5000 2
0 1 12 14 5000 2
0 1 12 4 5000 2
0 1 12 9 5000 2
0 1 12 2 5000 2
0 1 11 14 5000 2
0 1 12 13 5000 2
0 1 12 3 5000 2
0 1 12 7 5000 2
0 1 12 5 5000 2
0 1 12 11 5000 2
0 1 12 8 5000 2
0 1 12 4 5000 2
0 1 12 0 5000 2
0 1 12 4 5000 2
0 1 11 4 5000 2
0 1 11 13 5000 2
0 1 11 9 5000 2
0 1 11 7 5000 2
0 1 3 15 5000 2
0 1 4 3 5000 2
0 1 3 5 5000 2
0 1 3 0 5000 2
0 1 3 9 5000 2
0 1 3 8 5000 2
0 1 3 1 5000 2
0 1 3 1 5000 2
0 1 3 14 5000 2
0 1 3 3 5000 2
0 1 3 2 5000 2
0 1 3 12 5000 2
0 1 3 3 5000 2
0 1 3 9 5000 2
0 1 3 12 5000 2
0 1 9 2 5000 2
0 1 2 15 5000 2
0 1 2 12 5000 2
0 1 2 15 5000 2
0 1 2 15 5000 2
0 1 2 6 5000 2
0 1 2 7 5000 2
0 1 2 2 5000 2
0 1 2 10 5000 2
0 1 2 6 5000 2
0 1 1 12 5000 2
0 1 1 12 5000 2
0 1 1 6 5000 2
0 1 1 5 5000 2
0 1 4 3 5000 2
0 1 4 4 5000 2
0 1 9 15 5000 2
0 1 8 11 5000 2
0 1 8 9 5000 2
0 1 8 10 5000 2
0 1 8 13 5000 2
0 1 8 4 5000 2
0 1 8 1 5000 2
0 1 7 11 5000 2
0 1 7 3 5000 2
0 1 7 10 5000 2
0 1 7 10 5000 2
0 1 7 2 5000 2
0 1 7 7 5000 2
0 1 6 8 5000 2
0 1 6 15 5000 2
0 1 4 8 5000 2
0 1 4 7 5000 2
0 1 4 15 5000 2
0 1 4 0 5000 2
0 1 5 12 5000 2
0 1 5 14 5000 2
0 1 5 11 5000 2
0 1 6 6 5000 2
0 1 6 8 5000 2
0 1 6 14 5000 2
0 1 6 8 5000 2
0 1 5 8 5000 2
0 1 11 5 5500 2
0 1 11 10 5500 2
0 1 11 12 5500 2
0 1 11 0 5500 2
0 1 11 13 5500 2
0 1 11 0 5500 2
0 1 11 1 5500 2
0 1 11 11 5500 2
0 1 11 9 5500 2
0 1 11 15 5500 2
0 1 11 9 5500 2
0 1 11 6 5500 2
0 1 11 12 5500 2
0 1 11 10 5500 2
0 1 11 10 5500 2
0 1 11 2 5500 2
0 1 11 2 5500 2
0 1 11 4 5500 2
0 1 11 15 5500 2
0 1 11 14 5500 2
0 1 11 2 5500 2
0 1 10 7 5500 2
0 1 10 13 5500 2
0 1 10 3 5500 2
0 1 9 7 5500 2
0 1 9 15 5500 2
0 1 9 13 5500 2
0 1 9 6 5500 2
0 1 12 14 5500 2
0 1 11 10 5500 2
0 1 12 4 5500 2
0 1 12 10 5500 2
0 1 12 0 5500 2
0 1 12 10 5500 2
0 1 12 13 5500 2
0 1 12 0 5500 2
0 1 12 9 5500 2
0 1 12 6 5500 2
0 1 12 0 5500 2
0 1 12 8 5500 2
0 1 12 15 5500 2
0 1 12 2 5500 2
0 1 12 3 5500 2
0 1 11 6 5500 2
0 1 12 1 5500 2
0 1 12 7 5500 2
0 1 12 7 5500 2
0 1 12 15 5500 2
0 1 12 7 5500 2
0 1 12 11 5500 2
0 1 12 9 5500 2
0 1 12 3 5500 2
0 1 12 4 5500 2
0 1 12 4 5500 2
0 1 11 5 5500 2
0 1 11 5 5500 2
0 1 11 15 5500 2
0 1 3 15 5500 2
0 1 4 6 5500 2
0 1 4 10 5500 2
0 1 4 0 5500 2
0 1 4 12 5500 2
0 1 4 0 5500 2
0 1 3 6 5500 2
0 1 3 4 5500 2
0 1 3 4 5500 2
0 1 3 8 5500 2
0 1 3 9 5500 2
0 1 3 9 5500 2
0 1 3 0 5500 2
0 1 3 0 5500 2
0 1 3 1 5500 2
0 1 9 9 5500 2
0 1 3 8 5500 2
0 1 3 8 5500 2
0 1 2 2 5500 2
0 1 2 11 5500 2
0 1 2 8 5500 2
0 1 2 4 5500 2
0 1 2 13 5500 2
0 1 2 13 5500 2
0 1 2 13 5500 2
0 1 2 12 5500 2
0 1 2 11 5500 2
0 1 2 5 5500 2
0 1 1 9 5500 2
0 1 9 5 5500 2
0 1 4 11 5500 2
0 1 4 15 5500 2
0 1 8 1 5500 2
0 1 8 12 5500 2
0 1 8 3 5500 2
0 1 8 5 5500 2
0 1 8 14 5500 2
0 1 8 12 5500 2
0 1 8 1 5500 2
0 1 7 12 5500 2
0 1 7 0 5500 2
0 1 7 14 5500 2
0 1 7 14 5500 2
0 1 7 13 5500 2
0 1 7 3 5500 2
0 1 6 7 5500 2
0 1 7 2 5500 2
0 1 1 14 5500 2
0 1 4 7 5500 2
0 1 4 10 5500 2
0 1 5 1 5500 2
0 1 5 3 5500 2
0 1 5 13 5500 2
0 1 6 13 5500 2
0 1 6 5 5500 2
0 1 6 4 5500 2
0 1 6 15 5500 2
0 1 5 7 5500 2
0 1 11 1 6000 2
0 1 11 14 6000 2
0 1 11 12 6000 2
0 1 11 3 6000 2
0 1 11 9 6000 2
0 1 11 3 6000 2
0 1 11 8 6000 2
0 1 11 13 6000 2
0 1 11 14 6000 2
0 1 11 13 6000 2
0 1 11 3 6000 2
0 1 11 3 6000 2
0 1 11 3 6000 2
0 1 11 3 6000 2
0 1 11 3 6000 2
0 1 11 0 6000 2
0 1 11 4 6000 2
0 1 11 10 6000 2
0 1 10 4 6000 2
0 1 10 14 6000 2
0 1 10 15 6000 2
0 1 9 4 6000 2
0 1 9 3 6000 2
0 1 9 2 6000 2
0 1 9 15 6000 2
0 1 9 15 6000 2
0 1 9 2 6000 2
0 1 9 12 6000 2
0 1 8 11 6000 2
0 1 12 11 6000 2
0 1 8 12 6000 2
0 1 12 10 6000 2
0 1 12 8 6000 2
0 1 12 2 6000 2
0 1 12 3 6000 2
0 1 12 12 6000 2
0 1 12 13 6000 2
0 1 12 6 6000 2
0 1 12 5 6000 2
0 1 12 5 6000 2
0 1 12 5 6000 2
0 1 12 12 6000 2
0 1 12 15 6000 2
0 1 12 0 6000 2
0 1 11 9 6000 2
0 1 12 2 6000 2
0 1 12 2 6000 2
0 1 12 14 6000 2
0 1 12 9 6000 2
0 1 12 3 6000 2
0 1 12 7 6000 2
0 1 12 3 6000 2
0 1 12 6 6000 2
0 1 12 10 6000 2
0 1 12 11 6000 2
0 1 12 4 6000 2
0 1 12 1 6000 2
0 1 11 14 6000 2
0 1 11 11 6000 2
0 1 3 15 6000 2
0 1 3 13 6000 2
0 1 3 2 6000 2
0 1 3 4 6000 2
0 1 3 0 6000 2
0 1 3 2 6000 2
0 1 3 8 6000 2
0 1 3 11 6000 2
0 1 3 6 6000 2
0 1 3 7 6000 2
0 1 3 2 6000 2
0 1 3 8 6000 2
0 1 3 11 6000 2
0 1 3 6 6000 2
0 1 3 2 6000 2
0 1 8 11 6000 2
0 1 3 14 6000 2
0 1 2 6 6000 2
0 1 2 13 6000 2
0 1 2 15 6000 2
0 1 2 11 6000 2
0 1 2 8 6000 2
0 1 2 10 6000 2
0 1 2 9 6000 2
0 1 2 1 6000 2
0 1 2 10 6000 2
0 1 2 4 6000 2
0 1 1 10 6000 2
0 1 1 2 6000 2
0 1 1 5 6000 2
0 1 3 10 6000 2
0 1 8 0 6000 2
0 1 8 8 6000 2
0 1 8 12 6000 2
0 1 7 7 6000 2
0 1 7 7 6000 2
0 1 7 7 6000 2
0 1 7 7 6000 2
0 1 7 7 6000 2
0 1 7 3 6000 2
0 1 6 7 6000 2
0 1 6 3 6000 2
0 1 6 10 6000 2
0 1 6 15 6000 2
0 1 5 8 6000 2
0 1 5 0 6000 2
0 1 5 6 6000 2
0 1 3 4 6000 2
0 1 4 2 6000 2
0 1 4 6 6000 2
0 1 4 14 6000 2
0 1 4 10 6000 2
0 1 4 3 6000 2
0 1 4 7 6000 2
0 1 4 3 6000 2
0 1 5 15 6000 2
0 1 5 15 6000 2
0 1 5 10 6000 2
0 1 4 11 6000 2
0 1 11 3 6500 2
0 1 11 3 6500 2
0 1 11 12 6500 2
0 1 11 12 6500 2
0 1 11 13 6500 2
0 1 11 1 6500 2
0 1 11 4 6500 2
0 1 11 5 6500 2
0 1 11 0 6500 2
0 1 11 4 6500 2
0 1 11 6 6500 2
0 1 11 13 6500 2
0 1 11 2 6500 2
0 1 11 14 6500 2
0 1 11 1 6500 2
0 1 11 11 6500 2
0 1 11 8 6500 2
0 1 11 7 6500 2
0 1 11 11 6500 2
0 1 10 15 6500 2
0 1 10 9 6500 2
0 1 10 13 6500 2
0 1 9 10 6500 2
0 1 9 8 6500 2
0 1 9 6 6500 2
0 1 9 13 6500 2
0 1 9 10 6500 2
0 1 9 3 6500 2
0 1 12 12 6500 2
0 1 8 5 6500 2
0 1 12 10 6500 2
0 1 12 13 6500 2
0 1 12 13 6500 2
0 1 12 15 6500 2
0 1 12 1 6500 2
0 1 12 0 6500 2
0 1 12 7 6500 2
0 1 12 5 6500 2
0 1 12 11 6500 2
0 1 12 15 6500 2
0 1 12 3 6500 2
0 1 12 11 6500 2
0 1 12 3 6500 2
0 1 11 12 6500 2
0 1 12 2 6500 2
0 1 12 4 6500 2
0 1 12 2 6500 2
0 1 12 9 6500 2
0 1 12 15 6500 2
0 1 12 14 6500 2
0 1 12 5 6500 2
0 1 12 15 6500 2
0 1 12 12 6500 2
0 1 11 15 6500 2
0 1 11 8 6500 2
0 1 11 4 6500 2
0 1 11 3 6500 2
0 1 3 14 6500 2
0 1 4 12 6500 2
0 1 4 12 6500 2
0 1 4 13 6500 2
0 1 3 6 6500 2
0 1 3 1 6500 2
0 1 3 0 6500 2
0 1 3 3 6500 2
0 1 3 8 6500 2
0 1 3 10 6500 2
0 1 3 9 6500 2
0 1 3 6 6500 2
0 1 3 7 6500 2
0 1 3 12 6500 2
0 1 3 12 6500 2
0 1 9 15 6500 2
0 1 3 14 6500 2
0 1 2 10 6500 2
0 1 2 10 6500 2
0 1 2 4 6500 2
0 1 2 8 6500 2
0 1 2 12 6500 2
0 1 2 8 6500 2
0 1 2 6 6500 2
0 1 2 7 6500 2
0 1 2 11 6500 2
0 1 1 8 6500 2
0 1 1 8 6500 2
0 1 9 10 6500 2
0 1 4 0 6500 2
0 1 4 10 6500 2
0 1 1 14 6500 2
0 1 8 3 6500 2
0 1 8 14 6500 2
0 1 8 12 6500 2
0 1 8 5 6500 2
0 1 7 6 6500 2
0 1 7 3 6500 2
0 1 7 3 6500 2
0 1 7 12 6500 2
0 1 7 9 6500 2
0 1 7 5 6500 2
0 1 7 15 6500 2
0 1 6 12 6500 2
0 1 6 13 6500 2
0 1 4 13 6500 2
0 1 5 14 6500 2
0 1 5 14 6500 2
0 1 5 7 6500 2
0 1 5 3 6500 2
0 1 5 3 6500 2
0 1 6 12 6500 2
0 1 6 15 6500 2
0 1 6 14 6500 2
0 1 6 7 6500 2
0 1 5 14 6500 2
0 1 11 2 7000 2
0 1 11 9 7000 2
0 1 11 8 7000 2
0 1 11 10 7000 2
0 1 11 1 7000 2
0 1 11 9 7000 2
0 1 11 10 7000 2
0 1 11 11 7000 2
0 1 11 12 7000 2
0 1 11 11 7000 2
0 1 11 11 7000 2
0 1 11 1 7000 2
0 1 11 12 7000 2
0 1 11 6 7000 2
0 1 11 10 7000 2
0 1 11 13 7000 2
0 1 11 3 7000 2
0 1 11 14 7000 2
0 1 11 14 7000 2
0 1 11 14 7000 2
0 1 11 0 7000 2
0 1 10 11 7000 2
0 1 10 7 7000 2
0 1 10 15 7000 2
0 1 9 0 7000 2
0 1 9 8 7000 2
0 1 9 13 7000 2
0 1 9 13 7000 2
0 1 12 2 7000 2
0 1 12 9 7000 2
0 1 12 8 7000 2
0 1 12 13 7000 2
0 1 12 11 7000 2
0 1 12 3 7000 2
0 1 12 12 7000 2
0 1 12 10 7000 2
0 1 12 2 7000 2
0 1 12 4 7000 2
0 1 12 6 7000 2
0 1 12 8 7000 2
0 1 12 3 7000 2
0 1 12 2 7000 2
0 1 11 8 7000 2
0 1 12 12 7000 2
0 1 12 6 7000 2
0 1 12 2 7000 2
0 1 12 13 7000 2
0 1 12 13 7000 2
0 1 12 5 7000 2
0 1 12 5 7000 2
0 1 12 10 7000 2
0 1 12 11 7000 2
0 1 11 6 7000 2
0 1 11 5 7000 2
0 1 11 15 7000 2
0 1 11 8 7000 2
0 1 3 9 7000 2
0 1 4 13 7000 2
0 1 3 3 7000 2
0 1 3 12 7000 2
0 1 3 7 7000 2
0 1 3 15 7000 2
0 1 3 15 7000 2
0 1 3 10 7000 2
0 1 3 3 7000 2
0 1 3 5 7000 2
0 1 3 11 7000 2
0 1 3 1 7000 2
0 1 3 5 7000 2
0 1 3 14 7000 2
0 1 3 2 7000 2
0 1 8 13 7000 2
0 1 2 1 7000 2
0 1 2 8 7000 2
0 1 2 0 7000 2
0 1 2 1 7000 2
0 1 2 1 7000 2
0 1 2 13 7000 2
0 1 2 4 7000 2
0 1 2 6 7000 2
0 1 2 12 7000 2
0 1 2 12 7000 2
0 1 1 14 7000 2
0 1 1 14 7000 2
0 1 9 13 7000 2
0 1 4 7 7000 2
0 1 4 14 7000 2
0 1 8 11 7000 2
0 1 8 3 7000 2
0 1 8 7 7000 2
0 1 8 11 7000 2
0 1 8 2 7000 2
0 1 7 12 7000 2
0 1 7 9 7000 2
0 1 7 10 7000 2
0 1 7 15 7000 2
0 1 7 8 7000 2
0 1 7 4 7000 2
0 1 6 5 7000 2
0 1 6 1 7000 2
0 1 6 14 7000 2
0 1 6 14 7000 2
0 1 4 7 7000 2
0 1 4 8 7000 2
0 1 4 1 7000 2
0 1 5 13 7000 2
0 1 5 12 7000 2
0 1 5 14 7000 2
0 1 5 1 7000 2
0 1 5 13 7000 2
0 1 6 5 7000 2
0 1 6 12 7000 2
0 1 6 15 7000 2
0 1 11 12 7500 2
0 1 11 12 7500 2
0 1 11 15 7500 2
0 1 11 7 7500 2
0 1 11 3 7500 2
0 1 11 2 7500 2
0 1 11 4 7500 2
0 1 11 9 7500 2
0 1 11 0 7500 2
0 1 11 15 7500 2
0 1 11 15 7500 2
0 1 11 2 7500 2
0 1 11 12 7500 2
0 1 11 9 7500 2
0 1 11 10 7500 2
0 1 11 10 7500 2
0 1 11 8 7500 2
0 1 11 3 7500 2
0 1 11 5 7500 2
0 1 10 0 7500 2
0 1 10 15 7500 2
0 1 10 0 7500 2
0 1 9 14 7500 2
0 1 9 8 7500 2
0 1 9 7 7500 2
0 1 9 12 7500 2
0 1 9 0 7500 2
0 1 9 15 7500 2
0 1 8 10 7500 2
0 1 12 7 7500 2
0 1 12 10 7500 2
0 1 12 12 7500 2
0 1 12 5 7500 2
0 1 12 5 7500 2
0 1 12 15 7500 2
0 1 12 9 7500 2
0 1 12 8 7500 2
0 1 12 4 7500 2
0 1 12 8 7500 2
0 1 12 11 7500 2
0 1 12 10 7500 2
0 1 12 9 7500 2
0 1 12 4 7500 2
0 1 12 10 7500 2
0 1 11 7 7500 2
0 1 12 9 7500 2
0 1 12 4 7500 2
0 1 12 7 7500 2
0 1 12 5 7500 2
0 1 12 9 7500 2
0 1 12 2 7500 2
0 1 12 15 7500 2
0 1 12 4 7500 2
0 1 12 2 7500 2
0 1 12 9 7500 2
0 1 11 4 7500 2
0 1 11 9 7500 2
0 1 11 12 7500 2
0 1 3 14 7500 2
0 1 4 1 7500 2
0 1 4 9 7500 2
0 1 3 2 7500 2
0 1 3 14 7500 2
0 1 3 10 7500 2
0 1 3 5 7500 2
0 1 3 4 7500 2
0 1 3 1 7500 2
0 1 3 3 7500 2
0 1 3 10 7500 2
0 1 3 14 7500 2
0 1 3 11 7500 2
0 1 3 14 7500 2
0 1 3 5 7500 2
0 1 8 1 7500 2
0 1 3 0 7500 2
0 1 2 3 7500 2
0 1 2 9 7500 2
0 1 2 13 7500 2
0 1 2 0 7500 2
0 1 2 7 7500 2
0 1 2 8 7500 2
0 1 2 8 7500 2
0 1 2 9 7500 2
0 1 2 6 7500 2
0 1 2 15 7500 2
0 1 1 1 7500 2
0 1 1 8 7500 2
0 1 8 14 7500 2
0 1 4 1 7500 2
0 1 4 7 7500 2
0 1 8 4 7500 2
0 1 8 0 7500 2
0 1 8 10 7500 2
0 1 7 1 7500 2
0 1 7 11 7500 2
0 1 7 1 7500 2
0 1 7 11 7500 2
0 1 7 14 7500 2
0 1 7 14 7500 2
0 1 6 3 7500 2
0 1 6 0 7500 2
0 1 6 4 7500 2
0 1 6 6 7500 2
0 1 6 0 7500 2
0 1 6 8 7500 2
0 1 4 5 7500 2
0 1 4 9 7500 2
0 1 4 12 7500 2
0 1 4 13 7500 2
0 1 4 7 7500 2
0 1 4 14 7500 2
0 1 5 14 7500 2
0 1 5 15 7500 2
0 1 5 13 7500 2
0 1 5 12 7500 2
0 1 4 4 7500 2
0 1 11 0 8000 2
0 1 11 2 8000 2
0 1 11 11 8000 2
0 1 11 0 8000 2
0 1 11 3 8000 2
0 1 11 15 8000 2
0 1 11 0 8000 2
0 1 11 8 8000 2
0 1 11 5 8000 2
0 1 11 6 8000 2
0 1 11 3 8000 2
0 1 11 4 8000 2
0 1 11 11 8000 2
0 1 11 0 8000 2
0 1 11 15 8000 2
0 1 11 9 8000 2
0 1 11 2 8000 2
0 1 10 11 8000 2
0 1 10 10 8000 2
0 1 10 15 8000 2
0 1 9 9 8000 2
0 1 9 2 8000 2
0 1 9 5 8000 2
0 1 9 3 8000 2
0 1 9 11 8000 2
0 1 8 10 8000 2
0 1 8 10 8000 2
0 1 8 15 8000 2
0 1 12 7 8000 2
0 1 8 2 8000 2
0 1 12 14 8000 2
0 1 12 14 8000 2
0 1 12 2 8000 2
0 1 12 12 8000 2
0 1 12 3 8000 2
0 1 12 12 8000 2
0 1 12 11 8000 2
0 1 12 0 8000 2
0 1 12 14 8000 2
0 1 12 9 8000 2
0 1 12 14 8000 2
0 1 12 6 8000 2
0 1 12 15 8000 2
0 1 11 2 8000 2
0 1 12 5 8000 2
0 1 12 15 8000 2
0 1 12 15 8000 2
0 1 12 13 8000 2
0 1 12 13 8000 2
0 1 12 0 8000 2
0 1 12 6 8000 2
0 1 12 10 8000 2
0 1 11 8 8000 2
0 1 11 0 8000 2
0 1 11 6 8000 2
0 1 11 13 8000 2
0 1 11 4 8000 2
0 1 2 6 8000 2
0 1 3 2 8000 2
0 1 3 0 8000 2
0 1 3 3 8000 2
0 1 3 10 8000 2
0 1 3 6 8000 2
0 1 3 11 8000 2
0 1 3 1 8000 2
0 1 3 5 8000 2
0 1 3 3 8000 2
0 1 3 0 8000 2
0 1 3 1 8000 2
0 1 3 9 8000 2
0 1 3 12 8000 2
0 1 3 12 8000 2
0 1 8 9 8000 2
0 1 2 9 8000 2
0 1 2 2 8000 2
0 1 2 1 8000 2
0 1 2 4 8000 2
0 1 2 5 8000 2
0 1 2 7 8000 2
0 1 2 10 8000 2
0 1 2 9 8000 2
0 1 2 11 8000 2
0 1 2 4 8000 2
0 1 1 5 8000 2
0 1 1 14 8000 2
0 1 1 14 8000 2
0 1 4 7 8000 2
0 1 8 14 8000 2
0 1 7 0 8000 2
0 1 7 0 8000 2
0 1 7 14 8000 2
0 1 7 15 8000 2
0 1 7 0 8000 2
0 1 7 14 8000 2
0 1 7 6 8000 2
0 1 6 0 8000 2
0 1 6 2 8000 2
0 1 6 0 8000 2
0 1 6 8 8000 2
0 1 6 4 8000 2
0 1 5 5 8000 2
0 1 5 14 8000 2
0 1 3 7 8000 2
0 1 4 6 8000 2
0 1 4 15 8000 2
0 1 4 9 8000 2
0 1 4 11 8000 2
0 1 4 2 8000 2
0 1 4 7 8000 2
0 1 4 10 8000 2
0 1 4 8 8000 2
0 1 5 15 8000 2
0 1 5 8 8000 2
0 1 8 15 8500 2
0 1 9 14 8500 2
0 1 9 7 8500 2
0 1 9 14 8500 2
0 1 9 9 8500 2
0 1 10 2 8500 2
0 1 10 1 8500 2
0 1 11 0 8500 2
0 1 11 3 8500 2
0 1 11 5 8500 2
0 1 11 1 8500 2
0 1 11 9 8500 2
0 1 12 7 8500 2
0 1 12 9 8500 2
0 1 12 8 8500 2
0 1 12 4 8500 2
0 1 13 10 8500 2
0 1 13 15 8500 2
0 1 2 2 8500 2
0 1 8 11 8500 2
0 1 8 8 8500 2
0 1 3 5 8500 2
0 1 3 5 8500 2
0 1 4 2 8500 2
0 1 4 11 8500 2
0 1 4 4 8500 2
0 1 4 3 8500 2
0 1 5 6 8500 2
0 1 5 15 8500 2
0 1 6 7 8500 2
0 1 6 13 8500 2
0 1 7 0 8500 2
0 1 7 5 8500 2
0 1 7 8 8500 2
0 1 7 7 8500 2
0 1 8 11 8500 2
0 1 6 9 8500 2
0 1 11 15 9000 2
0 1 11 4 9000 2
0 1 11 4 9000 2
0 1 10 1 9000 2
0 1 9 3 9000 2
0 1 9 15 9000 2
0 1 9 8 9000 2
0 1 9 6 9000 2
0 1 8 2 9000 2
0 1 8 8 9000 2
0 1 11 2 9000 2
0 1 11 15 9000 2
0 1 12 1 9000 2
0 1 12 12 9000 2
0 1 12 6 9000 2
0 1 12 1 9000 2
0 1 12 10 9000 2
0 1 12 10 9000 2
0 1 13 13 9000 2
0 1 13 3 9000 2
0 1 8 15 9000 2
0 1 8 8 9000 2
0 1 2 2 9000 2
0 1 2 12 9000 2
0 1 3 13 9000 2
0 1 3 5 9000 2
0 1 3 12 9000 2
0 1 4 8 9000 2
0 1 4 10 9000 2
0 1 4 2 9000 2
0 1 5 10 9000 2
0 1 6 3 9000 2
0 1 5 2 9000 2
0 1 7 5 9000 2
0 1 7 14 9000 2
0 1 7 2 9000 2
0 1 7 14 9000 2
0 1 6 0 9000 2
0 1 6 14 9000 2
0 1 6 2 9000 2
0 1 6 6 9000 2
0 1 8 5 9500 2
0 1 9 13 9500 2
0 1 8 9 9500 2
0 1 8 3 9500 2
0 1 9 13 9500 2
0 1 9 0 9500 2
0 1 10 9 9500 2
0 1 10 13 9500 2
0 1 11 4 9500 2
0 1 11 14 9500 2
0 1 11 14 9500 2
0 1 11 7 9500 2
0 1 12 4 9500 2
0 1 12 3 9500 2
0 1 12 2 9500 2
0 1 13 9 9500 2
0 1 13 15 9500 2
0 1 7 13 9500 2
0 1 2 13 9500 2
0 1 3 1 9500 2
0 1 3 1 9500 2
0 1 3 4 9500 2
0 1 4 1 9500 2
0 1 4 0 9500 2
0 1 4 15 9500 2
0 1 5 10 9500 2
0 1 5 12 9500 2
0 1 6 12 9500 2
0 1 6 10 9500 2
0 1 7 4 9500 2
0 1 6 2 9500 2
0 1 6 2 9500 2
0 1 7 7 9500 2
0 1 7 6 9500 2
0 1 6 7 9500 2
0 1 11 1 10000 2
0 1 8 12 10000 2
0 1 10 13 10000 2
0 1 10 2 10000 2
0 1 10 7 10000 2
0 1 10 14 10000 2
0 1 9 1 10000 2
0 1 9 2 10000 2
0 1 9 9 10000 2
0 1 8 7 10000 2
0 1 11 15 10000 2
0 1 11 6 10000 2
0 1 11 8 10000 2
0 1 11 4 10000 2
0 1 12 0 10000 2
0 1 12 6 10000 2
0 1 12 5 10000 2
0 1 12 7 10000 2
0 1 13 7 10000 2
0 1 13 10 10000 2
0 1 5 10 10000 2
0 1 8 7 10000 2
0 1 2 15 10000 2
0 1 3 14 10000 2
0 1 3 10 10000 2
0 1 3 4 10000 2
0 1 3 10 10000 2
0 1 4 3 10000 2
0 1 4 13 10000 2
0 1 4 13 10000 2
0 1 5 2 10000 2
0 1 6 6 10000 2
0 1 6 12 10000 2
0 1 6 1 10000 2
0 1 8 4 10000 2
0 1 7 2 10000 2
0 1 7 4 10000 2
0 1 7 15 10000 2
0 1 7 11 10000 2
0 1 6 13 10000 2
0 1 6 3 10000 2
0 1 6 10 10000 2
0 1 8 12 10500 2
0 1 8 8 10500 2
0 1 9 7 10500 2
0 1 9 15 10500 2
0 1 9 15 10500 2
0 1 9 11 10500 2
0 1 10 2 10500 2
0 1 10 4 10500 2
0 1 11 3 10500 2
0 1 11 4 10500 2
0 1 11 15 10500 2
0 1 11 2 10500 2
0 1 11 13 10500 2
0 1 12 13 10500 2
0 1 12 8 10500 2
0 1 12 5 10500 2
0 1 12 4 10500 2
0 1 12 10 10500 2
0 1 13 11 10500 2
0 1 8 12 10500 2
0 1 8 15 10500 2
0 1 2 14 10500 2
0 1 2 15 10500 2
0 1 3 2 10500 2
0 1 3 9 10500 2
0 1 3 5 10500 2
0 1 4 5 10500 2
0 1 4 7 10500 2
0 1 5 2 10500 2
0 1 6 5 10500 2
0 1 6 5 10500 2
0 1 7 6 10500 2
0 1 7 3 10500 2
0 1 7 6 10500 2
0 1 7 0 10500 2
0 1 6 12 10500 2
0 1 6 3 10500 2
0 1 6 12 10500 2
0 1 8 11 11000 2
0 1 9 5 11000 2
0 1 9 12 11000 2
0 1 9 6 11000 2
0 1 10 5 11000 2
0 1 10 8 11000 2
0 1 10 10 11000 2
0 1 10 3 11000 2
0 1 11 15 11000 2
0 1 11 14 11000 2
0 1 11 5 11000 2
0 1 11 3 11000 2
0 1 11 0 11000 2
0 1 12 6 11000 2
0 1 12 2 11000 2
0 1 12 14 11000 2
0 1 12 14 11000 2
0 1 12 13 11000 2
0 1 8 13 11000 2
0 1 5 4 11000 2
0 1 2 8 11000 2
0 1 8 13 11000 2
0 1 3 4 11000 2
0 1 3 12 11000 2
0 1 3 5 11000 2
0 1 4 10 11000 2
0 1 4 3 11000 2
0 1 4 3 11000 2
0 1 4 8 11000 2
0 1 5 15 11000 2
0 1 6 1 11000 2
0 1 6 2 11000 2
0 1 6 7 11000 2
0 1 6 12 11000 2
0 1 7 10 11000 2
0 1 7 3 11000 2
0 1 7 13 11000 2
0 1 7 2 11000 2
0 1 8 9 11000 2
0 1 10 9 11500 2
0 1 10 5 11500 2
0 1 11 4 11500 2
0 1 11 2 11500 2
0 1 13 10 11500 2
0 1 10 14 11500 2
0 1 9 2 11500 2
0 1 9 3 11500 2
0 1 9 5 11500 2
0 1 9 2 11500 2
0 1 11 5 11500 2
0 1 11 10 11500 2
0 1 11 14 11500 2
0 1 11 4 11500 2
0 1 12 10 11500 2
0 1 12 8 11500 2
0 1 12 13 11500 2
0 1 12 5 11500 2
0 1 12 6 11500 2
0 1 3 2 11500 2
0 1 8 13 11500 2
0 1 8 15 11500 2
0 1 2 9 11500 2
0 1 3 4 11500 2
0 1 3 3 11500 2
0 1 4 15 11500 2
0 1 4 1 11500 2
0 1 5 9 11500 2
0 1 5 7 11500 2
0 1 6 0 11500 2
0 1 6 15 11500 2
0 1 6 1 11500 2
0 1 7 2 11500 2
0 1 7 2 11500 2
0 1 7 0 11500 2
0 1 8 14 11500 2
0 1 8 0 11500 2
0 1 8 5 11500 2
0 1 6 6 11500 2
0 1 11 3 12000 2
0 1 11 5 12000 2
0 1 11 2 12000 2
0 1 10 4 12000 2
0 1 10 2 12000 2
0 1 10 13 12000 2
0 1 10 7 12000 2
0 1 9 5 12000 2
0 1 9 11 12000 2
0 1 8 13 12000 2
0 1 11 13 12000 2
0 1 11 15 12000 2
0 1 11 15 12000 2
0 1 11 5 12000 2
0 1 12 15 12000 2
0 1 12 1 12000 2
0 1 12 5 12000 2
0 1 12 4 12000 2
0 1 13 14 12000 2
0 1 13 12 12000 2
0 1 12 1 12000 2
0 1 8 12 12000 2
0 1 8 3 12000 2
0 1 2 5 12000 2
0 1 3 3 12000 2
0 1 3 6 12000 2
0 1 4 3 12000 2
0 1 2 5 12000 2
0 1 4 0 12000 2
0 1 4 11 12000 2
0 1 5 12 12000 2
0 1 5 10 12000 2
0 1 6 8 12000 2
0 1 6 15 12000 2
0 1 6 7 12000 2
0 1 8 11 12000 2
0 1 8 10 12000 2
0 1 7 11 12000 2
0 1 7 5 12000 2
0 1 7 0 12000 2
0 1 7 6 12000 2
0 1 6 11 12000 2
0 1 6 7 12000 2
0 1 10 5 12500 2
0 1 10 5 12500 2
0 1 10 10 12500 2
0 1 10 7 12500 2
0 1 10 4 12500 2
0 1 10 0 12500 2
0 1 10 7 12500 2
0 1 11 14 12500 2
0 1 11 12 12500 2
0 1 11 3 12500 2
0 1 11 1 12500 2
0 1 11 12 12500 2
0 1 11 7 12500 2
0 1 11 0 12500 2
0 1 11 12 12500 2
0 1 11 5 12500 2
0 1 8 11 12500 2
0 1 11 2 12500 2
0 1 9 3 12500 2
0 1 11 7 12500 2
0 1 9 1 12500 2
0 1 9 9 12500 2
0 1 9 13 12500 2
0 1 9 12 12500 2
0 1 9 5 12500 2
0 1 9 2 12500 2
0 1 9 13 12500 2
0 1 10 13 12500 2
0 1 9 8 12500 2
0 1 9 3 12500 2
0 1 9 1 12500 2
0 1 10 6 12500 2
0 1 10 9 12500 2
0 1 10 12 12500 2
0 1 10 11 12500 2
0 1 10 13 12500 2
0 1 12 0 12500 2
0 1 12 11 12500 2
0 1 12 1 12500 2
0 1 12 6 12500 2
0 1 12 5 12500 2
0 1 12 5 12500 2
0 1 12 5 12500 2
0 1 12 2 12500 2
0 1 12 15 12500 2
0 1 12 10 12500 2
0 1 12 9 12500 2
0 1 12 8 12500 2
0 1 12 12 12500 2
0 1 13 12 12500 2
0 1 13 11 12500 2
0 1 13 12 12500 2
0 1 13 3 12500 2
0 1 13 15 12500 2
0 1 11 5 12500 2
0 1 11 12 12500 2
0 1 11 12 12500 2
0 1 11 4 12500 2
0 1 11 10 12500 2
0 1 11 7 12500 2
0 1 11 14 12500 2
0 1 11 2 12500 2
0 1 11 13 12500 2
0 1 11 11 12500 2
0 1 11 9 12500 2
0 1 11 8 12500 2
0 1 12 5 12500 2
0 1 12 4 12500 2
0 1 12 5 12500 2
0 1 12 10 12500 2
0 1 12 10 12500 2
0 1 5 10 12500 2
0 1 4 6 12500 2
0 1 4 15 12500 2
0 1 4 10 12500 2
0 1 4 14 12500 2
0 1 4 3 12500 2
0 1 4 3 12500 2
0 1 5 10 12500 2
0 1 5 15 12500 2
0 1 4 8 12500 2
0 1 5 6 12500 2
0 1 5 0 12500 2
0 1 5 2 12500 2
0 1 5 3 12500 2
0 1 5 2 12500 2
0 1 5 11 12500 2
0 1 5 10 12500 2
0 1 5 5 12500 2
0 1 3 11 12500 2
0 1 2 15 12500 2
0 1 2 0 12500 2
0 1 3 9 12500 2
0 1 3 2 12500 2
0 1 3 2 12500 2
0 1 3 0 12500 2
0 1 3 4 12500 2
0 1 3 11 12500 2
0 1 8 9 12500 2
0 1 3 11 12500 2
0 1 4 2 12500 2
0 1 4 1 12500 2
0 1 4 15 12500 2
0 1 4 14 12500 2
0 1 4 10 12500 2
0 1 4 13 12500 2
0 1 4 12 12500 2
0 1 8 13 12500 2
0 1 7 14 12500 2
0 1 7 4 12500 2
0 1 7 15 12500 2
0 1 7 4 12500 2
0 1 7 7 12500 2
0 1 7 1 12500 2
0 1 7 10 12500 2
0 1 7 4 12500 2
0 1 5 6 12500 2
0 1 8 2 12500 2
0 1 8 1 12500 2
0 1 8 7 12500 2
0 1 8 1 12500 2
0 1 8 6 12500 2
0 1 8 11 12500 2
0 1 8 8 12500 2
0 1 5 15 12500 2
0 1 7 0 12500 2
0 1 7 6 12500 2
0 1 5 7 12500 2
0 1 5 9 12500 2
0 1 6 9 12500 2
0 1 6 2 12500 2
0 1 6 5 12500 2
0 1 6 11 12500 2
0 1 6 13 12500 2
0 1 6 1 12500 2
0 1 8 1 12500 2
0 1 6 12 12500 2
0 1 6 9 12500 2
0 1 7 7 12500 2
0 1 7 9 12500 2
0 1 7 13 12500 2
0 1 6 6 12500 2
0 1 10 7 13000 2
0 1 10 6 13000 2
0 1 10 2 13000 2
0 1 10 4 13000 2
0 1 10 8 13000 2
0 1 10 4 13000 2
0 1 10 9 13000 2
0 1 10 4 13000 2
0 1 10 15 13000 2
0 1 10 2 13000 2
0 1 10 1 13000 2
0 1 10 10 13000 2
0 1 10 5 13000 2
0 1 11 1 13000 2
0 1 11 8 13000 2
0 1 11 13 13000 2
0 1 11 15 13000 2
0 1 11 15 13000 2
0 1 9 13 13000 2
0 1 8 9 13000 2
0 1 8 1 13000 2
0 1 8 1 13000 2
0 1 8 2 13000 2
0 1 8 3 13000 2
0 1 8 4 13000 2
0 1 8 14 13000 2
0 1 8 12 13000 2
0 1 9 11 13000 2
0 1 9 7 13000 2
0 1 9 5 13000 2
0 1 9 6 13000 2
0 1 9 13 13000 2
0 1 9 5 13000 2
0 1 9 9 13000 2
0 1 9 1 13000 2
0 1 9 15 13000 2
0 1 12 3 13000 2
0 1 12 3 13000 2
0 1 12 0 13000 2
0 1 12 12 13000 2
0 1 12 13 13000 2
0 1 12 10 13000 2
0 1 12 5 13000 2
0 1 12 5 13000 2
0 1 12 7 13000 2
0 1 12 6 13000 2
0 1 12 11 13000 2
0 1 12 5 13000 2
0 1 12 5 13000 2
0 1 12 7 13000 2
0 1 13 6 13000 2
0 1 13 9 13000 2
0 1 13 13 13000 2
0 1 13 5 13000 2
0 1 10 5 13000 2
0 1 11 15 13000 2
0 1 11 3 13000 2
0 1 11 14 13000 2
0 1 11 10 13000 2
0 1 11 9 13000 2
0 1 11 13 13000 2
0 1 11 1 13000 2
0 1 11 9 13000 2
0 1 11 10 13000 2
0 1 11 2 13000 2
0 1 11 8 13000 2
0 1 11 8 13000 2
0 1 11 12 13000 2
0 1 11 3 13000 2
0 1 11 1 13000 2
0 1 11 7 13000 2
0 1 11 9 13000 2
0 1 12 7 13000 2
0 1 5 14 13000 2
0 1 4 5 13000 2
0 1 4 1 13000 2
0 1 4 6 13000 2
0 1 4 2 13000 2
0 1 4 11 13000 2
0 1 4 8 13000 2
0 1 4 11 13000 2
0 1 5 5 13000 2
0 1 5 15 13000 2
0 1 4 14 13000 2
0 1 5 14 13000 2
0 1 5 11 13000 2
0 1 5 2 13000 2
0 1 5 2 13000 2
0 1 5 15 13000 2
0 1 5 13 13000 2
0 1 5 13 13000 2
0 1 5 9 13000 2
0 1 3 6 13000 2
0 1 8 11 13000 2
0 1 2 9 13000 2
0 1 3 12 13000 2
0 1 3 7 13000 2
0 1 3 10 13000 2
0 1 3 1 13000 2
0 1 3 12 13000 2
0 1 3 7 13000 2
0 1 8 7 13000 2
0 1 4 13 13000 2
0 1 4 5 13000 2
0 1 4 6 13000 2
0 1 4 14 13000 2
0 1 4 2 13000 2
0 1 4 7 13000 2
0 1 4 8 13000 2
0 1 4 11 13000 2
0 1 7 3 13000 2
0 1 6 9 13000 2
0 1 7 2 13000 2
0 1 7 14 13000 2
0 1 7 11 13000 2
0 1 7 5 13000 2
0 1 7 11 13000 2
0 1 7 4 13000 2
0 1 7 2 13000 2
0 1 7 0 13000 2
0 1 5 7 13000 2
0 1 7 11 13000 2
0 1 7 9 13000 2
0 1 7 4 13000 2
0 1 7 10 13000 2
0 1 7 6 13000 2
0 1 7 2 13000 2
0 1 8 10 13000 2
0 1 5 12 13000 2
0 1 6 9 13000 2
0 1 6 0 13000 2
0 1 5 2 13000 2
0 1 5 4 13000 2
0 1 5 13 13000 2
0 1 6 9 13000 2
0 1 6 15 13000 2
0 1 6 14 13000 2
0 1 6 12 13000 2
0 1 6 0 13000 2
0 1 2 3 13000 2
0 1 6 6 13000 2
0 1 6 3 13000 2
0 1 6 14 13000 2
0 1 6 0 13000 2
0 1 6 6 13000 2
0 1 6 3 13000 2
0 1 10 9 13500 2
0 1 10 0 13500 2
0 1 10 12 13500 2
0 1 10 4 13500 2
0 1 10 7 13500 2
0 1 10 4 13500 2
0 1 10 15 13500 2
0 1 10 8 13500 2
0 1 10 9 13500 2
0 1 10 8 13500 2
0 1 10 4 13500 2
0 1 10 8 13500 2
0 1 11 12 13500 2
0 1 11 1 13500 2
0 1 11 3 13500 2
0 1 11 2 13500 2
0 1 11 15 13500 2
0 1 11 9 13500 2
0 1 9 12 13500 2
0 1 8 15 13500 2
0 1 8 10 13500 2
0 1 8 4 13500 2
0 1 8 4 13500 2
0 1 8 9 13500 2
0 1 8 0 13500 2
0 1 8 1 13500 2
0 1 9 10 13500 2
0 1 9 13 13500 2
0 1 10 11 13500 2
0 1 9 2 13500 2
0 1 9 13 13500 2
0 1 9 4 13500 2
0 1 9 14 13500 2
0 1 9 4 13500 2
0 1 9 8 13500 2
0 1 9 15 13500 2
0 1 9 7 13500 2
0 1 12 8 13500 2
0 1 12 2 13500 2
0 1 12 13 13500 2
0 1 12 13 13500 2
0 1 12 13 13500 2
0 1 12 14 13500 2
0 1 12 4 13500 2
0 1 12 2 13500 2
0 1 12 4 13500 2
0 1 12 15 13500 2
0 1 12 0 13500 2
0 1 12 0 13500 2
0 1 12 11 13500 2
0 1 12 13 13500 2
0 1 12 2 13500 2
0 1 12 9 13500 2
0 1 13 12 13500 2
0 1 13 15 13500 2
0 1 13 9 13500 2
0 1 11 4 13500 2
0 1 11 3 13500 2
0 1 11 11 13500 2
0 1 11 8 13500 2
0 1 11 10 13500 2
0 1 11 11 13500 2
0 1 11 1 13500 2
0 1 11 11 13500 2
0 1 11 12 13500 2
0 1 11 4 13500 2
0 1 11 5 13500 2
0 1 11 10 13500 2
0 1 11 6 13500 2
0 1 11 15 13500 2
0 1 11 1 13500 2
0 1 11 3 13500 2
0 1 11 12 13500 2
0 1 11 10 13500 2
0 1 11 13 13500 2
0 1 5 3 13500 2
0 1 4 9 13500 2
0 1 4 12 13500 2
0 1 4 6 13500 2
0 1 4 11 13500 2
0 1 4 12 13500 2
0 1 4 7 13500 2
0 1 4 3 13500 2
0 1 4 1 13500 2
0 1 4 6 13500 2
0 1 4 6 13500 2
0 1 5 10 13500 2
0 1 5 3 13500 2
0 1 5 14 13500 2
0 1 5 14 13500 2
0 1 5 13 13500 2
0 1 5 11 13500 2
0 1 5 1 13500 2
0 1 5 15 13500 2
0 1 3 6 13500 2
0 1 2 4 13500 2
0 1 2 1 13500 2
0 1 3 8 13500 2
0 1 3 4 13500 2
0 1 3 11 13500 2
0 1 3 9 13500 2
0 1 3 1 13500 2
0 1 3 7 13500 2
0 1 8 7 13500 2
0 1 3 0 13500 2
0 1 4 7 13500 2
0 1 4 14 13500 2
0 1 4 13 13500 2
0 1 4 14 13500 2
0 1 4 14 13500 2
0 1 4 14 13500 2
0 1 4 1 13500 2
0 1 7 10 13500 2
0 1 7 4 13500 2
0 1 7 0 13500 2
0 1 7 10 13500 2
0 1 7 11 13500 2
0 1 7 10 13500 2
0 1 7 0 13500 2
0 1 7 11 13500 2
0 1 7 10 13500 2
0 1 7 7 13500 2
0 1 5 8 13500 2
0 1 7 1 13500 2
0 1 7 3 13500 2
0 1 7 2 13500 2
0 1 8 7 13500 2
0 1 8 13 13500 2
0 1 8 0 13500 2
0 1 8 5 13500 2
0 1 5 0 13500 2
0 1 7 5 13500 2
0 1 7 8 13500 2
0 1 5 12 13500 2
0 1 5 1 13500 2
0 1 5 8 13500 2
0 1 5 8 13500 2
0 1 6 2 13500 2
0 1 6 2 13500 2
0 1 6 14 13500 2
0 1 6 14 13500 2
0 1 6 4 13500 2
0 1 6 2 13500 2
0 1 6 12 13500 2
0 1 6 6 13500 2
0 1 6 8 13500 2
0 1 6 1 13500 2
0 1 6 3 13500 2
0 1 6 7 13500 2
0 1 10 1 14000 2
0 1 10 0 14000 2
0 1 10 2 14000 2
0 1 10 15 14000 2
0 1 10 4 14000 2
0 1 10 11 14000 2
0 1 10 10 14000 2
0 1 10 14 14000 2
0 1 10 8 14000 2
0 1 11 15 14000 2
0 1 11 6 14000 2
0 1 11 12 14000 2
0 1 11 12 14000 2
0 1 11 9 14000 2
0 1 11 5 14000 2
0 1 11 1 14000 2
0 1 11 1 14000 2
0 1 11 8 14000 2
0 1 9 15 14000 2
0 1 8 0 14000 2
0 1 8 8 14000 2
0 1 8 14 14000 2
0 1 9 1 14000 2
0 1 9 2 14000 2
0 1 9 3 14000 2
0 1 9 4 14000 2
0 1 9 13 14000 2
0 1 10 7 14000 2
0 1 9 4 14000 2
0 1 9 12 14000 2
0 1 9 0 14000 2
0 1 9 7 14000 2
0 1 9 10 14000 2
0 1 10 13 14000 2
0 1 10 13 14000 2
0 1 10 1 14000 2
0 1 12 0 14000 2
0 1 12 3 14000 2
0 1 12 6 14000 2
0 1 12 15 14000 2
0 1 12 3 14000 2
0 1 12 14 14000 2
0 1 12 12 14000 2
0 1 12 5 14000 2
0 1 12 5 14000 2
0 1 12 9 14000 2
0 1 12 12 14000 2
0 1 12 11 14000 2
0 1 12 15 14000 2
0 1 13 5 14000 2
0 1 13 6 14000 2
0 1 13 10 14000 2
0 1 13 5 14000 2
0 1 4 2 14000 2
0 1 11 11 14000 2
0 1 11 2 14000 2
0 1 11 12 14000 2
0 1 11 2 14000 2
0 1 11 8 14000 2
0 1 11 6 14000 2
0 1 11 15 14000 2
0 1 11 1 14000 2
0 1 11 13 14000 2
0 1 11 6 14000 2
0 1 11 13 14000 2
0 1 11 12 14000 2
0 1 11 12 14000 2
0 1 11 7 14000 2
0 1 12 9 14000 2
0 1 12 6 14000 2
0 1 12 14 14000 2
0 1 12 4 14000 2
0 1 5 8 14000 2
0 1 4 4 14000 2
0 1 4 7 14000 2
0 1 4 6 14000 2
0 1 4 3 14000 2
0 1 4 0 14000 2
0 1 4 0 14000 2
0 1 2 0 14000 2
0 1 5 4 14000 2
0 1 5 2 14000 2
0 1 4 1 14000 2
0 1 5 14 14000 2
0 1 5 11 14000 2
0 1 5 5 14000 2
0 1 5 7 14000 2
0 1 5 12 14000 2
0 1 5 15 14000 2
0 1 5 9 14000 2
0 1 5 2 14000 2
0 1 3 3 14000 2
0 1 8 0 14000 2
0 1 2 9 14000 2
0 1 2 11 14000 2
0 1 3 6 14000 2
0 1 3 14 14000 2
0 1 3 11 14000 2
0 1 3 7 14000 2
0 1 3 8 14000 2
0 1 8 10 14000 2
0 1 3 13 14000 2
0 1 4 1 14000 2
0 1 4 0 14000 2
0 1 4 12 14000 2
0 1 4 0 14000 2
0 1 4 7 14000 2
0 1 4 2 14000 2
0 1 4 11 14000 2
0 1 7 1 14000 2
0 1 7 0 14000 2
0 1 7 7 14000 2
0 1 7 14 14000 2
0 1 7 3 14000 2
0 1 7 12 14000 2
0 1 7 8 14000 2
0 1 7 2 14000 2
0 1 7 2 14000 2
0 1 5 8 14000 2
0 1 7 7 14000 2
0 1 7 5 14000 2
0 1 8 14 14000 2
0 1 8 11 14000 2
0 1 8 2 14000 2
0 1 8 8 14000 2
0 1 8 12 14000 2
0 1 5 12 14000 2
0 1 7 6 14000 2
0 1 7 12 14000 2
0 1 5 0 14000 2
0 1 5 4 14000 2
0 1 5 9 14000 2
0 1 6 13 14000 2
0 1 6 13 14000 2
0 1 6 3 14000 2
0 1 6 11 14000 2
0 1 6 12 14000 2
0 1 6 11 14000 2
0 1 6 13 14000 2
0 1 6 9 14000 2
0 1 6 8 14000 2
0 1 6 8 14000 2
0 1 6 15 14000 2
0 1 6 15 14000 2
0 1 10 6 14500 2
0 1 10 10 14500 2
0 1 10 9 14500 2
0 1 10 3 14500 2
0 1 10 12 14500 2
0 1 10 6 14500 2
0 1 10 2 14500 2
0 1 10 11 14500 2
0 1 10 6 14500 2
0 1 11 9 14500 2
0 1 11 11 14500 2
0 1 11 10 14500 2
0 1 11 15 14500 2
0 1 11 9 14500 2
0 1 11 6 14500 2
0 1 11 15 14500 2
0 1 11 7 14500 2
0 1 9 12 14500 2
0 1 8 4 14500 2
0 1 8 4 14500 2
0 1 8 15 14500 2
0 1 8 12 14500 2
0 1 9 6 14500 2
0 1 9 14 14500 2
0 1 9 12 14500 2
0 1 9 8 14500 2
0 1 10 7 14500 2
0 1 9 15 14500 2
0 1 9 8 14500 2
0 1 9 1 14500 2
0 1 9 6 14500 2
0 1 9 3 14500 2
0 1 10 11 14500 2
0 1 10 1 14500 2
0 1 10 7 14500 2
0 1 12 15 14500 2
0 1 12 3 14500 2
0 1 12 10 14500 2
0 1 12 9 14500 2
0 1 12 13 14500 2
0 1 12 13 14500 2
0 1 12 0 14500 2
0 1 12 6 14500 2
0 1 12 13 14500 2
0 1 12 3 14500 2
0 1 12 1 14500 2
0 1 12 11 14500 2
0 1 12 3 14500 2
0 1 12 13 14500 2
0 1 12 7 14500 2
0 1 13 1 14500 2
0 1 13 2 14500 2
0 1 8 5 14500 2
0 1 11 15 14500 2
0 1 11 5 14500 2
0 1 11 14 14500 2
0 1 11 15 14500 2
0 1 11 15 14500 2
0 1 11 6 14500 2
0 1 11 13 14500 2
0 1 11 11 14500 2
0 1 11 1 14500 2
0 1 11 11 14500 2
0 1 11 8 14500 2
0 1 11 8 14500 2
0 1 11 6 14500 2
0 1 11 13 14500 2
0 1 11 1 14500 2
0 1 12 6 14500 2
0 1 12 9 14500 2
0 1 5 1 14500 2
0 1 4 4 14500 2
0 1 4 12 14500 2
0 1 4 9 14500 2
0 1 4 0 14500 2
0 1 4 2 14500 2
0 1 4 6 14500 2
0 1 4 5 14500 2
0 1 5 15 14500 2
0 1 4 1 14500 2
0 1 5 0 14500 2
0 1 5 9 14500 2
0 1 5 15 14500 2
0 1 5 0 14500 2
0 1 5 13 14500 2
0 1 5 15 14500 2
0 1 5 6 14500 2
0 1 5 15 14500 2
0 1 3 13 14500 2
0 1 2 13 14500 2
0 1 8 10 14500 2
0 1 2 1 14500 2
0 1 3 3 14500 2
0 1 3 6 14500 2
0 1 3 7 14500 2
0 1 3 3 14500 2
0 1 3 7 14500 2
0 1 5 6 14500 2
0 1 4 4 14500 2
0 1 4 1 14500 2
0 1 4 6 14500 2
0 1 4 7 14500 2
0 1 4 4 14500 2
0 1 4 1 14500 2
0 1 4 2 14500 2
0 1 4 12 14500 2
0 1 7 8 14500 2
0 1 6 7 14500 2
0 1 6 15 14500 2
0 1 7 14 14500 2
0 1 7 13 14500 2
0 1 7 11 14500 2
0 1 7 7 14500 2
0 1 7 4 14500 2
0 1 7 14 14500 2
0 1 5 8 14500 2
0 1 7 6 14500 2
0 1 7 15 14500 2
0 1 7 6 14500 2
0 1 7 0 14500 2
0 1 7 9 14500 2
0 1 8 7 14500 2
0 1 8 9 14500 2
0 1 8 10 14500 2
0 1 6 14 14500 2
0 1 5 10 14500 2
0 1 5 4 14500 2
0 1 5 15 14500 2
0 1 5 4 14500 2
0 1 5 7 14500 2
0 1 6 13 14500 2
0 1 6 8 14500 2
0 1 6 12 14500 2
0 1 6 15 14500 2
0 1 6 10 14500 2
0 1 6 2 14500 2
0 1 6 12 14500 2
0 1 6 9 14500 2
0 1 6 2 14500 2
0 1 6 2 14500 2
0 1 6 1 14500 2
0 1 10 2 15000 2
0 1 10 9 15000 2
0 1 10 0 15000 2
0 1 10 15 15000 2
0 1 10 1 15000 2
0 1 10 2 15000 2
0 1 10 2 15000 2
0 1 10 11 15000 2
0 1 10 6 15000 2
0 1 11 6 15000 2
0 1 11 0 15000 2
0 1 11 10 15000 2
0 1 11 3 15000 2
0 1 11 11 15000 2
0 1 11 13 15000 2
0 1 11 8 15000 2
0 1 11 2 15000 2
0 1 11 15 15000 2
0 1 13 9 15000 2
0 1 9 11 15000 2
0 1 8 0 15000 2
0 1 8 11 15000 2
0 1 8 10 15000 2
0 1 9 15 15000 2
0 1 9 10 15000 2
0 1 9 14 15000 2
0 1 9 2 15000 2
0 1 9 3 15000 2
0 1 10 8 15000 2
0 1 9 11 15000 2
0 1 9 5 15000 2
0 1 9 6 15000 2
0 1 9 5 15000 2
0 1 9 1 15000 2
0 1 10 14 15000 2
0 1 10 14 15000 2
0 1 10 15 15000 2
0 1 12 10 15000 2
0 1 12 1 15000 2
0 1 12 12 15000 2
0 1 12 12 15000 2
0 1 12 15 15000 2
0 1 12 3 15000 2
0 1 12 13 15000 2
0 1 12 5 15000 2
0 1 12 5 15000 2
0 1 12 10 15000 2
0 1 12 8 15000 2
0 1 12 3 15000 2
0 1 12 3 15000 2
0 1 12 11 15000 2
0 1 13 15 15000 2
0 1 13 4 15000 2
0 1 13 5 15000 2
0 1 3 9 15000 2
0 1 11 3 15000 2
0 1 11 2 15000 2
0 1 11 2 15000 2
0 1 11 11 15000 2
0 1 11 3 15000 2
0 1 11 9 15000 2
0 1 11 10 15000 2
0 1 11 2 15000 2
0 1 11 5 15000 2
0 1 11 12 15000 2
0 1 11 0 15000 2
0 1 11 15 15000 2
0 1 11 0 15000 2
0 1 11 13 15000 2
0 1 11 6 15000 2
0 1 12 4 15000 2
0 1 12 8 15000 2
0 1 12 14 15000 2
0 1 5 11 15000 2
0 1 4 11 15000 2
0 1 4 7 15000 2
0 1 4 10 15000 2
0 1 4 8 15000 2
0 1 4 15 15000 2
0 1 4 4 15000 2
0 1 4 11 15000 2
0 1 4 2 15000 2
0 1 4 0 15000 2
0 1 4 7 15000 2
0 1 5 3 15000 2
0 1 5 0 15000 2
0 1 5 10 15000 2
0 1 5 10 15000 2
0 1 5 11 15000 2
0 1 5 6 15000 2
0 1 5 12 15000 2
0 1 5 0 15000 2
0 1 3 5 15000 2
0 1 8 4 15000 2
0 1 2 10 15000 2
0 1 2 3 15000 2
0 1 2 3 15000 2
0 1 2 12 15000 2
0 1 3 4 15000 2
0 1 3 2 15000 2
0 1 3 8 15000 2
0 1 8 14 15000 2
0 1 3 10 15000 2
0 1 3 3 15000 2
0 1 4 15 15000 2
0 1 4 2 15000 2
0 1 4 13 15000 2
0 1 4 10 15000 2
0 1 4 10 15000 2
0 1 4 13 15000 2
0 1 7 3 15000 2
0 1 7 0 15000 2
0 1 7 5 15000 2
0 1 7 8 15000 2
0 1 7 2 15000 2
0 1 7 10 15000 2
0 1 7 6 15000 2
0 1 7 0 15000 2
0 1 7 9 15000 2
0 1 7 0 15000 2
0 1 5 5 15000 2
0 1 8 2 15000 2
0 1 8 1 15000 2
0 1 8 7 15000 2
0 1 8 13 15000 2
0 1 8 4 15000 2
0 1 8 4 15000 2
0 1 8 13 15000 2
0 1 5 2 15000 2
0 1 7 11 15000 2
0 1 7 14 15000 2
0 1 5 15 15000 2
0 1 5 11 15000 2
0 1 5 9 15000 2
0 1 5 15 15000 2
0 1 6 14 15000 2
0 1 6 2 15000 2
0 1 6 8 15000 2
0 1 6 3 15000 2
0 1 6 3 15000 2
0 1 6 5 15000 2
0 1 6 15 15000 2
0 1 6 3 15000 2
0 1 6 10 15000 2
0 1 6 4 15000 2
0 1 6 15 15000 2
0 1 10 10 15500 2
0 1 10 0 15500 2
0 1 10 4 15500 2
0 1 10 11 15500 2
0 1 10 1 15500 2
0 1 10 13 15500 2
0 1 10 4 15500 2
0 1 10 6 15500 2
0 1 10 2 15500 2
0 1 10 5 15500 2
0 1 10 10 15500 2
0 1 10 5 15500 2
0 1 10 3 15500 2
0 1 11 1 15500 2
0 1 11 2 15500 2
0 1 11 8 15500 2
0 1 11 3 15500 2
0 1 11 2 15500 2
0 1 11 5 15500 2
0 1 9 9 15500 2
0 1 8 11 15500 2
0 1 8 14 15500 2
0 1 8 10 15500 2
0 1 8 2 15500 2
0 1 8 4 15500 2
0 1 8 9 15500 2
0 1 8 7 15500 2
0 1 8 14 15500 2
0 1 8 3 15500 2
0 1 9 15 15500 2
0 1 9 11 15500 2
0 1 9 8 15500 2
0 1 9 3 15500 2
0 1 9 2 15500 2
0 1 9 9 15500 2
0 1 9 10 15500 2
0 1 9 11 15500 2
0 1 9 13 15500 2
0 1 12 3 15500 2
0 1 12 3 15500 2
0 1 12 6 15500 2
0 1 12 5 15500 2
0 1 12 15 15500 2
0 1 12 6 15500 2
0 1 12 1 15500 2
0 1 12 2 15500 2
0 1 12 8 15500 2
0 1 12 0 15500 2
0 1 12 8 15500 2
0 1 12 9 15500 2
0 1 12 13 15500 2
0 1 12 1 15500 2
0 1 12 6 15500 2
0 1 12 6 15500 2
0 1 13 14 15500 2
0 1 13 13 15500 2
0 1 13 14 15500 2
0 1 11 15 15500 2
0 1 11 13 15500 2
0 1 11 5 15500 2
0 1 11 8 15500 2
0 1 11 2 15500 2
0 1 11 7 15500 2
0 1 11 10 15500 2
0 1 11 0 15500 2
0 1 11 13 15500 2
0 1 11 14 15500 2
0 1 11 13 15500 2
0 1 11 3 15500 2
0 1 11 13 15500 2
0 1 11 2 15500 2
0 1 11 13 15500 2
0 1 4 11 15500 2
0 1 11 1 15500 2
0 1 12 5 15500 2
0 1 12 15 15500 2
0 1 5 11 15500 2
0 1 4 4 15500 2
0 1 4 9 15500 2
0 1 4 0 15500 2
0 1 4 4 15500 2
0 1 4 7 15500 2
0 1 4 2 15500 2
0 1 4 2 15500 2
0 1 4 9 15500 2
0 1 4 13 15500 2
0 1 4 5 15500 2
0 1 5 2 15500 2
0 1 5 10 15500 2
0 1 5 4 15500 2
0 1 5 9 15500 2
0 1 5 9 15500 2
0 1 5 14 15500 2
0 1 5 13 15500 2
0 1 5 1 15500 2
0 1 3 10 15500 2
0 1 8 7 15500 2
0 1 2 11 15500 2
0 1 2 13 15500 2
0 1 2 2 15500 2
0 1 3 0 15500 2
0 1 3 3 15500 2
0 1 3 0 15500 2
0 1 3 2 15500 2
0 1 3 12 15500 2
0 1 7 6 15500 2
0 1 3 10 15500 2
0 1 3 6 15500 2
0 1 4 4 15500 2
0 1 4 12 15500 2
0 1 4 13 15500 2
0 1 4 3 15500 2
0 1 4 13 15500 2
0 1 4 9 15500 2
0 1 7 11 15500 2
0 1 6 6 15500 2
0 1 6 2 15500 2
0 1 7 11 15500 2
0 1 7 0 15500 2
0 1 7 2 15500 2
0 1 7 11 15500 2
0 1 7 5 15500 2
0 1 7 11 15500 2
0 1 7 4 15500 2
0 1 5 15 15500 2
0 1 7 10 15500 2
0 1 7 11 15500 2
0 1 7 11 15500 2
0 1 7 13 15500 2
0 1 7 6 15500 2
0 1 7 7 15500 2
0 1 7 1 15500 2
0 1 5 0 15500 2
0 1 6 13 15500 2
0 1 6 8 15500 2
0 1 5 5 15500 2
0 1 5 1 15500 2
0 1 5 3 15500 2
0 1 5 7 15500 2
0 1 5 14 15500 2
0 1 5 14 15500 2
0 1 6 9 15500 2
0 1 6 3 15500 2
0 1 6 13 15500 2
0 1 6 11 15500 2
0 1 6 0 15500 2
0 1 6 9 15500 2
0 1 6 13 15500 2
0 1 6 8 15500 2
0 1 6 9 15500 2
0 1 6 6 15500 2
0 1 10 1 16000 2
0 1 10 11 16000 2
0 1 10 14 16000 2
0 1 10 1 16000 2
0 1 10 9 16000 2
0 1 10 6 16000 2
0 1 10 10 16000 2
0 1 10 9 16000 2
0 1 10 4 16000 2
0 1 10 9 16000 2
0 1 11 0 16000 2
0 1 11 7 16000 2
0 1 11 15 16000 2
0 1 11 14 16000 2
0 1 11 0 16000 2
0 1 11 0 16000 2
0 1 11 13 16000 2
0 1 11 4 16000 2
0 1 9 1 16000 2
0 1 8 4 16000 2
0 1 8 6 16000 2
0 1 8 11 16000 2
0 1 8 0 16000 2
0 1 8 4 16000 2
0 1 9 7 16000 2
0 1 9 9 16000 2
0 1 9 2 16000 2
0 1 10 2 16000 2
0 1 9 14 16000 2
0 1 9 1 16000 2
0 1 9 1 16000 2
0 1 9 3 16000 2
0 1 9 5 16000 2
0 1 9 3 16000 2
0 1 9 13 16000 2
0 1 10 2 16000 2
0 1 12 13 16000 2
0 1 12 7 16000 2
0 1 12 10 16000 2
0 1 12 4 16000 2
0 1 12 10 16000 2
0 1 12 14 16000 2
0 1 12 14 16000 2
0 1 12 15 16000 2
0 1 12 0 16000 2
0 1 12 1 16000 2
0 1 12 6 16000 2
0 1 12 3 16000 2
0 1 12 5 16000 2
0 1 12 7 16000 2
0 1 13 10 16000 2
0 1 13 0 16000 2
0 1 13 10 16000 2
0 1 13 1 16000 2
0 1 12 14 16000 2
0 1 11 11 16000 2
0 1 11 9 16000 2
0 1 11 6 16000 2
0 1 11 4 16000 2
0 1 11 12 16000 2
0 1 11 4 16000 2
0 1 11 12 16000 2
0 1 11 3 16000 2
0 1 11 14 16000 2
0 1 11 11 16000 2
0 1 11 8 16000 2
0 1 11 1 16000 2
0 1 11 3 16000 2
0 1 11 10 16000 2
0 1 11 8 16000 2
0 1 12 1 16000 2
0 1 12 1 16000 2
0 1 12 10 16000 2
0 1 5 2 16000 2
0 1 4 9 16000 2
0 1 4 11 16000 2
0 1 4 11 16000 2
0 1 4 14 16000 2
0 1 4 2 16000 2
0 1 4 15 16000 2
0 1 4 8 16000 2
0 1 4 4 16000 2
0 1 4 13 16000 2
0 1 4 1 16000 2
0 1 5 0 16000 2
0 1 5 11 16000 2
0 1 5 11 16000 2
0 1 5 1 16000 2
0 1 5 14 16000 2
0 1 5 13 16000 2
0 1 5 11 16000 2
0 1 5 6 16000 2
0 1 3 10 16000 2
0 1 8 4 16000 2
0 1 2 1 16000 2
0 1 3 0 16000 2
0 1 3 9 16000 2
0 1 3 11 16000 2
0 1 3 5 16000 2
0 1 3 2 16000 2
0 1 3 11 16000 2
0 1 8 9 16000 2
0 1 3 14 16000 2
0 1 4 13 16000 2
0 1 4 12 16000 2
0 1 4 0 16000 2
0 1 4 4 16000 2
0 1 4 10 16000 2
0 1 4 6 16000 2
0 1 2 14 16000 2
0 1 7 7 16000 2
0 1 7 5 16000 2
0 1 7 1 16000 2
0 1 7 12 16000 2
0 1 7 4 16000 2
0 1 7 3 16000 2
0 1 7 10 16000 2
0 1 7 8 16000 2
0 1 7 0 16000 2
0 1 7 14 16000 2
0 1 5 2 16000 2
0 1 7 4 16000 2
0 1 7 1 16000 2
0 1 7 11 16000 2
0 1 8 11 16000 2
0 1 8 11 16000 2
0 1 8 10 16000 2
0 1 8 13 16000 2
0 1 5 15 16000 2
0 1 6 8 16000 2
0 1 7 12 16000 2
0 1 5 12 16000 2
0 1 5 13 16000 2
0 1 5 9 16000 2
0 1 5 6 16000 2
0 1 6 6 16000 2
0 1 6 0 16000 2
0 1 6 0 16000 2
0 1 6 0 16000 2
0 1 6 10 16000 2
0 1 6 10 16000 2
0 1 6 13 16000 2
0 1 6 4 16000 2
0 1 6 12 16000 2
0 1 6 4 16000 2
0 1 6 6 16000 2
0 1 9 2 16500 2
0 1 9 13 16500 2
0 1 9 12 16500 2
0 1 9 13 16500 2
0 1 9 9 16500 2
0 1 10 10 16500 2
0 1 10 12 16500 2
0 1 10 9 16500 2
0 1 10 13 16500 2
0 1 9 4 16500 2
0 1 9 10 16500 2
0 1 9 3 16500 2
0 1 9 11 16500 2
0 1 9 4 16500 2
0 1 9 12 16500 2
0 1 9 12 16500 2
0 1 9 13 16500 2
0 1 9 1 16500 2
0 1 8 2 16500 2
0 1 11 5 16500 2
0 1 14 10 16500 2
0 1 13 10 16500 2
0 1 13 5 16500 2
0 1 13 4 16500 2
0 1 12 14 16500 2
0 1 12 9 16500 2
0 1 12 2 16500 2
0 1 12 3 16500 2
0 1 12 0 16500 2
0 1 10 12 16500 2
0 1 11 3 16500 2
0 1 11 0 16500 2
0 1 11 13 16500 2
0 1 11 2 16500 2
0 1 11 8 16500 2
0 1 11 15 16500 2
0 1 10 9 16500 2
0 1 10 8 16500 2
0 1 4 0 16500 2
0 1 6 4 16500 2
0 1 6 9 16500 2
0 1 5 4 16500 2
0 1 5 2 16500 2
0 1 5 7 16500 2
0 1 5 13 16500 2
0 1 5 3 16500 2
0 1 4 6 16500 2
0 1 4 11 16500 2
0 1 8 14 16500 2
0 1 4 3 16500 2
0 1 4 13 16500 2
0 1 4 8 16500 2
0 1 4 2 16500 2
0 1 3 9 16500 2
0 1 3 5 16500 2
0 1 3 3 16500 2
0 1 3 5 16500 2
0 1 8 9 16500 2
0 1 6 10 16500 2
0 1 6 14 16500 2
0 1 8 6 16500 2
0 1 8 9 16500 2
0 1 8 5 16500 2
0 1 8 11 16500 2
0 1 7 15 16500 2
0 1 7 15 16500 2
0 1 7 2 16500 2
0 1 7 6 16500 2
0 1 7 10 16500 2
0 1 7 3 16500 2
0 1 6 1 16500 2
0 1 6 5 16500 2
0 1 6 5 16500 2
0 1 7 3 16500 2
0 1 7 1 16500 2
0 1 7 2 16500 2
0 1 10 15 17000 2
0 1 9 12 17000 2
0 1 9 6 17000 2
0 1 9 12 17000 2
0 1 9 0 17000 2
0 1 9 12 17000 2
0 1 9 7 17000 2
0 1 9 8 17000 2
0 1 9 13 17000 2
0 1 9 3 17000 2
0 1 9 15 17000 2
0 1 9 3 17000 2
0 1 9 3 17000 2
0 1 9 5 17000 2
0 1 9 3 17000 2
0 1 8 0 17000 2
0 1 8 2 17000 2
0 1 8 5 17000 2
0 1 8 5 17000 2
0 1 11 15 17000 2
0 1 14 6 17000 2
0 1 13 3 17000 2
0 1 13 3 17000 2
0 1 13 15 17000 2
0 1 12 0 17000 2
0 1 12 10 17000 2
0 1 12 9 17000 2
0 1 12 13 17000 2
0 1 12 7 17000 2
0 1 10 12 17000 2
0 1 11 7 17000 2
0 1 11 13 17000 2
0 1 11 15 17000 2
0 1 10 2 17000 2
0 1 10 0 17000 2
0 1 10 12 17000 2
0 1 10 15 17000 2
0 1 10 1 17000 2
0 1 4 9 17000 2
0 1 6 11 17000 2
0 1 6 8 17000 2
0 1 6 8 17000 2
0 1 5 3 17000 2
0 1 5 11 17000 2
0 1 5 13 17000 2
0 1 5 2 17000 2
0 1 5 15 17000 2
0 1 5 0 17000 2
0 1 8 4 17000 2
0 1 4 1 17000 2
0 1 4 5 17000 2
0 1 4 14 17000 2
0 1 4 9 17000 2
0 1 3 13 17000 2
0 1 3 15 17000 2
0 1 3 10 17000 2
0 1 8 4 17000 2
0 1 6 10 17000 2
0 1 6 7 17000 2
0 1 8 14 17000 2
0 1 8 12 17000 2
0 1 8 2 17000 2
0 1 7 7 17000 2
0 1 7 14 17000 2
0 1 7 6 17000 2
0 1 7 9 17000 2
0 1 7 13 17000 2
0 1 7 8 17000 2
0 1 7 5 17000 2
0 1 7 5 17000 2
0 1 7 5 17000 2
0 1 6 10 17000 2
0 1 6 1 17000 2
0 1 6 6 17000 2
0 1 7 11 17000 2
0 1 9 9 17500 2
0 1 9 12 17500 2
0 1 9 6 17500 2
0 1 9 6 17500 2
0 1 9 14 17500 2
0 1 9 6 17500 2
0 1 9 3 17500 2
0 1 9 5 17500 2
0 1 9 0 17500 2
0 1 9 5 17500 2
0 1 9 4 17500 2
0 1 9 4 17500 2
0 1 9 5 17500 2
0 1 8 13 17500 2
0 1 8 10 17500 2
0 1 8 9 17500 2
0 1 8 9 17500 2
0 1 8 7 17500 2
0 1 8 1 17500 2
0 1 11 13 17500 2
0 1 13 11 17500 2
0 1 13 5 17500 2
0 1 12 4 17500 2
0 1 12 11 17500 2
0 1 12 13 17500 2
0 1 12 9 17500 2
0 1 11 8 17500 2
0 1 11 3 17500 2
0 1 11 2 17500 2
0 1 10 5 17500 2
0 1 11 3 17500 2
0 1 11 12 17500 2
0 1 10 12 17500 2
0 1 10 5 17500 2
0 1 10 4 17500 2
0 1 10 14 17500 2
0 1 10 13 17500 2
0 1 10 13 17500 2
0 1 4 7 17500 2
0 1 5 13 17500 2
0 1 5 2 17500 2
0 1 5 7 17500 2
0 1 5 15 17500 2
0 1 5 8 17500 2
0 1 5 3 17500 2
0 1 4 4 17500 2
0 1 4 5 17500 2
0 1 4 11 17500 2
0 1 8 14 17500 2
0 1 4 10 17500 2
0 1 4 1 17500 2
0 1 4 8 17500 2
0 1 3 11 17500 2
0 1 3 3 17500 2
0 1 3 15 17500 2
0 1 3 5 17500 2
0 1 3 3 17500 2
0 1 8 2 17500 2
0 1 6 6 17500 2
0 1 6 5 17500 2
0 1 7 10 17500 2
0 1 7 15 17500 2
0 1 7 5 17500 2
0 1 7 9 17500 2
0 1 7 1 17500 2
0 1 7 6 17500 2
0 1 7 5 17500 2
0 1 7 6 17500 2
0 1 7 10 17500 2
0 1 7 12 17500 2
0 1 6 13 17500 2
0 1 6 2 17500 2
0 1 6 2 17500 2
0 1 6 3 17500 2
0 1 6 6 17500 2
0 1 6 13 17500 2
0 1 10 5 18000 2
0 1 9 8 18000 2
0 1 9 9 18000 2
0 1 9 9 18000 2
0 1 9 1 18000 2
0 1 9 9 18000 2
0 1 9 7 18000 2
0 1 9 0 18000 2
0 1 9 15 18000 2
0 1 9 2 18000 2
0 1 9 8 18000 2
0 1 9 8 18000 2
0 1 9 10 18000 2
0 1 9 1 18000 2
0 1 9 3 18000 2
0 1 8 5 18000 2
0 1 8 4 18000 2
0 1 8 13 18000 2
0 1 8 1 18000 2
0 1 11 0 18000 2
0 1 13 7 18000 2
0 1 14 14 18000 2
0 1 13 7 18000 2
0 1 12 10 18000 2
0 1 12 4 18000 2
0 1 12 10 18000 2
0 1 12 14 18000 2
0 1 11 5 18000 2
0 1 11 12 18000 2
0 1 10 14 18000 2
0 1 11 8 18000 2
0 1 11 6 18000 2
0 1 11 3 18000 2
0 1 10 10 18000 2
0 1 10 3 18000 2
0 1 10 6 18000 2
0 1 10 6 18000 2
0 1 10 11 18000 2
0 1 10 3 18000 2
0 1 4 5 18000 2
0 1 5 11 18000 2
0 1 5 12 18000 2
0 1 5 12 18000 2
0 1 5 5 18000 2
0 1 5 4 18000 2
0 1 5 0 18000 2
0 1 5 9 18000 2
0 1 4 6 18000 2
0 1 4 11 18000 2
0 1 8 11 18000 2
0 1 4 10 18000 2
0 1 4 14 18000 2
0 1 4 1 18000 2
0 1 3 7 18000 2
0 1 3 13 18000 2
0 1 3 5 18000 2
0 1 3 6 18000 2
0 1 3 6 18000 2
0 1 8 1 18000 2
0 1 6 6 18000 2
0 1 6 7 18000 2
0 1 8 2 18000 2
0 1 8 15 18000 2
0 1 7 10 18000 2
0 1 7 13 18000 2
0 1 7 4 18000 2
0 1 7 7 18000 2
0 1 7 6 18000 2
0 1 7 7 18000 2
0 1 7 6 18000 2
0 1 7 13 18000 2
0 1 6 8 18000 2
0 1 6 5 18000 2
0 1 6 8 18000 2
0 1 6 11 18000 2
0 1 6 15 18000 2
0 1 6 5 18000 2
0 1 6 1 18000 2
0 1 10 0 18500 2
0 1 10 5 18500 2
0 1 10 11 18500 2
0 1 10 1 18500 2
0 1 10 0 18500 2
0 1 9 10 18500 2
0 1 9 0 18500 2
0 1 9 9 18500 2
0 1 9 15 18500 2
0 1 9 12 18500 2
0 1 9 4 18500 2
0 1 9 2 18500 2
0 1 9 12 18500 2
0 1 9 4 18500 2
0 1 9 5 18500 2
0 1 9 1 18500 2
0 1 9 5 18500 2
0 1 9 1 18500 2
0 1 9 12 18500 2
0 1 11 2 18500 2
0 1 14 3 18500 2
0 1 13 12 18500 2
0 1 13 1 18500 2
0 1 13 4 18500 2
0 1 12 2 18500 2
0 1 12 10 18500 2
0 1 12 7 18500 2
0 1 12 0 18500 2
0 1 12 14 18500 2
0 1 10 6 18500 2
0 1 11 6 18500 2
0 1 11 15 18500 2
0 1 11 10 18500 2
0 1 11 10 18500 2
0 1 11 1 18500 2
0 1 11 15 18500 2
0 1 10 9 18500 2
0 1 10 5 18500 2
0 1 4 8 18500 2
0 1 6 0 18500 2
0 1 6 8 18500 2
0 1 6 14 18500 2
0 1 5 14 18500 2
0 1 5 12 18500 2
0 1 5 15 18500 2
0 1 5 3 18500 2
0 1 5 13 18500 2
0 1 4 13 18500 2
0 1 9 10 18500 2
0 1 4 4 18500 2
0 1 4 6 18500 2
0 1 4 13 18500 2
0 1 4 0 18500 2
0 1 3 12 18500 2
0 1 3 12 18500 2
0 1 3 7 18500 2
0 1 9 11 18500 2
0 1 6 8 18500 2
0 1 6 1 18500 2
0 1 8 10 18500 2
0 1 8 5 18500 2
0 1 8 7 18500 2
0 1 8 2 18500 2
0 1 8 10 18500 2
0 1 8 3 18500 2
0 1 7 15 18500 2
0 1 7 8 18500 2
0 1 7 5 18500 2
0 1 7 1 18500 2
0 1 7 4 18500 2
0 1 7 13 18500 2
0 1 7 2 18500 2
0 1 7 11 18500 2
0 1 6 1 18500 2
0 1 7 14 18500 2
0 1 9 11 19000 2
0 1 9 14 19000 2
0 1 9 10 19000 2
0 1 9 14 19000 2
0 1 9 14 19000 2
0 1 9 6 19000 2
0 1 10 4 19000 2
0 1 10 14 19000 2
0 1 10 12 19000 2
0 1 9 13 19000 2
0 1 9 14 19000 2
0 1 9 15 19000 2
0 1 9 2 19000 2
0 1 9 3 19000 2
0 1 8 9 19000 2
0 1 9 9 19000 2
0 1 9 12 19000 2
0 1 9 5 19000 2
0 1 12 5 19000 2
0 1 14 13 19000 2
0 1 14 4 19000 2
0 1 13 13 19000 2
0 1 13 2 19000 2
0 1 13 3 19000 2
0 1 12 8 19000 2
0 1 12 15 19000 2
0 1 12 6 19000 2
0 1 12 5 19000 2
0 1 10 7 19000 2
0 1 11 3 19000 2
0 1 11 0 19000 2
0 1 11 1 19000 2
0 1 11 1 19000 2
0 1 11 0 19000 2
0 1 10 12 19000 2
0 1 10 1 19000 2
0 1 10 14 19000 2
0 1 4 12 19000 2
0 1 6 9 19000 2
0 1 6 2 19000 2
0 1 6 11 19000 2
0 1 6 9 19000 2
0 1 6 11 19000 2
0 1 5 3 19000 2
0 1 5 14 19000 2
0 1 5 0 19000 2
0 1 5 14 19000 2
0 1 8 3 19000 2
0 1 4 4 19000 2
0 1 4 10 19000 2
0 1 4 13 19000 2
0 1 4 0 19000 2
0 1 4 0 19000 2
0 1 3 7 19000 2
0 1 3 7 19000 2
0 1 9 6 19000 2
0 1 6 11 19000 2
0 1 6 15 19000 2
0 1 8 7 19000 2
0 1 8 5 19000 2
0 1 8 7 19000 2
0 1 8 9 19000 2
0 1 8 15 19000 2
0 1 8 8 19000 2
0 1 7 6 19000 2
0 1 7 2 19000 2
0 1 7 8 19000 2
0 1 7 6 19000 2
0 1 7 13 19000 2
0 1 7 5 19000 2
0 1 6 2 19000 2
0 1 6 12 19000 2
0 1 7 12 19000 2
0 1 9 12 19500 2
0 1 9 5 19500 2
0 1 9 0 19500 2
0 1 9 8 19500 2
0 1 10 15 19500 2
0 1 10 10 19500 2
0 1 10 3 19500 2
0 1 10 0 19500 2
0 1 10 1 19500 2
0 1 10 13 19500 2
0 1 9 9 19500 2
0 1 8 14 19500 2
0 1 9 11 19500 2
0 1 9 3 19500 2
0 1 9 2 19500 2
0 1 9 1 19500 2
0 1 9 5 19500 2
0 1 9 0 19500 2
0 1 9 1 19500 2
0 1 9 7 19500 2
0 1 11 1 19500 2
0 1 11 8 19500 2
0 1 14 6 19500 2
0 1 13 13 19500 2
0 1 13 8 19500 2
0 1 13 6 19500 2
0 1 12 0 19500 2
0 1 12 14 19500 2
0 1 12 14 19500 2
0 1 12 4 19500 2
0 1 12 2 19500 2
0 1 11 12 19500 2
0 1 10 4 19500 2
0 1 11 8 19500 2
0 1 11 3 19500 2
0 1 11 14 19500 2
0 1 11 8 19500 2
0 1 10 15 19500 2
0 1 10 6 19500 2
0 1 10 14 19500 2
0 1 10 5 19500 2
0 1 10 0 19500 2
0 1 4 4 19500 2
0 1 6 7 19500 2
0 1 6 0 19500 2
0 1 5 13 19500 2
0 1 5 9 19500 2
0 1 5 13 19500 2
0 1 5 7 19500 2
0 1 5 9 19500 2
0 1 4 2 19500 2
0 1 4 7 19500 2
0 1 4 5 19500 2
0 1 8 1 19500 2
0 1 4 2 19500 2
0 1 4 8 19500 2
0 1 3 0 19500 2
0 1 3 8 19500 2
0 1 3 3 19500 2
0 1 3 14 19500 2
0 1 3 10 19500 2
0 1 3 9 19500 2
0 1 3 1 19500 2
0 1 8 1 19500 2
0 1 6 3 19500 2
0 1 6 13 19500 2
0 1 8 11 19500 2
0 1 8 9 19500 2
0 1 8 0 19500 2
0 1 8 7 19500 2
0 1 8 0 19500 2
0 1 7 7 19500 2
0 1 7 13 19500 2
0 1 7 2 19500 2
0 1 7 4 19500 2
0 1 7 15 19500 2
0 1 7 15 19500 2
0 1 6 3 19500 2
0 1 6 10 19500 2
0 1 6 0 19500 2
0 1 6 15 19500 2
0 1 7 15 19500 2
0 1 7 15 19500 2
0 1 7 12 19500 2
0 1 10 7 20000 2
0 1 9 10 20000 2
0 1 9 8 20000 2
0 1 9 10 20000 2
0 1 9 0 20000 2
0 1 9 3 20000 2
0 1 9 12 20000 2
0 1 9 3 20000 2
0 1 9 4 20000 2
0 1 9 10 20000 2
0 1 7 15 20000 2
0 1 9 13 20000 2
0 1 9 11 20000 2
0 1 9 6 20000 2
0 1 9 1 20000 2
0 1 9 10 20000 2
0 1 9 15 20000 2
0 1 8 11 20000 2
0 1 8 11 20000 2
0 1 11 11 20000 2
0 1 13 12 20000 2
0 1 12 9 20000 2
0 1 12 7 20000 2
0 1 12 4 20000 2
0 1 12 13 20000 2
0 1 12 13 20000 2
0 1 11 9 20000 2
0 1 11 10 20000 2
0 1 11 10 20000 2
0 1 10 10 20000 2
0 1 11 4 20000 2
0 1 11 9 20000 2
0 1 10 4 20000 2
0 1 10 9 20000 2
0 1 10 11 20000 2
0 1 10 2 20000 2
0 1 10 7 20000 2
0 1 10 5 20000 2
0 1 4 14 20000 2
0 1 6 11 20000 2
0 1 6 9 20000 2
0 1 5 5 20000 2
0 1 5 8 20000 2
0 1 5 5 20000 2
0 1 5 11 20000 2
0 1 5 15 20000 2
0 1 5 13 20000 2
0 1 4 7 20000 2
0 1 8 11 20000 2
0 1 4 5 20000 2
0 1 4 4 20000 2
0 1 4 5 20000 2
0 1 4 11 20000 2
0 1 3 6 20000 2
0 1 3 15 20000 2
0 1 3 5 20000 2
0 1 3 9 20000 2
0 1 6 12 20000 2
0 1 6 15 20000 2
0 1 8 12 20000 2
0 1 8 11 20000 2
0 1 8 12 20000 2
0 1 8 13 20000 2
0 1 8 4 20000 2
0 1 8 6 20000 2
0 1 7 0 20000 2
0 1 7 15 20000 2
0 1 7 11 20000 2
0 1 7 6 20000 2
0 1 7 2 20000 2
0 1 7 5 20000 2
0 1 7 13 20000 2
0 1 6 13 20000 2
0 1 6 6 20000 2
0 1 7 3 20000 2
0 1 11 2 20500 2
0 1 11 4 20500 2
0 1 11 6 20500 2
0 1 10 3 20500 2
0 1 10 11 20500 2
0 1 10 8 20500 2
0 1 10 2 20500 2
0 1 9 0 20500 2
0 1 9 5 20500 2
0 1 9 8 20500 2
0 1 8 10 20500 2
0 1 8 11 20500 2
0 1 8 7 20500 2
0 1 11 14 20500 2
0 1 11 15 20500 2
0 1 11 15 20500 2
0 1 12 14 20500 2
0 1 12 6 20500 2
0 1 12 11 20500 2
0 1 12 4 20500 2
0 1 12 9 20500 2
0 1 13 4 20500 2
0 1 13 10 20500 2
0 1 13 6 20500 2
0 1 13 6 20500 2
0 1 13 1 20500 2
0 1 7 12 20500 2
0 1 8 5 20500 2
0 1 3 2 20500 2
0 1 3 6 20500 2
0 1 3 6 20500 2
0 1 3 15 20500 2
0 1 3 6 20500 2
0 1 4 3 20500 2
0 1 4 6 20500 2
0 1 4 0 20500 2
0 1 4 0 20500 2
0 1 4 10 20500 2
0 1 4 3 20500 2
0 1 5 11 20500 2
0 1 5 4 20500 2
0 1 5 0 20500 2
0 1 7 8 20500 2
0 1 7 1 20500 2
0 1 7 11 20500 2
0 1 7 6 20500 2
0 1 7 6 20500 2
0 1 6 5 20500 2
0 1 6 8 20500 2
0 1 6 10 20500 2
0 1 6 9 20500 2
0 1 6 8 20500 2
0 1 6 5 20500 2
0 1 11 10 21000 2
0 1 11 12 21000 2
0 1 11 6 21000 2
0 1 10 1 21000 2
0 1 10 4 21000 2
0 1 10 12 21000 2
0 1 10 14 21000 2
0 1 9 2 21000 2
0 1 9 4 21000 2
0 1 9 10 21000 2
0 1 8 6 21000 2
0 1 8 10 21000 2
0 1 8 6 21000 2
0 1 8 13 21000 2
0 1 11 12 21000 2
0 1 11 8 21000 2
0 1 12 14 21000 2
0 1 12 1 21000 2
0 1 12 12 21000 2
0 1 12 15 21000 2
0 1 12 13 21000 2
0 1 13 5 21000 2
0 1 13 15 21000 2
0 1 13 15 21000 2
0 1 13 13 21000 2
0 1 13 5 21000 2
0 1 13 13 21000 2
0 1 8 1 21000 2
0 1 7 5 21000 2
0 1 3 13 21000 2
0 1 3 6 21000 2
0 1 3 12 21000 2
0 1 3 11 21000 2
0 1 3 2 21000 2
0 1 4 7 21000 2
0 1 4 9 21000 2
0 1 4 5 21000 2
0 1 4 12 21000 2
0 1 4 6 21000 2
0 1 4 11 21000 2
0 1 4 10 21000 2
0 1 4 3 21000 2
0 1 5 0 21000 2
0 1 5 13 21000 2
0 1 5 14 21000 2
0 1 7 0 21000 2
0 1 7 7 21000 2
0 1 7 7 21000 2
0 1 7 5 21000 2
0 1 7 4 21000 2
0 1 7 12 21000 2
0 1 6 6 21000 2
0 1 6 1 21000 2
0 1 6 11 21000 2
0 1 6 0 21000 2
0 1 5 15 21000 2
0 1 11 5 21500 2
0 1 11 2 21500 2
0 1 10 1 21500 2
0 1 10 12 21500 2
0 1 10 6 21500 2
0 1 10 12 21500 2
0 1 9 10 21500 2
0 1 9 7 21500 2
0 1 9 1 21500 2
0 1 9 1 21500 2
0 1 8 3 21500 2
0 1 8 1 21500 2
0 1 8 10 21500 2
0 1 8 0 21500 2
0 1 11 10 21500 2
0 1 11 1 21500 2
0 1 11 0 21500 2
0 1 11 10 21500 2
0 1 11 6 21500 2
0 1 12 7 21500 2
0 1 12 7 21500 2
0 1 12 15 21500 2
0 1 12 1 21500 2
0 1 12 9 21500 2
0 1 13 12 21500 2
0 1 13 12 21500 2
0 1 13 1 21500 2
0 1 13 5 21500 2
0 1 8 5 21500 2
0 1 8 5 21500 2
0 1 8 1 21500 2
0 1 3 13 21500 2
0 1 3 1 21500 2
0 1 3 9 21500 2
0 1 3 6 21500 2
0 1 4 8 21500 2
0 1 4 14 21500 2
0 1 4 13 21500 2
0 1 4 14 21500 2
0 1 4 11 21500 2
0 1 4 6 21500 2
0 1 5 15 21500 2
0 1 5 7 21500 2
0 1 5 5 21500 2
0 1 6 15 21500 2
0 1 6 13 21500 2
0 1 3 2 21500 2
0 1 7 1 21500 2
0 1 7 9 21500 2
0 1 7 12 21500 2
0 1 7 14 21500 2
0 1 7 13 21500 2
0 1 7 7 21500 2
0 1 7 8 21500 2
0 1 6 8 21500 2
0 1 6 7 21500 2
0 1 6 12 21500 2
0 1 6 8 21500 2
0 1 11 5 22000 2
0 1 10 9 22000 2
0 1 10 11 22000 2
0 1 10 15 22000 2
0 1 10 5 22000 2
0 1 9 2 22000 2
0 1 9 14 22000 2
0 1 9 8 22000 2
0 1 9 4 22000 2
0 1 9 2 22000 2
0 1 8 14 22000 2
0 1 8 6 22000 2
0 1 8 0 22000 2
0 1 8 3 22000 2
0 1 7 1 22000 2
0 1 11 12 22000 2
0 1 11 14 22000 2
0 1 11 6 22000 2
0 1 11 15 22000 2
0 1 11 3 22000 2
0 1 12 13 22000 2
0 1 12 7 22000 2
0 1 12 3 22000 2
0 1 12 6 22000 2
0 1 12 6 22000 2
0 1 12 9 22000 2
0 1 12 12 22000 2
0 1 13 14 22000 2
0 1 13 2 22000 2
0 1 13 4 22000 2
0 1 13 13 22000 2
0 1 7 9 22000 2
0 1 3 9 22000 2
0 1 3 2 22000 2
0 1 3 9 22000 2
0 1 3 11 22000 2
0 1 3 10 22000 2
0 1 4 7 22000 2
0 1 4 7 22000 2
0 1 4 5 22000 2
0 1 4 0 22000 2
0 1 4 10 22000 2
0 1 4 11 22000 2
0 1 4 5 22000 2
0 1 5 12 22000 2
0 1 5 1 22000 2
0 1 6 4 22000 2
0 1 5 1 22000 2
0 1 8 13 22000 2
0 1 7 0 22000 2
0 1 7 14 22000 2
0 1 7 3 22000 2
0 1 7 9 22000 2
0 1 7 6 22000 2
0 1 6 11 22000 2
0 1 6 10 22000 2
0 1 6 1 22000 2
0 1 6 0 22000 2
0 1 6 8 22000 2
0 1 6 5 22000 2
0 1 7 12 22000 2
0 1 11 0 22500 2
0 1 10 0 22500 2
0 1 10 10 22500 2
0 1 10 13 22500 2
0 1 10 12 22500 2
0 1 9 0 22500 2
0 1 9 13 22500 2
0 1 9 12 22500 2
0 1 9 9 22500 2
0 1 9 14 22500 2
0 1 8 8 22500 2
0 1 8 9 22500 2
0 1 8 7 22500 2
0 1 11 0 22500 2
0 1 11 11 22500 2
0 1 11 8 22500 2
0 1 11 5 22500 2
0 1 11 9 22500 2
0 1 11 7 22500 2
0 1 12 5 22500 2
0 1 12 12 22500 2
0 1 12 7 22500 2
0 1 12 8 22500 2
0 1 13 15 22500 2
0 1 13 15 22500 2
0 1 8 7 22500 2
0 1 8 13 22500 2
0 1 3 15 22500 2
0 1 3 9 22500 2
0 1 3 7 22500 2
0 1 3 15 22500 2
0 1 4 1 22500 2
0 1 4 14 22500 2
0 1 4 7 22500 2
0 1 4 2 22500 2
0 1 4 4 22500 2
0 1 4 7 22500 2
0 1 4 11 22500 2
0 1 5 14 22500 2
0 1 5 6 22500 2
0 1 5 1 22500 2
0 1 7 0 22500 2
0 1 7 6 22500 2
0 1 7 3 22500 2
0 1 7 4 22500 2
0 1 7 7 22500 2
0 1 6 3 22500 2
0 1 6 15 22500 2
0 1 6 7 22500 2
0 1 6 8 22500 2
0 1 6 5 22500 2
0 1 11 5 23000 2
0 1 11 2 23000 2
0 1 11 5 23000 2
0 1 10 9 23000 2
0 1 10 15 23000 2
0 1 10 2 23000 2
0 1 10 6 23000 2
0 1 9 12 23000 2
0 1 9 13 23000 2
0 1 9 4 23000 2
0 1 9 15 23000 2
0 1 8 3 23000 2
0 1 8 9 23000 2
0 1 8 7 23000 2
0 1 11 11 23000 2
0 1 11 9 23000 2
0 1 11 1 23000 2
0 1 12 12 23000 2
0 1 12 5 23000 2
0 1 12 3 23000 2
0 1 12 11 23000 2
0 1 12 11 23000 2
0 1 12 13 23000 2
0 1 13 0 23000 2
0 1 13 5 23000 2
0 1 13 4 23000 2
0 1 13 9 23000 2
0 1 8 7 23000 2
0 1 3 7 23000 2
0 1 3 8 23000 2
0 1 3 6 23000 2
0 1 3 0 23000 2
0 1 4 9 23000 2
0 1 4 14 23000 2
0 1 4 2 23000 2
0 1 4 3 23000 2
0 1 4 7 23000 2
0 1 5 9 23000 2
0 1 5 6 23000 2
0 1 5 2 23000 2
0 1 6 7 23000 2
0 1 6 3 23000 2
0 1 6 7 23000 2
0 1 8 7 23000 2
0 1 8 1 23000 2
0 1 7 7 23000 2
0 1 7 15 23000 2
0 1 7 1 23000 2
0 1 7 12 23000 2
0 1 7 8 23000 2
0 1 6 1 23000 2
0 1 6 1 23000 2
0 1 6 13 23000 2
0 1 6 10 23000 2
0 1 11 8 23500 2
0 1 11 11 23500 2
0 1 10 2 23500 2
0 1 10 3 23500 2
0 1 10 3 23500 2
0 1 9 13 23500 2
0 1 9 8 23500 2
0 1 9 8 23500 2
0 1 9 9 23500 2
0 1 9 7 23500 2
0 1 8 2 23500 2
0 1 8 10 23500 2
0 1 8 12 23500 2
0 1 11 9 23500 2
0 1 11 14 23500 2
0 1 11 8 23500 2
0 1 11 10 23500 2
0 1 12 4 23500 2
0 1 12 13 23500 2
0 1 12 0 23500 2
0 1 12 9 23500 2
0 1 13 13 23500 2
0 1 13 11 23500 2
0 1 13 1 23500 2
0 1 13 14 23500 2
0 1 13 5 23500 2
0 1 9 14 23500 2
0 1 8 15 23500 2
0 1 8 10 23500 2
0 1 3 14 23500 2
0 1 3 10 23500 2
0 1 3 5 23500 2
0 1 4 10 23500 2
0 1 4 2 23500 2
0 1 4 1 23500 2
0 1 4 0 23500 2
0 1 4 7 23500 2
0 1 5 0 23500 2
0 1 5 2 23500 2
0 1 5 12 23500 2
0 1 6 5 23500 2
0 1 6 7 23500 2
0 1 6 10 23500 2
0 1 8 6 23500 2
0 1 7 12 23500 2
0 1 7 7 23500 2
0 1 7 6 23500 2
0 1 7 10 23500 2
0 1 7 10 23500 2
0 1 7 10 23500 2
0 1 6 1 23500 2
0 1 6 8 23500 2
0 1 6 0 23500 2
0 1 3 12 23500 2
0 1 10 15 24000 2
0 1 10 0 24000 2
0 1 10 4 24000 2
0 1 10 0 24000 2
0 1 9 7 24000 2
0 1 9 3 24000 2
0 1 9 4 24000 2
0 1 9 7 24000 2
0 1 8 1 24000 2
0 1 8 10 24000 2
0 1 8 14 24000 2
0 1 8 0 24000 2
0 1 11 14 24000 2
0 1 11 2 24000 2
0 1 11 9 24000 2
0 1 11 4 24000 2
0 1 11 9 24000 2
0 1 12 7 24000 2
0 1 12 0 24000 2
0 1 12 12 24000 2
0 1 12 12 24000 2
0 1 12 1 24000 2
0 1 13 3 24000 2
0 1 13 2 24000 2
0 1 13 6 24000 2
0 1 8 11 24000 2
0 1 8 5 24000 2
0 1 3 6 24000 2
0 1 3 1 24000 2
0 1 3 12 24000 2
0 1 3 0 24000 2
0 1 4 7 24000 2
0 1 4 4 24000 2
0 1 4 6 24000 2
0 1 4 13 24000 2
0 1 4 7 24000 2
0 1 4 2 24000 2
0 1 5 7 24000 2
0 1 5 1 24000 2
0 1 6 0 24000 2
0 1 5 13 24000 2
0 1 7 15 24000 2
0 1 7 5 24000 2
0 1 7 7 24000 2
0 1 7 6 24000 2
0 1 7 14 24000 2
0 1 7 3 24000 2
0 1 6 14 24000 2
0 1 6 10 24000 2
0 1 6 3 24000 2
0 1 6 15 24000 2
0 1 10 4 24500 2
0 1 9 7 24500 2
0 1 9 15 24500 2
0 1 8 14 24500 2
0 1 8 8 24500 2
0 1 8 12 24500 2
0 1 8 1 24500 2
0 1 8 6 24500 2
0 1 8 9 24500 2
0 1 8 15 24500 2
0 1 8 6 24500 2
0 1 8 15 24500 2
0 1 8 5 24500 2
0 1 7 9 24500 2
0 1 7 6 24500 2
0 1 7 2 24500 2
0 1 7 2 24500 2
0 1 7 7 24500 2
0 1 7 4 24500 2
0 1 7 0 24500 2
0 1 7 11 24500 2
0 1 12 4 24500 2
0 1 6 15 24500 2
0 1 14 6 24500 2
0 1 14 6 24500 2
0 1 13 10 24500 2
0 1 13 2 24500 2
0 1 13 4 24500 2
0 1 13 8 24500 2
0 1 12 13 24500 2
0 1 12 7 24500 2
0 1 12 12 24500 2
0 1 10 4 24500 2
0 1 12 4 24500 2
0 1 12 13 24500 2
0 1 11 3 24500 2
0 1 11 2 24500 2
0 1 11 13 24500 2
0 1 11 13 24500 2
0 1 11 2 24500 2
0 1 10 6 24500 2
0 1 10 1 24500 2
0 1 10 0 24500 2
0 1 4 11 24500 2
0 1 5 8 24500 2
0 1 5 9 24500 2
0 1 5 9 24500 2
0 1 5 5 24500 2
0 1 5 11 24500 2
0 1 4 15 24500 2
0 1 4 9 24500 2
0 1 4 7 24500 2
0 1 4 14 24500 2
0 1 4 12 24500 2
0 1 7 4 24500 2
0 1 4 7 24500 2
0 1 3 15 24500 2
0 1 3 6 24500 2
0 1 3 5 24500 2
0 1 3 2 24500 2
0 1 3 6 24500 2
0 1 3 3 24500 2
0 1 3 6 24500 2
0 1 3 15 24500 2
0 1 7 5 24500 2
0 1 5 6 24500 2
0 1 5 10 24500 2
0 1 7 3 24500 2
0 1 7 2 24500 2
0 1 7 11 24500 2
0 1 7 13 24500 2
0 1 7 6 24500 2
0 1 7 9 24500 2
0 1 7 11 24500 2
0 1 7 11 24500 2
0 1 7 10 24500 2
0 1 6 6 24500 2
0 1 6 10 24500 2
0 1 5 2 24500 2
0 1 6 6 24500 2
0 1 6 12 24500 2
0 1 3 3 24500 2
0 1 6 10 24500 2
0 1 6 12 24500 2
0 1 6 2 24500 2
0 1 6 11 24500 2
0 1 10 15 25000 2
0 1 9 9 25000 2
0 1 8 3 25000 2
0 1 8 1 25000 2
0 1 8 9 25000 2
0 1 8 1 25000 2
0 1 8 7 25000 2
0 1 8 9 25000 2
0 1 8 15 25000 2
0 1 8 0 25000 2
0 1 8 3 25000 2
0 1 8 3 25000 2
0 1 8 2 25000 2
0 1 8 2 25000 2
0 1 8 13 25000 2
0 1 7 2 25000 2
0 1 7 7 25000 2
0 1 7 5 25000 2
0 1 7 9 25000 2
0 1 7 5 25000 2
0 1 7 10 25000 2
0 1 12 1 25000 2
0 1 7 4 25000 2
0 1 14 13 25000 2
0 1 14 0 25000 2
0 1 13 15 25000 2
0 1 13 11 25000 2
0 1 13 3 25000 2
0 1 13 4 25000 2
0 1 12 14 25000 2
0 1 12 0 25000 2
0 1 12 7 25000 2
0 1 10 10 25000 2
0 1 12 12 25000 2
0 1 12 5 25000 2
0 1 12 2 25000 2
0 1 11 4 25000 2
0 1 11 14 25000 2
0 1 11 5 25000 2
0 1 11 8 25000 2
0 1 10 12 25000 2
0 1 10 9 25000 2
0 1 10 7 25000 2
0 1 4 10 25000 2
0 1 5 14 25000 2
0 1 5 4 25000 2
0 1 5 13 25000 2
0 1 5 4 25000 2
0 1 5 9 25000 2
0 1 4 8 25000 2
0 1 4 8 25000 2
0 1 4 14 25000 2
0 1 4 3 25000 2
0 1 4 9 25000 2
0 1 4 4 25000 2
0 1 5 13 25000 2
0 1 4 5 25000 2
0 1 3 12 25000 2
0 1 3 10 25000 2
0 1 3 15 25000 2
0 1 3 2 25000 2
0 1 3 7 25000 2
0 1 3 6 25000 2
0 1 3 9 25000 2
0 1 7 4 25000 2
0 1 3 3 25000 2
0 1 5 5 25000 2
0 1 7 14 25000 2
0 1 7 7 25000 2
0 1 7 1 25000 2
0 1 7 13 25000 2
0 1 7 13 25000 2
0 1 7 15 25000 2
0 1 7 9 25000 2
0 1 7 12 25000 2
0 1 7 1 25000 2
0 1 7 13 25000 2
0 1 7 10 25000 2
0 1 6 6 25000 2
0 1 6 10 25000 2
0 1 6 14 25000 2
0 1 6 5 25000 2
0 1 6 13 25000 2
0 1 6 5 25000 2
0 1 5 2 25000 2
0 1 5 5 25000 2
0 1 5 8 25000 2
0 1 8 1 25500 2
0 1 8 8 25500 2
0 1 8 14 25500 2
0 1 8 12 25500 2
0 1 8 12 25500 2
0 1 10 0 25500 2
0 1 8 7 25500 2
0 1 8 12 25500 2
0 1 8 6 25500 2
0 1 9 15 25500 2
0 1 9 7 25500 2
0 1 14 3 25500 2
0 1 8 13 25500 2
0 1 8 10 25500 2
0 1 7 4 25500 2
0 1 7 11 25500 2
0 1 7 8 25500 2
0 1 7 0 25500 2
0 1 7 13 25500 2
0 1 7 12 25500 2
0 1 7 4 25500 2
0 1 7 9 25500 2
0 1 7 10 25500 2
0 1 12 13 25500 2
0 1 12 7 25500 2
0 1 13 5 25500 2
0 1 13 9 25500 2
0 1 13 1 25500 2
0 1 13 11 25500 2
0 1 12 2 25500 2
0 1 12 15 25500 2
0 1 12 14 25500 2
0 1 12 13 25500 2
0 1 12 0 25500 2
0 1 10 13 25500 2
0 1 12 2 25500 2
0 1 11 12 25500 2
0 1 11 15 25500 2
0 1 11 15 25500 2
0 1 11 12 25500 2
0 1 11 12 25500 2
0 1 10 6 25500 2
0 1 10 10 25500 2
0 1 10 0 25500 2
0 1 10 7 25500 2
0 1 4 11 25500 2
0 1 5 9 25500 2
0 1 5 2 25500 2
0 1 4 8 25500 2
0 1 4 14 25500 2
0 1 4 12 25500 2
0 1 4 8 25500 2
0 1 4 15 25500 2
0 1 4 9 25500 2
0 1 4 0 25500 2
0 1 4 9 25500 2
0 1 4 2 25500 2
0 1 7 4 25500 2
0 1 3 8 25500 2
0 1 3 2 25500 2
0 1 3 5 25500 2
0 1 3 1 25500 2
0 1 3 15 25500 2
0 1 3 10 25500 2
0 1 3 10 25500 2
0 1 3 6 25500 2
0 1 3 9 25500 2
0 1 7 10 25500 2
0 1 5 15 25500 2
0 1 5 5 25500 2
0 1 7 2 25500 2
0 1 7 7 25500 2
0 1 7 15 25500 2
0 1 7 0 25500 2
0 1 7 3 25500 2
0 1 7 15 25500 2
0 1 7 15 25500 2
0 1 7 0 25500 2
0 1 7 11 25500 2
0 1 7 10 25500 2
0 1 6 14 25500 2
0 1 7 15 25500 2
0 1 5 5 25500 2
0 1 5 8 25500 2
0 1 5 15 25500 2
0 1 6 11 25500 2
0 1 6 3 25500 2
0 1 6 13 25500 2
0 1 6 5 25500 2
0 1 6 11 25500 2
0 1 10 5 26000 2
0 1 10 5 26000 2
0 1 9 12 26000 2
0 1 9 4 26000 2
0 1 8 14 26000 2
0 1 8 14 26000 2
0 1 8 14 26000 2
0 1 8 14 26000 2
0 1 8 12 26000 2
0 1 8 1 26000 2
0 1 8 7 26000 2
0 1 8 7 26000 2
0 1 8 14 26000 2
0 1 8 6 26000 2
0 1 7 1 26000 2
0 1 7 10 26000 2
0 1 7 10 26000 2
0 1 7 3 26000 2
0 1 7 8 26000 2
0 1 7 7 26000 2
0 1 7 15 26000 2
0 1 12 4 26000 2
0 1 14 11 26000 2
0 1 14 0 26000 2
0 1 13 5 26000 2
0 1 13 14 26000 2
0 1 13 1 26000 2
0 1 13 5 26000 2
0 1 13 6 26000 2
0 1 12 1 26000 2
0 1 12 7 26000 2
0 1 12 4 26000 2
0 1 10 2 26000 2
0 1 12 3 26000 2
0 1 12 11 26000 2
0 1 12 15 26000 2
0 1 11 7 26000 2
0 1 11 9 26000 2
0 1 11 3 26000 2
0 1 11 2 26000 2
0 1 11 1 26000 2
0 1 10 9 26000 2
0 1 10 0 26000 2
0 1 4 2 26000 2
0 1 5 3 26000 2
0 1 5 0 26000 2
0 1 5 11 26000 2
0 1 5 8 26000 2
0 1 5 7 26000 2
0 1 5 12 26000 2
0 1 5 8 26000 2
0 1 4 10 26000 2
0 1 4 2 26000 2
0 1 4 13 26000 2
0 1 7 13 26000 2
0 1 4 9 26000 2
0 1 4 8 26000 2
0 1 3 1 26000 2
0 1 3 11 26000 2
0 1 3 4 26000 2
0 1 3 12 26000 2
0 1 3 4 26000 2
0 1 3 8 26000 2
0 1 3 3 26000 2
0 1 7 12 26000 2
0 1 6 5 26000 2
0 1 5 7 26000 2
0 1 7 7 26000 2
0 1 7 3 26000 2
0 1 7 2 26000 2
0 1 7 5 26000 2
0 1 7 10 26000 2
0 1 7 13 26000 2
0 1 7 13 26000 2
0 1 7 4 26000 2
0 1 7 6 26000 2
0 1 7 3 26000 2
0 1 7 3 26000 2
0 1 6 0 26000 2
0 1 6 10 26000 2
0 1 6 1 26000 2
0 1 6 10 26000 2
0 1 6 2 26000 2
0 1 6 9 26000 2
0 1 7 14 26000 2
0 1 7 6 26000 2
0 1 9 15 26500 2
0 1 9 5 26500 2
0 1 8 12 26500 2
0 1 8 2 26500 2
0 1 8 10 26500 2
0 1 8 13 26500 2
0 1 8 12 26500 2
0 1 8 4 26500 2
0 1 8 6 26500 2
0 1 8 3 26500 2
0 1 8 4 26500 2
0 1 8 13 26500 2
0 1 7 6 26500 2
0 1 7 11 26500 2
0 1 7 0 26500 2
0 1 7 3 26500 2
0 1 7 3 26500 2
0 1 7 5 26500 2
0 1 7 0 26500 2
0 1 12 5 26500 2
0 1 14 5 26500 2
0 1 13 11 26500 2
0 1 13 9 26500 2
0 1 13 0 26500 2
0 1 13 13 26500 2
0 1 12 3 26500 2
0 1 12 10 26500 2
0 1 12 9 26500 2
0 1 12 6 26500 2
0 1 10 7 26500 2
0 1 12 3 26500 2
0 1 12 0 26500 2
0 1 11 13 26500 2
0 1 11 15 26500 2
0 1 11 0 26500 2
0 1 10 13 26500 2
0 1 10 5 26500 2
0 1 10 10 26500 2
0 1 4 3 26500 2
0 1 5 2 26500 2
0 1 5 5 26500 2
0 1 5 15 26500 2
0 1 5 5 26500 2
0 1 5 3 26500 2
0 1 4 12 26500 2
0 1 4 3 26500 2
0 1 4 11 26500 2
0 1 4 15 26500 2
0 1 7 4 26500 2
0 1 4 2 26500 2
0 1 4 13 26500 2
0 1 4 4 26500 2
0 1 3 11 26500 2
0 1 3 15 26500 2
0 1 3 8 26500 2
0 1 3 2 26500 2
0 1 3 14 26500 2
0 1 7 6 26500 2
0 1 5 0 26500 2
0 1 5 15 26500 2
0 1 7 14 26500 2
0 1 7 11 26500 2
0 1 7 3 26500 2
0 1 7 10 26500 2
0 1 7 0 26500 2
0 1 7 10 26500 2
0 1 7 8 26500 2
0 1 7 4 26500 2
0 1 6 15 26500 2
0 1 6 13 26500 2
0 1 6 2 26500 2
0 1 6 4 26500 2
0 1 6 4 26500 2
0 1 6 7 26500 2
0 1 6 15 26500 2
0 1 7 12 26500 2
0 1 8 1 27000 2
0 1 8 13 27000 2
0 1 8 9 27000 2
0 1 8 15 27000 2
0 1 8 5 27000 2
0 1 8 15 27000 2
0 1 9 5 27000 2
0 1 10 13 27000 2
0 1 10 9 27000 2
0 1 8 0 27000 2
0 1 8 2 27000 2
0 1 7 15 27000 2
0 1 7 8 27000 2
0 1 7 5 27000 2
0 1 7 10 27000 2
0 1 7 5 27000 2
0 1 7 10 27000 2
0 1 7 8 27000 2
0 1 7 0 27000 2
0 1 12 7 27000 2
0 1 10 12 27000 2
0 1 14 10 27000 2
0 1 13 8 27000 2
0 1 13 13 27000 2
0 1 13 11 27000 2
0 1 13 9 27000 2
0 1 13 4 27000 2
0 1 12 15 27000 2
0 1 12 2 27000 2
0 1 10 13 27000 2
0 1 12 11 27000 2
0 1 12 3 27000 2
0 1 12 8 27000 2
0 1 12 0 27000 2
0 1 11 9 27000 2
0 1 11 8 27000 2
0 1 11 2 27000 2
0 1 11 12 27000 2
0 1 10 3 27000 2
0 1 4 13 27000 2
0 1 3 4 27000 2
0 1 5 7 27000 2
0 1 5 2 27000 2
0 1 5 0 27000 2
0 1 5 4 27000 2
0 1 5 0 27000 2
0 1 4 2 27000 2
0 1 4 5 27000 2
0 1 4 9 27000 2
0 1 4 1 27000 2
0 1 7 5 27000 2
0 1 4 1 27000 2
0 1 3 14 27000 2
0 1 3 8 27000 2
0 1 3 6 27000 2
0 1 3 9 27000 2
0 1 3 7 27000 2
0 1 3 11 27000 2
0 1 3 12 27000 2
0 1 7 4 27000 2
0 1 5 7 27000 2
0 1 5 4 27000 2
0 1 7 3 27000 2
0 1 7 13 27000 2
0 1 7 9 27000 2
0 1 7 3 27000 2
0 1 7 1 27000 2
0 1 7 12 27000 2
0 1 7 4 27000 2
0 1 7 11 27000 2
0 1 7 4 27000 2
0 1 7 5 27000 2
0 1 6 8 27000 2
0 1 6 4 27000 2
0 1 6 7 27000 2
0 1 6 5 27000 2
0 1 6 0 27000 2
0 1 6 12 27000 2
0 1 7 0 27000 2
0 1 8 6 27500 2
0 1 8 12 27500 2
0 1 8 4 27500 2
0 1 8 14 27500 2
0 1 8 1 27500 2
0 1 8 6 27500 2
0 1 8 0 27500 2
0 1 9 5 27500 2
0 1 9 14 27500 2
0 1 10 9 27500 2
0 1 10 0 27500 2
0 1 8 6 27500 2
0 1 7 7 27500 2
0 1 7 8 27500 2
0 1 7 5 27500 2
0 1 7 13 27500 2
0 1 7 0 27500 2
0 1 7 10 27500 2
0 1 7 5 27500 2
0 1 7 6 27500 2
0 1 12 12 27500 2
0 1 7 11 27500 2
0 1 12 5 27500 2
0 1 14 2 27500 2
0 1 14 3 27500 2
0 1 13 8 27500 2
0 1 13 14 27500 2
0 1 13 8 27500 2
0 1 13 10 27500 2
0 1 13 13 27500 2
0 1 12 7 27500 2
0 1 12 12 27500 2
0 1 12 4 27500 2
0 1 10 10 27500 2
0 1 12 15 27500 2
0 1 12 15 27500 2
0 1 12 14 27500 2
0 1 11 10 27500 2
0 1 11 10 27500 2
0 1 11 1 27500 2
0 1 11 7 27500 2
0 1 11 0 27500 2
0 1 11 1 27500 2
0 1 10 6 27500 2
0 1 4 11 27500 2
0 1 5 11 27500 2
0 1 5 8 27500 2
0 1 5 1 27500 2
0 1 5 5 27500 2
0 1 5 14 27500 2
0 1 5 6 27500 2
0 1 5 4 27500 2
0 1 4 12 27500 2
0 1 4 5 27500 2
0 1 4 8 27500 2
0 1 4 11 27500 2
0 1 7 8 27500 2
0 1 4 3 27500 2
0 1 3 1 27500 2
0 1 4 6 27500 2
0 1 3 13 27500 2
0 1 3 3 27500 2
0 1 3 0 27500 2
0 1 3 15 27500 2
0 1 3 14 27500 2
0 1 3 4 27500 2
0 1 7 11 27500 2
0 1 5 4 27500 2
0 1 5 10 27500 2
0 1 7 0 27500 2
0 1 7 9 27500 2
0 1 7 12 27500 2
0 1 7 5 27500 2
0 1 7 15 27500 2
0 1 7 14 27500 2
0 1 7 11 27500 2
0 1 7 0 27500 2
0 1 7 13 27500 2
0 1 7 4 27500 2
0 1 6 0 27500 2
0 1 7 10 27500 2
0 1 6 15 27500 2
0 1 6 12 27500 2
0 1 6 9 27500 2
0 1 6 11 27500 2
0 1 6 12 27500 2
0 1 6 8 27500 2
0 1 6 14 27500 2
0 1 6 4 27500 2
0 1 8 10 28000 2
0 1 8 11 28000 2
0 1 8 13 28000 2
0 1 8 0 28000 2
0 1 8 6 28000 2
0 1 8 2 28000 2
0 1 7 5 28000 2
0 1 7 1 28000 2
0 1 7 6 28000 2
0 1 7 0 28000 2
0 1 7 12 28000 2
0 1 7 0 28000 2
0 1 7 1 28000 2
0 1 7 13 28000 2
0 1 7 10 28000 2
0 1 7 12 28000 2
0 1 7 7 28000 2
0 1 7 10 28000 2
0 1 12 8 28000 2
0 1 13 4 28000 2
0 1 13 7 28000 2
0 1 13 13 28000 2
0 1 12 2 28000 2
0 1 12 3 28000 2
0 1 12 5 28000 2
0 1 12 5 28000 2
0 1 12 9 28000 2
0 1 12 2 28000 2
0 1 9 12 28000 2
0 1 11 9 28000 2
0 1 11 14 28000 2
0 1 11 0 28000 2
0 1 11 11 28000 2
0 1 10 13 28000 2
0 1 10 3 28000 2
0 1 10 9 28000 2
0 1 10 0 28000 2
0 1 3 4 28000 2
0 1 5 10 28000 2
0 1 5 6 28000 2
0 1 4 0 28000 2
0 1 4 5 28000 2
0 1 4 15 28000 2
0 1 4 6 28000 2
0 1 4 14 28000 2
0 1 4 1 28000 2
0 1 4 8 28000 2
0 1 7 11 28000 2
0 1 3 3 28000 2
0 1 3 10 28000 2
0 1 3 4 28000 2
0 1 3 7 28000 2
0 1 3 5 28000 2
0 1 3 5 28000 2
0 1 3 2 28000 2
0 1 7 11 28000 2
0 1 5 7 28000 2
0 1 5 0 28000 2
0 1 7 4 28000 2
0 1 7 0 28000 2
0 1 7 15 28000 2
0 1 7 15 28000 2
0 1 6 10 28000 2
0 1 6 6 28000 2
0 1 6 8 28000 2
0 1 6 6 28000 2
0 1 6 12 28000 2
0 1 6 11 28000 2
0 1 5 4 28000 2
0 1 5 12 28000 2
0 1 5 14 28000 2
0 1 5 12 28000 2
0 1 6 10 28000 2
0 1 8 3 28500 2
0 1 8 0 28500 2
0 1 8 10 28500 2
0 1 9 10 28500 2
0 1 9 11 28500 2
0 1 9 5 28500 2
0 1 9 11 28500 2
0 1 9 0 28500 2
0 1 9 15 28500 2
0 1 9 14 28500 2
0 1 8 12 28500 2
0 1 8 5 28500 2
0 1 8 10 28500 2
0 1 8 6 28500 2
0 1 8 8 28500 2
0 1 8 4 28500 2
0 1 8 9 28500 2
0 1 8 2 28500 2
0 1 8 10 28500 2
0 1 7 7 28500 2
0 1 12 1 28500 2
0 1 8 8 28500 2
0 1 14 4 28500 2
0 1 14 5 28500 2
0 1 14 14 28500 2
0 1 14 14 28500 2
0 1 13 5 28500 2
0 1 13 9 28500 2
0 1 13 15 28500 2
0 1 12 5 28500 2
0 1 10 4 28500 2
0 1 12 7 28500 2
0 1 12 3 28500 2
0 1 11 15 28500 2
0 1 11 1 28500 2
0 1 11 12 28500 2
0 1 11 0 28500 2
0 1 10 15 28500 2
0 1 10 2 28500 2
0 1 10 4 28500 2
0 1 4 7 28500 2
0 1 5 8 28500 2
0 1 5 11 28500 2
0 1 5 0 28500 2
0 1 5 14 28500 2
0 1 5 3 28500 2
0 1 5 14 28500 2
0 1 5 15 28500 2
0 1 5 10 28500 2
0 1 5 12 28500 2
0 1 4 11 28500 2
0 1 7 13 28500 2
0 1 4 2 28500 2
0 1 4 2 28500 2
0 1 4 4 28500 2
0 1 4 8 28500 2
0 1 4 15 28500 2
0 1 4 11 28500 2
0 1 4 4 28500 2
0 1 3 4 28500 2
0 1 7 5 28500 2
0 1 5 4 28500 2
0 1 5 0 28500 2
0 1 7 15 28500 2
0 1 7 3 28500 2
0 1 7 9 28500 2
0 1 3 6 28500 2
0 1 7 6 28500 2
0 1 7 11 28500 2
0 1 7 6 28500 2
0 1 7 0 28500 2
0 1 7 7 28500 2
0 1 6 9 28500 2
0 1 6 2 28500 2
0 1 6 3 28500 2
0 1 6 12 28500 2
0 1 6 7 28500 2
0 1 6 11 28500 2
0 1 5 14 28500 2
0 1 7 3 28500 2
0 1 8 11 29000 2
0 1 8 11 29000 2
0 1 8 12 29000 2
0 1 9 11 29000 2
0 1 9 4 29000 2
0 1 9 11 29000 2
0 1 9 6 29000 2
0 1 9 10 29000 2
0 1 9 8 29000 2
0 1 9 15 29000 2
0 1 8 5 29000 2
0 1 8 2 29000 2
0 1 8 2 29000 2
0 1 8 14 29000 2
0 1 8 7 29000 2
0 1 8 4 29000 2
0 1 8 3 29000 2
0 1 8 5 29000 2
0 1 8 4 29000 2
0 1 8 12 29000 2
0 1 8 1 29000 2
0 1 12 2 29000 2
0 1 14 1 29000 2
0 1 14 2 29000 2
0 1 14 0 29000 2
0 1 14 3 29000 2
0 1 13 4 29000 2
0 1 13 8 29000 2
0 1 13 14 29000 2
0 1 13 2 29000 2
0 1 12 1 29000 2
0 1 12 14 29000 2
0 1 10 12 29000 2
0 1 11 14 29000 2
0 1 11 5 29000 2
0 1 11 3 29000 2
0 1 11 5 29000 2
0 1 11 4 29000 2
0 1 10 5 29000 2
0 1 10 7 29000 2
0 1 10 13 29000 2
0 1 10 15 29000 2
0 1 5 12 29000 2
0 1 5 11 29000 2
0 1 5 2 29000 2
0 1 5 1 29000 2
0 1 5 12 29000 2
0 1 5 13 29000 2
0 1 5 5 29000 2
0 1 5 6 29000 2
0 1 5 0 29000 2
0 1 5 10 29000 2
0 1 5 8 29000 2
0 1 8 1 29000 2
0 1 5 5 29000 2
0 1 5 6 29000 2
0 1 4 1 29000 2
0 1 4 11 29000 2
0 1 4 13 29000 2
0 1 4 4 29000 2
0 1 4 2 29000 2
0 1 4 2 29000 2
0 1 4 2 29000 2
0 1 3 14 29000 2
0 1 6 7 29000 2
0 1 6 5 29000 2
0 1 8 7 29000 2
0 1 7 5 29000 2
0 1 7 6 29000 2
0 1 7 2 29000 2
0 1 7 13 29000 2
0 1 7 12 29000 2
0 1 7 15 29000 2
0 1 7 8 29000 2
0 1 7 15 29000 2
0 1 7 11 29000 2
0 1 7 5 29000 2
0 1 6 2 29000 2
0 1 6 9 29000 2
0 1 6 12 29000 2
0 1 6 5 29000 2
0 1 6 2 29000 2
0 1 6 5 29000 2
0 1 6 6 29000 2
0 1 7 9 29000 2
0 1 8 0 29500 2
0 1 8 5 29500 2
0 1 8 15 29500 2
0 1 8 5 29500 2
0 1 8 13 29500 2
0 1 8 3 29500 2
0 1 9 11 29500 2
0 1 9 2 29500 2
0 1 9 7 29500 2
0 1 9 11 29500 2
0 1 8 2 29500 2
0 1 8 7 29500 2
0 1 8 2 29500 2
0 1 8 14 29500 2
0 1 8 8 29500 2
0 1 8 15 29500 2
0 1 8 10 29500 2
0 1 8 11 29500 2
0 1 8 10 29500 2
0 1 7 15 29500 2
0 1 7 15 29500 2
0 1 12 9 29500 2
0 1 3 7 29500 2
0 1 14 14 29500 2
0 1 14 10 29500 2
0 1 14 15 29500 2
0 1 14 9 29500 2
0 1 13 10 29500 2
0 1 13 15 29500 2
0 1 13 10 29500 2
0 1 12 3 29500 2
0 1 12 2 29500 2
0 1 9 14 29500 2
0 1 11 8 29500 2
0 1 11 7 29500 2
0 1 11 12 29500 2
0 1 10 6 29500 2
0 1 10 14 29500 2
0 1 10 6 29500 2
0 1 10 7 29500 2
0 1 9 9 29500 2
0 1 9 9 29500 2
0 1 9 5 29500 2
0 1 4 0 29500 2
0 1 5 3 29500 2
0 1 5 4 29500 2
0 1 5 2 29500 2
0 1 5 6 29500 2
0 1 5 11 29500 2
0 1 5 0 29500 2
0 1 5 6 29500 2
0 1 5 11 29500 2
0 1 5 4 29500 2
0 1 4 12 29500 2
0 1 7 15 29500 2
0 1 4 11 29500 2
0 1 4 0 29500 2
0 1 4 14 29500 2
0 1 4 12 29500 2
0 1 4 13 29500 2
0 1 4 9 29500 2
0 1 4 2 29500 2
0 1 4 5 29500 2
0 1 4 15 29500 2
0 1 3 7 29500 2
0 1 6 6 29500 2
0 1 5 4 29500 2
0 1 7 5 29500 2
0 1 7 6 29500 2
0 1 7 9 29500 2
0 1 7 11 29500 2
0 1 7 15 29500 2
0 1 7 3 29500 2
0 1 7 8 29500 2
0 1 7 4 29500 2
0 1 7 2 29500 2
0 1 6 0 29500 2
0 1 7 14 29500 2
0 1 6 7 29500 2
0 1 6 6 29500 2
0 1 6 4 29500 2
0 1 6 13 29500 2
0 1 6 8 29500 2
0 1 6 3 29500 2
0 1 6 6 29500 2
0 1 6 15 29500 2
0 1 9 6 30000 2
0 1 9 6 30000 2
0 1 9 15 30000 2
0 1 9 1 30000 2
0 1 9 12 30000 2
0 1 8 9 30000 2
0 1 8 13 30000 2
0 1 8 12 30000 2
0 1 8 0 30000 2
0 1 8 9 30000 2
0 1 8 4 30000 2
0 1 8 2 30000 2
0 1 8 7 30000 2
0 1 8 14 30000 2
0 1 8 1 30000 2
0 1 8 12 30000 2
0 1 8 6 30000 2
0 1 8 8 30000 2
0 1 8 8 30000 2
0 1 8 15 30000 2
0 1 11 10 30000 2
0 1 14 14 30000 2
0 1 14 3 30000 2
0 1 14 14 30000 2
0 1 13 12 30000 2
0 1 13 9 30000 2
0 1 12 12 30000 2
0 1 4 12 30000 2
0 1 12 7 30000 2
0 1 12 8 30000 2
0 1 12 9 30000 2
0 1 9 4 30000 2
0 1 11 0 30000 2
0 1 11 10 30000 2
0 1 11 2 30000 2
0 1 10 2 30000 2
0 1 10 13 30000 2
0 1 10 4 30000 2
0 1 10 8 30000 2
0 1 10 0 30000 2
0 1 9 7 30000 2
0 1 5 4 30000 2
0 1 6 3 30000 2
0 1 5 10 30000 2
0 1 5 0 30000 2
0 1 5 4 30000 2
0 1 5 10 30000 2
0 1 5 7 30000 2
0 1 5 15 30000 2
0 1 5 4 30000 2
0 1 5 2 30000 2
0 1 5 8 30000 2
0 1 8 7 30000 2
0 1 5 13 30000 2
0 1 4 9 30000 2
0 1 4 7 30000 2
0 1 4 12 30000 2
0 1 4 5 30000 2
0 1 4 4 30000 2
0 1 4 15 30000 2
0 1 3 8 30000 2
0 1 8 12 30000 2
0 1 6 12 30000 2
0 1 6 6 30000 2
0 1 7 15 30000 2
0 1 7 9 30000 2
0 1 7 6 30000 2
0 1 7 1 30000 2
0 1 7 2 30000 2
0 1 7 5 30000 2
0 1 7 4 30000 2
0 1 7 12 30000 2
0 1 7 3 30000 2
0 1 7 0 30000 2
0 1 6 9 30000 2
0 1 6 1 30000 2
0 1 6 10 30000 2
0 1 6 6 30000 2
0 1 6 3 30000 2
0 1 6 10 30000 2
0 1 7 14 30000 2
0 1 10 6 30500 2
0 1 9 15 30500 2
0 1 9 13 30500 2
0 1 9 8 30500 2
0 1 9 10 30500 2
0 1 9 5 30500 2
0 1 9 3 30500 2
0 1 9 14 30500 2
0 1 8 12 30500 2
0 1 8 10 30500 2
0 1 8 12 30500 2
0 1 8 5 30500 2
0 1 8 4 30500 2
0 1 8 6 30500 2
0 1 8 6 30500 2
0 1 8 6 30500 2
0 1 8 2 30500 2
0 1 8 10 30500 2
0 1 8 8 30500 2
0 1 8 0 30500 2
0 1 12 4 30500 2
0 1 8 0 30500 2
0 1 14 13 30500 2
0 1 14 8 30500 2
0 1 14 4 30500 2
0 1 13 15 30500 2
0 1 13 5 30500 2
0 1 13 9 30500 2
0 1 12 2 30500 2
0 1 12 8 30500 2
0 1 12 9 30500 2
0 1 10 9 30500 2
0 1 12 14 30500 2
0 1 11 4 30500 2
0 1 11 2 30500 2
0 1 11 11 30500 2
0 1 11 1 30500 2
0 1 11 12 30500 2
0 1 11 3 30500 2
0 1 11 9 30500 2
0 1 10 14 30500 2
0 1 5 7 30500 2
0 1 6 11 30500 2
0 1 5 7 30500 2
0 1 5 3 30500 2
0 1 5 1 30500 2
0 1 5 14 30500 2
0 1 5 3 30500 2
0 1 5 2 30500 2
0 1 5 7 30500 2
0 1 5 8 30500 2
0 1 5 2 30500 2
0 1 8 3 30500 2
0 1 5 1 30500 2
0 1 4 5 30500 2
0 1 4 4 30500 2
0 1 4 9 30500 2
0 1 4 9 30500 2
0 1 4 11 30500 2
0 1 4 6 30500 2
0 1 4 15 30500 2
0 1 4 5 30500 2
0 1 6 12 30500 2
0 1 6 13 30500 2
0 1 8 9 30500 2
0 1 8 14 30500 2
0 1 7 12 30500 2
0 1 7 11 30500 2
0 1 7 9 30500 2
0 1 7 3 30500 2
0 1 7 1 30500 2
0 1 7 10 30500 2
0 1 7 3 30500 2
0 1 7 14 30500 2
0 1 6 1 30500 2
0 1 6 6 30500 2
0 1 6 14 30500 2
0 1 6 11 30500 2
0 1 6 2 30500 2
0 1 6 6 30500 2
0 1 7 7 30500 2
0 1 9 2 31000 2
0 1 9 3 31000 2
0 1 9 13 31000 2
0 1 9 12 31000 2
0 1 9 12 31000 2
0 1 9 11 31000 2
0 1 8 2 31000 2
0 1 8 11 31000 2
0 1 8 3 31000 2
0 1 8 14 31000 2
0 1 8 15 31000 2
0 1 8 12 31000 2
0 1 8 5 31000 2
0 1 8 14 31000 2
0 1 8 6 31000 2
0 1 8 15 31000 2
0 1 8 7 31000 2
0 1 8 6 31000 2
0 1 8 13 31000 2
0 1 7 5 31000 2
0 1 11 10 31000 2
0 1 3 14 31000 2
0 1 14 11 31000 2
0 1 14 14 31000 2
0 1 14 9 31000 2
0 1 13 15 31000 2
0 1 13 8 31000 2
0 1 13 8 31000 2
0 1 12 8 31000 2
0 1 12 14 31000 2
0 1 9 15 31000 2
0 1 11 15 31000 2
0 1 11 10 31000 2
0 1 11 11 31000 2
0 1 11 2 31000 2
0 1 11 15 31000 2
0 1 10 0 31000 2
0 1 10 6 31000 2
0 1 10 6 31000 2
0 1 9 10 31000 2
0 1 5 13 31000 2
0 1 5 8 31000 2
0 1 5 7 31000 2
0 1 5 3 31000 2
0 1 5 9 31000 2
0 1 5 13 31000 2
0 1 5 13 31000 2
0 1 5 1 31000 2
0 1 5 1 31000 2
0 1 5 8 31000 2
0 1 5 7 31000 2
0 1 7 9 31000 2
0 1 4 3 31000 2
0 1 4 7 31000 2
0 1 4 3 31000 2
0 1 4 1 31000 2
0 1 4 8 31000 2
0 1 4 14 31000 2
0 1 4 12 31000 2
0 1 4 13 31000 2
0 1 7 9 31000 2
0 1 6 15 31000 2
0 1 6 3 31000 2
0 1 7 4 31000 2
0 1 7 10 31000 2
0 1 7 13 31000 2
0 1 7 12 31000 2
0 1 7 10 31000 2
0 1 7 10 31000 2
0 1 7 2 31000 2
0 1 7 4 31000 2
0 1 7 6 31000 2
0 1 6 9 31000 2
0 1 6 2 31000 2
0 1 6 15 31000 2
0 1 6 9 31000 2
0 1 6 8 31000 2
0 1 6 14 31000 2
0 1 6 7 31000 2
0 1 7 3 31000 2
0 1 8 1 31500 2
0 1 8 14 31500 2
0 1 8 4 31500 2
0 1 8 12 31500 2
0 1 8 11 31500 2
0 1 8 15 31500 2
0 1 8 15 31500 2
0 1 9 3 31500 2
0 1 9 9 31500 2
0 1 9 15 31500 2
0 1 8 13 31500 2
0 1 8 10 31500 2
0 1 8 6 31500 2
0 1 8 9 31500 2
0 1 8 6 31500 2
0 1 8 6 31500 2
0 1 8 9 31500 2
0 1 8 0 31500 2
0 1 8 8 31500 2
0 1 7 6 31500 2
0 1 11 1 31500 2
0 1 14 10 31500 2
0 1 14 5 31500 2
0 1 13 6 31500 2
0 1 13 6 31500 2
0 1 13 3 31500 2
0 1 12 11 31500 2
0 1 12 9 31500 2
0 1 12 3 31500 2
0 1 11 12 31500 2
0 1 11 13 31500 2
0 1 9 1 31500 2
0 1 5 11 31500 2
0 1 11 3 31500 2
0 1 10 2 31500 2
0 1 10 11 31500 2
0 1 10 6 31500 2
0 1 10 6 31500 2
0 1 9 7 31500 2
0 1 9 13 31500 2
0 1 9 9 31500 2
0 1 4 2 31500 2
0 1 5 2 31500 2
0 1 5 6 31500 2
0 1 5 0 31500 2
0 1 5 13 31500 2
0 1 5 12 31500 2
0 1 5 4 31500 2
0 1 5 13 31500 2
0 1 5 14 31500 2
0 1 5 1 31500 2
0 1 5 12 31500 2
0 1 7 15 31500 2
0 1 4 12 31500 2
0 1 4 13 31500 2
0 1 4 14 31500 2
0 1 4 14 31500 2
0 1 4 7 31500 2
0 1 4 10 31500 2
0 1 4 5 31500 2
0 1 3 5 31500 2
0 1 7 13 31500 2
0 1 5 14 31500 2
0 1 5 5 31500 2
0 1 7 12 31500 2
0 1 7 3 31500 2
0 1 7 0 31500 2
0 1 7 2 31500 2
0 1 7 8 31500 2
0 1 7 4 31500 2
0 1 7 2 31500 2
0 1 7 6 31500 2
0 1 7 12 31500 2
0 1 6 15 31500 2
0 1 6 11 31500 2
0 1 6 2 31500 2
0 1 6 10 31500 2
0 1 6 15 31500 2
0 1 6 13 31500 2
0 1 6 1 31500 2
0 1 6 14 31500 2
0 1 6 7 31500 2
0 1 9 3 32000 2
0 1 9 8 32000 2
0 1 9 11 32000 2
0 1 9 12 32000 2
0 1 9 9 32000 2
0 1 8 2 32000 2
0 1 8 1 32000 2
0 1 8 5 32000 2
0 1 8 6 32000 2
0 1 8 15 32000 2
0 1 8 9 32000 2
0 1 8 2 32000 2
0 1 8 13 32000 2
0 1 8 10 32000 2
0 1 8 7 32000 2
0 1 8 14 32000 2
0 1 8 8 32000 2
0 1 8 3 32000 2
0 1 8 4 32000 2
0 1 7 5 32000 2
0 1 11 4 32000 2
0 1 14 12 32000 2
0 1 14 7 32000 2
0 1 14 10 32000 2
0 1 13 8 32000 2
0 1 12 5 32000 2
0 1 12 14 32000 2
0 1 12 13 32000 2
0 1 12 2 32000 2
0 1 11 6 32000 2
0 1 9 7 32000 2
0 1 11 0 32000 2
0 1 11 7 32000 2
0 1 10 0 32000 2
0 1 10 11 32000 2
0 1 10 0 32000 2
0 1 10 9 32000 2
0 1 9 7 32000 2
0 1 9 3 32000 2
0 1 9 10 32000 2
0 1 4 6 32000 2
0 1 5 13 32000 2
0 1 5 14 32000 2
0 1 5 11 32000 2
0 1 5 4 32000 2
0 1 5 1 32000 2
0 1 5 12 32000 2
0 1 5 12 32000 2
0 1 5 6 32000 2
0 1 4 8 32000 2
0 1 4 13 32000 2
0 1 7 8 32000 2
0 1 4 11 32000 2
0 1 4 2 32000 2
0 1 4 6 32000 2
0 1 4 12 32000 2
0 1 4 8 32000 2
0 1 3 2 32000 2
0 1 3 12 32000 2
0 1 3 10 32000 2
0 1 7 14 32000 2
0 1 5 15 32000 2
0 1 5 2 32000 2
0 1 7 4 32000 2
0 1 7 9 32000 2
0 1 7 7 32000 2
0 1 7 0 32000 2
0 1 7 14 32000 2
0 1 7 5 32000 2
0 1 7 3 32000 2
0 1 7 10 32000 2
0 1 6 6 32000 2
0 1 6 2 32000 2
0 1 6 4 32000 2
0 1 6 6 32000 2
0 1 6 9 32000 2
0 1 6 14 32000 2
0 1 6 3 32000 2
0 1 5 15 32000 2
0 1 5 7 32000 2
0 1 6 15 32000 2
0 1 9 10 32500 2
0 1 9 8 32500 2
0 1 9 5 32500 2
0 1 9 2 32500 2
0 1 10 3 32500 2
0 1 10 12 32500 2
0 1 10 4 32500 2
0 1 10 13 32500 2
0 1 10 15 32500 2
0 1 10 0 32500 2
0 1 10 13 32500 2
0 1 10 3 32500 2
0 1 10 8 32500 2
0 1 10 7 32500 2
0 1 10 4 32500 2
0 1 9 15 32500 2
0 1 9 1 32500 2
0 1 9 8 32500 2
0 1 9 8 32500 2
0 1 9 15 32500 2
0 1 9 15 32500 2
0 1 9 6 32500 2
0 1 9 9 32500 2
0 1 9 4 32500 2
0 1 9 13 32500 2
0 1 9 11 32500 2
0 1 9 0 32500 2
0 1 9 10 32500 2
0 1 9 15 32500 2
0 1 9 4 32500 2
0 1 11 12 32500 2
0 1 13 0 32500 2
0 1 13 1 32500 2
0 1 12 10 32500 2
0 1 12 9 32500 2
0 1 12 8 32500 2
0 1 12 7 32500 2
0 1 12 6 32500 2
0 1 12 15 32500 2
0 1 12 15 32500 2
0 1 12 0 32500 2
0 1 12 15 32500 2
0 1 12 15 32500 2
0 1 12 9 32500 2
0 1 11 15 32500 2
0 1 11 1 32500 2
0 1 10 14 32500 2
0 1 11 4 32500 2
0 1 11 15 32500 2
0 1 11 12 32500 2
0 1 11 7 32500 2
0 1 11 9 32500 2
0 1 11 5 32500 2
0 1 11 2 32500 2
0 1 11 11 32500 2
0 1 11 12 32500 2
0 1 11 11 32500 2
0 1 11 10 32500 2
0 1 11 13 32500 2
0 1 10 13 32500 2
0 1 10 3 32500 2
0 1 3 11 32500 2
0 1 4 2 32500 2
0 1 4 11 32500 2
0 1 4 4 32500 2
0 1 4 12 32500 2
0 1 4 10 32500 2
0 1 4 14 32500 2
0 1 4 0 32500 2
0 1 4 8 32500 2
0 1 3 14 32500 2
0 1 3 13 32500 2
0 1 3 14 32500 2
0 1 3 0 32500 2
0 1 3 15 32500 2
0 1 3 6 32500 2
0 1 3 7 32500 2
0 1 8 8 32500 2
0 1 3 2 32500 2
0 1 3 10 32500 2
0 1 3 3 32500 2
0 1 3 10 32500 2
0 1 3 2 32500 2
0 1 3 8 32500 2
0 1 3 15 32500 2
0 1 3 15 32500 2
0 1 3 0 32500 2
0 1 3 8 32500 2
0 1 3 10 32500 2
0 1 3 3 32500 2
0 1 3 12 32500 2
0 1 2 8 32500 2
0 1 9 15 32500 2
0 1 4 11 32500 2
0 1 4 10 32500 2
0 1 8 14 32500 2
0 1 8 15 32500 2
0 1 8 4 32500 2
0 1 8 9 32500 2
0 1 8 9 32500 2
0 1 8 1 32500 2
0 1 8 14 32500 2
0 1 8 12 32500 2
0 1 8 13 32500 2
0 1 7 6 32500 2
0 1 7 12 32500 2
0 1 7 1 32500 2
0 1 7 9 32500 2
0 1 6 2 32500 2
0 1 6 4 32500 2
0 1 6 7 32500 2
0 1 4 15 32500 2
0 1 4 13 32500 2
0 1 4 12 32500 2
0 1 4 11 32500 2
0 1 4 6 32500 2
0 1 5 9 32500 2
0 1 5 12 32500 2
0 1 5 6 32500 2
0 1 5 13 32500 2
0 1 5 2 32500 2
0 1 6 1 32500 2
0 1 5 4 32500 2
0 1 9 5 33000 2
0 1 9 10 33000 2
0 1 9 15 33000 2
0 1 9 1 33000 2
0 1 10 14 33000 2
0 1 10 2 33000 2
0 1 10 2 33000 2
0 1 10 3 33000 2
0 1 10 0 33000 2
0 1 10 2 33000 2
0 1 10 12 33000 2
0 1 10 7 33000 2
0 1 10 7 33000 2
0 1 10 10 33000 2
0 1 9 8 33000 2
0 1 9 2 33000 2
0 1 9 8 33000 2
0 1 9 6 33000 2
0 1 9 11 33000 2
0 1 9 11 33000 2
0 1 9 1 33000 2
0 1 9 2 33000 2
0 1 9 12 33000 2
0 1 9 11 33000 2
0 1 9 9 33000 2
0 1 9 4 33000 2
0 1 9 3 33000 2
0 1 9 5 33000 2
0 1 9 14 33000 2
0 1 11 3 33000 2
0 1 8 5 33000 2
0 1 13 6 33000 2
0 1 13 0 33000 2
0 1 12 10 33000 2
0 1 12 5 33000 2
0 1 12 3 33000 2
0 1 12 8 33000 2
0 1 12 8 33000 2
0 1 12 12 33000 2
0 1 12 15 33000 2
0 1 12 13 33000 2
0 1 12 5 33000 2
0 1 12 0 33000 2
0 1 11 0 33000 2
0 1 10 2 33000 2
0 1 11 11 33000 2
0 1 11 7 33000 2
0 1 11 5 33000 2
0 1 11 7 33000 2
0 1 11 3 33000 2
0 1 11 4 33000 2
0 1 11 1 33000 2
0 1 11 0 33000 2
0 1 11 13 33000 2
0 1 11 2 33000 2
0 1 10 11 33000 2
0 1 10 4 33000 2
0 1 10 2 33000 2
0 1 3 1 33000 2
0 1 4 3 33000 2
0 1 4 10 33000 2
0 1 4 8 33000 2
0 1 4 15 33000 2
0 1 4 4 33000 2
0 1 4 0 33000 2
0 1 4 2 33000 2
0 1 4 1 33000 2
0 1 3 14 33000 2
0 1 3 4 33000 2
0 1 3 9 33000 2
0 1 3 14 33000 2
0 1 3 0 33000 2
0 1 3 13 33000 2
0 1 8 3 33000 2
0 1 3 0 33000 2
0 1 3 0 33000 2
0 1 3 11 33000 2
0 1 3 2 33000 2
0 1 3 1 33000 2
0 1 3 1 33000 2
0 1 3 14 33000 2
0 1 3 7 33000 2
0 1 3 2 33000 2
0 1 3 8 33000 2
0 1 3 3 33000 2
0 1 3 3 33000 2
0 1 2 5 33000 2
0 1 2 6 33000 2
0 1 4 14 33000 2
0 1 9 11 33000 2
0 1 4 15 33000 2
0 1 8 13 33000 2
0 1 8 9 33000 2
0 1 8 14 33000 2
0 1 8 13 33000 2
0 1 8 1 33000 2
0 1 8 9 33000 2
0 1 8 12 33000 2
0 1 8 8 33000 2
0 1 8 15 33000 2
0 1 7 2 33000 2
0 1 7 10 33000 2
0 1 7 2 33000 2
0 1 6 8 33000 2
0 1 6 8 33000 2
0 1 4 7 33000 2
0 1 4 6 33000 2
0 1 4 13 33000 2
0 1 4 6 33000 2
0 1 4 15 33000 2
0 1 5 4 33000 2
0 1 5 4 33000 2
0 1 5 1 33000 2
0 1 6 13 33000 2
0 1 6 5 33000 2
0 1 5 4 33000 2
0 1 9 11 33500 2
0 1 9 13 33500 2
0 1 9 4 33500 2
0 1 9 3 33500 2
0 1 9 7 33500 2
0 1 10 6 33500 2
0 1 10 13 33500 2
0 1 10 3 33500 2
0 1 10 7 33500 2
0 1 10 15 33500 2
0 1 10 6 33500 2
0 1 10 8 33500 2
0 1 10 7 33500 2
0 1 10 0 33500 2
0 1 9 12 33500 2
0 1 9 8 33500 2
0 1 9 7 33500 2
0 1 9 8 33500 2
0 1 9 5 33500 2
0 1 9 7 33500 2
0 1 9 4 33500 2
0 1 9 3 33500 2
0 1 9 12 33500 2
0 1 9 12 33500 2
0 1 9 3 33500 2
0 1 9 1 33500 2
0 1 9 4 33500 2
0 1 9 15 33500 2
0 1 9 0 33500 2
0 1 11 11 33500 2
0 1 8 4 33500 2
0 1 13 4 33500 2
0 1 12 1 33500 2
0 1 12 9 33500 2
0 1 12 14 33500 2
0 1 12 11 33500 2
0 1 12 13 33500 2
0 1 12 15 33500 2
0 1 12 13 33500 2
0 1 12 2 33500 2
0 1 12 1 33500 2
0 1 12 9 33500 2
0 1 11 9 33500 2
0 1 11 13 33500 2
0 1 10 3 33500 2
0 1 11 14 33500 2
0 1 11 13 33500 2
0 1 11 5 33500 2
0 1 11 9 33500 2
0 1 11 15 33500 2
0 1 11 10 33500 2
0 1 11 8 33500 2
0 1 11 14 33500 2
0 1 11 13 33500 2
0 1 11 6 33500 2
0 1 10 3 33500 2
0 1 10 13 33500 2
0 1 10 15 33500 2
0 1 10 1 33500 2
0 1 3 12 33500 2
0 1 4 2 33500 2
0 1 4 0 33500 2
0 1 4 12 33500 2
0 1 4 7 33500 2
0 1 4 11 33500 2
0 1 4 7 33500 2
0 1 4 2 33500 2
0 1 4 15 33500 2
0 1 3 6 33500 2
0 1 3 9 33500 2
0 1 3 2 33500 2
0 1 3 6 33500 2
0 1 3 11 33500 2
0 1 3 13 33500 2
0 1 8 7 33500 2
0 1 3 14 33500 2
0 1 3 15 33500 2
0 1 3 5 33500 2
0 1 3 11 33500 2
0 1 3 4 33500 2
0 1 3 0 33500 2
0 1 3 6 33500 2
0 1 3 10 33500 2
0 1 3 1 33500 2
0 1 3 7 33500 2
0 1 3 5 33500 2
0 1 3 9 33500 2
0 1 3 5 33500 2
0 1 2 5 33500 2
0 1 4 12 33500 2
0 1 4 0 33500 2
0 1 8 1 33500 2
0 1 8 10 33500 2
0 1 8 10 33500 2
0 1 8 10 33500 2
0 1 8 7 33500 2
0 1 8 8 33500 2
0 1 8 1 33500 2
0 1 8 11 33500 2
0 1 8 0 33500 2
0 1 8 5 33500 2
0 1 7 10 33500 2
0 1 7 7 33500 2
0 1 7 12 33500 2
0 1 6 5 33500 2
0 1 7 9 33500 2
0 1 4 10 33500 2
0 1 4 9 33500 2
0 1 4 6 33500 2
0 1 4 15 33500 2
0 1 4 7 33500 2
0 1 5 15 33500 2
0 1 5 1 33500 2
0 1 5 13 33500 2
0 1 5 13 33500 2
0 1 5 9 33500 2
0 1 6 3 33500 2
0 1 5 2 33500 2
0 1 9 9 34000 2
0 1 9 1 34000 2
0 1 9 4 34000 2
0 1 9 4 34000 2
0 1 9 5 34000 2
0 1 10 13 34000 2
0 1 10 10 34000 2
0 1 10 4 34000 2
0 1 10 13 34000 2
0 1 10 3 34000 2
0 1 10 15 34000 2
0 1 10 0 34000 2
0 1 10 14 34000 2
0 1 10 8 34000 2
0 1 10 3 34000 2
0 1 9 4 34000 2
0 1 9 5 34000 2
0 1 9 8 34000 2
0 1 9 0 34000 2
0 1 9 13 34000 2
0 1 9 11 34000 2
0 1 9 15 34000 2
0 1 9 11 34000 2
0 1 9 5 34000 2
0 1 9 0 34000 2
0 1 9 15 34000 2
0 1 9 2 34000 2
0 1 9 3 34000 2
0 1 8 8 34000 2
0 1 8 7 34000 2
0 1 11 6 34000 2
0 1 8 14 34000 2
0 1 13 3 34000 2
0 1 12 4 34000 2
0 1 12 6 34000 2
0 1 12 13 34000 2
0 1 12 5 34000 2
0 1 12 9 34000 2
0 1 12 12 34000 2
0 1 12 8 34000 2
0 1 12 14 34000 2
0 1 12 8 34000 2
0 1 12 0 34000 2
0 1 11 3 34000 2
0 1 11 12 34000 2
0 1 10 8 34000 2
0 1 11 3 34000 2
0 1 11 13 34000 2
0 1 11 3 34000 2
0 1 11 1 34000 2
0 1 11 10 34000 2
0 1 11 8 34000 2
0 1 11 6 34000 2
0 1 11 11 34000 2
0 1 11 1 34000 2
0 1 11 3 34000 2
0 1 11 13 34000 2
0 1 10 15 34000 2
0 1 10 10 34000 2
0 1 10 12 34000 2
0 1 3 9 34000 2
0 1 4 5 34000 2
0 1 4 7 34000 2
0 1 4 6 34000 2
0 1 4 9 34000 2
0 1 4 7 34000 2
0 1 4 3 34000 2
0 1 3 0 34000 2
0 1 3 9 34000 2
0 1 3 11 34000 2
0 1 3 15 34000 2
0 1 3 7 34000 2
0 1 3 7 34000 2
0 1 3 14 34000 2
0 1 3 5 34000 2
0 1 8 14 34000 2
0 1 3 14 34000 2
0 1 3 8 34000 2
0 1 3 4 34000 2
0 1 3 1 34000 2
0 1 3 1 34000 2
0 1 3 12 34000 2
0 1 3 4 34000 2
0 1 3 2 34000 2
0 1 3 5 34000 2
0 1 3 6 34000 2
0 1 3 4 34000 2
0 1 3 13 34000 2
0 1 2 14 34000 2
0 1 2 12 34000 2
0 1 4 14 34000 2
0 1 4 0 34000 2
0 1 8 10 34000 2
0 1 8 6 34000 2
0 1 8 3 34000 2
0 1 8 11 34000 2
0 1 8 6 34000 2
0 1 8 6 34000 2
0 1 8 11 34000 2
0 1 8 14 34000 2
0 1 8 3 34000 2
0 1 7 7 34000 2
0 1 7 8 34000 2
0 1 7 13 34000 2
0 1 7 13 34000 2
0 1 6 0 34000 2
0 1 6 10 34000 2
0 1 4 1 34000 2
0 1 4 11 34000 2
0 1 4 9 34000 2
0 1 4 8 34000 2
0 1 4 11 34000 2
0 1 5 2 34000 2
0 1 5 11 34000 2
0 1 5 9 34000 2
0 1 6 7 34000 2
0 1 6 4 34000 2
0 1 6 11 34000 2
0 1 5 5 34000 2
0 1 9 6 34500 2
0 1 9 15 34500 2
0 1 9 7 34500 2
0 1 10 4 34500 2
0 1 10 3 34500 2
0 1 10 0 34500 2
0 1 10 1 34500 2
0 1 10 6 34500 2
0 1 10 15 34500 2
0 1 10 12 34500 2
0 1 10 2 34500 2
0 1 10 9 34500 2
0 1 10 5 34500 2
0 1 10 13 34500 2
0 1 9 12 34500 2
0 1 9 13 34500 2
0 1 9 6 34500 2
0 1 9 6 34500 2
0 1 9 15 34500 2
0 1 9 3 34500 2
0 1 9 5 34500 2
0 1 9 12 34500 2
0 1 9 14 34500 2
0 1 9 0 34500 2
0 1 9 4 34500 2
0 1 9 14 34500 2
0 1 9 15 34500 2
0 1 9 15 34500 2
0 1 9 0 34500 2
0 1 11 1 34500 2
0 1 9 2 34500 2
0 1 13 11 34500 2
0 1 13 8 34500 2
0 1 12 14 34500 2
0 1 12 11 34500 2
0 1 12 12 34500 2
0 1 12 4 34500 2
0 1 12 9 34500 2
0 1 12 14 34500 2
0 1 12 2 34500 2
0 1 12 12 34500 2
0 1 12 8 34500 2
0 1 12 8 34500 2
0 1 11 1 34500 2
0 1 10 3 34500 2
0 1 11 11 34500 2
0 1 11 4 34500 2
0 1 11 6 34500 2
0 1 11 5 34500 2
0 1 11 5 34500 2
0 1 11 6 34500 2
0 1 11 13 34500 2
0 1 11 3 34500 2
0 1 11 6 34500 2
0 1 11 3 34500 2
0 1 11 4 34500 2
0 1 11 0 34500 2
0 1 10 11 34500 2
0 1 10 3 34500 2
0 1 3 15 34500 2
0 1 4 8 34500 2
0 1 4 12 34500 2
0 1 4 15 34500 2
0 1 4 13 34500 2
0 1 4 4 34500 2
0 1 4 12 34500 2
0 1 4 13 34500 2
0 1 3 12 34500 2
0 1 3 14 34500 2
0 1 3 3 34500 2
0 1 3 4 34500 2
0 1 3 9 34500 2
0 1 3 12 34500 2
0 1 3 4 34500 2
0 1 9 11 34500 2
0 1 3 6 34500 2
0 1 3 7 34500 2
0 1 3 13 34500 2
0 1 3 3 34500 2
0 1 3 15 34500 2
0 1 3 8 34500 2
0 1 3 9 34500 2
0 1 3 6 34500 2
0 1 3 1 34500 2
0 1 3 8 34500 2
0 1 3 7 34500 2
0 1 2 11 34500 2
0 1 2 1 34500 2
0 1 2 9 34500 2
0 1 4 14 34500 2
0 1 4 8 34500 2
0 1 8 8 34500 2
0 1 8 12 34500 2
0 1 8 7 34500 2
0 1 8 3 34500 2
0 1 8 11 34500 2
0 1 8 2 34500 2
0 1 8 11 34500 2
0 1 8 9 34500 2
0 1 8 4 34500 2
0 1 8 11 34500 2
0 1 7 1 34500 2
0 1 7 0 34500 2
0 1 7 10 34500 2
0 1 6 15 34500 2
0 1 6 4 34500 2
0 1 4 5 34500 2
0 1 4 8 34500 2
0 1 4 14 34500 2
0 1 4 1 34500 2
0 1 4 8 34500 2
0 1 5 2 34500 2
0 1 5 8 34500 2
0 1 5 8 34500 2
0 1 6 0 34500 2
0 1 6 0 34500 2
0 1 6 12 34500 2
0 1 5 13 34500 2
0 1 9 14 35000 2
0 1 9 7 35000 2
0 1 9 3 35000 2
0 1 10 7 35000 2
0 1 10 6 35000 2
0 1 10 1 35000 2
0 1 10 1 35000 2
0 1 10 9 35000 2
0 1 10 10 35000 2
0 1 10 10 35000 2
0 1 10 3 35000 2
0 1 10 1 35000 2
0 1 10 14 35000 2
0 1 10 1 35000 2
0 1 9 10 35000 2
0 1 9 13 35000 2
0 1 9 4 35000 2
0 1 9 12 35000 2
0 1 9 12 35000 2
0 1 9 3 35000 2
0 1 9 15 35000 2
0 1 9 14 35000 2
0 1 9 7 35000 2
0 1 9 1 35000 2
0 1 9 2 35000 2
0 1 9 11 35000 2
0 1 9 9 35000 2
0 1 9 1 35000 2
0 1 9 0 35000 2
0 1 11 1 35000 2
0 1 9 9 35000 2
0 1 12 13 35000 2
0 1 12 3 35000 2
0 1 12 0 35000 2
0 1 12 1 35000 2
0 1 12 6 35000 2
0 1 12 3 35000 2
0 1 12 8 35000 2
0 1 12 8 35000 2
0 1 12 13 35000 2
0 1 11 13 35000 2
0 1 11 5 35000 2
0 1 11 0 35000 2
0 1 11 10 35000 2
0 1 10 14 35000 2
0 1 11 12 35000 2
0 1 11 10 35000 2
0 1 11 4 35000 2
0 1 11 0 35000 2
0 1 11 11 35000 2
0 1 11 1 35000 2
0 1 11 13 35000 2
0 1 11 1 35000 2
0 1 11 3 35000 2
0 1 11 11 35000 2
0 1 11 8 35000 2
0 1 10 7 35000 2
0 1 10 6 35000 2
0 1 3 11 35000 2
0 1 4 14 35000 2
0 1 4 7 35000 2
0 1 4 7 35000 2
0 1 4 6 35000 2
0 1 4 5 35000 2
0 1 3 4 35000 2
0 1 3 14 35000 2
0 1 3 13 35000 2
0 1 3 11 35000 2
0 1 3 5 35000 2
0 1 3 13 35000 2
0 1 3 15 35000 2
0 1 3 10 35000 2
0 1 3 10 35000 2
0 1 8 14 35000 2
0 1 3 11 35000 2
0 1 3 5 35000 2
0 1 3 3 35000 2
0 1 3 5 35000 2
0 1 3 14 35000 2
0 1 3 15 35000 2
0 1 3 8 35000 2
0 1 3 1 35000 2
0 1 3 0 35000 2
0 1 3 12 35000 2
0 1 3 10 35000 2
0 1 2 5 35000 2
0 1 2 9 35000 2
0 1 2 13 35000 2
0 1 4 6 35000 2
0 1 4 10 35000 2
0 1 8 13 35000 2
0 1 8 11 35000 2
0 1 8 11 35000 2
0 1 8 12 35000 2
0 1 8 9 35000 2
0 1 8 2 35000 2
0 1 8 14 35000 2
0 1 7 5 35000 2
0 1 7 14 35000 2
0 1 7 15 35000 2
0 1 6 11 35000 2
0 1 6 12 35000 2
0 1 6 8 35000 2
0 1 5 5 35000 2
0 1 5 15 35000 2
0 1 4 4 35000 2
0 1 4 1 35000 2
0 1 4 5 35000 2
0 1 4 14 35000 2
0 1 4 15 35000 2
0 1 4 13 35000 2
0 1 4 10 35000 2
0 1 4 0 35000 2
0 1 5 8 35000 2
0 1 5 0 35000 2
0 1 5 0 35000 2
0 1 9 9 35500 2
0 1 9 6 35500 2
0 1 10 8 35500 2
0 1 10 13 35500 2
0 1 10 15 35500 2
0 1 10 1 35500 2
0 1 10 7 35500 2
0 1 10 15 35500 2
0 1 10 12 35500 2
0 1 10 0 35500 2
0 1 10 14 35500 2
0 1 10 3 35500 2
0 1 10 2 35500 2
0 1 10 1 35500 2
0 1 10 3 35500 2
0 1 9 8 35500 2
0 1 9 15 35500 2
0 1 9 0 35500 2
0 1 9 9 35500 2
0 1 9 3 35500 2
0 1 9 10 35500 2
0 1 9 3 35500 2
0 1 9 2 35500 2
0 1 9 12 35500 2
0 1 9 3 35500 2
0 1 9 0 35500 2
0 1 9 15 35500 2
0 1 9 0 35500 2
0 1 7 8 35500 2
0 1 9 1 35500 2
0 1 11 14 35500 2
0 1 13 12 35500 2
0 1 12 13 35500 2
0 1 12 0 35500 2
0 1 12 8 35500 2
0 1 12 2 35500 2
0 1 12 13 35500 2
0 1 12 12 35500 2
0 1 12 9 35500 2
0 1 12 6 35500 2
0 1 12 0 35500 2
0 1 12 7 35500 2
0 1 11 3 35500 2
0 1 11 15 35500 2
0 1 11 14 35500 2
0 1 10 13 35500 2
0 1 11 1 35500 2
0 1 11 15 35500 2
0 1 11 7 35500 2
0 1 11 4 35500 2
0 1 11 10 35500 2
0 1 11 3 35500 2
0 1 11 4 35500 2
0 1 11 10 35500 2
0 1 11 8 35500 2
0 1 11 5 35500 2
0 1 11 0 35500 2
0 1 10 8 35500 2
0 1 10 4 35500 2
0 1 10 3 35500 2
0 1 3 14 35500 2
0 1 4 5 35500 2
0 1 4 12 35500 2
0 1 4 13 35500 2
0 1 4 7 35500 2
0 1 4 13 35500 2
0 1 4 3 35500 2
0 1 3 8 35500 2
0 1 3 10 35500 2
0 1 3 11 35500 2
0 1 3 0 35500 2
0 1 3 13 35500 2
0 1 3 12 35500 2
0 1 3 5 35500 2
0 1 3 12 35500 2
0 1 9 15 35500 2
0 1 3 10 35500 2
0 1 3 3 35500 2
0 1 3 6 35500 2
0 1 3 14 35500 2
0 1 3 9 35500 2
0 1 3 5 35500 2
0 1 3 11 35500 2
0 1 3 15 35500 2
0 1 3 15 35500 2
0 1 3 4 35500 2
0 1 3 13 35500 2
0 1 3 0 35500 2
0 1 3 7 35500 2
0 1 9 13 35500 2
0 1 4 5 35500 2
0 1 4 15 35500 2
0 1 8 4 35500 2
0 1 8 4 35500 2
0 1 8 2 35500 2
0 1 8 11 35500 2
0 1 8 9 35500 2
0 1 8 0 35500 2
0 1 8 2 35500 2
0 1 8 4 35500 2
0 1 8 7 35500 2
0 1 8 10 35500 2
0 1 8 1 35500 2
0 1 3 13 35500 2
0 1 7 10 35500 2
0 1 6 1 35500 2
0 1 7 12 35500 2
0 1 4 0 35500 2
0 1 4 1 35500 2
0 1 4 4 35500 2
0 1 4 3 35500 2
0 1 4 0 35500 2
0 1 5 13 35500 2
0 1 5 12 35500 2
0 1 5 0 35500 2
0 1 5 2 35500 2
0 1 5 12 35500 2
0 1 6 2 35500 2
0 1 6 1 35500 2
0 1 9 12 36000 2
0 1 9 10 36000 2
0 1 9 15 36000 2
0 1 10 2 36000 2
0 1 10 10 36000 2
0 1 10 3 36000 2
0 1 10 12 36000 2
0 1 10 2 36000 2
0 1 10 12 36000 2
0 1 10 7 36000 2
0 1 10 14 36000 2
0 1 10 6 36000 2
0 1 10 1 36000 2
0 1 10 3 36000 2
0 1 9 7 36000 2
0 1 9 3 36000 2
0 1 9 4 36000 2
0 1 9 4 36000 2
0 1 9 13 36000 2
0 1 9 0 36000 2
0 1 9 8 36000 2
0 1 9 11 36000 2
0 1 9 5 36000 2
0 1 9 12 36000 2
0 1 9 2 36000 2
0 1 9 14 36000 2
0 1 9 10 36000 2
0 1 9 11 36000 2
0 1 6 10 36000 2
0 1 11 14 36000 2
0 1 12 2 36000 2
0 1 12 11 36000 2
0 1 12 1 36000 2
0 1 12 5 36000 2
0 1 12 4 36000 2
0 1 12 14 36000 2
0 1 12 4 36000 2
0 1 12 13 36000 2
0 1 12 4 36000 2
0 1 12 5 36000 2
0 1 12 1 36000 2
0 1 11 7 36000 2
0 1 11 8 36000 2
0 1 11 11 36000 2
0 1 10 4 36000 2
0 1 11 4 36000 2
0 1 11 1 36000 2
0 1 11 4 36000 2
0 1 11 3 36000 2
0 1 11 12 36000 2
0 1 11 9 36000 2
0 1 11 14 36000 2
0 1 11 7 36000 2
0 1 11 3 36000 2
0 1 11 0 36000 2
0 1 10 4 36000 2
0 1 10 12 36000 2
0 1 10 7 36000 2
0 1 10 3 36000 2
0 1 3 6 36000 2
0 1 4 7 36000 2
0 1 4 3 36000 2
0 1 4 8 36000 2
0 1 4 8 36000 2
0 1 4 5 36000 2
0 1 4 0 36000 2
0 1 4 7 36000 2
0 1 4 10 36000 2
0 1 4 10 36000 2
0 1 3 14 36000 2
0 1 3 1 36000 2
0 1 3 12 36000 2
0 1 3 5 36000 2
0 1 3 13 36000 2
0 1 8 6 36000 2
0 1 3 8 36000 2
0 1 3 5 36000 2
0 1 3 4 36000 2
0 1 3 6 36000 2
0 1 3 15 36000 2
0 1 3 11 36000 2
0 1 3 6 36000 2
0 1 3 0 36000 2
0 1 3 14 36000 2
0 1 3 14 36000 2
0 1 3 6 36000 2
0 1 3 2 36000 2
0 1 2 13 36000 2
0 1 2 12 36000 2
0 1 4 4 36000 2
0 1 4 9 36000 2
0 1 8 6 36000 2
0 1 8 3 36000 2
0 1 8 3 36000 2
0 1 8 9 36000 2
0 1 8 7 36000 2
0 1 8 9 36000 2
0 1 8 3 36000 2
0 1 8 12 36000 2
0 1 8 12 36000 2
0 1 8 13 36000 2
0 1 7 4 36000 2
0 1 7 2 36000 2
0 1 6 8 36000 2
0 1 6 8 36000 2
0 1 6 5 36000 2
0 1 4 14 36000 2
0 1 4 2 36000 2
0 1 4 1 36000 2
0 1 4 12 36000 2
0 1 4 8 36000 2
0 1 4 11 36000 2
0 1 5 10 36000 2
0 1 5 3 36000 2
0 1 5 3 36000 2
0 1 5 1 36000 2
0 1 5 5 36000 2
0 1 5 8 36000 2
0 1 8 9 36500 2
0 1 8 14 36500 2
0 1 8 8 36500 2
0 1 8 10 36500 2
0 1 8 5 36500 2
0 1 8 6 36500 2
0 1 8 14 36500 2
0 1 8 2 36500 2
0 1 9 11 36500 2
0 1 9 1 36500 2
0 1 10 14 36500 2
0 1 10 0 36500 2
0 1 10 13 36500 2
0 1 10 14 36500 2
0 1 10 0 36500 2
0 1 7 5 36500 2
0 1 8 9 36500 2
0 1 8 10 36500 2
0 1 8 9 36500 2
0 1 8 7 36500 2
0 1 8 15 36500 2
0 1 8 14 36500 2
0 1 8 8 36500 2
0 1 8 5 36500 2
0 1 8 4 36500 2
0 1 8 2 36500 2
0 1 8 1 36500 2
0 1 8 14 36500 2
0 1 7 8 36500 2
0 1 7 9 36500 2
0 1 12 15 36500 2
0 1 7 10 36500 2
0 1 15 2 36500 2
0 1 15 11 36500 2
0 1 15 12 36500 2
0 1 14 15 36500 2
0 1 14 2 36500 2
0 1 14 6 36500 2
0 1 13 0 36500 2
0 1 13 0 36500 2
0 1 13 3 36500 2
0 1 13 13 36500 2
0 1 13 12 36500 2
0 1 13 6 36500 2
0 1 12 3 36500 2
0 1 12 9 36500 2
0 1 10 15 36500 2
0 1 12 14 36500 2
0 1 12 14 36500 2
0 1 12 4 36500 2
0 1 12 11 36500 2
0 1 11 0 36500 2
0 1 11 5 36500 2
0 1 11 13 36500 2
0 1 11 8 36500 2
0 1 11 15 36500 2
0 1 11 14 36500 2
0 1 11 0 36500 2
0 1 11 0 36500 2
0 1 10 4 36500 2
0 1 10 13 36500 2
0 1 5 0 36500 2
0 1 6 8 36500 2
0 1 5 1 36500 2
0 1 5 15 36500 2
0 1 5 11 36500 2
0 1 5 5 36500 2
0 1 5 13 36500 2
0 1 5 3 36500 2
0 1 5 15 36500 2
0 1 5 6 36500 2
0 1 5 8 36500 2
0 1 5 5 36500 2
0 1 5 3 36500 2
0 1 5 15 36500 2
0 1 5 1 36500 2
0 1 5 2 36500 2
0 1 7 4 36500 2
0 1 5 4 36500 2
0 1 5 7 36500 2
0 1 4 6 36500 2
0 1 4 11 36500 2
0 1 4 10 36500 2
0 1 4 4 36500 2
0 1 4 11 36500 2
0 1 4 0 36500 2
0 1 4 6 36500 2
0 1 4 5 36500 2
0 1 4 0 36500 2
0 1 4 10 36500 2
0 1 4 13 36500 2
0 1 7 6 36500 2
0 1 6 11 36500 2
0 1 6 8 36500 2
0 1 7 15 36500 2
0 1 7 6 36500 2
0 1 7 9 36500 2
0 1 7 6 36500 2
0 1 7 15 36500 2
0 1 7 7 36500 2
0 1 7 0 36500 2
0 1 7 0 36500 2
0 1 7 8 36500 2
0 1 7 3 36500 2
0 1 7 13 36500 2
0 1 7 3 36500 2
0 1 7 15 36500 2
0 1 7 7 36500 2
0 1 7 12 36500 2
0 1 6 10 36500 2
0 1 6 14 36500 2
0 1 6 8 36500 2
0 1 6 14 36500 2
0 1 6 14 36500 2
0 1 6 14 36500 2
0 1 6 14 36500 2
0 1 6 2 36500 2
0 1 6 8 36500 2
0 1 7 2 36500 2
0 1 7 13 36500 2
0 1 6 5 36500 2
0 1 8 7 37000 2
0 1 8 6 37000 2
0 1 8 5 37000 2
0 1 8 8 37000 2
0 1 8 4 37000 2
0 1 9 4 37000 2
0 1 9 12 37000 2
0 1 9 12 37000 2
0 1 10 8 37000 2
0 1 10 12 37000 2
0 1 10 1 37000 2
0 1 10 13 37000 2
0 1 10 3 37000 2
0 1 10 6 37000 2
0 1 10 6 37000 2
0 1 8 9 37000 2
0 1 8 8 37000 2
0 1 8 8 37000 2
0 1 8 7 37000 2
0 1 8 2 37000 2
0 1 8 7 37000 2
0 1 8 4 37000 2
0 1 8 7 37000 2
0 1 8 4 37000 2
0 1 8 3 37000 2
0 1 8 12 37000 2
0 1 8 5 37000 2
0 1 8 6 37000 2
0 1 8 8 37000 2
0 1 8 4 37000 2
0 1 12 10 37000 2
0 1 8 8 37000 2
0 1 15 7 37000 2
0 1 15 12 37000 2
0 1 15 10 37000 2
0 1 14 12 37000 2
0 1 14 11 37000 2
0 1 14 10 37000 2
0 1 13 14 37000 2
0 1 13 13 37000 2
0 1 13 14 37000 2
0 1 13 14 37000 2
0 1 13 3 37000 2
0 1 13 2 37000 2
0 1 13 8 37000 2
0 1 12 2 37000 2
0 1 10 6 37000 2
0 1 12 3 37000 2
0 1 12 5 37000 2
0 1 12 10 37000 2
0 1 12 13 37000 2
0 1 12 10 37000 2
0 1 12 6 37000 2
0 1 11 10 37000 2
0 1 11 13 37000 2
0 1 11 11 37000 2
0 1 11 2 37000 2
0 1 11 14 37000 2
0 1 11 1 37000 2
0 1 11 12 37000 2
0 1 11 0 37000 2
0 1 5 12 37000 2
0 1 6 10 37000 2
0 1 6 7 37000 2
0 1 6 3 37000 2
0 1 5 2 37000 2
0 1 5 8 37000 2
0 1 5 15 37000 2
0 1 5 2 37000 2
0 1 5 15 37000 2
0 1 5 8 37000 2
0 1 5 13 37000 2
0 1 5 2 37000 2
0 1 5 0 37000 2
0 1 5 3 37000 2
0 1 5 4 37000 2
0 1 5 0 37000 2
0 1 8 3 37000 2
0 1 5 4 37000 2
0 1 5 7 37000 2
0 1 5 6 37000 2
0 1 5 4 37000 2
0 1 4 6 37000 2
0 1 4 14 37000 2
0 1 4 7 37000 2
0 1 4 4 37000 2
0 1 4 3 37000 2
0 1 4 0 37000 2
0 1 4 15 37000 2
0 1 4 12 37000 2
0 1 4 15 37000 2
0 1 4 7 37000 2
0 1 6 14 37000 2
0 1 6 12 37000 2
0 1 7 8 37000 2
0 1 7 5 37000 2
0 1 7 2 37000 2
0 1 7 14 37000 2
0 1 7 8 37000 2
0 1 7 15 37000 2
0 1 7 0 37000 2
0 1 7 0 37000 2
0 1 7 11 37000 2
0 1 7 11 37000 2
0 1 7 5 37000 2
0 1 7 5 37000 2
0 1 7 3 37000 2
0 1 7 8 37000 2
0 1 7 15 37000 2
0 1 7 9 37000 2
0 1 6 14 37000 2
0 1 6 9 37000 2
0 1 6 0 37000 2
0 1 6 1 37000 2
0 1 6 15 37000 2
0 1 6 2 37000 2
0 1 6 12 37000 2
0 1 7 9 37000 2
0 1 7 6 37000 2
0 1 7 7 37000 2
0 1 7 11 37000 2
0 1 6 1 37000 2
0 1 8 1 37500 2
0 1 8 15 37500 2
0 1 8 12 37500 2
0 1 8 8 37500 2
0 1 8 2 37500 2
0 1 8 6 37500 2
0 1 9 12 37500 2
0 1 9 7 37500 2
0 1 9 14 37500 2
0 1 9 3 37500 2
0 1 10 5 37500 2
0 1 10 12 37500 2
0 1 10 1 37500 2
0 1 10 7 37500 2
0 1 10 5 37500 2
0 1 8 15 37500 2
0 1 8 15 37500 2
0 1 8 6 37500 2
0 1 8 12 37500 2
0 1 8 8 37500 2
0 1 8 1 37500 2
0 1 8 2 37500 2
0 1 8 5 37500 2
0 1 8 10 37500 2
0 1 8 10 37500 2
0 1 8 12 37500 2
0 1 8 2 37500 2
0 1 8 2 37500 2
0 1 8 1 37500 2
0 1 7 8 37500 2
0 1 12 7 37500 2
0 1 7 10 37500 2
0 1 15 10 37500 2
0 1 14 1 37500 2
0 1 14 7 37500 2
0 1 14 7 37500 2
0 1 13 10 37500 2
0 1 13 7 37500 2
0 1 13 0 37500 2
0 1 13 15 37500 2
0 1 13 3 37500 2
0 1 13 9 37500 2
0 1 13 1 37500 2
0 1 13 0 37500 2
0 1 12 4 37500 2
0 1 12 9 37500 2
0 1 10 9 37500 2
0 1 12 12 37500 2
0 1 12 13 37500 2
0 1 12 13 37500 2
0 1 12 4 37500 2
0 1 12 7 37500 2
0 1 11 15 37500 2
0 1 11 7 37500 2
0 1 11 12 37500 2
0 1 11 2 37500 2
0 1 11 6 37500 2
0 1 11 1 37500 2
0 1 11 12 37500 2
0 1 10 0 37500 2
0 1 10 1 37500 2
0 1 5 4 37500 2
0 1 6 15 37500 2
0 1 6 13 37500 2
0 1 6 6 37500 2
0 1 6 10 37500 2
0 1 6 14 37500 2
0 1 5 4 37500 2
0 1 5 8 37500 2
0 1 5 11 37500 2
0 1 5 2 37500 2
0 1 5 7 37500 2
0 1 5 8 37500 2
0 1 5 1 37500 2
0 1 5 1 37500 2
0 1 5 3 37500 2
0 1 5 3 37500 2
0 1 7 8 37500 2
0 1 5 8 37500 2
0 1 5 15 37500 2
0 1 4 14 37500 2
0 1 4 1 37500 2
0 1 4 15 37500 2
0 1 4 7 37500 2
0 1 4 12 37500 2
0 1 4 14 37500 2
0 1 4 14 37500 2
0 1 4 0 37500 2
0 1 4 3 37500 2
0 1 4 14 37500 2
0 1 4 6 37500 2
0 1 4 0 37500 2
0 1 6 10 37500 2
0 1 6 8 37500 2
0 1 7 3 37500 2
0 1 7 14 37500 2
0 1 7 14 37500 2
0 1 7 3 37500 2
0 1 7 8 37500 2
0 1 7 12 37500 2
0 1 7 11 37500 2
0 1 7 10 37500 2
0 1 7 7 37500 2
0 1 7 8 37500 2
0 1 7 9 37500 2
0 1 7 1 37500 2
0 1 7 11 37500 2
0 1 7 2 37500 2
0 1 7 8 37500 2
0 1 7 0 37500 2
0 1 6 15 37500 2
0 1 6 8 37500 2
0 1 6 1 37500 2
0 1 6 6 37500 2
0 1 6 11 37500 2
0 1 6 15 37500 2
0 1 6 11 37500 2
0 1 6 15 37500 2
0 1 7 9 37500 2
0 1 7 11 37500 2
0 1 7 2 37500 2
0 1 7 13 37500 2
0 1 8 6 38000 2
0 1 10 5 38000 2
0 1 8 12 38000 2
0 1 8 8 38000 2
0 1 8 13 38000 2
0 1 8 6 38000 2
0 1 8 6 38000 2
0 1 8 6 38000 2
0 1 9 8 38000 2
0 1 9 1 38000 2
0 1 9 5 38000 2
0 1 9 7 38000 2
0 1 10 13 38000 2
0 1 10 10 38000 2
0 1 10 10 38000 2
0 1 7 4 38000 2
0 1 8 10 38000 2
0 1 8 8 38000 2
0 1 8 14 38000 2
0 1 8 11 38000 2
0 1 8 15 38000 2
0 1 8 10 38000 2
0 1 8 5 38000 2
0 1 8 5 38000 2
0 1 8 6 38000 2
0 1 8 7 38000 2
0 1 8 6 38000 2
0 1 8 3 38000 2
0 1 8 4 38000 2
0 1 8 4 38000 2
0 1 7 11 38000 2
0 1 12 2 38000 2
0 1 15 0 38000 2
0 1 15 8 38000 2
0 1 15 3 38000 2
0 1 14 5 38000 2
0 1 14 1 38000 2
0 1 14 2 38000 2
0 1 14 4 38000 2
0 1 13 7 38000 2
0 1 13 14 38000 2
0 1 13 5 38000 2
0 1 13 12 38000 2
0 1 13 0 38000 2
0 1 13 2 38000 2
0 1 12 7 38000 2
0 1 12 8 38000 2
0 1 10 9 38000 2
0 1 12 11 38000 2
0 1 12 3 38000 2
0 1 12 4 38000 2
0 1 12 3 38000 2
0 1 12 10 38000 2
0 1 11 3 38000 2
0 1 11 3 38000 2
0 1 11 9 38000 2
0 1 11 7 38000 2
0 1 11 4 38000 2
0 1 11 12 38000 2
0 1 11 9 38000 2
0 1 11 12 38000 2
0 1 10 7 38000 2
0 1 10 13 38000 2
0 1 5 10 38000 2
0 1 6 1 38000 2
0 1 5 1 38000 2
0 1 5 4 38000 2
0 1 5 9 38000 2
0 1 5 0 38000 2
0 1 5 11 38000 2
0 1 5 14 38000 2
0 1 5 14 38000 2
0 1 5 7 38000 2
0 1 5 13 38000 2
0 1 5 11 38000 2
0 1 5 8 38000 2
0 1 5 15 38000 2
0 1 5 1 38000 2
0 1 5 13 38000 2
0 1 7 8 38000 2
0 1 5 3 38000 2
0 1 5 5 38000 2
0 1 4 14 38000 2
0 1 4 7 38000 2
0 1 4 11 38000 2
0 1 4 2 38000 2
0 1 4 12 38000 2
0 1 4 9 38000 2
0 1 4 14 38000 2
0 1 4 7 38000 2
0 1 4 5 38000 2
0 1 4 12 38000 2
0 1 4 3 38000 2
0 1 4 9 38000 2
0 1 6 6 38000 2
0 1 7 8 38000 2
0 1 7 8 38000 2
0 1 7 1 38000 2
0 1 7 9 38000 2
0 1 7 4 38000 2
0 1 7 9 38000 2
0 1 7 4 38000 2
0 1 7 9 38000 2
0 1 7 3 38000 2
0 1 7 5 38000 2
0 1 7 15 38000 2
0 1 7 1 38000 2
0 1 7 2 38000 2
0 1 7 13 38000 2
0 1 7 9 38000 2
0 1 7 14 38000 2
0 1 7 1 38000 2
0 1 6 14 38000 2
0 1 6 1 38000 2
0 1 6 11 38000 2
0 1 6 10 38000 2
0 1 6 7 38000 2
0 1 6 8 38000 2
0 1 6 14 38000 2
0 1 6 6 38000 2
0 1 6 0 38000 2
0 1 6 0 38000 2
0 1 6 10 38000 2
0 1 7 1 38000 2
0 1 6 9 38000 2
0 1 8 14 38500 2
0 1 8 3 38500 2
0 1 8 4 38500 2
0 1 8 10 38500 2
0 1 8 14 38500 2
0 1 9 4 38500 2
0 1 9 12 38500 2
0 1 9 2 38500 2
0 1 9 13 38500 2
0 1 10 3 38500 2
0 1 10 1 38500 2
0 1 10 10 38500 2
0 1 10 15 38500 2
0 1 8 7 38500 2
0 1 8 1 38500 2
0 1 8 6 38500 2
0 1 8 9 38500 2
0 1 8 6 38500 2
0 1 8 10 38500 2
0 1 8 1 38500 2
0 1 8 12 38500 2
0 1 8 12 38500 2
0 1 8 8 38500 2
0 1 8 13 38500 2
0 1 8 12 38500 2
0 1 8 14 38500 2
0 1 8 6 38500 2
0 1 8 4 38500 2
0 1 8 5 38500 2
0 1 12 15 38500 2
0 1 6 14 38500 2
0 1 15 7 38500 2
0 1 14 7 38500 2
0 1 14 13 38500 2
0 1 14 7 38500 2
0 1 13 3 38500 2
0 1 13 6 38500 2
0 1 13 10 38500 2
0 1 13 5 38500 2
0 1 13 13 38500 2
0 1 13 13 38500 2
0 1 13 15 38500 2
0 1 13 12 38500 2
0 1 12 2 38500 2
0 1 10 15 38500 2
0 1 12 5 38500 2
0 1 12 15 38500 2
0 1 12 15 38500 2
0 1 12 11 38500 2
0 1 12 14 38500 2
0 1 12 11 38500 2
0 1 11 1 38500 2
0 1 11 13 38500 2
0 1 11 8 38500 2
0 1 11 10 38500 2
0 1 11 3 38500 2
0 1 11 1 38500 2
0 1 11 0 38500 2
0 1 10 4 38500 2
0 1 5 8 38500 2
0 1 6 14 38500 2
0 1 5 0 38500 2
0 1 5 2 38500 2
0 1 5 14 38500 2
0 1 5 9 38500 2
0 1 5 7 38500 2
0 1 5 8 38500 2
0 1 5 12 38500 2
0 1 5 4 38500 2
0 1 5 6 38500 2
0 1 5 2 38500 2
0 1 5 5 38500 2
0 1 5 13 38500 2
0 1 5 8 38500 2
0 1 7 10 38500 2
0 1 5 1 38500 2
0 1 5 10 38500 2
0 1 4 7 38500 2
0 1 4 0 38500 2
0 1 4 9 38500 2
0 1 4 14 38500 2
0 1 4 2 38500 2
0 1 4 6 38500 2
0 1 4 13 38500 2
0 1 4 12 38500 2
0 1 4 6 38500 2
0 1 4 3 38500 2
0 1 4 7 38500 2
0 1 7 1 38500 2
0 1 6 3 38500 2
0 1 6 13 38500 2
0 1 7 6 38500 2
0 1 7 12 38500 2
0 1 7 1 38500 2
0 1 7 11 38500 2
0 1 7 12 38500 2
0 1 7 11 38500 2
0 1 7 13 38500 2
0 1 7 11 38500 2
0 1 7 12 38500 2
0 1 7 5 38500 2
0 1 7 6 38500 2
0 1 7 9 38500 2
0 1 7 5 38500 2
0 1 7 2 38500 2
0 1 7 13 38500 2
0 1 6 2 38500 2
0 1 6 6 38500 2
0 1 6 13 38500 2
0 1 6 13 38500 2
0 1 6 14 38500 2
0 1 6 4 38500 2
0 1 6 4 38500 2
0 1 6 5 38500 2
0 1 6 13 38500 2
0 1 6 1 38500 2
0 1 7 9 38500 2
0 1 8 13 39000 2
0 1 8 3 39000 2
0 1 8 12 39000 2
0 1 8 14 39000 2
0 1 8 11 39000 2
0 1 9 5 39000 2
0 1 9 8 39000 2
0 1 9 4 39000 2
0 1 9 10 39000 2
0 1 9 14 39000 2
0 1 10 0 39000 2
0 1 10 10 39000 2
0 1 10 4 39000 2
0 1 10 11 39000 2
0 1 10 7 39000 2
0 1 8 15 39000 2
0 1 8 15 39000 2
0 1 8 15 39000 2
0 1 8 1 39000 2
0 1 8 3 39000 2
0 1 8 6 39000 2
0 1 8 13 39000 2
0 1 8 14 39000 2
0 1 8 0 39000 2
0 1 8 15 39000 2
0 1 8 2 39000 2
0 1 8 15 39000 2
0 1 8 1 39000 2
0 1 8 15 39000 2
0 1 8 10 39000 2
0 1 7 15 39000 2
0 1 12 13 39000 2
0 1 15 0 39000 2
0 1 15 5 39000 2
0 1 14 11 39000 2
0 1 14 0 39000 2
0 1 14 9 39000 2
0 1 13 1 39000 2
0 1 13 4 39000 2
0 1 13 12 39000 2
0 1 13 1 39000 2
0 1 13 8 39000 2
0 1 13 13 39000 2
0 1 13 11 39000 2
0 1 12 12 39000 2
0 1 12 10 39000 2
0 1 12 0 39000 2
0 1 10 6 39000 2
0 1 12 11 39000 2
0 1 12 7 39000 2
0 1 11 3 39000 2
0 1 11 8 39000 2
0 1 11 12 39000 2
0 1 11 9 39000 2
0 1 11 15 39000 2
0 1 11 3 39000 2
0 1 11 2 39000 2
0 1 11 4 39000 2
0 1 11 12 39000 2
0 1 11 8 39000 2
0 1 10 8 39000 2
0 1 10 3 39000 2
0 1 5 4 39000 2
0 1 6 15 39000 2
0 1 5 4 39000 2
0 1 5 7 39000 2
0 1 5 12 39000 2
0 1 5 8 39000 2
0 1 5 2 39000 2
0 1 5 14 39000 2
0 1 5 12 39000 2
0 1 5 12 39000 2
0 1 5 12 39000 2
0 1 5 10 39000 2
0 1 5 11 39000 2
0 1 5 7 39000 2
0 1 5 12 39000 2
0 1 5 0 39000 2
0 1 7 13 39000 2
0 1 5 10 39000 2
0 1 5 6 39000 2
0 1 4 10 39000 2
0 1 4 12 39000 2
0 1 4 9 39000 2
0 1 4 0 39000 2
0 1 4 7 39000 2
0 1 4 7 39000 2
0 1 4 14 39000 2
0 1 4 11 39000 2
0 1 4 12 39000 2
0 1 4 10 39000 2
0 1 4 6 39000 2
0 1 4 5 39000 2
0 1 4 3 39000 2
0 1 6 8 39000 2
0 1 6 4 39000 2
0 1 7 4 39000 2
0 1 7 3 39000 2
0 1 7 14 39000 2
0 1 7 8 39000 2
0 1 7 10 39000 2
0 1 7 4 39000 2
0 1 7 6 39000 2
0 1 7 0 39000 2
0 1 7 1 39000 2
0 1 7 3 39000 2
0 1 7 1 39000 2
0 1 7 5 39000 2
0 1 7 0 39000 2
0 1 7 9 39000 2
0 1 7 6 39000 2
0 1 7 12 39000 2
0 1 6 5 39000 2
0 1 6 1 39000 2
0 1 6 3 39000 2
0 1 6 7 39000 2
0 1 6 9 39000 2
0 1 6 15 39000 2
0 1 6 9 39000 2
0 1 6 6 39000 2
0 1 6 11 39000 2
0 1 7 12 39000 2
0 1 7 3 39000 2
0 1 7 13 39000 2
0 1 8 1 39500 2
0 1 8 9 39500 2
0 1 8 14 39500 2
0 1 8 5 39500 2
0 1 8 7 39500 2
0 1 8 6 39500 2
0 1 8 3 39500 2
0 1 9 2 39500 2
0 1 9 11 39500 2
0 1 9 7 39500 2
0 1 9 13 39500 2
0 1 10 4 39500 2
0 1 10 5 39500 2
0 1 7 0 39500 2
0 1 10 11 39500 2
0 1 8 6 39500 2
0 1 8 6 39500 2
0 1 8 15 39500 2
0 1 8 8 39500 2
0 1 8 1 39500 2
0 1 8 2 39500 2
0 1 8 15 39500 2
0 1 8 6 39500 2
0 1 8 15 39500 2
0 1 8 6 39500 2
0 1 8 15 39500 2
0 1 8 7 39500 2
0 1 8 7 39500 2
0 1 7 11 39500 2
0 1 7 11 39500 2
0 1 12 12 39500 2
0 1 6 8 39500 2
0 1 15 3 39500 2
0 1 15 8 39500 2
0 1 14 12 39500 2
0 1 14 3 39500 2
0 1 14 3 39500 2
0 1 13 15 39500 2
0 1 13 14 39500 2
0 1 13 13 39500 2
0 1 13 0 39500 2
0 1 13 12 39500 2
0 1 13 0 39500 2
0 1 13 2 39500 2
0 1 12 6 39500 2
0 1 12 10 39500 2
0 1 10 15 39500 2
0 1 12 10 39500 2
0 1 12 0 39500 2
0 1 12 14 39500 2
0 1 11 8 39500 2
0 1 11 15 39500 2
0 1 11 15 39500 2
0 1 11 10 39500 2
0 1 11 11 39500 2
0 1 11 11 39500 2
0 1 11 0 39500 2
0 1 10 4 39500 2
0 1 10 1 39500 2
0 1 10 9 39500 2
0 1 10 1 39500 2
0 1 5 5 39500 2
0 1 6 12 39500 2
0 1 5 6 39500 2
0 1 5 10 39500 2
0 1 5 7 39500 2
0 1 5 15 39500 2
0 1 5 1 39500 2
0 1 5 1 39500 2
0 1 5 8 39500 2
0 1 5 7 39500 2
0 1 5 12 39500 2
0 1 5 5 39500 2
0 1 5 1 39500 2
0 1 5 0 39500 2
0 1 5 7 39500 2
0 1 5 4 39500 2
0 1 7 1 39500 2
0 1 5 7 39500 2
0 1 4 6 39500 2
0 1 4 13 39500 2
0 1 4 8 39500 2
0 1 4 5 39500 2
0 1 4 7 39500 2
0 1 4 11 39500 2
0 1 4 2 39500 2
0 1 4 4 39500 2
0 1 4 2 39500 2
0 1 4 8 39500 2
0 1 4 11 39500 2
0 1 4 4 39500 2
0 1 7 8 39500 2
0 1 6 1 39500 2
0 1 6 12 39500 2
0 1 7 14 39500 2
0 1 7 7 39500 2
0 1 7 15 39500 2
0 1 7 11 39500 2
0 1 7 15 39500 2
0 1 7 13 39500 2
0 1 7 9 39500 2
0 1 7 8 39500 2
0 1 7 7 39500 2
0 1 7 2 39500 2
0 1 7 0 39500 2
0 1 7 14 39500 2
0 1 7 3 39500 2
0 1 7 7 39500 2
0 1 7 11 39500 2
0 1 7 8 39500 2
0 1 6 6 39500 2
0 1 6 13 39500 2
0 1 6 6 39500 2
0 1 6 3 39500 2
0 1 6 11 39500 2
0 1 6 4 39500 2
0 1 6 3 39500 2
0 1 6 3 39500 2
0 1 6 15 39500 2
0 1 6 10 39500 2
0 1 7 6 39500 2
0 1 6 7 39500 2
0 1 8 2 40000 2
0 1 8 10 40000 2
0 1 8 4 40000 2
0 1 8 13 40000 2
0 1 8 4 40000 2
0 1 9 7 40000 2
0 1 9 9 40000 2
0 1 9 2 40000 2
0 1 9 5 40000 2
0 1 10 12 40000 2
0 1 10 15 40000 2
0 1 10 13 40000 2
0 1 10 15 40000 2
0 1 10 14 40000 2
0 1 10 11 40000 2
0 1 8 15 40000 2
0 1 8 2 40000 2
0 1 8 13 40000 2
0 1 8 1 40000 2
0 1 8 3 40000 2
0 1 8 14 40000 2
0 1 8 3 40000 2
0 1 8 13 40000 2
0 1 8 0 40000 2
0 1 8 6 40000 2
0 1 8 11 40000 2
0 1 8 14 40000 2
0 1 8 13 40000 2
0 1 8 6 40000 2
0 1 8 15 40000 2
0 1 12 12 40000 2
0 1 15 7 40000 2
0 1 15 2 40000 2
0 1 15 8 40000 2
0 1 14 5 40000 2
0 1 14 5 40000 2
0 1 14 11 40000 2
0 1 13 3 40000 2
0 1 13 1 40000 2
0 1 13 2 40000 2
0 1 13 2 40000 2
0 1 13 2 40000 2
0 1 13 11 40000 2
0 1 13 15 40000 2
0 1 13 4 40000 2
0 1 13 14 40000 2
0 1 10 3 40000 2
0 1 12 9 40000 2
0 1 12 5 40000 2
0 1 12 7 40000 2
0 1 12 15 40000 2
0 1 12 3 40000 2
0 1 12 13 40000 2
0 1 12 8 40000 2
0 1 11 5 40000 2
0 1 11 7 40000 2
0 1 11 3 40000 2
0 1 11 6 40000 2
0 1 11 1 40000 2
0 1 11 15 40000 2
0 1 11 2 40000 2
0 1 5 12 40000 2
0 1 6 7 40000 2
0 1 6 11 40000 2
0 1 6 9 40000 2
0 1 6 1 40000 2
0 1 6 3 40000 2
0 1 6 12 40000 2
0 1 5 14 40000 2
0 1 5 6 40000 2
0 1 5 9 40000 2
0 1 5 9 40000 2
0 1 5 13 40000 2
0 1 5 10 40000 2
0 1 5 0 40000 2
0 1 5 7 40000 2
0 1 5 3 40000 2
0 1 6 10 40000 2
0 1 5 2 40000 2
0 1 5 8 40000 2
0 1 4 14 40000 2
0 1 4 6 40000 2
0 1 4 13 40000 2
0 1 4 1 40000 2
0 1 4 6 40000 2
0 1 4 3 40000 2
0 1 4 10 40000 2
0 1 4 15 40000 2
0 1 4 0 40000 2
0 1 4 7 40000 2
0 1 4 2 40000 2
0 1 4 7 40000 2
0 1 7 15 40000 2
0 1 8 4 40000 2
0 1 8 13 40000 2
0 1 7 5 40000 2
0 1 7 14 40000 2
0 1 7 14 40000 2
0 1 7 11 40000 2
0 1 7 5 40000 2
0 1 7 0 40000 2
0 1 7 5 40000 2
0 1 7 9 40000 2
0 1 7 0 40000 2
0 1 7 6 40000 2
0 1 7 12 40000 2
0 1 7 4 40000 2
0 1 7 8 40000 2
0 1 8 1 40000 2
0 1 7 9 40000 2
0 1 7 11 40000 2
0 1 7 13 40000 2
0 1 7 11 40000 2
0 1 7 5 40000 2
0 1 6 7 40000 2
0 1 6 6 40000 2
0 1 6 11 40000 2
0 1 6 2 40000 2
0 1 6 9 40000 2
0 1 6 4 40000 2
0 1 6 4 40000 2
0 1 6 15 40000 2
0 1 6 9 40000 2
