0 1 10 4 500 2
0 1 11 6 500 2
0 1 11 15 500 2
0 1 11 11 500 2
0 1 11 8 500 2
0 1 11 11 500 2
0 1 10 11 500 2
0 1 10 4 500 2
0 1 10 9 500 2
0 1 10 9 500 2
0 1 12 8 500 2
0 1 9 13 500 2
0 1 9 3 500 2
0 1 8 8 500 2
0 1 8 0 500 2
0 1 8 13 500 2
0 1 8 10 500 2
0 1 7 5 500 2
0 1 7 9 500 2
0 1 13 2 500 2
0 1 4 15 500 2
0 1 15 7 500 2
0 1 15 3 500 2
0 1 15 14 500 2
0 1 14 14 500 2
0 1 14 2 500 2
0 1 13 3 500 2
0 1 13 15 500 2
0 1 4 5 500 2
0 1 13 9 500 2
0 1 13 6 500 2
0 1 13 14 500 2
0 1 13 1 500 2
0 1 12 6 500 2
0 1 12 8 500 2
0 1 12 12 500 2
0 1 12 0 500 2
0 1 4 1 500 2
0 1 5 6 500 2
0 1 5 11 500 2
0 1 4 11 500 2
0 1 4 11 500 2
0 1 4 2 500 2
0 1 4 0 500 2
0 1 4 5 500 2
0 1 4 0 500 2
0 1 7 5 500 2
0 1 4 5 500 2
0 1 4 5 500 2
0 1 4 2 500 2
0 1 4 9 500 2
0 1 4 13 500 2
0 1 4 4 500 2
0 1 4 13 500 2
0 1 7 1 500 2
0 1 5 9 500 2
0 1 5 14 500 2
0 1 6 9 500 2
0 1 6 8 500 2
0 1 6 13 500 2
0 1 6 14 500 2
0 1 6 2 500 2
0 1 5 8 500 2
0 1 5 15 500 2
0 1 5 0 500 2
0 1 5 0 500 2
0 1 5 15 500 2
0 1 5 6 500 2
0 1 5 3 500 2
0 1 5 11 500 2
0 1 5 1 500 2
0 1 5 2 500 2
0 1 11 15 1000 2
0 1 11 5 1000 2
0 1 10 8 1000 2
0 1 10 5 1000 2
0 1 10 13 1000 2
0 1 10 12 1000 2
0 1 10 1 1000 2
0 1 10 12 1000 2
0 1 9 2 1000 2
0 1 9 8 1000 2
0 1 9 5 1000 2
0 1 8 8 1000 2
0 1 8 10 1000 2
0 1 8 13 1000 2
0 1 8 0 1000 2
0 1 8 9 1000 2
0 1 7 15 1000 2
0 1 13 13 1000 2
0 1 11 5 1000 2
0 1 15 1 1000 2
0 1 15 15 1000 2
0 1 14 11 1000 2
0 1 14 5 1000 2
0 1 14 15 1000 2
0 1 13 10 1000 2
0 1 13 4 1000 2
0 1 11 11 1000 2
0 1 13 5 1000 2
0 1 13 14 1000 2
0 1 12 4 1000 2
0 1 12 11 1000 2
0 1 12 15 1000 2
0 1 12 6 1000 2
0 1 12 4 1000 2
0 1 11 3 1000 2
0 1 4 11 1000 2
0 1 4 15 1000 2
0 1 5 1 1000 2
0 1 5 11 1000 2
0 1 5 13 1000 2
0 1 5 12 1000 2
0 1 4 9 1000 2
0 1 4 10 1000 2
0 1 4 6 1000 2
0 1 4 0 1000 2
0 1 7 15 1000 2
0 1 4 4 1000 2
0 1 4 0 1000 2
0 1 4 3 1000 2
0 1 4 5 1000 2
0 1 4 7 1000 2
0 1 4 5 1000 2
0 1 4 7 1000 2
0 1 7 13 1000 2
0 1 5 10 1000 2
0 1 5 7 1000 2
0 1 7 11 1000 2
0 1 7 0 1000 2
0 1 6 15 1000 2
0 1 6 14 1000 2
0 1 6 0 1000 2
0 1 6 14 1000 2
0 1 6 3 1000 2
0 1 5 13 1000 2
0 1 6 14 1000 2
0 1 5 4 1000 2
0 1 5 0 1000 2
0 1 5 3 1000 2
0 1 5 7 1000 2
0 1 5 6 1000 2
0 1 5 3 1000 2
0 1 11 11 1500 2
0 1 11 3 1500 2
0 1 11 9 1500 2
0 1 11 7 1500 2
0 1 10 11 1500 2
0 1 10 10 1500 2
0 1 10 4 1500 2
0 1 10 4 1500 2
0 1 9 14 1500 2
0 1 9 2 1500 2
0 1 8 9 1500 2
0 1 8 4 1500 2
0 1 8 11 1500 2
0 1 8 9 1500 2
0 1 8 12 1500 2
0 1 7 15 1500 2
0 1 7 3 1500 2
0 1 7 15 1500 2
0 1 13 2 1500 2
0 1 15 11 1500 2
0 1 15 10 1500 2
0 1 15 0 1500 2
0 1 14 1 1500 2
0 1 14 15 1500 2
0 1 14 5 1500 2
0 1 13 15 1500 2
0 1 13 11 1500 2
0 1 11 4 1500 2
0 1 13 9 1500 2
0 1 13 2 1500 2
0 1 13 3 1500 2
0 1 12 6 1500 2
0 1 12 5 1500 2
0 1 12 5 1500 2
0 1 12 3 1500 2
0 1 12 4 1500 2
0 1 4 0 1500 2
0 1 4 4 1500 2
0 1 4 9 1500 2
0 1 4 7 1500 2
0 1 4 4 1500 2
0 1 4 14 1500 2
0 1 4 14 1500 2
0 1 4 11 1500 2
0 1 4 12 1500 2
0 1 4 15 1500 2
0 1 6 4 1500 2
0 1 4 6 1500 2
0 1 4 10 1500 2
0 1 4 3 1500 2
0 1 4 7 1500 2
0 1 4 6 1500 2
0 1 4 5 1500 2
0 1 4 14 1500 2
0 1 7 3 1500 2
0 1 5 2 1500 2
0 1 5 4 1500 2
0 1 6 6 1500 2
0 1 6 1 1500 2
0 1 6 0 1500 2
0 1 6 8 1500 2
0 1 6 14 1500 2
0 1 5 13 1500 2
0 1 5 14 1500 2
0 1 5 13 1500 2
0 1 5 8 1500 2
0 1 5 6 1500 2
0 1 5 4 1500 2
0 1 5 6 1500 2
0 1 5 11 1500 2
0 1 5 12 1500 2
0 1 5 10 1500 2
0 1 5 14 1500 2
0 1 10 4 2000 2
0 1 10 14 2000 2
0 1 10 0 2000 2
0 1 10 2 2000 2
0 1 10 13 2000 2
0 1 11 5 2000 2
0 1 11 1 2000 2
0 1 11 3 2000 2
0 1 12 8 2000 2
0 1 9 11 2000 2
0 1 9 7 2000 2
0 1 9 6 2000 2
0 1 8 13 2000 2
0 1 8 12 2000 2
0 1 8 11 2000 2
0 1 8 8 2000 2
0 1 8 13 2000 2
0 1 8 6 2000 2
0 1 13 12 2000 2
0 1 5 0 2000 2
0 1 15 7 2000 2
0 1 15 15 2000 2
0 1 15 11 2000 2
0 1 14 12 2000 2
0 1 14 14 2000 2
0 1 14 5 2000 2
0 1 14 7 2000 2
0 1 13 12 2000 2
0 1 12 13 2000 2
0 1 13 4 2000 2
0 1 13 14 2000 2
0 1 13 15 2000 2
0 1 13 4 2000 2
0 1 13 15 2000 2
0 1 12 8 2000 2
0 1 12 0 2000 2
0 1 12 1 2000 2
0 1 4 0 2000 2
0 1 5 11 2000 2
0 1 5 3 2000 2
0 1 4 9 2000 2
0 1 4 1 2000 2
0 1 4 6 2000 2
0 1 4 5 2000 2
0 1 4 11 2000 2
0 1 4 3 2000 2
0 1 4 6 2000 2
0 1 7 1 2000 2
0 1 4 2 2000 2
0 1 4 11 2000 2
0 1 4 11 2000 2
0 1 4 8 2000 2
0 1 4 1 2000 2
0 1 4 13 2000 2
0 1 4 2 2000 2
0 1 7 3 2000 2
0 1 5 14 2000 2
0 1 4 1 2000 2
0 1 7 11 2000 2
0 1 7 11 2000 2
0 1 6 1 2000 2
0 1 6 15 2000 2
0 1 6 4 2000 2
0 1 6 9 2000 2
0 1 6 2 2000 2
0 1 5 13 2000 2
0 1 5 10 2000 2
0 1 5 10 2000 2
0 1 5 3 2000 2
0 1 5 0 2000 2
0 1 5 4 2000 2
0 1 5 2 2000 2
0 1 5 3 2000 2
0 1 12 15 2500 2
0 1 11 5 2500 2
0 1 11 9 2500 2
0 1 11 15 2500 2
0 1 11 6 2500 2
0 1 11 3 2500 2
0 1 10 1 2500 2
0 1 10 12 2500 2
0 1 10 4 2500 2
0 1 10 2 2500 2
0 1 9 12 2500 2
0 1 9 11 2500 2
0 1 8 4 2500 2
0 1 8 12 2500 2
0 1 8 3 2500 2
0 1 8 11 2500 2
0 1 7 4 2500 2
0 1 7 10 2500 2
0 1 13 5 2500 2
0 1 7 9 2500 2
0 1 15 12 2500 2
0 1 15 4 2500 2
0 1 14 4 2500 2
0 1 14 4 2500 2
0 1 14 11 2500 2
0 1 13 9 2500 2
0 1 13 3 2500 2
0 1 12 7 2500 2
0 1 13 3 2500 2
0 1 13 11 2500 2
0 1 13 0 2500 2
0 1 13 11 2500 2
0 1 12 5 2500 2
0 1 12 5 2500 2
0 1 12 6 2500 2
0 1 12 6 2500 2
0 1 4 11 2500 2
0 1 5 14 2500 2
0 1 5 14 2500 2
0 1 5 11 2500 2
0 1 4 8 2500 2
0 1 4 10 2500 2
0 1 4 14 2500 2
0 1 4 3 2500 2
0 1 4 9 2500 2
0 1 7 8 2500 2
0 1 4 11 2500 2
0 1 4 1 2500 2
0 1 4 4 2500 2
0 1 4 8 2500 2
0 1 4 14 2500 2
0 1 4 0 2500 2
0 1 4 5 2500 2
0 1 4 4 2500 2
0 1 5 6 2500 2
0 1 5 9 2500 2
0 1 7 1 2500 2
0 1 6 15 2500 2
0 1 6 2 2500 2
0 1 6 6 2500 2
0 1 6 12 2500 2
0 1 6 11 2500 2
0 1 5 7 2500 2
0 1 5 14 2500 2
0 1 5 14 2500 2
0 1 5 2 2500 2
0 1 5 0 2500 2
0 1 5 11 2500 2
0 1 5 12 2500 2
0 1 5 7 2500 2
0 1 5 15 2500 2
0 1 10 4 3000 2
0 1 10 15 3000 2
0 1 10 5 3000 2
0 1 10 0 3000 2
0 1 11 3 3000 2
0 1 11 4 3000 2
0 1 11 15 3000 2
0 1 11 4 3000 2
0 1 11 0 3000 2
0 1 10 3 3000 2
0 1 9 9 3000 2
0 1 9 11 3000 2
0 1 8 8 3000 2
0 1 8 2 3000 2
0 1 8 12 3000 2
0 1 8 3 3000 2
0 1 8 2 3000 2
0 1 4 0 3000 2
0 1 13 9 3000 2
0 1 15 12 3000 2
0 1 15 5 3000 2
0 1 15 6 3000 2
0 1 14 14 3000 2
0 1 14 5 3000 2
0 1 14 13 3000 2
0 1 14 11 3000 2
0 1 13 8 3000 2
0 1 11 8 3000 2
0 1 13 2 3000 2
0 1 13 2 3000 2
0 1 13 6 3000 2
0 1 12 0 3000 2
0 1 12 11 3000 2
0 1 12 15 3000 2
0 1 12 4 3000 2
0 1 12 1 3000 2
0 1 4 14 3000 2
0 1 5 11 3000 2
0 1 5 3 3000 2
0 1 5 15 3000 2
0 1 5 0 3000 2
0 1 5 10 3000 2
0 1 4 4 3000 2
0 1 4 14 3000 2
0 1 4 15 3000 2
0 1 4 10 3000 2
0 1 7 8 3000 2
0 1 4 6 3000 2
0 1 4 11 3000 2
0 1 4 5 3000 2
0 1 4 3 3000 2
0 1 4 7 3000 2
0 1 4 13 3000 2
0 1 4 2 3000 2
0 1 8 12 3000 2
0 1 5 2 3000 2
0 1 5 13 3000 2
0 1 7 9 3000 2
0 1 7 0 3000 2
0 1 7 15 3000 2
0 1 7 1 3000 2
0 1 6 11 3000 2
0 1 6 13 3000 2
0 1 6 8 3000 2
0 1 6 14 3000 2
0 1 6 10 3000 2
0 1 5 6 3000 2
0 1 5 8 3000 2
0 1 5 7 3000 2
0 1 5 0 3000 2
0 1 5 12 3000 2
0 1 6 6 3000 2
0 1 10 4 3500 2
0 1 10 11 3500 2
0 1 10 13 3500 2
0 1 10 2 3500 2
0 1 10 8 3500 2
0 1 11 0 3500 2
0 1 11 2 3500 2
0 1 11 12 3500 2
0 1 11 12 3500 2
0 1 9 5 3500 2
0 1 9 1 3500 2
0 1 8 5 3500 2
0 1 8 10 3500 2
0 1 8 10 3500 2
0 1 8 4 3500 2
0 1 8 14 3500 2
0 1 7 0 3500 2
0 1 7 6 3500 2
0 1 13 5 3500 2
0 1 12 6 3500 2
0 1 15 8 3500 2
0 1 15 6 3500 2
0 1 14 6 3500 2
0 1 14 15 3500 2
0 1 14 2 3500 2
0 1 14 15 3500 2
0 1 13 8 3500 2
0 1 13 10 3500 2
0 1 11 12 3500 2
0 1 13 12 3500 2
0 1 13 6 3500 2
0 1 13 1 3500 2
0 1 12 14 3500 2
0 1 12 10 3500 2
0 1 12 15 3500 2
0 1 12 9 3500 2
0 1 11 2 3500 2
0 1 4 12 3500 2
0 1 4 11 3500 2
0 1 4 7 3500 2
0 1 4 10 3500 2
0 1 4 3 3500 2
0 1 4 11 3500 2
0 1 4 6 3500 2
0 1 4 6 3500 2
0 1 4 9 3500 2
0 1 4 11 3500 2
0 1 7 15 3500 2
0 1 4 14 3500 2
0 1 4 5 3500 2
0 1 4 0 3500 2
0 1 4 11 3500 2
0 1 4 15 3500 2
0 1 4 14 3500 2
0 1 4 8 3500 2
0 1 7 8 3500 2
0 1 5 5 3500 2
0 1 5 13 3500 2
0 1 7 8 3500 2
0 1 6 0 3500 2
0 1 6 1 3500 2
0 1 6 9 3500 2
0 1 6 14 3500 2
0 1 5 11 3500 2
0 1 5 8 3500 2
0 1 5 13 3500 2
0 1 5 14 3500 2
0 1 5 0 3500 2
0 1 5 11 3500 2
0 1 5 1 3500 2
0 1 5 2 3500 2
0 1 5 6 3500 2
0 1 5 0 3500 2
0 1 5 15 3500 2
0 1 12 15 4000 2
0 1 12 13 4000 2
0 1 11 5 4000 2
0 1 11 11 4000 2
0 1 11 9 4000 2
0 1 11 3 4000 2
0 1 11 11 4000 2
0 1 10 3 4000 2
0 1 10 15 4000 2
0 1 10 9 4000 2
0 1 10 4 4000 2
0 1 10 13 4000 2
0 1 9 12 4000 2
0 1 8 7 4000 2
0 1 8 2 4000 2
0 1 8 11 4000 2
0 1 8 12 4000 2
0 1 8 10 4000 2
0 1 13 3 4000 2
0 1 10 1 4000 2
0 1 15 11 4000 2
0 1 15 0 4000 2
0 1 15 8 4000 2
0 1 14 12 4000 2
0 1 14 5 4000 2
0 1 14 1 4000 2
0 1 13 4 4000 2
0 1 12 14 4000 2
0 1 13 6 4000 2
0 1 13 2 4000 2
0 1 13 10 4000 2
0 1 13 7 4000 2
0 1 13 9 4000 2
0 1 12 8 4000 2
0 1 12 12 4000 2
0 1 12 5 4000 2
0 1 4 9 4000 2
0 1 5 13 4000 2
0 1 5 13 4000 2
0 1 5 6 4000 2
0 1 5 11 4000 2
0 1 5 8 4000 2
0 1 5 11 4000 2
0 1 4 13 4000 2
0 1 4 10 4000 2
0 1 4 6 4000 2
0 1 7 2 4000 2
0 1 4 11 4000 2
0 1 4 2 4000 2
0 1 4 10 4000 2
0 1 4 0 4000 2
0 1 4 8 4000 2
0 1 4 11 4000 2
0 1 4 5 4000 2
0 1 4 8 4000 2
0 1 5 3 4000 2
0 1 5 2 4000 2
0 1 7 1 4000 2
0 1 7 8 4000 2
0 1 7 15 4000 2
0 1 6 12 4000 2
0 1 6 6 4000 2
0 1 6 7 4000 2
0 1 6 10 4000 2
0 1 6 4 4000 2
0 1 6 1 4000 2
0 1 6 8 4000 2
0 1 5 3 4000 2
0 1 5 6 4000 2
0 1 5 2 4000 2
0 1 5 4 4000 2
0 1 8 15 4000 2
0 1 11 14 4500 2
0 1 11 4 4500 2
0 1 11 13 4500 2
0 1 11 10 4500 2
0 1 11 4 4500 2
0 1 11 0 4500 2
0 1 11 13 4500 2
0 1 11 3 4500 2
0 1 11 9 4500 2
0 1 11 9 4500 2
0 1 11 0 4500 2
0 1 11 15 4500 2
0 1 11 12 4500 2
0 1 11 9 4500 2
0 1 11 12 4500 2
0 1 11 12 4500 2
0 1 11 5 4500 2
0 1 11 4 4500 2
0 1 10 5 4500 2
0 1 10 14 4500 2
0 1 10 3 4500 2
0 1 9 7 4500 2
0 1 9 11 4500 2
0 1 9 1 4500 2
0 1 9 7 4500 2
0 1 9 12 4500 2
0 1 9 1 4500 2
0 1 9 11 4500 2
0 1 12 4 4500 2
0 1 4 3 4500 2
0 1 12 4 4500 2
0 1 12 2 4500 2
0 1 12 1 4500 2
0 1 12 13 4500 2
0 1 12 11 4500 2
0 1 12 1 4500 2
0 1 12 9 4500 2
0 1 12 4 4500 2
0 1 12 15 4500 2
0 1 12 1 4500 2
0 1 12 12 4500 2
0 1 12 8 4500 2
0 1 11 11 4500 2
0 1 12 9 4500 2
0 1 12 6 4500 2
0 1 12 0 4500 2
0 1 12 0 4500 2
0 1 12 15 4500 2
0 1 12 2 4500 2
0 1 12 7 4500 2
0 1 12 7 4500 2
0 1 12 6 4500 2
0 1 12 8 4500 2
0 1 12 3 4500 2
0 1 12 11 4500 2
0 1 11 7 4500 2
0 1 2 9 4500 2
0 1 4 10 4500 2
0 1 4 13 4500 2
0 1 4 8 4500 2
0 1 3 14 4500 2
0 1 3 0 4500 2
0 1 3 6 4500 2
0 1 3 9 4500 2
0 1 3 14 4500 2
0 1 3 1 4500 2
0 1 3 12 4500 2
0 1 3 11 4500 2
0 1 3 13 4500 2
0 1 3 3 4500 2
0 1 3 6 4500 2
0 1 8 1 4500 2
0 1 2 1 4500 2
0 1 2 3 4500 2
0 1 2 6 4500 2
0 1 2 2 4500 2
0 1 2 13 4500 2
0 1 2 12 4500 2
0 1 2 5 4500 2
0 1 2 2 4500 2
0 1 2 4 4500 2
0 1 1 9 4500 2
0 1 1 13 4500 2
0 1 1 0 4500 2
0 1 1 14 4500 2
0 1 4 10 4500 2
0 1 4 11 4500 2
0 1 8 1 4500 2
0 1 8 10 4500 2
0 1 8 9 4500 2
0 1 8 2 4500 2
0 1 8 13 4500 2
0 1 8 2 4500 2
0 1 7 6 4500 2
0 1 7 9 4500 2
0 1 7 4 4500 2
0 1 7 5 4500 2
0 1 7 4 4500 2
0 1 7 14 4500 2
0 1 6 1 4500 2
0 1 7 10 4500 2
0 1 4 14 4500 2
0 1 8 15 4500 2
0 1 4 3 4500 2
0 1 5 12 4500 2
0 1 5 9 4500 2
0 1 5 8 4500 2
0 1 5 11 4500 2
0 1 5 9 4500 2
0 1 6 12 4500 2
0 1 6 4 4500 2
0 1 6 13 4500 2
0 1 11 15 5000 2
0 1 11 4 5000 2
0 1 11 6 5000 2
0 1 11 3 5000 2
0 1 11 0 5000 2
0 1 11 12 5000 2
0 1 11 3 5000 2
0 1 11 4 5000 2
0 1 9 7 5000 2
0 1 11 3 5000 2
0 1 11 15 5000 2
0 1 11 12 5000 2
0 1 11 15 5000 2
0 1 11 13 5000 2
0 1 11 1 5000 2
0 1 11 10 5000 2
0 1 11 9 5000 2
0 1 11 14 5000 2
0 1 11 11 5000 2
0 1 11 8 5000 2
0 1 11 5 5000 2
0 1 10 2 5000 2
0 1 10 9 5000 2
0 1 10 11 5000 2
0 1 9 6 5000 2
0 1 9 1 5000 2
0 1 9 8 5000 2
0 1 9 5 5000 2
0 1 9 6 5000 2
0 1 12 2 5000 2
0 1 4 3 5000 2
0 1 12 11 5000 2
0 1 12 13 5000 2
0 1 12 14 5000 2
0 1 12 4 5000 2
0 1 12 11 5000 2
0 1 12 2 5000 2
0 1 12 4 5000 2
0 1 12 2 5000 2
0 1 12 14 5000 2
0 1 12 12 5000 2
0 1 12 0 5000 2
0 1 12 2 5000 2
0 1 12 12 5000 2
0 1 11 14 5000 2
0 1 12 3 5000 2
0 1 12 2 5000 2
0 1 12 10 5000 2
0 1 12 2 5000 2
0 1 12 0 5000 2
0 1 12 2 5000 2
0 1 12 10 5000 2
0 1 12 2 5000 2
0 1 12 0 5000 2
0 1 12 11 5000 2
0 1 12 4 5000 2
0 1 11 5 5000 2
0 1 11 2 5000 2
0 1 11 8 5000 2
0 1 3 9 5000 2
0 1 4 5 5000 2
0 1 4 14 5000 2
0 1 3 4 5000 2
0 1 3 13 5000 2
0 1 3 1 5000 2
0 1 3 15 5000 2
0 1 3 7 5000 2
0 1 3 5 5000 2
0 1 3 7 5000 2
0 1 3 13 5000 2
0 1 3 4 5000 2
0 1 3 3 5000 2
0 1 3 3 5000 2
0 1 3 4 5000 2
0 1 8 12 5000 2
0 1 3 7 5000 2
0 1 3 1 5000 2
0 1 2 15 5000 2
0 1 2 3 5000 2
0 1 2 3 5000 2
0 1 2 11 5000 2
0 1 2 5 5000 2
0 1 2 5 5000 2
0 1 2 14 5000 2
0 1 2 5 5000 2
0 1 2 2 5000 2
0 1 2 4 5000 2
0 1 1 5 5000 2
0 1 9 7 5000 2
0 1 4 7 5000 2
0 1 4 0 5000 2
0 1 8 3 5000 2
0 1 8 14 5000 2
0 1 8 10 5000 2
0 1 8 12 5000 2
0 1 8 1 5000 2
0 1 8 13 5000 2
0 1 8 5 5000 2
0 1 7 2 5000 2
0 1 7 11 5000 2
0 1 7 0 5000 2
0 1 7 13 5000 2
0 1 7 0 5000 2
0 1 7 6 5000 2
0 1 6 3 5000 2
0 1 7 10 5000 2
0 1 4 3 5000 2
0 1 4 11 5000 2
0 1 4 10 5000 2
0 1 4 11 5000 2
0 1 5 12 5000 2
0 1 5 6 5000 2
0 1 5 15 5000 2
0 1 5 11 5000 2
0 1 6 8 5000 2
0 1 6 12 5000 2
0 1 6 8 5000 2
0 1 6 7 5000 2
0 1 11 11 5500 2
0 1 11 5 5500 2
0 1 11 14 5500 2
0 1 11 8 5500 2
0 1 11 2 5500 2
0 1 11 9 5500 2
0 1 11 11 5500 2
0 1 11 6 5500 2
0 1 11 13 5500 2
0 1 11 8 5500 2
0 1 11 6 5500 2
0 1 11 14 5500 2
0 1 11 8 5500 2
0 1 11 6 5500 2
0 1 11 13 5500 2
0 1 11 5 5500 2
0 1 11 6 5500 2
0 1 11 11 5500 2
0 1 11 7 5500 2
0 1 10 14 5500 2
0 1 10 8 5500 2
0 1 10 3 5500 2
0 1 9 2 5500 2
0 1 9 3 5500 2
0 1 9 1 5500 2
0 1 9 15 5500 2
0 1 8 11 5500 2
0 1 9 12 5500 2
0 1 8 12 5500 2
0 1 12 8 5500 2
0 1 12 8 5500 2
0 1 12 14 5500 2
0 1 12 3 5500 2
0 1 12 14 5500 2
0 1 12 2 5500 2
0 1 12 2 5500 2
0 1 12 6 5500 2
0 1 12 12 5500 2
0 1 12 14 5500 2
0 1 12 1 5500 2
0 1 12 15 5500 2
0 1 12 6 5500 2
0 1 12 10 5500 2
0 1 12 12 5500 2
0 1 11 2 5500 2
0 1 12 1 5500 2
0 1 12 7 5500 2
0 1 12 1 5500 2
0 1 12 4 5500 2
0 1 12 11 5500 2
0 1 12 11 5500 2
0 1 12 5 5500 2
0 1 12 8 5500 2
0 1 11 3 5500 2
0 1 11 3 5500 2
0 1 11 9 5500 2
0 1 11 3 5500 2
0 1 11 6 5500 2
0 1 11 6 5500 2
0 1 3 8 5500 2
0 1 4 7 5500 2
0 1 4 7 5500 2
0 1 3 5 5500 2
0 1 3 11 5500 2
0 1 3 5 5500 2
0 1 3 0 5500 2
0 1 3 10 5500 2
0 1 3 14 5500 2
0 1 3 1 5500 2
0 1 3 0 5500 2
0 1 3 12 5500 2
0 1 3 1 5500 2
0 1 3 1 5500 2
0 1 3 6 5500 2
0 1 8 4 5500 2
0 1 3 11 5500 2
0 1 2 8 5500 2
0 1 2 7 5500 2
0 1 2 14 5500 2
0 1 2 13 5500 2
0 1 2 9 5500 2
0 1 2 3 5500 2
0 1 2 11 5500 2
0 1 2 12 5500 2
0 1 2 15 5500 2
0 1 2 4 5500 2
0 1 1 9 5500 2
0 1 1 14 5500 2
0 1 4 11 5500 2
0 1 4 2 5500 2
0 1 8 9 5500 2
0 1 8 11 5500 2
0 1 7 5 5500 2
0 1 7 15 5500 2
0 1 7 12 5500 2
0 1 7 9 5500 2
0 1 7 3 5500 2
0 1 7 10 5500 2
0 1 7 3 5500 2
0 1 7 14 5500 2
0 1 6 15 5500 2
0 1 6 0 5500 2
0 1 6 9 5500 2
0 1 6 9 5500 2
0 1 6 8 5500 2
0 1 4 1 5500 2
0 1 4 7 5500 2
0 1 4 2 5500 2
0 1 4 0 5500 2
0 1 4 2 5500 2
0 1 4 12 5500 2
0 1 5 5 5500 2
0 1 5 2 5500 2
0 1 5 12 5500 2
0 1 5 7 5500 2
0 1 6 15 5500 2
0 1 5 2 5500 2
0 1 11 2 6000 2
0 1 11 8 6000 2
0 1 11 15 6000 2
0 1 11 3 6000 2
0 1 11 13 6000 2
0 1 11 14 6000 2
0 1 11 5 6000 2
0 1 11 10 6000 2
0 1 11 6 6000 2
0 1 11 4 6000 2
0 1 11 7 6000 2
0 1 11 1 6000 2
0 1 11 12 6000 2
0 1 11 5 6000 2
0 1 11 14 6000 2
0 1 11 6 6000 2
0 1 11 3 6000 2
0 1 11 3 6000 2
0 1 10 2 6000 2
0 1 10 6 6000 2
0 1 10 15 6000 2
0 1 9 12 6000 2
0 1 9 11 6000 2
0 1 9 7 6000 2
0 1 9 9 6000 2
0 1 9 7 6000 2
0 1 9 2 6000 2
0 1 12 2 6000 2
0 1 2 15 6000 2
0 1 12 13 6000 2
0 1 12 2 6000 2
0 1 12 4 6000 2
0 1 12 3 6000 2
0 1 12 9 6000 2
0 1 12 13 6000 2
0 1 12 9 6000 2
0 1 12 9 6000 2
0 1 12 6 6000 2
0 1 12 2 6000 2
0 1 12 5 6000 2
0 1 12 13 6000 2
0 1 11 13 6000 2
0 1 12 9 6000 2
0 1 12 12 6000 2
0 1 12 6 6000 2
0 1 12 6 6000 2
0 1 12 13 6000 2
0 1 12 5 6000 2
0 1 12 12 6000 2
0 1 12 2 6000 2
0 1 12 11 6000 2
0 1 12 3 6000 2
0 1 11 3 6000 2
0 1 11 10 6000 2
0 1 11 5 6000 2
0 1 3 14 6000 2
0 1 4 12 6000 2
0 1 4 5 6000 2
0 1 4 2 6000 2
0 1 3 11 6000 2
0 1 3 1 6000 2
0 1 3 5 6000 2
0 1 3 5 6000 2
0 1 3 4 6000 2
0 1 3 8 6000 2
0 1 3 13 6000 2
0 1 3 11 6000 2
0 1 3 4 6000 2
0 1 3 7 6000 2
0 1 8 12 6000 2
0 1 3 15 6000 2
0 1 2 2 6000 2
0 1 2 6 6000 2
0 1 1 7 6000 2
0 1 2 5 6000 2
0 1 2 8 6000 2
0 1 2 7 6000 2
0 1 2 15 6000 2
0 1 2 12 6000 2
0 1 2 5 6000 2
0 1 1 7 6000 2
0 1 1 4 6000 2
0 1 8 0 6000 2
0 1 4 5 6000 2
0 1 4 5 6000 2
0 1 8 10 6000 2
0 1 8 4 6000 2
0 1 8 2 6000 2
0 1 8 11 6000 2
0 1 8 2 6000 2
0 1 7 1 6000 2
0 1 7 11 6000 2
0 1 7 4 6000 2
0 1 7 8 6000 2
0 1 7 7 6000 2
0 1 7 1 6000 2
0 1 7 8 6000 2
0 1 6 12 6000 2
0 1 6 8 6000 2
0 1 4 15 6000 2
0 1 4 1 6000 2
0 1 4 14 6000 2
0 1 5 0 6000 2
0 1 5 7 6000 2
0 1 5 6 6000 2
0 1 5 9 6000 2
0 1 6 2 6000 2
0 1 6 7 6000 2
0 1 6 1 6000 2
0 1 5 9 6000 2
0 1 11 0 6500 2
0 1 11 13 6500 2
0 1 11 1 6500 2
0 1 11 3 6500 2
0 1 11 6 6500 2
0 1 11 3 6500 2
0 1 11 9 6500 2
0 1 11 8 6500 2
0 1 11 15 6500 2
0 1 11 1 6500 2
0 1 11 9 6500 2
0 1 11 12 6500 2
0 1 11 2 6500 2
0 1 11 10 6500 2
0 1 11 7 6500 2
0 1 11 0 6500 2
0 1 11 8 6500 2
0 1 11 13 6500 2
0 1 11 7 6500 2
0 1 10 10 6500 2
0 1 10 4 6500 2
0 1 10 5 6500 2
0 1 9 5 6500 2
0 1 9 15 6500 2
0 1 9 2 6500 2
0 1 9 1 6500 2
0 1 9 10 6500 2
0 1 8 1 6500 2
0 1 12 12 6500 2
0 1 9 7 6500 2
0 1 12 5 6500 2
0 1 12 0 6500 2
0 1 12 3 6500 2
0 1 12 0 6500 2
0 1 12 9 6500 2
0 1 12 10 6500 2
0 1 12 15 6500 2
0 1 12 8 6500 2
0 1 12 5 6500 2
0 1 12 14 6500 2
0 1 12 2 6500 2
0 1 12 11 6500 2
0 1 11 14 6500 2
0 1 12 4 6500 2
0 1 12 12 6500 2
0 1 12 2 6500 2
0 1 12 15 6500 2
0 1 12 14 6500 2
0 1 12 12 6500 2
0 1 12 9 6500 2
0 1 12 4 6500 2
0 1 12 14 6500 2
0 1 12 6 6500 2
0 1 12 11 6500 2
0 1 11 14 6500 2
0 1 11 13 6500 2
0 1 3 13 6500 2
0 1 4 15 6500 2
0 1 3 8 6500 2
0 1 3 9 6500 2
0 1 3 2 6500 2
0 1 3 5 6500 2
0 1 3 12 6500 2
0 1 3 4 6500 2
0 1 3 0 6500 2
0 1 3 12 6500 2
0 1 3 5 6500 2
0 1 3 6 6500 2
0 1 3 4 6500 2
0 1 3 0 6500 2
0 1 3 15 6500 2
0 1 8 10 6500 2
0 1 3 8 6500 2
0 1 2 3 6500 2
0 1 2 14 6500 2
0 1 2 13 6500 2
0 1 2 15 6500 2
0 1 2 7 6500 2
0 1 2 14 6500 2
0 1 2 11 6500 2
0 1 2 11 6500 2
0 1 2 8 6500 2
0 1 1 3 6500 2
0 1 1 3 6500 2
0 1 1 10 6500 2
0 1 4 15 6500 2
0 1 4 11 6500 2
0 1 8 10 6500 2
0 1 8 14 6500 2
0 1 8 12 6500 2
0 1 8 3 6500 2
0 1 8 14 6500 2
0 1 7 2 6500 2
0 1 7 12 6500 2
0 1 7 9 6500 2
0 1 7 11 6500 2
0 1 7 9 6500 2
0 1 6 13 6500 2
0 1 6 4 6500 2
0 1 6 10 6500 2
0 1 6 9 6500 2
0 1 4 2 6500 2
0 1 4 11 6500 2
0 1 4 8 6500 2
0 1 4 12 6500 2
0 1 4 7 6500 2
0 1 5 3 6500 2
0 1 5 0 6500 2
0 1 5 13 6500 2
0 1 5 12 6500 2
0 1 5 2 6500 2
0 1 6 9 6500 2
0 1 11 2 7000 2
0 1 11 15 7000 2
0 1 11 15 7000 2
0 1 11 6 7000 2
0 1 11 3 7000 2
0 1 11 12 7000 2
0 1 11 6 7000 2
0 1 11 15 7000 2
0 1 11 13 7000 2
0 1 11 12 7000 2
0 1 11 1 7000 2
0 1 11 11 7000 2
0 1 11 15 7000 2
0 1 11 5 7000 2
0 1 11 5 7000 2
0 1 11 4 7000 2
0 1 11 14 7000 2
0 1 11 1 7000 2
0 1 11 6 7000 2
0 1 11 9 7000 2
0 1 11 9 7000 2
0 1 11 11 7000 2
0 1 10 15 7000 2
0 1 10 14 7000 2
0 1 9 2 7000 2
0 1 9 12 7000 2
0 1 9 1 7000 2
0 1 9 9 7000 2
0 1 12 11 7000 2
0 1 9 15 7000 2
0 1 12 15 7000 2
0 1 12 1 7000 2
0 1 12 14 7000 2
0 1 12 10 7000 2
0 1 12 10 7000 2
0 1 12 13 7000 2
0 1 12 5 7000 2
0 1 12 6 7000 2
0 1 12 0 7000 2
0 1 12 13 7000 2
0 1 12 10 7000 2
0 1 12 15 7000 2
0 1 12 14 7000 2
0 1 11 13 7000 2
0 1 12 15 7000 2
0 1 12 10 7000 2
0 1 12 2 7000 2
0 1 12 15 7000 2
0 1 12 4 7000 2
0 1 12 14 7000 2
0 1 12 7 7000 2
0 1 12 1 7000 2
0 1 12 7 7000 2
0 1 12 1 7000 2
0 1 11 10 7000 2
0 1 11 15 7000 2
0 1 11 8 7000 2
0 1 3 7 7000 2
0 1 3 6 7000 2
0 1 3 8 7000 2
0 1 3 11 7000 2
0 1 3 14 7000 2
0 1 3 0 7000 2
0 1 3 10 7000 2
0 1 3 0 7000 2
0 1 3 10 7000 2
0 1 3 7 7000 2
0 1 3 3 7000 2
0 1 3 15 7000 2
0 1 3 14 7000 2
0 1 3 10 7000 2
0 1 3 12 7000 2
0 1 8 5 7000 2
0 1 3 5 7000 2
0 1 3 15 7000 2
0 1 2 0 7000 2
0 1 2 6 7000 2
0 1 2 3 7000 2
0 1 2 8 7000 2
0 1 2 10 7000 2
0 1 2 0 7000 2
0 1 2 5 7000 2
0 1 2 9 7000 2
0 1 2 15 7000 2
0 1 1 1 7000 2
0 1 1 13 7000 2
0 1 4 11 7000 2
0 1 4 15 7000 2
0 1 8 13 7000 2
0 1 8 1 7000 2
0 1 8 12 7000 2
0 1 8 13 7000 2
0 1 8 5 7000 2
0 1 7 10 7000 2
0 1 7 5 7000 2
0 1 7 9 7000 2
0 1 7 7 7000 2
0 1 7 4 7000 2
0 1 6 12 7000 2
0 1 6 10 7000 2
0 1 6 0 7000 2
0 1 6 6 7000 2
0 1 6 6 7000 2
0 1 4 12 7000 2
0 1 4 12 7000 2
0 1 4 0 7000 2
0 1 4 1 7000 2
0 1 4 3 7000 2
0 1 4 10 7000 2
0 1 5 6 7000 2
0 1 5 15 7000 2
0 1 5 1 7000 2
0 1 5 12 7000 2
0 1 4 11 7000 2
0 1 11 4 7500 2
0 1 11 9 7500 2
0 1 11 13 7500 2
0 1 11 12 7500 2
0 1 11 0 7500 2
0 1 11 8 7500 2
0 1 11 8 7500 2
0 1 11 5 7500 2
0 1 11 12 7500 2
0 1 11 15 7500 2
0 1 11 2 7500 2
0 1 11 2 7500 2
0 1 11 12 7500 2
0 1 11 8 7500 2
0 1 11 14 7500 2
0 1 11 0 7500 2
0 1 11 2 7500 2
0 1 11 13 7500 2
0 1 11 0 7500 2
0 1 10 1 7500 2
0 1 10 11 7500 2
0 1 10 5 7500 2
0 1 9 10 7500 2
0 1 9 9 7500 2
0 1 9 12 7500 2
0 1 9 0 7500 2
0 1 9 13 7500 2
0 1 9 10 7500 2
0 1 12 4 7500 2
0 1 9 2 7500 2
0 1 12 0 7500 2
0 1 12 4 7500 2
0 1 12 4 7500 2
0 1 12 5 7500 2
0 1 12 14 7500 2
0 1 12 9 7500 2
0 1 12 12 7500 2
0 1 12 3 7500 2
0 1 12 15 7500 2
0 1 12 6 7500 2
0 1 12 6 7500 2
0 1 12 14 7500 2
0 1 12 13 7500 2
0 1 11 13 7500 2
0 1 12 8 7500 2
0 1 12 5 7500 2
0 1 12 11 7500 2
0 1 12 4 7500 2
0 1 12 8 7500 2
0 1 12 0 7500 2
0 1 12 7 7500 2
0 1 12 14 7500 2
0 1 12 1 7500 2
0 1 11 15 7500 2
0 1 11 11 7500 2
0 1 11 0 7500 2
0 1 11 2 7500 2
0 1 3 9 7500 2
0 1 4 0 7500 2
0 1 4 3 7500 2
0 1 3 2 7500 2
0 1 3 11 7500 2
0 1 3 14 7500 2
0 1 3 14 7500 2
0 1 3 9 7500 2
0 1 3 0 7500 2
0 1 3 3 7500 2
0 1 3 15 7500 2
0 1 3 1 7500 2
0 1 3 14 7500 2
0 1 3 15 7500 2
0 1 3 11 7500 2
0 1 9 15 7500 2
0 1 3 0 7500 2
0 1 2 6 7500 2
0 1 2 5 7500 2
0 1 2 12 7500 2
0 1 2 9 7500 2
0 1 2 14 7500 2
0 1 2 4 7500 2
0 1 2 11 7500 2
0 1 2 14 7500 2
0 1 2 3 7500 2
0 1 2 12 7500 2
0 1 1 6 7500 2
0 1 1 2 7500 2
0 1 4 6 7500 2
0 1 8 0 7500 2
0 1 8 5 7500 2
0 1 8 10 7500 2
0 1 8 7 7500 2
0 1 8 13 7500 2
0 1 8 2 7500 2
0 1 8 7 7500 2
0 1 7 15 7500 2
0 1 7 2 7500 2
0 1 7 1 7500 2
0 1 7 9 7500 2
0 1 7 9 7500 2
0 1 7 3 7500 2
0 1 6 15 7500 2
0 1 6 11 7500 2
0 1 4 9 7500 2
0 1 4 1 7500 2
0 1 4 7 7500 2
0 1 4 9 7500 2
0 1 4 11 7500 2
0 1 5 6 7500 2
0 1 5 10 7500 2
0 1 5 11 7500 2
0 1 6 3 7500 2
0 1 6 0 7500 2
0 1 5 7 7500 2
0 1 11 2 8000 2
0 1 11 0 8000 2
0 1 11 6 8000 2
0 1 11 13 8000 2
0 1 11 14 8000 2
0 1 11 0 8000 2
0 1 11 0 8000 2
0 1 11 2 8000 2
0 1 11 12 8000 2
0 1 11 3 8000 2
0 1 11 4 8000 2
0 1 11 14 8000 2
0 1 11 13 8000 2
0 1 11 6 8000 2
0 1 11 4 8000 2
0 1 10 13 8000 2
0 1 10 2 8000 2
0 1 10 13 8000 2
0 1 9 2 8000 2
0 1 9 0 8000 2
0 1 9 7 8000 2
0 1 9 5 8000 2
0 1 9 6 8000 2
0 1 8 15 8000 2
0 1 9 3 8000 2
0 1 8 1 8000 2
0 1 12 1 8000 2
0 1 8 2 8000 2
0 1 12 8 8000 2
0 1 12 0 8000 2
0 1 12 7 8000 2
0 1 12 0 8000 2
0 1 12 6 8000 2
0 1 12 10 8000 2
0 1 12 9 8000 2
0 1 12 9 8000 2
0 1 12 10 8000 2
0 1 12 11 8000 2
0 1 12 12 8000 2
0 1 12 4 8000 2
0 1 11 10 8000 2
0 1 12 12 8000 2
0 1 12 0 8000 2
0 1 12 6 8000 2
0 1 12 0 8000 2
0 1 12 12 8000 2
0 1 12 7 8000 2
0 1 12 14 8000 2
0 1 12 2 8000 2
0 1 12 12 8000 2
0 1 12 10 8000 2
0 1 11 3 8000 2
0 1 11 7 8000 2
0 1 11 2 8000 2
0 1 2 14 8000 2
0 1 3 10 8000 2
0 1 3 7 8000 2
0 1 3 15 8000 2
0 1 3 11 8000 2
0 1 3 11 8000 2
0 1 3 4 8000 2
0 1 3 5 8000 2
0 1 3 6 8000 2
0 1 3 0 8000 2
0 1 3 2 8000 2
0 1 3 11 8000 2
0 1 2 14 8000 2
0 1 2 14 8000 2
0 1 8 9 8000 2
0 1 2 12 8000 2
0 1 2 4 8000 2
0 1 2 11 8000 2
0 1 2 1 8000 2
0 1 2 15 8000 2
0 1 2 8 8000 2
0 1 2 10 8000 2
0 1 2 4 8000 2
0 1 1 6 8000 2
0 1 1 15 8000 2
0 1 1 5 8000 2
0 1 1 3 8000 2
0 1 8 13 8000 2
0 1 3 15 8000 2
0 1 8 8 8000 2
0 1 8 5 8000 2
0 1 7 10 8000 2
0 1 7 12 8000 2
0 1 7 7 8000 2
0 1 7 4 8000 2
0 1 6 5 8000 2
0 1 6 12 8000 2
0 1 6 13 8000 2
0 1 6 6 8000 2
0 1 6 0 8000 2
0 1 5 0 8000 2
0 1 5 14 8000 2
0 1 5 5 8000 2
0 1 3 12 8000 2
0 1 3 11 8000 2
0 1 4 4 8000 2
0 1 4 0 8000 2
0 1 4 14 8000 2
0 1 4 10 8000 2
0 1 4 14 8000 2
0 1 4 13 8000 2
0 1 4 12 8000 2
0 1 4 10 8000 2
0 1 5 14 8000 2
0 1 8 13 8500 2
0 1 8 15 8500 2
0 1 9 13 8500 2
0 1 9 12 8500 2
0 1 9 11 8500 2
0 1 9 8 8500 2
0 1 10 5 8500 2
0 1 10 14 8500 2
0 1 10 11 8500 2
0 1 11 6 8500 2
0 1 11 12 8500 2
0 1 11 0 8500 2
0 1 11 13 8500 2
0 1 11 12 8500 2
0 1 12 4 8500 2
0 1 12 0 8500 2
0 1 12 11 8500 2
0 1 12 3 8500 2
0 1 12 15 8500 2
0 1 3 1 8500 2
0 1 8 12 8500 2
0 1 2 2 8500 2
0 1 2 8 8500 2
0 1 3 10 8500 2
0 1 3 4 8500 2
0 1 4 3 8500 2
0 1 4 6 8500 2
0 1 4 10 8500 2
0 1 4 5 8500 2
0 1 5 15 8500 2
0 1 6 14 8500 2
0 1 8 1 8500 2
0 1 8 7 8500 2
0 1 6 0 8500 2
0 1 7 11 8500 2
0 1 7 10 8500 2
0 1 7 11 8500 2
0 1 7 15 8500 2
0 1 6 2 8500 2
0 1 6 0 8500 2
0 1 9 10 9000 2
0 1 9 14 9000 2
0 1 9 6 9000 2
0 1 10 7 9000 2
0 1 10 13 9000 2
0 1 10 12 9000 2
0 1 11 5 9000 2
0 1 11 0 9000 2
0 1 11 15 9000 2
0 1 11 12 9000 2
0 1 12 8 9000 2
0 1 12 8 9000 2
0 1 12 4 9000 2
0 1 12 6 9000 2
0 1 12 2 9000 2
0 1 12 2 9000 2
0 1 13 14 9000 2
0 1 13 5 9000 2
0 1 9 14 9000 2
0 1 8 5 9000 2
0 1 2 15 9000 2
0 1 3 3 9000 2
0 1 3 10 9000 2
0 1 3 12 9000 2
0 1 4 14 9000 2
0 1 5 5 9000 2
0 1 5 14 9000 2
0 1 6 8 9000 2
0 1 6 8 9000 2
0 1 7 4 9000 2
0 1 7 12 9000 2
0 1 7 10 9000 2
0 1 7 12 9000 2
0 1 8 13 9000 2
0 1 8 8 9000 2
0 1 8 1 9000 2
0 1 6 12 9000 2
0 1 8 15 9500 2
0 1 9 12 9500 2
0 1 9 10 9500 2
0 1 9 7 9500 2
0 1 10 13 9500 2
0 1 10 12 9500 2
0 1 10 9 9500 2
0 1 11 15 9500 2
0 1 11 4 9500 2
0 1 11 11 9500 2
0 1 11 4 9500 2
0 1 12 7 9500 2
0 1 12 5 9500 2
0 1 12 5 9500 2
0 1 12 5 9500 2
0 1 13 0 9500 2
0 1 8 7 9500 2
0 1 5 14 9500 2
0 1 8 15 9500 2
0 1 2 5 9500 2
0 1 2 2 9500 2
0 1 3 4 9500 2
0 1 3 9 9500 2
0 1 3 11 9500 2
0 1 4 13 9500 2
0 1 4 15 9500 2
0 1 5 9 9500 2
0 1 6 3 9500 2
0 1 6 9 9500 2
0 1 6 7 9500 2
0 1 7 12 9500 2
0 1 7 12 9500 2
0 1 7 3 9500 2
0 1 8 14 9500 2
0 1 8 14 9500 2
0 1 10 7 10000 2
0 1 10 0 10000 2
0 1 11 6 10000 2
0 1 10 7 10000 2
0 1 13 5 10000 2
0 1 10 3 10000 2
0 1 9 0 10000 2
0 1 9 1 10000 2
0 1 9 0 10000 2
0 1 8 10 10000 2
0 1 11 3 10000 2
0 1 11 8 10000 2
0 1 11 13 10000 2
0 1 11 3 10000 2
0 1 12 4 10000 2
0 1 12 9 10000 2
0 1 12 4 10000 2
0 1 12 5 10000 2
0 1 13 6 10000 2
0 1 3 9 10000 2
0 1 8 0 10000 2
0 1 2 12 10000 2
0 1 3 10 10000 2
0 1 3 5 10000 2
0 1 8 8 10000 2
0 1 3 3 10000 2
0 1 4 7 10000 2
0 1 4 2 10000 2
0 1 4 14 10000 2
0 1 4 8 10000 2
0 1 5 9 10000 2
0 1 6 1 10000 2
0 1 6 6 10000 2
0 1 6 14 10000 2
0 1 6 12 10000 2
0 1 7 10 10000 2
0 1 7 7 10000 2
0 1 7 6 10000 2
0 1 5 4 10000 2
0 1 11 8 10500 2
0 1 10 4 10500 2
0 1 10 14 10500 2
0 1 10 9 10500 2
0 1 10 7 10500 2
0 1 9 1 10500 2
0 1 9 5 10500 2
0 1 9 15 10500 2
0 1 9 2 10500 2
0 1 11 15 10500 2
0 1 11 3 10500 2
0 1 11 9 10500 2
0 1 12 0 10500 2
0 1 12 4 10500 2
0 1 12 1 10500 2
0 1 12 5 10500 2
0 1 12 3 10500 2
0 1 13 13 10500 2
0 1 13 7 10500 2
0 1 7 11 10500 2
0 1 8 14 10500 2
0 1 8 5 10500 2
0 1 2 11 10500 2
0 1 2 8 10500 2
0 1 2 9 10500 2
0 1 3 11 10500 2
0 1 3 10 10500 2
0 1 3 5 10500 2
0 1 3 4 10500 2
0 1 4 3 10500 2
0 1 4 10 10500 2
0 1 6 1 10500 2
0 1 6 12 10500 2
0 1 6 3 10500 2
0 1 7 2 10500 2
0 1 7 13 10500 2
0 1 7 12 10500 2
0 1 8 6 10500 2
0 1 8 9 10500 2
0 1 5 6 10500 2
0 1 10 12 11000 2
0 1 10 15 11000 2
0 1 9 5 11000 2
0 1 9 6 11000 2
0 1 9 7 11000 2
0 1 9 0 11000 2
0 1 9 12 11000 2
0 1 8 4 11000 2
0 1 8 15 11000 2
0 1 12 14 11000 2
0 1 8 4 11000 2
0 1 11 3 11000 2
0 1 11 11 11000 2
0 1 11 2 11000 2
0 1 11 15 11000 2
0 1 11 8 11000 2
0 1 11 3 11000 2
0 1 12 5 11000 2
0 1 12 2 11000 2
0 1 12 5 11000 2
0 1 13 1 11000 2
0 1 13 13 11000 2
0 1 8 2 11000 2
0 1 8 14 11000 2
0 1 3 12 11000 2
0 1 3 11 11000 2
0 1 3 13 11000 2
0 1 2 5 11000 2
0 1 3 15 11000 2
0 1 4 12 11000 2
0 1 4 15 11000 2
0 1 4 8 11000 2
0 1 4 3 11000 2
0 1 4 10 11000 2
0 1 5 1 11000 2
0 1 5 3 11000 2
0 1 7 3 11000 2
0 1 7 2 11000 2
0 1 7 9 11000 2
0 1 7 14 11000 2
0 1 6 0 11000 2
0 1 6 4 11000 2
0 1 6 9 11000 2
0 1 6 5 11000 2
0 1 6 4 11000 2
0 1 8 10 11500 2
0 1 7 15 11500 2
0 1 8 9 11500 2
0 1 8 5 11500 2
0 1 8 1 11500 2
0 1 9 7 11500 2
0 1 9 4 11500 2
0 1 9 14 11500 2
0 1 10 4 11500 2
0 1 10 9 11500 2
0 1 10 6 11500 2
0 1 11 11 11500 2
0 1 11 15 11500 2
0 1 11 8 11500 2
0 1 11 0 11500 2
0 1 12 11 11500 2
0 1 12 1 11500 2
0 1 12 1 11500 2
0 1 13 11 11500 2
0 1 7 12 11500 2
0 1 8 9 11500 2
0 1 2 15 11500 2
0 1 3 12 11500 2
0 1 3 10 11500 2
0 1 3 15 11500 2
0 1 4 4 11500 2
0 1 4 14 11500 2
0 1 4 1 11500 2
0 1 5 9 11500 2
0 1 6 1 11500 2
0 1 6 12 11500 2
0 1 6 6 11500 2
0 1 6 6 11500 2
0 1 6 8 11500 2
0 1 7 2 11500 2
0 1 7 3 11500 2
0 1 7 3 11500 2
0 1 5 7 11500 2
0 1 11 5 12000 2
0 1 11 11 12000 2
0 1 10 11 12000 2
0 1 10 8 12000 2
0 1 9 1 12000 2
0 1 9 9 12000 2
0 1 9 11 12000 2
0 1 8 12 12000 2
0 1 8 8 12000 2
0 1 11 15 12000 2
0 1 11 13 12000 2
0 1 11 13 12000 2
0 1 12 10 12000 2
0 1 12 6 12000 2
0 1 4 9 12000 2
0 1 12 15 12000 2
0 1 12 14 12000 2
0 1 12 13 12000 2
0 1 13 14 12000 2
0 1 7 0 12000 2
0 1 8 4 12000 2
0 1 2 14 12000 2
0 1 3 7 12000 2
0 1 3 5 12000 2
0 1 4 6 12000 2
0 1 4 13 12000 2
0 1 4 3 12000 2
0 1 4 13 12000 2
0 1 5 10 12000 2
0 1 6 1 12000 2
0 1 6 10 12000 2
0 1 7 1 12000 2
0 1 7 4 12000 2
0 1 7 6 12000 2
0 1 6 5 12000 2
0 1 6 7 12000 2
0 1 6 14 12000 2
0 1 10 1 12500 2
0 1 10 7 12500 2
0 1 10 4 12500 2
0 1 10 11 12500 2
0 1 10 6 12500 2
0 1 10 0 12500 2
0 1 10 0 12500 2
0 1 10 10 12500 2
0 1 10 9 12500 2
0 1 10 2 12500 2
0 1 10 14 12500 2
0 1 11 9 12500 2
0 1 11 2 12500 2
0 1 11 6 12500 2
0 1 11 15 12500 2
0 1 11 6 12500 2
0 1 11 4 12500 2
0 1 8 8 12500 2
0 1 11 8 12500 2
0 1 9 2 12500 2
0 1 8 7 12500 2
0 1 9 15 12500 2
0 1 9 1 12500 2
0 1 9 8 12500 2
0 1 9 14 12500 2
0 1 9 3 12500 2
0 1 9 15 12500 2
0 1 9 8 12500 2
0 1 10 4 12500 2
0 1 9 2 12500 2
0 1 9 5 12500 2
0 1 9 14 12500 2
0 1 9 15 12500 2
0 1 9 9 12500 2
0 1 10 2 12500 2
0 1 10 6 12500 2
0 1 10 7 12500 2
0 1 12 14 12500 2
0 1 12 15 12500 2
0 1 12 15 12500 2
0 1 12 12 12500 2
0 1 12 4 12500 2
0 1 12 1 12500 2
0 1 12 7 12500 2
0 1 12 5 12500 2
0 1 12 10 12500 2
0 1 12 5 12500 2
0 1 12 14 12500 2
0 1 12 5 12500 2
0 1 12 6 12500 2
0 1 12 13 12500 2
0 1 13 9 12500 2
0 1 13 3 12500 2
0 1 13 10 12500 2
0 1 13 9 12500 2
0 1 3 2 12500 2
0 1 11 15 12500 2
0 1 11 13 12500 2
0 1 11 13 12500 2
0 1 11 13 12500 2
0 1 11 11 12500 2
0 1 11 11 12500 2
0 1 11 5 12500 2
0 1 11 13 12500 2
0 1 11 2 12500 2
0 1 11 4 12500 2
0 1 11 4 12500 2
0 1 11 15 12500 2
0 1 11 7 12500 2
0 1 11 8 12500 2
0 1 11 1 12500 2
0 1 11 10 12500 2
0 1 11 0 12500 2
0 1 12 4 12500 2
0 1 12 7 12500 2
0 1 5 14 12500 2
0 1 4 6 12500 2
0 1 4 5 12500 2
0 1 4 7 12500 2
0 1 4 7 12500 2
0 1 4 4 12500 2
0 1 4 13 12500 2
0 1 5 14 12500 2
0 1 5 8 12500 2
0 1 5 11 12500 2
0 1 4 4 12500 2
0 1 5 2 12500 2
0 1 5 3 12500 2
0 1 5 0 12500 2
0 1 5 5 12500 2
0 1 5 5 12500 2
0 1 5 9 12500 2
0 1 5 7 12500 2
0 1 5 2 12500 2
0 1 4 8 12500 2
0 1 8 9 12500 2
0 1 2 5 12500 2
0 1 3 10 12500 2
0 1 3 2 12500 2
0 1 3 12 12500 2
0 1 3 15 12500 2
0 1 2 9 12500 2
0 1 3 10 12500 2
0 1 4 12 12500 2
0 1 8 4 12500 2
0 1 4 14 12500 2
0 1 4 7 12500 2
0 1 4 3 12500 2
0 1 4 6 12500 2
0 1 4 7 12500 2
0 1 4 3 12500 2
0 1 4 12 12500 2
0 1 4 9 12500 2
0 1 7 2 12500 2
0 1 7 2 12500 2
0 1 7 12 12500 2
0 1 7 4 12500 2
0 1 7 14 12500 2
0 1 7 12 12500 2
0 1 7 4 12500 2
0 1 7 5 12500 2
0 1 7 6 12500 2
0 1 7 12 12500 2
0 1 5 0 12500 2
0 1 7 5 12500 2
0 1 8 9 12500 2
0 1 8 1 12500 2
0 1 8 0 12500 2
0 1 8 12 12500 2
0 1 8 8 12500 2
0 1 8 8 12500 2
0 1 5 5 12500 2
0 1 6 11 12500 2
0 1 7 8 12500 2
0 1 5 9 12500 2
0 1 6 4 12500 2
0 1 6 2 12500 2
0 1 6 1 12500 2
0 1 6 11 12500 2
0 1 6 4 12500 2
0 1 6 9 12500 2
0 1 6 13 12500 2
0 1 6 2 12500 2
0 1 6 8 12500 2
0 1 6 4 12500 2
0 1 6 6 12500 2
0 1 6 11 12500 2
0 1 6 12 12500 2
0 1 6 0 12500 2
0 1 6 9 12500 2
0 1 10 14 13000 2
0 1 10 7 13000 2
0 1 10 3 13000 2
0 1 10 9 13000 2
0 1 10 3 13000 2
0 1 10 7 13000 2
0 1 10 15 13000 2
0 1 10 15 13000 2
0 1 10 9 13000 2
0 1 10 14 13000 2
0 1 10 12 13000 2
0 1 11 15 13000 2
0 1 11 13 13000 2
0 1 11 14 13000 2
0 1 11 3 13000 2
0 1 11 1 13000 2
0 1 11 0 13000 2
0 1 11 11 13000 2
0 1 9 5 13000 2
0 1 8 1 13000 2
0 1 8 8 13000 2
0 1 8 2 13000 2
0 1 8 10 13000 2
0 1 8 7 13000 2
0 1 8 9 13000 2
0 1 9 10 13000 2
0 1 9 5 13000 2
0 1 10 6 13000 2
0 1 9 7 13000 2
0 1 9 9 13000 2
0 1 9 14 13000 2
0 1 9 5 13000 2
0 1 9 9 13000 2
0 1 9 14 13000 2
0 1 9 11 13000 2
0 1 10 5 13000 2
0 1 12 2 13000 2
0 1 12 8 13000 2
0 1 12 12 13000 2
0 1 12 14 13000 2
0 1 12 0 13000 2
0 1 12 11 13000 2
0 1 12 14 13000 2
0 1 12 15 13000 2
0 1 12 3 13000 2
0 1 12 6 13000 2
0 1 12 7 13000 2
0 1 12 14 13000 2
0 1 12 5 13000 2
0 1 12 8 13000 2
0 1 13 15 13000 2
0 1 13 6 13000 2
0 1 13 10 13000 2
0 1 8 1 13000 2
0 1 11 11 13000 2
0 1 11 15 13000 2
0 1 11 14 13000 2
0 1 11 14 13000 2
0 1 11 8 13000 2
0 1 11 7 13000 2
0 1 11 10 13000 2
0 1 11 0 13000 2
0 1 11 13 13000 2
0 1 11 15 13000 2
0 1 11 2 13000 2
0 1 11 10 13000 2
0 1 11 8 13000 2
0 1 11 13 13000 2
0 1 11 12 13000 2
0 1 11 4 13000 2
0 1 12 12 13000 2
0 1 12 3 13000 2
0 1 5 14 13000 2
0 1 4 0 13000 2
0 1 4 4 13000 2
0 1 4 2 13000 2
0 1 4 15 13000 2
0 1 4 1 13000 2
0 1 4 12 13000 2
0 1 4 7 13000 2
0 1 4 11 13000 2
0 1 4 3 13000 2
0 1 4 11 13000 2
0 1 5 15 13000 2
0 1 5 3 13000 2
0 1 5 3 13000 2
0 1 5 15 13000 2
0 1 5 8 13000 2
0 1 5 12 13000 2
0 1 5 12 13000 2
0 1 5 5 13000 2
0 1 3 0 13000 2
0 1 8 9 13000 2
0 1 2 15 13000 2
0 1 2 0 13000 2
0 1 3 11 13000 2
0 1 3 3 13000 2
0 1 3 13 13000 2
0 1 3 12 13000 2
0 1 3 0 13000 2
0 1 5 2 13000 2
0 1 3 10 13000 2
0 1 4 2 13000 2
0 1 4 0 13000 2
0 1 4 15 13000 2
0 1 4 9 13000 2
0 1 4 0 13000 2
0 1 4 6 13000 2
0 1 4 2 13000 2
0 1 7 13 13000 2
0 1 7 4 13000 2
0 1 7 3 13000 2
0 1 7 5 13000 2
0 1 7 3 13000 2
0 1 7 10 13000 2
0 1 7 13 13000 2
0 1 7 4 13000 2
0 1 7 4 13000 2
0 1 5 5 13000 2
0 1 7 8 13000 2
0 1 7 11 13000 2
0 1 7 13 13000 2
0 1 7 10 13000 2
0 1 8 11 13000 2
0 1 8 6 13000 2
0 1 8 14 13000 2
0 1 8 10 13000 2
0 1 7 7 13000 2
0 1 5 8 13000 2
0 1 5 8 13000 2
0 1 5 11 13000 2
0 1 6 7 13000 2
0 1 6 13 13000 2
0 1 6 2 13000 2
0 1 6 6 13000 2
0 1 6 0 13000 2
0 1 6 2 13000 2
0 1 6 5 13000 2
0 1 6 13 13000 2
0 1 6 5 13000 2
0 1 6 5 13000 2
0 1 6 9 13000 2
0 1 6 10 13000 2
0 1 7 5 13000 2
0 1 10 11 13500 2
0 1 10 9 13500 2
0 1 10 0 13500 2
0 1 10 4 13500 2
0 1 10 12 13500 2
0 1 10 10 13500 2
0 1 10 15 13500 2
0 1 10 2 13500 2
0 1 10 13 13500 2
0 1 11 14 13500 2
0 1 10 6 13500 2
0 1 10 11 13500 2
0 1 11 14 13500 2
0 1 11 6 13500 2
0 1 11 5 13500 2
0 1 11 1 13500 2
0 1 11 15 13500 2
0 1 11 4 13500 2
0 1 13 14 13500 2
0 1 9 7 13500 2
0 1 8 8 13500 2
0 1 8 15 13500 2
0 1 8 2 13500 2
0 1 8 9 13500 2
0 1 8 5 13500 2
0 1 8 3 13500 2
0 1 9 13 13500 2
0 1 9 15 13500 2
0 1 9 2 13500 2
0 1 9 6 13500 2
0 1 9 1 13500 2
0 1 9 9 13500 2
0 1 9 0 13500 2
0 1 9 7 13500 2
0 1 9 3 13500 2
0 1 9 11 13500 2
0 1 9 14 13500 2
0 1 12 9 13500 2
0 1 12 4 13500 2
0 1 12 15 13500 2
0 1 12 14 13500 2
0 1 12 0 13500 2
0 1 12 15 13500 2
0 1 12 13 13500 2
0 1 12 0 13500 2
0 1 12 14 13500 2
0 1 12 15 13500 2
0 1 12 0 13500 2
0 1 12 12 13500 2
0 1 12 5 13500 2
0 1 12 9 13500 2
0 1 12 11 13500 2
0 1 12 8 13500 2
0 1 12 4 13500 2
0 1 13 10 13500 2
0 1 2 11 13500 2
0 1 11 5 13500 2
0 1 11 0 13500 2
0 1 11 4 13500 2
0 1 11 8 13500 2
0 1 11 6 13500 2
0 1 11 15 13500 2
0 1 11 10 13500 2
0 1 11 2 13500 2
0 1 11 11 13500 2
0 1 11 3 13500 2
0 1 11 11 13500 2
0 1 11 12 13500 2
0 1 11 15 13500 2
0 1 11 9 13500 2
0 1 11 5 13500 2
0 1 11 7 13500 2
0 1 12 6 13500 2
0 1 12 7 13500 2
0 1 5 5 13500 2
0 1 4 13 13500 2
0 1 4 13 13500 2
0 1 4 2 13500 2
0 1 4 15 13500 2
0 1 4 15 13500 2
0 1 4 15 13500 2
0 1 4 8 13500 2
0 1 4 12 13500 2
0 1 5 1 13500 2
0 1 4 11 13500 2
0 1 5 1 13500 2
0 1 5 8 13500 2
0 1 5 14 13500 2
0 1 5 11 13500 2
0 1 5 8 13500 2
0 1 5 12 13500 2
0 1 5 8 13500 2
0 1 5 7 13500 2
0 1 3 10 13500 2
0 1 8 4 13500 2
0 1 2 9 13500 2
0 1 2 5 13500 2
0 1 3 14 13500 2
0 1 3 14 13500 2
0 1 3 9 13500 2
0 1 3 10 13500 2
0 1 3 12 13500 2
0 1 8 9 13500 2
0 1 3 3 13500 2
0 1 3 8 13500 2
0 1 4 2 13500 2
0 1 4 12 13500 2
0 1 4 10 13500 2
0 1 4 15 13500 2
0 1 4 2 13500 2
0 1 4 7 13500 2
0 1 7 5 13500 2
0 1 6 8 13500 2
0 1 7 6 13500 2
0 1 7 13 13500 2
0 1 7 14 13500 2
0 1 7 12 13500 2
0 1 7 5 13500 2
0 1 7 15 13500 2
0 1 7 12 13500 2
0 1 7 2 13500 2
0 1 5 8 13500 2
0 1 7 6 13500 2
0 1 7 11 13500 2
0 1 7 8 13500 2
0 1 7 4 13500 2
0 1 7 4 13500 2
0 1 8 8 13500 2
0 1 8 9 13500 2
0 1 5 9 13500 2
0 1 6 9 13500 2
0 1 6 8 13500 2
0 1 5 9 13500 2
0 1 5 13 13500 2
0 1 5 7 13500 2
0 1 5 7 13500 2
0 1 5 9 13500 2
0 1 6 14 13500 2
0 1 6 6 13500 2
0 1 6 10 13500 2
0 1 6 0 13500 2
0 1 6 7 13500 2
0 1 6 4 13500 2
0 1 6 3 13500 2
0 1 6 3 13500 2
0 1 6 10 13500 2
0 1 6 13 13500 2
0 1 10 8 14000 2
0 1 10 6 14000 2
0 1 10 13 14000 2
0 1 10 3 14000 2
0 1 10 2 14000 2
0 1 10 2 14000 2
0 1 10 11 14000 2
0 1 10 13 14000 2
0 1 10 12 14000 2
0 1 10 0 14000 2
0 1 11 6 14000 2
0 1 11 6 14000 2
0 1 11 9 14000 2
0 1 11 5 14000 2
0 1 11 1 14000 2
0 1 11 0 14000 2
0 1 11 15 14000 2
0 1 11 9 14000 2
0 1 9 14 14000 2
0 1 8 11 14000 2
0 1 8 14 14000 2
0 1 8 0 14000 2
0 1 8 2 14000 2
0 1 8 12 14000 2
0 1 9 9 14000 2
0 1 9 6 14000 2
0 1 9 10 14000 2
0 1 10 12 14000 2
0 1 9 3 14000 2
0 1 9 7 14000 2
0 1 9 0 14000 2
0 1 9 14 14000 2
0 1 9 13 14000 2
0 1 9 8 14000 2
0 1 9 15 14000 2
0 1 9 3 14000 2
0 1 12 10 14000 2
0 1 12 13 14000 2
0 1 12 1 14000 2
0 1 12 4 14000 2
0 1 12 9 14000 2
0 1 12 11 14000 2
0 1 12 0 14000 2
0 1 12 2 14000 2
0 1 12 1 14000 2
0 1 12 5 14000 2
0 1 12 14 14000 2
0 1 12 14 14000 2
0 1 12 2 14000 2
0 1 12 8 14000 2
0 1 12 5 14000 2
0 1 13 5 14000 2
0 1 13 0 14000 2
0 1 13 4 14000 2
0 1 8 3 14000 2
0 1 11 3 14000 2
0 1 11 15 14000 2
0 1 11 9 14000 2
0 1 11 9 14000 2
0 1 11 8 14000 2
0 1 11 2 14000 2
0 1 11 4 14000 2
0 1 11 15 14000 2
0 1 11 6 14000 2
0 1 11 10 14000 2
0 1 11 12 14000 2
0 1 11 1 14000 2
0 1 11 10 14000 2
0 1 11 11 14000 2
0 1 11 5 14000 2
0 1 12 3 14000 2
0 1 12 7 14000 2
0 1 12 11 14000 2
0 1 4 11 14000 2
0 1 4 15 14000 2
0 1 4 11 14000 2
0 1 4 2 14000 2
0 1 4 15 14000 2
0 1 4 3 14000 2
0 1 4 11 14000 2
0 1 4 11 14000 2
0 1 4 14 14000 2
0 1 4 5 14000 2
0 1 4 6 14000 2
0 1 5 9 14000 2
0 1 5 7 14000 2
0 1 5 14 14000 2
0 1 5 4 14000 2
0 1 5 3 14000 2
0 1 5 11 14000 2
0 1 5 3 14000 2
0 1 5 12 14000 2
0 1 3 0 14000 2
0 1 2 0 14000 2
0 1 2 8 14000 2
0 1 2 15 14000 2
0 1 3 4 14000 2
0 1 3 7 14000 2
0 1 3 8 14000 2
0 1 3 2 14000 2
0 1 3 11 14000 2
0 1 8 5 14000 2
0 1 3 3 14000 2
0 1 3 8 14000 2
0 1 4 14 14000 2
0 1 4 0 14000 2
0 1 4 9 14000 2
0 1 4 0 14000 2
0 1 4 9 14000 2
0 1 4 5 14000 2
0 1 7 13 14000 2
0 1 7 14 14000 2
0 1 7 3 14000 2
0 1 7 11 14000 2
0 1 7 12 14000 2
0 1 7 12 14000 2
0 1 7 12 14000 2
0 1 7 13 14000 2
0 1 7 7 14000 2
0 1 7 10 14000 2
0 1 5 6 14000 2
0 1 7 6 14000 2
0 1 7 10 14000 2
0 1 7 3 14000 2
0 1 7 8 14000 2
0 1 8 3 14000 2
0 1 8 9 14000 2
0 1 8 6 14000 2
0 1 5 5 14000 2
0 1 6 8 14000 2
0 1 7 5 14000 2
0 1 5 10 14000 2
0 1 5 13 14000 2
0 1 5 10 14000 2
0 1 5 1 14000 2
0 1 5 5 14000 2
0 1 5 11 14000 2
0 1 6 14 14000 2
0 1 6 8 14000 2
0 1 6 7 14000 2
0 1 6 8 14000 2
0 1 6 6 14000 2
0 1 6 0 14000 2
0 1 6 0 14000 2
0 1 6 8 14000 2
0 1 6 10 14000 2
0 1 10 0 14500 2
0 1 10 7 14500 2
0 1 10 6 14500 2
0 1 10 6 14500 2
0 1 10 4 14500 2
0 1 10 4 14500 2
0 1 10 14 14500 2
0 1 10 9 14500 2
0 1 10 1 14500 2
0 1 10 12 14500 2
0 1 10 1 14500 2
0 1 10 13 14500 2
0 1 11 0 14500 2
0 1 11 12 14500 2
0 1 11 7 14500 2
0 1 11 10 14500 2
0 1 11 2 14500 2
0 1 11 8 14500 2
0 1 11 4 14500 2
0 1 9 13 14500 2
0 1 8 14 14500 2
0 1 12 1 14500 2
0 1 8 11 14500 2
0 1 8 6 14500 2
0 1 8 10 14500 2
0 1 8 8 14500 2
0 1 8 1 14500 2
0 1 9 7 14500 2
0 1 9 10 14500 2
0 1 10 13 14500 2
0 1 9 6 14500 2
0 1 9 12 14500 2
0 1 9 12 14500 2
0 1 9 14 14500 2
0 1 9 15 14500 2
0 1 9 0 14500 2
0 1 9 6 14500 2
0 1 9 12 14500 2
0 1 12 13 14500 2
0 1 12 15 14500 2
0 1 12 15 14500 2
0 1 12 11 14500 2
0 1 12 13 14500 2
0 1 12 14 14500 2
0 1 12 9 14500 2
0 1 12 4 14500 2
0 1 12 10 14500 2
0 1 12 1 14500 2
0 1 12 11 14500 2
0 1 12 7 14500 2
0 1 12 4 14500 2
0 1 12 13 14500 2
0 1 12 1 14500 2
0 1 13 15 14500 2
0 1 13 15 14500 2
0 1 13 10 14500 2
0 1 13 10 14500 2
0 1 11 5 14500 2
0 1 11 12 14500 2
0 1 11 2 14500 2
0 1 11 15 14500 2
0 1 11 9 14500 2
0 1 11 0 14500 2
0 1 11 15 14500 2
0 1 11 2 14500 2
0 1 11 13 14500 2
0 1 11 0 14500 2
0 1 11 9 14500 2
0 1 11 13 14500 2
0 1 11 1 14500 2
0 1 11 11 14500 2
0 1 11 2 14500 2
0 1 11 12 14500 2
0 1 12 0 14500 2
0 1 12 2 14500 2
0 1 4 2 14500 2
0 1 4 2 14500 2
0 1 4 1 14500 2
0 1 4 6 14500 2
0 1 2 13 14500 2
0 1 4 13 14500 2
0 1 4 2 14500 2
0 1 4 0 14500 2
0 1 4 6 14500 2
0 1 4 9 14500 2
0 1 4 15 14500 2
0 1 5 12 14500 2
0 1 5 13 14500 2
0 1 5 9 14500 2
0 1 5 0 14500 2
0 1 5 9 14500 2
0 1 5 4 14500 2
0 1 5 5 14500 2
0 1 5 11 14500 2
0 1 3 2 14500 2
0 1 8 13 14500 2
0 1 2 3 14500 2
0 1 2 5 14500 2
0 1 2 11 14500 2
0 1 3 1 14500 2
0 1 3 15 14500 2
0 1 3 11 14500 2
0 1 3 12 14500 2
0 1 3 13 14500 2
0 1 8 1 14500 2
0 1 3 7 14500 2
0 1 3 9 14500 2
0 1 4 13 14500 2
0 1 4 11 14500 2
0 1 4 2 14500 2
0 1 4 9 14500 2
0 1 4 4 14500 2
0 1 4 6 14500 2
0 1 7 13 14500 2
0 1 7 0 14500 2
0 1 7 2 14500 2
0 1 7 15 14500 2
0 1 7 0 14500 2
0 1 7 5 14500 2
0 1 7 10 14500 2
0 1 7 8 14500 2
0 1 7 15 14500 2
0 1 7 0 14500 2
0 1 5 0 14500 2
0 1 7 2 14500 2
0 1 7 3 14500 2
0 1 7 8 14500 2
0 1 7 13 14500 2
0 1 8 7 14500 2
0 1 8 4 14500 2
0 1 8 6 14500 2
0 1 5 1 14500 2
0 1 6 6 14500 2
0 1 6 8 14500 2
0 1 5 2 14500 2
0 1 5 0 14500 2
0 1 5 3 14500 2
0 1 5 6 14500 2
0 1 5 12 14500 2
0 1 5 0 14500 2
0 1 6 4 14500 2
0 1 6 14 14500 2
0 1 6 12 14500 2
0 1 6 9 14500 2
0 1 6 7 14500 2
0 1 6 13 14500 2
0 1 6 12 14500 2
0 1 6 2 14500 2
0 1 6 2 14500 2
0 1 6 8 14500 2
0 1 10 0 15000 2
0 1 10 6 15000 2
0 1 6 3 15000 2
0 1 10 3 15000 2
0 1 10 1 15000 2
0 1 10 13 15000 2
0 1 10 9 15000 2
0 1 10 13 15000 2
0 1 10 15 15000 2
0 1 10 9 15000 2
0 1 11 12 15000 2
0 1 11 2 15000 2
0 1 11 11 15000 2
0 1 11 8 15000 2
0 1 11 10 15000 2
0 1 11 1 15000 2
0 1 11 15 15000 2
0 1 11 6 15000 2
0 1 9 13 15000 2
0 1 8 12 15000 2
0 1 8 4 15000 2
0 1 8 11 15000 2
0 1 9 3 15000 2
0 1 9 15 15000 2
0 1 9 10 15000 2
0 1 9 8 15000 2
0 1 9 12 15000 2
0 1 10 4 15000 2
0 1 9 2 15000 2
0 1 9 5 15000 2
0 1 9 8 15000 2
0 1 9 4 15000 2
0 1 9 5 15000 2
0 1 10 6 15000 2
0 1 10 2 15000 2
0 1 10 2 15000 2
0 1 12 0 15000 2
0 1 12 5 15000 2
0 1 12 0 15000 2
0 1 12 9 15000 2
0 1 12 0 15000 2
0 1 12 15 15000 2
0 1 12 3 15000 2
0 1 12 5 15000 2
0 1 12 15 15000 2
0 1 12 1 15000 2
0 1 12 13 15000 2
0 1 12 1 15000 2
0 1 12 15 15000 2
0 1 12 15 15000 2
0 1 13 7 15000 2
0 1 13 12 15000 2
0 1 13 12 15000 2
0 1 13 1 15000 2
0 1 13 3 15000 2
0 1 11 14 15000 2
0 1 11 15 15000 2
0 1 11 14 15000 2
0 1 11 5 15000 2
0 1 11 6 15000 2
0 1 11 11 15000 2
0 1 11 8 15000 2
0 1 11 8 15000 2
0 1 11 10 15000 2
0 1 11 13 15000 2
0 1 11 4 15000 2
0 1 11 2 15000 2
0 1 11 10 15000 2
0 1 11 9 15000 2
0 1 11 14 15000 2
0 1 12 11 15000 2
0 1 12 7 15000 2
0 1 12 11 15000 2
0 1 5 11 15000 2
0 1 4 2 15000 2
0 1 4 15 15000 2
0 1 4 14 15000 2
0 1 4 8 15000 2
0 1 4 10 15000 2
0 1 4 6 15000 2
0 1 4 3 15000 2
0 1 5 10 15000 2
0 1 4 7 15000 2
0 1 5 8 15000 2
0 1 5 13 15000 2
0 1 5 7 15000 2
0 1 5 14 15000 2
0 1 5 4 15000 2
0 1 5 15 15000 2
0 1 5 3 15000 2
0 1 5 2 15000 2
0 1 3 11 15000 2
0 1 2 9 15000 2
0 1 2 15 15000 2
0 1 3 5 15000 2
0 1 3 13 15000 2
0 1 3 4 15000 2
0 1 3 1 15000 2
0 1 3 8 15000 2
0 1 3 8 15000 2
0 1 8 3 15000 2
0 1 3 0 15000 2
0 1 4 0 15000 2
0 1 4 13 15000 2
0 1 4 7 15000 2
0 1 4 7 15000 2
0 1 4 3 15000 2
0 1 4 15 15000 2
0 1 4 14 15000 2
0 1 7 10 15000 2
0 1 7 14 15000 2
0 1 7 4 15000 2
0 1 7 15 15000 2
0 1 7 7 15000 2
0 1 7 9 15000 2
0 1 7 4 15000 2
0 1 7 14 15000 2
0 1 7 5 15000 2
0 1 5 1 15000 2
0 1 7 0 15000 2
0 1 8 9 15000 2
0 1 8 10 15000 2
0 1 8 8 15000 2
0 1 8 10 15000 2
0 1 8 12 15000 2
0 1 8 8 15000 2
0 1 8 5 15000 2
0 1 7 14 15000 2
0 1 7 4 15000 2
0 1 5 9 15000 2
0 1 5 2 15000 2
0 1 5 11 15000 2
0 1 5 4 15000 2
0 1 5 13 15000 2
0 1 6 1 15000 2
0 1 6 6 15000 2
0 1 6 6 15000 2
0 1 6 7 15000 2
0 1 6 6 15000 2
0 1 6 4 15000 2
0 1 6 0 15000 2
0 1 6 9 15000 2
0 1 6 6 15000 2
0 1 6 6 15000 2
0 1 6 7 15000 2
0 1 10 9 15500 2
0 1 10 2 15500 2
0 1 10 2 15500 2
0 1 10 9 15500 2
0 1 10 3 15500 2
0 1 10 3 15500 2
0 1 10 11 15500 2
0 1 10 4 15500 2
0 1 10 0 15500 2
0 1 11 5 15500 2
0 1 11 9 15500 2
0 1 11 10 15500 2
0 1 11 0 15500 2
0 1 11 6 15500 2
0 1 11 5 15500 2
0 1 11 6 15500 2
0 1 11 0 15500 2
0 1 9 5 15500 2
0 1 9 8 15500 2
0 1 9 0 15500 2
0 1 9 4 15500 2
0 1 9 13 15500 2
0 1 9 6 15500 2
0 1 9 10 15500 2
0 1 9 11 15500 2
0 1 9 13 15500 2
0 1 10 13 15500 2
0 1 9 15 15500 2
0 1 8 12 15500 2
0 1 9 4 15500 2
0 1 9 13 15500 2
0 1 10 6 15500 2
0 1 10 3 15500 2
0 1 10 6 15500 2
0 1 12 6 15500 2
0 1 12 4 15500 2
0 1 12 12 15500 2
0 1 12 9 15500 2
0 1 12 8 15500 2
0 1 12 13 15500 2
0 1 12 15 15500 2
0 1 12 2 15500 2
0 1 12 13 15500 2
0 1 12 3 15500 2
0 1 12 1 15500 2
0 1 12 5 15500 2
0 1 12 6 15500 2
0 1 13 14 15500 2
0 1 13 7 15500 2
0 1 13 10 15500 2
0 1 13 0 15500 2
0 1 7 5 15500 2
0 1 11 5 15500 2
0 1 11 9 15500 2
0 1 11 1 15500 2
0 1 11 15 15500 2
0 1 11 15 15500 2
0 1 11 6 15500 2
0 1 11 11 15500 2
0 1 11 11 15500 2
0 1 11 2 15500 2
0 1 11 5 15500 2
0 1 11 15 15500 2
0 1 11 2 15500 2
0 1 11 9 15500 2
0 1 11 9 15500 2
0 1 12 3 15500 2
0 1 12 8 15500 2
0 1 12 14 15500 2
0 1 12 1 15500 2
0 1 5 7 15500 2
0 1 4 8 15500 2
0 1 4 2 15500 2
0 1 4 0 15500 2
0 1 4 13 15500 2
0 1 4 13 15500 2
0 1 4 14 15500 2
0 1 4 3 15500 2
0 1 5 13 15500 2
0 1 4 1 15500 2
0 1 5 0 15500 2
0 1 5 8 15500 2
0 1 5 9 15500 2
0 1 5 8 15500 2
0 1 5 12 15500 2
0 1 5 5 15500 2
0 1 5 14 15500 2
0 1 5 1 15500 2
0 1 3 0 15500 2
0 1 8 14 15500 2
0 1 2 12 15500 2
0 1 2 7 15500 2
0 1 3 0 15500 2
0 1 3 7 15500 2
0 1 3 14 15500 2
0 1 3 6 15500 2
0 1 3 1 15500 2
0 1 8 2 15500 2
0 1 4 5 15500 2
0 1 4 3 15500 2
0 1 4 13 15500 2
0 1 4 14 15500 2
0 1 4 14 15500 2
0 1 4 5 15500 2
0 1 4 6 15500 2
0 1 4 5 15500 2
0 1 7 5 15500 2
0 1 6 6 15500 2
0 1 7 11 15500 2
0 1 7 8 15500 2
0 1 7 8 15500 2
0 1 7 2 15500 2
0 1 7 15 15500 2
0 1 7 5 15500 2
0 1 7 6 15500 2
0 1 5 14 15500 2
0 1 7 9 15500 2
0 1 8 10 15500 2
0 1 8 9 15500 2
0 1 8 1 15500 2
0 1 8 15 15500 2
0 1 8 11 15500 2
0 1 8 14 15500 2
0 1 5 10 15500 2
0 1 6 6 15500 2
0 1 6 1 15500 2
0 1 5 8 15500 2
0 1 5 13 15500 2
0 1 5 11 15500 2
0 1 6 0 15500 2
0 1 6 10 15500 2
0 1 6 10 15500 2
0 1 6 0 15500 2
0 1 6 6 15500 2
0 1 6 0 15500 2
0 1 6 5 15500 2
0 1 6 15 15500 2
0 1 6 14 15500 2
0 1 6 9 15500 2
0 1 6 6 15500 2
0 1 10 6 16000 2
0 1 10 10 16000 2
0 1 10 4 16000 2
0 1 10 4 16000 2
0 1 10 12 16000 2
0 1 10 4 16000 2
0 1 10 13 16000 2
0 1 10 11 16000 2
0 1 10 11 16000 2
0 1 10 5 16000 2
0 1 10 14 16000 2
0 1 10 15 16000 2
0 1 11 3 16000 2
0 1 11 8 16000 2
0 1 11 14 16000 2
0 1 11 2 16000 2
0 1 11 4 16000 2
0 1 11 15 16000 2
0 1 9 10 16000 2
0 1 8 6 16000 2
0 1 12 4 16000 2
0 1 8 11 16000 2
0 1 8 6 16000 2
0 1 8 5 16000 2
0 1 8 0 16000 2
0 1 8 13 16000 2
0 1 8 9 16000 2
0 1 9 13 16000 2
0 1 9 14 16000 2
0 1 9 3 16000 2
0 1 9 6 16000 2
0 1 9 6 16000 2
0 1 9 12 16000 2
0 1 9 8 16000 2
0 1 9 11 16000 2
0 1 9 12 16000 2
0 1 9 3 16000 2
0 1 12 15 16000 2
0 1 12 2 16000 2
0 1 12 5 16000 2
0 1 12 13 16000 2
0 1 12 10 16000 2
0 1 12 8 16000 2
0 1 12 9 16000 2
0 1 12 15 16000 2
0 1 12 2 16000 2
0 1 12 9 16000 2
0 1 12 0 16000 2
0 1 12 11 16000 2
0 1 12 14 16000 2
0 1 12 14 16000 2
0 1 12 3 16000 2
0 1 12 10 16000 2
0 1 13 14 16000 2
0 1 13 0 16000 2
0 1 13 10 16000 2
0 1 11 4 16000 2
0 1 11 15 16000 2
0 1 11 6 16000 2
0 1 11 8 16000 2
0 1 11 7 16000 2
0 1 11 7 16000 2
0 1 11 14 16000 2
0 1 11 11 16000 2
0 1 11 15 16000 2
0 1 11 7 16000 2
0 1 11 15 16000 2
0 1 11 11 16000 2
0 1 11 2 16000 2
0 1 11 6 16000 2
0 1 11 4 16000 2
0 1 11 3 16000 2
0 1 11 15 16000 2
0 1 12 15 16000 2
0 1 5 15 16000 2
0 1 4 14 16000 2
0 1 4 4 16000 2
0 1 4 7 16000 2
0 1 4 9 16000 2
0 1 4 1 16000 2
0 1 4 10 16000 2
0 1 4 1 16000 2
0 1 5 2 16000 2
0 1 5 6 16000 2
0 1 4 6 16000 2
0 1 5 14 16000 2
0 1 5 7 16000 2
0 1 5 9 16000 2
0 1 5 4 16000 2
0 1 5 5 16000 2
0 1 5 15 16000 2
0 1 5 12 16000 2
0 1 5 10 16000 2
0 1 3 12 16000 2
0 1 8 6 16000 2
0 1 2 8 16000 2
0 1 2 3 16000 2
0 1 3 10 16000 2
0 1 3 4 16000 2
0 1 3 1 16000 2
0 1 3 2 16000 2
0 1 3 9 16000 2
0 1 3 9 16000 2
0 1 8 12 16000 2
0 1 3 3 16000 2
0 1 4 8 16000 2
0 1 2 6 16000 2
0 1 4 7 16000 2
0 1 4 13 16000 2
0 1 4 11 16000 2
0 1 4 1 16000 2
0 1 4 14 16000 2
0 1 7 0 16000 2
0 1 7 14 16000 2
0 1 7 13 16000 2
0 1 7 14 16000 2
0 1 7 9 16000 2
0 1 7 11 16000 2
0 1 7 6 16000 2
0 1 7 12 16000 2
0 1 7 10 16000 2
0 1 7 6 16000 2
0 1 5 11 16000 2
0 1 7 5 16000 2
0 1 7 13 16000 2
0 1 7 8 16000 2
0 1 7 7 16000 2
0 1 7 15 16000 2
0 1 8 6 16000 2
0 1 8 4 16000 2
0 1 5 5 16000 2
0 1 6 1 16000 2
0 1 6 12 16000 2
0 1 5 15 16000 2
0 1 5 15 16000 2
0 1 5 10 16000 2
0 1 5 2 16000 2
0 1 6 15 16000 2
0 1 6 9 16000 2
0 1 6 0 16000 2
0 1 6 1 16000 2
0 1 6 13 16000 2
0 1 6 14 16000 2
0 1 6 14 16000 2
0 1 6 8 16000 2
0 1 6 15 16000 2
0 1 6 2 16000 2
0 1 6 1 16000 2
0 1 6 8 16000 2
0 1 9 14 16500 2
0 1 9 7 16500 2
0 1 9 13 16500 2
0 1 9 10 16500 2
0 1 9 13 16500 2
0 1 9 9 16500 2
0 1 9 7 16500 2
0 1 10 10 16500 2
0 1 10 4 16500 2
0 1 9 3 16500 2
0 1 9 4 16500 2
0 1 9 1 16500 2
0 1 9 11 16500 2
0 1 9 1 16500 2
0 1 9 12 16500 2
0 1 9 5 16500 2
0 1 9 12 16500 2
0 1 8 8 16500 2
0 1 8 3 16500 2
0 1 11 12 16500 2
0 1 14 5 16500 2
0 1 13 10 16500 2
0 1 13 10 16500 2
0 1 12 15 16500 2
0 1 12 1 16500 2
0 1 12 4 16500 2
0 1 12 12 16500 2
0 1 11 7 16500 2
0 1 11 7 16500 2
0 1 10 15 16500 2
0 1 11 1 16500 2
0 1 11 4 16500 2
0 1 10 12 16500 2
0 1 10 10 16500 2
0 1 10 3 16500 2
0 1 10 15 16500 2
0 1 10 1 16500 2
0 1 10 14 16500 2
0 1 4 4 16500 2
0 1 6 6 16500 2
0 1 5 15 16500 2
0 1 5 11 16500 2
0 1 5 10 16500 2
0 1 5 8 16500 2
0 1 4 5 16500 2
0 1 4 1 16500 2
0 1 4 12 16500 2
0 1 4 0 16500 2
0 1 8 1 16500 2
0 1 4 10 16500 2
0 1 4 5 16500 2
0 1 3 7 16500 2
0 1 3 9 16500 2
0 1 3 1 16500 2
0 1 3 15 16500 2
0 1 3 11 16500 2
0 1 3 11 16500 2
0 1 8 13 16500 2
0 1 6 2 16500 2
0 1 6 2 16500 2
0 1 8 1 16500 2
0 1 8 9 16500 2
0 1 8 13 16500 2
0 1 8 9 16500 2
0 1 7 2 16500 2
0 1 7 8 16500 2
0 1 7 2 16500 2
0 1 7 8 16500 2
0 1 7 11 16500 2
0 1 7 11 16500 2
0 1 6 7 16500 2
0 1 6 7 16500 2
0 1 6 14 16500 2
0 1 7 8 16500 2
0 1 7 7 16500 2
0 1 7 14 16500 2
0 1 10 14 17000 2
0 1 10 8 17000 2
0 1 10 0 17000 2
0 1 9 15 17000 2
0 1 9 9 17000 2
0 1 9 2 17000 2
0 1 9 7 17000 2
0 1 9 11 17000 2
0 1 9 1 17000 2
0 1 9 5 17000 2
0 1 9 6 17000 2
0 1 9 12 17000 2
0 1 9 11 17000 2
0 1 9 6 17000 2
0 1 9 10 17000 2
0 1 9 15 17000 2
0 1 8 12 17000 2
0 1 8 8 17000 2
0 1 8 5 17000 2
0 1 11 11 17000 2
0 1 14 12 17000 2
0 1 13 2 17000 2
0 1 13 10 17000 2
0 1 13 3 17000 2
0 1 12 5 17000 2
0 1 12 10 17000 2
0 1 12 12 17000 2
0 1 12 2 17000 2
0 1 11 8 17000 2
0 1 10 15 17000 2
0 1 11 14 17000 2
0 1 11 9 17000 2
0 1 11 12 17000 2
0 1 10 9 17000 2
0 1 10 7 17000 2
0 1 10 4 17000 2
0 1 10 7 17000 2
0 1 10 3 17000 2
0 1 10 5 17000 2
0 1 4 9 17000 2
0 1 6 3 17000 2
0 1 5 7 17000 2
0 1 5 2 17000 2
0 1 5 10 17000 2
0 1 5 6 17000 2
0 1 5 5 17000 2
0 1 5 14 17000 2
0 1 4 15 17000 2
0 1 4 1 17000 2
0 1 4 4 17000 2
0 1 8 6 17000 2
0 1 4 15 17000 2
0 1 4 2 17000 2
0 1 4 3 17000 2
0 1 4 9 17000 2
0 1 3 2 17000 2
0 1 3 9 17000 2
0 1 3 10 17000 2
0 1 3 2 17000 2
0 1 8 11 17000 2
0 1 6 10 17000 2
0 1 6 4 17000 2
0 1 8 9 17000 2
0 1 8 7 17000 2
0 1 8 2 17000 2
0 1 8 11 17000 2
0 1 7 8 17000 2
0 1 7 2 17000 2
0 1 7 0 17000 2
0 1 7 11 17000 2
0 1 7 7 17000 2
0 1 7 8 17000 2
0 1 7 7 17000 2
0 1 7 14 17000 2
0 1 6 8 17000 2
0 1 6 3 17000 2
0 1 6 8 17000 2
0 1 6 5 17000 2
0 1 7 13 17000 2
0 1 9 9 17500 2
0 1 9 7 17500 2
0 1 9 7 17500 2
0 1 9 7 17500 2
0 1 9 1 17500 2
0 1 9 12 17500 2
0 1 9 6 17500 2
0 1 10 6 17500 2
0 1 10 13 17500 2
0 1 10 9 17500 2
0 1 9 2 17500 2
0 1 9 15 17500 2
0 1 9 4 17500 2
0 1 9 13 17500 2
0 1 9 8 17500 2
0 1 9 10 17500 2
0 1 8 11 17500 2
0 1 8 9 17500 2
0 1 8 9 17500 2
0 1 8 12 17500 2
0 1 11 8 17500 2
0 1 13 8 17500 2
0 1 13 5 17500 2
0 1 13 0 17500 2
0 1 12 8 17500 2
0 1 12 10 17500 2
0 1 12 4 17500 2
0 1 12 13 17500 2
0 1 12 11 17500 2
0 1 12 0 17500 2
0 1 10 13 17500 2
0 1 11 6 17500 2
0 1 11 4 17500 2
0 1 11 8 17500 2
0 1 11 13 17500 2
0 1 10 12 17500 2
0 1 10 13 17500 2
0 1 10 3 17500 2
0 1 10 5 17500 2
0 1 10 2 17500 2
0 1 4 10 17500 2
0 1 5 2 17500 2
0 1 5 4 17500 2
0 1 5 4 17500 2
0 1 5 3 17500 2
0 1 5 9 17500 2
0 1 5 7 17500 2
0 1 4 2 17500 2
0 1 4 1 17500 2
0 1 4 8 17500 2
0 1 4 0 17500 2
0 1 8 3 17500 2
0 1 4 4 17500 2
0 1 4 3 17500 2
0 1 4 14 17500 2
0 1 3 8 17500 2
0 1 3 11 17500 2
0 1 3 0 17500 2
0 1 3 2 17500 2
0 1 3 3 17500 2
0 1 8 9 17500 2
0 1 6 12 17500 2
0 1 6 14 17500 2
0 1 8 0 17500 2
0 1 8 2 17500 2
0 1 8 1 17500 2
0 1 7 8 17500 2
0 1 7 13 17500 2
0 1 7 12 17500 2
0 1 7 4 17500 2
0 1 7 8 17500 2
0 1 7 14 17500 2
0 1 7 10 17500 2
0 1 6 2 17500 2
0 1 6 6 17500 2
0 1 6 3 17500 2
0 1 6 3 17500 2
0 1 6 15 17500 2
0 1 7 2 17500 2
0 1 7 13 17500 2
0 1 10 13 18000 2
0 1 10 9 18000 2
0 1 10 13 18000 2
0 1 10 15 18000 2
0 1 9 1 18000 2
0 1 9 3 18000 2
0 1 9 15 18000 2
0 1 9 11 18000 2
0 1 9 8 18000 2
0 1 9 12 18000 2
0 1 9 10 18000 2
0 1 9 9 18000 2
0 1 9 13 18000 2
0 1 9 0 18000 2
0 1 9 14 18000 2
0 1 9 8 18000 2
0 1 9 15 18000 2
0 1 8 1 18000 2
0 1 8 6 18000 2
0 1 11 9 18000 2
0 1 12 13 18000 2
0 1 14 8 18000 2
0 1 13 7 18000 2
0 1 13 3 18000 2
0 1 12 1 18000 2
0 1 12 8 18000 2
0 1 12 11 18000 2
0 1 12 10 18000 2
0 1 11 4 18000 2
0 1 10 14 18000 2
0 1 11 13 18000 2
0 1 11 11 18000 2
0 1 11 15 18000 2
0 1 11 0 18000 2
0 1 10 5 18000 2
0 1 10 7 18000 2
0 1 10 1 18000 2
0 1 10 8 18000 2
0 1 4 4 18000 2
0 1 6 2 18000 2
0 1 6 5 18000 2
0 1 6 14 18000 2
0 1 6 8 18000 2
0 1 5 8 18000 2
0 1 5 0 18000 2
0 1 5 13 18000 2
0 1 5 7 18000 2
0 1 5 5 18000 2
0 1 8 4 18000 2
0 1 4 0 18000 2
0 1 4 13 18000 2
0 1 4 11 18000 2
0 1 4 0 18000 2
0 1 3 5 18000 2
0 1 3 4 18000 2
0 1 3 2 18000 2
0 1 3 5 18000 2
0 1 8 3 18000 2
0 1 6 9 18000 2
0 1 6 2 18000 2
0 1 8 0 18000 2
0 1 8 11 18000 2
0 1 8 5 18000 2
0 1 8 8 18000 2
0 1 8 15 18000 2
0 1 8 3 18000 2
0 1 7 9 18000 2
0 1 7 3 18000 2
0 1 7 14 18000 2
0 1 7 12 18000 2
0 1 6 8 18000 2
0 1 6 8 18000 2
0 1 7 3 18000 2
0 1 7 0 18000 2
0 1 7 8 18000 2
0 1 7 1 18000 2
0 1 10 0 18500 2
0 1 10 2 18500 2
0 1 10 6 18500 2
0 1 9 12 18500 2
0 1 9 7 18500 2
0 1 9 15 18500 2
0 1 9 8 18500 2
0 1 9 2 18500 2
0 1 9 0 18500 2
0 1 9 6 18500 2
0 1 9 7 18500 2
0 1 9 2 18500 2
0 1 9 0 18500 2
0 1 9 7 18500 2
0 1 9 1 18500 2
0 1 9 9 18500 2
0 1 8 10 18500 2
0 1 9 10 18500 2
0 1 11 5 18500 2
0 1 14 12 18500 2
0 1 13 13 18500 2
0 1 13 2 18500 2
0 1 12 14 18500 2
0 1 12 8 18500 2
0 1 12 15 18500 2
0 1 12 15 18500 2
0 1 11 13 18500 2
0 1 11 4 18500 2
0 1 10 5 18500 2
0 1 11 14 18500 2
0 1 11 5 18500 2
0 1 10 9 18500 2
0 1 10 11 18500 2
0 1 10 12 18500 2
0 1 10 6 18500 2
0 1 10 5 18500 2
0 1 10 14 18500 2
0 1 4 6 18500 2
0 1 5 1 18500 2
0 1 5 2 18500 2
0 1 5 8 18500 2
0 1 5 0 18500 2
0 1 5 2 18500 2
0 1 5 7 18500 2
0 1 4 0 18500 2
0 1 4 12 18500 2
0 1 4 2 18500 2
0 1 8 5 18500 2
0 1 4 11 18500 2
0 1 4 1 18500 2
0 1 4 2 18500 2
0 1 3 3 18500 2
0 1 3 4 18500 2
0 1 3 6 18500 2
0 1 3 13 18500 2
0 1 8 8 18500 2
0 1 6 13 18500 2
0 1 5 7 18500 2
0 1 8 11 18500 2
0 1 8 9 18500 2
0 1 8 13 18500 2
0 1 7 6 18500 2
0 1 7 12 18500 2
0 1 7 3 18500 2
0 1 7 12 18500 2
0 1 7 8 18500 2
0 1 7 5 18500 2
0 1 7 5 18500 2
0 1 6 6 18500 2
0 1 6 5 18500 2
0 1 6 1 18500 2
0 1 6 8 18500 2
0 1 7 15 18500 2
0 1 9 4 19000 2
0 1 9 1 19000 2
0 1 9 3 19000 2
0 1 10 0 19000 2
0 1 10 15 19000 2
0 1 10 2 19000 2
0 1 10 0 19000 2
0 1 10 15 19000 2
0 1 10 12 19000 2
0 1 9 2 19000 2
0 1 9 4 19000 2
0 1 9 7 19000 2
0 1 8 15 19000 2
0 1 9 6 19000 2
0 1 9 2 19000 2
0 1 9 7 19000 2
0 1 9 3 19000 2
0 1 9 1 19000 2
0 1 12 2 19000 2
0 1 14 15 19000 2
0 1 13 11 19000 2
0 1 13 11 19000 2
0 1 13 12 19000 2
0 1 12 4 19000 2
0 1 12 0 19000 2
0 1 12 15 19000 2
0 1 12 11 19000 2
0 1 10 4 19000 2
0 1 11 13 19000 2
0 1 11 8 19000 2
0 1 11 15 19000 2
0 1 11 9 19000 2
0 1 11 9 19000 2
0 1 11 11 19000 2
0 1 10 13 19000 2
0 1 10 13 19000 2
0 1 4 11 19000 2
0 1 6 1 19000 2
0 1 6 8 19000 2
0 1 6 15 19000 2
0 1 6 6 19000 2
0 1 6 5 19000 2
0 1 5 11 19000 2
0 1 5 8 19000 2
0 1 5 14 19000 2
0 1 5 2 19000 2
0 1 9 9 19000 2
0 1 4 5 19000 2
0 1 4 2 19000 2
0 1 4 9 19000 2
0 1 4 10 19000 2
0 1 4 8 19000 2
0 1 3 2 19000 2
0 1 3 5 19000 2
0 1 9 15 19000 2
0 1 7 7 19000 2
0 1 6 15 19000 2
0 1 8 13 19000 2
0 1 8 5 19000 2
0 1 8 5 19000 2
0 1 8 10 19000 2
0 1 8 1 19000 2
0 1 8 10 19000 2
0 1 8 8 19000 2
0 1 7 8 19000 2
0 1 7 2 19000 2
0 1 7 5 19000 2
0 1 7 15 19000 2
0 1 7 13 19000 2
0 1 7 2 19000 2
0 1 7 10 19000 2
0 1 7 3 19000 2
0 1 9 9 19500 2
0 1 9 14 19500 2
0 1 9 9 19500 2
0 1 9 12 19500 2
0 1 9 3 19500 2
0 1 9 7 19500 2
0 1 10 4 19500 2
0 1 10 15 19500 2
0 1 10 3 19500 2
0 1 9 4 19500 2
0 1 9 8 19500 2
0 1 9 12 19500 2
0 1 9 5 19500 2
0 1 9 1 19500 2
0 1 8 10 19500 2
0 1 8 7 19500 2
0 1 8 5 19500 2
0 1 8 4 19500 2
0 1 12 8 19500 2
0 1 11 15 19500 2
0 1 13 6 19500 2
0 1 13 7 19500 2
0 1 12 14 19500 2
0 1 12 3 19500 2
0 1 12 9 19500 2
0 1 12 3 19500 2
0 1 12 12 19500 2
0 1 11 0 19500 2
0 1 10 15 19500 2
0 1 11 12 19500 2
0 1 11 11 19500 2
0 1 11 6 19500 2
0 1 10 4 19500 2
0 1 10 3 19500 2
0 1 10 9 19500 2
0 1 10 8 19500 2
0 1 10 6 19500 2
0 1 4 14 19500 2
0 1 5 5 19500 2
0 1 5 6 19500 2
0 1 5 9 19500 2
0 1 5 8 19500 2
0 1 5 6 19500 2
0 1 5 9 19500 2
0 1 5 9 19500 2
0 1 4 0 19500 2
0 1 4 3 19500 2
0 1 8 7 19500 2
0 1 4 7 19500 2
0 1 4 7 19500 2
0 1 4 0 19500 2
0 1 4 14 19500 2
0 1 3 8 19500 2
0 1 3 7 19500 2
0 1 3 9 19500 2
0 1 8 14 19500 2
0 1 6 12 19500 2
0 1 6 2 19500 2
0 1 8 11 19500 2
0 1 8 9 19500 2
0 1 8 4 19500 2
0 1 7 6 19500 2
0 1 7 8 19500 2
0 1 7 9 19500 2
0 1 7 11 19500 2
0 1 7 14 19500 2
0 1 7 3 19500 2
0 1 7 7 19500 2
0 1 6 10 19500 2
0 1 6 2 19500 2
0 1 6 7 19500 2
0 1 6 10 19500 2
0 1 6 6 19500 2
0 1 7 15 19500 2
0 1 9 3 20000 2
0 1 9 7 20000 2
0 1 9 12 20000 2
0 1 9 9 20000 2
0 1 9 4 20000 2
0 1 9 14 20000 2
0 1 9 14 20000 2
0 1 10 10 20000 2
0 1 10 1 20000 2
0 1 9 5 20000 2
0 1 9 12 20000 2
0 1 9 8 20000 2
0 1 9 0 20000 2
0 1 9 7 20000 2
0 1 9 3 20000 2
0 1 9 13 20000 2
0 1 9 14 20000 2
0 1 9 6 20000 2
0 1 8 8 20000 2
0 1 11 10 20000 2
0 1 14 0 20000 2
0 1 14 12 20000 2
0 1 13 0 20000 2
0 1 12 8 20000 2
0 1 12 7 20000 2
0 1 12 11 20000 2
0 1 12 15 20000 2
0 1 11 4 20000 2
0 1 11 1 20000 2
0 1 10 4 20000 2
0 1 11 8 20000 2
0 1 11 14 20000 2
0 1 11 6 20000 2
0 1 10 13 20000 2
0 1 10 4 20000 2
0 1 10 7 20000 2
0 1 10 13 20000 2
0 1 10 9 20000 2
0 1 4 14 20000 2
0 1 6 11 20000 2
0 1 6 14 20000 2
0 1 6 0 20000 2
0 1 5 10 20000 2
0 1 5 2 20000 2
0 1 5 2 20000 2
0 1 5 3 20000 2
0 1 5 5 20000 2
0 1 4 0 20000 2
0 1 8 1 20000 2
0 1 4 12 20000 2
0 1 4 10 20000 2
0 1 4 8 20000 2
0 1 4 8 20000 2
0 1 4 14 20000 2
0 1 3 3 20000 2
0 1 3 14 20000 2
0 1 3 5 20000 2
0 1 6 6 20000 2
0 1 6 6 20000 2
0 1 8 13 20000 2
0 1 8 12 20000 2
0 1 8 7 20000 2
0 1 8 0 20000 2
0 1 8 0 20000 2
0 1 8 5 20000 2
0 1 7 9 20000 2
0 1 7 11 20000 2
0 1 7 3 20000 2
0 1 7 8 20000 2
0 1 7 3 20000 2
0 1 7 3 20000 2
0 1 7 6 20000 2
0 1 7 0 20000 2
0 1 7 10 20000 2
0 1 7 5 20000 2
0 1 10 13 20500 2
0 1 10 4 20500 2
0 1 10 2 20500 2
0 1 10 7 20500 2
0 1 9 6 20500 2
0 1 9 11 20500 2
0 1 9 14 20500 2
0 1 9 13 20500 2
0 1 9 11 20500 2
0 1 9 2 20500 2
0 1 8 3 20500 2
0 1 8 14 20500 2
0 1 8 5 20500 2
0 1 8 4 20500 2
0 1 10 13 20500 2
0 1 11 4 20500 2
0 1 11 5 20500 2
0 1 11 15 20500 2
0 1 11 6 20500 2
0 1 11 4 20500 2
0 1 11 3 20500 2
0 1 12 6 20500 2
0 1 12 5 20500 2
0 1 12 11 20500 2
0 1 12 6 20500 2
0 1 12 7 20500 2
0 1 13 5 20500 2
0 1 13 5 20500 2
0 1 13 3 20500 2
0 1 8 7 20500 2
0 1 8 8 20500 2
0 1 3 9 20500 2
0 1 3 0 20500 2
0 1 3 6 20500 2
0 1 4 13 20500 2
0 1 4 0 20500 2
0 1 4 8 20500 2
0 1 4 5 20500 2
0 1 4 6 20500 2
0 1 4 10 20500 2
0 1 4 5 20500 2
0 1 5 15 20500 2
0 1 5 4 20500 2
0 1 5 11 20500 2
0 1 6 4 20500 2
0 1 6 1 20500 2
0 1 7 14 20500 2
0 1 7 6 20500 2
0 1 7 8 20500 2
0 1 7 12 20500 2
0 1 7 15 20500 2
0 1 7 10 20500 2
0 1 6 0 20500 2
0 1 6 4 20500 2
0 1 6 7 20500 2
0 1 6 4 20500 2
0 1 6 2 20500 2
0 1 6 14 20500 2
0 1 11 0 21000 2
0 1 11 1 21000 2
0 1 11 0 21000 2
0 1 11 5 21000 2
0 1 10 2 21000 2
0 1 10 1 21000 2
0 1 10 8 21000 2
0 1 10 3 21000 2
0 1 9 9 21000 2
0 1 9 15 21000 2
0 1 9 11 21000 2
0 1 9 7 21000 2
0 1 8 5 21000 2
0 1 8 0 21000 2
0 1 11 3 21000 2
0 1 11 14 21000 2
0 1 11 4 21000 2
0 1 11 14 21000 2
0 1 12 13 21000 2
0 1 12 13 21000 2
0 1 12 3 21000 2
0 1 12 6 21000 2
0 1 12 7 21000 2
0 1 13 6 21000 2
0 1 13 0 21000 2
0 1 13 3 21000 2
0 1 13 10 21000 2
0 1 8 5 21000 2
0 1 8 9 21000 2
0 1 3 12 21000 2
0 1 3 12 21000 2
0 1 3 4 21000 2
0 1 4 11 21000 2
0 1 4 0 21000 2
0 1 4 7 21000 2
0 1 4 15 21000 2
0 1 4 11 21000 2
0 1 5 10 21000 2
0 1 5 5 21000 2
0 1 5 10 21000 2
0 1 6 15 21000 2
0 1 6 2 21000 2
0 1 6 6 21000 2
0 1 6 0 21000 2
0 1 8 14 21000 2
0 1 8 4 21000 2
0 1 7 7 21000 2
0 1 7 15 21000 2
0 1 7 12 21000 2
0 1 7 3 21000 2
0 1 7 15 21000 2
0 1 7 5 21000 2
0 1 6 9 21000 2
0 1 6 3 21000 2
0 1 6 6 21000 2
0 1 11 10 21500 2
0 1 10 3 21500 2
0 1 10 13 21500 2
0 1 10 14 21500 2
0 1 9 11 21500 2
0 1 9 10 21500 2
0 1 9 4 21500 2
0 1 9 13 21500 2
0 1 9 11 21500 2
0 1 8 6 21500 2
0 1 8 6 21500 2
0 1 8 12 21500 2
0 1 8 8 21500 2
0 1 11 15 21500 2
0 1 11 5 21500 2
0 1 11 12 21500 2
0 1 11 9 21500 2
0 1 11 6 21500 2
0 1 12 10 21500 2
0 1 12 7 21500 2
0 1 12 5 21500 2
0 1 12 11 21500 2
0 1 12 9 21500 2
0 1 13 15 21500 2
0 1 13 0 21500 2
0 1 7 10 21500 2
0 1 7 12 21500 2
0 1 8 4 21500 2
0 1 3 3 21500 2
0 1 3 6 21500 2
0 1 3 2 21500 2
0 1 3 4 21500 2
0 1 4 14 21500 2
0 1 4 8 21500 2
0 1 4 15 21500 2
0 1 4 10 21500 2
0 1 4 1 21500 2
0 1 5 11 21500 2
0 1 5 13 21500 2
0 1 6 7 21500 2
0 1 5 14 21500 2
0 1 7 10 21500 2
0 1 3 6 21500 2
0 1 7 15 21500 2
0 1 7 6 21500 2
0 1 7 1 21500 2
0 1 6 0 21500 2
0 1 6 1 21500 2
0 1 6 10 21500 2
0 1 6 1 21500 2
0 1 6 2 21500 2
0 1 10 15 22000 2
0 1 10 4 22000 2
0 1 9 12 22000 2
0 1 9 14 22000 2
0 1 9 8 22000 2
0 1 9 3 22000 2
0 1 9 11 22000 2
0 1 8 10 22000 2
0 1 8 9 22000 2
0 1 8 5 22000 2
0 1 8 11 22000 2
0 1 8 15 22000 2
0 1 8 5 22000 2
0 1 10 0 22000 2
0 1 11 12 22000 2
0 1 11 4 22000 2
0 1 11 15 22000 2
0 1 11 13 22000 2
0 1 12 13 22000 2
0 1 12 3 22000 2
0 1 12 12 22000 2
0 1 12 5 22000 2
0 1 12 7 22000 2
0 1 12 14 22000 2
0 1 13 12 22000 2
0 1 13 10 22000 2
0 1 13 2 22000 2
0 1 7 14 22000 2
0 1 3 4 22000 2
0 1 3 2 22000 2
0 1 3 1 22000 2
0 1 3 3 22000 2
0 1 4 9 22000 2
0 1 4 8 22000 2
0 1 4 2 22000 2
0 1 4 8 22000 2
0 1 4 2 22000 2
0 1 5 15 22000 2
0 1 5 11 22000 2
0 1 5 2 22000 2
0 1 6 13 22000 2
0 1 6 3 22000 2
0 1 8 7 22000 2
0 1 7 2 22000 2
0 1 7 12 22000 2
0 1 7 10 22000 2
0 1 7 2 22000 2
0 1 7 14 22000 2
0 1 6 6 22000 2
0 1 6 8 22000 2
0 1 6 4 22000 2
0 1 6 9 22000 2
0 1 7 13 22000 2
0 1 11 13 22500 2
0 1 10 2 22500 2
0 1 10 5 22500 2
0 1 10 6 22500 2
0 1 10 0 22500 2
0 1 9 10 22500 2
0 1 9 3 22500 2
0 1 9 12 22500 2
0 1 9 0 22500 2
0 1 8 6 22500 2
0 1 8 7 22500 2
0 1 8 8 22500 2
0 1 11 7 22500 2
0 1 11 7 22500 2
0 1 11 2 22500 2
0 1 11 7 22500 2
0 1 12 5 22500 2
0 1 12 1 22500 2
0 1 12 8 22500 2
0 1 12 11 22500 2
0 1 12 1 22500 2
0 1 12 0 22500 2
0 1 13 12 22500 2
0 1 13 3 22500 2
0 1 9 7 22500 2
0 1 8 11 22500 2
0 1 8 3 22500 2
0 1 3 4 22500 2
0 1 3 15 22500 2
0 1 3 4 22500 2
0 1 3 5 22500 2
0 1 4 12 22500 2
0 1 4 3 22500 2
0 1 4 14 22500 2
0 1 4 11 22500 2
0 1 4 0 22500 2
0 1 5 15 22500 2
0 1 5 4 22500 2
0 1 5 3 22500 2
0 1 6 4 22500 2
0 1 6 14 22500 2
0 1 7 7 22500 2
0 1 7 13 22500 2
0 1 7 10 22500 2
0 1 7 15 22500 2
0 1 7 3 22500 2
0 1 6 6 22500 2
0 1 6 14 22500 2
0 1 6 0 22500 2
0 1 6 11 22500 2
0 1 3 13 22500 2
0 1 10 15 23000 2
0 1 10 5 23000 2
0 1 9 4 23000 2
0 1 9 0 23000 2
0 1 9 6 23000 2
0 1 9 3 23000 2
0 1 8 7 23000 2
0 1 8 2 23000 2
0 1 8 3 23000 2
0 1 8 2 23000 2
0 1 8 15 23000 2
0 1 8 12 23000 2
0 1 7 10 23000 2
0 1 10 6 23000 2
0 1 10 0 23000 2
0 1 11 4 23000 2
0 1 11 15 23000 2
0 1 11 8 23000 2
0 1 11 13 23000 2
0 1 12 3 23000 2
0 1 12 2 23000 2
0 1 12 7 23000 2
0 1 12 11 23000 2
0 1 13 14 23000 2
0 1 13 3 23000 2
0 1 7 6 23000 2
0 1 5 14 23000 2
0 1 7 10 23000 2
0 1 3 11 23000 2
0 1 3 13 23000 2
0 1 3 6 23000 2
0 1 3 10 23000 2
0 1 3 7 23000 2
0 1 4 2 23000 2
0 1 4 11 23000 2
0 1 4 5 23000 2
0 1 4 5 23000 2
0 1 4 7 23000 2
0 1 4 8 23000 2
0 1 5 12 23000 2
0 1 5 10 23000 2
0 1 6 15 23000 2
0 1 6 1 23000 2
0 1 6 2 23000 2
0 1 6 12 23000 2
0 1 6 8 23000 2
0 1 6 14 23000 2
0 1 6 10 23000 2
0 1 7 0 23000 2
0 1 7 10 23000 2
0 1 7 3 23000 2
0 1 7 7 23000 2
0 1 10 10 23500 2
0 1 10 8 23500 2
0 1 11 9 23500 2
0 1 10 6 23500 2
0 1 10 9 23500 2
0 1 11 11 23500 2
0 1 13 6 23500 2
0 1 9 6 23500 2
0 1 9 15 23500 2
0 1 9 0 23500 2
0 1 9 7 23500 2
0 1 9 7 23500 2
0 1 8 12 23500 2
0 1 8 12 23500 2
0 1 11 0 23500 2
0 1 11 13 23500 2
0 1 11 9 23500 2
0 1 11 3 23500 2
0 1 12 5 23500 2
0 1 12 12 23500 2
0 1 12 15 23500 2
0 1 12 13 23500 2
0 1 12 14 23500 2
0 1 12 7 23500 2
0 1 13 6 23500 2
0 1 13 13 23500 2
0 1 13 12 23500 2
0 1 10 2 23500 2
0 1 8 4 23500 2
0 1 8 12 23500 2
0 1 3 2 23500 2
0 1 3 6 23500 2
0 1 3 8 23500 2
0 1 3 1 23500 2
0 1 3 15 23500 2
0 1 4 14 23500 2
0 1 4 14 23500 2
0 1 4 1 23500 2
0 1 4 11 23500 2
0 1 4 13 23500 2
0 1 5 2 23500 2
0 1 5 9 23500 2
0 1 5 3 23500 2
0 1 6 10 23500 2
0 1 6 10 23500 2
0 1 8 14 23500 2
0 1 8 9 23500 2
0 1 7 10 23500 2
0 1 7 14 23500 2
0 1 7 11 23500 2
0 1 7 9 23500 2
0 1 7 3 23500 2
0 1 6 12 23500 2
0 1 6 6 23500 2
0 1 6 14 23500 2
0 1 7 13 23500 2
0 1 11 12 24000 2
0 1 10 3 24000 2
0 1 10 6 24000 2
0 1 10 0 24000 2
0 1 9 14 24000 2
0 1 9 8 24000 2
0 1 9 5 24000 2
0 1 9 6 24000 2
0 1 9 15 24000 2
0 1 9 14 24000 2
0 1 8 9 24000 2
0 1 8 5 24000 2
0 1 8 7 24000 2
0 1 11 5 24000 2
0 1 11 15 24000 2
0 1 11 15 24000 2
0 1 11 15 24000 2
0 1 11 7 24000 2
0 1 12 15 24000 2
0 1 12 5 24000 2
0 1 12 6 24000 2
0 1 12 7 24000 2
0 1 12 10 24000 2
0 1 13 0 24000 2
0 1 13 8 24000 2
0 1 13 15 24000 2
0 1 13 0 24000 2
0 1 8 5 24000 2
0 1 8 2 24000 2
0 1 3 7 24000 2
0 1 3 0 24000 2
0 1 3 10 24000 2
0 1 3 15 24000 2
0 1 4 6 24000 2
0 1 4 1 24000 2
0 1 4 3 24000 2
0 1 4 7 24000 2
0 1 4 13 24000 2
0 1 4 3 24000 2
0 1 4 2 24000 2
0 1 5 15 24000 2
0 1 5 14 24000 2
0 1 5 14 24000 2
0 1 7 4 24000 2
0 1 7 15 24000 2
0 1 7 15 24000 2
0 1 7 15 24000 2
0 1 7 4 24000 2
0 1 6 15 24000 2
0 1 6 6 24000 2
0 1 6 8 24000 2
0 1 6 5 24000 2
0 1 6 14 24000 2
0 1 6 2 24000 2
0 1 10 14 24500 2
0 1 10 9 24500 2
0 1 10 12 24500 2
0 1 10 0 24500 2
0 1 9 4 24500 2
0 1 9 0 24500 2
0 1 8 15 24500 2
0 1 8 7 24500 2
0 1 8 5 24500 2
0 1 8 15 24500 2
0 1 8 15 24500 2
0 1 8 0 24500 2
0 1 8 13 24500 2
0 1 8 6 24500 2
0 1 7 1 24500 2
0 1 7 15 24500 2
0 1 7 10 24500 2
0 1 7 0 24500 2
0 1 7 9 24500 2
0 1 7 12 24500 2
0 1 12 14 24500 2
0 1 7 8 24500 2
0 1 14 15 24500 2
0 1 13 0 24500 2
0 1 13 7 24500 2
0 1 13 14 24500 2
0 1 13 14 24500 2
0 1 13 8 24500 2
0 1 12 15 24500 2
0 1 12 9 24500 2
0 1 11 3 24500 2
0 1 12 11 24500 2
0 1 12 12 24500 2
0 1 12 5 24500 2
0 1 12 2 24500 2
0 1 12 3 24500 2
0 1 11 13 24500 2
0 1 11 4 24500 2
0 1 11 11 24500 2
0 1 11 8 24500 2
0 1 4 14 24500 2
0 1 5 10 24500 2
0 1 5 8 24500 2
0 1 5 2 24500 2
0 1 5 2 24500 2
0 1 5 4 24500 2
0 1 5 6 24500 2
0 1 4 13 24500 2
0 1 4 10 24500 2
0 1 4 8 24500 2
0 1 4 0 24500 2
0 1 7 7 24500 2
0 1 4 2 24500 2
0 1 4 2 24500 2
0 1 4 0 24500 2
0 1 3 4 24500 2
0 1 3 0 24500 2
0 1 3 0 24500 2
0 1 3 7 24500 2
0 1 3 0 24500 2
0 1 7 1 24500 2
0 1 6 13 24500 2
0 1 6 12 24500 2
0 1 7 2 24500 2
0 1 7 6 24500 2
0 1 7 0 24500 2
0 1 7 5 24500 2
0 1 7 11 24500 2
0 1 7 6 24500 2
0 1 7 14 24500 2
0 1 7 7 24500 2
0 1 7 9 24500 2
0 1 7 10 24500 2
0 1 7 8 24500 2
0 1 7 14 24500 2
0 1 6 1 24500 2
0 1 6 10 24500 2
0 1 6 3 24500 2
0 1 6 13 24500 2
0 1 3 15 24500 2
0 1 8 12 25000 2
0 1 8 2 25000 2
0 1 8 10 25000 2
0 1 8 12 25000 2
0 1 8 12 25000 2
0 1 8 10 25000 2
0 1 8 15 25000 2
0 1 8 1 25000 2
0 1 8 8 25000 2
0 1 8 6 25000 2
0 1 9 15 25000 2
0 1 7 7 25000 2
0 1 7 12 25000 2
0 1 7 3 25000 2
0 1 7 0 25000 2
0 1 7 3 25000 2
0 1 7 14 25000 2
0 1 7 9 25000 2
0 1 7 0 25000 2
0 1 7 4 25000 2
0 1 7 4 25000 2
0 1 13 2 25000 2
0 1 7 6 25000 2
0 1 12 0 25000 2
0 1 14 4 25000 2
0 1 13 10 25000 2
0 1 13 15 25000 2
0 1 12 4 25000 2
0 1 12 4 25000 2
0 1 12 4 25000 2
0 1 12 14 25000 2
0 1 12 3 25000 2
0 1 12 10 25000 2
0 1 12 5 25000 2
0 1 10 8 25000 2
0 1 11 0 25000 2
0 1 11 3 25000 2
0 1 11 4 25000 2
0 1 11 8 25000 2
0 1 11 1 25000 2
0 1 10 5 25000 2
0 1 10 4 25000 2
0 1 10 2 25000 2
0 1 10 14 25000 2
0 1 10 11 25000 2
0 1 4 5 25000 2
0 1 5 9 25000 2
0 1 5 9 25000 2
0 1 5 15 25000 2
0 1 5 2 25000 2
0 1 5 9 25000 2
0 1 5 6 25000 2
0 1 4 14 25000 2
0 1 4 6 25000 2
0 1 4 12 25000 2
0 1 4 4 25000 2
0 1 4 14 25000 2
0 1 3 5 25000 2
0 1 4 5 25000 2
0 1 4 9 25000 2
0 1 3 15 25000 2
0 1 3 13 25000 2
0 1 3 3 25000 2
0 1 3 10 25000 2
0 1 3 9 25000 2
0 1 3 8 25000 2
0 1 3 8 25000 2
0 1 7 10 25000 2
0 1 5 11 25000 2
0 1 7 6 25000 2
0 1 7 15 25000 2
0 1 7 14 25000 2
0 1 7 5 25000 2
0 1 7 14 25000 2
0 1 7 13 25000 2
0 1 7 12 25000 2
0 1 7 11 25000 2
0 1 7 7 25000 2
0 1 7 15 25000 2
0 1 6 8 25000 2
0 1 5 2 25000 2
0 1 5 7 25000 2
0 1 6 6 25000 2
0 1 6 7 25000 2
0 1 6 8 25000 2
0 1 6 6 25000 2
0 1 7 10 25000 2
0 1 6 1 25000 2
0 1 6 12 25000 2
0 1 6 14 25000 2
0 1 8 1 25500 2
0 1 11 1 25500 2
0 1 10 0 25500 2
0 1 10 12 25500 2
0 1 10 13 25500 2
0 1 10 11 25500 2
0 1 9 14 25500 2
0 1 9 6 25500 2
0 1 8 14 25500 2
0 1 8 6 25500 2
0 1 7 10 25500 2
0 1 8 15 25500 2
0 1 8 10 25500 2
0 1 8 5 25500 2
0 1 7 1 25500 2
0 1 7 5 25500 2
0 1 7 8 25500 2
0 1 7 3 25500 2
0 1 7 11 25500 2
0 1 12 13 25500 2
0 1 7 0 25500 2
0 1 14 10 25500 2
0 1 14 0 25500 2
0 1 13 9 25500 2
0 1 13 11 25500 2
0 1 13 4 25500 2
0 1 13 12 25500 2
0 1 13 9 25500 2
0 1 13 12 25500 2
0 1 11 12 25500 2
0 1 12 0 25500 2
0 1 12 3 25500 2
0 1 12 5 25500 2
0 1 12 1 25500 2
0 1 12 2 25500 2
0 1 11 1 25500 2
0 1 11 11 25500 2
0 1 11 5 25500 2
0 1 11 11 25500 2
0 1 4 11 25500 2
0 1 5 11 25500 2
0 1 5 4 25500 2
0 1 5 11 25500 2
0 1 5 1 25500 2
0 1 5 14 25500 2
0 1 4 13 25500 2
0 1 4 9 25500 2
0 1 4 5 25500 2
0 1 4 2 25500 2
0 1 7 9 25500 2
0 1 4 12 25500 2
0 1 3 14 25500 2
0 1 3 9 25500 2
0 1 3 15 25500 2
0 1 3 5 25500 2
0 1 3 11 25500 2
0 1 3 12 25500 2
0 1 3 3 25500 2
0 1 7 6 25500 2
0 1 6 10 25500 2
0 1 6 5 25500 2
0 1 7 7 25500 2
0 1 7 5 25500 2
0 1 7 3 25500 2
0 1 7 7 25500 2
0 1 7 5 25500 2
0 1 7 9 25500 2
0 1 7 2 25500 2
0 1 7 2 25500 2
0 1 7 4 25500 2
0 1 7 5 25500 2
0 1 7 10 25500 2
0 1 7 9 25500 2
0 1 6 3 25500 2
0 1 6 9 25500 2
0 1 6 13 25500 2
0 1 6 8 25500 2
0 1 7 14 25500 2
0 1 8 1 26000 2
0 1 8 11 26000 2
0 1 8 3 26000 2
0 1 8 8 26000 2
0 1 8 11 26000 2
0 1 9 12 26000 2
0 1 10 3 26000 2
0 1 10 3 26000 2
0 1 10 4 26000 2
0 1 10 5 26000 2
0 1 10 11 26000 2
0 1 8 5 26000 2
0 1 8 15 26000 2
0 1 8 3 26000 2
0 1 8 11 26000 2
0 1 8 1 26000 2
0 1 7 12 26000 2
0 1 7 4 26000 2
0 1 7 2 26000 2
0 1 7 0 26000 2
0 1 7 13 26000 2
0 1 7 2 26000 2
0 1 12 0 26000 2
0 1 14 14 26000 2
0 1 14 11 26000 2
0 1 3 15 26000 2
0 1 13 5 26000 2
0 1 13 11 26000 2
0 1 13 13 26000 2
0 1 13 0 26000 2
0 1 13 9 26000 2
0 1 12 13 26000 2
0 1 12 4 26000 2
0 1 10 8 26000 2
0 1 12 13 26000 2
0 1 12 14 26000 2
0 1 12 5 26000 2
0 1 12 3 26000 2
0 1 12 5 26000 2
0 1 11 6 26000 2
0 1 11 8 26000 2
0 1 11 9 26000 2
0 1 11 11 26000 2
0 1 11 13 26000 2
0 1 4 14 26000 2
0 1 5 8 26000 2
0 1 5 9 26000 2
0 1 5 14 26000 2
0 1 5 14 26000 2
0 1 5 0 26000 2
0 1 5 8 26000 2
0 1 4 6 26000 2
0 1 4 11 26000 2
0 1 4 1 26000 2
0 1 4 0 26000 2
0 1 4 8 26000 2
0 1 7 4 26000 2
0 1 4 11 26000 2
0 1 4 1 26000 2
0 1 4 15 26000 2
0 1 4 3 26000 2
0 1 3 3 26000 2
0 1 3 1 26000 2
0 1 3 15 26000 2
0 1 3 13 26000 2
0 1 3 10 26000 2
0 1 7 12 26000 2
0 1 6 3 26000 2
0 1 5 7 26000 2
0 1 7 12 26000 2
0 1 7 2 26000 2
0 1 7 9 26000 2
0 1 7 3 26000 2
0 1 7 8 26000 2
0 1 7 3 26000 2
0 1 7 2 26000 2
0 1 7 10 26000 2
0 1 7 8 26000 2
0 1 7 2 26000 2
0 1 7 13 26000 2
0 1 6 14 26000 2
0 1 6 8 26000 2
0 1 6 2 26000 2
0 1 6 11 26000 2
0 1 6 15 26000 2
0 1 6 3 26000 2
0 1 7 10 26000 2
0 1 7 15 26000 2
0 1 10 9 26500 2
0 1 10 4 26500 2
0 1 9 13 26500 2
0 1 9 7 26500 2
0 1 8 5 26500 2
0 1 8 4 26500 2
0 1 8 10 26500 2
0 1 8 11 26500 2
0 1 8 3 26500 2
0 1 8 7 26500 2
0 1 8 4 26500 2
0 1 8 5 26500 2
0 1 8 14 26500 2
0 1 7 6 26500 2
0 1 7 2 26500 2
0 1 7 11 26500 2
0 1 7 2 26500 2
0 1 7 5 26500 2
0 1 7 14 26500 2
0 1 7 5 26500 2
0 1 7 8 26500 2
0 1 12 14 26500 2
0 1 14 8 26500 2
0 1 14 5 26500 2
0 1 14 6 26500 2
0 1 13 14 26500 2
0 1 13 2 26500 2
0 1 13 2 26500 2
0 1 13 6 26500 2
0 1 12 14 26500 2
0 1 12 5 26500 2
0 1 12 9 26500 2
0 1 10 15 26500 2
0 1 12 4 26500 2
0 1 12 5 26500 2
0 1 12 9 26500 2
0 1 11 6 26500 2
0 1 11 12 26500 2
0 1 11 15 26500 2
0 1 11 2 26500 2
0 1 10 11 26500 2
0 1 10 11 26500 2
0 1 10 4 26500 2
0 1 4 9 26500 2
0 1 5 13 26500 2
0 1 5 7 26500 2
0 1 5 7 26500 2
0 1 5 12 26500 2
0 1 5 0 26500 2
0 1 4 6 26500 2
0 1 4 9 26500 2
0 1 4 6 26500 2
0 1 4 12 26500 2
0 1 4 0 26500 2
0 1 7 9 26500 2
0 1 4 2 26500 2
0 1 4 4 26500 2
0 1 3 5 26500 2
0 1 3 13 26500 2
0 1 3 13 26500 2
0 1 3 7 26500 2
0 1 3 4 26500 2
0 1 3 7 26500 2
0 1 3 6 26500 2
0 1 5 11 26500 2
0 1 5 6 26500 2
0 1 7 8 26500 2
0 1 7 5 26500 2
0 1 7 0 26500 2
0 1 7 11 26500 2
0 1 7 15 26500 2
0 1 7 2 26500 2
0 1 7 5 26500 2
0 1 7 2 26500 2
0 1 7 3 26500 2
0 1 7 6 26500 2
0 1 7 10 26500 2
0 1 6 11 26500 2
0 1 6 15 26500 2
0 1 6 12 26500 2
0 1 6 0 26500 2
0 1 6 9 26500 2
0 1 6 8 26500 2
0 1 7 2 26500 2
0 1 7 11 26500 2
0 1 10 9 27000 2
0 1 9 3 27000 2
0 1 8 3 27000 2
0 1 8 11 27000 2
0 1 8 2 27000 2
0 1 8 4 27000 2
0 1 8 3 27000 2
0 1 8 15 27000 2
0 1 8 4 27000 2
0 1 8 2 27000 2
0 1 8 4 27000 2
0 1 8 12 27000 2
0 1 8 4 27000 2
0 1 7 7 27000 2
0 1 7 9 27000 2
0 1 7 3 27000 2
0 1 7 0 27000 2
0 1 7 7 27000 2
0 1 7 0 27000 2
0 1 7 4 27000 2
0 1 12 3 27000 2
0 1 10 10 27000 2
0 1 14 0 27000 2
0 1 14 4 27000 2
0 1 13 13 27000 2
0 1 13 10 27000 2
0 1 13 14 27000 2
0 1 13 3 27000 2
0 1 12 4 27000 2
0 1 12 14 27000 2
0 1 10 12 27000 2
0 1 12 6 27000 2
0 1 12 12 27000 2
0 1 12 8 27000 2
0 1 11 7 27000 2
0 1 11 3 27000 2
0 1 11 6 27000 2
0 1 11 4 27000 2
0 1 11 15 27000 2
0 1 10 6 27000 2
0 1 4 9 27000 2
0 1 3 14 27000 2
0 1 5 12 27000 2
0 1 5 8 27000 2
0 1 5 8 27000 2
0 1 5 10 27000 2
0 1 4 9 27000 2
0 1 4 8 27000 2
0 1 4 13 27000 2
0 1 4 9 27000 2
0 1 4 9 27000 2
0 1 7 9 27000 2
0 1 4 3 27000 2
0 1 4 3 27000 2
0 1 3 15 27000 2
0 1 3 15 27000 2
0 1 3 5 27000 2
0 1 3 3 27000 2
0 1 3 4 27000 2
0 1 3 13 27000 2
0 1 7 14 27000 2
0 1 5 14 27000 2
0 1 5 15 27000 2
0 1 7 10 27000 2
0 1 7 0 27000 2
0 1 7 2 27000 2
0 1 7 6 27000 2
0 1 7 6 27000 2
0 1 7 8 27000 2
0 1 7 3 27000 2
0 1 7 12 27000 2
0 1 7 7 27000 2
0 1 7 12 27000 2
0 1 7 5 27000 2
0 1 6 10 27000 2
0 1 6 4 27000 2
0 1 6 14 27000 2
0 1 6 11 27000 2
0 1 6 6 27000 2
0 1 6 8 27000 2
0 1 6 6 27000 2
0 1 9 3 27500 2
0 1 9 12 27500 2
0 1 9 15 27500 2
0 1 8 5 27500 2
0 1 8 1 27500 2
0 1 8 0 27500 2
0 1 8 2 27500 2
0 1 8 1 27500 2
0 1 8 10 27500 2
0 1 8 10 27500 2
0 1 8 5 27500 2
0 1 7 6 27500 2
0 1 7 15 27500 2
0 1 7 5 27500 2
0 1 7 7 27500 2
0 1 7 15 27500 2
0 1 7 15 27500 2
0 1 7 14 27500 2
0 1 7 6 27500 2
0 1 7 1 27500 2
0 1 12 8 27500 2
0 1 7 10 27500 2
0 1 14 13 27500 2
0 1 13 7 27500 2
0 1 13 13 27500 2
0 1 13 3 27500 2
0 1 13 8 27500 2
0 1 12 7 27500 2
0 1 12 5 27500 2
0 1 12 10 27500 2
0 1 10 1 27500 2
0 1 12 14 27500 2
0 1 12 11 27500 2
0 1 11 10 27500 2
0 1 11 1 27500 2
0 1 11 15 27500 2
0 1 10 15 27500 2
0 1 10 6 27500 2
0 1 10 11 27500 2
0 1 10 15 27500 2
0 1 4 4 27500 2
0 1 5 3 27500 2
0 1 5 7 27500 2
0 1 5 6 27500 2
0 1 5 1 27500 2
0 1 5 1 27500 2
0 1 5 5 27500 2
0 1 4 1 27500 2
0 1 4 10 27500 2
0 1 4 2 27500 2
0 1 4 1 27500 2
0 1 7 7 27500 2
0 1 4 13 27500 2
0 1 4 15 27500 2
0 1 4 15 27500 2
0 1 3 8 27500 2
0 1 3 10 27500 2
0 1 3 0 27500 2
0 1 3 5 27500 2
0 1 3 0 27500 2
0 1 3 6 27500 2
0 1 5 10 27500 2
0 1 5 15 27500 2
0 1 7 3 27500 2
0 1 7 3 27500 2
0 1 7 2 27500 2
0 1 7 14 27500 2
0 1 7 3 27500 2
0 1 7 14 27500 2
0 1 7 11 27500 2
0 1 7 12 27500 2
0 1 6 8 27500 2
0 1 6 0 27500 2
0 1 6 12 27500 2
0 1 6 6 27500 2
0 1 6 12 27500 2
0 1 6 8 27500 2
0 1 6 9 27500 2
0 1 6 13 27500 2
0 1 5 5 27500 2
0 1 6 4 27500 2
0 1 8 8 28000 2
0 1 8 13 28000 2
0 1 8 13 28000 2
0 1 8 6 28000 2
0 1 8 12 28000 2
0 1 8 8 28000 2
0 1 8 12 28000 2
0 1 8 10 28000 2
0 1 9 12 28000 2
0 1 10 2 28000 2
0 1 10 12 28000 2
0 1 7 7 28000 2
0 1 7 4 28000 2
0 1 7 7 28000 2
0 1 7 1 28000 2
0 1 7 3 28000 2
0 1 7 5 28000 2
0 1 7 15 28000 2
0 1 7 12 28000 2
0 1 7 3 28000 2
0 1 7 12 28000 2
0 1 7 7 28000 2
0 1 12 9 28000 2
0 1 3 10 28000 2
0 1 14 0 28000 2
0 1 13 7 28000 2
0 1 13 4 28000 2
0 1 13 13 28000 2
0 1 13 5 28000 2
0 1 13 3 28000 2
0 1 12 11 28000 2
0 1 12 1 28000 2
0 1 12 0 28000 2
0 1 10 3 28000 2
0 1 12 11 28000 2
0 1 12 15 28000 2
0 1 12 0 28000 2
0 1 12 1 28000 2
0 1 11 10 28000 2
0 1 11 12 28000 2
0 1 11 14 28000 2
0 1 11 9 28000 2
0 1 10 15 28000 2
0 1 10 9 28000 2
0 1 4 4 28000 2
0 1 5 8 28000 2
0 1 5 6 28000 2
0 1 5 9 28000 2
0 1 4 0 28000 2
0 1 4 7 28000 2
0 1 4 12 28000 2
0 1 4 15 28000 2
0 1 4 8 28000 2
0 1 4 12 28000 2
0 1 4 14 28000 2
0 1 7 15 28000 2
0 1 4 9 28000 2
0 1 4 11 28000 2
0 1 3 1 28000 2
0 1 3 14 28000 2
0 1 3 9 28000 2
0 1 3 14 28000 2
0 1 3 3 28000 2
0 1 3 7 28000 2
0 1 3 2 28000 2
0 1 3 11 28000 2
0 1 5 13 28000 2
0 1 7 15 28000 2
0 1 7 8 28000 2
0 1 5 0 28000 2
0 1 7 1 28000 2
0 1 7 15 28000 2
0 1 7 10 28000 2
0 1 7 4 28000 2
0 1 7 8 28000 2
0 1 7 7 28000 2
0 1 7 0 28000 2
0 1 7 0 28000 2
0 1 6 5 28000 2
0 1 6 10 28000 2
0 1 5 13 28000 2
0 1 5 12 28000 2
0 1 6 12 28000 2
0 1 6 3 28000 2
0 1 6 9 28000 2
0 1 6 11 28000 2
0 1 6 9 28000 2
0 1 6 8 28000 2
0 1 9 3 28500 2
0 1 9 3 28500 2
0 1 9 1 28500 2
0 1 9 15 28500 2
0 1 9 11 28500 2
0 1 8 5 28500 2
0 1 8 3 28500 2
0 1 8 12 28500 2
0 1 8 4 28500 2
0 1 8 0 28500 2
0 1 8 6 28500 2
0 1 8 12 28500 2
0 1 8 2 28500 2
0 1 8 2 28500 2
0 1 8 0 28500 2
0 1 8 3 28500 2
0 1 8 6 28500 2
0 1 8 1 28500 2
0 1 8 10 28500 2
0 1 11 5 28500 2
0 1 7 12 28500 2
0 1 14 10 28500 2
0 1 14 1 28500 2
0 1 14 15 28500 2
0 1 14 8 28500 2
0 1 13 15 28500 2
0 1 13 12 28500 2
0 1 12 5 28500 2
0 1 12 3 28500 2
0 1 9 14 28500 2
0 1 11 15 28500 2
0 1 11 6 28500 2
0 1 10 2 28500 2
0 1 10 15 28500 2
0 1 10 8 28500 2
0 1 10 7 28500 2
0 1 10 12 28500 2
0 1 9 9 28500 2
0 1 4 10 28500 2
0 1 5 2 28500 2
0 1 5 15 28500 2
0 1 5 12 28500 2
0 1 5 13 28500 2
0 1 5 1 28500 2
0 1 5 14 28500 2
0 1 5 8 28500 2
0 1 5 0 28500 2
0 1 5 0 28500 2
0 1 7 3 28500 2
0 1 4 12 28500 2
0 1 4 13 28500 2
0 1 4 9 28500 2
0 1 4 1 28500 2
0 1 4 14 28500 2
0 1 4 3 28500 2
0 1 4 10 28500 2
0 1 8 7 28500 2
0 1 5 7 28500 2
0 1 5 1 28500 2
0 1 7 13 28500 2
0 1 7 1 28500 2
0 1 3 8 28500 2
0 1 7 7 28500 2
0 1 7 10 28500 2
0 1 6 15 28500 2
0 1 6 14 28500 2
0 1 6 13 28500 2
0 1 6 7 28500 2
0 1 6 13 28500 2
0 1 6 12 28500 2
0 1 6 5 28500 2
0 1 6 14 28500 2
0 1 6 12 28500 2
0 1 6 6 28500 2
0 1 6 6 28500 2
0 1 9 1 29000 2
0 1 9 14 29000 2
0 1 9 1 29000 2
0 1 9 5 29000 2
0 1 9 13 29000 2
0 1 9 4 29000 2
0 1 9 15 29000 2
0 1 10 10 29000 2
0 1 10 8 29000 2
0 1 10 1 29000 2
0 1 8 11 29000 2
0 1 8 2 29000 2
0 1 8 14 29000 2
0 1 8 15 29000 2
0 1 8 0 29000 2
0 1 8 9 29000 2
0 1 8 5 29000 2
0 1 8 11 29000 2
0 1 8 5 29000 2
0 1 8 2 29000 2
0 1 12 8 29000 2
0 1 14 11 29000 2
0 1 14 14 29000 2
0 1 14 0 29000 2
0 1 14 5 29000 2
0 1 13 5 29000 2
0 1 13 15 29000 2
0 1 13 15 29000 2
0 1 13 15 29000 2
0 1 12 2 29000 2
0 1 10 9 29000 2
0 1 12 15 29000 2
0 1 12 5 29000 2
0 1 11 11 29000 2
0 1 11 7 29000 2
0 1 11 9 29000 2
0 1 11 6 29000 2
0 1 11 6 29000 2
0 1 10 9 29000 2
0 1 5 8 29000 2
0 1 6 2 29000 2
0 1 6 4 29000 2
0 1 5 3 29000 2
0 1 5 0 29000 2
0 1 5 4 29000 2
0 1 5 0 29000 2
0 1 5 4 29000 2
0 1 5 11 29000 2
0 1 5 2 29000 2
0 1 5 12 29000 2
0 1 8 5 29000 2
0 1 5 1 29000 2
0 1 5 2 29000 2
0 1 4 6 29000 2
0 1 4 3 29000 2
0 1 4 7 29000 2
0 1 4 14 29000 2
0 1 4 14 29000 2
0 1 4 1 29000 2
0 1 3 5 29000 2
0 1 6 0 29000 2
0 1 6 6 29000 2
0 1 8 14 29000 2
0 1 8 8 29000 2
0 1 7 3 29000 2
0 1 7 14 29000 2
0 1 7 0 29000 2
0 1 7 10 29000 2
0 1 7 4 29000 2
0 1 7 4 29000 2
0 1 7 6 29000 2
0 1 7 12 29000 2
0 1 7 4 29000 2
0 1 7 15 29000 2
0 1 6 6 29000 2
0 1 6 12 29000 2
0 1 6 12 29000 2
0 1 6 0 29000 2
0 1 7 5 29000 2
0 1 8 14 29500 2
0 1 8 2 29500 2
0 1 9 15 29500 2
0 1 9 7 29500 2
0 1 9 2 29500 2
0 1 9 12 29500 2
0 1 9 1 29500 2
0 1 9 12 29500 2
0 1 9 12 29500 2
0 1 9 11 29500 2
0 1 8 13 29500 2
0 1 8 6 29500 2
0 1 8 2 29500 2
0 1 8 9 29500 2
0 1 8 4 29500 2
0 1 8 0 29500 2
0 1 8 14 29500 2
0 1 8 9 29500 2
0 1 8 5 29500 2
0 1 8 7 29500 2
0 1 12 12 29500 2
0 1 4 1 29500 2
0 1 14 11 29500 2
0 1 14 2 29500 2
0 1 13 12 29500 2
0 1 13 0 29500 2
0 1 13 6 29500 2
0 1 12 14 29500 2
0 1 12 8 29500 2
0 1 12 3 29500 2
0 1 10 13 29500 2
0 1 11 9 29500 2
0 1 11 7 29500 2
0 1 11 4 29500 2
0 1 11 8 29500 2
0 1 11 9 29500 2
0 1 10 6 29500 2
0 1 10 8 29500 2
0 1 10 6 29500 2
0 1 10 13 29500 2
0 1 5 6 29500 2
0 1 5 4 29500 2
0 1 5 12 29500 2
0 1 5 10 29500 2
0 1 5 2 29500 2
0 1 5 4 29500 2
0 1 5 10 29500 2
0 1 5 10 29500 2
0 1 5 0 29500 2
0 1 5 10 29500 2
0 1 8 12 29500 2
0 1 5 2 29500 2
0 1 5 2 29500 2
0 1 4 5 29500 2
0 1 4 1 29500 2
0 1 4 0 29500 2
0 1 4 1 29500 2
0 1 4 0 29500 2
0 1 4 15 29500 2
0 1 8 4 29500 2
0 1 6 1 29500 2
0 1 5 8 29500 2
0 1 7 15 29500 2
0 1 7 11 29500 2
0 1 7 1 29500 2
0 1 7 8 29500 2
0 1 7 14 29500 2
0 1 7 6 29500 2
0 1 7 8 29500 2
0 1 7 14 29500 2
0 1 6 7 29500 2
0 1 6 6 29500 2
0 1 6 7 29500 2
0 1 6 15 29500 2
0 1 6 9 29500 2
0 1 6 6 29500 2
0 1 6 10 29500 2
0 1 6 11 29500 2
0 1 7 3 29500 2
0 1 8 8 30000 2
0 1 8 15 30000 2
0 1 8 12 30000 2
0 1 8 5 30000 2
0 1 8 5 30000 2
0 1 8 9 30000 2
0 1 8 8 30000 2
0 1 9 2 30000 2
0 1 9 10 30000 2
0 1 9 10 30000 2
0 1 8 12 30000 2
0 1 8 7 30000 2
0 1 8 12 30000 2
0 1 8 12 30000 2
0 1 8 10 30000 2
0 1 8 14 30000 2
0 1 8 10 30000 2
0 1 8 1 30000 2
0 1 8 1 30000 2
0 1 8 9 30000 2
0 1 7 0 30000 2
0 1 5 6 30000 2
0 1 14 10 30000 2
0 1 14 0 30000 2
0 1 14 10 30000 2
0 1 14 12 30000 2
0 1 13 9 30000 2
0 1 13 7 30000 2
0 1 13 0 30000 2
0 1 12 14 30000 2
0 1 12 6 30000 2
0 1 11 7 30000 2
0 1 9 0 30000 2
0 1 11 15 30000 2
0 1 11 14 30000 2
0 1 11 11 30000 2
0 1 10 15 30000 2
0 1 10 6 30000 2
0 1 10 9 30000 2
0 1 9 14 30000 2
0 1 9 2 30000 2
0 1 9 12 30000 2
0 1 9 5 30000 2
0 1 4 3 30000 2
0 1 5 4 30000 2
0 1 5 14 30000 2
0 1 5 12 30000 2
0 1 5 11 30000 2
0 1 5 11 30000 2
0 1 5 15 30000 2
0 1 5 9 30000 2
0 1 5 9 30000 2
0 1 5 3 30000 2
0 1 5 13 30000 2
0 1 7 0 30000 2
0 1 4 8 30000 2
0 1 4 13 30000 2
0 1 4 2 30000 2
0 1 4 2 30000 2
0 1 4 10 30000 2
0 1 4 9 30000 2
0 1 4 5 30000 2
0 1 3 5 30000 2
0 1 3 13 30000 2
0 1 7 10 30000 2
0 1 6 3 30000 2
0 1 6 0 30000 2
0 1 7 6 30000 2
0 1 7 11 30000 2
0 1 7 11 30000 2
0 1 7 13 30000 2
0 1 7 10 30000 2
0 1 7 10 30000 2
0 1 7 0 30000 2
0 1 7 7 30000 2
0 1 6 6 30000 2
0 1 6 1 30000 2
0 1 6 11 30000 2
0 1 6 14 30000 2
0 1 6 10 30000 2
0 1 6 2 30000 2
0 1 6 6 30000 2
0 1 6 9 30000 2
0 1 6 2 30000 2
0 1 6 7 30000 2
0 1 10 7 30500 2
0 1 9 5 30500 2
0 1 9 2 30500 2
0 1 9 5 30500 2
0 1 9 9 30500 2
0 1 9 9 30500 2
0 1 9 6 30500 2
0 1 9 1 30500 2
0 1 8 7 30500 2
0 1 8 4 30500 2
0 1 8 7 30500 2
0 1 8 13 30500 2
0 1 8 7 30500 2
0 1 8 12 30500 2
0 1 8 3 30500 2
0 1 8 8 30500 2
0 1 8 14 30500 2
0 1 8 7 30500 2
0 1 8 11 30500 2
0 1 12 2 30500 2
0 1 8 7 30500 2
0 1 14 15 30500 2
0 1 14 12 30500 2
0 1 14 4 30500 2
0 1 14 3 30500 2
0 1 13 2 30500 2
0 1 13 4 30500 2
0 1 12 8 30500 2
0 1 12 6 30500 2
0 1 10 8 30500 2
0 1 12 13 30500 2
0 1 11 9 30500 2
0 1 11 5 30500 2
0 1 11 11 30500 2
0 1 11 14 30500 2
0 1 11 3 30500 2
0 1 10 8 30500 2
0 1 10 0 30500 2
0 1 10 13 30500 2
0 1 5 7 30500 2
0 1 5 13 30500 2
0 1 5 1 30500 2
0 1 5 8 30500 2
0 1 5 6 30500 2
0 1 5 6 30500 2
0 1 5 0 30500 2
0 1 5 15 30500 2
0 1 5 4 30500 2
0 1 5 11 30500 2
0 1 5 3 30500 2
0 1 6 2 30500 2
0 1 4 5 30500 2
0 1 4 2 30500 2
0 1 4 11 30500 2
0 1 4 2 30500 2
0 1 4 8 30500 2
0 1 4 4 30500 2
0 1 4 9 30500 2
0 1 3 15 30500 2
0 1 8 2 30500 2
0 1 6 5 30500 2
0 1 7 8 30500 2
0 1 7 2 30500 2
0 1 7 7 30500 2
0 1 7 8 30500 2
0 1 7 3 30500 2
0 1 7 8 30500 2
0 1 7 7 30500 2
0 1 7 5 30500 2
0 1 7 14 30500 2
0 1 7 7 30500 2
0 1 7 9 30500 2
0 1 6 5 30500 2
0 1 6 12 30500 2
0 1 6 3 30500 2
0 1 6 8 30500 2
0 1 6 0 30500 2
0 1 6 8 30500 2
0 1 9 11 31000 2
0 1 9 11 31000 2
0 1 8 15 31000 2
0 1 8 11 31000 2
0 1 8 8 31000 2
0 1 9 15 31000 2
0 1 9 6 31000 2
0 1 9 0 31000 2
0 1 9 14 31000 2
0 1 9 8 31000 2
0 1 14 9 31000 2
0 1 8 8 31000 2
0 1 8 5 31000 2
0 1 8 11 31000 2
0 1 8 1 31000 2
0 1 8 14 31000 2
0 1 8 3 31000 2
0 1 8 7 31000 2
0 1 8 12 31000 2
0 1 8 7 31000 2
0 1 8 5 31000 2
0 1 12 2 31000 2
0 1 4 10 31000 2
0 1 14 3 31000 2
0 1 14 6 31000 2
0 1 13 15 31000 2
0 1 13 10 31000 2
0 1 13 1 31000 2
0 1 12 12 31000 2
0 1 12 6 31000 2
0 1 12 2 31000 2
0 1 10 12 31000 2
0 1 11 4 31000 2
0 1 11 3 31000 2
0 1 11 5 31000 2
0 1 11 4 31000 2
0 1 11 6 31000 2
0 1 10 13 31000 2
0 1 10 15 31000 2
0 1 10 11 31000 2
0 1 10 12 31000 2
0 1 5 3 31000 2
0 1 6 6 31000 2
0 1 5 12 31000 2
0 1 5 4 31000 2
0 1 5 5 31000 2
0 1 5 7 31000 2
0 1 5 0 31000 2
0 1 5 11 31000 2
0 1 5 0 31000 2
0 1 5 8 31000 2
0 1 5 1 31000 2
0 1 8 11 31000 2
0 1 5 8 31000 2
0 1 4 4 31000 2
0 1 4 13 31000 2
0 1 4 1 31000 2
0 1 4 6 31000 2
0 1 4 11 31000 2
0 1 4 0 31000 2
0 1 4 10 31000 2
0 1 8 3 31000 2
0 1 6 6 31000 2
0 1 6 2 31000 2
0 1 7 9 31000 2
0 1 7 6 31000 2
0 1 7 8 31000 2
0 1 7 0 31000 2
0 1 7 4 31000 2
0 1 7 0 31000 2
0 1 7 4 31000 2
0 1 7 12 31000 2
0 1 7 10 31000 2
0 1 6 3 31000 2
0 1 6 12 31000 2
0 1 6 4 31000 2
0 1 6 4 31000 2
0 1 6 10 31000 2
0 1 6 8 31000 2
0 1 6 6 31000 2
0 1 7 15 31000 2
0 1 8 11 31500 2
0 1 9 1 31500 2
0 1 9 11 31500 2
0 1 9 7 31500 2
0 1 9 7 31500 2
0 1 9 9 31500 2
0 1 9 1 31500 2
0 1 9 2 31500 2
0 1 9 2 31500 2
0 1 9 3 31500 2
0 1 8 8 31500 2
0 1 8 4 31500 2
0 1 8 14 31500 2
0 1 8 3 31500 2
0 1 8 13 31500 2
0 1 8 14 31500 2
0 1 8 1 31500 2
0 1 8 12 31500 2
0 1 8 15 31500 2
0 1 8 11 31500 2
0 1 4 12 31500 2
0 1 14 3 31500 2
0 1 14 14 31500 2
0 1 14 14 31500 2
0 1 14 4 31500 2
0 1 14 9 31500 2
0 1 13 3 31500 2
0 1 13 7 31500 2
0 1 13 15 31500 2
0 1 12 5 31500 2
0 1 10 6 31500 2
0 1 12 1 31500 2
0 1 12 10 31500 2
0 1 11 6 31500 2
0 1 11 2 31500 2
0 1 11 1 31500 2
0 1 11 14 31500 2
0 1 10 11 31500 2
0 1 10 1 31500 2
0 1 10 9 31500 2
0 1 4 2 31500 2
0 1 6 4 31500 2
0 1 5 14 31500 2
0 1 5 2 31500 2
0 1 5 9 31500 2
0 1 5 10 31500 2
0 1 5 6 31500 2
0 1 5 6 31500 2
0 1 5 11 31500 2
0 1 5 4 31500 2
0 1 5 5 31500 2
0 1 8 4 31500 2
0 1 4 6 31500 2
0 1 4 10 31500 2
0 1 4 3 31500 2
0 1 4 7 31500 2
0 1 4 13 31500 2
0 1 4 0 31500 2
0 1 3 11 31500 2
0 1 3 0 31500 2
0 1 8 7 31500 2
0 1 6 2 31500 2
0 1 6 2 31500 2
0 1 7 0 31500 2
0 1 7 3 31500 2
0 1 7 15 31500 2
0 1 7 12 31500 2
0 1 7 8 31500 2
0 1 7 15 31500 2
0 1 7 10 31500 2
0 1 7 15 31500 2
0 1 7 0 31500 2
0 1 7 4 31500 2
0 1 7 14 31500 2
0 1 6 14 31500 2
0 1 6 0 31500 2
0 1 6 10 31500 2
0 1 6 0 31500 2
0 1 6 14 31500 2
0 1 7 0 31500 2
0 1 8 4 32000 2
0 1 9 8 32000 2
0 1 9 13 32000 2
0 1 9 0 32000 2
0 1 9 12 32000 2
0 1 9 14 32000 2
0 1 9 14 32000 2
0 1 9 3 32000 2
0 1 9 10 32000 2
0 1 9 7 32000 2
0 1 8 12 32000 2
0 1 8 13 32000 2
0 1 8 11 32000 2
0 1 8 3 32000 2
0 1 8 7 32000 2
0 1 8 15 32000 2
0 1 8 1 32000 2
0 1 8 13 32000 2
0 1 8 13 32000 2
0 1 8 0 32000 2
0 1 12 13 32000 2
0 1 14 10 32000 2
0 1 14 5 32000 2
0 1 14 13 32000 2
0 1 14 9 32000 2
0 1 13 5 32000 2
0 1 13 0 32000 2
0 1 13 1 32000 2
0 1 12 10 32000 2
0 1 12 14 32000 2
0 1 10 9 32000 2
0 1 12 14 32000 2
0 1 11 10 32000 2
0 1 11 2 32000 2
0 1 11 15 32000 2
0 1 11 15 32000 2
0 1 10 8 32000 2
0 1 10 11 32000 2
0 1 10 15 32000 2
0 1 10 8 32000 2
0 1 5 8 32000 2
0 1 5 2 32000 2
0 1 5 4 32000 2
0 1 5 0 32000 2
0 1 5 5 32000 2
0 1 5 10 32000 2
0 1 5 10 32000 2
0 1 5 9 32000 2
0 1 5 11 32000 2
0 1 5 4 32000 2
0 1 5 8 32000 2
0 1 8 8 32000 2
0 1 4 2 32000 2
0 1 4 12 32000 2
0 1 4 1 32000 2
0 1 4 15 32000 2
0 1 4 15 32000 2
0 1 4 9 32000 2
0 1 4 12 32000 2
0 1 3 2 32000 2
0 1 8 1 32000 2
0 1 6 3 32000 2
0 1 6 11 32000 2
0 1 8 11 32000 2
0 1 7 13 32000 2
0 1 7 7 32000 2
0 1 7 10 32000 2
0 1 7 14 32000 2
0 1 7 6 32000 2
0 1 7 13 32000 2
0 1 7 1 32000 2
0 1 7 0 32000 2
0 1 7 15 32000 2
0 1 6 4 32000 2
0 1 6 6 32000 2
0 1 6 3 32000 2
0 1 6 12 32000 2
0 1 6 13 32000 2
0 1 6 7 32000 2
0 1 6 5 32000 2
0 1 7 7 32000 2
0 1 9 4 32500 2
0 1 10 6 32500 2
0 1 10 7 32500 2
0 1 10 12 32500 2
0 1 10 4 32500 2
0 1 10 14 32500 2
0 1 10 2 32500 2
0 1 10 3 32500 2
0 1 10 3 32500 2
0 1 10 5 32500 2
0 1 10 10 32500 2
0 1 10 5 32500 2
0 1 10 5 32500 2
0 1 10 15 32500 2
0 1 9 12 32500 2
0 1 9 4 32500 2
0 1 9 11 32500 2
0 1 9 2 32500 2
0 1 9 15 32500 2
0 1 9 14 32500 2
0 1 9 5 32500 2
0 1 9 7 32500 2
0 1 9 3 32500 2
0 1 9 11 32500 2
0 1 9 9 32500 2
0 1 9 12 32500 2
0 1 9 4 32500 2
0 1 9 7 32500 2
0 1 9 14 32500 2
0 1 11 10 32500 2
0 1 13 7 32500 2
0 1 12 4 32500 2
0 1 12 11 32500 2
0 1 12 13 32500 2
0 1 12 9 32500 2
0 1 12 8 32500 2
0 1 12 7 32500 2
0 1 12 12 32500 2
0 1 12 15 32500 2
0 1 12 15 32500 2
0 1 12 8 32500 2
0 1 11 7 32500 2
0 1 11 12 32500 2
0 1 11 4 32500 2
0 1 10 12 32500 2
0 1 11 4 32500 2
0 1 11 9 32500 2
0 1 11 9 32500 2
0 1 11 7 32500 2
0 1 11 2 32500 2
0 1 11 13 32500 2
0 1 11 9 32500 2
0 1 11 14 32500 2
0 1 11 15 32500 2
0 1 11 15 32500 2
0 1 11 4 32500 2
0 1 11 1 32500 2
0 1 10 12 32500 2
0 1 10 6 32500 2
0 1 3 0 32500 2
0 1 4 15 32500 2
0 1 4 3 32500 2
0 1 4 1 32500 2
0 1 4 6 32500 2
0 1 4 3 32500 2
0 1 4 1 32500 2
0 1 4 13 32500 2
0 1 4 4 32500 2
0 1 3 4 32500 2
0 1 3 1 32500 2
0 1 3 7 32500 2
0 1 3 5 32500 2
0 1 3 3 32500 2
0 1 3 12 32500 2
0 1 3 11 32500 2
0 1 9 15 32500 2
0 1 3 3 32500 2
0 1 3 5 32500 2
0 1 3 5 32500 2
0 1 3 11 32500 2
0 1 3 14 32500 2
0 1 3 0 32500 2
0 1 3 12 32500 2
0 1 3 4 32500 2
0 1 3 3 32500 2
0 1 3 10 32500 2
0 1 3 6 32500 2
0 1 3 2 32500 2
0 1 2 13 32500 2
0 1 9 9 32500 2
0 1 4 1 32500 2
0 1 4 13 32500 2
0 1 9 11 32500 2
0 1 9 5 32500 2
0 1 8 14 32500 2
0 1 8 4 32500 2
0 1 8 2 32500 2
0 1 8 1 32500 2
0 1 8 0 32500 2
0 1 8 7 32500 2
0 1 8 5 32500 2
0 1 8 15 32500 2
0 1 8 15 32500 2
0 1 8 6 32500 2
0 1 7 15 32500 2
0 1 7 6 32500 2
0 1 7 14 32500 2
0 1 4 4 32500 2
0 1 4 14 32500 2
0 1 4 5 32500 2
0 1 4 5 32500 2
0 1 5 3 32500 2
0 1 5 8 32500 2
0 1 5 9 32500 2
0 1 5 14 32500 2
0 1 6 8 32500 2
0 1 6 12 32500 2
0 1 6 8 32500 2
0 1 5 2 32500 2
0 1 9 13 33000 2
0 1 9 5 33000 2
0 1 9 6 33000 2
0 1 9 15 33000 2
0 1 10 8 33000 2
0 1 10 0 33000 2
0 1 10 12 33000 2
0 1 10 8 33000 2
0 1 10 12 33000 2
0 1 10 2 33000 2
0 1 10 5 33000 2
0 1 10 13 33000 2
0 1 10 6 33000 2
0 1 10 6 33000 2
0 1 9 1 33000 2
0 1 9 13 33000 2
0 1 9 4 33000 2
0 1 9 1 33000 2
0 1 9 6 33000 2
0 1 9 0 33000 2
0 1 9 0 33000 2
0 1 9 2 33000 2
0 1 9 2 33000 2
0 1 9 11 33000 2
0 1 9 12 33000 2
0 1 9 2 33000 2
0 1 9 2 33000 2
0 1 9 13 33000 2
0 1 11 11 33000 2
0 1 9 7 33000 2
0 1 12 9 33000 2
0 1 12 14 33000 2
0 1 12 3 33000 2
0 1 12 9 33000 2
0 1 12 13 33000 2
0 1 12 15 33000 2
0 1 12 0 33000 2
0 1 12 8 33000 2
0 1 12 15 33000 2
0 1 12 12 33000 2
0 1 11 15 33000 2
0 1 11 6 33000 2
0 1 10 11 33000 2
0 1 11 13 33000 2
0 1 11 6 33000 2
0 1 11 0 33000 2
0 1 11 15 33000 2
0 1 11 7 33000 2
0 1 11 11 33000 2
0 1 11 15 33000 2
0 1 11 7 33000 2
0 1 11 0 33000 2
0 1 11 15 33000 2
0 1 10 3 33000 2
0 1 10 11 33000 2
0 1 10 8 33000 2
0 1 3 13 33000 2
0 1 4 7 33000 2
0 1 4 3 33000 2
0 1 4 5 33000 2
0 1 4 1 33000 2
0 1 4 11 33000 2
0 1 4 9 33000 2
0 1 4 0 33000 2
0 1 4 15 33000 2
0 1 3 15 33000 2
0 1 3 15 33000 2
0 1 3 11 33000 2
0 1 3 7 33000 2
0 1 3 13 33000 2
0 1 8 1 33000 2
0 1 3 7 33000 2
0 1 3 0 33000 2
0 1 3 1 33000 2
0 1 3 5 33000 2
0 1 3 7 33000 2
0 1 3 8 33000 2
0 1 3 7 33000 2
0 1 3 9 33000 2
0 1 3 8 33000 2
0 1 3 5 33000 2
0 1 3 8 33000 2
0 1 3 10 33000 2
0 1 2 7 33000 2
0 1 4 2 33000 2
0 1 4 6 33000 2
0 1 8 5 33000 2
0 1 8 4 33000 2
0 1 8 14 33000 2
0 1 8 12 33000 2
0 1 8 4 33000 2
0 1 8 10 33000 2
0 1 8 1 33000 2
0 1 8 7 33000 2
0 1 7 9 33000 2
0 1 7 2 33000 2
0 1 7 8 33000 2
0 1 6 2 33000 2
0 1 6 12 33000 2
0 1 6 8 33000 2
0 1 4 8 33000 2
0 1 4 2 33000 2
0 1 4 14 33000 2
0 1 4 2 33000 2
0 1 4 8 33000 2
0 1 4 4 33000 2
0 1 5 7 33000 2
0 1 5 5 33000 2
0 1 5 15 33000 2
0 1 5 10 33000 2
0 1 6 0 33000 2
0 1 9 12 33500 2
0 1 9 5 33500 2
0 1 9 4 33500 2
0 1 10 13 33500 2
0 1 10 13 33500 2
0 1 10 4 33500 2
0 1 10 4 33500 2
0 1 10 15 33500 2
0 1 10 9 33500 2
0 1 10 12 33500 2
0 1 10 0 33500 2
0 1 10 8 33500 2
0 1 10 6 33500 2
0 1 10 3 33500 2
0 1 10 4 33500 2
0 1 9 14 33500 2
0 1 9 11 33500 2
0 1 9 12 33500 2
0 1 9 15 33500 2
0 1 9 13 33500 2
0 1 9 4 33500 2
0 1 9 3 33500 2
0 1 9 6 33500 2
0 1 9 12 33500 2
0 1 9 8 33500 2
0 1 9 11 33500 2
0 1 9 11 33500 2
0 1 9 2 33500 2
0 1 9 10 33500 2
0 1 9 9 33500 2
0 1 11 0 33500 2
0 1 13 4 33500 2
0 1 12 7 33500 2
0 1 12 3 33500 2
0 1 12 6 33500 2
0 1 12 4 33500 2
0 1 12 15 33500 2
0 1 12 9 33500 2
0 1 12 5 33500 2
0 1 12 4 33500 2
0 1 12 7 33500 2
0 1 12 1 33500 2
0 1 11 8 33500 2
0 1 11 4 33500 2
0 1 11 12 33500 2
0 1 10 13 33500 2
0 1 11 15 33500 2
0 1 11 6 33500 2
0 1 11 11 33500 2
0 1 11 15 33500 2
0 1 11 15 33500 2
0 1 11 6 33500 2
0 1 11 9 33500 2
0 1 11 11 33500 2
0 1 11 14 33500 2
0 1 11 5 33500 2
0 1 11 7 33500 2
0 1 10 11 33500 2
0 1 10 0 33500 2
0 1 3 12 33500 2
0 1 4 9 33500 2
0 1 4 15 33500 2
0 1 4 14 33500 2
0 1 4 0 33500 2
0 1 4 13 33500 2
0 1 4 1 33500 2
0 1 4 4 33500 2
0 1 3 3 33500 2
0 1 3 7 33500 2
0 1 3 7 33500 2
0 1 3 0 33500 2
0 1 3 9 33500 2
0 1 3 3 33500 2
0 1 3 6 33500 2
0 1 8 12 33500 2
0 1 3 7 33500 2
0 1 3 2 33500 2
0 1 3 12 33500 2
0 1 3 8 33500 2
0 1 3 3 33500 2
0 1 3 4 33500 2
0 1 3 1 33500 2
0 1 3 9 33500 2
0 1 3 0 33500 2
0 1 3 14 33500 2
0 1 3 14 33500 2
0 1 3 11 33500 2
0 1 2 14 33500 2
0 1 9 8 33500 2
0 1 4 8 33500 2
0 1 4 14 33500 2
0 1 8 11 33500 2
0 1 8 15 33500 2
0 1 8 9 33500 2
0 1 2 2 33500 2
0 1 8 13 33500 2
0 1 8 1 33500 2
0 1 8 2 33500 2
0 1 8 5 33500 2
0 1 8 2 33500 2
0 1 7 3 33500 2
0 1 7 6 33500 2
0 1 7 9 33500 2
0 1 6 5 33500 2
0 1 6 12 33500 2
0 1 6 6 33500 2
0 1 4 0 33500 2
0 1 4 3 33500 2
0 1 4 15 33500 2
0 1 4 12 33500 2
0 1 4 15 33500 2
0 1 4 6 33500 2
0 1 4 4 33500 2
0 1 5 13 33500 2
0 1 5 3 33500 2
0 1 5 10 33500 2
0 1 6 14 33500 2
0 1 4 3 33500 2
0 1 9 15 34000 2
0 1 9 14 34000 2
0 1 9 1 34000 2
0 1 10 11 34000 2
0 1 10 1 34000 2
0 1 10 12 34000 2
0 1 10 4 34000 2
0 1 10 6 34000 2
0 1 10 13 34000 2
0 1 10 2 34000 2
0 1 10 15 34000 2
0 1 10 2 34000 2
0 1 10 0 34000 2
0 1 10 0 34000 2
0 1 10 12 34000 2
0 1 9 11 34000 2
0 1 9 13 34000 2
0 1 9 15 34000 2
0 1 9 1 34000 2
0 1 9 7 34000 2
0 1 9 14 34000 2
0 1 9 2 34000 2
0 1 9 3 34000 2
0 1 9 10 34000 2
0 1 9 7 34000 2
0 1 9 7 34000 2
0 1 9 13 34000 2
0 1 9 14 34000 2
0 1 9 11 34000 2
0 1 9 14 34000 2
0 1 11 7 34000 2
0 1 13 14 34000 2
0 1 12 15 34000 2
0 1 12 14 34000 2
0 1 12 8 34000 2
0 1 12 2 34000 2
0 1 12 3 34000 2
0 1 12 14 34000 2
0 1 12 7 34000 2
0 1 12 7 34000 2
0 1 12 11 34000 2
0 1 12 10 34000 2
0 1 12 4 34000 2
0 1 12 13 34000 2
0 1 11 9 34000 2
0 1 11 13 34000 2
0 1 10 8 34000 2
0 1 11 12 34000 2
0 1 11 6 34000 2
0 1 11 3 34000 2
0 1 11 14 34000 2
0 1 11 4 34000 2
0 1 11 12 34000 2
0 1 11 15 34000 2
0 1 11 13 34000 2
0 1 11 3 34000 2
0 1 11 0 34000 2
0 1 11 15 34000 2
0 1 10 8 34000 2
0 1 10 12 34000 2
0 1 10 7 34000 2
0 1 3 5 34000 2
0 1 4 10 34000 2
0 1 4 4 34000 2
0 1 4 12 34000 2
0 1 4 8 34000 2
0 1 4 3 34000 2
0 1 4 3 34000 2
0 1 4 3 34000 2
0 1 4 14 34000 2
0 1 3 14 34000 2
0 1 3 6 34000 2
0 1 3 3 34000 2
0 1 3 11 34000 2
0 1 3 9 34000 2
0 1 3 0 34000 2
0 1 3 5 34000 2
0 1 9 14 34000 2
0 1 3 0 34000 2
0 1 3 7 34000 2
0 1 3 2 34000 2
0 1 3 6 34000 2
0 1 3 5 34000 2
0 1 3 7 34000 2
0 1 3 8 34000 2
0 1 3 14 34000 2
0 1 3 4 34000 2
0 1 3 11 34000 2
0 1 3 2 34000 2
0 1 2 0 34000 2
0 1 2 1 34000 2
0 1 2 6 34000 2
0 1 4 1 34000 2
0 1 4 11 34000 2
0 1 9 15 34000 2
0 1 8 1 34000 2
0 1 8 6 34000 2
0 1 8 10 34000 2
0 1 8 6 34000 2
0 1 8 1 34000 2
0 1 8 8 34000 2
0 1 8 11 34000 2
0 1 8 1 34000 2
0 1 8 4 34000 2
0 1 8 13 34000 2
0 1 8 6 34000 2
0 1 7 15 34000 2
0 1 7 15 34000 2
0 1 6 3 34000 2
0 1 7 2 34000 2
0 1 4 1 34000 2
0 1 4 1 34000 2
0 1 4 7 34000 2
0 1 4 4 34000 2
0 1 4 5 34000 2
0 1 5 15 34000 2
0 1 5 4 34000 2
0 1 5 12 34000 2
0 1 5 14 34000 2
0 1 6 11 34000 2
0 1 6 11 34000 2
0 1 5 4 34000 2
0 1 9 1 34500 2
0 1 9 4 34500 2
0 1 9 15 34500 2
0 1 9 11 34500 2
0 1 9 8 34500 2
0 1 9 6 34500 2
0 1 10 9 34500 2
0 1 10 8 34500 2
0 1 10 13 34500 2
0 1 10 4 34500 2
0 1 10 3 34500 2
0 1 10 5 34500 2
0 1 10 12 34500 2
0 1 10 9 34500 2
0 1 10 11 34500 2
0 1 9 1 34500 2
0 1 9 3 34500 2
0 1 9 3 34500 2
0 1 9 15 34500 2
0 1 9 2 34500 2
0 1 9 14 34500 2
0 1 9 12 34500 2
0 1 9 13 34500 2
0 1 9 3 34500 2
0 1 9 2 34500 2
0 1 9 5 34500 2
0 1 9 7 34500 2
0 1 9 2 34500 2
0 1 9 7 34500 2
0 1 8 6 34500 2
0 1 11 10 34500 2
0 1 9 5 34500 2
0 1 13 9 34500 2
0 1 13 15 34500 2
0 1 12 12 34500 2
0 1 12 3 34500 2
0 1 12 5 34500 2
0 1 12 10 34500 2
0 1 12 5 34500 2
0 1 12 7 34500 2
0 1 12 5 34500 2
0 1 12 7 34500 2
0 1 12 2 34500 2
0 1 11 0 34500 2
0 1 11 0 34500 2
0 1 10 8 34500 2
0 1 11 5 34500 2
0 1 11 1 34500 2
0 1 11 1 34500 2
0 1 11 4 34500 2
0 1 11 7 34500 2
0 1 11 7 34500 2
0 1 11 8 34500 2
0 1 11 3 34500 2
0 1 11 4 34500 2
0 1 11 0 34500 2
0 1 11 5 34500 2
0 1 11 13 34500 2
0 1 10 4 34500 2
0 1 10 5 34500 2
0 1 3 15 34500 2
0 1 4 10 34500 2
0 1 4 10 34500 2
0 1 4 0 34500 2
0 1 4 0 34500 2
0 1 4 13 34500 2
0 1 4 10 34500 2
0 1 4 14 34500 2
0 1 4 4 34500 2
0 1 3 7 34500 2
0 1 3 2 34500 2
0 1 3 5 34500 2
0 1 3 5 34500 2
0 1 3 12 34500 2
0 1 3 0 34500 2
0 1 3 11 34500 2
0 1 8 15 34500 2
0 1 3 4 34500 2
0 1 3 0 34500 2
0 1 3 6 34500 2
0 1 3 3 34500 2
0 1 3 10 34500 2
0 1 3 1 34500 2
0 1 3 11 34500 2
0 1 3 11 34500 2
0 1 3 14 34500 2
0 1 3 3 34500 2
0 1 3 1 34500 2
0 1 3 11 34500 2
0 1 2 8 34500 2
0 1 8 14 34500 2
0 1 4 8 34500 2
0 1 4 11 34500 2
0 1 8 11 34500 2
0 1 8 15 34500 2
0 1 8 5 34500 2
0 1 8 13 34500 2
0 1 2 2 34500 2
0 1 8 3 34500 2
0 1 8 13 34500 2
0 1 8 8 34500 2
0 1 8 10 34500 2
0 1 7 3 34500 2
0 1 7 5 34500 2
0 1 7 6 34500 2
0 1 7 8 34500 2
0 1 6 12 34500 2
0 1 6 3 34500 2
0 1 6 2 34500 2
0 1 4 0 34500 2
0 1 4 11 34500 2
0 1 4 13 34500 2
0 1 4 11 34500 2
0 1 4 14 34500 2
0 1 4 6 34500 2
0 1 4 13 34500 2
0 1 5 11 34500 2
0 1 5 9 34500 2
0 1 5 2 34500 2
0 1 6 3 34500 2
0 1 4 1 34500 2
0 1 9 9 35000 2
0 1 9 5 35000 2
0 1 10 12 35000 2
0 1 10 12 35000 2
0 1 10 9 35000 2
0 1 10 15 35000 2
0 1 10 13 35000 2
0 1 10 2 35000 2
0 1 10 13 35000 2
0 1 10 13 35000 2
0 1 10 6 35000 2
0 1 10 8 35000 2
0 1 10 0 35000 2
0 1 10 4 35000 2
0 1 9 4 35000 2
0 1 9 1 35000 2
0 1 9 4 35000 2
0 1 9 5 35000 2
0 1 9 7 35000 2
0 1 9 9 35000 2
0 1 9 14 35000 2
0 1 9 15 35000 2
0 1 9 11 35000 2
0 1 9 2 35000 2
0 1 9 10 35000 2
0 1 9 4 35000 2
0 1 9 13 35000 2
0 1 9 14 35000 2
0 1 9 0 35000 2
0 1 11 10 35000 2
0 1 9 0 35000 2
0 1 13 14 35000 2
0 1 12 2 35000 2
0 1 12 1 35000 2
0 1 12 11 35000 2
0 1 12 13 35000 2
0 1 12 9 35000 2
0 1 12 2 35000 2
0 1 12 13 35000 2
0 1 12 0 35000 2
0 1 12 15 35000 2
0 1 12 11 35000 2
0 1 12 13 35000 2
0 1 12 13 35000 2
0 1 10 15 35000 2
0 1 11 5 35000 2
0 1 11 6 35000 2
0 1 11 1 35000 2
0 1 11 5 35000 2
0 1 11 1 35000 2
0 1 11 15 35000 2
0 1 11 2 35000 2
0 1 11 10 35000 2
0 1 11 4 35000 2
0 1 11 9 35000 2
0 1 11 0 35000 2
0 1 11 0 35000 2
0 1 11 11 35000 2
0 1 10 14 35000 2
0 1 3 9 35000 2
0 1 4 4 35000 2
0 1 4 7 35000 2
0 1 4 7 35000 2
0 1 4 9 35000 2
0 1 4 3 35000 2
0 1 4 13 35000 2
0 1 4 11 35000 2
0 1 3 10 35000 2
0 1 3 3 35000 2
0 1 3 6 35000 2
0 1 3 2 35000 2
0 1 3 9 35000 2
0 1 3 3 35000 2
0 1 3 15 35000 2
0 1 3 6 35000 2
0 1 9 11 35000 2
0 1 3 10 35000 2
0 1 3 1 35000 2
0 1 3 9 35000 2
0 1 3 9 35000 2
0 1 3 11 35000 2
0 1 3 2 35000 2
0 1 3 2 35000 2
0 1 3 12 35000 2
0 1 3 4 35000 2
0 1 3 4 35000 2
0 1 3 1 35000 2
0 1 3 6 35000 2
0 1 2 4 35000 2
0 1 2 8 35000 2
0 1 4 10 35000 2
0 1 4 11 35000 2
0 1 9 3 35000 2
0 1 8 2 35000 2
0 1 8 14 35000 2
0 1 8 10 35000 2
0 1 8 7 35000 2
0 1 8 6 35000 2
0 1 8 8 35000 2
0 1 8 4 35000 2
0 1 8 13 35000 2
0 1 8 5 35000 2
0 1 8 6 35000 2
0 1 7 6 35000 2
0 1 7 11 35000 2
0 1 6 6 35000 2
0 1 6 5 35000 2
0 1 4 13 35000 2
0 1 4 9 35000 2
0 1 4 11 35000 2
0 1 4 5 35000 2
0 1 4 2 35000 2
0 1 5 15 35000 2
0 1 5 8 35000 2
0 1 5 8 35000 2
0 1 5 15 35000 2
0 1 6 5 35000 2
0 1 6 11 35000 2
0 1 6 3 35000 2
0 1 9 1 35500 2
0 1 9 3 35500 2
0 1 9 6 35500 2
0 1 9 9 35500 2
0 1 9 6 35500 2
0 1 9 5 35500 2
0 1 10 0 35500 2
0 1 10 9 35500 2
0 1 10 13 35500 2
0 1 10 9 35500 2
0 1 10 9 35500 2
0 1 10 6 35500 2
0 1 10 8 35500 2
0 1 10 9 35500 2
0 1 10 5 35500 2
0 1 9 5 35500 2
0 1 9 3 35500 2
0 1 9 3 35500 2
0 1 9 3 35500 2
0 1 9 3 35500 2
0 1 9 11 35500 2
0 1 9 12 35500 2
0 1 9 3 35500 2
0 1 9 14 35500 2
0 1 9 12 35500 2
0 1 9 7 35500 2
0 1 9 7 35500 2
0 1 9 11 35500 2
0 1 9 13 35500 2
0 1 9 4 35500 2
0 1 8 10 35500 2
0 1 12 4 35500 2
0 1 11 8 35500 2
0 1 11 13 35500 2
0 1 11 7 35500 2
0 1 12 2 35500 2
0 1 12 10 35500 2
0 1 12 15 35500 2
0 1 12 1 35500 2
0 1 12 3 35500 2
0 1 11 12 35500 2
0 1 12 3 35500 2
0 1 12 7 35500 2
0 1 12 1 35500 2
0 1 12 15 35500 2
0 1 12 2 35500 2
0 1 12 0 35500 2
0 1 8 9 35500 2
0 1 10 14 35500 2
0 1 11 0 35500 2
0 1 11 7 35500 2
0 1 11 15 35500 2
0 1 11 9 35500 2
0 1 11 11 35500 2
0 1 11 12 35500 2
0 1 11 15 35500 2
0 1 11 8 35500 2
0 1 11 10 35500 2
0 1 10 5 35500 2
0 1 10 0 35500 2
0 1 10 12 35500 2
0 1 10 15 35500 2
0 1 10 4 35500 2
0 1 10 0 35500 2
0 1 3 9 35500 2
0 1 4 10 35500 2
0 1 4 0 35500 2
0 1 4 3 35500 2
0 1 4 12 35500 2
0 1 4 9 35500 2
0 1 4 1 35500 2
0 1 3 0 35500 2
0 1 3 7 35500 2
0 1 3 3 35500 2
0 1 3 3 35500 2
0 1 3 6 35500 2
0 1 3 5 35500 2
0 1 3 10 35500 2
0 1 3 8 35500 2
0 1 3 5 35500 2
0 1 2 2 35500 2
0 1 3 9 35500 2
0 1 3 12 35500 2
0 1 3 2 35500 2
0 1 3 1 35500 2
0 1 3 2 35500 2
0 1 3 5 35500 2
0 1 3 5 35500 2
0 1 3 13 35500 2
0 1 3 7 35500 2
0 1 3 7 35500 2
0 1 3 13 35500 2
0 1 3 3 35500 2
0 1 2 4 35500 2
0 1 2 3 35500 2
0 1 8 1 35500 2
0 1 4 5 35500 2
0 1 8 14 35500 2
0 1 8 11 35500 2
0 1 8 3 35500 2
0 1 8 0 35500 2
0 1 8 1 35500 2
0 1 8 8 35500 2
0 1 8 5 35500 2
0 1 8 11 35500 2
0 1 7 9 35500 2
0 1 7 11 35500 2
0 1 7 12 35500 2
0 1 6 7 35500 2
0 1 6 4 35500 2
0 1 6 3 35500 2
0 1 6 10 35500 2
0 1 5 7 35500 2
0 1 4 0 35500 2
0 1 4 7 35500 2
0 1 4 12 35500 2
0 1 4 12 35500 2
0 1 4 5 35500 2
0 1 4 12 35500 2
0 1 4 5 35500 2
0 1 4 5 35500 2
0 1 6 0 35500 2
0 1 5 13 35500 2
0 1 5 14 35500 2
0 1 4 5 35500 2
0 1 4 7 35500 2
0 1 4 10 35500 2
0 1 9 12 36000 2
0 1 10 10 36000 2
0 1 10 5 36000 2
0 1 10 11 36000 2
0 1 10 2 36000 2
0 1 10 10 36000 2
0 1 10 2 36000 2
0 1 10 12 36000 2
0 1 10 8 36000 2
0 1 10 14 36000 2
0 1 9 9 36000 2
0 1 9 11 36000 2
0 1 9 5 36000 2
0 1 9 12 36000 2
0 1 10 13 36000 2
0 1 9 7 36000 2
0 1 9 12 36000 2
0 1 9 8 36000 2
0 1 9 8 36000 2
0 1 9 6 36000 2
0 1 9 7 36000 2
0 1 9 15 36000 2
0 1 9 15 36000 2
0 1 9 4 36000 2
0 1 9 3 36000 2
0 1 9 15 36000 2
0 1 9 10 36000 2
0 1 9 8 36000 2
0 1 9 8 36000 2
0 1 11 11 36000 2
0 1 13 1 36000 2
0 1 13 1 36000 2
0 1 12 10 36000 2
0 1 12 8 36000 2
0 1 12 10 36000 2
0 1 12 4 36000 2
0 1 12 15 36000 2
0 1 12 10 36000 2
0 1 12 5 36000 2
0 1 12 12 36000 2
0 1 11 3 36000 2
0 1 11 10 36000 2
0 1 11 3 36000 2
0 1 11 13 36000 2
0 1 10 8 36000 2
0 1 11 5 36000 2
0 1 11 14 36000 2
0 1 11 7 36000 2
0 1 11 4 36000 2
0 1 11 3 36000 2
0 1 11 11 36000 2
0 1 11 8 36000 2
0 1 11 6 36000 2
0 1 11 1 36000 2
0 1 10 5 36000 2
0 1 10 6 36000 2
0 1 10 3 36000 2
0 1 10 1 36000 2
0 1 3 6 36000 2
0 1 4 13 36000 2
0 1 4 7 36000 2
0 1 4 11 36000 2
0 1 4 4 36000 2
0 1 4 2 36000 2
0 1 3 3 36000 2
0 1 3 10 36000 2
0 1 3 7 36000 2
0 1 3 15 36000 2
0 1 3 1 36000 2
0 1 3 2 36000 2
0 1 3 12 36000 2
0 1 3 11 36000 2
0 1 3 1 36000 2
0 1 8 9 36000 2
0 1 3 0 36000 2
0 1 3 7 36000 2
0 1 3 6 36000 2
0 1 3 10 36000 2
0 1 3 0 36000 2
0 1 3 8 36000 2
0 1 3 9 36000 2
0 1 3 1 36000 2
0 1 3 13 36000 2
0 1 3 9 36000 2
0 1 3 0 36000 2
0 1 2 14 36000 2
0 1 9 7 36000 2
0 1 4 8 36000 2
0 1 4 0 36000 2
0 1 8 2 36000 2
0 1 8 5 36000 2
0 1 8 12 36000 2
0 1 8 11 36000 2
0 1 8 6 36000 2
0 1 8 8 36000 2
0 1 8 11 36000 2
0 1 8 11 36000 2
0 1 8 5 36000 2
0 1 7 6 36000 2
0 1 6 3 36000 2
0 1 6 8 36000 2
0 1 6 2 36000 2
0 1 5 12 36000 2
0 1 6 3 36000 2
0 1 4 7 36000 2
0 1 4 1 36000 2
0 1 4 5 36000 2
0 1 4 8 36000 2
0 1 4 5 36000 2
0 1 4 13 36000 2
0 1 4 6 36000 2
0 1 4 14 36000 2
0 1 4 8 36000 2
0 1 5 13 36000 2
0 1 5 8 36000 2
0 1 8 10 36500 2
0 1 8 15 36500 2
0 1 8 3 36500 2
0 1 8 11 36500 2
0 1 8 14 36500 2
0 1 8 7 36500 2
0 1 9 4 36500 2
0 1 9 5 36500 2
0 1 9 15 36500 2
0 1 9 12 36500 2
0 1 10 8 36500 2
0 1 10 1 36500 2
0 1 10 11 36500 2
0 1 10 3 36500 2
0 1 10 15 36500 2
0 1 8 12 36500 2
0 1 7 11 36500 2
0 1 8 15 36500 2
0 1 8 15 36500 2
0 1 8 0 36500 2
0 1 8 14 36500 2
0 1 8 14 36500 2
0 1 8 2 36500 2
0 1 8 14 36500 2
0 1 8 15 36500 2
0 1 8 13 36500 2
0 1 8 5 36500 2
0 1 8 11 36500 2
0 1 8 4 36500 2
0 1 8 2 36500 2
0 1 8 4 36500 2
0 1 12 0 36500 2
0 1 15 7 36500 2
0 1 15 0 36500 2
0 1 15 8 36500 2
0 1 14 4 36500 2
0 1 14 3 36500 2
0 1 14 13 36500 2
0 1 14 8 36500 2
0 1 13 12 36500 2
0 1 13 3 36500 2
0 1 13 2 36500 2
0 1 13 2 36500 2
0 1 13 13 36500 2
0 1 13 6 36500 2
0 1 12 15 36500 2
0 1 12 8 36500 2
0 1 10 8 36500 2
0 1 12 13 36500 2
0 1 12 0 36500 2
0 1 12 6 36500 2
0 1 12 2 36500 2
0 1 12 12 36500 2
0 1 11 5 36500 2
0 1 11 7 36500 2
0 1 11 15 36500 2
0 1 11 14 36500 2
0 1 11 8 36500 2
0 1 11 6 36500 2
0 1 11 11 36500 2
0 1 11 15 36500 2
0 1 10 8 36500 2
0 1 5 2 36500 2
0 1 6 15 36500 2
0 1 5 12 36500 2
0 1 5 10 36500 2
0 1 5 4 36500 2
0 1 5 4 36500 2
0 1 5 1 36500 2
0 1 5 9 36500 2
0 1 5 12 36500 2
0 1 5 7 36500 2
0 1 5 2 36500 2
0 1 5 4 36500 2
0 1 5 4 36500 2
0 1 5 14 36500 2
0 1 5 7 36500 2
0 1 5 10 36500 2
0 1 7 1 36500 2
0 1 5 8 36500 2
0 1 4 6 36500 2
0 1 4 13 36500 2
0 1 4 4 36500 2
0 1 4 7 36500 2
0 1 4 12 36500 2
0 1 4 12 36500 2
0 1 4 11 36500 2
0 1 4 14 36500 2
0 1 4 6 36500 2
0 1 4 6 36500 2
0 1 4 3 36500 2
0 1 4 7 36500 2
0 1 8 9 36500 2
0 1 6 3 36500 2
0 1 6 4 36500 2
0 1 7 7 36500 2
0 1 7 5 36500 2
0 1 7 6 36500 2
0 1 7 4 36500 2
0 1 7 7 36500 2
0 1 7 3 36500 2
0 1 7 8 36500 2
0 1 7 5 36500 2
0 1 7 13 36500 2
0 1 7 15 36500 2
0 1 7 1 36500 2
0 1 7 8 36500 2
0 1 7 2 36500 2
0 1 7 12 36500 2
0 1 7 8 36500 2
0 1 7 7 36500 2
0 1 6 7 36500 2
0 1 6 9 36500 2
0 1 6 11 36500 2
0 1 6 13 36500 2
0 1 6 4 36500 2
0 1 6 13 36500 2
0 1 6 0 36500 2
0 1 6 15 36500 2
0 1 6 3 36500 2
0 1 7 1 36500 2
0 1 7 7 36500 2
0 1 6 9 36500 2
0 1 8 13 37000 2
0 1 8 6 37000 2
0 1 8 10 37000 2
0 1 8 13 37000 2
0 1 8 2 37000 2
0 1 8 9 37000 2
0 1 8 11 37000 2
0 1 9 8 37000 2
0 1 9 14 37000 2
0 1 9 7 37000 2
0 1 9 2 37000 2
0 1 9 11 37000 2
0 1 10 5 37000 2
0 1 10 15 37000 2
0 1 10 12 37000 2
0 1 8 7 37000 2
0 1 8 5 37000 2
0 1 8 2 37000 2
0 1 8 11 37000 2
0 1 8 4 37000 2
0 1 8 7 37000 2
0 1 8 15 37000 2
0 1 8 15 37000 2
0 1 8 12 37000 2
0 1 8 15 37000 2
0 1 8 13 37000 2
0 1 8 7 37000 2
0 1 8 11 37000 2
0 1 8 15 37000 2
0 1 7 10 37000 2
0 1 12 11 37000 2
0 1 7 7 37000 2
0 1 15 14 37000 2
0 1 14 7 37000 2
0 1 14 2 37000 2
0 1 14 6 37000 2
0 1 13 3 37000 2
0 1 13 4 37000 2
0 1 13 9 37000 2
0 1 13 2 37000 2
0 1 13 5 37000 2
0 1 13 14 37000 2
0 1 12 1 37000 2
0 1 12 15 37000 2
0 1 12 6 37000 2
0 1 12 15 37000 2
0 1 10 2 37000 2
0 1 12 4 37000 2
0 1 12 5 37000 2
0 1 11 4 37000 2
0 1 11 13 37000 2
0 1 11 3 37000 2
0 1 11 0 37000 2
0 1 11 13 37000 2
0 1 11 6 37000 2
0 1 11 3 37000 2
0 1 11 6 37000 2
0 1 10 0 37000 2
0 1 10 14 37000 2
0 1 10 2 37000 2
0 1 10 6 37000 2
0 1 5 9 37000 2
0 1 6 8 37000 2
0 1 6 10 37000 2
0 1 6 8 37000 2
0 1 6 15 37000 2
0 1 5 7 37000 2
0 1 5 11 37000 2
0 1 5 11 37000 2
0 1 5 2 37000 2
0 1 5 0 37000 2
0 1 5 0 37000 2
0 1 5 9 37000 2
0 1 5 9 37000 2
0 1 5 1 37000 2
0 1 5 3 37000 2
0 1 5 6 37000 2
0 1 7 7 37000 2
0 1 5 4 37000 2
0 1 5 10 37000 2
0 1 5 12 37000 2
0 1 5 5 37000 2
0 1 4 2 37000 2
0 1 4 6 37000 2
0 1 4 4 37000 2
0 1 4 6 37000 2
0 1 4 11 37000 2
0 1 4 13 37000 2
0 1 4 15 37000 2
0 1 4 13 37000 2
0 1 4 8 37000 2
0 1 4 11 37000 2
0 1 6 2 37000 2
0 1 6 13 37000 2
0 1 7 12 37000 2
0 1 7 13 37000 2
0 1 7 7 37000 2
0 1 7 0 37000 2
0 1 7 6 37000 2
0 1 7 3 37000 2
0 1 7 7 37000 2
0 1 7 7 37000 2
0 1 7 15 37000 2
0 1 7 8 37000 2
0 1 7 0 37000 2
0 1 7 1 37000 2
0 1 7 15 37000 2
0 1 7 10 37000 2
0 1 7 10 37000 2
0 1 7 5 37000 2
0 1 6 0 37000 2
0 1 6 8 37000 2
0 1 6 9 37000 2
0 1 6 13 37000 2
0 1 6 8 37000 2
0 1 6 2 37000 2
0 1 6 11 37000 2
0 1 7 5 37000 2
0 1 7 13 37000 2
0 1 7 2 37000 2
0 1 7 6 37000 2
0 1 6 5 37000 2
0 1 8 12 37500 2
0 1 8 0 37500 2
0 1 8 1 37500 2
0 1 8 10 37500 2
0 1 8 13 37500 2
0 1 8 0 37500 2
0 1 8 5 37500 2
0 1 9 9 37500 2
0 1 9 3 37500 2
0 1 9 10 37500 2
0 1 9 9 37500 2
0 1 10 7 37500 2
0 1 10 12 37500 2
0 1 10 1 37500 2
0 1 10 2 37500 2
0 1 8 4 37500 2
0 1 8 6 37500 2
0 1 8 0 37500 2
0 1 8 4 37500 2
0 1 8 15 37500 2
0 1 8 14 37500 2
0 1 8 1 37500 2
0 1 8 13 37500 2
0 1 8 6 37500 2
0 1 8 14 37500 2
0 1 8 2 37500 2
0 1 8 5 37500 2
0 1 8 13 37500 2
0 1 8 7 37500 2
0 1 8 6 37500 2
0 1 12 13 37500 2
0 1 8 3 37500 2
0 1 15 0 37500 2
0 1 15 2 37500 2
0 1 14 3 37500 2
0 1 14 14 37500 2
0 1 13 5 37500 2
0 1 13 12 37500 2
0 1 13 6 37500 2
0 1 13 14 37500 2
0 1 13 0 37500 2
0 1 13 12 37500 2
0 1 13 11 37500 2
0 1 12 12 37500 2
0 1 12 5 37500 2
0 1 12 15 37500 2
0 1 10 2 37500 2
0 1 12 3 37500 2
0 1 12 5 37500 2
0 1 12 0 37500 2
0 1 11 5 37500 2
0 1 11 15 37500 2
0 1 11 13 37500 2
0 1 11 1 37500 2
0 1 11 8 37500 2
0 1 11 4 37500 2
0 1 11 11 37500 2
0 1 11 3 37500 2
0 1 11 6 37500 2
0 1 10 4 37500 2
0 1 10 15 37500 2
0 1 5 14 37500 2
0 1 6 11 37500 2
0 1 6 13 37500 2
0 1 6 8 37500 2
0 1 6 13 37500 2
0 1 6 10 37500 2
0 1 5 6 37500 2
0 1 5 14 37500 2
0 1 5 2 37500 2
0 1 5 11 37500 2
0 1 5 11 37500 2
0 1 5 2 37500 2
0 1 5 5 37500 2
0 1 5 5 37500 2
0 1 5 14 37500 2
0 1 5 6 37500 2
0 1 7 12 37500 2
0 1 5 10 37500 2
0 1 5 7 37500 2
0 1 5 11 37500 2
0 1 4 5 37500 2
0 1 4 6 37500 2
0 1 4 2 37500 2
0 1 4 8 37500 2
0 1 4 12 37500 2
0 1 4 1 37500 2
0 1 4 11 37500 2
0 1 4 11 37500 2
0 1 4 12 37500 2
0 1 4 3 37500 2
0 1 4 0 37500 2
0 1 4 5 37500 2
0 1 6 7 37500 2
0 1 6 6 37500 2
0 1 7 9 37500 2
0 1 7 6 37500 2
0 1 7 2 37500 2
0 1 7 10 37500 2
0 1 7 9 37500 2
0 1 7 11 37500 2
0 1 7 12 37500 2
0 1 7 11 37500 2
0 1 7 10 37500 2
0 1 7 13 37500 2
0 1 7 11 37500 2
0 1 7 1 37500 2
0 1 7 8 37500 2
0 1 7 2 37500 2
0 1 7 8 37500 2
0 1 7 15 37500 2
0 1 6 10 37500 2
0 1 6 13 37500 2
0 1 6 15 37500 2
0 1 6 2 37500 2
0 1 6 9 37500 2
0 1 6 15 37500 2
0 1 6 7 37500 2
0 1 7 11 37500 2
0 1 7 7 37500 2
0 1 7 3 37500 2
0 1 7 3 37500 2
0 1 6 4 37500 2
0 1 8 13 38000 2
0 1 8 10 38000 2
0 1 8 9 38000 2
0 1 8 0 38000 2
0 1 8 1 38000 2
0 1 8 1 38000 2
0 1 9 3 38000 2
0 1 9 5 38000 2
0 1 9 6 38000 2
0 1 10 1 38000 2
0 1 10 7 38000 2
0 1 10 9 38000 2
0 1 10 1 38000 2
0 1 10 2 38000 2
0 1 10 12 38000 2
0 1 8 1 38000 2
0 1 8 10 38000 2
0 1 8 6 38000 2
0 1 8 13 38000 2
0 1 8 8 38000 2
0 1 8 9 38000 2
0 1 8 7 38000 2
0 1 8 4 38000 2
0 1 8 14 38000 2
0 1 8 13 38000 2
0 1 8 0 38000 2
0 1 8 2 38000 2
0 1 8 12 38000 2
0 1 8 1 38000 2
0 1 8 14 38000 2
0 1 12 9 38000 2
0 1 7 10 38000 2
0 1 15 14 38000 2
0 1 14 6 38000 2
0 1 14 0 38000 2
0 1 14 7 38000 2
0 1 13 3 38000 2
0 1 13 3 38000 2
0 1 13 2 38000 2
0 1 13 10 38000 2
0 1 13 3 38000 2
0 1 13 14 38000 2
0 1 13 10 38000 2
0 1 13 1 38000 2
0 1 12 4 38000 2
0 1 12 6 38000 2
0 1 10 15 38000 2
0 1 12 2 38000 2
0 1 12 3 38000 2
0 1 12 0 38000 2
0 1 12 6 38000 2
0 1 12 5 38000 2
0 1 12 8 38000 2
0 1 11 8 38000 2
0 1 11 8 38000 2
0 1 11 6 38000 2
0 1 11 2 38000 2
0 1 11 0 38000 2
0 1 11 3 38000 2
0 1 11 6 38000 2
0 1 10 2 38000 2
0 1 5 10 38000 2
0 1 6 12 38000 2
0 1 6 8 38000 2
0 1 6 12 38000 2
0 1 6 7 38000 2
0 1 5 11 38000 2
0 1 5 4 38000 2
0 1 5 11 38000 2
0 1 5 14 38000 2
0 1 5 13 38000 2
0 1 5 14 38000 2
0 1 5 8 38000 2
0 1 5 2 38000 2
0 1 5 14 38000 2
0 1 5 13 38000 2
0 1 5 0 38000 2
0 1 8 8 38000 2
0 1 5 14 38000 2
0 1 5 14 38000 2
0 1 5 1 38000 2
0 1 5 10 38000 2
0 1 4 14 38000 2
0 1 4 0 38000 2
0 1 4 9 38000 2
0 1 4 3 38000 2
0 1 4 12 38000 2
0 1 4 9 38000 2
0 1 4 9 38000 2
0 1 4 13 38000 2
0 1 4 13 38000 2
0 1 4 9 38000 2
0 1 6 7 38000 2
0 1 8 10 38000 2
0 1 8 7 38000 2
0 1 7 7 38000 2
0 1 7 11 38000 2
0 1 7 0 38000 2
0 1 7 7 38000 2
0 1 7 10 38000 2
0 1 7 5 38000 2
0 1 7 3 38000 2
0 1 7 12 38000 2
0 1 7 0 38000 2
0 1 7 13 38000 2
0 1 7 4 38000 2
0 1 7 4 38000 2
0 1 7 6 38000 2
0 1 7 3 38000 2
0 1 6 8 38000 2
0 1 6 5 38000 2
0 1 6 10 38000 2
0 1 6 13 38000 2
0 1 6 15 38000 2
0 1 6 15 38000 2
0 1 6 0 38000 2
0 1 7 9 38000 2
0 1 7 10 38000 2
0 1 7 3 38000 2
0 1 7 4 38000 2
0 1 7 11 38000 2
0 1 7 15 38000 2
0 1 8 1 38500 2
0 1 8 15 38500 2
0 1 8 12 38500 2
0 1 8 13 38500 2
0 1 8 1 38500 2
0 1 9 9 38500 2
0 1 9 0 38500 2
0 1 9 5 38500 2
0 1 9 15 38500 2
0 1 10 5 38500 2
0 1 10 9 38500 2
0 1 10 13 38500 2
0 1 10 9 38500 2
0 1 10 6 38500 2
0 1 10 0 38500 2
0 1 8 12 38500 2
0 1 8 1 38500 2
0 1 8 13 38500 2
0 1 8 4 38500 2
0 1 8 8 38500 2
0 1 8 2 38500 2
0 1 8 6 38500 2
0 1 8 1 38500 2
0 1 8 1 38500 2
0 1 8 0 38500 2
0 1 8 2 38500 2
0 1 8 1 38500 2
0 1 8 2 38500 2
0 1 8 5 38500 2
0 1 8 3 38500 2
0 1 8 7 38500 2
0 1 12 0 38500 2
0 1 6 2 38500 2
0 1 15 3 38500 2
0 1 15 4 38500 2
0 1 14 14 38500 2
0 1 14 5 38500 2
0 1 14 0 38500 2
0 1 13 11 38500 2
0 1 13 15 38500 2
0 1 13 12 38500 2
0 1 13 5 38500 2
0 1 13 11 38500 2
0 1 13 9 38500 2
0 1 13 2 38500 2
0 1 12 9 38500 2
0 1 12 12 38500 2
0 1 10 11 38500 2
0 1 12 13 38500 2
0 1 12 1 38500 2
0 1 12 7 38500 2
0 1 12 10 38500 2
0 1 12 12 38500 2
0 1 11 2 38500 2
0 1 11 15 38500 2
0 1 11 6 38500 2
0 1 11 3 38500 2
0 1 11 15 38500 2
0 1 11 4 38500 2
0 1 11 6 38500 2
0 1 11 1 38500 2
0 1 11 9 38500 2
0 1 11 15 38500 2
0 1 5 10 38500 2
0 1 6 12 38500 2
0 1 6 4 38500 2
0 1 5 13 38500 2
0 1 5 11 38500 2
0 1 5 6 38500 2
0 1 5 4 38500 2
0 1 5 13 38500 2
0 1 5 3 38500 2
0 1 5 14 38500 2
0 1 5 3 38500 2
0 1 5 14 38500 2
0 1 5 8 38500 2
0 1 5 5 38500 2
0 1 5 0 38500 2
0 1 5 0 38500 2
0 1 8 8 38500 2
0 1 5 9 38500 2
0 1 5 13 38500 2
0 1 4 11 38500 2
0 1 4 7 38500 2
0 1 4 6 38500 2
0 1 4 15 38500 2
0 1 4 0 38500 2
0 1 4 9 38500 2
0 1 4 13 38500 2
0 1 4 2 38500 2
0 1 4 2 38500 2
0 1 4 0 38500 2
0 1 4 0 38500 2
0 1 4 9 38500 2
0 1 8 10 38500 2
0 1 6 6 38500 2
0 1 6 15 38500 2
0 1 7 8 38500 2
0 1 7 5 38500 2
0 1 7 13 38500 2
0 1 7 6 38500 2
0 1 7 5 38500 2
0 1 7 6 38500 2
0 1 7 7 38500 2
0 1 7 5 38500 2
0 1 7 13 38500 2
0 1 7 6 38500 2
0 1 7 4 38500 2
0 1 7 5 38500 2
0 1 7 3 38500 2
0 1 7 5 38500 2
0 1 7 5 38500 2
0 1 7 8 38500 2
0 1 6 1 38500 2
0 1 6 8 38500 2
0 1 6 4 38500 2
0 1 6 8 38500 2
0 1 6 6 38500 2
0 1 6 6 38500 2
0 1 6 1 38500 2
0 1 6 6 38500 2
0 1 7 11 38500 2
0 1 7 10 38500 2
0 1 7 10 38500 2
0 1 7 13 38500 2
0 1 6 14 38500 2
0 1 8 9 39000 2
0 1 8 7 39000 2
0 1 8 6 39000 2
0 1 8 5 39000 2
0 1 8 9 39000 2
0 1 8 9 39000 2
0 1 9 4 39000 2
0 1 9 15 39000 2
0 1 9 5 39000 2
0 1 9 11 39000 2
0 1 9 6 39000 2
0 1 9 1 39000 2
0 1 10 14 39000 2
0 1 10 12 39000 2
0 1 10 2 39000 2
0 1 8 11 39000 2
0 1 8 14 39000 2
0 1 8 0 39000 2
0 1 8 9 39000 2
0 1 8 0 39000 2
0 1 8 3 39000 2
0 1 8 5 39000 2
0 1 8 2 39000 2
0 1 8 13 39000 2
0 1 8 10 39000 2
0 1 8 15 39000 2
0 1 8 4 39000 2
0 1 8 3 39000 2
0 1 8 4 39000 2
0 1 7 14 39000 2
0 1 7 0 39000 2
0 1 12 7 39000 2
0 1 7 15 39000 2
0 1 15 3 39000 2
0 1 15 13 39000 2
0 1 14 10 39000 2
0 1 14 7 39000 2
0 1 14 1 39000 2
0 1 13 9 39000 2
0 1 13 14 39000 2
0 1 13 2 39000 2
0 1 13 3 39000 2
0 1 13 11 39000 2
0 1 12 2 39000 2
0 1 12 14 39000 2
0 1 12 10 39000 2
0 1 12 14 39000 2
0 1 10 6 39000 2
0 1 12 7 39000 2
0 1 12 11 39000 2
0 1 12 0 39000 2
0 1 11 14 39000 2
0 1 11 5 39000 2
0 1 11 15 39000 2
0 1 11 14 39000 2
0 1 11 0 39000 2
0 1 11 14 39000 2
0 1 11 13 39000 2
0 1 11 5 39000 2
0 1 10 13 39000 2
0 1 10 9 39000 2
0 1 10 12 39000 2
0 1 10 13 39000 2
0 1 5 14 39000 2
0 1 6 9 39000 2
0 1 5 10 39000 2
0 1 5 7 39000 2
0 1 5 5 39000 2
0 1 5 7 39000 2
0 1 5 8 39000 2
0 1 5 13 39000 2
0 1 5 12 39000 2
0 1 5 15 39000 2
0 1 5 10 39000 2
0 1 5 14 39000 2
0 1 5 12 39000 2
0 1 5 5 39000 2
0 1 5 10 39000 2
0 1 5 11 39000 2
0 1 5 9 39000 2
0 1 5 7 39000 2
0 1 5 3 39000 2
0 1 4 11 39000 2
0 1 4 13 39000 2
0 1 4 12 39000 2
0 1 4 7 39000 2
0 1 4 12 39000 2
0 1 4 2 39000 2
0 1 4 7 39000 2
0 1 4 1 39000 2
0 1 4 1 39000 2
0 1 4 1 39000 2
0 1 4 2 39000 2
0 1 4 5 39000 2
0 1 7 12 39000 2
0 1 7 7 39000 2
0 1 6 4 39000 2
0 1 7 8 39000 2
0 1 7 14 39000 2
0 1 7 5 39000 2
0 1 7 8 39000 2
0 1 7 6 39000 2
0 1 7 11 39000 2
0 1 7 14 39000 2
0 1 7 8 39000 2
0 1 7 5 39000 2
0 1 7 13 39000 2
0 1 7 3 39000 2
0 1 7 5 39000 2
0 1 7 14 39000 2
0 1 6 11 39000 2
0 1 7 0 39000 2
0 1 6 8 39000 2
0 1 6 8 39000 2
0 1 6 0 39000 2
0 1 6 15 39000 2
0 1 6 4 39000 2
0 1 6 14 39000 2
0 1 6 3 39000 2
0 1 6 1 39000 2
0 1 6 12 39000 2
0 1 6 14 39000 2
0 1 7 13 39000 2
0 1 7 2 39000 2
0 1 6 6 39000 2
0 1 8 4 39500 2
0 1 8 10 39500 2
0 1 8 0 39500 2
0 1 8 4 39500 2
0 1 8 5 39500 2
0 1 9 0 39500 2
0 1 9 9 39500 2
0 1 9 7 39500 2
0 1 9 5 39500 2
0 1 10 14 39500 2
0 1 10 3 39500 2
0 1 10 1 39500 2
0 1 10 1 39500 2
0 1 10 13 39500 2
0 1 10 4 39500 2
0 1 8 15 39500 2
0 1 8 1 39500 2
0 1 8 3 39500 2
0 1 8 6 39500 2
0 1 8 2 39500 2
0 1 8 10 39500 2
0 1 8 6 39500 2
0 1 8 13 39500 2
0 1 8 1 39500 2
0 1 8 10 39500 2
0 1 8 9 39500 2
0 1 8 15 39500 2
0 1 8 1 39500 2
0 1 8 3 39500 2
0 1 8 6 39500 2
0 1 12 8 39500 2
0 1 6 11 39500 2
0 1 15 14 39500 2
0 1 15 8 39500 2
0 1 15 2 39500 2
0 1 14 14 39500 2
0 1 14 12 39500 2
0 1 14 14 39500 2
0 1 14 0 39500 2
0 1 13 11 39500 2
0 1 13 11 39500 2
0 1 13 10 39500 2
0 1 13 9 39500 2
0 1 13 6 39500 2
0 1 13 8 39500 2
0 1 13 1 39500 2
0 1 10 14 39500 2
0 1 12 7 39500 2
0 1 12 4 39500 2
0 1 12 8 39500 2
0 1 12 2 39500 2
0 1 12 1 39500 2
0 1 12 2 39500 2
0 1 11 7 39500 2
0 1 11 0 39500 2
0 1 11 4 39500 2
0 1 11 8 39500 2
0 1 11 15 39500 2
0 1 11 4 39500 2
0 1 11 7 39500 2
0 1 11 0 39500 2
0 1 5 3 39500 2
0 1 6 12 39500 2
0 1 6 2 39500 2
0 1 5 7 39500 2
0 1 5 11 39500 2
0 1 5 8 39500 2
0 1 5 1 39500 2
0 1 5 13 39500 2
0 1 5 4 39500 2
0 1 5 13 39500 2
0 1 5 13 39500 2
0 1 5 1 39500 2
0 1 5 4 39500 2
0 1 5 1 39500 2
0 1 5 10 39500 2
0 1 5 10 39500 2
0 1 8 1 39500 2
0 1 5 0 39500 2
0 1 5 0 39500 2
0 1 4 5 39500 2
0 1 4 12 39500 2
0 1 4 1 39500 2
0 1 4 11 39500 2
0 1 4 7 39500 2
0 1 4 11 39500 2
0 1 4 10 39500 2
0 1 4 0 39500 2
0 1 4 12 39500 2
0 1 4 7 39500 2
0 1 4 9 39500 2
0 1 8 13 39500 2
0 1 6 0 39500 2
0 1 6 5 39500 2
0 1 8 12 39500 2
0 1 7 13 39500 2
0 1 7 0 39500 2
0 1 7 8 39500 2
0 1 7 7 39500 2
0 1 7 7 39500 2
0 1 7 13 39500 2
0 1 7 10 39500 2
0 1 7 12 39500 2
0 1 7 1 39500 2
0 1 7 3 39500 2
0 1 7 2 39500 2
0 1 7 10 39500 2
0 1 7 8 39500 2
0 1 7 0 39500 2
0 1 6 13 39500 2
0 1 6 1 39500 2
0 1 6 5 39500 2
0 1 6 7 39500 2
0 1 6 8 39500 2
0 1 6 8 39500 2
0 1 6 3 39500 2
0 1 7 7 39500 2
0 1 7 14 39500 2
0 1 7 13 39500 2
0 1 7 2 39500 2
0 1 7 11 39500 2
0 1 8 6 40000 2
0 1 8 2 40000 2
0 1 8 11 40000 2
0 1 8 3 40000 2
0 1 8 4 40000 2
0 1 8 3 40000 2
0 1 8 11 40000 2
0 1 9 14 40000 2
0 1 9 2 40000 2
0 1 9 8 40000 2
0 1 9 14 40000 2
0 1 10 14 40000 2
0 1 10 1 40000 2
0 1 10 10 40000 2
0 1 10 7 40000 2
0 1 10 7 40000 2
0 1 8 2 40000 2
0 1 8 5 40000 2
0 1 8 6 40000 2
0 1 8 1 40000 2
0 1 8 8 40000 2
0 1 8 12 40000 2
0 1 8 5 40000 2
0 1 8 0 40000 2
0 1 8 4 40000 2
0 1 8 6 40000 2
0 1 8 12 40000 2
0 1 8 2 40000 2
0 1 8 0 40000 2
0 1 8 12 40000 2
0 1 15 15 40000 2
0 1 7 5 40000 2
0 1 12 15 40000 2
0 1 14 15 40000 2
0 1 14 3 40000 2
0 1 14 1 40000 2
0 1 13 0 40000 2
0 1 13 15 40000 2
0 1 13 14 40000 2
0 1 13 12 40000 2
0 1 13 6 40000 2
0 1 13 0 40000 2
0 1 13 13 40000 2
0 1 13 2 40000 2
0 1 12 6 40000 2
0 1 12 3 40000 2
0 1 12 7 40000 2
0 1 12 3 40000 2
0 1 10 13 40000 2
0 1 12 0 40000 2
0 1 12 11 40000 2
0 1 11 2 40000 2
0 1 11 3 40000 2
0 1 11 10 40000 2
0 1 11 10 40000 2
0 1 11 15 40000 2
0 1 11 8 40000 2
0 1 11 15 40000 2
0 1 11 10 40000 2
0 1 11 3 40000 2
0 1 10 3 40000 2
0 1 10 13 40000 2
0 1 10 0 40000 2
0 1 5 11 40000 2
0 1 6 5 40000 2
0 1 6 10 40000 2
0 1 6 4 40000 2
0 1 6 3 40000 2
0 1 6 2 40000 2
0 1 5 11 40000 2
0 1 5 12 40000 2
0 1 5 13 40000 2
0 1 5 0 40000 2
0 1 5 11 40000 2
0 1 5 9 40000 2
0 1 5 12 40000 2
0 1 5 13 40000 2
0 1 5 7 40000 2
0 1 5 2 40000 2
0 1 6 2 40000 2
0 1 5 3 40000 2
0 1 5 11 40000 2
0 1 5 12 40000 2
0 1 5 13 40000 2
0 1 5 5 40000 2
0 1 5 8 40000 2
0 1 4 14 40000 2
0 1 4 8 40000 2
0 1 4 2 40000 2
0 1 4 0 40000 2
0 1 4 15 40000 2
0 1 4 12 40000 2
0 1 4 1 40000 2
0 1 4 1 40000 2
0 1 4 7 40000 2
0 1 7 13 40000 2
0 1 7 0 40000 2
0 1 7 9 40000 2
0 1 7 6 40000 2
0 1 7 13 40000 2
0 1 7 5 40000 2
0 1 7 13 40000 2
0 1 7 9 40000 2
0 1 7 0 40000 2
0 1 7 6 40000 2
0 1 7 6 40000 2
0 1 7 8 40000 2
0 1 7 5 40000 2
0 1 7 15 40000 2
0 1 7 14 40000 2
0 1 7 15 40000 2
0 1 7 8 40000 2
0 1 7 2 40000 2
0 1 7 6 40000 2
0 1 7 0 40000 2
0 1 6 12 40000 2
0 1 6 8 40000 2
0 1 6 7 40000 2
0 1 6 12 40000 2
0 1 6 10 40000 2
0 1 6 14 40000 2
0 1 6 4 40000 2
0 1 6 10 40000 2
0 1 6 8 40000 2
0 1 6 6 40000 2
0 1 6 8 40000 2
