1 2 0 8 500 2
1 2 0 3 500 2
1 2 15 9 500 2
1 2 15 8 500 2
1 2 15 6 500 2
1 2 14 8 500 2
1 2 11 0 500 2
1 2 11 9 500 2
1 2 9 0 500 2
1 2 9 0 500 2
1 2 8 4 500 2
1 2 7 3 500 2
1 2 6 9 500 2
1 2 6 4 500 2
1 2 5 9 500 2
1 2 5 1 500 2
1 2 5 3 500 2
1 2 3 8 500 2
1 2 8 8 500 2
1 2 6 3 1000 2
1 2 6 9 1000 2
1 2 6 9 1000 2
1 2 7 1 1000 2
1 2 8 4 1000 2
1 2 8 7 1000 2
1 2 10 9 1000 2
1 2 13 2 1000 2
1 2 15 5 1000 2
1 2 15 1 1000 2
1 2 11 4 1000 2
1 2 1 2 1000 2
1 2 5 9 1000 2
1 2 2 2 1000 2
1 2 2 2 1000 2
1 2 0 4 1000 2
1 2 2 7 1000 2
1 2 3 2 1000 2
1 2 3 3 1000 2
1 2 4 3 1000 2
1 2 4 3 1000 2
1 2 5 8 1000 2
1 2 7 6 1500 2
1 2 15 4 1500 2
1 2 14 0 1500 2
1 2 13 7 1500 2
1 2 11 3 1500 2
1 2 11 0 1500 2
1 2 11 8 1500 2
1 2 8 7 1500 2
1 2 8 2 1500 2
1 2 8 1 1500 2
1 2 6 7 1500 2
1 2 6 9 1500 2
1 2 2 8 1500 2
1 2 2 7 1500 2
1 2 3 8 1500 2
1 2 4 2 1500 2
1 2 4 8 1500 2
1 2 4 8 1500 2
1 2 5 8 1500 2
1 2 6 0 1500 2
1 2 6 3 1500 2
1 2 6 3 2000 2
1 2 6 7 2000 2
1 2 7 8 2000 2
1 2 7 4 2000 2
1 2 9 3 2000 2
1 2 10 9 2000 2
1 2 10 7 2000 2
1 2 10 5 2000 2
1 2 11 8 2000 2
1 2 11 3 2000 2
1 2 14 2 2000 2
1 2 1 5 2000 2
1 2 5 9 2000 2
1 2 6 2 2000 2
1 2 0 1 2000 2
1 2 2 2 2000 2
1 2 2 2 2000 2
1 2 2 7 2000 2
1 2 3 8 2000 2
1 2 3 2 2000 2
1 2 4 3 2000 2
1 2 4 1 2000 2
1 2 4 9 2000 2
1 2 6 7 2500 2
1 2 15 0 2500 2
1 2 14 0 2500 2
1 2 14 3 2500 2
1 2 12 0 2500 2
1 2 7 2 2500 2
1 2 6 9 2500 2
1 2 6 3 2500 2
1 2 5 9 2500 2
1 2 4 2 2500 2
1 2 4 4 2500 2
1 2 3 4 2500 2
1 2 3 7 2500 2
1 2 0 3 2500 2
1 2 6 5 3000 2
1 2 6 7 3000 2
1 2 7 7 3000 2
1 2 11 9 3000 2
1 2 11 4 3000 2
1 2 12 5 3000 2
1 2 13 4 3000 2
1 2 14 5 3000 2
1 2 15 6 3000 2
1 2 0 3 3000 2
1 2 5 8 3000 2
1 2 5 3 3000 2
1 2 4 5 3000 2
1 2 2 3 3000 2
1 2 1 7 3000 2
1 2 0 8 3000 2
1 2 0 6 3000 2
1 2 0 4 3000 2
1 2 6 3 3000 2
1 2 6 0 3500 2
1 2 7 2 3500 2
1 2 8 8 3500 2
1 2 11 9 3500 2
1 2 13 7 3500 2
1 2 14 5 3500 2
1 2 14 0 3500 2
1 2 15 9 3500 2
1 2 5 9 3500 2
1 2 6 3 3500 2
1 2 5 7 3500 2
1 2 0 9 3500 2
1 2 4 8 3500 2
1 2 4 3 3500 2
1 2 3 9 3500 2
1 2 2 6 3500 2
1 2 6 9 3500 2
1 2 11 7 4000 2
1 2 15 3 4000 2
1 2 14 0 4000 2
1 2 14 0 4000 2
1 2 14 3 4000 2
1 2 13 2 4000 2
1 2 9 0 4000 2
1 2 7 5 4000 2
1 2 6 3 4000 2
1 2 6 3 4000 2
1 2 6 0 4000 2
1 2 6 8 4000 2
1 2 5 4 4000 2
1 2 5 7 4000 2
1 2 4 7 4000 2
1 2 4 6 4000 2
1 2 3 8 4000 2
1 2 11 5 4500 2
1 2 11 3 4500 2
1 2 11 7 4500 2
1 2 12 8 4500 2
1 2 13 2 4500 2
1 2 13 0 4500 2
1 2 13 0 4500 2
1 2 14 0 4500 2
1 2 14 8 4500 2
1 2 14 4 4500 2
1 2 14 1 4500 2
1 2 15 2 4500 2
1 2 5 3 4500 2
1 2 9 0 4500 2
1 2 0 7 4500 2
1 2 0 8 4500 2
1 2 2 9 4500 2
1 2 3 8 4500 2
1 2 4 3 4500 2
1 2 4 2 4500 2
1 2 9 5 4500 2
1 2 6 8 4500 2
1 2 6 4 4500 2
1 2 6 3 4500 2
1 2 8 8 4500 2
1 2 7 4 5000 2
1 2 7 1 5000 2
1 2 8 5 5000 2
1 2 9 1 5000 2
1 2 10 0 5000 2
1 2 10 9 5000 2
1 2 11 1 5000 2
1 2 11 0 5000 2
1 2 13 2 5000 2
1 2 14 5 5000 2
1 2 15 7 5000 2
1 2 6 3 5000 2
1 2 6 7 5000 2
1 2 7 7 5000 2
1 2 0 3 5000 2
1 2 2 9 5000 2
1 2 3 9 5000 2
1 2 3 8 5000 2
1 2 3 8 5000 2
1 2 4 5 5000 2
1 2 6 2 5000 2
1 2 6 8 5000 2
1 2 6 0 5000 2
1 2 6 4 5000 2
1 2 15 3 5500 2
1 2 15 4 5500 2
1 2 14 9 5500 2
1 2 13 2 5500 2
1 2 12 7 5500 2
1 2 11 6 5500 2
1 2 11 7 5500 2
1 2 10 7 5500 2
1 2 9 1 5500 2
1 2 6 4 5500 2
1 2 6 3 5500 2
1 2 4 0 5500 2
1 2 5 8 5500 2
1 2 0 1 5500 2
1 2 0 2 5500 2
1 2 0 8 5500 2
1 2 2 7 5500 2
1 2 2 6 5500 2
1 2 2 6 5500 2
1 2 3 4 5500 2
1 2 4 2 5500 2
1 2 4 1 5500 2
1 2 15 9 6000 2
1 2 15 2 6000 2
1 2 14 7 6000 2
1 2 14 8 6000 2
1 2 11 3 6000 2
1 2 9 5 6000 2
1 2 4 7 6000 2
1 2 8 6 6000 2
1 2 8 2 6000 2
1 2 5 3 6000 2
1 2 2 9 6000 2
1 2 2 3 6000 2
1 2 1 8 6000 2
1 2 1 3 6000 2
1 2 1 8 6000 2
1 2 0 8 6000 2
1 2 4 6 6500 2
1 2 15 6 6500 2
1 2 14 2 6500 2
1 2 13 7 6500 2
1 2 11 3 6500 2
1 2 11 1 6500 2
1 2 10 5 6500 2
1 2 8 4 6500 2
1 2 6 4 6500 2
1 2 6 1 6500 2
1 2 6 0 6500 2
1 2 4 0 6500 2
1 2 0 7 6500 2
1 2 4 4 6500 2
1 2 2 9 6500 2
1 2 8 8 6500 2
1 2 7 9 7000 2
1 2 14 1 7000 2
1 2 8 9 7000 2
1 2 8 7 7000 2
1 2 9 5 7000 2
1 2 11 3 7000 2
1 2 12 5 7000 2
1 2 13 3 7000 2
1 2 14 9 7000 2
1 2 15 2 7000 2
1 2 6 4 7000 2
1 2 7 5 7000 2
1 2 1 7 7000 2
1 2 0 4 7000 2
1 2 1 7 7000 2
1 2 2 1 7000 2
1 2 2 9 7000 2
1 2 3 4 7000 2
1 2 4 3 7000 2
1 2 4 4 7000 2
1 2 4 2 7000 2
1 2 15 9 7500 2
1 2 14 8 7500 2
1 2 13 7 7500 2
1 2 11 0 7500 2
1 2 11 0 7500 2
1 2 11 9 7500 2
1 2 10 1 7500 2
1 2 5 3 7500 2
1 2 9 9 7500 2
1 2 8 9 7500 2
1 2 7 7 7500 2
1 2 6 3 7500 2
1 2 4 4 7500 2
1 2 4 2 7500 2
1 2 4 7 7500 2
1 2 3 7 7500 2
1 2 3 7 7500 2
1 2 0 3 7500 2
1 2 0 7 7500 2
1 2 9 5 8000 2
1 2 10 5 8000 2
1 2 9 2 8000 2
1 2 9 3 8000 2
1 2 8 4 8000 2
1 2 7 5 8000 2
1 2 5 9 8000 2
1 2 1 2 8000 2
1 2 5 7 8000 2
1 2 2 7 8000 2
1 2 2 7 8000 2
1 2 6 0 8000 2
1 2 9 0 8500 2
1 2 12 6 8500 2
1 2 10 5 8500 2
1 2 12 6 8500 2
1 2 13 6 8500 2
1 2 14 2 8500 2
1 2 15 8 8500 2
1 2 15 2 8500 2
1 2 15 6 8500 2
1 2 15 8 8500 2
1 2 15 5 8500 2
1 2 7 2 8500 2
1 2 9 0 8500 2
1 2 7 2 8500 2
1 2 5 6 8500 2
1 2 4 0 8500 2
1 2 4 1 8500 2
1 2 4 0 8500 2
1 2 4 5 8500 2
1 2 4 7 8500 2
1 2 2 9 8500 2
1 2 1 5 8500 2
1 2 9 3 9000 2
1 2 9 9 9000 2
1 2 10 5 9000 2
1 2 10 1 9000 2
1 2 10 4 9000 2
1 2 11 2 9000 2
1 2 13 8 9000 2
1 2 13 9 9000 2
1 2 14 9 9000 2
1 2 15 6 9000 2
1 2 4 1 9000 2
1 2 6 2 9000 2
1 2 0 3 9000 2
1 2 4 3 9000 2
1 2 4 3 9000 2
1 2 4 1 9000 2
1 2 4 8 9000 2
1 2 5 0 9000 2
1 2 5 2 9000 2
1 2 5 0 9000 2
1 2 7 8 9000 2
1 2 15 2 9500 2
1 2 14 9 9500 2
1 2 14 6 9500 2
1 2 13 0 9500 2
1 2 13 3 9500 2
1 2 12 8 9500 2
1 2 11 1 9500 2
1 2 11 4 9500 2
1 2 11 3 9500 2
1 2 7 3 9500 2
1 2 9 0 9500 2
1 2 0 3 9500 2
1 2 0 3 9500 2
1 2 2 1 9500 2
1 2 3 1 9500 2
1 2 4 2 9500 2
1 2 4 1 9500 2
1 2 6 6 9500 2
1 2 7 3 10000 2
1 2 15 3 10000 2
1 2 13 2 10000 2
1 2 11 5 10000 2
1 2 11 3 10000 2
1 2 10 6 10000 2
1 2 9 4 10000 2
1 2 7 2 10000 2
1 2 6 5 10000 2
1 2 4 0 10000 2
1 2 3 9 10000 2
1 2 2 0 10000 2
1 2 0 2 10000 2
1 2 0 2 10000 2
1 2 0 0 10000 2
1 2 6 3 10000 2
1 2 15 4 10500 2
1 2 9 3 10500 2
1 2 9 4 10500 2
1 2 10 5 10500 2
1 2 10 5 10500 2
1 2 11 5 10500 2
1 2 11 1 10500 2
1 2 12 6 10500 2
1 2 15 7 10500 2
1 2 15 8 10500 2
1 2 4 1 10500 2
1 2 8 5 10500 2
1 2 7 8 10500 2
1 2 7 3 10500 2
1 2 6 2 10500 2
1 2 5 1 10500 2
1 2 5 2 10500 2
1 2 9 5 10500 2
1 2 4 8 10500 2
1 2 4 2 10500 2
1 2 3 2 10500 2
1 2 2 5 10500 2
1 2 9 1 11000 2
1 2 10 1 11000 2
1 2 10 5 11000 2
1 2 11 2 11000 2
1 2 11 2 11000 2
1 2 11 0 11000 2
1 2 13 6 11000 2
1 2 14 1 11000 2
1 2 15 6 11000 2
1 2 15 0 11000 2
1 2 15 4 11000 2
1 2 11 8 11000 2
1 2 7 8 11000 2
1 2 8 5 11000 2
1 2 1 7 11000 2
1 2 1 3 11000 2
1 2 2 9 11000 2
1 2 2 5 11000 2
1 2 3 8 11000 2
1 2 3 9 11000 2
1 2 4 3 11000 2
1 2 4 1 11000 2
1 2 4 6 11000 2
1 2 5 5 11000 2
1 2 3 4 11000 2
1 2 11 0 11500 2
1 2 11 9 11500 2
1 2 12 2 11500 2
1 2 14 4 11500 2
1 2 14 0 11500 2
1 2 14 8 11500 2
1 2 15 2 11500 2
1 2 15 0 11500 2
1 2 15 3 11500 2
1 2 15 9 11500 2
1 2 15 3 11500 2
1 2 1 5 11500 2
1 2 11 6 11500 2
1 2 2 5 11500 2
1 2 3 4 11500 2
1 2 4 2 11500 2
1 2 4 0 11500 2
1 2 5 2 11500 2
1 2 5 0 11500 2
1 2 5 4 11500 2
1 2 9 7 11500 2
1 2 10 7 11500 2
1 2 10 5 11500 2
1 2 7 2 12000 2
1 2 15 3 12000 2
1 2 15 2 12000 2
1 2 15 2 12000 2
1 2 13 2 12000 2
1 2 12 8 12000 2
1 2 11 8 12000 2
1 2 11 2 12000 2
1 2 10 6 12000 2
1 2 9 5 12000 2
1 2 5 2 12000 2
1 2 4 0 12000 2
1 2 4 3 12000 2
1 2 3 8 12000 2
1 2 3 0 12000 2
1 2 3 4 12000 2
1 2 0 1 12000 2
1 2 0 0 12000 2
1 2 0 9 12000 2
1 2 9 9 12000 2
1 2 7 3 12500 2
1 2 7 8 12500 2
1 2 9 7 12500 2
1 2 11 9 12500 2
1 2 11 5 12500 2
1 2 13 4 12500 2
1 2 14 1 12500 2
1 2 14 9 12500 2
1 2 14 8 12500 2
1 2 15 9 12500 2
1 2 0 1 12500 2
1 2 4 0 12500 2
1 2 6 8 12500 2
1 2 1 7 12500 2
1 2 1 3 12500 2
1 2 2 8 12500 2
1 2 2 2 12500 2
1 2 3 8 12500 2
1 2 4 7 12500 2
1 2 4 2 12500 2
1 2 4 1 12500 2
1 2 4 6 12500 2
1 2 12 2 13000 2
1 2 15 3 13000 2
1 2 15 8 13000 2
1 2 14 8 13000 2
1 2 13 6 13000 2
1 2 12 6 13000 2
1 2 12 8 13000 2
1 2 12 2 13000 2
1 2 11 6 13000 2
1 2 10 5 13000 2
1 2 9 6 13000 2
1 2 3 1 13000 2
1 2 7 3 13000 2
1 2 2 6 13000 2
1 2 3 0 13000 2
1 2 4 5 13000 2
1 2 0 2 13000 2
1 2 5 9 13000 2
1 2 5 5 13000 2
1 2 5 0 13000 2
1 2 5 6 13000 2
1 2 7 2 13000 2
1 2 9 4 13500 2
1 2 14 8 13500 2
1 2 14 2 13500 2
1 2 12 8 13500 2
1 2 11 3 13500 2
1 2 10 8 13500 2
1 2 10 5 13500 2
1 2 6 6 13500 2
1 2 6 8 13500 2
1 2 5 4 13500 2
1 2 5 9 13500 2
1 2 3 6 13500 2
1 2 1 3 13500 2
1 2 11 9 14000 2
1 2 15 3 14000 2
1 2 15 8 14000 2
1 2 13 5 14000 2
1 2 12 6 14000 2
1 2 12 6 14000 2
1 2 11 1 14000 2
1 2 11 0 14000 2
1 2 9 1 14000 2
1 2 7 1 14000 2
1 2 7 5 14000 2
1 2 7 8 14000 2
1 2 0 3 14000 2
1 2 2 8 14000 2
1 2 2 3 14000 2
1 2 2 5 14000 2
1 2 4 6 14000 2
1 2 5 3 14000 2
1 2 5 2 14000 2
1 2 0 1 14000 2
1 2 6 2 14000 2
1 2 14 0 14500 2
1 2 9 5 14500 2
1 2 10 9 14500 2
1 2 10 8 14500 2
1 2 11 6 14500 2
1 2 11 2 14500 2
1 2 11 2 14500 2
1 2 11 2 14500 2
1 2 12 6 14500 2
1 2 12 5 14500 2
1 2 14 1 14500 2
1 2 7 0 14500 2
1 2 6 8 14500 2
1 2 5 1 14500 2
1 2 5 0 14500 2
1 2 5 3 14500 2
1 2 4 8 14500 2
1 2 4 3 14500 2
1 2 1 0 14500 2
1 2 0 8 14500 2
1 2 0 3 14500 2
1 2 7 5 14500 2
1 2 7 3 15000 2
1 2 5 2 15000 2
1 2 7 8 15000 2
1 2 9 6 15000 2
1 2 11 9 15000 2
1 2 11 3 15000 2
1 2 12 6 15000 2
1 2 15 0 15000 2
1 2 15 0 15000 2
1 2 15 7 15000 2
1 2 15 8 15000 2
1 2 7 5 15000 2
1 2 0 9 15000 2
1 2 0 1 15000 2
1 2 2 0 15000 2
1 2 2 9 15000 2
1 2 2 6 15000 2
1 2 3 4 15000 2
1 2 3 0 15000 2
1 2 3 2 15000 2
1 2 4 3 15000 2
1 2 7 5 15000 2
1 2 3 3 15500 2
1 2 15 1 15500 2
1 2 15 0 15500 2
1 2 14 8 15500 2
1 2 12 5 15500 2
1 2 12 6 15500 2
1 2 11 3 15500 2
1 2 11 6 15500 2
1 2 6 8 15500 2
1 2 5 4 15500 2
1 2 4 2 15500 2
1 2 3 0 15500 2
1 2 2 0 15500 2
1 2 2 6 15500 2
1 2 2 8 15500 2
1 2 10 1 15500 2
1 2 10 6 16000 2
1 2 15 6 16000 2
1 2 14 0 16000 2
1 2 14 8 16000 2
1 2 14 3 16000 2
1 2 13 0 16000 2
1 2 10 3 16000 2
1 2 9 9 16000 2
1 2 7 0 16000 2
1 2 4 3 16000 2
1 2 3 8 16000 2
1 2 2 2 16000 2
1 2 8 1 16500 2
1 2 15 1 16500 2
1 2 15 7 16500 2
1 2 13 5 16500 2
1 2 13 2 16500 2
1 2 12 6 16500 2
1 2 8 1 16500 2
1 2 7 4 16500 2
1 2 6 9 16500 2
1 2 4 3 16500 2
1 2 3 3 16500 2
1 2 1 9 16500 2
1 2 8 7 17000 2
1 2 15 0 17000 2
1 2 15 1 17000 2
1 2 14 0 17000 2
1 2 13 1 17000 2
1 2 10 9 17000 2
1 2 6 5 17000 2
1 2 5 3 17000 2
1 2 5 2 17000 2
1 2 4 8 17000 2
1 2 4 3 17000 2
1 2 2 6 17000 2
1 2 0 8 17000 2
1 2 9 1 17500 2
1 2 15 5 17500 2
1 2 14 4 17500 2
1 2 12 7 17500 2
1 2 10 0 17500 2
1 2 7 1 17500 2
1 2 7 4 17500 2
1 2 5 3 17500 2
1 2 7 4 17500 2
1 2 0 8 17500 2
1 2 0 2 17500 2
1 2 3 3 17500 2
1 2 3 5 17500 2
1 2 4 1 17500 2
1 2 15 8 18000 2
1 2 15 6 18000 2
1 2 15 7 18000 2
1 2 14 8 18000 2
1 2 14 9 18000 2
1 2 13 1 18000 2
1 2 13 1 18000 2
1 2 12 9 18000 2
1 2 12 6 18000 2
1 2 12 7 18000 2
1 2 11 5 18000 2
1 2 10 9 18000 2
1 2 7 8 18000 2
1 2 9 6 18000 2
1 2 0 6 18000 2
1 2 0 1 18000 2
1 2 1 2 18000 2
1 2 1 5 18000 2
1 2 3 4 18000 2
1 2 4 0 18000 2
1 2 5 8 18000 2
1 2 6 2 18000 2
1 2 6 9 18000 2
1 2 7 1 18000 2
1 2 15 0 18500 2
1 2 15 2 18500 2
1 2 14 4 18500 2
1 2 12 1 18500 2
1 2 11 3 18500 2
1 2 9 1 18500 2
1 2 7 3 18500 2
1 2 5 0 18500 2
1 2 7 4 18500 2
1 2 6 5 18500 2
1 2 0 1 18500 2
1 2 0 9 18500 2
1 2 1 5 18500 2
1 2 2 3 18500 2
1 2 3 5 18500 2
1 2 4 2 18500 2
1 2 4 1 18500 2
1 2 7 1 18500 2
1 2 15 5 19000 2
1 2 15 6 19000 2
1 2 13 3 19000 2
1 2 13 0 19000 2
1 2 13 4 19000 2
1 2 12 2 19000 2
1 2 10 7 19000 2
1 2 10 0 19000 2
1 2 7 3 19000 2
1 2 7 9 19000 2
1 2 7 5 19000 2
1 2 4 1 19000 2
1 2 3 8 19000 2
1 2 3 7 19000 2
1 2 0 7 19000 2
1 2 9 5 19000 2
1 2 4 1 19500 2
1 2 15 6 19500 2
1 2 10 8 19500 2
1 2 9 9 19500 2
1 2 7 9 19500 2
1 2 6 5 19500 2
1 2 1 1 19500 2
1 2 1 9 19500 2
1 2 0 4 19500 2
1 2 0 2 20000 2
1 2 15 7 20000 2
1 2 12 8 20000 2
1 2 12 7 20000 2
1 2 11 0 20000 2
1 2 10 9 20000 2
1 2 10 5 20000 2
1 2 7 1 20000 2
1 2 5 6 20000 2
1 2 3 4 20000 2
1 2 2 7 20000 2
1 2 1 5 20000 2
1 2 4 1 20500 2
1 2 15 2 20500 2
1 2 13 4 20500 2
1 2 11 9 20500 2
1 2 9 5 20500 2
1 2 4 5 20500 2
1 2 3 3 20500 2
1 2 3 5 20500 2
1 2 8 6 20500 2
1 2 10 7 21000 2
1 2 15 4 21000 2
1 2 15 6 21000 2
1 2 15 8 21000 2
1 2 15 0 21000 2
1 2 14 4 21000 2
1 2 13 2 21000 2
1 2 11 4 21000 2
1 2 10 1 21000 2
1 2 7 4 21000 2
1 2 7 2 21000 2
1 2 6 7 21000 2
1 2 6 8 21000 2
1 2 5 1 21000 2
1 2 4 0 21000 2
1 2 3 0 21000 2
1 2 2 3 21000 2
1 2 0 3 21000 2
1 2 0 1 21000 2
1 2 4 3 21500 2
1 2 15 7 21500 2
1 2 10 5 21500 2
1 2 9 5 21500 2
1 2 9 3 21500 2
1 2 6 1 21500 2
1 2 5 6 21500 2
1 2 1 6 21500 2
1 2 3 2 21500 2
1 2 3 0 21500 2
1 2 5 6 21500 2
1 2 14 4 22000 2
1 2 15 4 22000 2
1 2 15 0 22000 2
1 2 14 9 22000 2
1 2 12 4 22000 2
1 2 10 9 22000 2
1 2 8 0 22000 2
1 2 5 1 22000 2
1 2 3 6 22000 2
1 2 15 4 22500 2
1 2 13 8 22500 2
1 2 13 8 22500 2
1 2 11 2 22500 2
1 2 10 1 22500 2
1 2 10 5 22500 2
1 2 10 0 22500 2
1 2 6 4 22500 2
1 2 6 3 22500 2
1 2 4 8 22500 2
1 2 3 2 22500 2
1 2 1 1 22500 2
1 2 0 7 22500 2
1 2 0 4 22500 2
1 2 7 1 22500 2
1 2 13 6 23000 2
1 2 14 1 23000 2
1 2 14 5 23000 2
1 2 14 9 23000 2
1 2 13 3 23000 2
1 2 7 3 23000 2
1 2 0 5 23000 2
1 2 3 4 23500 2
1 2 15 2 23500 2
1 2 14 2 23500 2
1 2 14 1 23500 2
1 2 13 4 23500 2
1 2 11 0 23500 2
1 2 6 9 23500 2
1 2 6 4 23500 2
1 2 5 9 23500 2
1 2 5 7 23500 2
1 2 3 3 23500 2
1 2 1 6 23500 2
1 2 0 2 23500 2
1 2 0 3 23500 2
1 2 12 1 24000 2
1 2 12 6 24000 2
1 2 10 9 24000 2
1 2 10 1 24000 2
1 2 10 2 24000 2
1 2 6 6 24000 2
1 2 7 5 24000 2
1 2 6 9 24000 2
1 2 5 4 24000 2
1 2 3 6 24000 2
1 2 2 3 24000 2
1 2 1 3 24000 2
1 2 1 3 24000 2
1 2 6 9 24000 2
1 2 9 0 24500 2
1 2 10 9 24500 2
1 2 9 5 24500 2
1 2 10 0 24500 2
1 2 10 7 24500 2
1 2 11 0 24500 2
1 2 11 5 24500 2
1 2 13 4 24500 2
1 2 14 8 24500 2
1 2 15 0 24500 2
1 2 15 9 24500 2
1 2 8 4 24500 2
1 2 0 9 24500 2
1 2 2 8 24500 2
1 2 3 0 24500 2
1 2 4 1 24500 2
1 2 4 8 24500 2
1 2 4 0 24500 2
1 2 5 2 24500 2
1 2 6 6 24500 2
1 2 8 9 24500 2
1 2 7 2 24500 2
1 2 9 4 25000 2
1 2 9 6 25000 2
1 2 11 2 25000 2
1 2 11 8 25000 2
1 2 11 4 25000 2
1 2 12 7 25000 2
1 2 13 6 25000 2
1 2 13 6 25000 2
1 2 13 9 25000 2
1 2 14 8 25000 2
1 2 15 0 25000 2
1 2 15 2 25000 2
1 2 2 0 25000 2
1 2 6 5 25000 2
1 2 0 6 25000 2
1 2 0 3 25000 2
1 2 1 7 25000 2
1 2 2 3 25000 2
1 2 3 4 25000 2
1 2 3 7 25000 2
1 2 4 9 25000 2
1 2 8 2 25000 2
1 2 6 1 25000 2
1 2 5 8 25000 2
1 2 4 0 25000 2
1 2 4 1 25000 2
1 2 2 0 25500 2
1 2 15 2 25500 2
1 2 14 7 25500 2
1 2 14 8 25500 2
1 2 14 9 25500 2
1 2 14 5 25500 2
1 2 11 8 25500 2
1 2 11 2 25500 2
1 2 11 4 25500 2
1 2 11 0 25500 2
1 2 10 0 25500 2
1 2 9 5 25500 2
1 2 8 9 25500 2
1 2 8 6 25500 2
1 2 1 2 25500 2
1 2 1 5 25500 2
1 2 1 0 25500 2
1 2 2 8 25500 2
1 2 2 7 25500 2
1 2 3 1 25500 2
1 2 4 7 25500 2
1 2 5 3 25500 2
1 2 6 9 25500 2
1 2 2 8 25500 2
1 2 8 0 26000 2
1 2 8 5 26000 2
1 2 9 6 26000 2
1 2 9 4 26000 2
1 2 10 4 26000 2
1 2 11 8 26000 2
1 2 11 4 26000 2
1 2 12 7 26000 2
1 2 13 3 26000 2
1 2 14 8 26000 2
1 2 15 0 26000 2
1 2 15 8 26000 2
1 2 15 9 26000 2
1 2 7 9 26000 2
1 2 0 3 26000 2
1 2 0 6 26000 2
1 2 0 9 26000 2
1 2 2 3 26000 2
1 2 3 4 26000 2
1 2 3 8 26000 2
1 2 4 1 26000 2
1 2 5 2 26000 2
1 2 6 2 26000 2
1 2 6 9 26000 2
1 2 8 4 26000 2
1 2 4 4 26000 2
1 2 9 4 26500 2
1 2 9 1 26500 2
1 2 9 0 26500 2
1 2 10 7 26500 2
1 2 11 8 26500 2
1 2 11 3 26500 2
1 2 11 4 26500 2
1 2 13 6 26500 2
1 2 14 8 26500 2
1 2 15 8 26500 2
1 2 11 2 26500 2
1 2 6 9 26500 2
1 2 9 6 26500 2
1 2 1 0 26500 2
1 2 1 3 26500 2
1 2 3 6 26500 2
1 2 4 9 26500 2
1 2 4 2 26500 2
1 2 0 3 26500 2
1 2 4 6 26500 2
1 2 5 0 26500 2
1 2 6 5 26500 2
1 2 6 1 26500 2
1 2 6 9 27000 2
1 2 15 2 27000 2
1 2 15 0 27000 2
1 2 14 2 27000 2
1 2 14 0 27000 2
1 2 14 2 27000 2
1 2 11 5 27000 2
1 2 10 4 27000 2
1 2 9 1 27000 2
1 2 8 0 27000 2
1 2 8 4 27000 2
1 2 6 8 27000 2
1 2 1 7 27000 2
1 2 1 2 27000 2
1 2 2 7 27000 2
1 2 3 4 27000 2
1 2 4 2 27000 2
1 2 4 7 27000 2
1 2 5 2 27000 2
1 2 5 2 27000 2
1 2 6 9 27000 2
1 2 1 7 27500 2
1 2 15 9 27500 2
1 2 15 9 27500 2
1 2 14 2 27500 2
1 2 14 9 27500 2
1 2 11 8 27500 2
1 2 11 1 27500 2
1 2 11 3 27500 2
1 2 11 4 27500 2
1 2 10 8 27500 2
1 2 10 0 27500 2
1 2 9 5 27500 2
1 2 8 0 27500 2
1 2 8 2 27500 2
1 2 8 1 27500 2
1 2 6 4 27500 2
1 2 4 8 27500 2
1 2 4 1 27500 2
1 2 3 6 27500 2
1 2 2 3 27500 2
1 2 9 0 27500 2
1 2 8 9 28000 2
1 2 9 9 28000 2
1 2 9 6 28000 2
1 2 10 0 28000 2
1 2 10 7 28000 2
1 2 11 9 28000 2
1 2 11 8 28000 2
1 2 11 7 28000 2
1 2 13 2 28000 2
1 2 15 8 28000 2
1 2 15 3 28000 2
1 2 15 9 28000 2
1 2 1 2 28000 2
1 2 8 7 28000 2
1 2 8 9 28000 2
1 2 0 9 28000 2
1 2 0 4 28000 2
1 2 1 3 28000 2
1 2 2 0 28000 2
1 2 3 4 28000 2
1 2 4 7 28000 2
1 2 4 2 28000 2
1 2 5 9 28000 2
1 2 5 4 28000 2
1 2 6 7 28000 2
1 2 15 6 28500 2
1 2 15 2 28500 2
1 2 15 0 28500 2
1 2 14 5 28500 2
1 2 14 2 28500 2
1 2 11 4 28500 2
1 2 11 9 28500 2
1 2 9 1 28500 2
1 2 8 7 28500 2
1 2 8 7 28500 2
1 2 8 6 28500 2
1 2 0 1 28500 2
1 2 3 7 28500 2
1 2 3 4 28500 2
1 2 4 2 28500 2
1 2 4 6 28500 2
1 2 6 4 28500 2
1 2 6 7 28500 2
1 2 6 3 28500 2
1 2 8 0 29000 2
1 2 8 9 29000 2
1 2 8 6 29000 2
1 2 9 4 29000 2
1 2 10 1 29000 2
1 2 10 7 29000 2
1 2 11 4 29000 2
1 2 11 3 29000 2
1 2 11 0 29000 2
1 2 11 4 29000 2
1 2 14 0 29000 2
1 2 14 7 29000 2
1 2 15 6 29000 2
1 2 15 2 29000 2
1 2 13 0 29000 2
1 2 7 0 29000 2
1 2 8 7 29000 2
1 2 2 8 29000 2
1 2 2 8 29000 2
1 2 2 2 29000 2
1 2 2 1 29000 2
1 2 0 3 29000 2
1 2 3 6 29000 2
1 2 4 2 29000 2
1 2 4 1 29000 2
1 2 5 3 29000 2
1 2 5 8 29000 2
1 2 5 2 29000 2
1 2 6 2 29000 2
1 2 6 7 29000 2
1 2 4 1 29000 2
1 2 9 0 29500 2
1 2 10 0 29500 2
1 2 10 9 29500 2
1 2 10 6 29500 2
1 2 10 2 29500 2
1 2 11 9 29500 2
1 2 11 3 29500 2
1 2 12 6 29500 2
1 2 14 5 29500 2
1 2 14 7 29500 2
1 2 14 8 29500 2
1 2 15 0 29500 2
1 2 15 4 29500 2
1 2 15 1 29500 2
1 2 15 9 29500 2
1 2 8 7 29500 2
1 2 9 4 29500 2
1 2 0 8 29500 2
1 2 1 5 29500 2
1 2 1 0 29500 2
1 2 2 9 29500 2
1 2 2 5 29500 2
1 2 3 6 29500 2
1 2 4 0 29500 2
1 2 4 4 29500 2
1 2 5 7 29500 2
1 2 6 1 29500 2
1 2 6 4 29500 2
1 2 7 5 29500 2
1 2 8 7 29500 2
1 2 8 5 29500 2
1 2 8 9 29500 2
1 2 11 7 30000 2
1 2 11 2 30000 2
1 2 10 7 30000 2
1 2 11 0 30000 2
1 2 12 1 30000 2
1 2 12 6 30000 2
1 2 13 3 30000 2
1 2 13 8 30000 2
1 2 13 7 30000 2
1 2 13 5 30000 2
1 2 14 5 30000 2
1 2 14 8 30000 2
1 2 15 4 30000 2
1 2 15 4 30000 2
1 2 11 7 30000 2
1 2 9 4 30000 2
1 2 9 0 30000 2
1 2 2 6 30000 2
1 2 2 8 30000 2
1 2 3 6 30000 2
1 2 3 0 30000 2
1 2 3 7 30000 2
1 2 4 0 30000 2
1 2 4 8 30000 2
1 2 6 7 30000 2
1 2 7 3 30000 2
1 2 8 7 30000 2
1 2 8 4 30000 2
1 2 8 4 30000 2
1 2 8 9 30000 2
1 2 6 0 30000 2
1 2 9 4 30500 2
1 2 10 2 30500 2
1 2 10 7 30500 2
1 2 10 6 30500 2
1 2 11 1 30500 2
1 2 11 4 30500 2
1 2 11 0 30500 2
1 2 15 6 30500 2
1 2 15 9 30500 2
1 2 8 6 30500 2
1 2 8 7 30500 2
1 2 0 5 30500 2
1 2 2 9 30500 2
1 2 2 6 30500 2
1 2 3 7 30500 2
1 2 4 1 30500 2
1 2 6 8 30500 2
1 2 7 2 30500 2
1 2 8 9 30500 2
1 2 2 8 31000 2
1 2 15 9 31000 2
1 2 15 9 31000 2
1 2 15 2 31000 2
1 2 14 8 31000 2
1 2 14 9 31000 2
1 2 13 5 31000 2
1 2 13 6 31000 2
1 2 11 7 31000 2
1 2 11 4 31000 2
1 2 10 9 31000 2
1 2 9 5 31000 2
1 2 8 7 31000 2
1 2 9 6 31000 2
1 2 1 8 31000 2
1 2 3 4 31000 2
1 2 4 6 31000 2
1 2 4 0 31000 2
1 2 5 0 31000 2
1 2 5 2 31000 2
1 2 6 2 31000 2
1 2 6 3 31000 2
1 2 6 7 31000 2
1 2 8 7 31000 2
1 2 11 9 31500 2
1 2 11 7 31500 2
1 2 11 0 31500 2
1 2 11 4 31500 2
1 2 13 6 31500 2
1 2 13 3 31500 2
1 2 13 5 31500 2
1 2 14 7 31500 2
1 2 14 0 31500 2
1 2 14 0 31500 2
1 2 15 9 31500 2
1 2 15 9 31500 2
1 2 2 8 31500 2
1 2 10 0 31500 2
1 2 11 5 31500 2
1 2 2 6 31500 2
1 2 1 8 31500 2
1 2 3 8 31500 2
1 2 4 0 31500 2
1 2 5 3 31500 2
1 2 6 8 31500 2
1 2 6 7 31500 2
1 2 8 2 31500 2
1 2 9 4 31500 2
1 2 9 3 31500 2
1 2 6 5 31500 2
1 2 9 1 32000 2
1 2 13 8 32000 2
1 2 10 0 32000 2
1 2 10 5 32000 2
1 2 11 7 32000 2
1 2 11 4 32000 2
1 2 11 3 32000 2
1 2 12 1 32000 2
1 2 14 9 32000 2
1 2 14 9 32000 2
1 2 15 6 32000 2
1 2 15 2 32000 2
1 2 15 3 32000 2
1 2 15 4 32000 2
1 2 15 2 32000 2
1 2 8 9 32000 2
1 2 9 0 32000 2
1 2 1 0 32000 2
1 2 2 9 32000 2
1 2 2 2 32000 2
1 2 3 6 32000 2
1 2 4 2 32000 2
1 2 4 6 32000 2
1 2 4 8 32000 2
1 2 1 5 32000 2
1 2 4 0 32000 2
1 2 5 0 32000 2
1 2 6 1 32000 2
1 2 6 3 32000 2
1 2 8 7 32000 2
1 2 14 8 32500 2
1 2 13 6 32500 2
1 2 4 0 32500 2
1 2 11 4 32500 2
1 2 11 9 32500 2
1 2 10 5 32500 2
1 2 9 3 32500 2
1 2 8 3 32500 2
1 2 7 4 32500 2
1 2 4 0 32500 2
1 2 4 1 32500 2
1 2 3 8 32500 2
1 2 15 9 33000 2
1 2 14 8 33000 2
1 2 11 4 33000 2
1 2 10 5 33000 2
1 2 8 8 33000 2
1 2 6 0 33000 2
1 2 8 3 33000 2
1 2 8 2 33000 2
1 2 8 7 33000 2
1 2 7 9 33000 2
1 2 6 0 33000 2
1 2 6 2 33000 2
1 2 4 4 33000 2
1 2 3 8 33000 2
1 2 1 2 33000 2
1 2 8 4 33000 2
1 2 9 3 33500 2
1 2 14 9 33500 2
1 2 10 0 33500 2
1 2 10 4 33500 2
1 2 11 8 33500 2
1 2 11 7 33500 2
1 2 13 6 33500 2
1 2 14 3 33500 2
1 2 15 8 33500 2
1 2 15 4 33500 2
1 2 8 2 33500 2
1 2 8 9 33500 2
1 2 8 7 33500 2
1 2 8 7 33500 2
1 2 7 6 33500 2
1 2 6 2 33500 2
1 2 5 8 33500 2
1 2 3 4 33500 2
1 2 3 6 33500 2
1 2 8 3 33500 2
1 2 7 7 34000 2
1 2 12 5 34000 2
1 2 11 5 34000 2
1 2 8 0 34000 2
1 2 8 4 34000 2
1 2 5 6 34000 2
1 2 3 7 34000 2
1 2 3 8 34000 2
1 2 2 6 34000 2
1 2 2 3 34000 2
1 2 5 6 34000 2
1 2 8 6 34500 2
1 2 8 6 34500 2
1 2 8 5 34500 2
1 2 5 8 34500 2
1 2 3 5 34500 2
1 2 0 6 34500 2
1 2 15 3 35000 2
1 2 15 0 35000 2
1 2 15 0 35000 2
1 2 11 8 35000 2
1 2 11 0 35000 2
1 2 8 2 35000 2
1 2 4 0 35000 2
1 2 3 2 35000 2
1 2 2 9 35000 2
1 2 2 6 35000 2
1 2 6 4 35000 2
1 2 8 0 35500 2
1 2 15 9 35500 2
1 2 14 9 35500 2
1 2 13 5 35500 2
1 2 11 2 35500 2
1 2 7 3 35500 2
1 2 6 4 35500 2
1 2 5 8 35500 2
1 2 2 5 35500 2
1 2 2 2 35500 2
1 2 2 8 35500 2
1 2 15 4 36000 2
1 2 14 9 36000 2
1 2 13 9 36000 2
1 2 11 9 36000 2
1 2 11 8 36000 2
1 2 8 4 36000 2
1 2 5 4 36000 2
1 2 5 5 36000 2
1 2 4 4 36000 2
1 2 2 8 36000 2
1 2 1 2 36000 2
1 2 7 9 36000 2
1 2 8 7 36500 2
1 2 15 0 36500 2
1 2 13 9 36500 2
1 2 11 6 36500 2
1 2 8 3 36500 2
1 2 8 5 36500 2
1 2 8 9 36500 2
1 2 8 9 36500 2
1 2 8 4 36500 2
1 2 7 7 36500 2
1 2 0 1 36500 2
1 2 2 0 36500 2
1 2 3 5 36500 2
1 2 4 4 36500 2
1 2 5 8 36500 2
1 2 6 9 36500 2
1 2 6 1 36500 2
1 2 7 4 36500 2
1 2 15 8 37000 2
1 2 14 2 37000 2
1 2 12 8 37000 2
1 2 12 2 37000 2
1 2 12 7 37000 2
1 2 11 9 37000 2
1 2 8 8 37000 2
1 2 8 2 37000 2
1 2 8 4 37000 2
1 2 8 9 37000 2
1 2 2 2 37000 2
1 2 3 9 37000 2
1 2 4 6 37000 2
1 2 5 5 37000 2
1 2 6 5 37000 2
1 2 7 7 37000 2
1 2 7 9 37000 2
1 2 8 2 37500 2
1 2 15 0 37500 2
1 2 14 9 37500 2
1 2 12 4 37500 2
1 2 11 2 37500 2
1 2 11 4 37500 2
1 2 9 6 37500 2
1 2 8 3 37500 2
1 2 8 9 37500 2
1 2 8 9 37500 2
1 2 6 2 37500 2
1 2 4 4 37500 2
1 2 4 8 37500 2
1 2 3 9 37500 2
1 2 0 8 37500 2
1 2 4 4 38000 2
1 2 15 9 38000 2
1 2 12 6 38000 2
1 2 12 6 38000 2
1 2 11 7 38000 2
1 2 8 1 38000 2
1 2 8 4 38000 2
1 2 4 8 38000 2
1 2 4 1 38000 2
1 2 3 2 38000 2
1 2 1 0 38000 2
1 2 1 9 38000 2
1 2 5 4 38000 2
1 2 8 8 38500 2
1 2 15 9 38500 2
1 2 15 9 38500 2
1 2 12 1 38500 2
1 2 11 4 38500 2
1 2 11 0 38500 2
1 2 11 8 38500 2
1 2 10 7 38500 2
1 2 8 0 38500 2
1 2 8 7 38500 2
1 2 8 4 38500 2
1 2 7 8 38500 2
1 2 4 6 38500 2
1 2 3 4 38500 2
1 2 2 2 38500 2
1 2 1 2 38500 2
1 2 15 0 39000 2
1 2 14 8 39000 2
1 2 13 7 39000 2
1 2 11 8 39000 2
1 2 8 2 39000 2
1 2 7 5 39000 2
1 2 3 8 39000 2
1 2 3 8 39000 2
1 2 2 6 39000 2
1 2 2 8 39000 2
1 2 0 6 39000 2
1 2 7 5 39000 2
1 2 8 9 39500 2
1 2 14 4 39500 2
1 2 11 4 39500 2
1 2 10 1 39500 2
1 2 10 6 39500 2
1 2 10 7 39500 2
1 2 8 2 39500 2
1 2 6 3 39500 2
1 2 4 6 39500 2
1 2 3 9 39500 2
1 2 3 6 39500 2
1 2 2 0 39500 2
1 2 12 1 40000 2
1 2 14 0 40000 2
1 2 13 8 40000 2
1 2 12 6 40000 2
1 2 10 4 40000 2
1 2 8 8 40000 2
1 2 7 9 40000 2
1 2 5 7 40000 2
1 2 1 6 40000 2
1 2 4 6 40000 2
1 2 4 6 40000 2
1 2 2 8 40000 2
1 2 8 9 40000 2
1 2 7 4 40500 2
1 2 15 6 40500 2
1 2 15 6 40500 2
1 2 15 0 40500 2
1 2 15 4 40500 2
1 2 11 0 40500 2
1 2 9 3 40500 2
1 2 6 5 40500 2
1 2 5 6 40500 2
1 2 3 5 40500 2
1 2 2 9 40500 2
1 2 0 2 40500 2
1 2 0 0 40500 2
1 2 0 2 40500 2
1 2 0 8 40500 2
1 2 12 1 41000 2
1 2 13 1 41000 2
1 2 13 2 41000 2
1 2 12 7 41000 2
1 2 10 9 41000 2
1 2 10 4 41000 2
1 2 8 1 41000 2
1 2 7 2 41000 2
1 2 7 2 41000 2
1 2 7 1 41000 2
1 2 3 4 41000 2
1 2 4 2 41000 2
1 2 0 8 41000 2
1 2 5 7 41000 2
1 2 5 9 41000 2
1 2 6 3 41000 2
1 2 6 3 41000 2
1 2 7 4 41500 2
1 2 15 7 41500 2
1 2 13 5 41500 2
1 2 12 6 41500 2
1 2 10 9 41500 2
1 2 10 9 41500 2
1 2 10 8 41500 2
1 2 9 2 41500 2
1 2 7 3 41500 2
1 2 7 4 41500 2
1 2 6 1 41500 2
1 2 0 0 41500 2
1 2 0 8 41500 2
1 2 1 9 41500 2
1 2 2 2 41500 2
1 2 2 1 41500 2
1 2 3 8 41500 2
1 2 5 7 41500 2
1 2 5 2 41500 2
1 2 15 6 42000 2
1 2 15 2 42000 2
1 2 15 4 42000 2
1 2 12 1 42000 2
1 2 11 4 42000 2
1 2 6 5 42000 2
1 2 10 1 42000 2
1 2 10 7 42000 2
1 2 6 3 42000 2
1 2 4 4 42000 2
1 2 3 6 42000 2
1 2 1 6 42000 2
1 2 0 8 42000 2
1 2 0 8 42000 2
1 2 7 6 42000 2
1 2 10 5 42500 2
1 2 15 0 42500 2
1 2 15 1 42500 2
1 2 15 7 42500 2
1 2 12 8 42500 2
1 2 12 7 42500 2
1 2 11 1 42500 2
1 2 10 3 42500 2
1 2 6 9 42500 2
1 2 6 6 42500 2
1 2 5 2 42500 2
1 2 0 8 42500 2
1 2 0 1 42500 2
1 2 0 5 42500 2
1 2 10 8 42500 2
1 2 12 8 43000 2
1 2 12 4 43000 2
1 2 13 2 43000 2
1 2 15 2 43000 2
1 2 15 0 43000 2
1 2 15 7 43000 2
1 2 15 6 43000 2
1 2 15 9 43000 2
1 2 10 1 43000 2
1 2 11 0 43000 2
1 2 0 5 43000 2
1 2 0 8 43000 2
1 2 2 7 43000 2
1 2 6 3 43000 2
1 2 6 5 43000 2
1 2 6 9 43000 2
1 2 7 7 43000 2
1 2 10 9 43000 2
1 2 7 4 43500 2
1 2 15 4 43500 2
1 2 15 0 43500 2
1 2 15 7 43500 2
1 2 15 5 43500 2
1 2 14 9 43500 2
1 2 13 5 43500 2
1 2 8 9 43500 2
1 2 7 3 43500 2
1 2 6 9 43500 2
1 2 6 8 43500 2
1 2 5 0 43500 2
1 2 5 6 43500 2
1 2 4 2 43500 2
1 2 2 7 43500 2
1 2 0 8 43500 2
1 2 0 3 43500 2
1 2 0 8 44000 2
1 2 15 4 44000 2
1 2 13 2 44000 2
1 2 13 8 44000 2
1 2 12 4 44000 2
1 2 12 6 44000 2
1 2 12 1 44000 2
1 2 11 2 44000 2
1 2 5 3 44000 2
1 2 5 3 44000 2
1 2 5 1 44000 2
1 2 4 7 44000 2
1 2 3 9 44000 2
1 2 3 5 44000 2
1 2 2 7 44000 2
1 2 10 2 44000 2
1 2 9 8 44500 2
1 2 10 2 44500 2
1 2 10 9 44500 2
1 2 11 6 44500 2
1 2 12 7 44500 2
1 2 12 8 44500 2
1 2 13 3 44500 2
1 2 14 9 44500 2
1 2 14 8 44500 2
1 2 15 0 44500 2
1 2 11 6 44500 2
1 2 7 1 44500 2
1 2 8 6 44500 2
1 2 0 8 44500 2
1 2 2 2 44500 2
1 2 3 8 44500 2
1 2 3 7 44500 2
1 2 4 4 44500 2
1 2 4 1 44500 2
1 2 0 2 44500 2
1 2 5 0 44500 2
1 2 5 4 44500 2
1 2 7 4 44500 2
1 2 6 4 45000 2
1 2 15 3 45000 2
1 2 15 1 45000 2
1 2 14 8 45000 2
1 2 14 9 45000 2
1 2 14 9 45000 2
1 2 13 2 45000 2
1 2 12 2 45000 2
1 2 9 6 45000 2
1 2 7 5 45000 2
1 2 0 4 45000 2
1 2 0 3 45000 2
1 2 2 7 45000 2
1 2 3 7 45000 2
1 2 5 9 45000 2
1 2 5 8 45000 2
1 2 6 3 45000 2
1 2 8 3 45000 2
1 2 3 4 45500 2
1 2 15 7 45500 2
1 2 12 2 45500 2
1 2 11 6 45500 2
1 2 10 9 45500 2
1 2 9 1 45500 2
1 2 7 2 45500 2
1 2 7 5 45500 2
1 2 4 6 45500 2
1 2 4 1 45500 2
1 2 4 5 45500 2
1 2 3 2 45500 2
1 2 3 9 45500 2
1 2 3 8 45500 2
1 2 0 2 45500 2
1 2 4 7 45500 2
1 2 2 7 46000 2
1 2 14 2 46000 2
1 2 14 1 46000 2
1 2 10 9 46000 2
1 2 10 0 46000 2
1 2 6 4 46000 2
1 2 6 5 46000 2
1 2 6 3 46000 2
1 2 5 7 46000 2
1 2 4 9 46000 2
1 2 2 4 46000 2
1 2 1 5 46000 2
1 2 1 2 46000 2
1 2 0 1 46000 2
1 2 0 5 46000 2
1 2 12 1 46500 2
1 2 14 0 46500 2
1 2 15 1 46500 2
1 2 15 7 46500 2
1 2 15 5 46500 2
1 2 12 1 46500 2
1 2 11 4 46500 2
1 2 7 3 46500 2
1 2 7 0 46500 2
1 2 3 7 46500 2
1 2 3 7 46500 2
1 2 0 8 46500 2
1 2 12 6 46500 2
1 2 6 9 47000 2
1 2 14 0 47000 2
1 2 14 4 47000 2
1 2 14 4 47000 2
1 2 9 2 47000 2
1 2 5 5 47000 2
1 2 4 5 47000 2
1 2 4 8 47000 2
1 2 3 0 47000 2
1 2 2 7 47000 2
1 2 2 2 47000 2
1 2 0 8 47000 2
1 2 0 4 47000 2
1 2 6 9 47500 2
1 2 7 1 47500 2
1 2 8 6 47500 2
1 2 9 2 47500 2
1 2 11 3 47500 2
1 2 11 0 47500 2
1 2 15 1 47500 2
1 2 15 7 47500 2
1 2 15 1 47500 2
1 2 7 1 47500 2
1 2 1 3 47500 2
1 2 6 5 47500 2
1 2 1 9 47500 2
1 2 1 5 47500 2
1 2 5 9 47500 2
1 2 5 2 47500 2
1 2 5 9 47500 2
1 2 6 8 47500 2
1 2 0 6 47500 2
1 2 6 7 47500 2
1 2 6 6 48000 2
1 2 14 9 48000 2
1 2 13 2 48000 2
1 2 11 4 48000 2
1 2 10 6 48000 2
1 2 10 1 48000 2
1 2 7 7 48000 2
1 2 5 2 48000 2
1 2 4 1 48000 2
1 2 2 1 48000 2
1 2 1 3 48000 2
1 2 0 3 48000 2
1 2 0 9 48000 2
1 2 5 3 48000 2
1 2 7 5 48500 2
1 2 8 6 48500 2
1 2 8 8 48500 2
1 2 10 9 48500 2
1 2 11 7 48500 2
1 2 12 5 48500 2
1 2 13 0 48500 2
1 2 14 5 48500 2
1 2 15 8 48500 2
1 2 15 8 48500 2
1 2 6 8 48500 2
1 2 6 2 48500 2
1 2 5 5 48500 2
1 2 5 8 48500 2
1 2 4 3 48500 2
1 2 3 8 48500 2
1 2 3 4 48500 2
1 2 2 6 48500 2
1 2 2 8 48500 2
1 2 0 4 48500 2
1 2 0 2 48500 2
1 2 8 2 49000 2
1 2 15 0 49000 2
1 2 9 9 49000 2
1 2 10 3 49000 2
1 2 11 7 49000 2
1 2 12 7 49000 2
1 2 12 8 49000 2
1 2 12 5 49000 2
1 2 12 4 49000 2
1 2 13 4 49000 2
1 2 14 1 49000 2
1 2 15 3 49000 2
1 2 7 1 49000 2
1 2 8 0 49000 2
1 2 2 4 49000 2
1 2 2 6 49000 2
1 2 3 6 49000 2
1 2 3 4 49000 2
1 2 4 8 49000 2
1 2 4 5 49000 2
1 2 5 4 49000 2
1 2 5 8 49000 2
1 2 5 3 49000 2
1 2 6 3 49000 2
1 2 15 9 49500 2
1 2 14 9 49500 2
1 2 13 8 49500 2
1 2 12 5 49500 2
1 2 12 6 49500 2
1 2 11 8 49500 2
1 2 11 7 49500 2
1 2 10 6 49500 2
1 2 8 3 49500 2
1 2 5 9 49500 2
1 2 8 8 49500 2
1 2 5 9 49500 2
1 2 0 4 49500 2
1 2 0 8 49500 2
1 2 2 6 49500 2
1 2 3 8 49500 2
1 2 3 8 49500 2
1 2 4 2 49500 2
1 2 4 0 49500 2
1 2 5 3 49500 2
1 2 5 5 49500 2
1 2 6 7 49500 2
1 2 15 6 50000 2
1 2 3 4 50000 2
1 2 14 9 50000 2
1 2 14 7 50000 2
1 2 13 6 50000 2
1 2 12 2 50000 2
1 2 11 4 50000 2
1 2 11 3 50000 2
1 2 8 3 50000 2
1 2 8 7 50000 2
1 2 6 3 50000 2
1 2 5 5 50000 2
1 2 4 4 50000 2
1 2 3 8 50000 2
1 2 0 5 50000 2
1 2 8 8 50000 2
1 2 8 7 50500 2
1 2 13 5 50500 2
1 2 12 6 50500 2
1 2 11 0 50500 2
1 2 10 5 50500 2
1 2 10 7 50500 2
1 2 9 2 50500 2
1 2 8 4 50500 2
1 2 8 7 50500 2
1 2 6 8 50500 2
1 2 6 3 50500 2
1 2 4 6 50500 2
1 2 3 4 50500 2
1 2 1 4 50500 2
1 2 6 3 51000 2
1 2 15 1 51000 2
1 2 14 8 51000 2
1 2 13 1 51000 2
1 2 12 5 51000 2
1 2 11 4 51000 2
1 2 10 9 51000 2
1 2 9 5 51000 2
1 2 7 9 51000 2
1 2 0 5 51000 2
1 2 5 4 51000 2
1 2 6 5 51000 2
1 2 6 4 51000 2
1 2 7 9 51000 2
1 2 9 6 51000 2
1 2 13 3 51500 2
1 2 14 9 51500 2
1 2 14 8 51500 2
1 2 13 1 51500 2
1 2 13 6 51500 2
1 2 12 6 51500 2
1 2 11 0 51500 2
1 2 11 9 51500 2
1 2 11 4 51500 2
1 2 10 4 51500 2
1 2 9 7 51500 2
1 2 9 3 51500 2
1 2 6 1 51500 2
1 2 8 7 51500 2
1 2 0 3 51500 2
1 2 0 5 51500 2
1 2 1 7 51500 2
1 2 2 2 51500 2
1 2 2 0 51500 2
1 2 3 5 51500 2
1 2 3 4 51500 2
1 2 4 1 51500 2
1 2 4 6 51500 2
1 2 5 3 51500 2
1 2 7 7 52000 2
1 2 13 4 52000 2
1 2 13 4 52000 2
1 2 12 4 52000 2
1 2 11 4 52000 2
1 2 11 0 52000 2
1 2 11 4 52000 2
1 2 10 6 52000 2
1 2 9 3 52000 2
1 2 9 5 52000 2
1 2 8 9 52000 2
1 2 7 7 52000 2
1 2 6 4 52000 2
1 2 5 3 52000 2
1 2 4 8 52000 2
1 2 3 7 52000 2
1 2 5 5 52500 2
1 2 15 5 52500 2
1 2 12 1 52500 2
1 2 12 4 52500 2
1 2 10 4 52500 2
1 2 10 5 52500 2
1 2 9 5 52500 2
1 2 8 2 52500 2
1 2 5 9 52500 2
1 2 5 9 52500 2
1 2 2 8 52500 2
1 2 1 7 52500 2
1 2 0 6 52500 2
1 2 9 2 52500 2
1 2 10 3 53000 2
1 2 14 9 53000 2
1 2 13 9 53000 2
1 2 13 4 53000 2
1 2 13 4 53000 2
1 2 12 9 53000 2
1 2 11 4 53000 2
1 2 11 4 53000 2
1 2 8 8 53000 2
1 2 2 9 53000 2
1 2 4 3 53000 2
1 2 4 2 53000 2
1 2 4 0 53000 2
1 2 5 8 53000 2
1 2 5 9 53000 2
1 2 6 3 53000 2
1 2 9 5 53000 2
1 2 10 1 53500 2
1 2 15 1 53500 2
1 2 13 3 53500 2
1 2 13 6 53500 2
1 2 13 4 53500 2
1 2 10 8 53500 2
1 2 9 3 53500 2
1 2 8 2 53500 2
1 2 8 9 53500 2
1 2 8 2 53500 2
1 2 3 4 53500 2
1 2 4 1 53500 2
1 2 5 5 53500 2
1 2 7 4 53500 2
1 2 3 8 53500 2
1 2 7 9 53500 2
1 2 8 9 53500 2
1 2 5 3 54000 2
1 2 15 2 54000 2
1 2 14 2 54000 2
1 2 8 5 54000 2
1 2 7 3 54000 2
1 2 6 8 54000 2
1 2 6 2 54000 2
1 2 6 0 54000 2
1 2 4 9 54000 2
1 2 0 8 54000 2
1 2 1 7 54000 2
1 2 2 9 54000 2
1 2 3 8 54000 2
1 2 3 8 54000 2
1 2 4 3 54000 2
1 2 4 4 54000 2
1 2 5 4 54500 2
1 2 15 8 54500 2
1 2 15 8 54500 2
1 2 14 9 54500 2
1 2 14 5 54500 2
1 2 12 5 54500 2
1 2 12 6 54500 2
1 2 10 1 54500 2
1 2 7 5 54500 2
1 2 6 8 54500 2
1 2 2 8 54500 2
1 2 4 8 54500 2
1 2 4 0 54500 2
1 2 3 8 54500 2
1 2 3 4 54500 2
1 2 3 8 54500 2
1 2 6 3 54500 2
1 2 8 9 55000 2
1 2 12 6 55000 2
1 2 12 8 55000 2
1 2 11 3 55000 2
1 2 8 9 55000 2
1 2 8 4 55000 2
1 2 8 6 55000 2
1 2 6 1 55000 2
1 2 5 9 55000 2
1 2 4 2 55000 2
1 2 4 4 55000 2
1 2 0 2 55000 2
1 2 0 6 55000 2
1 2 6 4 55500 2
1 2 15 3 55500 2
1 2 15 9 55500 2
1 2 14 8 55500 2
1 2 13 2 55500 2
1 2 12 4 55500 2
1 2 10 3 55500 2
1 2 9 1 55500 2
1 2 7 5 55500 2
1 2 6 3 55500 2
1 2 6 6 55500 2
1 2 5 7 55500 2
1 2 5 5 55500 2
1 2 4 6 55500 2
1 2 3 8 55500 2
1 2 2 4 55500 2
1 2 7 8 56000 2
1 2 13 4 56000 2
1 2 8 3 56000 2
1 2 9 9 56000 2
1 2 10 6 56000 2
1 2 11 8 56000 2
1 2 11 0 56000 2
1 2 12 6 56000 2
1 2 13 4 56000 2
1 2 13 3 56000 2
1 2 6 4 56000 2
1 2 4 1 56000 2
1 2 4 4 56000 2
1 2 3 7 56000 2
1 2 2 2 56000 2
1 2 2 9 56000 2
1 2 1 7 56000 2
1 2 0 1 56000 2
1 2 0 5 56000 2
1 2 6 9 56000 2
1 2 6 8 56500 2
1 2 4 2 56500 2
1 2 6 3 56500 2
1 2 7 7 56500 2
1 2 7 5 56500 2
1 2 8 4 56500 2
1 2 9 5 56500 2
1 2 11 1 56500 2
1 2 12 1 56500 2
1 2 12 2 56500 2
1 2 14 3 56500 2
1 2 6 0 56500 2
1 2 5 8 56500 2
1 2 4 8 56500 2
1 2 3 9 56500 2
1 2 2 0 56500 2
1 2 2 7 56500 2
1 2 2 0 56500 2
1 2 1 9 56500 2
1 2 1 9 56500 2
1 2 0 2 56500 2
1 2 6 2 57000 2
1 2 7 9 57000 2
1 2 8 7 57000 2
1 2 8 0 57000 2
1 2 11 1 57000 2
1 2 11 5 57000 2
1 2 12 7 57000 2
1 2 12 6 57000 2
1 2 12 4 57000 2
1 2 12 4 57000 2
1 2 14 4 57000 2
1 2 14 8 57000 2
1 2 4 5 57000 2
1 2 5 9 57000 2
1 2 5 7 57000 2
1 2 2 7 57000 2
1 2 2 1 57000 2
1 2 3 5 57000 2
1 2 3 8 57000 2
1 2 4 5 57000 2
1 2 4 2 57000 2
1 2 1 5 57000 2
1 2 4 0 57000 2
1 2 5 5 57000 2
1 2 5 4 57000 2
1 2 4 7 57000 2
1 2 7 3 57500 2
1 2 7 3 57500 2
1 2 8 9 57500 2
1 2 8 8 57500 2
1 2 10 9 57500 2
1 2 11 4 57500 2
1 2 12 7 57500 2
1 2 12 8 57500 2
1 2 12 5 57500 2
1 2 12 6 57500 2
1 2 12 1 57500 2
1 2 6 0 57500 2
1 2 7 5 57500 2
1 2 1 5 57500 2
1 2 2 0 57500 2
1 2 2 9 57500 2
1 2 0 4 57500 2
1 2 2 2 57500 2
1 2 3 8 57500 2
1 2 3 4 57500 2
1 2 4 6 57500 2
1 2 4 3 57500 2
1 2 5 8 57500 2
1 2 15 2 58000 2
1 2 14 9 58000 2
1 2 13 7 58000 2
1 2 12 6 58000 2
1 2 12 9 58000 2
1 2 10 7 58000 2
1 2 10 8 58000 2
1 2 9 1 58000 2
1 2 6 0 58000 2
1 2 7 6 58000 2
1 2 6 2 58000 2
1 2 1 2 58000 2
1 2 2 5 58000 2
1 2 3 5 58000 2
1 2 3 4 58000 2
1 2 4 2 58000 2
1 2 4 5 58000 2
1 2 5 4 58000 2
1 2 5 7 58000 2
1 2 7 9 58000 2
1 2 15 3 58500 2
1 2 15 7 58500 2
1 2 3 2 58500 2
1 2 12 3 58500 2
1 2 12 3 58500 2
1 2 11 9 58500 2
1 2 10 6 58500 2
1 2 10 9 58500 2
1 2 6 3 58500 2
1 2 9 3 58500 2
1 2 1 9 58500 2
1 2 2 3 58500 2
1 2 4 1 58500 2
1 2 4 3 58500 2
1 2 5 9 58500 2
1 2 5 8 58500 2
1 2 15 6 59000 2
1 2 14 5 59000 2
1 2 13 9 59000 2
1 2 12 8 59000 2
1 2 12 9 59000 2
1 2 11 0 59000 2
1 2 11 4 59000 2
1 2 11 2 59000 2
1 2 11 3 59000 2
1 2 9 2 59000 2
1 2 10 7 59000 2
1 2 0 4 59000 2
1 2 2 3 59000 2
1 2 4 6 59000 2
1 2 4 2 59000 2
1 2 4 1 59000 2
1 2 5 6 59000 2
1 2 6 4 59000 2
1 2 7 9 59000 2
1 2 15 5 59500 2
1 2 14 3 59500 2
1 2 13 2 59500 2
1 2 12 6 59500 2
1 2 10 1 59500 2
1 2 10 9 59500 2
1 2 10 6 59500 2
1 2 6 2 59500 2
1 2 9 3 59500 2
1 2 7 9 59500 2
1 2 7 7 59500 2
1 2 6 0 59500 2
1 2 5 8 59500 2
1 2 5 3 59500 2
1 2 4 2 59500 2
1 2 3 9 59500 2
1 2 0 9 59500 2
1 2 0 2 59500 2
1 2 2 0 60000 2
1 2 15 6 60000 2
1 2 15 4 60000 2
1 2 8 7 60000 2
1 2 7 1 60000 2
1 2 6 3 60000 2
1 2 6 4 60000 2
1 2 5 5 60000 2
1 2 4 6 60000 2
1 2 4 7 60000 2
1 2 4 8 60000 2
1 2 3 4 60000 2
1 2 5 7 60000 2
1 2 6 0 60500 2
1 2 15 2 60500 2
1 2 7 1 60500 2
1 2 7 5 60500 2
1 2 6 1 60500 2
1 2 6 5 60500 2
1 2 6 8 60500 2
1 2 5 3 60500 2
1 2 4 7 60500 2
1 2 4 7 60500 2
1 2 2 9 60500 2
1 2 2 2 60500 2
1 2 2 6 60500 2
1 2 0 9 60500 2
1 2 9 5 61000 2
1 2 13 5 61000 2
1 2 13 9 61000 2
1 2 12 6 61000 2
1 2 12 1 61000 2
1 2 10 1 61000 2
1 2 10 1 61000 2
1 2 8 9 61000 2
1 2 7 9 61000 2
1 2 0 3 61000 2
1 2 6 3 61000 2
1 2 0 8 61000 2
1 2 1 9 61000 2
1 2 2 6 61000 2
1 2 2 9 61000 2
1 2 2 0 61000 2
1 2 0 9 61000 2
1 2 4 4 61000 2
1 2 6 0 61000 2
1 2 6 8 61500 2
1 2 12 4 61500 2
1 2 12 4 61500 2
1 2 10 7 61500 2
1 2 10 2 61500 2
1 2 9 3 61500 2
1 2 7 8 61500 2
1 2 5 3 61500 2
1 2 4 4 61500 2
1 2 4 9 61500 2
1 2 4 1 61500 2
1 2 4 4 61500 2
1 2 3 0 61500 2
1 2 1 6 61500 2
1 2 5 9 61500 2
1 2 10 5 62000 2
1 2 10 9 62000 2
1 2 10 8 62000 2
1 2 12 4 62000 2
1 2 12 3 62000 2
1 2 12 2 62000 2
1 2 12 4 62000 2
1 2 13 8 62000 2
1 2 13 5 62000 2
1 2 14 3 62000 2
1 2 6 3 62000 2
1 2 7 8 62000 2
1 2 9 3 62000 2
1 2 2 7 62000 2
1 2 2 0 62000 2
1 2 3 5 62000 2
1 2 4 6 62000 2
1 2 5 9 62000 2
1 2 6 8 62000 2
1 2 0 9 62000 2
1 2 6 7 62000 2
1 2 7 8 62500 2
1 2 14 4 62500 2
1 2 14 8 62500 2
1 2 13 9 62500 2
1 2 13 4 62500 2
1 2 12 1 62500 2
1 2 12 9 62500 2
1 2 11 5 62500 2
1 2 11 0 62500 2
1 2 6 2 62500 2
1 2 0 8 62500 2
1 2 1 4 62500 2
1 2 2 2 62500 2
1 2 2 9 62500 2
1 2 3 5 62500 2
1 2 5 3 62500 2
1 2 5 7 62500 2
1 2 15 6 63000 2
1 2 2 9 63000 2
1 2 14 4 63000 2
1 2 13 9 63000 2
1 2 13 6 63000 2
1 2 12 8 63000 2
1 2 12 8 63000 2
1 2 12 9 63000 2
1 2 12 1 63000 2
1 2 11 0 63000 2
1 2 10 9 63000 2
1 2 7 3 63000 2
1 2 6 7 63000 2
1 2 4 8 63000 2
1 2 4 2 63000 2
1 2 4 8 63000 2
1 2 4 8 63000 2
1 2 3 5 63000 2
1 2 1 3 63000 2
1 2 11 1 63000 2
1 2 11 2 63500 2
1 2 12 8 63500 2
1 2 12 2 63500 2
1 2 12 1 63500 2
1 2 12 6 63500 2
1 2 12 4 63500 2
1 2 12 4 63500 2
1 2 13 5 63500 2
1 2 1 6 63500 2
1 2 14 2 63500 2
1 2 4 8 63500 2
1 2 6 4 63500 2
1 2 0 8 63500 2
1 2 1 7 63500 2
1 2 2 2 63500 2
1 2 2 1 63500 2
1 2 2 0 63500 2
1 2 3 8 63500 2
1 2 4 7 63500 2
1 2 7 5 64000 2
1 2 13 5 64000 2
1 2 12 2 64000 2
1 2 11 7 64000 2
1 2 11 7 64000 2
1 2 10 7 64000 2
1 2 9 9 64000 2
1 2 8 9 64000 2
1 2 6 3 64000 2
1 2 5 9 64000 2
1 2 4 9 64000 2
1 2 4 5 64000 2
1 2 2 7 64000 2
1 2 2 3 64000 2
1 2 1 6 64000 2
1 2 0 3 64500 2
1 2 14 9 64500 2
1 2 13 9 64500 2
1 2 13 7 64500 2
1 2 11 9 64500 2
1 2 11 0 64500 2
1 2 10 6 64500 2
1 2 8 0 64500 2
1 2 7 9 64500 2
1 2 6 8 64500 2
1 2 5 8 64500 2
1 2 4 1 64500 2
1 2 3 9 64500 2
1 2 2 8 64500 2
1 2 2 6 64500 2
1 2 1 4 64500 2
1 2 13 1 65000 2
1 2 12 5 65000 2
1 2 11 9 65000 2
1 2 10 6 65000 2
1 2 9 2 65000 2
1 2 7 1 65000 2
1 2 6 1 65000 2
1 2 5 9 65000 2
1 2 4 6 65000 2
1 2 4 8 65000 2
1 2 0 8 65000 2
1 2 0 4 65000 2
1 2 1 6 65000 2
1 2 1 2 65000 2
1 2 2 5 65000 2
1 2 2 5 65000 2
1 2 15 6 65500 2
1 2 15 0 65500 2
1 2 13 2 65500 2
1 2 13 5 65500 2
1 2 13 8 65500 2
1 2 12 8 65500 2
1 2 12 6 65500 2
1 2 11 1 65500 2
1 2 10 8 65500 2
1 2 10 6 65500 2
1 2 10 9 65500 2
1 2 1 2 65500 2
1 2 8 8 65500 2
1 2 1 3 65500 2
1 2 3 6 65500 2
1 2 3 4 65500 2
1 2 4 6 65500 2
1 2 4 6 65500 2
1 2 5 2 65500 2
1 2 6 8 65500 2
1 2 7 3 65500 2
1 2 8 2 65500 2
1 2 9 3 66000 2
1 2 15 6 66000 2
1 2 15 8 66000 2
1 2 13 5 66000 2
1 2 12 6 66000 2
1 2 11 7 66000 2
1 2 11 0 66000 2
1 2 11 7 66000 2
1 2 11 6 66000 2
1 2 8 2 66000 2
1 2 7 9 66000 2
1 2 7 5 66000 2
1 2 7 0 66000 2
1 2 2 9 66000 2
1 2 2 9 66000 2
1 2 1 0 66000 2
1 2 0 1 66000 2
1 2 11 7 66000 2
1 2 11 4 66500 2
1 2 11 9 66500 2
1 2 11 1 66500 2
1 2 12 6 66500 2
1 2 12 6 66500 2
1 2 13 8 66500 2
1 2 15 3 66500 2
1 2 15 6 66500 2
1 2 15 9 66500 2
1 2 10 2 66500 2
1 2 11 6 66500 2
1 2 0 3 66500 2
1 2 0 1 66500 2
1 2 4 2 66500 2
1 2 5 3 66500 2
1 2 5 0 66500 2
1 2 5 6 66500 2
1 2 7 5 66500 2
1 2 9 6 66500 2
1 2 8 8 67000 2
1 2 15 2 67000 2
1 2 15 6 67000 2
1 2 15 9 67000 2
1 2 15 0 67000 2
1 2 14 2 67000 2
1 2 14 0 67000 2
1 2 12 8 67000 2
1 2 10 6 67000 2
1 2 8 2 67000 2
1 2 7 4 67000 2
1 2 7 2 67000 2
1 2 5 9 67000 2
1 2 3 5 67000 2
1 2 2 7 67000 2
1 2 1 3 67000 2
1 2 0 8 67000 2
1 2 0 2 67000 2
1 2 0 3 67000 2
1 2 10 9 67500 2
1 2 10 8 67500 2
1 2 11 6 67500 2
1 2 11 6 67500 2
1 2 11 7 67500 2
1 2 12 2 67500 2
1 2 13 8 67500 2
1 2 15 0 67500 2
1 2 15 7 67500 2
1 2 15 6 67500 2
1 2 9 6 67500 2
1 2 8 2 67500 2
1 2 3 8 67500 2
1 2 4 6 67500 2
1 2 4 6 67500 2
1 2 4 9 67500 2
1 2 4 4 67500 2
1 2 6 3 67500 2
1 2 6 0 67500 2
1 2 8 9 67500 2
1 2 8 8 67500 2
1 2 8 2 68000 2
1 2 15 5 68000 2
1 2 15 0 68000 2
1 2 12 5 68000 2
1 2 12 5 68000 2
1 2 11 4 68000 2
1 2 11 0 68000 2
1 2 7 1 68000 2
1 2 5 5 68000 2
1 2 4 6 68000 2
1 2 4 6 68000 2
1 2 4 1 68000 2
1 2 3 6 68000 2
1 2 3 4 68000 2
1 2 2 8 68000 2
1 2 6 6 68000 2
1 2 15 0 68500 2
1 2 11 5 68500 2
1 2 11 9 68500 2
1 2 11 4 68500 2
1 2 11 8 68500 2
1 2 11 7 68500 2
1 2 12 1 68500 2
1 2 12 6 68500 2
1 2 13 8 68500 2
1 2 14 8 68500 2
1 2 15 0 68500 2
1 2 0 5 68500 2
1 2 9 9 68500 2
1 2 10 5 68500 2
1 2 1 0 68500 2
1 2 3 7 68500 2
1 2 4 6 68500 2
1 2 4 0 68500 2
1 2 6 4 68500 2
1 2 7 6 68500 2
1 2 8 2 68500 2
1 2 8 9 68500 2
1 2 8 8 68500 2
1 2 8 9 69000 2
1 2 13 9 69000 2
1 2 12 5 69000 2
1 2 11 0 69000 2
1 2 11 8 69000 2
1 2 11 9 69000 2
1 2 11 0 69000 2
1 2 9 2 69000 2
1 2 8 9 69000 2
1 2 7 7 69000 2
1 2 5 4 69000 2
1 2 5 4 69000 2
1 2 4 6 69000 2
1 2 3 9 69000 2
1 2 1 4 69000 2
1 2 11 2 69500 2
1 2 1 7 69500 2
1 2 11 0 69500 2
1 2 11 9 69500 2
1 2 11 7 69500 2
1 2 12 8 69500 2
1 2 13 5 69500 2
1 2 13 7 69500 2
1 2 13 8 69500 2
1 2 14 8 69500 2
1 2 15 9 69500 2
1 2 8 9 69500 2
1 2 0 8 69500 2
1 2 3 1 69500 2
1 2 3 2 69500 2
1 2 4 7 69500 2
1 2 4 6 69500 2
1 2 5 8 69500 2
1 2 6 4 69500 2
1 2 7 4 69500 2
1 2 10 8 69500 2
1 2 0 9 70000 2
1 2 15 8 70000 2
1 2 14 7 70000 2
1 2 14 7 70000 2
1 2 13 6 70000 2
1 2 12 5 70000 2
1 2 12 6 70000 2
1 2 11 6 70000 2
1 2 12 7 70000 2
1 2 1 1 70000 2
1 2 4 5 70000 2
1 2 6 1 70000 2
1 2 9 3 70000 2
1 2 5 2 70000 2
1 2 11 7 70500 2
1 2 15 6 70500 2
1 2 14 8 70500 2
1 2 14 4 70500 2
1 2 12 6 70500 2
1 2 11 6 70500 2
1 2 11 9 70500 2
1 2 11 2 70500 2
1 2 10 6 70500 2
1 2 9 7 70500 2
1 2 9 0 70500 2
1 2 8 9 70500 2
1 2 10 6 70500 2
1 2 8 2 70500 2
1 2 5 9 70500 2
1 2 4 2 70500 2
1 2 2 9 70500 2
1 2 1 2 70500 2
1 2 10 1 71000 2
1 2 11 1 71000 2
1 2 11 9 71000 2
1 2 11 8 71000 2
1 2 11 0 71000 2
1 2 12 6 71000 2
1 2 15 9 71000 2
1 2 15 9 71000 2
1 2 15 9 71000 2
1 2 15 4 71000 2
1 2 7 4 71000 2
1 2 10 8 71000 2
1 2 10 8 71000 2
1 2 0 2 71000 2
1 2 1 3 71000 2
1 2 3 6 71000 2
1 2 4 2 71000 2
1 2 5 1 71000 2
1 2 6 3 71000 2
1 2 8 7 71000 2
1 2 8 1 71000 2
1 2 9 2 71000 2
1 2 8 2 71500 2
1 2 9 0 71500 2
1 2 10 2 71500 2
1 2 11 9 71500 2
1 2 12 6 71500 2
1 2 13 5 71500 2
1 2 13 2 71500 2
1 2 13 5 71500 2
1 2 13 5 71500 2
1 2 14 5 71500 2
1 2 14 7 71500 2
1 2 15 3 71500 2
1 2 8 9 71500 2
1 2 8 7 71500 2
1 2 0 4 71500 2
1 2 1 5 71500 2
1 2 2 9 71500 2
1 2 3 8 71500 2
1 2 4 1 71500 2
1 2 4 5 71500 2
1 2 4 8 71500 2
1 2 5 3 71500 2
1 2 5 5 71500 2
1 2 7 7 71500 2
1 2 15 4 72000 2
1 2 15 9 72000 2
1 2 13 6 72000 2
1 2 13 6 72000 2
1 2 13 7 72000 2
1 2 12 6 72000 2
1 2 11 2 72000 2
1 2 10 8 72000 2
1 2 8 3 72000 2
1 2 7 4 72000 2
1 2 8 9 72000 2
1 2 0 2 72000 2
1 2 1 5 72000 2
1 2 3 8 72000 2
1 2 3 8 72000 2
1 2 3 4 72000 2
1 2 4 1 72000 2
1 2 5 8 72000 2
1 2 5 0 72000 2
1 2 15 8 72500 2
1 2 12 4 72500 2
1 2 11 4 72500 2
1 2 11 9 72500 2
1 2 10 7 72500 2
1 2 10 9 72500 2
1 2 9 9 72500 2
1 2 8 7 72500 2
1 2 5 9 72500 2
1 2 3 8 72500 2
1 2 2 2 72500 2
1 2 2 7 72500 2
1 2 1 4 72500 2
1 2 0 6 72500 2
1 2 0 3 72500 2
1 2 7 8 72500 2
1 2 8 9 73000 2
1 2 8 3 73000 2
1 2 10 0 73000 2
1 2 10 7 73000 2
1 2 11 7 73000 2
1 2 11 6 73000 2
1 2 11 0 73000 2
1 2 4 4 73000 2
1 2 11 7 73000 2
1 2 12 2 73000 2
1 2 14 9 73000 2
1 2 15 7 73000 2
1 2 7 1 73000 2
1 2 7 4 73000 2
1 2 0 7 73000 2
1 2 1 9 73000 2
1 2 2 9 73000 2
1 2 4 5 73000 2
1 2 5 9 73000 2
1 2 6 0 73000 2
1 2 6 4 73000 2
1 2 6 3 73000 2
1 2 7 7 73000 2
1 2 5 9 73000 2
1 2 6 9 73500 2
1 2 8 0 73500 2
1 2 6 4 73500 2
1 2 7 5 73500 2
1 2 8 9 73500 2
1 2 8 3 73500 2
1 2 10 5 73500 2
1 2 11 0 73500 2
1 2 11 4 73500 2
1 2 13 5 73500 2
1 2 14 4 73500 2
1 2 15 1 73500 2
1 2 15 9 73500 2
1 2 1 3 73500 2
1 2 0 4 73500 2
1 2 0 2 73500 2
1 2 0 4 73500 2
1 2 1 2 73500 2
1 2 1 4 73500 2
1 2 2 5 73500 2
1 2 2 9 73500 2
1 2 3 4 73500 2
1 2 6 1 73500 2
1 2 3 4 73500 2
1 2 4 7 73500 2
1 2 5 0 73500 2
1 2 6 6 73500 2
1 2 9 6 74000 2
1 2 10 7 74000 2
1 2 10 9 74000 2
1 2 10 4 74000 2
1 2 10 3 74000 2
1 2 11 8 74000 2
1 2 11 9 74000 2
1 2 12 3 74000 2
1 2 13 9 74000 2
1 2 13 6 74000 2
1 2 14 3 74000 2
1 2 15 2 74000 2
1 2 15 6 74000 2
1 2 15 9 74000 2
1 2 13 6 74000 2
1 2 7 9 74000 2
1 2 8 8 74000 2
1 2 0 8 74000 2
1 2 1 4 74000 2
1 2 2 6 74000 2
1 2 2 6 74000 2
1 2 3 4 74000 2
1 2 3 4 74000 2
1 2 4 4 74000 2
1 2 4 9 74000 2
1 2 5 4 74000 2
1 2 5 8 74000 2
1 2 6 9 74000 2
1 2 6 2 74000 2
1 2 3 4 74000 2
1 2 8 9 74500 2
1 2 8 6 74500 2
1 2 8 8 74500 2
1 2 9 6 74500 2
1 2 10 8 74500 2
1 2 10 3 74500 2
1 2 10 9 74500 2
1 2 11 7 74500 2
1 2 11 4 74500 2
1 2 12 5 74500 2
1 2 12 4 74500 2
1 2 13 9 74500 2
1 2 13 5 74500 2
1 2 14 0 74500 2
1 2 14 1 74500 2
1 2 7 5 74500 2
1 2 7 9 74500 2
1 2 1 2 74500 2
1 2 1 7 74500 2
1 2 2 9 74500 2
1 2 2 6 74500 2
1 2 3 7 74500 2
1 2 4 7 74500 2
1 2 4 9 74500 2
1 2 4 8 74500 2
1 2 5 3 74500 2
1 2 5 9 74500 2
1 2 5 4 74500 2
1 2 6 2 74500 2
1 2 6 3 74500 2
1 2 6 7 74500 2
1 2 8 2 75000 2
1 2 8 8 75000 2
1 2 8 7 75000 2
1 2 9 0 75000 2
1 2 9 5 75000 2
1 2 10 8 75000 2
1 2 10 9 75000 2
1 2 11 7 75000 2
1 2 11 0 75000 2
1 2 11 9 75000 2
1 2 11 4 75000 2
1 2 12 2 75000 2
1 2 12 6 75000 2
1 2 12 5 75000 2
1 2 13 6 75000 2
1 2 13 1 75000 2
1 2 14 8 75000 2
1 2 6 9 75000 2
1 2 7 9 75000 2
1 2 0 4 75000 2
1 2 0 6 75000 2
1 2 1 3 75000 2
1 2 2 6 75000 2
1 2 3 9 75000 2
1 2 3 2 75000 2
1 2 4 5 75000 2
1 2 4 7 75000 2
1 2 5 3 75000 2
1 2 5 8 75000 2
1 2 6 0 75000 2
1 2 6 3 75000 2
1 2 6 4 75000 2
1 2 6 4 75000 2
1 2 4 8 75000 2
1 2 8 2 75500 2
1 2 10 9 75500 2
1 2 10 9 75500 2
1 2 10 5 75500 2
1 2 12 7 75500 2
1 2 12 4 75500 2
1 2 13 4 75500 2
1 2 13 3 75500 2
1 2 14 1 75500 2
1 2 15 8 75500 2
1 2 15 9 75500 2
1 2 6 9 75500 2
1 2 7 3 75500 2
1 2 1 9 75500 2
1 2 2 2 75500 2
1 2 2 2 75500 2
1 2 3 2 75500 2
1 2 3 1 75500 2
1 2 4 6 75500 2
1 2 5 7 75500 2
1 2 6 0 75500 2
1 2 6 4 75500 2
1 2 7 5 75500 2
1 2 8 0 75500 2
1 2 11 4 76000 2
1 2 15 2 76000 2
1 2 15 9 76000 2
1 2 12 4 76000 2
1 2 11 4 76000 2
1 2 11 0 76000 2
1 2 10 3 76000 2
1 2 10 7 76000 2
1 2 10 7 76000 2
1 2 9 0 76000 2
1 2 8 8 76000 2
1 2 8 2 76000 2
1 2 8 7 76000 2
1 2 1 9 76000 2
1 2 4 7 76000 2
1 2 4 5 76000 2
1 2 5 3 76000 2
1 2 6 4 76000 2
1 2 6 7 76000 2
1 2 7 9 76000 2
1 2 7 2 76000 2
1 2 8 4 76000 2
1 2 8 2 76500 2
1 2 15 8 76500 2
1 2 15 2 76500 2
1 2 15 9 76500 2
1 2 14 2 76500 2
1 2 12 8 76500 2
1 2 11 6 76500 2
1 2 11 7 76500 2
1 2 10 6 76500 2
1 2 10 2 76500 2
1 2 10 9 76500 2
1 2 8 0 76500 2
1 2 0 8 76500 2
1 2 0 6 76500 2
1 2 0 3 76500 2
1 2 2 5 76500 2
1 2 3 4 76500 2
1 2 4 8 76500 2
1 2 4 0 76500 2
1 2 5 8 76500 2
1 2 8 6 76500 2
1 2 3 2 76500 2
1 2 7 4 77000 2
1 2 8 7 77000 2
1 2 8 4 77000 2
1 2 8 8 77000 2
1 2 9 0 77000 2
1 2 9 1 77000 2
1 2 11 4 77000 2
1 2 12 5 77000 2
1 2 12 6 77000 2
1 2 15 7 77000 2
1 2 15 1 77000 2
1 2 2 7 77000 2
1 2 5 9 77000 2
1 2 2 7 77000 2
1 2 3 5 77000 2
1 2 3 9 77000 2
1 2 3 2 77000 2
1 2 4 7 77000 2
1 2 5 8 77000 2
1 2 5 8 77000 2
1 2 5 8 77000 2
1 2 5 8 77000 2
1 2 6 9 77000 2
1 2 14 7 77500 2
1 2 13 0 77500 2
1 2 13 8 77500 2
1 2 13 6 77500 2
1 2 12 8 77500 2
1 2 12 6 77500 2
1 2 12 7 77500 2
1 2 10 7 77500 2
1 2 9 7 77500 2
1 2 8 2 77500 2
1 2 6 7 77500 2
1 2 7 7 77500 2
1 2 0 4 77500 2
1 2 0 8 77500 2
1 2 2 2 77500 2
1 2 3 8 77500 2
1 2 3 6 77500 2
1 2 5 4 77500 2
1 2 5 3 77500 2
1 2 6 6 77500 2
1 2 6 3 77500 2
1 2 6 8 78000 2
1 2 15 9 78000 2
1 2 15 9 78000 2
1 2 14 8 78000 2
1 2 12 3 78000 2
1 2 8 3 78000 2
1 2 8 0 78000 2
1 2 8 9 78000 2
1 2 7 7 78000 2
1 2 5 3 78000 2
1 2 4 5 78000 2
1 2 0 8 78000 2
1 2 1 2 78000 2
1 2 1 5 78000 2
1 2 1 2 78000 2
1 2 2 9 78000 2
1 2 2 7 78000 2
1 2 3 4 78000 2
1 2 3 8 78000 2
1 2 3 4 78000 2
1 2 5 3 78000 2
1 2 8 3 78500 2
1 2 9 7 78500 2
1 2 10 8 78500 2
1 2 11 3 78500 2
1 2 11 0 78500 2
1 2 11 4 78500 2
1 2 12 7 78500 2
1 2 12 2 78500 2
1 2 13 6 78500 2
1 2 13 1 78500 2
1 2 14 5 78500 2
1 2 15 6 78500 2
1 2 15 9 78500 2
1 2 15 0 78500 2
1 2 3 9 78500 2
1 2 7 7 78500 2
1 2 1 3 78500 2
1 2 1 4 78500 2
1 2 2 8 78500 2
1 2 3 5 78500 2
1 2 3 2 78500 2
1 2 3 4 78500 2
1 2 4 8 78500 2
1 2 4 9 78500 2
1 2 5 6 78500 2
1 2 5 9 78500 2
1 2 5 3 78500 2
1 2 7 8 78500 2
1 2 8 9 78500 2
1 2 10 9 79000 2
1 2 10 5 79000 2
1 2 11 8 79000 2
1 2 11 4 79000 2
1 2 11 4 79000 2
1 2 12 4 79000 2
1 2 12 8 79000 2
1 2 12 6 79000 2
1 2 12 5 79000 2
1 2 12 6 79000 2
1 2 14 0 79000 2
1 2 14 7 79000 2
1 2 1 9 79000 2
1 2 7 4 79000 2
1 2 8 7 79000 2
1 2 0 5 79000 2
1 2 2 9 79000 2
1 2 2 8 79000 2
1 2 3 4 79000 2
1 2 3 5 79000 2
1 2 3 4 79000 2
1 2 5 5 79000 2
1 2 5 9 79000 2
1 2 5 9 79000 2
1 2 5 3 79000 2
1 2 3 8 79000 2
1 2 7 5 79500 2
1 2 8 8 79500 2
1 2 10 8 79500 2
1 2 10 9 79500 2
1 2 10 6 79500 2
1 2 11 9 79500 2
1 2 11 6 79500 2
1 2 12 8 79500 2
1 2 13 6 79500 2
1 2 13 5 79500 2
1 2 14 0 79500 2
1 2 14 7 79500 2
1 2 15 3 79500 2
1 2 6 1 79500 2
1 2 0 4 79500 2
1 2 0 8 79500 2
1 2 1 9 79500 2
1 2 1 0 79500 2
1 2 2 2 79500 2
1 2 3 9 79500 2
1 2 4 0 79500 2
1 2 4 7 79500 2
1 2 5 8 79500 2
1 2 6 2 79500 2
1 2 8 4 79500 2
1 2 3 3 79500 2
1 2 6 7 80000 2
1 2 8 9 80000 2
1 2 8 7 80000 2
1 2 8 2 80000 2
1 2 10 8 80000 2
1 2 11 4 80000 2
1 2 11 4 80000 2
1 2 12 5 80000 2
1 2 13 5 80000 2
1 2 13 1 80000 2
1 2 15 2 80000 2
1 2 8 7 80000 2
1 2 5 4 80000 2
1 2 5 9 80000 2
1 2 1 8 80000 2
1 2 1 7 80000 2
1 2 2 2 80000 2
1 2 3 7 80000 2
1 2 3 5 80000 2
1 2 4 0 80000 2
1 2 4 3 80000 2
1 2 4 6 80000 2
1 2 5 5 80000 2
1 2 0 8 80000 2
1 2 3 2 80000 2
1 2 10 5 80500 2
1 2 10 9 80500 2
1 2 10 8 80500 2
1 2 11 2 80500 2
1 2 11 0 80500 2
1 2 11 6 80500 2
1 2 13 4 80500 2
1 2 13 4 80500 2
1 2 14 9 80500 2
1 2 14 5 80500 2
1 2 15 6 80500 2
1 2 15 5 80500 2
1 2 14 2 80500 2
1 2 8 3 80500 2
1 2 8 2 80500 2
1 2 0 7 80500 2
1 2 1 2 80500 2
1 2 3 2 80500 2
1 2 4 6 80500 2
1 2 0 5 80500 2
1 2 4 8 80500 2
1 2 5 2 80500 2
1 2 5 8 80500 2
1 2 6 2 80500 2
1 2 7 2 80500 2
1 2 8 7 80500 2
1 2 5 9 80500 2
1 2 11 1 81000 2
1 2 11 6 81000 2
1 2 8 2 81000 2
1 2 11 2 81000 2
1 2 11 4 81000 2
1 2 13 3 81000 2
1 2 14 5 81000 2
1 2 14 4 81000 2
1 2 14 0 81000 2
1 2 15 5 81000 2
1 2 15 9 81000 2
1 2 9 7 81000 2
1 2 0 5 81000 2
1 2 2 5 81000 2
1 2 4 1 81000 2
1 2 4 8 81000 2
1 2 5 9 81000 2
1 2 5 3 81000 2
1 2 5 2 81000 2
1 2 8 7 81000 2
1 2 9 6 81000 2
1 2 10 0 81000 2
1 2 15 6 81500 2
1 2 15 5 81500 2
1 2 2 8 81500 2
1 2 15 2 81500 2
1 2 14 8 81500 2
1 2 13 5 81500 2
1 2 12 4 81500 2
1 2 11 0 81500 2
1 2 9 2 81500 2
1 2 5 9 81500 2
1 2 5 2 81500 2
1 2 4 1 81500 2
1 2 3 5 81500 2
1 2 2 4 81500 2
1 2 1 0 81500 2
1 2 0 3 81500 2
1 2 8 7 81500 2
1 2 10 5 82000 2
1 2 10 7 82000 2
1 2 10 6 82000 2
1 2 10 7 82000 2
1 2 11 0 82000 2
1 2 11 0 82000 2
1 2 11 9 82000 2
1 2 11 7 82000 2
1 2 14 0 82000 2
1 2 14 8 82000 2
1 2 9 1 82000 2
1 2 8 0 82000 2
1 2 8 5 82000 2
1 2 7 5 82000 2
1 2 6 1 82000 2
1 2 5 9 82000 2
1 2 4 7 82000 2
1 2 2 2 82000 2
1 2 1 0 82000 2
1 2 0 8 82000 2
1 2 0 3 82000 2
1 2 10 6 82500 2
1 2 11 0 82500 2
1 2 11 1 82500 2
1 2 12 6 82500 2
1 2 13 3 82500 2
1 2 13 2 82500 2
1 2 14 5 82500 2
1 2 14 7 82500 2
1 2 15 6 82500 2
1 2 0 1 82500 2
1 2 8 0 82500 2
1 2 8 7 82500 2
1 2 8 7 82500 2
1 2 7 3 82500 2
1 2 5 1 82500 2
1 2 5 0 82500 2
1 2 4 1 82500 2
1 2 2 6 82500 2
1 2 10 0 82500 2
1 2 11 3 83000 2
1 2 11 8 83000 2
1 2 11 4 83000 2
1 2 14 5 83000 2
1 2 14 9 83000 2
1 2 14 7 83000 2
1 2 15 5 83000 2
1 2 15 0 83000 2
1 2 15 4 83000 2
1 2 2 7 83000 2
1 2 11 8 83000 2
1 2 11 9 83000 2
1 2 1 7 83000 2
1 2 0 6 83000 2
1 2 4 1 83000 2
1 2 5 8 83000 2
1 2 5 4 83000 2
1 2 7 2 83000 2
1 2 10 0 83000 2
1 2 5 5 83000 2
1 2 13 5 83500 2
1 2 15 0 83500 2
1 2 15 2 83500 2
1 2 15 2 83500 2
1 2 15 0 83500 2
1 2 11 1 83500 2
1 2 10 8 83500 2
1 2 10 0 83500 2
1 2 9 1 83500 2
1 2 8 0 83500 2
1 2 8 7 83500 2
1 2 0 6 83500 2
1 2 0 3 83500 2
1 2 2 8 83500 2
1 2 3 8 83500 2
1 2 4 7 83500 2
1 2 8 4 83500 2
1 2 7 2 83500 2
1 2 7 3 83500 2
1 2 7 3 83500 2
1 2 8 7 83500 2
1 2 11 3 84000 2
1 2 11 2 84000 2
1 2 11 0 84000 2
1 2 11 1 84000 2
1 2 12 8 84000 2
1 2 12 6 84000 2
1 2 12 6 84000 2
1 2 13 3 84000 2
1 2 13 3 84000 2
1 2 14 4 84000 2
1 2 14 9 84000 2
1 2 14 0 84000 2
1 2 15 2 84000 2
1 2 15 4 84000 2
1 2 8 2 84000 2
1 2 10 4 84000 2
1 2 0 3 84000 2
1 2 2 8 84000 2
1 2 4 5 84000 2
1 2 5 8 84000 2
1 2 5 3 84000 2
1 2 5 4 84000 2
1 2 6 3 84000 2
1 2 7 0 84000 2
1 2 7 3 84000 2
1 2 9 9 84000 2
1 2 9 0 84000 2
1 2 10 9 84000 2
1 2 10 6 84000 2
1 2 11 9 84000 2
1 2 9 2 84500 2
1 2 9 2 84500 2
1 2 10 0 84500 2
1 2 11 5 84500 2
1 2 11 3 84500 2
1 2 12 8 84500 2
1 2 13 4 84500 2
1 2 13 3 84500 2
1 2 14 9 84500 2
1 2 14 9 84500 2
1 2 14 7 84500 2
1 2 15 7 84500 2
1 2 15 3 84500 2
1 2 1 7 84500 2
1 2 8 2 84500 2
1 2 9 2 84500 2
1 2 1 0 84500 2
1 2 2 8 84500 2
1 2 2 2 84500 2
1 2 4 6 84500 2
1 2 5 5 84500 2
1 2 5 0 84500 2
1 2 5 2 84500 2
1 2 7 3 84500 2
1 2 8 5 84500 2
1 2 8 7 84500 2
1 2 5 0 84500 2
1 2 8 3 85000 2
1 2 9 2 85000 2
1 2 6 4 85000 2
1 2 10 1 85000 2
1 2 10 4 85000 2
1 2 11 2 85000 2
1 2 11 1 85000 2
1 2 11 8 85000 2
1 2 14 9 85000 2
1 2 14 6 85000 2
1 2 14 8 85000 2
1 2 8 0 85000 2
1 2 1 0 85000 2
1 2 2 2 85000 2
1 2 3 2 85000 2
1 2 3 3 85000 2
1 2 4 7 85000 2
1 2 5 5 85000 2
1 2 5 0 85000 2
1 2 5 2 85000 2
1 2 8 9 85000 2
1 2 15 4 85500 2
1 2 15 2 85500 2
1 2 14 9 85500 2
1 2 13 6 85500 2
1 2 12 2 85500 2
1 2 11 0 85500 2
1 2 11 7 85500 2
1 2 11 6 85500 2
1 2 10 3 85500 2
1 2 8 3 85500 2
1 2 10 6 85500 2
1 2 0 4 85500 2
1 2 0 4 85500 2
1 2 0 8 85500 2
1 2 2 0 85500 2
1 2 5 8 85500 2
1 2 6 3 85500 2
1 2 7 3 85500 2
1 2 4 6 85500 2
1 2 13 3 86000 2
1 2 15 4 86000 2
1 2 15 8 86000 2
1 2 14 9 86000 2
1 2 14 7 86000 2
1 2 14 0 86000 2
1 2 14 2 86000 2
1 2 13 4 86000 2
1 2 11 2 86000 2
1 2 11 2 86000 2
1 2 9 8 86000 2
1 2 9 2 86000 2
1 2 10 6 86000 2
1 2 8 7 86000 2
1 2 7 8 86000 2
1 2 5 9 86000 2
1 2 4 8 86000 2
1 2 4 1 86000 2
1 2 3 6 86000 2
1 2 0 6 86000 2
1 2 9 2 86500 2
1 2 9 8 86500 2
1 2 10 9 86500 2
1 2 10 7 86500 2
1 2 11 6 86500 2
1 2 11 9 86500 2
1 2 14 9 86500 2
1 2 14 5 86500 2
1 2 15 1 86500 2
1 2 6 4 86500 2
1 2 9 8 86500 2
1 2 8 3 86500 2
1 2 8 7 86500 2
1 2 8 9 86500 2
1 2 7 0 86500 2
1 2 5 7 86500 2
1 2 5 3 86500 2
1 2 4 1 86500 2
1 2 9 6 86500 2
1 2 9 8 87000 2
1 2 9 2 87000 2
1 2 9 2 87000 2
1 2 10 5 87000 2
1 2 10 7 87000 2
1 2 11 5 87000 2
1 2 11 4 87000 2
1 2 11 4 87000 2
1 2 11 8 87000 2
1 2 13 4 87000 2
1 2 15 2 87000 2
1 2 15 5 87000 2
1 2 8 4 87000 2
1 2 8 9 87000 2
1 2 0 9 87000 2
1 2 2 3 87000 2
1 2 3 6 87000 2
1 2 4 4 87000 2
1 2 5 9 87000 2
1 2 5 1 87000 2
1 2 7 2 87000 2
1 2 8 6 87000 2
1 2 8 6 87000 2
1 2 9 1 87500 2
1 2 15 3 87500 2
1 2 15 9 87500 2
1 2 15 8 87500 2
1 2 15 6 87500 2
1 2 15 7 87500 2
1 2 14 9 87500 2
1 2 11 5 87500 2
1 2 9 2 87500 2
1 2 9 5 87500 2
1 2 3 8 87500 2
1 2 4 6 87500 2
1 2 5 9 87500 2
1 2 5 5 87500 2
1 2 5 0 87500 2
1 2 7 0 87500 2
1 2 8 0 87500 2
1 2 8 2 87500 2
1 2 15 6 88000 2
1 2 2 5 88000 2
1 2 15 2 88000 2
1 2 13 5 88000 2
1 2 13 4 88000 2
1 2 11 4 88000 2
1 2 11 2 88000 2
1 2 11 5 88000 2
1 2 11 0 88000 2
1 2 10 6 88000 2
1 2 10 9 88000 2
1 2 9 1 88000 2
1 2 9 2 88000 2
1 2 8 0 88000 2
1 2 8 6 88000 2
1 2 7 4 88000 2
1 2 5 9 88000 2
1 2 4 6 88000 2
1 2 4 4 88000 2
1 2 1 2 88000 2
1 2 9 2 88000 2
1 2 10 7 88500 2
1 2 12 6 88500 2
1 2 12 2 88500 2
1 2 12 9 88500 2
1 2 12 4 88500 2
1 2 14 5 88500 2
1 2 15 7 88500 2
1 2 15 9 88500 2
1 2 15 0 88500 2
1 2 0 7 88500 2
1 2 9 6 88500 2
1 2 9 5 88500 2
1 2 2 8 88500 2
1 2 2 2 88500 2
1 2 3 8 88500 2
1 2 3 5 88500 2
1 2 3 4 88500 2
1 2 4 2 88500 2
1 2 6 3 88500 2
1 2 8 7 88500 2
1 2 15 3 89000 2
1 2 15 2 89000 2
1 2 14 0 89000 2
1 2 12 9 89000 2
1 2 10 9 89000 2
1 2 10 7 89000 2
1 2 10 1 89000 2
1 2 9 6 89000 2
1 2 9 4 89000 2
1 2 8 2 89000 2
1 2 7 3 89000 2
1 2 6 1 89000 2
1 2 6 3 89000 2
1 2 5 0 89000 2
1 2 5 2 89000 2
1 2 4 0 89000 2
1 2 4 0 89000 2
1 2 3 7 89000 2
1 2 1 9 89000 2
1 2 8 7 89000 2
1 2 10 5 89500 2
1 2 6 0 89500 2
1 2 11 7 89500 2
1 2 11 4 89500 2
1 2 12 8 89500 2
1 2 12 9 89500 2
1 2 12 2 89500 2
1 2 12 4 89500 2
1 2 14 8 89500 2
1 2 14 2 89500 2
1 2 15 0 89500 2
1 2 15 3 89500 2
1 2 9 4 89500 2
1 2 0 4 89500 2
1 2 0 1 89500 2
1 2 2 8 89500 2
1 2 2 6 89500 2
1 2 4 9 89500 2
1 2 5 4 89500 2
1 2 5 0 89500 2
1 2 5 4 89500 2
1 2 6 5 89500 2
1 2 8 7 89500 2
1 2 10 7 89500 2
1 2 12 6 90000 2
1 2 15 1 90000 2
1 2 14 0 90000 2
1 2 14 5 90000 2
1 2 12 6 90000 2
1 2 9 6 90000 2
1 2 0 3 90000 2
1 2 8 6 90000 2
1 2 5 1 90000 2
1 2 4 1 90000 2
1 2 11 0 90000 2
1 2 10 4 90500 2
1 2 15 2 90500 2
1 2 15 6 90500 2
1 2 15 2 90500 2
1 2 12 5 90500 2
1 2 12 8 90500 2
1 2 12 2 90500 2
1 2 11 4 90500 2
1 2 11 9 90500 2
1 2 10 6 90500 2
1 2 9 6 90500 2
1 2 8 6 90500 2
1 2 8 5 90500 2
1 2 7 1 90500 2
1 2 7 1 90500 2
1 2 4 6 90500 2
1 2 2 2 90500 2
1 2 2 5 90500 2
1 2 11 7 91000 2
1 2 15 6 91000 2
1 2 13 0 91000 2
1 2 12 5 91000 2
1 2 11 7 91000 2
1 2 8 6 91000 2
1 2 7 8 91000 2
1 2 7 7 91000 2
1 2 5 9 91000 2
1 2 4 2 91000 2
1 2 4 3 91000 2
1 2 2 8 91000 2
1 2 8 6 91000 2
1 2 12 6 91500 2
1 2 15 1 91500 2
1 2 15 0 91500 2
1 2 12 4 91500 2
1 2 12 2 91500 2
1 2 12 6 91500 2
1 2 11 4 91500 2
1 2 9 2 91500 2
1 2 8 6 91500 2
1 2 5 5 91500 2
1 2 4 6 91500 2
1 2 4 6 91500 2
1 2 4 9 91500 2
1 2 3 2 91500 2
1 2 3 3 91500 2
1 2 8 0 91500 2
1 2 10 7 92000 2
1 2 10 5 92000 2
1 2 11 2 92000 2
1 2 12 6 92000 2
1 2 12 2 92000 2
1 2 13 5 92000 2
1 2 14 9 92000 2
1 2 15 0 92000 2
1 2 15 6 92000 2
1 2 15 7 92000 2
1 2 3 1 92000 2
1 2 5 0 92000 2
1 2 6 3 92000 2
1 2 0 3 92000 2
1 2 2 5 92000 2
1 2 2 6 92000 2
1 2 2 6 92000 2
1 2 0 3 92000 2
1 2 3 1 92000 2
1 2 4 3 92000 2
1 2 4 8 92000 2
1 2 5 9 92000 2
1 2 13 2 92500 2
1 2 15 3 92500 2
1 2 14 7 92500 2
1 2 11 9 92500 2
1 2 11 4 92500 2
1 2 10 9 92500 2
1 2 10 0 92500 2
1 2 8 6 92500 2
1 2 1 5 92500 2
1 2 8 4 92500 2
1 2 2 8 92500 2
1 2 0 8 92500 2
1 2 3 0 92500 2
1 2 5 4 92500 2
1 2 6 6 92500 2
1 2 7 8 92500 2
1 2 8 7 92500 2
1 2 6 3 93000 2
1 2 15 9 93000 2
1 2 15 5 93000 2
1 2 13 5 93000 2
1 2 11 6 93000 2
1 2 10 2 93000 2
1 2 9 5 93000 2
1 2 9 4 93000 2
1 2 5 2 93000 2
1 2 5 4 93000 2
1 2 3 3 93000 2
1 2 3 4 93000 2
1 2 2 8 93000 2
1 2 0 8 93000 2
1 2 0 9 93000 2
1 2 15 5 93500 2
1 2 15 6 93500 2
1 2 15 8 93500 2
1 2 14 8 93500 2
1 2 14 9 93500 2
1 2 11 2 93500 2
1 2 11 3 93500 2
1 2 10 4 93500 2
1 2 8 9 93500 2
1 2 8 7 93500 2
1 2 2 6 93500 2
1 2 3 1 93500 2
1 2 3 2 93500 2
1 2 4 4 93500 2
1 2 4 6 93500 2
1 2 5 2 93500 2
1 2 7 9 93500 2
1 2 7 8 94000 2
1 2 15 8 94000 2
1 2 15 8 94000 2
1 2 13 2 94000 2
1 2 13 6 94000 2
1 2 10 6 94000 2
1 2 10 7 94000 2
1 2 9 5 94000 2
1 2 7 3 94000 2
1 2 7 0 94000 2
1 2 5 0 94000 2
1 2 4 7 94000 2
1 2 3 7 94000 2
1 2 2 2 94000 2
1 2 2 0 94000 2
1 2 0 4 94000 2
1 2 5 4 94500 2
1 2 15 5 94500 2
1 2 14 4 94500 2
1 2 13 0 94500 2
1 2 12 6 94500 2
1 2 11 0 94500 2
1 2 10 7 94500 2
1 2 10 7 94500 2
1 2 9 3 94500 2
1 2 6 8 94500 2
1 2 4 8 94500 2
1 2 4 1 94500 2
1 2 4 6 94500 2
1 2 3 0 94500 2
1 2 0 3 94500 2
1 2 9 4 94500 2
1 2 4 6 95000 2
1 2 15 7 95000 2
1 2 12 8 95000 2
1 2 11 9 95000 2
1 2 11 0 95000 2
1 2 10 6 95000 2
1 2 9 6 95000 2
1 2 6 8 95000 2
1 2 4 1 95000 2
1 2 3 4 95000 2
1 2 3 9 95000 2
1 2 2 6 95000 2
1 2 2 2 95000 2
1 2 0 5 95000 2
1 2 15 6 95500 2
1 2 12 2 95500 2
1 2 12 6 95500 2
1 2 11 4 95500 2
1 2 10 8 95500 2
1 2 10 3 95500 2
1 2 9 2 95500 2
1 2 6 1 95500 2
1 2 5 7 95500 2
1 2 4 6 95500 2
1 2 2 2 95500 2
1 2 9 1 95500 2
1 2 10 2 96000 2
1 2 15 0 96000 2
1 2 15 7 96000 2
1 2 15 6 96000 2
1 2 14 6 96000 2
1 2 13 5 96000 2
1 2 12 6 96000 2
1 2 12 1 96000 2
1 2 9 5 96000 2
1 2 9 6 96000 2
1 2 8 0 96000 2
1 2 2 9 96000 2
1 2 3 5 96000 2
1 2 5 3 96000 2
1 2 5 6 96000 2
1 2 6 0 96000 2
1 2 6 4 96000 2
1 2 8 9 96000 2
1 2 8 3 96000 2
1 2 9 8 96000 2
1 2 1 2 96500 2
1 2 15 1 96500 2
1 2 15 8 96500 2
1 2 12 8 96500 2
1 2 12 7 96500 2
1 2 11 4 96500 2
1 2 11 9 96500 2
1 2 11 1 96500 2
1 2 9 2 96500 2
1 2 8 7 96500 2
1 2 8 7 96500 2
1 2 6 5 96500 2
1 2 0 4 96500 2
1 2 1 7 96500 2
1 2 1 4 96500 2
1 2 2 3 96500 2
1 2 3 4 96500 2
1 2 5 7 96500 2
1 2 6 7 96500 2
1 2 6 8 96500 2
1 2 6 9 96500 2
1 2 7 2 96500 2
1 2 9 2 97000 2
1 2 15 3 97000 2
1 2 12 4 97000 2
1 2 11 6 97000 2
1 2 10 8 97000 2
1 2 9 3 97000 2
1 2 9 5 97000 2
1 2 8 9 97000 2
1 2 7 1 97000 2
1 2 7 2 97000 2
1 2 6 8 97000 2
1 2 6 3 97000 2
1 2 2 3 97000 2
1 2 2 7 97000 2
1 2 5 8 97000 2
1 2 5 3 97000 2
1 2 2 8 97000 2
1 2 5 9 97000 2
1 2 6 8 97000 2
1 2 6 3 97000 2
1 2 6 9 97500 2
1 2 15 3 97500 2
1 2 13 9 97500 2
1 2 13 8 97500 2
1 2 11 9 97500 2
1 2 10 0 97500 2
1 2 9 1 97500 2
1 2 9 6 97500 2
1 2 8 2 97500 2
1 2 8 9 97500 2
1 2 7 4 97500 2
1 2 6 6 97500 2
1 2 5 8 97500 2
1 2 4 8 97500 2
1 2 4 4 97500 2
1 2 3 7 97500 2
1 2 3 8 97500 2
1 2 3 8 97500 2
1 2 2 9 97500 2
1 2 1 4 97500 2
1 2 0 4 97500 2
1 2 6 3 97500 2
1 2 0 8 97500 2
1 2 11 4 98000 2
1 2 15 1 98000 2
1 2 11 8 98000 2
1 2 10 7 98000 2
1 2 8 2 98000 2
1 2 8 9 98000 2
1 2 11 4 98000 2
1 2 12 6 98000 2
1 2 14 3 98000 2
1 2 14 8 98000 2
1 2 15 0 98000 2
1 2 0 6 98000 2
1 2 7 2 98000 2
1 2 8 9 98000 2
1 2 0 3 98000 2
1 2 1 5 98000 2
1 2 1 9 98000 2
1 2 1 2 98000 2
1 2 2 6 98000 2
1 2 3 5 98000 2
1 2 3 4 98000 2
1 2 5 3 98000 2
1 2 6 3 98000 2
1 2 7 0 98000 2
1 2 7 5 98500 2
1 2 9 0 98500 2
1 2 10 9 98500 2
1 2 11 7 98500 2
1 2 12 2 98500 2
1 2 12 4 98500 2
1 2 14 7 98500 2
1 2 1 2 98500 2
1 2 14 3 98500 2
1 2 14 3 98500 2
1 2 15 6 98500 2
1 2 15 2 98500 2
1 2 5 6 98500 2
1 2 7 9 98500 2
1 2 0 8 98500 2
1 2 1 2 98500 2
1 2 1 0 98500 2
1 2 1 9 98500 2
1 2 2 8 98500 2
1 2 2 6 98500 2
1 2 3 4 98500 2
1 2 3 7 98500 2
1 2 4 2 98500 2
1 2 4 3 98500 2
1 2 14 4 99000 2
1 2 14 0 99000 2
1 2 14 5 99000 2
1 2 13 9 99000 2
1 2 12 4 99000 2
1 2 12 2 99000 2
1 2 12 6 99000 2
1 2 12 9 99000 2
1 2 11 4 99000 2
1 2 11 4 99000 2
1 2 11 2 99000 2
1 2 0 6 99000 2
1 2 8 9 99000 2
1 2 0 3 99000 2
1 2 1 7 99000 2
1 2 2 6 99000 2
1 2 3 4 99000 2
1 2 4 5 99000 2
1 2 4 8 99000 2
1 2 4 2 99000 2
1 2 6 2 99000 2
1 2 6 8 99000 2
1 2 6 3 99500 2
1 2 14 8 99500 2
1 2 13 5 99500 2
1 2 13 7 99500 2
1 2 11 4 99500 2
1 2 9 0 99500 2
1 2 8 3 99500 2
1 2 8 9 99500 2
1 2 6 0 99500 2
1 2 6 2 99500 2
1 2 6 2 99500 2
1 2 4 7 99500 2
1 2 4 3 99500 2
1 2 3 4 99500 2
1 2 3 4 99500 2
1 2 2 7 99500 2
1 2 2 0 99500 2
1 2 0 5 99500 2
1 2 6 8 99500 2
1 2 11 0 100000 2
1 2 11 2 100000 2
1 2 11 7 100000 2
1 2 12 3 100000 2
1 2 12 1 100000 2
1 2 12 4 100000 2
1 2 13 8 100000 2
1 2 13 1 100000 2
1 2 13 3 100000 2
1 2 13 2 100000 2
1 2 2 9 100000 2
1 2 14 3 100000 2
1 2 15 2 100000 2
1 2 10 1 100000 2
1 2 11 5 100000 2
1 2 1 9 100000 2
1 2 2 2 100000 2
1 2 3 9 100000 2
1 2 3 8 100000 2
1 2 4 9 100000 2
1 2 5 4 100000 2
1 2 6 2 100000 2
1 2 7 5 100000 2
1 2 7 2 100000 2
1 2 7 0 100000 2
1 2 4 2 100000 2
1 2 9 0 100500 2
1 2 7 3 100500 2
1 2 10 9 100500 2
1 2 11 1 100500 2
1 2 11 4 100500 2
1 2 12 2 100500 2
1 2 12 8 100500 2
1 2 14 5 100500 2
1 2 14 1 100500 2
1 2 14 0 100500 2
1 2 15 2 100500 2
1 2 6 7 100500 2
1 2 6 5 100500 2
1 2 6 7 100500 2
1 2 5 3 100500 2
1 2 4 4 100500 2
1 2 3 4 100500 2
1 2 3 8 100500 2
1 2 3 4 100500 2
1 2 1 6 100500 2
1 2 8 8 100500 2
1 2 6 3 101000 2
1 2 8 9 101000 2
1 2 8 2 101000 2
1 2 8 2 101000 2
1 2 9 3 101000 2
1 2 11 4 101000 2
1 2 13 5 101000 2
1 2 14 6 101000 2
1 2 15 2 101000 2
1 2 15 5 101000 2
1 2 7 0 101000 2
1 2 6 3 101000 2
1 2 6 5 101000 2
1 2 0 5 101000 2
1 2 0 4 101000 2
1 2 0 5 101000 2
1 2 1 5 101000 2
1 2 2 9 101000 2
1 2 4 1 101000 2
1 2 5 4 101000 2
1 2 5 9 101000 2
1 2 0 1 101000 2
1 2 3 2 101000 2
1 2 11 9 101500 2
1 2 14 1 101500 2
1 2 11 4 101500 2
1 2 11 7 101500 2
1 2 11 2 101500 2
1 2 11 4 101500 2
1 2 12 6 101500 2
1 2 12 8 101500 2
1 2 13 5 101500 2
1 2 13 6 101500 2
1 2 14 5 101500 2
1 2 15 0 101500 2
1 2 15 1 101500 2
1 2 8 9 101500 2
1 2 10 9 101500 2
1 2 1 3 101500 2
1 2 3 7 101500 2
1 2 1 0 101500 2
1 2 4 7 101500 2
1 2 4 6 101500 2
1 2 5 9 101500 2
1 2 5 9 101500 2
1 2 6 6 101500 2
1 2 6 8 101500 2
1 2 6 8 101500 2
1 2 6 8 101500 2
1 2 6 0 101500 2
1 2 15 0 102000 2
1 2 14 4 102000 2
1 2 12 4 102000 2
1 2 12 3 102000 2
1 2 12 8 102000 2
1 2 11 0 102000 2
1 2 6 3 102000 2
1 2 10 3 102000 2
1 2 7 9 102000 2
1 2 4 7 102000 2
1 2 4 7 102000 2
1 2 4 4 102000 2
1 2 3 4 102000 2
1 2 2 9 102000 2
1 2 1 9 102000 2
1 2 9 5 102000 2
1 2 8 7 102500 2
1 2 10 8 102500 2
1 2 11 1 102500 2
1 2 13 7 102500 2
1 2 14 9 102500 2
1 2 14 9 102500 2
1 2 14 8 102500 2
1 2 14 4 102500 2
1 2 15 7 102500 2
1 2 15 3 102500 2
1 2 10 9 102500 2
1 2 7 7 102500 2
1 2 8 4 102500 2
1 2 0 5 102500 2
1 2 1 2 102500 2
1 2 2 0 102500 2
1 2 2 3 102500 2
1 2 2 5 102500 2
1 2 4 3 102500 2
1 2 6 9 102500 2
1 2 6 9 102500 2
1 2 0 6 102500 2
1 2 7 2 103000 2
1 2 15 3 103000 2
1 2 13 5 103000 2
1 2 13 1 103000 2
1 2 12 5 103000 2
1 2 11 3 103000 2
1 2 10 1 103000 2
1 2 9 1 103000 2
1 2 9 7 103000 2
1 2 8 2 103000 2
1 2 7 4 103000 2
1 2 7 8 103000 2
1 2 7 0 103000 2
1 2 7 9 103000 2
1 2 6 2 103000 2
1 2 4 7 103000 2
1 2 3 7 103000 2
1 2 2 3 103000 2
1 2 1 3 103000 2
1 2 9 1 103500 2
1 2 2 0 103500 2
1 2 10 9 103500 2
1 2 11 6 103500 2
1 2 11 8 103500 2
1 2 11 4 103500 2
1 2 12 9 103500 2
1 2 13 7 103500 2
1 2 14 5 103500 2
1 2 14 0 103500 2
1 2 15 7 103500 2
1 2 7 6 103500 2
1 2 8 9 103500 2
1 2 0 5 103500 2
1 2 0 5 103500 2
1 2 2 6 103500 2
1 2 4 1 103500 2
1 2 4 2 103500 2
1 2 5 9 103500 2
1 2 6 0 103500 2
1 2 6 8 103500 2
1 2 7 5 103500 2
1 2 6 9 104000 2
1 2 7 4 104000 2
1 2 8 3 104000 2
1 2 9 3 104000 2
1 2 11 9 104000 2
1 2 12 4 104000 2
1 2 13 4 104000 2
1 2 13 8 104000 2
1 2 14 0 104000 2
1 2 14 0 104000 2
1 2 15 5 104000 2
1 2 6 4 104000 2
1 2 6 5 104000 2
1 2 0 4 104000 2
1 2 1 9 104000 2
1 2 2 9 104000 2
1 2 2 6 104000 2
1 2 3 4 104000 2
1 2 3 9 104000 2
1 2 3 4 104000 2
1 2 4 7 104000 2
1 2 5 4 104000 2
1 2 6 2 104000 2
1 2 6 2 104000 2
1 2 13 4 104500 2
1 2 15 4 104500 2
1 2 15 5 104500 2
1 2 14 9 104500 2
1 2 14 7 104500 2
1 2 8 3 104500 2
1 2 8 0 104500 2
1 2 6 9 104500 2
1 2 6 3 104500 2
1 2 5 8 104500 2
1 2 10 9 104500 2
1 2 14 9 105000 2
1 2 11 2 105000 2
1 2 11 7 105000 2
1 2 11 8 105000 2
1 2 11 4 105000 2
1 2 13 8 105000 2
1 2 14 5 105000 2
1 2 14 0 105000 2
1 2 14 7 105000 2
1 2 14 8 105000 2
1 2 15 0 105000 2
1 2 15 5 105000 2
1 2 6 3 105000 2
1 2 10 7 105000 2
1 2 1 0 105000 2
1 2 2 2 105000 2
1 2 3 8 105000 2
1 2 3 8 105000 2
1 2 5 2 105000 2
1 2 7 5 105000 2
1 2 8 6 105000 2
1 2 9 5 105000 2
1 2 9 2 105000 2
1 2 10 9 105000 2
1 2 10 1 105000 2
1 2 11 2 105500 2
1 2 15 0 105500 2
1 2 15 5 105500 2
1 2 14 0 105500 2
1 2 11 1 105500 2
1 2 11 7 105500 2
1 2 11 7 105500 2
1 2 10 0 105500 2
1 2 7 2 105500 2
1 2 1 9 105500 2
1 2 5 5 105500 2
1 2 4 8 105500 2
1 2 4 7 105500 2
1 2 3 2 105500 2
1 2 2 9 105500 2
1 2 2 3 105500 2
1 2 7 4 105500 2
1 2 7 9 106000 2
1 2 13 7 106000 2
1 2 8 6 106000 2
1 2 10 6 106000 2
1 2 10 7 106000 2
1 2 11 2 106000 2
1 2 11 4 106000 2
1 2 11 2 106000 2
1 2 11 8 106000 2
1 2 11 6 106000 2
1 2 12 6 106000 2
1 2 5 1 106000 2
1 2 6 3 106000 2
1 2 0 8 106000 2
1 2 2 9 106000 2
1 2 2 5 106000 2
1 2 2 6 106000 2
1 2 3 4 106000 2
1 2 3 5 106000 2
1 2 4 9 106000 2
1 2 4 8 106000 2
1 2 5 0 106000 2
1 2 8 7 106500 2
1 2 10 0 106500 2
1 2 10 0 106500 2
1 2 11 4 106500 2
1 2 11 1 106500 2
1 2 11 0 106500 2
1 2 11 7 106500 2
1 2 12 8 106500 2
1 2 13 6 106500 2
1 2 14 5 106500 2
1 2 14 3 106500 2
1 2 15 9 106500 2
1 2 8 2 106500 2
1 2 0 8 106500 2
1 2 1 0 106500 2
1 2 2 8 106500 2
1 2 2 2 106500 2
1 2 3 4 106500 2
1 2 4 1 106500 2
1 2 5 2 106500 2
1 2 6 1 106500 2
1 2 8 4 106500 2
1 2 8 0 106500 2
1 2 9 6 106500 2
1 2 8 2 107000 2
1 2 9 3 107000 2
1 2 10 6 107000 2
1 2 11 3 107000 2
1 2 11 6 107000 2
1 2 14 2 107000 2
1 2 15 8 107000 2
1 2 15 1 107000 2
1 2 15 9 107000 2
1 2 4 8 107000 2
1 2 7 7 107000 2
1 2 8 9 107000 2
1 2 1 8 107000 2
1 2 4 0 107000 2
1 2 4 0 107000 2
1 2 0 3 107000 2
1 2 5 7 107000 2
1 2 5 0 107000 2
1 2 7 2 107000 2
1 2 5 9 107000 2
1 2 9 6 107500 2
1 2 15 5 107500 2
1 2 12 8 107500 2
1 2 11 8 107500 2
1 2 11 7 107500 2
1 2 11 1 107500 2
1 2 10 0 107500 2
1 2 9 3 107500 2
1 2 8 2 107500 2
1 2 8 2 107500 2
1 2 7 7 107500 2
1 2 5 4 107500 2
1 2 0 5 107500 2
1 2 1 0 107500 2
1 2 1 0 107500 2
1 2 2 5 107500 2
1 2 2 9 107500 2
1 2 3 8 107500 2
1 2 4 6 107500 2
1 2 4 4 107500 2
1 2 5 3 107500 2
1 2 5 3 107500 2
1 2 6 9 107500 2
1 2 9 0 108000 2
1 2 10 8 108000 2
1 2 10 3 108000 2
1 2 11 0 108000 2
1 2 11 7 108000 2
1 2 11 3 108000 2
1 2 11 0 108000 2
1 2 11 2 108000 2
1 2 13 4 108000 2
1 2 14 7 108000 2
1 2 15 8 108000 2
1 2 3 4 108000 2
1 2 9 0 108000 2
1 2 2 5 108000 2
1 2 2 9 108000 2
1 2 2 4 108000 2
1 2 3 4 108000 2
1 2 4 5 108000 2
1 2 4 4 108000 2
1 2 4 0 108000 2
1 2 6 3 108000 2
1 2 7 8 108000 2
1 2 8 0 108000 2
1 2 9 7 108000 2
1 2 5 3 108500 2
1 2 15 9 108500 2
1 2 15 1 108500 2
1 2 15 2 108500 2
1 2 11 2 108500 2
1 2 11 7 108500 2
1 2 11 9 108500 2
1 2 10 4 108500 2
1 2 10 0 108500 2
1 2 9 5 108500 2
1 2 8 1 108500 2
1 2 8 9 108500 2
1 2 2 9 108500 2
1 2 2 7 108500 2
1 2 3 5 108500 2
1 2 5 9 108500 2
1 2 6 4 108500 2
1 2 7 0 108500 2
1 2 8 9 108500 2
1 2 15 0 109000 2
1 2 14 9 109000 2
1 2 14 5 109000 2
1 2 11 0 109000 2
1 2 11 9 109000 2
1 2 10 9 109000 2
1 2 8 0 109000 2
1 2 7 8 109000 2
1 2 5 5 109000 2
1 2 4 6 109000 2
1 2 3 8 109000 2
1 2 2 3 109000 2
1 2 2 5 109000 2
1 2 2 6 109000 2
1 2 1 9 109000 2
1 2 5 4 109000 2
1 2 8 9 109500 2
1 2 15 2 109500 2
1 2 14 3 109500 2
1 2 11 9 109500 2
1 2 10 7 109500 2
1 2 10 0 109500 2
1 2 8 2 109500 2
1 2 8 4 109500 2
1 2 7 5 109500 2
1 2 6 5 109500 2
1 2 6 8 109500 2
1 2 4 4 109500 2
1 2 4 8 109500 2
1 2 4 1 109500 2
1 2 8 4 109500 2
1 2 8 9 110000 2
1 2 9 2 110000 2
1 2 11 9 110000 2
1 2 11 0 110000 2
1 2 11 7 110000 2
1 2 14 7 110000 2
1 2 14 8 110000 2
1 2 14 4 110000 2
1 2 15 5 110000 2
1 2 8 6 110000 2
1 2 8 5 110000 2
1 2 2 9 110000 2
1 2 4 9 110000 2
1 2 4 5 110000 2
1 2 5 4 110000 2
1 2 7 5 110000 2
1 2 7 9 110000 2
1 2 8 9 110000 2
1 2 8 7 110500 2
1 2 15 4 110500 2
1 2 14 8 110500 2
1 2 13 8 110500 2
1 2 11 7 110500 2
1 2 11 0 110500 2
1 2 11 1 110500 2
1 2 9 4 110500 2
1 2 8 3 110500 2
1 2 7 3 110500 2
1 2 6 5 110500 2
1 2 6 4 110500 2
1 2 4 1 110500 2
1 2 4 3 110500 2
1 2 3 8 110500 2
1 2 2 8 110500 2
1 2 1 8 110500 2
1 2 0 9 110500 2
1 2 0 0 110500 2
1 2 8 1 111000 2
1 2 8 9 111000 2
1 2 8 1 111000 2
1 2 8 7 111000 2
1 2 9 5 111000 2
1 2 10 4 111000 2
1 2 10 7 111000 2
1 2 11 0 111000 2
1 2 12 4 111000 2
1 2 15 0 111000 2
1 2 3 0 111000 2
1 2 7 3 111000 2
1 2 2 9 111000 2
1 2 3 8 111000 2
1 2 3 5 111000 2
1 2 3 2 111000 2
1 2 3 7 111000 2
1 2 4 0 111000 2
1 2 5 4 111000 2
1 2 5 2 111000 2
1 2 7 9 111000 2
1 2 8 0 111000 2
1 2 9 1 111500 2
1 2 15 2 111500 2
1 2 15 1 111500 2
1 2 14 8 111500 2
1 2 14 0 111500 2
1 2 14 4 111500 2
1 2 13 6 111500 2
1 2 12 9 111500 2
1 2 11 0 111500 2
1 2 11 9 111500 2
1 2 8 9 111500 2
1 2 7 9 111500 2
1 2 6 3 111500 2
1 2 4 8 111500 2
1 2 4 1 111500 2
1 2 2 5 111500 2
1 2 2 7 111500 2
1 2 1 0 111500 2
1 2 10 3 111500 2
1 2 8 4 112000 2
1 2 14 4 112000 2
1 2 9 2 112000 2
1 2 10 6 112000 2
1 2 11 9 112000 2
1 2 11 3 112000 2
1 2 12 6 112000 2
1 2 13 2 112000 2
1 2 14 3 112000 2
1 2 14 0 112000 2
1 2 14 5 112000 2
1 2 2 6 112000 2
1 2 8 4 112000 2
1 2 0 8 112000 2
1 2 3 9 112000 2
1 2 4 6 112000 2
1 2 4 4 112000 2
1 2 4 2 112000 2
1 2 6 8 112000 2
1 2 7 5 112000 2
1 2 7 5 112000 2
1 2 8 1 112000 2
1 2 5 3 112500 2
1 2 15 9 112500 2
1 2 15 7 112500 2
1 2 14 2 112500 2
1 2 12 6 112500 2
1 2 12 1 112500 2
1 2 8 1 112500 2
1 2 8 5 112500 2
1 2 5 9 112500 2
1 2 4 2 112500 2
1 2 3 3 112500 2
1 2 3 7 112500 2
1 2 2 8 112500 2
1 2 0 1 112500 2
1 2 0 4 112500 2
1 2 7 1 112500 2
1 2 8 1 113000 2
1 2 8 5 113000 2
1 2 9 4 113000 2
1 2 11 8 113000 2
1 2 11 5 113000 2
1 2 12 6 113000 2
1 2 14 9 113000 2
1 2 15 7 113000 2
1 2 5 6 113000 2
1 2 5 6 113000 2
1 2 4 6 113000 2
1 2 4 3 113000 2
1 2 3 6 113000 2
1 2 2 1 113000 2
1 2 1 3 113000 2
1 2 1 1 113000 2
1 2 0 2 113000 2
1 2 7 3 113500 2
1 2 13 4 113500 2
1 2 9 1 113500 2
1 2 10 0 113500 2
1 2 10 9 113500 2
1 2 10 8 113500 2
1 2 12 8 113500 2
1 2 14 0 113500 2
1 2 15 6 113500 2
1 2 15 3 113500 2
1 2 6 2 113500 2
1 2 5 1 113500 2
1 2 5 3 113500 2
1 2 5 4 113500 2
1 2 4 0 113500 2
1 2 0 1 113500 2
1 2 2 5 113500 2
1 2 2 7 113500 2
1 2 1 7 113500 2
1 2 7 9 113500 2
1 2 7 8 114000 2
1 2 14 9 114000 2
1 2 14 9 114000 2
1 2 12 8 114000 2
1 2 11 1 114000 2
1 2 10 7 114000 2
1 2 9 6 114000 2
1 2 7 8 114000 2
1 2 5 7 114000 2
1 2 4 6 114000 2
1 2 3 6 114000 2
1 2 0 4 114000 2
1 2 13 3 114500 2
1 2 15 5 114500 2
1 2 14 4 114500 2
1 2 13 1 114500 2
1 2 11 5 114500 2
1 2 11 1 114500 2
1 2 11 7 114500 2
1 2 10 4 114500 2
1 2 9 6 114500 2
1 2 7 3 114500 2
1 2 8 8 114500 2
1 2 1 7 114500 2
1 2 3 4 114500 2
1 2 4 7 114500 2
1 2 0 4 114500 2
1 2 4 5 114500 2
1 2 4 2 114500 2
1 2 7 2 114500 2
1 2 12 2 115000 2
1 2 15 6 115000 2
1 2 15 2 115000 2
1 2 15 7 115000 2
1 2 14 9 115000 2
1 2 14 2 115000 2
1 2 14 9 115000 2
1 2 13 4 115000 2
1 2 11 0 115000 2
1 2 9 2 115000 2
1 2 11 5 115000 2
1 2 9 9 115000 2
1 2 8 3 115000 2
1 2 8 1 115000 2
1 2 6 1 115000 2
1 2 6 8 115000 2
1 2 3 7 115000 2
1 2 0 1 115000 2
1 2 0 9 115000 2
1 2 11 7 115500 2
1 2 12 1 115500 2
1 2 12 1 115500 2
1 2 12 7 115500 2
1 2 13 5 115500 2
1 2 14 9 115500 2
1 2 14 9 115500 2
1 2 14 9 115500 2
1 2 15 6 115500 2
1 2 15 6 115500 2
1 2 15 3 115500 2
1 2 2 9 115500 2
1 2 9 0 115500 2
1 2 0 6 115500 2
1 2 1 6 115500 2
1 2 4 2 115500 2
1 2 4 2 115500 2
1 2 5 8 115500 2
1 2 6 3 115500 2
1 2 6 8 115500 2
1 2 7 9 115500 2
1 2 8 9 115500 2
1 2 9 2 115500 2
1 2 10 9 115500 2
1 2 15 6 116000 2
1 2 15 5 116000 2
1 2 14 2 116000 2
1 2 14 4 116000 2
1 2 12 6 116000 2
1 2 12 7 116000 2
1 2 11 1 116000 2
1 2 11 7 116000 2
1 2 7 2 116000 2
1 2 6 0 116000 2
1 2 6 8 116000 2
1 2 5 1 116000 2
1 2 4 5 116000 2
1 2 4 9 116000 2
1 2 3 0 116000 2
1 2 2 5 116000 2
1 2 11 2 116000 2
1 2 10 0 116500 2
1 2 15 3 116500 2
1 2 10 5 116500 2
1 2 11 2 116500 2
1 2 11 7 116500 2
1 2 11 6 116500 2
1 2 13 4 116500 2
1 2 13 6 116500 2
1 2 14 4 116500 2
1 2 15 7 116500 2
1 2 15 6 116500 2
1 2 7 1 116500 2
1 2 9 0 116500 2
1 2 0 4 116500 2
1 2 0 8 116500 2
1 2 0 1 116500 2
1 2 3 4 116500 2
1 2 4 6 116500 2
1 2 5 9 116500 2
1 2 5 7 116500 2
1 2 6 7 116500 2
1 2 7 6 116500 2
1 2 15 6 117000 2
1 2 15 3 117000 2
1 2 15 5 117000 2
1 2 15 6 117000 2
1 2 13 3 117000 2
1 2 11 3 117000 2
1 2 11 1 117000 2
1 2 9 3 117000 2
1 2 7 8 117000 2
1 2 9 3 117000 2
1 2 6 1 117000 2
1 2 0 2 117000 2
1 2 0 6 117000 2
1 2 3 1 117000 2
1 2 4 5 117000 2
1 2 5 6 117000 2
1 2 5 8 117000 2
1 2 6 1 117000 2
1 2 8 7 117000 2
1 2 15 7 117500 2
1 2 14 5 117500 2
1 2 14 4 117500 2
1 2 13 3 117500 2
1 2 12 2 117500 2
1 2 12 8 117500 2
1 2 11 7 117500 2
1 2 10 5 117500 2
1 2 7 2 117500 2
1 2 7 8 117500 2
1 2 7 2 117500 2
1 2 5 9 117500 2
1 2 4 8 117500 2
1 2 3 7 117500 2
1 2 0 6 117500 2
1 2 0 3 117500 2
1 2 8 5 117500 2
1 2 11 4 118000 2
1 2 15 6 118000 2
1 2 15 6 118000 2
1 2 15 2 118000 2
1 2 14 9 118000 2
1 2 13 8 118000 2
1 2 13 4 118000 2
1 2 8 3 118000 2
1 2 7 9 118000 2
1 2 5 6 118000 2
1 2 5 1 118000 2
1 2 4 2 118000 2
1 2 15 6 118500 2
1 2 15 2 118500 2
1 2 14 2 118500 2
1 2 13 5 118500 2
1 2 12 6 118500 2
1 2 10 6 118500 2
1 2 10 7 118500 2
1 2 9 7 118500 2
1 2 7 2 118500 2
1 2 6 4 118500 2
1 2 4 4 118500 2
1 2 2 7 118500 2
1 2 0 4 118500 2
1 2 9 6 118500 2
1 2 9 4 119000 2
1 2 10 8 119000 2
1 2 10 8 119000 2
1 2 11 4 119000 2
1 2 12 2 119000 2
1 2 13 5 119000 2
1 2 13 9 119000 2
1 2 14 1 119000 2
1 2 14 3 119000 2
1 2 15 7 119000 2
1 2 15 0 119000 2
1 2 15 0 119000 2
1 2 7 9 119000 2
1 2 0 4 119000 2
1 2 0 6 119000 2
1 2 0 1 119000 2
1 2 1 5 119000 2
1 2 2 9 119000 2
1 2 3 1 119000 2
1 2 4 8 119000 2
1 2 4 5 119000 2
1 2 5 7 119000 2
1 2 6 5 119000 2
1 2 8 6 119000 2
1 2 14 1 119500 2
1 2 15 0 119500 2
1 2 15 6 119500 2
1 2 15 7 119500 2
1 2 14 4 119500 2
1 2 14 2 119500 2
1 2 14 1 119500 2
1 2 14 0 119500 2
1 2 13 4 119500 2
1 2 9 5 119500 2
1 2 10 6 119500 2
1 2 4 2 119500 2
1 2 4 7 119500 2
1 2 5 8 119500 2
1 2 5 8 119500 2
1 2 6 8 119500 2
1 2 6 9 119500 2
1 2 9 3 119500 2
1 2 4 7 119500 2
1 2 7 1 120000 2
1 2 15 7 120000 2
1 2 15 7 120000 2
1 2 14 9 120000 2
1 2 14 9 120000 2
1 2 14 1 120000 2
1 2 13 5 120000 2
1 2 12 1 120000 2
1 2 11 3 120000 2
1 2 10 6 120000 2
1 2 9 6 120000 2
1 2 7 7 120000 2
1 2 4 6 120000 2
1 2 4 7 120000 2
1 2 3 4 120000 2
1 2 0 7 120000 2
1 2 9 5 120500 2
1 2 14 8 120500 2
1 2 13 5 120500 2
1 2 11 2 120500 2
1 2 9 1 120500 2
1 2 8 3 120500 2
1 2 6 8 120500 2
1 2 4 8 120500 2
1 2 0 4 120500 2
1 2 0 7 120500 2
1 2 0 4 120500 2
1 2 8 4 121000 2
1 2 14 0 121000 2
1 2 14 9 121000 2
1 2 14 0 121000 2
1 2 14 8 121000 2
1 2 13 6 121000 2
1 2 12 8 121000 2
1 2 11 7 121000 2
1 2 10 9 121000 2
1 2 9 5 121000 2
1 2 9 4 121000 2
1 2 5 1 121000 2
1 2 5 9 121000 2
1 2 5 2 121000 2
1 2 4 6 121000 2
1 2 4 3 121000 2
1 2 3 2 121000 2
1 2 0 3 121000 2
1 2 0 5 121000 2
1 2 9 5 121500 2
1 2 12 8 121500 2
1 2 13 6 121500 2
1 2 13 5 121500 2
1 2 14 5 121500 2
1 2 15 8 121500 2
1 2 15 3 121500 2
1 2 9 4 121500 2
1 2 8 8 121500 2
1 2 0 8 121500 2
1 2 0 0 121500 2
1 2 3 3 121500 2
1 2 4 1 121500 2
1 2 6 2 121500 2
1 2 7 8 121500 2
1 2 7 3 121500 2
1 2 8 0 122000 2
1 2 15 4 122000 2
1 2 14 2 122000 2
1 2 14 0 122000 2
1 2 14 5 122000 2
1 2 13 5 122000 2
1 2 13 8 122000 2
1 2 11 0 122000 2
1 2 10 0 122000 2
1 2 7 5 122000 2
1 2 0 3 122000 2
1 2 3 7 122000 2
1 2 3 7 122000 2
1 2 4 6 122000 2
1 2 5 3 122000 2
1 2 5 9 122000 2
1 2 5 5 122000 2
1 2 5 8 122000 2
1 2 7 3 122500 2
1 2 15 5 122500 2
1 2 15 0 122500 2
1 2 14 8 122500 2
1 2 14 1 122500 2
1 2 11 4 122500 2
1 2 8 5 122500 2
1 2 7 1 122500 2
1 2 7 4 122500 2
1 2 5 3 122500 2
1 2 5 8 122500 2
1 2 4 7 122500 2
1 2 4 6 122500 2
1 2 2 7 122500 2
1 2 1 7 122500 2
1 2 7 5 123000 2
1 2 14 8 123000 2
1 2 13 3 123000 2
1 2 11 7 123000 2
1 2 10 5 123000 2
1 2 8 7 123000 2
1 2 8 1 123000 2
1 2 7 2 123000 2
1 2 7 1 123000 2
1 2 5 3 123000 2
1 2 4 7 123000 2
1 2 4 3 123000 2
1 2 0 5 123000 2
1 2 0 1 123000 2
1 2 7 5 123500 2
1 2 8 4 123500 2
1 2 8 3 123500 2
1 2 10 5 123500 2
1 2 10 7 123500 2
1 2 12 8 123500 2
1 2 15 2 123500 2
1 2 15 1 123500 2
1 2 0 1 123500 2
1 2 6 6 123500 2
1 2 6 3 123500 2
1 2 2 5 123500 2
1 2 4 9 123500 2
1 2 5 7 123500 2
1 2 5 0 123500 2
1 2 5 9 123500 2
1 2 5 0 123500 2
1 2 14 0 124000 2
1 2 14 1 124000 2
1 2 13 1 124000 2
1 2 11 5 124000 2
1 2 10 7 124000 2
1 2 8 7 124000 2
1 2 7 1 124000 2
1 2 7 8 124000 2
1 2 7 8 124000 2
1 2 6 8 124000 2
1 2 5 3 124000 2
1 2 4 6 124000 2
1 2 4 1 124000 2
1 2 3 8 124000 2
1 2 2 8 124000 2
1 2 0 1 124000 2
1 2 0 8 124000 2
1 2 6 1 124000 2
1 2 5 5 124500 2
1 2 14 3 124500 2
1 2 13 3 124500 2
1 2 12 8 124500 2
1 2 11 3 124500 2
1 2 11 0 124500 2
1 2 9 8 124500 2
1 2 6 3 124500 2
1 2 4 1 124500 2
1 2 4 6 124500 2
1 2 2 4 124500 2
1 2 0 3 124500 2
1 2 0 9 124500 2
1 2 0 6 124500 2
1 2 15 0 125000 2
1 2 14 0 125000 2
1 2 13 3 125000 2
1 2 13 8 125000 2
1 2 12 6 125000 2
1 2 11 4 125000 2
1 2 11 4 125000 2
1 2 10 6 125000 2
1 2 5 0 125000 2
1 2 9 3 125000 2
1 2 0 3 125000 2
1 2 0 3 125000 2
1 2 1 8 125000 2
1 2 4 6 125000 2
1 2 4 8 125000 2
1 2 5 8 125000 2
1 2 3 6 125000 2
1 2 6 8 125500 2
1 2 15 5 125500 2
1 2 12 4 125500 2
1 2 12 6 125500 2
1 2 10 6 125500 2
1 2 7 3 125500 2
1 2 6 3 125500 2
1 2 5 3 125500 2
1 2 5 7 125500 2
1 2 4 1 125500 2
1 2 4 1 125500 2
1 2 3 9 125500 2
1 2 0 8 125500 2
1 2 0 8 125500 2
1 2 0 9 125500 2
1 2 15 2 126000 2
1 2 14 7 126000 2
1 2 11 8 126000 2
1 2 11 0 126000 2
1 2 11 3 126000 2
1 2 10 7 126000 2
1 2 10 8 126000 2
1 2 6 8 126000 2
1 2 5 4 126000 2
1 2 5 2 126000 2
1 2 5 5 126000 2
1 2 4 9 126000 2
1 2 3 4 126000 2
1 2 2 9 126000 2
1 2 0 6 126000 2
1 2 8 1 126000 2
1 2 9 6 126500 2
1 2 7 9 126500 2
1 2 9 0 126500 2
1 2 10 0 126500 2
1 2 10 5 126500 2
1 2 11 4 126500 2
1 2 14 5 126500 2
1 2 14 8 126500 2
1 2 15 6 126500 2
1 2 8 3 126500 2
1 2 5 5 126500 2
1 2 4 8 126500 2
1 2 4 9 126500 2
1 2 4 6 126500 2
1 2 3 8 126500 2
1 2 0 9 126500 2
1 2 0 9 126500 2
1 2 13 5 127000 2
1 2 11 1 127000 2
1 2 9 1 127000 2
1 2 8 7 127000 2
1 2 7 4 127000 2
1 2 5 0 127000 2
1 2 4 4 127000 2
1 2 3 8 127000 2
1 2 2 8 127000 2
1 2 0 4 127000 2
1 2 0 3 127000 2
1 2 4 1 127000 2
1 2 8 4 127500 2
1 2 15 1 127500 2
1 2 15 8 127500 2
1 2 14 5 127500 2
1 2 13 9 127500 2
1 2 10 7 127500 2
1 2 8 3 127500 2
1 2 7 3 127500 2
1 2 5 3 127500 2
1 2 4 2 127500 2
1 2 2 8 127500 2
1 2 0 5 127500 2
1 2 0 8 128000 2
1 2 14 4 128000 2
1 2 13 4 128000 2
1 2 11 2 128000 2
1 2 10 3 128000 2
1 2 7 9 128000 2
1 2 3 5 128000 2
1 2 1 5 128000 2
1 2 0 9 128000 2
1 2 8 8 128500 2
1 2 14 8 128500 2
1 2 14 9 128500 2
1 2 13 3 128500 2
1 2 11 4 128500 2
1 2 11 9 128500 2
1 2 10 6 128500 2
1 2 10 9 128500 2
1 2 9 1 128500 2
1 2 9 2 128500 2
1 2 0 3 128500 2
1 2 2 7 128500 2
1 2 4 7 128500 2
1 2 4 6 128500 2
1 2 5 4 128500 2
1 2 5 9 128500 2
1 2 6 7 128500 2
1 2 7 8 128500 2
1 2 8 9 129000 2
1 2 15 5 129000 2
1 2 15 7 129000 2
1 2 15 2 129000 2
1 2 13 9 129000 2
1 2 13 6 129000 2
1 2 12 9 129000 2
1 2 11 5 129000 2
1 2 11 9 129000 2
1 2 9 5 129000 2
1 2 5 6 129000 2
1 2 3 4 129000 2
1 2 2 7 129000 2
1 2 2 9 129000 2
1 2 0 5 129000 2
1 2 11 3 129500 2
1 2 11 4 129500 2
1 2 12 8 129500 2
1 2 12 5 129500 2
1 2 13 4 129500 2
1 2 14 5 129500 2
1 2 15 0 129500 2
1 2 15 7 129500 2
1 2 15 9 129500 2
1 2 3 7 129500 2
1 2 8 8 129500 2
1 2 8 2 129500 2
1 2 7 5 129500 2
1 2 5 9 129500 2
1 2 5 3 129500 2
1 2 2 5 129500 2
1 2 3 4 129500 2
1 2 3 9 129500 2
1 2 2 2 129500 2
1 2 11 0 129500 2
1 2 11 3 130000 2
1 2 15 4 130000 2
1 2 11 7 130000 2
1 2 11 7 130000 2
1 2 12 9 130000 2
1 2 12 4 130000 2
1 2 13 4 130000 2
1 2 13 7 130000 2
1 2 13 7 130000 2
1 2 15 6 130000 2
1 2 1 2 130000 2
1 2 9 3 130000 2
1 2 2 5 130000 2
1 2 3 8 130000 2
1 2 4 6 130000 2
1 2 4 0 130000 2
1 2 6 3 130000 2
1 2 6 3 130000 2
1 2 6 3 130000 2
1 2 7 3 130000 2
1 2 8 2 130000 2
1 2 8 1 130500 2
1 2 15 9 130500 2
1 2 15 8 130500 2
1 2 14 0 130500 2
1 2 14 4 130500 2
1 2 14 7 130500 2
1 2 12 6 130500 2
1 2 12 9 130500 2
1 2 11 9 130500 2
1 2 7 7 130500 2
1 2 6 4 130500 2
1 2 5 9 130500 2
1 2 4 6 130500 2
1 2 3 8 130500 2
1 2 3 4 130500 2
1 2 2 8 130500 2
1 2 0 3 130500 2
1 2 10 9 130500 2
1 2 7 7 131000 2
1 2 8 7 131000 2
1 2 8 6 131000 2
1 2 8 9 131000 2
1 2 10 9 131000 2
1 2 10 1 131000 2
1 2 12 4 131000 2
1 2 14 7 131000 2
1 2 15 4 131000 2
1 2 1 0 131000 2
1 2 6 1 131000 2
1 2 7 5 131000 2
1 2 2 2 131000 2
1 2 2 2 131000 2
1 2 3 2 131000 2
1 2 3 8 131000 2
1 2 4 4 131000 2
1 2 4 6 131000 2
1 2 5 4 131000 2
1 2 5 9 131000 2
1 2 6 2 131500 2
1 2 15 6 131500 2
1 2 14 4 131500 2
1 2 11 8 131500 2
1 2 11 9 131500 2
1 2 11 0 131500 2
1 2 10 5 131500 2
1 2 9 0 131500 2
1 2 7 3 131500 2
1 2 6 3 131500 2
1 2 5 4 131500 2
1 2 4 6 131500 2
1 2 4 4 131500 2
1 2 4 0 131500 2
1 2 3 7 131500 2
1 2 0 2 131500 2
1 2 4 4 132000 2
1 2 12 9 132000 2
1 2 11 3 132000 2
1 2 10 4 132000 2
1 2 10 5 132000 2
1 2 8 2 132000 2
1 2 8 5 132000 2
1 2 6 3 132000 2
1 2 5 9 132000 2
1 2 4 8 132000 2
1 2 1 0 132000 2
1 2 3 2 132000 2
1 2 2 0 132000 2
1 2 7 0 132000 2
1 2 10 6 132500 2
1 2 15 5 132500 2
1 2 14 5 132500 2
1 2 13 4 132500 2
1 2 12 2 132500 2
1 2 11 0 132500 2
1 2 9 6 132500 2
1 2 6 3 132500 2
1 2 4 4 132500 2
1 2 3 6 132500 2
1 2 2 6 132500 2
1 2 2 8 132500 2
1 2 14 2 133000 2
1 2 13 0 133000 2
1 2 12 6 133000 2
1 2 4 1 133000 2
1 2 9 1 133000 2
1 2 7 9 133000 2
1 2 7 8 133000 2
1 2 5 4 133000 2
1 2 4 6 133000 2
1 2 4 1 133000 2
1 2 3 3 133000 2
1 2 2 9 133000 2
1 2 0 2 133000 2
1 2 5 7 133000 2
1 2 10 1 133500 2
1 2 15 5 133500 2
1 2 14 8 133500 2
1 2 14 0 133500 2
1 2 14 5 133500 2
1 2 12 6 133500 2
1 2 11 7 133500 2
1 2 8 2 133500 2
1 2 7 3 133500 2
1 2 6 8 133500 2
1 2 6 8 133500 2
1 2 5 4 133500 2
1 2 4 7 133500 2
1 2 3 8 133500 2
1 2 8 0 133500 2
1 2 3 8 133500 2
1 2 15 3 134000 2
1 2 9 2 134000 2
1 2 10 6 134000 2
1 2 11 9 134000 2
1 2 11 8 134000 2
1 2 11 7 134000 2
1 2 12 6 134000 2
1 2 13 7 134000 2
1 2 15 4 134000 2
1 2 2 9 134000 2
1 2 8 9 134000 2
1 2 7 5 134000 2
1 2 4 4 134000 2
1 2 3 4 134000 2
1 2 3 8 134000 2
1 2 3 7 134000 2
1 2 1 6 134000 2
1 2 0 1 134000 2
1 2 8 2 134000 2
1 2 8 0 134500 2
1 2 9 6 134500 2
1 2 11 7 134500 2
1 2 12 9 134500 2
1 2 12 2 134500 2
1 2 14 4 134500 2
1 2 15 6 134500 2
1 2 15 7 134500 2
1 2 6 3 134500 2
1 2 6 3 134500 2
1 2 5 1 134500 2
1 2 5 3 134500 2
1 2 4 7 134500 2
1 2 4 6 134500 2
1 2 2 4 134500 2
1 2 2 3 134500 2
1 2 1 6 134500 2
1 2 11 2 135000 2
1 2 10 0 135000 2
1 2 11 0 135000 2
1 2 11 4 135000 2
1 2 12 9 135000 2
1 2 12 6 135000 2
1 2 13 8 135000 2
1 2 14 9 135000 2
1 2 14 8 135000 2
1 2 15 2 135000 2
1 2 8 7 135000 2
1 2 8 7 135000 2
1 2 8 0 135000 2
1 2 7 9 135000 2
1 2 6 4 135000 2
1 2 5 2 135000 2
1 2 5 5 135000 2
1 2 5 8 135000 2
1 2 3 8 135000 2
1 2 2 4 135000 2
1 2 1 2 135000 2
1 2 10 3 135500 2
1 2 11 9 135500 2
1 2 12 9 135500 2
1 2 12 7 135500 2
1 2 13 6 135500 2
1 2 13 2 135500 2
1 2 14 8 135500 2
1 2 15 1 135500 2
1 2 15 9 135500 2
1 2 0 8 135500 2
1 2 8 2 135500 2
1 2 8 7 135500 2
1 2 8 9 135500 2
1 2 7 9 135500 2
1 2 7 2 135500 2
1 2 4 2 135500 2
1 2 3 4 135500 2
1 2 0 6 135500 2
1 2 8 7 135500 2
1 2 11 6 136000 2
1 2 12 4 136000 2
1 2 12 8 136000 2
1 2 14 0 136000 2
1 2 14 9 136000 2
1 2 14 8 136000 2
1 2 15 2 136000 2
1 2 15 4 136000 2
1 2 15 9 136000 2
1 2 10 9 136000 2
1 2 8 9 136000 2
1 2 0 2 136000 2
1 2 2 8 136000 2
1 2 2 6 136000 2
1 2 5 2 136000 2
1 2 5 4 136000 2
1 2 6 0 136000 2
1 2 6 7 136000 2
1 2 7 9 136000 2
1 2 8 6 136000 2
1 2 8 4 136000 2
1 2 15 9 136500 2
1 2 15 6 136500 2
1 2 14 4 136500 2
1 2 13 2 136500 2
1 2 13 7 136500 2
1 2 11 2 136500 2
1 2 11 3 136500 2
1 2 11 7 136500 2
1 2 9 2 136500 2
1 2 7 3 136500 2
1 2 6 9 136500 2
1 2 6 9 136500 2
1 2 6 7 136500 2
1 2 4 4 136500 2
1 2 4 3 136500 2
1 2 2 3 136500 2
1 2 0 1 136500 2
1 2 8 7 136500 2
1 2 6 3 137000 2
1 2 6 8 137000 2
1 2 7 2 137000 2
1 2 8 2 137000 2
1 2 9 6 137000 2
1 2 11 0 137000 2
1 2 13 2 137000 2
1 2 13 5 137000 2
1 2 13 5 137000 2
1 2 15 5 137000 2
1 2 15 6 137000 2
1 2 6 0 137000 2
1 2 6 8 137000 2
1 2 5 3 137000 2
1 2 5 5 137000 2
1 2 4 8 137000 2
1 2 4 3 137000 2
1 2 4 1 137000 2
1 2 4 0 137000 2
1 2 3 8 137000 2
1 2 1 1 137000 2
1 2 0 5 137000 2
1 2 8 9 137500 2
1 2 9 6 137500 2
1 2 9 2 137500 2
1 2 11 4 137500 2
1 2 11 4 137500 2
1 2 11 4 137500 2
1 2 13 8 137500 2
1 2 14 0 137500 2
1 2 14 0 137500 2
1 2 7 2 137500 2
1 2 7 3 137500 2
1 2 0 7 137500 2
1 2 1 2 137500 2
1 2 2 3 137500 2
1 2 3 4 137500 2
1 2 4 2 137500 2
1 2 5 2 137500 2
1 2 5 9 137500 2
1 2 6 3 137500 2
1 2 6 9 137500 2
1 2 7 5 138000 2
1 2 15 6 138000 2
1 2 15 0 138000 2
1 2 14 7 138000 2
1 2 14 3 138000 2
1 2 13 2 138000 2
1 2 13 1 138000 2
1 2 11 7 138000 2
1 2 10 0 138000 2
1 2 8 0 138000 2
1 2 7 7 138000 2
1 2 0 5 138000 2
1 2 0 3 138000 2
1 2 0 6 138000 2
1 2 1 1 138000 2
1 2 2 1 138000 2
1 2 3 4 138000 2
1 2 4 0 138000 2
1 2 5 0 138000 2
1 2 6 3 138000 2
1 2 0 3 138500 2
1 2 15 2 138500 2
1 2 15 6 138500 2
1 2 15 8 138500 2
1 2 14 8 138500 2
1 2 11 0 138500 2
1 2 11 3 138500 2
1 2 10 9 138500 2
1 2 8 4 138500 2
1 2 8 7 138500 2
1 2 7 2 138500 2
1 2 6 2 138500 2
1 2 5 9 138500 2
1 2 4 4 138500 2
1 2 3 7 138500 2
1 2 3 5 138500 2
1 2 3 6 138500 2
1 2 2 9 138500 2
1 2 0 8 138500 2
1 2 0 2 138500 2
1 2 6 3 138500 2
1 2 8 1 139000 2
1 2 10 7 139000 2
1 2 11 1 139000 2
1 2 11 9 139000 2
1 2 11 4 139000 2
1 2 13 7 139000 2
1 2 13 7 139000 2
1 2 14 2 139000 2
1 2 15 9 139000 2
1 2 5 9 139000 2
1 2 7 7 139000 2
1 2 8 9 139000 2
1 2 3 8 139000 2
1 2 4 8 139000 2
1 2 4 0 139000 2
1 2 4 9 139000 2
1 2 0 3 139000 2
1 2 6 8 139000 2
1 2 6 9 139000 2
1 2 7 2 139000 2
1 2 15 9 139500 2
1 2 13 2 139500 2
1 2 11 0 139500 2
1 2 11 3 139500 2
1 2 11 9 139500 2
1 2 11 2 139500 2
1 2 11 7 139500 2
1 2 8 9 139500 2
1 2 7 2 139500 2
1 2 6 7 139500 2
1 2 6 0 139500 2
1 2 0 9 139500 2
1 2 2 3 139500 2
1 2 3 8 139500 2
1 2 3 5 139500 2
1 2 3 4 139500 2
1 2 4 7 139500 2
1 2 5 7 139500 2
1 2 6 3 139500 2
1 2 14 8 140000 2
1 2 14 4 140000 2
1 2 13 7 140000 2
1 2 13 8 140000 2
1 2 11 3 140000 2
1 2 11 9 140000 2
1 2 7 9 140000 2
1 2 11 1 140000 2
1 2 9 3 140000 2
1 2 8 2 140000 2
1 2 8 9 140000 2
1 2 6 3 140000 2
1 2 5 9 140000 2
1 2 5 5 140000 2
1 2 4 4 140000 2
1 2 2 7 140000 2
1 2 1 9 140000 2
1 2 6 7 140500 2
1 2 5 9 140500 2
1 2 7 2 140500 2
1 2 7 1 140500 2
1 2 8 3 140500 2
1 2 13 8 140500 2
1 2 13 2 140500 2
1 2 14 5 140500 2
1 2 14 9 140500 2
1 2 14 1 140500 2
1 2 6 3 140500 2
1 2 4 4 140500 2
1 2 4 7 140500 2
1 2 0 9 140500 2
1 2 0 4 140500 2
1 2 0 7 140500 2
1 2 1 9 140500 2
1 2 1 8 140500 2
1 2 1 7 140500 2
1 2 2 9 140500 2
1 2 2 9 140500 2
1 2 3 7 140500 2
1 2 4 1 140500 2
1 2 15 4 141000 2
1 2 15 8 141000 2
1 2 11 3 141000 2
1 2 11 5 141000 2
1 2 11 1 141000 2
1 2 9 6 141000 2
1 2 8 3 141000 2
1 2 8 8 141000 2
1 2 8 7 141000 2
1 2 8 0 141000 2
1 2 7 9 141000 2
1 2 7 5 141000 2
1 2 0 1 141000 2
1 2 0 7 141000 2
1 2 1 7 141000 2
1 2 2 8 141000 2
1 2 2 9 141000 2
1 2 3 4 141000 2
1 2 4 0 141000 2
1 2 5 9 141000 2
1 2 5 0 141000 2
1 2 15 3 141500 2
1 2 15 6 141500 2
1 2 14 7 141500 2
1 2 13 7 141500 2
1 2 13 7 141500 2
1 2 11 7 141500 2
1 2 11 9 141500 2
1 2 11 2 141500 2
1 2 8 4 141500 2
1 2 7 8 141500 2
1 2 6 4 141500 2
1 2 6 3 141500 2
1 2 0 2 141500 2
1 2 1 0 141500 2
1 2 1 7 141500 2
1 2 3 3 141500 2
1 2 3 8 141500 2
1 2 4 3 141500 2
1 2 4 4 141500 2
1 2 5 9 141500 2
1 2 6 2 141500 2
1 2 6 5 141500 2
1 2 6 8 142000 2
1 2 15 6 142000 2
1 2 14 5 142000 2
1 2 13 7 142000 2
1 2 13 5 142000 2
1 2 13 8 142000 2
1 2 11 4 142000 2
1 2 11 7 142000 2
1 2 10 8 142000 2
1 2 9 6 142000 2
1 2 7 9 142000 2
1 2 7 7 142000 2
1 2 7 2 142000 2
1 2 6 9 142000 2
1 2 3 7 142000 2
1 2 5 7 142000 2
1 2 4 4 142000 2
1 2 4 9 142000 2
1 2 4 7 142000 2
1 2 8 0 142000 2
1 2 7 7 142500 2
1 2 15 0 142500 2
1 2 8 6 142500 2
1 2 8 9 142500 2
1 2 8 8 142500 2
1 2 11 0 142500 2
1 2 13 7 142500 2
1 2 13 5 142500 2
1 2 15 1 142500 2
1 2 15 9 142500 2
1 2 0 5 142500 2
1 2 6 9 142500 2
1 2 0 8 142500 2
1 2 1 7 142500 2
1 2 3 7 142500 2
1 2 3 4 142500 2
1 2 4 3 142500 2
1 2 4 9 142500 2
1 2 5 2 142500 2
1 2 6 8 142500 2
1 2 9 0 143000 2
1 2 15 6 143000 2
1 2 14 5 143000 2
1 2 13 3 143000 2
1 2 12 4 143000 2
1 2 11 0 143000 2
1 2 9 0 143000 2
1 2 9 7 143000 2
1 2 7 7 143000 2
1 2 6 7 143000 2
1 2 6 9 143000 2
1 2 4 4 143000 2
1 2 2 3 143000 2
1 2 1 2 143000 2
1 2 7 5 143000 2
1 2 10 7 143500 2
1 2 11 8 143500 2
1 2 12 5 143500 2
1 2 14 5 143500 2
1 2 14 0 143500 2
1 2 14 3 143500 2
1 2 14 0 143500 2
1 2 14 2 143500 2
1 2 15 2 143500 2
1 2 11 0 143500 2
1 2 6 7 143500 2
1 2 7 7 143500 2
1 2 0 1 143500 2
1 2 3 3 143500 2
1 2 3 8 143500 2
1 2 4 4 143500 2
1 2 6 7 143500 2
1 2 6 7 143500 2
1 2 0 2 143500 2
1 2 6 3 143500 2
1 2 8 6 144000 2
1 2 15 6 144000 2
1 2 14 1 144000 2
1 2 14 5 144000 2
1 2 13 7 144000 2
1 2 13 7 144000 2
1 2 11 4 144000 2
1 2 10 4 144000 2
1 2 7 3 144000 2
1 2 7 9 144000 2
1 2 6 3 144000 2
1 2 0 1 144000 2
1 2 1 9 144000 2
1 2 2 1 144000 2
1 2 3 9 144000 2
1 2 4 7 144000 2
1 2 5 9 144000 2
1 2 5 8 144000 2
1 2 5 4 144000 2
1 2 6 2 144000 2
1 2 6 9 144000 2
1 2 0 1 144500 2
1 2 14 8 144500 2
1 2 13 4 144500 2
1 2 12 6 144500 2
1 2 12 5 144500 2
1 2 11 0 144500 2
1 2 11 9 144500 2
1 2 10 1 144500 2
1 2 9 6 144500 2
1 2 8 5 144500 2
1 2 6 3 144500 2
1 2 6 3 144500 2
1 2 4 8 144500 2
1 2 2 6 144500 2
1 2 2 4 144500 2
1 2 1 9 144500 2
1 2 0 3 144500 2
1 2 0 2 144500 2
1 2 0 3 144500 2
1 2 7 8 144500 2
1 2 9 7 145000 2
1 2 9 6 145000 2
1 2 11 6 145000 2
1 2 12 2 145000 2
1 2 12 4 145000 2
1 2 14 8 145000 2
1 2 14 3 145000 2
1 2 15 8 145000 2
1 2 15 7 145000 2
1 2 15 2 145000 2
1 2 7 3 145000 2
1 2 8 8 145000 2
1 2 0 2 145000 2
1 2 0 1 145000 2
1 2 2 9 145000 2
1 2 3 2 145000 2
1 2 5 4 145000 2
1 2 5 5 145000 2
1 2 5 6 145000 2
1 2 6 4 145000 2
1 2 7 6 145000 2
1 2 9 6 145500 2
1 2 15 2 145500 2
1 2 15 5 145500 2
1 2 13 0 145500 2
1 2 13 3 145500 2
1 2 12 1 145500 2
1 2 11 0 145500 2
1 2 10 9 145500 2
1 2 9 6 145500 2
1 2 8 0 145500 2
1 2 7 5 145500 2
1 2 5 9 145500 2
1 2 3 0 145500 2
1 2 3 4 145500 2
1 2 1 7 145500 2
1 2 0 4 145500 2
1 2 0 6 145500 2
1 2 9 2 145500 2
1 2 0 2 145500 2
1 2 13 4 146000 2
1 2 7 4 146000 2
1 2 8 7 146000 2
1 2 8 7 146000 2
1 2 9 2 146000 2
1 2 10 5 146000 2
1 2 11 5 146000 2
1 2 11 5 146000 2
1 2 11 7 146000 2
1 2 13 4 146000 2
1 2 15 2 146000 2
1 2 3 8 146000 2
1 2 6 7 146000 2
1 2 6 3 146000 2
1 2 6 5 146000 2
1 2 5 0 146000 2
1 2 5 1 146000 2
1 2 5 3 146000 2
1 2 4 8 146000 2
1 2 3 3 146000 2
1 2 3 8 146000 2
1 2 0 3 146000 2
1 2 7 0 146000 2
1 2 9 2 146500 2
1 2 9 4 146500 2
1 2 11 9 146500 2
1 2 5 8 146500 2
1 2 11 0 146500 2
1 2 13 7 146500 2
1 2 14 1 146500 2
1 2 14 1 146500 2
1 2 14 0 146500 2
1 2 15 3 146500 2
1 2 15 3 146500 2
1 2 8 9 146500 2
1 2 8 3 146500 2
1 2 0 3 146500 2
1 2 0 8 146500 2
1 2 2 8 146500 2
1 2 2 6 146500 2
1 2 3 5 146500 2
1 2 4 7 146500 2
1 2 4 0 146500 2
1 2 6 3 146500 2
1 2 7 2 146500 2
1 2 9 7 147000 2
1 2 15 6 147000 2
1 2 12 6 147000 2
1 2 11 5 147000 2
1 2 11 0 147000 2
1 2 9 4 147000 2
1 2 8 7 147000 2
1 2 6 7 147000 2
1 2 5 6 147000 2
1 2 5 3 147000 2
1 2 4 8 147000 2
1 2 3 6 147000 2
1 2 2 9 147000 2
1 2 6 3 147000 2
1 2 14 5 147500 2
1 2 8 8 147500 2
1 2 10 6 147500 2
1 2 10 9 147500 2
1 2 11 3 147500 2
1 2 11 2 147500 2
1 2 11 0 147500 2
1 2 12 5 147500 2
1 2 13 0 147500 2
1 2 14 3 147500 2
1 2 15 8 147500 2
1 2 15 7 147500 2
1 2 1 8 147500 2
1 2 6 4 147500 2
1 2 0 4 147500 2
1 2 0 2 147500 2
1 2 0 1 147500 2
1 2 3 8 147500 2
1 2 3 7 147500 2
1 2 4 7 147500 2
1 2 4 7 147500 2
1 2 4 3 147500 2
1 2 4 4 147500 2
1 2 5 9 147500 2
1 2 6 5 147500 2
1 2 8 3 147500 2
1 2 15 2 148000 2
1 2 15 6 148000 2
1 2 15 0 148000 2
1 2 11 3 148000 2
1 2 6 7 148000 2
1 2 6 2 148000 2
1 2 5 8 148000 2
1 2 4 1 148000 2
1 2 4 8 148000 2
1 2 0 1 148000 2
1 2 0 3 148000 2
1 2 5 4 148000 2
1 2 7 9 148500 2
1 2 9 6 148500 2
1 2 7 8 148500 2
1 2 9 2 148500 2
1 2 9 9 148500 2
1 2 10 5 148500 2
1 2 14 7 148500 2
1 2 14 8 148500 2
1 2 14 8 148500 2
1 2 15 7 148500 2
1 2 15 6 148500 2
1 2 6 2 148500 2
1 2 0 2 148500 2
1 2 0 3 148500 2
1 2 2 5 148500 2
1 2 2 9 148500 2
1 2 3 1 148500 2
1 2 3 2 148500 2
1 2 4 6 148500 2
1 2 7 3 148500 2
1 2 4 3 148500 2
1 2 4 8 148500 2
1 2 11 4 149000 2
1 2 11 2 149000 2
1 2 11 0 149000 2
1 2 12 9 149000 2
1 2 12 6 149000 2
1 2 11 1 149000 2
1 2 13 5 149000 2
1 2 13 8 149000 2
1 2 13 2 149000 2
1 2 14 3 149000 2
1 2 14 0 149000 2
1 2 15 6 149000 2
1 2 15 9 149000 2
1 2 15 3 149000 2
1 2 4 7 149000 2
1 2 9 0 149000 2
1 2 0 3 149000 2
1 2 0 8 149000 2
1 2 0 8 149000 2
1 2 2 2 149000 2
1 2 3 4 149000 2
1 2 4 6 149000 2
1 2 5 7 149000 2
1 2 6 9 149000 2
1 2 6 3 149000 2
1 2 7 2 149000 2
1 2 8 7 149000 2
1 2 9 1 149000 2
1 2 9 6 149000 2
1 2 10 9 149000 2
1 2 15 3 149500 2
1 2 15 2 149500 2
1 2 15 2 149500 2
1 2 14 4 149500 2
1 2 3 5 149500 2
1 2 11 7 149500 2
1 2 11 4 149500 2
1 2 9 6 149500 2
1 2 6 8 149500 2
1 2 5 3 149500 2
1 2 5 7 149500 2
1 2 0 4 149500 2
1 2 2 0 149500 2
1 2 2 9 149500 2
1 2 3 8 149500 2
1 2 3 3 149500 2
1 2 4 1 149500 2
1 2 4 0 149500 2
1 2 15 2 150000 2
1 2 15 8 150000 2
1 2 14 2 150000 2
1 2 14 6 150000 2
1 2 13 5 150000 2
1 2 12 4 150000 2
1 2 12 3 150000 2
1 2 11 5 150000 2
1 2 8 3 150000 2
1 2 4 3 150000 2
1 2 7 6 150000 2
1 2 0 3 150000 2
1 2 4 3 150000 2
1 2 4 0 150000 2
1 2 4 6 150000 2
1 2 4 4 150000 2
1 2 5 3 150000 2
1 2 5 4 150000 2
1 2 6 6 150000 2
1 2 10 6 150500 2
1 2 15 1 150500 2
1 2 15 0 150500 2
1 2 14 0 150500 2
1 2 14 8 150500 2
1 2 11 1 150500 2
1 2 11 5 150500 2
1 2 10 4 150500 2
1 2 9 2 150500 2
1 2 8 9 150500 2
1 2 7 8 150500 2
1 2 6 9 150500 2
1 2 4 7 150500 2
1 2 2 6 150500 2
1 2 0 7 150500 2
1 2 15 7 151000 2
1 2 13 3 151000 2
1 2 13 8 151000 2
1 2 13 8 151000 2
1 2 12 9 151000 2
1 2 12 6 151000 2
1 2 11 8 151000 2
1 2 11 3 151000 2
1 2 11 9 151000 2
1 2 9 3 151000 2
1 2 10 6 151000 2
1 2 0 2 151000 2
1 2 2 3 151000 2
1 2 2 6 151000 2
1 2 3 2 151000 2
1 2 4 4 151000 2
1 2 5 9 151000 2
1 2 6 5 151000 2
1 2 8 6 151000 2
1 2 15 7 151500 2
1 2 14 8 151500 2
1 2 14 1 151500 2
1 2 13 3 151500 2
1 2 12 2 151500 2
1 2 12 8 151500 2
1 2 11 1 151500 2
1 2 11 1 151500 2
1 2 11 5 151500 2
1 2 10 6 151500 2
1 2 9 5 151500 2
1 2 0 9 151500 2
1 2 8 4 151500 2
1 2 2 8 151500 2
1 2 3 9 151500 2
1 2 3 2 151500 2
1 2 4 3 151500 2
1 2 4 6 151500 2
1 2 4 8 151500 2
1 2 5 0 151500 2
1 2 6 3 151500 2
1 2 7 3 151500 2
1 2 6 9 152000 2
1 2 14 0 152000 2
1 2 13 8 152000 2
1 2 12 5 152000 2
1 2 10 6 152000 2
1 2 10 9 152000 2
1 2 9 3 152000 2
1 2 8 8 152000 2
1 2 7 8 152000 2
1 2 6 3 152000 2
1 2 5 5 152000 2
1 2 5 9 152000 2
1 2 4 9 152000 2
1 2 4 8 152000 2
1 2 2 2 152000 2
1 2 2 8 152000 2
1 2 0 2 152000 2
1 2 6 8 152000 2
1 2 8 9 152500 2
1 2 8 2 152500 2
1 2 8 3 152500 2
1 2 10 7 152500 2
1 2 11 0 152500 2
1 2 11 4 152500 2
1 2 12 4 152500 2
1 2 12 8 152500 2
1 2 13 6 152500 2
1 2 13 9 152500 2
1 2 14 4 152500 2
1 2 15 5 152500 2
1 2 7 4 152500 2
1 2 7 8 152500 2
1 2 0 4 152500 2
1 2 0 4 152500 2
1 2 2 7 152500 2
1 2 2 9 152500 2
1 2 2 5 152500 2
1 2 3 9 152500 2
1 2 3 4 152500 2
1 2 4 8 152500 2
1 2 5 4 152500 2
1 2 6 3 152500 2
1 2 4 7 153000 2
1 2 14 7 153000 2
1 2 14 3 153000 2
1 2 13 1 153000 2
1 2 10 8 153000 2
1 2 9 5 153000 2
1 2 9 6 153000 2
1 2 8 7 153000 2
1 2 8 0 153000 2
1 2 7 4 153000 2
1 2 6 9 153000 2
1 2 5 3 153000 2
1 2 4 4 153000 2
1 2 4 9 153000 2
1 2 3 4 153000 2
1 2 3 4 153000 2
1 2 2 4 153000 2
1 2 1 4 153000 2
1 2 0 3 153000 2
1 2 3 8 153500 2
1 2 13 8 153500 2
1 2 12 4 153500 2
1 2 11 4 153500 2
1 2 11 6 153500 2
1 2 8 0 153500 2
1 2 7 9 153500 2
1 2 5 1 153500 2
1 2 5 7 153500 2
1 2 1 4 153500 2
1 2 7 8 153500 2
1 2 10 9 154000 2
1 2 15 0 154000 2
1 2 14 1 154000 2
1 2 14 1 154000 2
1 2 13 4 154000 2
1 2 13 5 154000 2
1 2 12 4 154000 2
1 2 11 1 154000 2
1 2 10 4 154000 2
1 2 8 9 154000 2
1 2 8 0 154000 2
1 2 8 8 154000 2
1 2 7 7 154000 2
1 2 7 9 154000 2
1 2 4 6 154000 2
1 2 3 8 154000 2
1 2 0 4 154000 2
1 2 9 3 154500 2
1 2 15 4 154500 2
1 2 15 2 154500 2
1 2 14 0 154500 2
1 2 13 6 154500 2
1 2 11 0 154500 2
1 2 3 8 154500 2
1 2 4 3 154500 2
1 2 3 8 154500 2
1 2 12 4 154500 2
1 2 8 4 155000 2
1 2 15 8 155000 2
1 2 13 2 155000 2
1 2 11 4 155000 2
1 2 11 9 155000 2
1 2 9 6 155000 2
1 2 9 1 155000 2
1 2 8 2 155000 2
1 2 6 7 155000 2
1 2 6 3 155000 2
1 2 1 9 155000 2
1 2 2 8 155000 2
1 2 2 6 155000 2
1 2 3 4 155000 2
1 2 3 7 155000 2
1 2 4 8 155000 2
1 2 4 4 155000 2
1 2 5 9 155000 2
1 2 6 4 155000 2
1 2 7 8 155500 2
1 2 15 3 155500 2
1 2 15 0 155500 2
1 2 14 9 155500 2
1 2 14 8 155500 2
1 2 13 4 155500 2
1 2 13 2 155500 2
1 2 12 1 155500 2
1 2 7 4 155500 2
1 2 6 7 155500 2
1 2 5 2 155500 2
1 2 4 7 155500 2
1 2 3 4 155500 2
1 2 2 2 155500 2
1 2 2 1 155500 2
1 2 9 5 155500 2
1 2 7 5 156000 2
1 2 15 4 156000 2
1 2 15 2 156000 2
1 2 14 8 156000 2
1 2 13 5 156000 2
1 2 8 9 156000 2
1 2 6 6 156000 2
1 2 5 4 156000 2
1 2 5 9 156000 2
1 2 3 4 156000 2
1 2 3 4 156000 2
1 2 1 0 156000 2
1 2 3 7 156500 2
1 2 15 2 156500 2
1 2 14 9 156500 2
1 2 12 5 156500 2
1 2 12 2 156500 2
1 2 11 4 156500 2
1 2 11 7 156500 2
1 2 8 4 156500 2
1 2 8 4 156500 2
1 2 7 9 156500 2
1 2 7 9 156500 2
1 2 7 7 156500 2
1 2 4 6 156500 2
1 2 3 9 156500 2
1 2 0 9 156500 2
1 2 2 4 156500 2
1 2 7 8 156500 2
1 2 6 0 157000 2
1 2 15 7 157000 2
1 2 11 6 157000 2
1 2 11 4 157000 2
1 2 8 9 157000 2
1 2 8 7 157000 2
1 2 7 8 157000 2
1 2 6 3 157000 2
1 2 6 0 157000 2
1 2 4 3 157000 2
1 2 3 7 157000 2
1 2 3 8 157000 2
1 2 2 9 157000 2
1 2 2 6 157000 2
1 2 1 4 157000 2
1 2 2 9 157500 2
1 2 15 8 157500 2
1 2 14 3 157500 2
1 2 14 5 157500 2
1 2 13 9 157500 2
1 2 12 8 157500 2
1 2 12 6 157500 2
1 2 9 5 157500 2
1 2 8 7 157500 2
1 2 8 9 157500 2
1 2 7 4 157500 2
1 2 7 7 157500 2
1 2 3 4 157500 2
1 2 3 4 157500 2
1 2 9 0 157500 2
1 2 1 9 157500 2
1 2 8 9 158000 2
1 2 8 3 158000 2
1 2 8 8 158000 2
1 2 9 3 158000 2
1 2 9 7 158000 2
1 2 11 7 158000 2
1 2 12 5 158000 2
1 2 14 2 158000 2
1 2 13 1 158000 2
1 2 4 6 158000 2
1 2 6 8 158000 2
1 2 0 3 158000 2
1 2 1 9 158000 2
1 2 1 2 158000 2
1 2 2 3 158000 2
1 2 3 9 158000 2
1 2 4 8 158000 2
1 2 4 3 158000 2
1 2 7 6 158500 2
1 2 14 3 158500 2
1 2 13 8 158500 2
1 2 11 4 158500 2
1 2 8 2 158500 2
1 2 8 2 158500 2
1 2 8 9 158500 2
1 2 7 5 158500 2
1 2 6 5 158500 2
1 2 6 3 158500 2
1 2 5 9 158500 2
1 2 3 9 158500 2
1 2 3 2 158500 2
1 2 3 5 158500 2
1 2 1 2 158500 2
1 2 5 8 159000 2
1 2 15 7 159000 2
1 2 13 7 159000 2
1 2 12 5 159000 2
1 2 10 8 159000 2
1 2 8 9 159000 2
1 2 8 7 159000 2
1 2 7 9 159000 2
1 2 6 7 159000 2
1 2 5 9 159000 2
1 2 5 9 159000 2
1 2 4 0 159000 2
1 2 2 9 159000 2
1 2 2 8 159000 2
1 2 1 4 159000 2
1 2 0 3 159000 2
1 2 6 4 159000 2
1 2 11 9 159500 2
1 2 14 8 159500 2
1 2 14 4 159500 2
1 2 13 1 159500 2
1 2 13 4 159500 2
1 2 13 6 159500 2
1 2 13 7 159500 2
1 2 12 2 159500 2
1 2 9 1 159500 2
1 2 8 9 159500 2
1 2 8 5 159500 2
1 2 6 6 159500 2
1 2 5 9 159500 2
1 2 4 9 159500 2
1 2 4 4 159500 2
1 2 11 7 160000 2
1 2 13 5 160000 2
1 2 12 4 160000 2
1 2 9 2 160000 2
1 2 8 2 160000 2
1 2 8 0 160000 2
1 2 8 7 160000 2
1 2 7 7 160000 2
1 2 5 9 160000 2
1 2 4 5 160000 2
1 2 4 8 160000 2
1 2 0 8 160000 2
1 2 4 3 160000 2
1 2 0 2 160000 2
1 2 8 7 160000 2
1 2 9 3 160500 2
1 2 8 8 160500 2
1 2 9 6 160500 2
1 2 11 2 160500 2
1 2 12 0 160500 2
1 2 12 5 160500 2
1 2 14 9 160500 2
1 2 14 0 160500 2
1 2 14 9 160500 2
1 2 14 9 160500 2
1 2 15 2 160500 2
1 2 8 2 160500 2
1 2 1 5 160500 2
1 2 1 7 160500 2
1 2 1 4 160500 2
1 2 2 9 160500 2
1 2 2 7 160500 2
1 2 3 4 160500 2
1 2 3 9 160500 2
1 2 6 2 160500 2
1 2 6 7 160500 2
1 2 6 3 160500 2
1 2 3 8 161000 2
1 2 15 4 161000 2
1 2 14 9 161000 2
1 2 14 2 161000 2
1 2 12 4 161000 2
1 2 11 1 161000 2
1 2 10 2 161000 2
1 2 10 9 161000 2
1 2 9 1 161000 2
1 2 6 2 161000 2
1 2 0 2 161000 2
1 2 3 9 161000 2
1 2 3 7 161000 2
1 2 3 6 161000 2
1 2 6 3 161000 2
1 2 3 4 161000 2
1 2 5 1 161000 2
1 2 5 8 161000 2
1 2 8 7 161500 2
1 2 8 3 161500 2
1 2 9 1 161500 2
1 2 10 0 161500 2
1 2 10 7 161500 2
1 2 11 8 161500 2
1 2 11 9 161500 2
1 2 11 0 161500 2
1 2 11 4 161500 2
1 2 12 4 161500 2
1 2 13 8 161500 2
1 2 13 1 161500 2
1 2 13 6 161500 2
1 2 13 2 161500 2
1 2 14 6 161500 2
1 2 14 3 161500 2
1 2 14 8 161500 2
1 2 14 1 161500 2
1 2 15 3 161500 2
1 2 3 4 161500 2
1 2 6 9 161500 2
1 2 6 7 161500 2
1 2 0 9 161500 2
1 2 1 4 161500 2
1 2 2 5 161500 2
1 2 2 9 161500 2
1 2 2 8 161500 2
1 2 3 3 161500 2
1 2 3 5 161500 2
1 2 3 3 161500 2
1 2 4 9 161500 2
1 2 6 5 161500 2
1 2 6 0 161500 2
1 2 5 3 161500 2
1 2 5 8 161500 2
1 2 4 0 161500 2
1 2 4 4 161500 2
1 2 4 7 161500 2
1 2 0 9 161500 2
1 2 14 2 162000 2
1 2 14 9 162000 2
1 2 14 4 162000 2
1 2 14 7 162000 2
1 2 5 8 162000 2
1 2 12 5 162000 2
1 2 12 3 162000 2
1 2 11 4 162000 2
1 2 7 3 162000 2
1 2 6 7 162000 2
1 2 3 1 162000 2
1 2 3 9 162000 2
1 2 3 4 162000 2
1 2 1 9 162000 2
1 2 11 9 162000 2
1 2 6 0 162500 2
1 2 7 9 162500 2
1 2 8 9 162500 2
1 2 9 1 162500 2
1 2 10 7 162500 2
1 2 10 3 162500 2
1 2 11 7 162500 2
1 2 11 0 162500 2
1 2 12 6 162500 2
1 2 14 1 162500 2
1 2 14 6 162500 2
1 2 14 2 162500 2
1 2 15 0 162500 2
1 2 5 8 162500 2
1 2 6 4 162500 2
1 2 0 5 162500 2
1 2 1 7 162500 2
1 2 1 2 162500 2
1 2 2 8 162500 2
1 2 2 2 162500 2
1 2 3 8 162500 2
1 2 4 7 162500 2
1 2 4 4 162500 2
1 2 4 8 162500 2
1 2 4 7 162500 2
1 2 5 4 162500 2
1 2 6 5 163000 2
1 2 15 6 163000 2
1 2 15 6 163000 2
1 2 12 4 163000 2
1 2 12 8 163000 2
1 2 10 9 163000 2
1 2 10 4 163000 2
1 2 7 1 163000 2
1 2 6 7 163000 2
1 2 6 8 163000 2
1 2 6 8 163000 2
1 2 5 9 163000 2
1 2 4 4 163000 2
1 2 4 9 163000 2
1 2 3 8 163000 2
1 2 3 4 163000 2
1 2 2 8 163000 2
1 2 0 8 163000 2
1 2 6 0 163500 2
1 2 2 9 163500 2
1 2 6 0 163500 2
1 2 6 4 163500 2
1 2 6 7 163500 2
1 2 6 9 163500 2
1 2 7 4 163500 2
1 2 7 3 163500 2
1 2 7 7 163500 2
1 2 12 8 163500 2
1 2 12 5 163500 2
1 2 13 4 163500 2
1 2 13 1 163500 2
1 2 14 8 163500 2
1 2 5 3 163500 2
1 2 0 1 163500 2
1 2 0 5 163500 2
1 2 1 3 163500 2
1 2 1 5 163500 2
1 2 2 2 163500 2
1 2 2 2 163500 2
1 2 3 9 163500 2
1 2 2 4 163500 2
1 2 3 8 163500 2
1 2 3 9 163500 2
1 2 4 8 163500 2
1 2 4 2 163500 2
1 2 5 8 163500 2
1 2 8 9 164000 2
1 2 10 0 164000 2
1 2 10 7 164000 2
1 2 10 5 164000 2
1 2 11 9 164000 2
1 2 12 2 164000 2
1 2 12 5 164000 2
1 2 13 4 164000 2
1 2 14 9 164000 2
1 2 14 8 164000 2
1 2 14 1 164000 2
1 2 14 7 164000 2
1 2 5 3 164000 2
1 2 6 1 164000 2
1 2 7 2 164000 2
1 2 0 4 164000 2
1 2 1 9 164000 2
1 2 2 7 164000 2
1 2 3 4 164000 2
1 2 3 6 164000 2
1 2 4 5 164000 2
1 2 5 9 164000 2
1 2 5 5 164000 2
1 2 5 9 164000 2
1 2 6 8 164000 2
1 2 3 8 164000 2
1 2 8 7 164500 2
1 2 9 2 164500 2
1 2 10 9 164500 2
1 2 10 8 164500 2
1 2 10 7 164500 2
1 2 11 0 164500 2
1 2 11 9 164500 2
1 2 11 0 164500 2
1 2 11 0 164500 2
1 2 11 0 164500 2
1 2 12 2 164500 2
1 2 14 1 164500 2
1 2 14 1 164500 2
1 2 14 2 164500 2
1 2 15 0 164500 2
1 2 15 7 164500 2
1 2 15 3 164500 2
1 2 8 9 164500 2
1 2 0 9 164500 2
1 2 0 2 164500 2
1 2 0 2 164500 2
1 2 1 5 164500 2
1 2 1 9 164500 2
1 2 2 9 164500 2
1 2 2 4 164500 2
1 2 3 5 164500 2
1 2 3 4 164500 2
1 2 4 2 164500 2
1 2 4 5 164500 2
1 2 5 9 164500 2
1 2 5 8 164500 2
1 2 5 3 164500 2
1 2 8 6 164500 2
1 2 3 3 164500 2
1 2 6 9 165000 2
1 2 6 3 165000 2
1 2 7 4 165000 2
1 2 7 2 165000 2
1 2 10 0 165000 2
1 2 10 9 165000 2
1 2 11 9 165000 2
1 2 12 7 165000 2
1 2 13 3 165000 2
1 2 14 8 165000 2
1 2 14 9 165000 2
1 2 15 4 165000 2
1 2 4 9 165000 2
1 2 6 2 165000 2
1 2 6 7 165000 2
1 2 1 0 165000 2
1 2 1 9 165000 2
1 2 1 7 165000 2
1 2 2 8 165000 2
1 2 2 6 165000 2
1 2 4 4 165000 2
1 2 4 8 165000 2
1 2 4 7 165000 2
1 2 0 9 165000 2
1 2 5 7 165000 2
1 2 2 8 165000 2
1 2 8 9 165500 2
1 2 8 3 165500 2
1 2 9 5 165500 2
1 2 9 1 165500 2
1 2 10 1 165500 2
1 2 11 0 165500 2
1 2 11 4 165500 2
1 2 12 9 165500 2
1 2 12 2 165500 2
1 2 12 6 165500 2
1 2 12 9 165500 2
1 2 13 4 165500 2
1 2 6 3 165500 2
1 2 6 0 165500 2
1 2 0 8 165500 2
1 2 0 2 165500 2
1 2 1 9 165500 2
1 2 1 1 165500 2
1 2 1 5 165500 2
1 2 3 4 165500 2
1 2 3 2 165500 2
1 2 3 3 165500 2
1 2 4 7 165500 2
1 2 4 5 165500 2
1 2 5 9 165500 2
1 2 6 3 165500 2
1 2 7 5 166000 2
1 2 8 7 166000 2
1 2 9 7 166000 2
1 2 10 1 166000 2
1 2 10 7 166000 2
1 2 10 4 166000 2
1 2 12 5 166000 2
1 2 14 0 166000 2
1 2 14 4 166000 2
1 2 14 1 166000 2
1 2 15 6 166000 2
1 2 15 3 166000 2
1 2 5 3 166000 2
1 2 5 2 166000 2
1 2 0 4 166000 2
1 2 0 3 166000 2
1 2 0 6 166000 2
1 2 0 8 166000 2
1 2 0 9 166000 2
1 2 2 0 166000 2
1 2 2 7 166000 2
1 2 3 4 166000 2
1 2 4 0 166000 2
1 2 5 9 166000 2
1 2 5 0 166000 2
1 2 14 9 166500 2
1 2 10 8 166500 2
1 2 10 0 166500 2
1 2 10 8 166500 2
1 2 10 5 166500 2
1 2 12 1 166500 2
1 2 12 6 166500 2
1 2 13 5 166500 2
1 2 13 1 166500 2
1 2 13 2 166500 2
1 2 14 2 166500 2
1 2 14 0 166500 2
1 2 14 3 166500 2
1 2 15 7 166500 2
1 2 0 8 166500 2
1 2 7 9 166500 2
1 2 0 5 166500 2
1 2 1 9 166500 2
1 2 2 2 166500 2
1 2 2 9 166500 2
1 2 3 8 166500 2
1 2 3 2 166500 2
1 2 6 0 166500 2
1 2 5 8 166500 2
1 2 4 4 166500 2
1 2 4 4 166500 2
1 2 3 5 166500 2
1 2 3 9 166500 2
1 2 6 2 167000 2
1 2 14 0 167000 2
1 2 13 3 167000 2
1 2 13 6 167000 2
1 2 10 9 167000 2
1 2 10 0 167000 2
1 2 8 8 167000 2
1 2 7 7 167000 2
1 2 6 4 167000 2
1 2 6 5 167000 2
1 2 4 6 167000 2
1 2 5 9 167000 2
1 2 0 3 167000 2
1 2 0 2 167000 2
1 2 2 5 167000 2
1 2 3 4 167000 2
1 2 3 7 167000 2
1 2 3 9 167000 2
1 2 3 4 167000 2
1 2 4 0 167000 2
1 2 10 7 167500 2
1 2 10 4 167500 2
1 2 10 9 167500 2
1 2 11 9 167500 2
1 2 11 9 167500 2
1 2 11 9 167500 2
1 2 11 0 167500 2
1 2 12 2 167500 2
1 2 13 5 167500 2
1 2 13 2 167500 2
1 2 14 7 167500 2
1 2 14 1 167500 2
1 2 14 3 167500 2
1 2 15 9 167500 2
1 2 5 9 167500 2
1 2 9 0 167500 2
1 2 9 5 167500 2
1 2 0 2 167500 2
1 2 2 2 167500 2
1 2 2 9 167500 2
1 2 3 2 167500 2
1 2 3 7 167500 2
1 2 3 4 167500 2
1 2 4 6 167500 2
1 2 5 3 167500 2
1 2 0 6 167500 2
1 2 6 7 167500 2
1 2 7 8 167500 2
1 2 7 3 167500 2
1 2 4 4 167500 2
1 2 8 3 168000 2
1 2 9 9 168000 2
1 2 10 0 168000 2
1 2 10 9 168000 2
1 2 10 9 168000 2
1 2 11 0 168000 2
1 2 11 4 168000 2
1 2 13 4 168000 2
1 2 13 2 168000 2
1 2 14 4 168000 2
1 2 15 5 168000 2
1 2 10 7 168000 2
1 2 6 9 168000 2
1 2 8 9 168000 2
1 2 0 3 168000 2
1 2 1 7 168000 2
1 2 1 7 168000 2
1 2 3 8 168000 2
1 2 3 2 168000 2
1 2 4 4 168000 2
1 2 0 5 168000 2
1 2 5 9 168000 2
1 2 6 2 168000 2
1 2 6 3 168000 2
1 2 15 7 168500 2
1 2 15 7 168500 2
1 2 15 8 168500 2
1 2 14 7 168500 2
1 2 14 3 168500 2
1 2 12 4 168500 2
1 2 8 1 168500 2
1 2 12 2 168500 2
1 2 10 5 168500 2
1 2 9 7 168500 2
1 2 9 0 168500 2
1 2 8 6 168500 2
1 2 7 7 168500 2
1 2 5 0 168500 2
1 2 4 9 168500 2
1 2 0 8 168500 2
1 2 0 1 168500 2
1 2 0 5 168500 2
1 2 15 3 169000 2
1 2 15 6 169000 2
1 2 3 8 169000 2
1 2 14 2 169000 2
1 2 12 6 169000 2
1 2 11 4 169000 2
1 2 9 8 169000 2
1 2 8 5 169000 2
1 2 7 9 169000 2
1 2 6 6 169000 2
1 2 4 5 169000 2
1 2 3 6 169000 2
1 2 2 9 169000 2
1 2 9 2 169000 2
1 2 8 9 169500 2
1 2 14 8 169500 2
1 2 8 7 169500 2
1 2 9 2 169500 2
1 2 9 5 169500 2
1 2 10 1 169500 2
1 2 11 4 169500 2
1 2 11 0 169500 2
1 2 13 3 169500 2
1 2 13 5 169500 2
1 2 14 4 169500 2
1 2 7 8 169500 2
1 2 7 0 169500 2
1 2 0 8 169500 2
1 2 1 2 169500 2
1 2 2 9 169500 2
1 2 2 5 169500 2
1 2 3 4 169500 2
1 2 3 0 169500 2
1 2 4 7 169500 2
1 2 4 8 169500 2
1 2 5 8 169500 2
1 2 15 5 170000 2
1 2 15 6 170000 2
1 2 15 5 170000 2
1 2 14 0 170000 2
1 2 13 8 170000 2
1 2 12 2 170000 2
1 2 12 9 170000 2
1 2 4 1 170000 2
1 2 12 8 170000 2
1 2 11 7 170000 2
1 2 4 6 170000 2
1 2 4 1 170000 2
1 2 3 1 170000 2
1 2 1 4 170000 2
1 2 1 3 170000 2
1 2 0 8 170000 2
1 2 0 3 170000 2
1 2 0 8 170000 2
1 2 15 7 170500 2
1 2 2 6 170500 2
1 2 15 6 170500 2
1 2 13 6 170500 2
1 2 12 6 170500 2
1 2 12 6 170500 2
1 2 11 4 170500 2
1 2 11 0 170500 2
1 2 11 0 170500 2
1 2 0 3 170500 2
1 2 4 6 170500 2
1 2 11 1 170500 2
1 2 9 9 170500 2
1 2 15 2 171000 2
1 2 15 9 171000 2
1 2 15 5 171000 2
1 2 14 9 171000 2
1 2 14 0 171000 2
1 2 14 6 171000 2
1 2 13 0 171000 2
1 2 12 8 171000 2
1 2 12 4 171000 2
1 2 12 6 171000 2
1 2 12 8 171000 2
1 2 10 8 171000 2
1 2 9 4 171000 2
1 2 10 5 171000 2
1 2 0 1 171000 2
1 2 1 6 171000 2
1 2 1 9 171000 2
1 2 2 7 171000 2
1 2 2 5 171000 2
1 2 4 3 171000 2
1 2 4 2 171000 2
1 2 6 8 171000 2
1 2 7 9 171000 2
1 2 9 0 171000 2
1 2 15 5 171500 2
1 2 15 4 171500 2
1 2 14 9 171500 2
1 2 14 1 171500 2
1 2 13 6 171500 2
1 2 12 5 171500 2
1 2 8 7 171500 2
1 2 12 6 171500 2
1 2 10 6 171500 2
1 2 9 3 171500 2
1 2 6 3 171500 2
1 2 6 1 171500 2
1 2 4 6 171500 2
1 2 3 7 171500 2
1 2 1 9 171500 2
1 2 0 8 171500 2
1 2 15 5 172000 2
1 2 15 2 172000 2
1 2 12 8 172000 2
1 2 12 6 172000 2
1 2 11 4 172000 2
1 2 11 3 172000 2
1 2 11 4 172000 2
1 2 10 7 172000 2
1 2 7 3 172000 2
1 2 8 7 172000 2
1 2 0 3 172000 2
1 2 1 6 172000 2
1 2 2 7 172000 2
1 2 3 6 172000 2
1 2 4 6 172000 2
1 2 5 5 172000 2
1 2 2 6 172000 2
1 2 12 8 172500 2
1 2 15 9 172500 2
1 2 15 8 172500 2
1 2 14 8 172500 2
1 2 13 2 172500 2
1 2 12 4 172500 2
1 2 11 0 172500 2
1 2 10 5 172500 2
1 2 9 4 172500 2
1 2 9 0 172500 2
1 2 5 6 172500 2
1 2 4 6 172500 2
1 2 4 0 172500 2
1 2 3 1 172500 2
1 2 2 8 172500 2
1 2 15 1 173000 2
1 2 15 2 173000 2
1 2 14 9 173000 2
1 2 14 8 173000 2
1 2 13 6 173000 2
1 2 12 8 173000 2
1 2 12 8 173000 2
1 2 11 1 173000 2
1 2 11 1 173000 2
1 2 10 4 173000 2
1 2 7 0 173000 2
1 2 3 8 173000 2
1 2 1 1 173000 2
1 2 1 2 173000 2
1 2 11 1 173000 2
1 2 11 0 173500 2
1 2 15 9 173500 2
1 2 13 0 173500 2
1 2 13 4 173500 2
1 2 13 3 173500 2
1 2 12 8 173500 2
1 2 8 9 173500 2
1 2 8 5 173500 2
1 2 6 1 173500 2
1 2 4 1 173500 2
1 2 1 9 173500 2
1 2 1 3 173500 2
1 2 0 9 173500 2
1 2 0 4 173500 2
1 2 15 0 174000 2
1 2 15 4 174000 2
1 2 14 7 174000 2
1 2 12 5 174000 2
1 2 10 6 174000 2
1 2 9 5 174000 2
1 2 7 2 174000 2
1 2 6 3 174000 2
1 2 5 2 174000 2
1 2 4 2 174000 2
1 2 4 9 174000 2
1 2 4 2 174000 2
1 2 3 6 174000 2
1 2 2 2 174000 2
1 2 1 6 174000 2
1 2 0 8 174000 2
1 2 0 8 174000 2
1 2 4 2 174000 2
1 2 8 0 174500 2
1 2 12 8 174500 2
1 2 10 3 174500 2
1 2 10 8 174500 2
1 2 9 7 174500 2
1 2 8 7 174500 2
1 2 6 2 174500 2
1 2 5 3 174500 2
1 2 5 6 174500 2
1 2 4 6 174500 2
1 2 4 2 174500 2
1 2 4 3 174500 2
1 2 9 6 175000 2
1 2 15 2 175000 2
1 2 15 1 175000 2
1 2 15 0 175000 2
1 2 14 3 175000 2
1 2 14 0 175000 2
1 2 11 4 175000 2
1 2 11 6 175000 2
1 2 10 5 175000 2
1 2 10 9 175000 2
1 2 8 8 175000 2
1 2 6 7 175000 2
1 2 4 0 175000 2
1 2 4 6 175000 2
1 2 2 8 175000 2
1 2 2 7 175000 2
1 2 2 8 175000 2
1 2 1 6 175000 2
1 2 0 3 175000 2
1 2 9 4 175500 2
1 2 13 6 175500 2
1 2 13 7 175500 2
1 2 11 4 175500 2
1 2 11 4 175500 2
1 2 10 6 175500 2
1 2 5 0 175500 2
1 2 4 9 175500 2
1 2 4 4 175500 2
1 2 3 8 175500 2
1 2 1 5 175500 2
1 2 1 0 175500 2
1 2 7 5 176000 2
1 2 15 7 176000 2
1 2 15 8 176000 2
1 2 15 4 176000 2
1 2 15 0 176000 2
1 2 14 3 176000 2
1 2 13 6 176000 2
1 2 12 6 176000 2
1 2 11 0 176000 2
1 2 7 9 176000 2
1 2 11 9 176000 2
1 2 1 5 176000 2
1 2 2 0 176000 2
1 2 2 5 176000 2
1 2 3 4 176000 2
1 2 3 0 176000 2
1 2 4 0 176000 2
1 2 11 9 176500 2
1 2 15 7 176500 2
1 2 15 6 176500 2
1 2 14 9 176500 2
1 2 13 6 176500 2
1 2 12 6 176500 2
1 2 11 4 176500 2
1 2 11 8 176500 2
1 2 10 9 176500 2
1 2 6 6 176500 2
1 2 8 0 176500 2
1 2 5 9 176500 2
1 2 4 1 176500 2
1 2 4 3 176500 2
1 2 3 0 176500 2
1 2 2 4 176500 2
1 2 2 6 176500 2
1 2 0 4 176500 2
1 2 0 8 176500 2
1 2 11 9 177000 2
1 2 11 6 177000 2
1 2 11 0 177000 2
1 2 11 0 177000 2
1 2 12 8 177000 2
1 2 14 1 177000 2
1 2 14 4 177000 2
1 2 15 0 177000 2
1 2 15 5 177000 2
1 2 15 7 177000 2
1 2 3 8 177000 2
1 2 9 6 177000 2
1 2 2 2 177000 2
1 2 3 3 177000 2
1 2 4 3 177000 2
1 2 4 0 177000 2
1 2 4 8 177000 2
1 2 5 7 177000 2
1 2 8 7 177000 2
1 2 8 9 177000 2
1 2 9 3 177000 2
1 2 15 7 177500 2
1 2 15 6 177500 2
1 2 14 1 177500 2
1 2 14 2 177500 2
1 2 13 9 177500 2
1 2 8 7 177500 2
1 2 12 6 177500 2
1 2 12 1 177500 2
1 2 11 4 177500 2
1 2 8 7 177500 2
1 2 7 9 177500 2
1 2 6 3 177500 2
1 2 4 6 177500 2
1 2 3 3 177500 2
1 2 2 6 177500 2
1 2 11 4 177500 2
1 2 8 5 178000 2
1 2 15 7 178000 2
1 2 15 2 178000 2
1 2 15 0 178000 2
1 2 14 7 178000 2
1 2 11 7 178000 2
1 2 11 6 178000 2
1 2 10 3 178000 2
1 2 8 9 178000 2
1 2 6 3 178000 2
1 2 6 9 178000 2
1 2 6 9 178000 2
1 2 5 9 178000 2
1 2 4 1 178000 2
1 2 3 8 178000 2
1 2 1 5 178000 2
1 2 5 1 178500 2
1 2 14 5 178500 2
1 2 12 6 178500 2
1 2 11 7 178500 2
1 2 10 6 178500 2
1 2 9 7 178500 2
1 2 8 8 178500 2
1 2 6 7 178500 2
1 2 0 5 178500 2
1 2 5 9 178500 2
1 2 3 5 178500 2
1 2 3 4 178500 2
1 2 1 9 178500 2
1 2 8 6 178500 2
1 2 8 9 179000 2
1 2 15 4 179000 2
1 2 11 6 179000 2
1 2 10 9 179000 2
1 2 8 8 179000 2
1 2 8 0 179000 2
1 2 8 5 179000 2
1 2 8 4 179000 2
1 2 7 4 179000 2
1 2 6 3 179000 2
1 2 4 1 179000 2
1 2 4 3 179000 2
1 2 2 8 179000 2
1 2 0 3 179000 2
1 2 0 4 179000 2
1 2 15 2 179500 2
1 2 15 3 179500 2
1 2 12 6 179500 2
1 2 11 6 179500 2
1 2 10 3 179500 2
1 2 9 1 179500 2
1 2 8 7 179500 2
1 2 7 1 179500 2
1 2 6 2 179500 2
1 2 2 4 179500 2
1 2 3 1 179500 2
1 2 9 5 179500 2
1 2 11 9 180000 2
1 2 15 8 180000 2
1 2 13 8 180000 2
1 2 12 5 180000 2
1 2 11 4 180000 2
1 2 9 6 180000 2
1 2 8 5 180000 2
1 2 6 8 180000 2
1 2 6 5 180000 2
1 2 6 4 180000 2
1 2 5 4 180000 2
1 2 4 7 180000 2
1 2 2 6 180000 2
1 2 0 4 180000 2
1 2 8 7 180500 2
1 2 8 7 180500 2
1 2 10 3 180500 2
1 2 10 1 180500 2
1 2 11 9 180500 2
1 2 11 4 180500 2
1 2 12 4 180500 2
1 2 13 6 180500 2
1 2 15 7 180500 2
1 2 15 2 180500 2
1 2 8 0 180500 2
1 2 3 4 180500 2
1 2 8 7 180500 2
1 2 3 4 180500 2
1 2 3 6 180500 2
1 2 4 6 180500 2
1 2 4 5 180500 2
1 2 5 6 180500 2
1 2 5 2 180500 2
1 2 6 6 180500 2
1 2 6 3 180500 2
1 2 6 7 180500 2
1 2 7 8 181000 2
1 2 15 7 181000 2
1 2 15 7 181000 2
1 2 12 1 181000 2
1 2 12 0 181000 2
1 2 12 1 181000 2
1 2 10 6 181000 2
1 2 9 6 181000 2
1 2 5 0 181000 2
1 2 4 8 181000 2
1 2 4 1 181000 2
1 2 3 4 181000 2
1 2 2 4 181000 2
1 2 2 6 181000 2
1 2 2 4 181000 2
1 2 8 2 181000 2
1 2 9 7 181500 2
1 2 10 6 181500 2
1 2 11 0 181500 2
1 2 13 4 181500 2
1 2 14 9 181500 2
1 2 14 0 181500 2
1 2 15 2 181500 2
1 2 15 2 181500 2
1 2 6 9 181500 2
1 2 8 3 181500 2
1 2 9 5 181500 2
1 2 3 7 181500 2
1 2 3 8 181500 2
1 2 6 4 181500 2
1 2 8 6 181500 2
1 2 8 2 181500 2
1 2 0 3 181500 2
1 2 8 1 182000 2
1 2 15 7 182000 2
1 2 15 6 182000 2
1 2 14 4 182000 2
1 2 8 8 182000 2
1 2 6 8 182000 2
1 2 6 6 182000 2
1 2 6 6 182000 2
1 2 5 1 182000 2
1 2 4 8 182000 2
1 2 3 3 182000 2
1 2 3 7 182000 2
1 2 12 5 182500 2
1 2 15 2 182500 2
1 2 15 8 182500 2
1 2 14 0 182500 2
1 2 12 3 182500 2
1 2 12 9 182500 2
1 2 10 1 182500 2
1 2 9 2 182500 2
1 2 6 3 182500 2
1 2 6 5 182500 2
1 2 6 6 182500 2
1 2 4 4 182500 2
1 2 4 3 182500 2
1 2 2 4 182500 2
1 2 0 6 182500 2
1 2 8 4 182500 2
1 2 8 4 183000 2
1 2 15 9 183000 2
1 2 15 2 183000 2
1 2 15 6 183000 2
1 2 14 9 183000 2
1 2 11 7 183000 2
1 2 10 2 183000 2
1 2 9 6 183000 2
1 2 8 6 183000 2
1 2 6 7 183000 2
1 2 4 1 183000 2
1 2 3 3 183000 2
1 2 3 3 183000 2
1 2 3 8 183000 2
1 2 1 9 183000 2
1 2 15 2 183500 2
1 2 15 3 183500 2
1 2 15 6 183500 2
1 2 14 4 183500 2
1 2 13 4 183500 2
1 2 12 6 183500 2
1 2 11 2 183500 2
1 2 9 6 183500 2
1 2 8 3 183500 2
1 2 8 0 183500 2
1 2 8 0 183500 2
1 2 8 6 183500 2
1 2 5 9 183500 2
1 2 0 8 183500 2
1 2 0 4 183500 2
1 2 9 6 183500 2
1 2 8 1 184000 2
1 2 14 9 184000 2
1 2 11 9 184000 2
1 2 11 4 184000 2
1 2 10 4 184000 2
1 2 8 1 184000 2
1 2 6 6 184000 2
1 2 5 7 184000 2
1 2 1 7 184000 2
1 2 0 5 184000 2
1 2 11 1 184500 2
1 2 15 8 184500 2
1 2 14 2 184500 2
1 2 14 0 184500 2
1 2 14 5 184500 2
1 2 13 5 184500 2
1 2 13 3 184500 2
1 2 12 8 184500 2
1 2 11 5 184500 2
1 2 6 1 184500 2
1 2 9 5 184500 2
1 2 0 1 184500 2
1 2 1 6 184500 2
1 2 1 9 184500 2
1 2 2 8 184500 2
1 2 3 4 184500 2
1 2 4 5 184500 2
1 2 4 1 184500 2
1 2 5 4 184500 2
1 2 15 9 185000 2
1 2 13 5 185000 2
1 2 13 5 185000 2
1 2 9 0 185000 2
1 2 9 3 185000 2
1 2 6 2 185000 2
1 2 9 2 185000 2
1 2 7 9 185000 2
1 2 6 6 185000 2
1 2 4 6 185000 2
1 2 4 1 185000 2
1 2 3 8 185000 2
1 2 1 2 185000 2
1 2 1 2 185000 2
1 2 9 9 185500 2
1 2 14 8 185500 2
1 2 14 3 185500 2
1 2 12 4 185500 2
1 2 12 2 185500 2
1 2 12 8 185500 2
1 2 11 3 185500 2
1 2 9 1 185500 2
1 2 4 2 185500 2
1 2 9 5 185500 2
1 2 6 3 185500 2
1 2 5 9 185500 2
1 2 4 0 185500 2
1 2 10 9 185500 2
1 2 6 4 186000 2
1 2 8 9 186000 2
1 2 7 3 186000 2
1 2 8 7 186000 2
1 2 9 6 186000 2
1 2 10 5 186000 2
1 2 11 4 186000 2
1 2 12 9 186000 2
1 2 12 5 186000 2
1 2 12 5 186000 2
1 2 13 4 186000 2
1 2 14 5 186000 2
1 2 15 5 186000 2
1 2 15 9 186000 2
1 2 5 5 186000 2
1 2 0 4 186000 2
1 2 0 2 186000 2
1 2 1 2 186000 2
1 2 1 2 186000 2
1 2 1 8 186000 2
1 2 3 2 186000 2
1 2 4 7 186000 2
1 2 4 7 186000 2
1 2 4 8 186000 2
1 2 5 3 186000 2
1 2 4 2 186000 2
1 2 5 4 186000 2
1 2 5 0 186000 2
1 2 6 7 186500 2
1 2 7 9 186500 2
1 2 7 4 186500 2
1 2 8 7 186500 2
1 2 9 6 186500 2
1 2 9 3 186500 2
1 2 9 0 186500 2
1 2 10 9 186500 2
1 2 12 1 186500 2
1 2 14 2 186500 2
1 2 14 8 186500 2
1 2 15 3 186500 2
1 2 0 0 186500 2
1 2 5 8 186500 2
1 2 0 2 186500 2
1 2 0 3 186500 2
1 2 1 3 186500 2
1 2 3 4 186500 2
1 2 3 4 186500 2
1 2 3 6 186500 2
1 2 3 8 186500 2
1 2 4 5 186500 2
1 2 5 4 186500 2
1 2 5 5 186500 2
1 2 5 6 186500 2
1 2 0 8 187000 2
1 2 15 2 187000 2
1 2 13 5 187000 2
1 2 12 8 187000 2
1 2 11 0 187000 2
1 2 11 2 187000 2
1 2 11 4 187000 2
1 2 10 5 187000 2
1 2 9 2 187000 2
1 2 9 6 187000 2
1 2 8 5 187000 2
1 2 8 4 187000 2
1 2 0 8 187000 2
1 2 0 9 187000 2
1 2 2 5 187000 2
1 2 3 4 187000 2
1 2 4 1 187000 2
1 2 6 4 187000 2
1 2 7 3 187000 2
1 2 7 1 187000 2
1 2 15 6 187500 2
1 2 15 9 187500 2
1 2 14 1 187500 2
1 2 14 7 187500 2
1 2 13 2 187500 2
1 2 13 5 187500 2
1 2 12 8 187500 2
1 2 12 6 187500 2
1 2 11 0 187500 2
1 2 1 8 187500 2
1 2 11 0 187500 2
1 2 0 5 187500 2
1 2 2 1 187500 2
1 2 2 7 187500 2
1 2 2 5 187500 2
1 2 2 1 187500 2
1 2 4 3 187500 2
1 2 4 1 187500 2
1 2 5 3 187500 2
1 2 4 0 188000 2
1 2 14 2 188000 2
1 2 10 6 188000 2
1 2 9 2 188000 2
1 2 8 9 188000 2
1 2 6 6 188000 2
1 2 5 3 188000 2
1 2 4 1 188000 2
1 2 4 2 188000 2
1 2 3 2 188000 2
1 2 3 3 188000 2
1 2 1 6 188000 2
1 2 1 2 188000 2
1 2 1 0 188000 2
1 2 15 8 188500 2
1 2 13 2 188500 2
1 2 13 5 188500 2
1 2 13 4 188500 2
1 2 10 6 188500 2
1 2 9 3 188500 2
1 2 6 9 188500 2
1 2 5 5 188500 2
1 2 6 8 188500 2
1 2 4 6 188500 2
1 2 4 2 188500 2
1 2 3 8 188500 2
1 2 3 3 188500 2
1 2 2 6 188500 2
1 2 2 5 188500 2
1 2 1 4 188500 2
1 2 6 1 188500 2
1 2 5 8 189000 2
1 2 12 4 189000 2
1 2 9 6 189000 2
1 2 7 2 189000 2
1 2 6 5 189000 2
1 2 5 8 189000 2
1 2 4 0 189000 2
1 2 3 2 189000 2
1 2 3 4 189000 2
1 2 1 3 189000 2
1 2 13 6 189500 2
1 2 15 9 189500 2
1 2 12 4 189500 2
1 2 11 4 189500 2
1 2 11 0 189500 2
1 2 11 4 189500 2
1 2 10 4 189500 2
1 2 10 6 189500 2
1 2 10 8 189500 2
1 2 7 7 189500 2
1 2 8 5 189500 2
1 2 1 9 189500 2
1 2 0 3 189500 2
1 2 1 9 189500 2
1 2 2 5 189500 2
1 2 5 5 189500 2
1 2 5 3 189500 2
1 2 7 2 189500 2
1 2 15 8 190000 2
1 2 15 1 190000 2
1 2 15 2 190000 2
1 2 14 8 190000 2
1 2 14 7 190000 2
1 2 14 0 190000 2
1 2 13 6 190000 2
1 2 12 4 190000 2
1 2 12 6 190000 2
1 2 11 6 190000 2
1 2 9 6 190000 2
1 2 8 7 190000 2
1 2 6 1 190000 2
1 2 2 5 190000 2
1 2 3 4 190000 2
1 2 3 4 190000 2
1 2 4 5 190000 2
1 2 4 1 190000 2
1 2 4 9 190000 2
1 2 5 6 190000 2
1 2 5 5 190000 2
1 2 6 3 190000 2
1 2 6 3 190000 2
1 2 2 5 190500 2
1 2 15 0 190500 2
1 2 14 0 190500 2
1 2 13 5 190500 2
1 2 11 3 190500 2
1 2 11 6 190500 2
1 2 9 2 190500 2
1 2 7 5 190500 2
1 2 7 5 190500 2
1 2 6 4 190500 2
1 2 6 3 190500 2
1 2 6 6 190500 2
1 2 5 6 190500 2
1 2 5 7 190500 2
1 2 5 5 190500 2
1 2 4 1 190500 2
1 2 4 8 190500 2
1 2 7 0 190500 2
1 2 9 5 191000 2
1 2 15 0 191000 2
1 2 14 2 191000 2
1 2 14 6 191000 2
1 2 12 5 191000 2
1 2 10 5 191000 2
1 2 9 0 191000 2
1 2 5 0 191000 2
1 2 4 4 191000 2
1 2 4 4 191000 2
1 2 4 2 191000 2
1 2 1 3 191000 2
1 2 0 3 191000 2
1 2 2 0 191500 2
1 2 15 2 191500 2
1 2 14 2 191500 2
1 2 11 4 191500 2
1 2 9 5 191500 2
1 2 9 6 191500 2
1 2 8 5 191500 2
1 2 6 7 191500 2
1 2 6 4 191500 2
1 2 5 9 191500 2
1 2 5 5 191500 2
1 2 3 8 191500 2
1 2 3 8 191500 2
1 2 2 7 191500 2
1 2 1 3 191500 2
1 2 1 0 191500 2
1 2 0 9 191500 2
1 2 6 0 191500 2
1 2 9 6 192000 2
1 2 9 8 192000 2
1 2 10 6 192000 2
1 2 11 2 192000 2
1 2 5 8 192000 2
1 2 12 2 192000 2
1 2 12 6 192000 2
1 2 13 3 192000 2
1 2 15 8 192000 2
1 2 15 3 192000 2
1 2 8 5 192000 2
1 2 9 6 192000 2
1 2 0 0 192000 2
1 2 1 2 192000 2
1 2 2 4 192000 2
1 2 3 4 192000 2
1 2 4 8 192000 2
1 2 7 5 192000 2
1 2 7 6 192000 2
1 2 7 3 192000 2
1 2 7 5 192500 2
1 2 14 0 192500 2
1 2 12 6 192500 2
1 2 11 4 192500 2
1 2 10 7 192500 2
1 2 9 8 192500 2
1 2 9 7 192500 2
1 2 9 5 192500 2
1 2 4 6 192500 2
1 2 2 6 192500 2
1 2 1 1 192500 2
1 2 1 2 192500 2
1 2 0 8 192500 2
1 2 10 9 193000 2
1 2 15 9 193000 2
1 2 15 2 193000 2
1 2 13 4 193000 2
1 2 12 2 193000 2
1 2 12 6 193000 2
1 2 10 7 193000 2
1 2 9 9 193000 2
1 2 8 7 193000 2
1 2 7 9 193000 2
1 2 3 3 193000 2
1 2 2 6 193000 2
1 2 0 7 193000 2
1 2 7 6 193500 2
1 2 14 1 193500 2
1 2 11 6 193500 2
1 2 11 1 193500 2
1 2 8 6 193500 2
1 2 7 1 193500 2
1 2 7 7 193500 2
1 2 6 0 193500 2
1 2 4 0 193500 2
1 2 4 3 193500 2
1 2 2 9 193500 2
1 2 2 9 193500 2
1 2 1 5 193500 2
1 2 0 2 193500 2
1 2 9 3 194000 2
1 2 14 8 194000 2
1 2 12 8 194000 2
1 2 12 4 194000 2
1 2 11 0 194000 2
1 2 10 4 194000 2
1 2 10 8 194000 2
1 2 9 6 194000 2
1 2 7 2 194000 2
1 2 5 5 194000 2
1 2 5 7 194000 2
1 2 4 7 194000 2
1 2 3 8 194000 2
1 2 1 0 194000 2
1 2 1 2 194000 2
1 2 1 4 194000 2
1 2 4 6 194500 2
1 2 12 4 194500 2
1 2 7 9 194500 2
1 2 0 2 194500 2
1 2 7 6 195000 2
1 2 15 1 195000 2
1 2 13 5 195000 2
1 2 13 4 195000 2
1 2 12 6 195000 2
1 2 12 4 195000 2
1 2 12 4 195000 2
1 2 8 7 195000 2
1 2 8 6 195000 2
1 2 5 3 195000 2
1 2 4 6 195000 2
1 2 3 4 195000 2
1 2 3 4 195000 2
1 2 0 4 195000 2
1 2 4 3 195500 2
1 2 13 9 195500 2
1 2 12 4 195500 2
1 2 12 5 195500 2
1 2 12 4 195500 2
1 2 12 2 195500 2
1 2 10 8 195500 2
1 2 8 8 195500 2
1 2 7 6 195500 2
1 2 6 4 195500 2
1 2 6 7 195500 2
1 2 5 9 195500 2
1 2 5 5 195500 2
1 2 4 3 195500 2
1 2 0 8 195500 2
1 2 4 5 195500 2
1 2 3 4 195500 2
1 2 7 5 195500 2
1 2 7 3 196000 2
1 2 15 4 196000 2
1 2 13 5 196000 2
1 2 12 4 196000 2
1 2 12 2 196000 2
1 2 11 0 196000 2
1 2 10 6 196000 2
1 2 9 6 196000 2
1 2 8 4 196000 2
1 2 7 5 196000 2
1 2 3 5 196000 2
1 2 2 2 196000 2
1 2 2 9 196000 2
1 2 10 7 196500 2
1 2 12 2 196500 2
1 2 13 4 196500 2
1 2 1 3 196500 2
1 2 7 2 196500 2
1 2 9 0 196500 2
1 2 1 2 196500 2
1 2 1 4 196500 2
1 2 0 1 197000 2
1 2 0 1 197000 2
1 2 4 6 197000 2
1 2 8 7 197000 2
1 2 8 7 197000 2
1 2 8 9 197000 2
1 2 9 7 197000 2
1 2 11 4 197000 2
1 2 7 4 197500 2
1 2 15 6 197500 2
1 2 14 1 197500 2
1 2 12 7 197500 2
1 2 10 1 197500 2
1 2 9 8 197500 2
1 2 8 7 197500 2
1 2 5 7 197500 2
1 2 4 9 197500 2
1 2 0 3 197500 2
1 2 13 7 198000 2
1 2 15 2 198000 2
1 2 15 9 198000 2
1 2 15 0 198000 2
1 2 13 4 198000 2
1 2 12 5 198000 2
1 2 11 3 198000 2
1 2 11 7 198000 2
1 2 10 1 198000 2
1 2 7 4 198000 2
1 2 7 5 198000 2
1 2 12 2 198000 2
1 2 6 5 198500 2
1 2 15 1 198500 2
1 2 12 8 198500 2
1 2 11 9 198500 2
1 2 9 7 198500 2
1 2 8 0 198500 2
1 2 7 9 198500 2
1 2 7 3 198500 2
1 2 5 3 198500 2
1 2 4 2 198500 2
1 2 3 8 198500 2
1 2 3 0 198500 2
1 2 2 0 198500 2
1 2 1 7 198500 2
1 2 0 1 198500 2
1 2 0 3 198500 2
1 2 13 6 199000 2
1 2 13 6 199000 2
1 2 12 2 199000 2
1 2 11 4 199000 2
1 2 10 9 199000 2
1 2 8 7 199000 2
1 2 5 4 199000 2
1 2 5 9 199000 2
1 2 1 9 199000 2
1 2 1 0 199000 2
1 2 0 6 199000 2
1 2 7 9 199000 2
1 2 10 7 199500 2
1 2 13 5 199500 2
1 2 13 6 199500 2
1 2 12 2 199500 2
1 2 11 4 199500 2
1 2 11 5 199500 2
1 2 11 0 199500 2
1 2 10 1 199500 2
1 2 10 2 199500 2
1 2 5 2 199500 2
1 2 7 3 199500 2
1 2 4 4 199500 2
1 2 3 1 199500 2
1 2 3 2 199500 2
1 2 3 8 199500 2
1 2 2 0 199500 2
1 2 2 6 199500 2
1 2 0 2 199500 2
1 2 5 9 200000 2
1 2 7 5 200000 2
1 2 10 9 200000 2
1 2 10 6 200000 2
1 2 11 4 200000 2
1 2 12 5 200000 2
1 2 12 9 200000 2
1 2 13 6 200000 2
1 2 15 4 200000 2
1 2 3 1 200000 2
1 2 5 5 200000 2
1 2 5 9 200000 2
1 2 5 7 200000 2
1 2 4 2 200000 2
1 2 2 4 200000 2
1 2 2 8 200000 2
1 2 1 2 200000 2
1 2 1 4 200000 2
1 2 5 7 200000 2
1 2 11 4 200500 2
1 2 11 9 200500 2
1 2 11 7 200500 2
1 2 11 0 200500 2
1 2 11 4 200500 2
1 2 12 6 200500 2
1 2 12 6 200500 2
1 2 12 6 200500 2
1 2 13 1 200500 2
1 2 14 4 200500 2
1 2 14 8 200500 2
1 2 15 0 200500 2
1 2 15 4 200500 2
1 2 10 2 200500 2
1 2 10 7 200500 2
1 2 2 8 200500 2
1 2 2 6 200500 2
1 2 3 3 200500 2
1 2 4 1 200500 2
1 2 4 0 200500 2
1 2 8 0 200500 2
1 2 9 5 200500 2
1 2 9 7 200500 2
1 2 9 0 200500 2
1 2 10 9 200500 2
1 2 8 0 200500 2
1 2 9 8 201000 2
1 2 11 2 201000 2
1 2 10 9 201000 2
1 2 10 0 201000 2
1 2 10 4 201000 2
1 2 11 0 201000 2
1 2 11 7 201000 2
1 2 11 4 201000 2
1 2 12 4 201000 2
1 2 13 6 201000 2
1 2 13 6 201000 2
1 2 14 2 201000 2
1 2 14 6 201000 2
1 2 15 5 201000 2
1 2 15 6 201000 2
1 2 15 9 201000 2
1 2 9 0 201000 2
1 2 1 7 201000 2
1 2 2 8 201000 2
1 2 3 4 201000 2
1 2 4 1 201000 2
1 2 4 6 201000 2
1 2 4 0 201000 2
1 2 5 4 201000 2
1 2 6 4 201000 2
1 2 6 4 201000 2
1 2 8 4 201000 2
1 2 8 6 201000 2
1 2 6 5 201000 2
1 2 8 2 201000 2
1 2 9 6 201000 2
1 2 9 6 201000 2
1 2 10 0 201500 2
1 2 10 0 201500 2
1 2 11 7 201500 2
1 2 11 9 201500 2
1 2 11 4 201500 2
1 2 11 4 201500 2
1 2 12 4 201500 2
1 2 13 4 201500 2
1 2 14 9 201500 2
1 2 14 4 201500 2
1 2 14 7 201500 2
1 2 15 0 201500 2
1 2 15 8 201500 2
1 2 15 4 201500 2
1 2 11 9 201500 2
1 2 8 0 201500 2
1 2 8 8 201500 2
1 2 0 0 201500 2
1 2 0 8 201500 2
1 2 1 7 201500 2
1 2 2 0 201500 2
1 2 3 5 201500 2
1 2 3 1 201500 2
1 2 3 2 201500 2
1 2 4 6 201500 2
1 2 4 2 201500 2
1 2 4 0 201500 2
1 2 5 4 201500 2
1 2 5 3 201500 2
1 2 7 4 201500 2
1 2 8 2 201500 2
1 2 9 2 202000 2
1 2 10 0 202000 2
1 2 11 2 202000 2
1 2 11 0 202000 2
1 2 11 4 202000 2
1 2 11 4 202000 2
1 2 12 4 202000 2
1 2 13 4 202000 2
1 2 14 0 202000 2
1 2 14 0 202000 2
1 2 15 2 202000 2
1 2 15 1 202000 2
1 2 15 2 202000 2
1 2 15 1 202000 2
1 2 15 4 202000 2
1 2 15 8 202000 2
1 2 9 3 202000 2
1 2 0 7 202000 2
1 2 0 5 202000 2
1 2 0 9 202000 2
1 2 1 2 202000 2
1 2 3 4 202000 2
1 2 4 8 202000 2
1 2 4 3 202000 2
1 2 5 1 202000 2
1 2 6 8 202000 2
1 2 8 5 202000 2
1 2 8 4 202000 2
1 2 8 7 202000 2
1 2 10 8 202000 2
1 2 5 9 202000 2
1 2 10 7 202500 2
1 2 10 6 202500 2
1 2 11 4 202500 2
1 2 11 4 202500 2
1 2 11 4 202500 2
1 2 11 1 202500 2
1 2 12 8 202500 2
1 2 13 7 202500 2
1 2 13 7 202500 2
1 2 13 8 202500 2
1 2 14 0 202500 2
1 2 15 8 202500 2
1 2 15 7 202500 2
1 2 15 9 202500 2
1 2 10 0 202500 2
1 2 10 8 202500 2
1 2 1 8 202500 2
1 2 2 2 202500 2
1 2 3 6 202500 2
1 2 4 1 202500 2
1 2 4 8 202500 2
1 2 4 0 202500 2
1 2 5 8 202500 2
1 2 5 1 202500 2
1 2 8 2 202500 2
1 2 8 6 202500 2
1 2 8 7 202500 2
1 2 9 2 202500 2
1 2 10 5 203000 2
1 2 10 6 203000 2
1 2 11 9 203000 2
1 2 11 0 203000 2
1 2 11 0 203000 2
1 2 11 7 203000 2
1 2 12 8 203000 2
1 2 12 8 203000 2
1 2 13 0 203000 2
1 2 13 5 203000 2
1 2 14 5 203000 2
1 2 14 4 203000 2
1 2 14 8 203000 2
1 2 15 2 203000 2
1 2 15 6 203000 2
1 2 15 3 203000 2
1 2 15 9 203000 2
1 2 15 0 203000 2
1 2 10 6 203000 2
1 2 2 9 203000 2
1 2 2 2 203000 2
1 2 3 6 203000 2
1 2 3 8 203000 2
1 2 3 4 203000 2
1 2 4 1 203000 2
1 2 4 5 203000 2
1 2 4 0 203000 2
1 2 5 8 203000 2
1 2 5 0 203000 2
1 2 5 4 203000 2
1 2 5 0 203000 2
1 2 6 4 203000 2
1 2 7 6 203000 2
1 2 8 1 203000 2
1 2 8 7 203000 2
1 2 8 7 203000 2
1 2 10 0 203000 2
1 2 11 6 203500 2
1 2 11 9 203500 2
1 2 11 6 203500 2
1 2 11 4 203500 2
1 2 10 7 203500 2
1 2 12 6 203500 2
1 2 12 4 203500 2
1 2 13 3 203500 2
1 2 14 4 203500 2
1 2 14 7 203500 2
1 2 15 8 203500 2
1 2 15 5 203500 2
1 2 15 1 203500 2
1 2 15 9 203500 2
1 2 5 4 203500 2
1 2 0 9 203500 2
1 2 9 3 203500 2
1 2 1 7 203500 2
1 2 1 6 203500 2
1 2 2 8 203500 2
1 2 2 3 203500 2
1 2 4 6 203500 2
1 2 4 0 203500 2
1 2 5 8 203500 2
1 2 8 7 203500 2
1 2 8 7 203500 2
1 2 8 5 203500 2
1 2 8 9 203500 2
1 2 6 6 203500 2
1 2 4 0 203500 2
1 2 10 2 204000 2
1 2 15 4 204000 2
1 2 15 3 204000 2
1 2 15 4 204000 2
1 2 15 8 204000 2
1 2 13 2 204000 2
1 2 12 6 204000 2
1 2 11 7 204000 2
1 2 11 0 204000 2
1 2 11 4 204000 2
1 2 11 0 204000 2
1 2 11 3 204000 2
1 2 10 6 204000 2
1 2 8 8 204000 2
1 2 10 6 204000 2
1 2 1 7 204000 2
1 2 1 0 204000 2
1 2 2 5 204000 2
1 2 3 4 204000 2
1 2 3 8 204000 2
1 2 4 6 204000 2
1 2 4 2 204000 2
1 2 5 9 204000 2
1 2 6 8 204000 2
1 2 8 6 204000 2
1 2 8 9 204000 2
1 2 9 4 204500 2
1 2 10 0 204500 2
1 2 10 0 204500 2
1 2 10 8 204500 2
1 2 10 6 204500 2
1 2 10 3 204500 2
1 2 11 5 204500 2
1 2 11 4 204500 2
1 2 11 7 204500 2
1 2 12 6 204500 2
1 2 14 8 204500 2
1 2 15 2 204500 2
1 2 15 0 204500 2
1 2 4 0 204500 2
1 2 8 2 204500 2
1 2 8 8 204500 2
1 2 1 2 204500 2
1 2 2 8 204500 2
1 2 2 2 204500 2
1 2 3 4 204500 2
1 2 3 0 204500 2
1 2 0 3 204500 2
1 2 5 0 204500 2
1 2 7 4 204500 2
1 2 8 2 204500 2
1 2 8 7 204500 2
1 2 8 3 204500 2
1 2 8 8 205000 2
1 2 8 2 205000 2
1 2 9 8 205000 2
1 2 10 0 205000 2
1 2 10 6 205000 2
1 2 11 1 205000 2
1 2 11 4 205000 2
1 2 11 3 205000 2
1 2 11 5 205000 2
1 2 12 3 205000 2
1 2 12 2 205000 2
1 2 12 6 205000 2
1 2 13 8 205000 2
1 2 14 9 205000 2
1 2 15 0 205000 2
1 2 15 9 205000 2
1 2 8 8 205000 2
1 2 0 3 205000 2
1 2 1 4 205000 2
1 2 1 0 205000 2
1 2 2 9 205000 2
1 2 3 4 205000 2
1 2 3 3 205000 2
1 2 3 3 205000 2
1 2 4 1 205000 2
1 2 4 8 205000 2
1 2 5 0 205000 2
1 2 6 4 205000 2
1 2 6 0 205000 2
1 2 8 7 205000 2
1 2 8 1 205000 2
1 2 8 9 205000 2
1 2 8 4 205500 2
1 2 9 7 205500 2
1 2 10 3 205500 2
1 2 11 7 205500 2
1 2 11 7 205500 2
1 2 13 7 205500 2
1 2 14 0 205500 2
1 2 14 8 205500 2
1 2 15 5 205500 2
1 2 15 2 205500 2
1 2 15 1 205500 2
1 2 10 3 205500 2
1 2 8 2 205500 2
1 2 8 2 205500 2
1 2 1 9 205500 2
1 2 2 8 205500 2
1 2 3 1 205500 2
1 2 4 1 205500 2
1 2 4 8 205500 2
1 2 4 2 205500 2
1 2 5 5 205500 2
1 2 7 9 205500 2
1 2 0 9 205500 2
1 2 4 5 205500 2
1 2 10 6 206000 2
1 2 11 4 206000 2
1 2 11 4 206000 2
1 2 11 4 206000 2
1 2 11 3 206000 2
1 2 11 6 206000 2
1 2 12 6 206000 2
1 2 12 4 206000 2
1 2 13 8 206000 2
1 2 13 2 206000 2
1 2 13 3 206000 2
1 2 14 5 206000 2
1 2 14 0 206000 2
1 2 14 8 206000 2
1 2 15 0 206000 2
1 2 15 8 206000 2
1 2 15 9 206000 2
1 2 15 0 206000 2
1 2 10 8 206000 2
1 2 1 2 206000 2
1 2 1 5 206000 2
1 2 2 5 206000 2
1 2 2 7 206000 2
1 2 3 6 206000 2
1 2 3 3 206000 2
1 2 3 8 206000 2
1 2 4 6 206000 2
1 2 5 4 206000 2
1 2 6 6 206000 2
1 2 6 5 206000 2
1 2 8 6 206000 2
1 2 8 0 206000 2
1 2 8 8 206000 2
1 2 8 0 206000 2
1 2 10 7 206000 2
1 2 5 4 206000 2
1 2 11 6 206500 2
1 2 11 1 206500 2
1 2 11 0 206500 2
1 2 11 7 206500 2
1 2 13 6 206500 2
1 2 13 4 206500 2
1 2 13 4 206500 2
1 2 13 2 206500 2
1 2 14 8 206500 2
1 2 15 0 206500 2
1 2 15 9 206500 2
1 2 15 1 206500 2
1 2 11 3 206500 2
1 2 9 6 206500 2
1 2 10 0 206500 2
1 2 2 2 206500 2
1 2 3 6 206500 2
1 2 3 0 206500 2
1 2 4 6 206500 2
1 2 5 7 206500 2
1 2 5 2 206500 2
1 2 5 1 206500 2
1 2 8 2 206500 2
1 2 8 0 206500 2
1 2 0 3 206500 2
1 2 8 0 206500 2
1 2 8 8 207000 2
1 2 8 7 207000 2
1 2 8 2 207000 2
1 2 8 2 207000 2
1 2 9 9 207000 2
1 2 9 7 207000 2
1 2 10 0 207000 2
1 2 10 5 207000 2
1 2 10 9 207000 2
1 2 11 7 207000 2
1 2 11 4 207000 2
1 2 11 6 207000 2
1 2 11 9 207000 2
1 2 11 4 207000 2
1 2 12 4 207000 2
1 2 13 6 207000 2
1 2 13 6 207000 2
1 2 15 0 207000 2
1 2 15 4 207000 2
1 2 15 9 207000 2
1 2 8 2 207000 2
1 2 0 5 207000 2
1 2 0 8 207000 2
1 2 0 3 207000 2
1 2 1 2 207000 2
1 2 2 8 207000 2
1 2 2 8 207000 2
1 2 3 6 207000 2
1 2 4 2 207000 2
1 2 4 1 207000 2
1 2 4 8 207000 2
1 2 4 0 207000 2
1 2 5 5 207000 2
1 2 5 8 207000 2
1 2 5 5 207000 2
1 2 6 1 207000 2
1 2 6 5 207000 2
1 2 8 7 207000 2
1 2 8 7 207000 2
1 2 8 1 207000 2
1 2 10 0 207500 2
1 2 10 6 207500 2
1 2 11 8 207500 2
1 2 11 7 207500 2
1 2 11 0 207500 2
1 2 9 8 207500 2
1 2 11 0 207500 2
1 2 11 4 207500 2
1 2 12 5 207500 2
1 2 13 7 207500 2
1 2 13 6 207500 2
1 2 14 0 207500 2
1 2 14 8 207500 2
1 2 15 5 207500 2
1 2 15 4 207500 2
1 2 5 9 207500 2
1 2 8 7 207500 2
1 2 8 3 207500 2
1 2 0 4 207500 2
1 2 1 7 207500 2
1 2 1 2 207500 2
1 2 3 4 207500 2
1 2 3 5 207500 2
1 2 4 6 207500 2
1 2 4 8 207500 2
1 2 4 0 207500 2
1 2 5 9 207500 2
1 2 5 8 207500 2
1 2 6 1 207500 2
1 2 7 3 207500 2
1 2 8 7 207500 2
1 2 8 2 207500 2
1 2 7 5 208000 2
1 2 9 2 208000 2
1 2 10 9 208000 2
1 2 10 0 208000 2
1 2 9 1 208000 2
1 2 10 6 208000 2
1 2 11 6 208000 2
1 2 11 0 208000 2
1 2 11 4 208000 2
1 2 11 0 208000 2
1 2 12 6 208000 2
1 2 13 6 208000 2
1 2 14 1 208000 2
1 2 14 3 208000 2
1 2 15 8 208000 2
1 2 15 5 208000 2
1 2 8 3 208000 2
1 2 1 2 208000 2
1 2 2 0 208000 2
1 2 3 4 208000 2
1 2 3 6 208000 2
1 2 3 9 208000 2
1 2 3 2 208000 2
1 2 4 5 208000 2
1 2 4 6 208000 2
1 2 4 6 208000 2
1 2 4 6 208000 2
1 2 5 6 208000 2
1 2 7 4 208000 2
1 2 8 2 208000 2
1 2 9 6 208000 2
1 2 1 7 208500 2
1 2 15 9 208500 2
1 2 15 3 208500 2
1 2 13 9 208500 2
1 2 13 7 208500 2
1 2 12 2 208500 2
1 2 10 8 208500 2
1 2 8 8 208500 2
1 2 8 2 208500 2
1 2 8 7 208500 2
1 2 0 8 208500 2
1 2 1 8 208500 2
1 2 6 7 208500 2
1 2 7 4 208500 2
1 2 7 9 208500 2
1 2 7 2 208500 2
1 2 0 3 209000 2
1 2 15 1 209000 2
1 2 14 5 209000 2
1 2 13 8 209000 2
1 2 12 6 209000 2
1 2 11 0 209000 2
1 2 11 7 209000 2
1 2 8 4 209000 2
1 2 6 6 209000 2
1 2 5 3 209000 2
1 2 4 4 209000 2
1 2 4 3 209000 2
1 2 4 4 209000 2
1 2 3 4 209000 2
1 2 2 7 209000 2
1 2 15 9 209500 2
1 2 13 2 209500 2
1 2 12 2 209500 2
1 2 12 6 209500 2
1 2 11 7 209500 2
1 2 11 9 209500 2
1 2 10 8 209500 2
1 2 8 0 209500 2
1 2 8 2 209500 2
1 2 6 3 209500 2
1 2 7 1 209500 2
1 2 0 2 209500 2
1 2 0 3 209500 2
1 2 1 7 209500 2
1 2 3 8 209500 2
1 2 3 7 209500 2
1 2 4 7 209500 2
1 2 4 8 209500 2
1 2 6 8 209500 2
1 2 15 0 210000 2
1 2 15 3 210000 2
1 2 14 0 210000 2
1 2 12 3 210000 2
1 2 4 0 210000 2
1 2 11 7 210000 2
1 2 11 7 210000 2
1 2 10 7 210000 2
1 2 10 2 210000 2
1 2 8 9 210000 2
1 2 4 1 210000 2
1 2 3 9 210000 2
1 2 3 4 210000 2
1 2 2 9 210000 2
1 2 12 5 210500 2
1 2 12 3 210500 2
1 2 11 4 210500 2
1 2 11 1 210500 2
1 2 9 0 210500 2
1 2 5 2 210500 2
1 2 8 3 210500 2
1 2 0 8 210500 2
1 2 4 9 210500 2
1 2 3 5 211000 2
1 2 15 4 211000 2
1 2 14 5 211000 2
1 2 11 0 211000 2
1 2 11 4 211000 2
1 2 11 7 211000 2
1 2 9 6 211000 2
1 2 8 6 211000 2
1 2 6 9 211000 2
1 2 6 0 211000 2
1 2 6 2 211000 2
1 2 6 8 211000 2
1 2 5 7 211000 2
1 2 4 0 211000 2
1 2 4 9 211000 2
1 2 15 9 211500 2
1 2 14 7 211500 2
1 2 14 8 211500 2
1 2 12 6 211500 2
1 2 11 0 211500 2
1 2 9 3 211500 2
1 2 9 7 211500 2
1 2 8 2 211500 2
1 2 6 8 211500 2
1 2 5 7 211500 2
1 2 4 0 211500 2
1 2 4 6 211500 2
1 2 3 7 211500 2
1 2 3 9 211500 2
1 2 2 1 211500 2
1 2 7 1 211500 2
1 2 4 4 212000 2
1 2 15 6 212000 2
1 2 13 4 212000 2
1 2 9 7 212000 2
1 2 7 9 212000 2
1 2 4 3 212000 2
1 2 4 7 212000 2
1 2 3 4 212000 2
1 2 2 8 212000 2
1 2 1 6 212000 2
1 2 15 1 212500 2
1 2 14 8 212500 2
1 2 14 0 212500 2
1 2 13 7 212500 2
1 2 11 1 212500 2
1 2 8 7 212500 2
1 2 8 5 212500 2
1 2 8 7 212500 2
1 2 7 8 212500 2
1 2 7 9 212500 2
1 2 6 6 212500 2
1 2 4 2 212500 2
1 2 4 7 212500 2
1 2 3 3 212500 2
1 2 2 2 212500 2
1 2 1 6 212500 2
1 2 0 3 212500 2
1 2 8 6 212500 2
1 2 5 3 213000 2
1 2 15 1 213000 2
1 2 12 2 213000 2
1 2 10 1 213000 2
1 2 8 7 213000 2
1 2 8 2 213000 2
1 2 7 3 213000 2
1 2 6 2 213000 2
1 2 5 8 213000 2
1 2 2 5 213000 2
1 2 1 7 213000 2
1 2 0 1 213000 2
1 2 11 4 213500 2
1 2 14 5 213500 2
1 2 13 6 213500 2
1 2 10 8 213500 2
1 2 10 9 213500 2
1 2 6 7 213500 2
1 2 5 7 213500 2
1 2 4 2 213500 2
1 2 3 5 213500 2
1 2 2 0 213500 2
1 2 2 0 213500 2
1 2 2 9 213500 2
1 2 6 0 213500 2
1 2 10 7 214000 2
1 2 14 9 214000 2
1 2 9 1 214000 2
1 2 2 9 214000 2
1 2 0 4 214000 2
1 2 6 7 214500 2
1 2 15 7 214500 2
1 2 14 9 214500 2
1 2 14 8 214500 2
1 2 13 6 214500 2
1 2 12 5 214500 2
1 2 11 0 214500 2
1 2 10 4 214500 2
1 2 8 7 214500 2
1 2 8 5 214500 2
1 2 8 7 214500 2
1 2 6 2 214500 2
1 2 5 2 214500 2
1 2 4 3 214500 2
1 2 3 6 214500 2
1 2 0 8 214500 2
1 2 0 7 214500 2
1 2 2 0 215000 2
1 2 11 8 215000 2
1 2 10 9 215000 2
1 2 9 7 215000 2
1 2 9 0 215000 2
1 2 9 0 215000 2
1 2 8 7 215000 2
1 2 6 5 215000 2
1 2 6 3 215000 2
1 2 5 9 215000 2
1 2 3 7 215000 2
1 2 2 9 215000 2
1 2 7 5 215000 2
1 2 11 6 215500 2
1 2 15 0 215500 2
1 2 15 2 215500 2
1 2 14 0 215500 2
1 2 14 3 215500 2
1 2 14 2 215500 2
1 2 13 9 215500 2
1 2 11 9 215500 2
1 2 9 6 215500 2
1 2 8 1 215500 2
1 2 8 4 215500 2
1 2 7 3 215500 2
1 2 7 7 215500 2
1 2 4 0 215500 2
1 2 3 8 215500 2
1 2 2 5 215500 2
1 2 8 4 215500 2
1 2 0 2 215500 2
1 2 14 8 216000 2
1 2 10 8 216000 2
1 2 10 9 216000 2
1 2 11 1 216000 2
1 2 11 3 216000 2
1 2 12 3 216000 2
1 2 13 8 216000 2
1 2 14 4 216000 2
1 2 0 7 216000 2
1 2 8 7 216000 2
1 2 0 3 216000 2
1 2 3 8 216000 2
1 2 3 1 216000 2
1 2 4 8 216000 2
1 2 6 1 216000 2
1 2 6 9 216000 2
1 2 7 2 216000 2
1 2 8 9 216000 2
1 2 11 9 216500 2
1 2 15 2 216500 2
1 2 13 2 216500 2
1 2 13 5 216500 2
1 2 12 4 216500 2
1 2 12 1 216500 2
1 2 9 0 216500 2
1 2 8 5 216500 2
1 2 6 0 216500 2
1 2 5 9 216500 2
1 2 0 8 216500 2
1 2 3 4 216500 2
1 2 2 4 216500 2
1 2 2 4 216500 2
1 2 2 9 216500 2
1 2 1 2 216500 2
1 2 6 4 216500 2
1 2 8 2 217000 2
1 2 14 7 217000 2
1 2 9 3 217000 2
1 2 10 9 217000 2
1 2 10 9 217000 2
1 2 12 4 217000 2
1 2 13 8 217000 2
1 2 13 8 217000 2
1 2 13 2 217000 2
1 2 14 0 217000 2
1 2 15 3 217000 2
1 2 7 6 217000 2
1 2 8 7 217000 2
1 2 2 4 217000 2
1 2 3 8 217000 2
1 2 1 2 217000 2
1 2 3 4 217000 2
1 2 4 0 217000 2
1 2 5 9 217000 2
1 2 6 0 217000 2
1 2 6 3 217000 2
1 2 7 2 217000 2
1 2 13 5 217500 2
1 2 13 2 217500 2
1 2 13 6 217500 2
1 2 12 5 217500 2
1 2 11 9 217500 2
1 2 10 4 217500 2
1 2 10 4 217500 2
1 2 6 0 217500 2
1 2 10 9 217500 2
1 2 8 9 217500 2
1 2 7 7 217500 2
1 2 6 3 217500 2
1 2 4 3 217500 2
1 2 4 9 217500 2
1 2 2 4 217500 2
1 2 2 8 217500 2
1 2 1 4 217500 2
1 2 0 5 217500 2
1 2 0 6 217500 2
1 2 8 7 218000 2
1 2 14 8 218000 2
1 2 14 7 218000 2
1 2 12 4 218000 2
1 2 11 4 218000 2
1 2 11 7 218000 2
1 2 10 0 218000 2
1 2 6 0 218000 2
1 2 5 4 218000 2
1 2 4 2 218000 2
1 2 4 0 218000 2
1 2 3 4 218000 2
1 2 2 8 218000 2
1 2 2 9 218000 2
1 2 0 8 218000 2
1 2 8 7 218500 2
1 2 12 5 218500 2
1 2 8 7 218500 2
1 2 8 0 218500 2
1 2 8 9 218500 2
1 2 9 6 218500 2
1 2 10 8 218500 2
1 2 12 6 218500 2
1 2 13 1 218500 2
1 2 14 7 218500 2
1 2 14 4 218500 2
1 2 15 9 218500 2
1 2 15 5 218500 2
1 2 7 9 218500 2
1 2 7 2 218500 2
1 2 2 5 218500 2
1 2 2 9 218500 2
1 2 2 3 218500 2
1 2 2 4 218500 2
1 2 3 4 218500 2
1 2 3 7 218500 2
1 2 0 1 218500 2
1 2 4 5 218500 2
1 2 4 4 218500 2
1 2 4 1 218500 2
1 2 4 2 218500 2
1 2 5 3 218500 2
1 2 15 4 219000 2
1 2 13 5 219000 2
1 2 13 6 219000 2
1 2 3 8 219000 2
1 2 13 8 219000 2
1 2 12 6 219000 2
1 2 12 5 219000 2
1 2 12 4 219000 2
1 2 11 7 219000 2
1 2 11 1 219000 2
1 2 8 5 219000 2
1 2 6 5 219000 2
1 2 6 0 219000 2
1 2 5 3 219000 2
1 2 2 6 219000 2
1 2 1 6 219000 2
1 2 0 5 219000 2
1 2 9 9 219500 2
1 2 10 7 219500 2
1 2 10 5 219500 2
1 2 10 6 219500 2
1 2 11 7 219500 2
1 2 11 4 219500 2
1 2 15 9 219500 2
1 2 11 6 219500 2
1 2 8 9 219500 2
1 2 8 2 219500 2
1 2 3 5 219500 2
1 2 3 5 219500 2
1 2 2 9 219500 2
1 2 5 7 219500 2
1 2 6 4 219500 2
1 2 7 4 219500 2
1 2 8 5 219500 2
1 2 11 8 220000 2
1 2 13 6 220000 2
1 2 13 4 220000 2
1 2 13 5 220000 2
1 2 13 4 220000 2
1 2 13 7 220000 2
1 2 12 4 220000 2
1 2 11 4 220000 2
1 2 10 1 220000 2
1 2 1 7 220000 2
1 2 3 4 220000 2
1 2 4 9 220000 2
1 2 4 5 220000 2
1 2 5 3 220000 2
1 2 7 5 220000 2
1 2 7 8 220000 2
1 2 9 2 220500 2
1 2 15 8 220500 2
1 2 14 8 220500 2
1 2 13 7 220500 2
1 2 13 6 220500 2
1 2 11 3 220500 2
1 2 11 4 220500 2
1 2 10 8 220500 2
1 2 9 6 220500 2
1 2 8 7 220500 2
1 2 7 8 220500 2
1 2 6 3 220500 2
1 2 5 5 220500 2
1 2 3 4 220500 2
1 2 2 6 220500 2
1 2 0 8 220500 2
1 2 0 4 220500 2
1 2 0 3 220500 2
1 2 6 2 221000 2
1 2 15 4 221000 2
1 2 14 9 221000 2
1 2 13 5 221000 2
1 2 10 1 221000 2
1 2 9 3 221000 2
1 2 7 4 221000 2
1 2 4 0 221000 2
1 2 3 4 221000 2
1 2 3 2 221000 2
1 2 2 3 221000 2
1 2 2 5 221000 2
1 2 1 2 221000 2
1 2 5 4 221000 2
1 2 0 3 221000 2
1 2 14 4 221500 2
1 2 8 9 221500 2
1 2 8 2 221500 2
1 2 8 3 221500 2
1 2 9 3 221500 2
1 2 11 9 221500 2
1 2 11 4 221500 2
1 2 12 3 221500 2
1 2 15 4 221500 2
1 2 5 4 221500 2
1 2 6 6 221500 2
1 2 6 3 221500 2
1 2 1 1 221500 2
1 2 2 0 221500 2
1 2 2 5 221500 2
1 2 3 8 221500 2
1 2 3 4 221500 2
1 2 5 4 221500 2
1 2 6 0 221500 2
1 2 10 7 222000 2
1 2 15 2 222000 2
1 2 15 8 222000 2
1 2 14 7 222000 2
1 2 12 8 222000 2
1 2 12 4 222000 2
1 2 12 6 222000 2
1 2 12 2 222000 2
1 2 11 2 222000 2
1 2 11 8 222000 2
1 2 10 7 222000 2
1 2 9 5 222000 2
1 2 8 8 222000 2
1 2 7 8 222000 2
1 2 6 6 222000 2
1 2 4 8 222000 2
1 2 3 8 222000 2
1 2 3 5 222000 2
1 2 2 9 222000 2
1 2 1 4 222000 2
1 2 0 6 222000 2
1 2 7 5 222500 2
1 2 8 0 222500 2
1 2 8 4 222500 2
1 2 8 9 222500 2
1 2 9 3 222500 2
1 2 10 8 222500 2
1 2 10 9 222500 2
1 2 12 6 222500 2
1 2 13 5 222500 2
1 2 13 2 222500 2
1 2 0 3 222500 2
1 2 6 9 222500 2
1 2 4 4 222500 2
1 2 4 0 222500 2
1 2 4 1 222500 2
1 2 4 8 222500 2
1 2 4 5 222500 2
1 2 3 5 222500 2
1 2 2 9 222500 2
1 2 2 2 222500 2
1 2 7 9 222500 2
1 2 8 2 223000 2
1 2 9 1 223000 2
1 2 11 3 223000 2
1 2 11 4 223000 2
1 2 12 8 223000 2
1 2 12 2 223000 2
1 2 13 5 223000 2
1 2 3 5 223000 2
1 2 15 9 223000 2
1 2 15 4 223000 2
1 2 6 2 223000 2
1 2 8 6 223000 2
1 2 1 4 223000 2
1 2 2 0 223000 2
1 2 3 2 223000 2
1 2 4 5 223000 2
1 2 4 7 223000 2
1 2 4 6 223000 2
1 2 5 4 223000 2
1 2 5 6 223000 2
1 2 6 8 223500 2
1 2 13 5 223500 2
1 2 13 5 223500 2
1 2 12 6 223500 2
1 2 12 2 223500 2
1 2 11 7 223500 2
1 2 10 6 223500 2
1 2 10 6 223500 2
1 2 8 9 223500 2
1 2 6 9 223500 2
1 2 6 6 223500 2
1 2 1 4 223500 2
1 2 1 2 223500 2
1 2 2 7 223500 2
1 2 2 2 223500 2
1 2 3 7 223500 2
1 2 3 8 223500 2
1 2 3 2 223500 2
1 2 4 6 223500 2
1 2 6 0 223500 2
1 2 3 4 224000 2
1 2 15 4 224000 2
1 2 15 6 224000 2
1 2 15 0 224000 2
1 2 14 8 224000 2
1 2 13 5 224000 2
1 2 12 4 224000 2
1 2 12 2 224000 2
1 2 11 0 224000 2
1 2 11 9 224000 2
1 2 11 1 224000 2
1 2 9 4 224000 2
1 2 1 4 224000 2
1 2 2 0 224000 2
1 2 9 5 224000 2
1 2 4 8 224000 2
1 2 5 6 224000 2
1 2 7 5 224000 2
1 2 8 6 224000 2
1 2 8 0 224000 2
1 2 8 2 224000 2
1 2 8 0 224500 2
1 2 8 0 224500 2
1 2 9 2 224500 2
1 2 9 5 224500 2
1 2 10 9 224500 2
1 2 10 6 224500 2
1 2 12 8 224500 2
1 2 14 2 224500 2
1 2 14 1 224500 2
1 2 14 0 224500 2
1 2 14 9 224500 2
1 2 15 8 224500 2
1 2 15 3 224500 2
1 2 4 5 224500 2
1 2 7 0 224500 2
1 2 8 6 224500 2
1 2 1 8 224500 2
1 2 2 6 224500 2
1 2 3 6 224500 2
1 2 1 7 224500 2
1 2 4 2 224500 2
1 2 4 6 224500 2
1 2 5 4 224500 2
1 2 5 7 224500 2
1 2 6 1 224500 2
1 2 7 2 224500 2
1 2 4 4 224500 2
1 2 8 7 225000 2
1 2 6 2 225000 2
1 2 9 2 225000 2
1 2 10 8 225000 2
1 2 10 0 225000 2
1 2 10 6 225000 2
1 2 11 0 225000 2
1 2 11 0 225000 2
1 2 11 1 225000 2
1 2 12 9 225000 2
1 2 14 7 225000 2
1 2 7 4 225000 2
1 2 1 0 225000 2
1 2 2 2 225000 2
1 2 3 8 225000 2
1 2 3 7 225000 2
1 2 4 7 225000 2
1 2 5 8 225000 2
1 2 5 5 225000 2
1 2 5 8 225000 2
1 2 5 0 225000 2
1 2 8 0 225000 2
1 2 14 8 225500 2
1 2 14 8 225500 2
1 2 14 7 225500 2
1 2 13 2 225500 2
1 2 12 5 225500 2
1 2 11 4 225500 2
1 2 11 9 225500 2
1 2 10 8 225500 2
1 2 9 0 225500 2
1 2 9 4 225500 2
1 2 8 2 225500 2
1 2 8 0 225500 2
1 2 0 8 225500 2
1 2 1 9 225500 2
1 2 1 0 225500 2
1 2 2 7 225500 2
1 2 3 3 225500 2
1 2 4 2 225500 2
1 2 6 3 225500 2
1 2 7 2 225500 2
1 2 3 4 225500 2
1 2 8 2 226000 2
1 2 10 6 226000 2
1 2 10 6 226000 2
1 2 10 1 226000 2
1 2 11 8 226000 2
1 2 11 7 226000 2
1 2 11 1 226000 2
1 2 12 9 226000 2
1 2 14 8 226000 2
1 2 14 5 226000 2
1 2 15 0 226000 2
1 2 9 9 226000 2
1 2 8 9 226000 2
1 2 1 6 226000 2
1 2 2 9 226000 2
1 2 2 6 226000 2
1 2 4 4 226000 2
1 2 4 2 226000 2
1 2 4 1 226000 2
1 2 5 2 226000 2
1 2 6 9 226000 2
1 2 6 9 226000 2
1 2 7 3 226000 2
1 2 8 1 226000 2
1 2 8 3 226500 2
1 2 8 1 226500 2
1 2 9 4 226500 2
1 2 9 0 226500 2
1 2 9 2 226500 2
1 2 10 0 226500 2
1 2 10 9 226500 2
1 2 11 0 226500 2
1 2 11 5 226500 2
1 2 11 7 226500 2
1 2 15 2 226500 2
1 2 15 9 226500 2
1 2 15 2 226500 2
1 2 8 9 226500 2
1 2 8 9 226500 2
1 2 0 3 226500 2
1 2 1 9 226500 2
1 2 2 6 226500 2
1 2 3 4 226500 2
1 2 3 8 226500 2
1 2 5 8 226500 2
1 2 6 7 226500 2
1 2 7 5 226500 2
1 2 7 3 226500 2
1 2 7 3 226500 2
1 2 4 2 226500 2
1 2 10 0 227000 2
1 2 10 9 227000 2
1 2 10 6 227000 2
1 2 11 9 227000 2
1 2 11 0 227000 2
1 2 11 3 227000 2
1 2 11 0 227000 2
1 2 11 0 227000 2
1 2 12 8 227000 2
1 2 12 4 227000 2
1 2 14 0 227000 2
1 2 15 8 227000 2
1 2 6 3 227000 2
1 2 8 0 227000 2
1 2 1 8 227000 2
1 2 2 8 227000 2
1 2 3 8 227000 2
1 2 3 8 227000 2
1 2 4 8 227000 2
1 2 5 8 227000 2
1 2 5 0 227000 2
1 2 6 8 227000 2
1 2 6 8 227000 2
1 2 5 9 227000 2
1 2 10 9 227500 2
1 2 10 7 227500 2
1 2 10 8 227500 2
1 2 11 9 227500 2
1 2 11 0 227500 2
1 2 11 0 227500 2
1 2 12 6 227500 2
1 2 13 4 227500 2
1 2 14 0 227500 2
1 2 15 8 227500 2
1 2 15 1 227500 2
1 2 15 9 227500 2
1 2 9 6 227500 2
1 2 9 0 227500 2
1 2 0 0 227500 2
1 2 3 4 227500 2
1 2 4 5 227500 2
1 2 4 9 227500 2
1 2 5 9 227500 2
1 2 5 2 227500 2
1 2 6 3 227500 2
1 2 7 0 227500 2
1 2 8 9 227500 2
1 2 8 6 228000 2
1 2 9 4 228000 2
1 2 9 2 228000 2
1 2 10 8 228000 2
1 2 10 4 228000 2
1 2 11 3 228000 2
1 2 11 0 228000 2
1 2 11 8 228000 2
1 2 14 2 228000 2
1 2 14 0 228000 2
1 2 14 7 228000 2
1 2 14 8 228000 2
1 2 6 2 228000 2
1 2 7 2 228000 2
1 2 1 8 228000 2
1 2 1 9 228000 2
1 2 2 9 228000 2
1 2 2 6 228000 2
1 2 3 4 228000 2
1 2 4 8 228000 2
1 2 5 6 228000 2
1 2 5 3 228000 2
1 2 6 3 228000 2
1 2 3 6 228000 2
1 2 11 2 228500 2
1 2 11 8 228500 2
1 2 11 9 228500 2
1 2 11 2 228500 2
1 2 11 3 228500 2
1 2 13 2 228500 2
1 2 14 9 228500 2
1 2 14 8 228500 2
1 2 14 5 228500 2
1 2 15 2 228500 2
1 2 15 0 228500 2
1 2 10 9 228500 2
1 2 10 0 228500 2
1 2 1 0 228500 2
1 2 4 1 228500 2
1 2 4 6 228500 2
1 2 5 3 228500 2
1 2 5 9 228500 2
1 2 7 1 228500 2
1 2 8 0 228500 2
1 2 9 6 228500 2
1 2 10 0 228500 2
1 2 5 2 228500 2
1 2 10 1 229000 2
1 2 10 6 229000 2
1 2 11 9 229000 2
1 2 11 9 229000 2
1 2 11 0 229000 2
1 2 11 7 229000 2
1 2 12 6 229000 2
1 2 13 8 229000 2
1 2 14 9 229000 2
1 2 14 8 229000 2
1 2 14 1 229000 2
1 2 2 6 229000 2
1 2 8 3 229000 2
1 2 0 3 229000 2
1 2 10 4 229000 2
1 2 3 8 229000 2
1 2 4 2 229000 2
1 2 4 4 229000 2
1 2 5 0 229000 2
1 2 5 3 229000 2
1 2 5 2 229000 2
1 2 7 0 229000 2
1 2 8 7 229000 2
1 2 10 0 229500 2
1 2 10 6 229500 2
1 2 10 4 229500 2
1 2 11 1 229500 2
1 2 11 5 229500 2
1 2 11 0 229500 2
1 2 11 3 229500 2
1 2 11 5 229500 2
1 2 12 9 229500 2
1 2 13 3 229500 2
1 2 14 2 229500 2
1 2 14 0 229500 2
1 2 15 8 229500 2
1 2 15 6 229500 2
1 2 3 2 229500 2
1 2 9 4 229500 2
1 2 9 1 229500 2
1 2 2 9 229500 2
1 2 3 6 229500 2
1 2 3 9 229500 2
1 2 3 8 229500 2
1 2 1 0 229500 2
1 2 5 4 229500 2
1 2 6 7 229500 2
1 2 6 7 229500 2
1 2 7 5 229500 2
1 2 8 0 229500 2
1 2 8 4 229500 2
1 2 6 2 229500 2
1 2 9 0 230000 2
1 2 10 9 230000 2
1 2 11 2 230000 2
1 2 11 2 230000 2
1 2 11 9 230000 2
1 2 11 7 230000 2
1 2 11 1 230000 2
1 2 14 0 230000 2
1 2 14 9 230000 2
1 2 14 7 230000 2
1 2 14 8 230000 2
1 2 14 8 230000 2
1 2 15 4 230000 2
1 2 15 5 230000 2
1 2 9 4 230000 2
1 2 0 9 230000 2
1 2 1 8 230000 2
1 2 2 4 230000 2
1 2 3 3 230000 2
1 2 3 2 230000 2
1 2 5 3 230000 2
1 2 5 8 230000 2
1 2 5 4 230000 2
1 2 5 7 230000 2
1 2 8 7 230000 2
1 2 8 9 230000 2
1 2 10 9 230000 2
1 2 5 4 230000 2
1 2 9 0 230500 2
1 2 10 1 230500 2
1 2 11 2 230500 2
1 2 11 5 230500 2
1 2 11 7 230500 2
1 2 11 4 230500 2
1 2 11 4 230500 2
1 2 11 1 230500 2
1 2 14 2 230500 2
1 2 14 4 230500 2
1 2 15 6 230500 2
1 2 7 2 230500 2
1 2 8 2 230500 2
1 2 9 1 230500 2
1 2 1 0 230500 2
1 2 2 0 230500 2
1 2 2 0 230500 2
1 2 3 4 230500 2
1 2 3 6 230500 2
1 2 4 1 230500 2
1 2 5 3 230500 2
1 2 6 3 230500 2
1 2 6 7 230500 2
1 2 0 9 230500 2
1 2 10 0 231000 2
1 2 10 6 231000 2
1 2 10 6 231000 2
1 2 10 7 231000 2
1 2 11 9 231000 2
1 2 11 4 231000 2
1 2 11 3 231000 2
1 2 11 8 231000 2
1 2 12 4 231000 2
1 2 13 0 231000 2
1 2 14 2 231000 2
1 2 14 5 231000 2
1 2 15 5 231000 2
1 2 15 2 231000 2
1 2 3 7 231000 2
1 2 0 6 231000 2
1 2 9 8 231000 2
1 2 1 0 231000 2
1 2 1 5 231000 2
1 2 3 5 231000 2
1 2 4 0 231000 2
1 2 5 3 231000 2
1 2 6 3 231000 2
1 2 6 1 231000 2
1 2 7 2 231000 2
1 2 7 3 231000 2
1 2 8 4 231000 2
1 2 8 7 231000 2
1 2 15 9 231500 2
1 2 10 0 231500 2
1 2 10 9 231500 2
1 2 10 5 231500 2
1 2 11 4 231500 2
1 2 11 5 231500 2
1 2 11 8 231500 2
1 2 9 3 231500 2
1 2 11 3 231500 2
1 2 11 8 231500 2
1 2 12 6 231500 2
1 2 13 6 231500 2
1 2 14 5 231500 2
1 2 14 8 231500 2
1 2 11 4 231500 2
1 2 8 7 231500 2
1 2 8 7 231500 2
1 2 1 7 231500 2
1 2 2 6 231500 2
1 2 3 6 231500 2
1 2 4 8 231500 2
1 2 5 9 231500 2
1 2 5 9 231500 2
1 2 6 3 231500 2
1 2 6 3 231500 2
1 2 7 2 231500 2
1 2 7 0 231500 2
1 2 8 0 231500 2
1 2 8 0 231500 2
1 2 5 7 231500 2
1 2 10 1 232000 2
1 2 11 0 232000 2
1 2 11 3 232000 2
1 2 11 9 232000 2
1 2 11 0 232000 2
1 2 11 6 232000 2
1 2 13 8 232000 2
1 2 14 0 232000 2
1 2 14 2 232000 2
1 2 14 7 232000 2
1 2 14 1 232000 2
1 2 14 7 232000 2
1 2 15 8 232000 2
1 2 15 4 232000 2
1 2 9 0 232000 2
1 2 10 0 232000 2
1 2 1 2 232000 2
1 2 1 7 232000 2
1 2 3 3 232000 2
1 2 3 9 232000 2
1 2 4 2 232000 2
1 2 5 9 232000 2
1 2 5 2 232000 2
1 2 6 8 232000 2
1 2 6 9 232000 2
1 2 7 5 232000 2
1 2 8 5 232000 2
1 2 8 5 232000 2
1 2 8 7 232000 2
1 2 15 0 232500 2
1 2 15 6 232500 2
1 2 15 7 232500 2
1 2 14 8 232500 2
1 2 12 8 232500 2
1 2 4 5 232500 2
1 2 9 1 232500 2
1 2 8 1 232500 2
1 2 5 2 232500 2
1 2 5 6 232500 2
1 2 2 4 232500 2
1 2 2 3 232500 2
1 2 1 5 232500 2
1 2 1 9 232500 2
1 2 0 8 232500 2
1 2 7 5 232500 2
1 2 13 8 233000 2
1 2 14 2 233000 2
1 2 14 3 233000 2
1 2 14 8 233000 2
1 2 15 9 233000 2
1 2 15 6 233000 2
1 2 15 3 233000 2
1 2 15 6 233000 2
1 2 0 4 233000 2
1 2 11 6 233000 2
1 2 10 6 233000 2
1 2 9 5 233000 2
1 2 6 8 233000 2
1 2 5 9 233000 2
1 2 0 1 233000 2
1 2 0 3 233000 2
1 2 0 8 233000 2
1 2 13 3 233000 2
1 2 13 3 233500 2
1 2 14 7 233500 2
1 2 11 0 233500 2
1 2 9 7 233500 2
1 2 9 0 233500 2
1 2 5 7 233500 2
1 2 4 8 233500 2
1 2 1 2 233500 2
1 2 1 9 233500 2
1 2 5 7 233500 2
1 2 5 3 234000 2
1 2 14 9 234000 2
1 2 13 3 234000 2
1 2 10 6 234000 2
1 2 10 8 234000 2
1 2 9 7 234000 2
1 2 7 7 234000 2
1 2 5 9 234000 2
1 2 4 8 234000 2
1 2 4 4 234000 2
1 2 3 8 234000 2
1 2 0 6 234000 2
1 2 6 8 234500 2
1 2 14 4 234500 2
1 2 13 5 234500 2
1 2 12 9 234500 2
1 2 6 5 234500 2
1 2 4 6 234500 2
1 2 2 1 234500 2
1 2 1 1 234500 2
1 2 10 5 235000 2
1 2 15 6 235000 2
1 2 14 8 235000 2
1 2 14 3 235000 2
1 2 14 1 235000 2
1 2 13 4 235000 2
1 2 13 8 235000 2
1 2 12 8 235000 2
1 2 9 6 235000 2
1 2 6 3 235000 2
1 2 6 5 235000 2
1 2 4 8 235000 2
1 2 0 4 235000 2
1 2 0 5 235000 2
1 2 0 1 235000 2
1 2 0 1 235000 2
1 2 1 9 235000 2
1 2 3 7 235000 2
1 2 3 4 235000 2
1 2 4 6 235000 2
1 2 4 7 235000 2
1 2 5 9 235000 2
1 2 0 4 235500 2
1 2 15 6 235500 2
1 2 15 5 235500 2
1 2 15 7 235500 2
1 2 13 1 235500 2
1 2 11 3 235500 2
1 2 10 7 235500 2
1 2 8 1 235500 2
1 2 7 1 235500 2
1 2 7 8 235500 2
1 2 5 7 235500 2
1 2 5 3 235500 2
1 2 0 4 235500 2
1 2 1 9 235500 2
1 2 2 1 235500 2
1 2 3 4 235500 2
1 2 3 0 235500 2
1 2 4 1 235500 2
1 2 5 7 235500 2
1 2 5 6 235500 2
1 2 9 1 236000 2
1 2 14 4 236000 2
1 2 14 0 236000 2
1 2 13 6 236000 2
1 2 12 7 236000 2
1 2 11 3 236000 2
1 2 11 6 236000 2
1 2 11 3 236000 2
1 2 9 6 236000 2
1 2 8 9 236000 2
1 2 7 0 236000 2
1 2 6 0 236000 2
1 2 5 8 236000 2
1 2 4 9 236000 2
1 2 3 7 236000 2
1 2 2 3 236000 2
1 2 10 5 236500 2
1 2 11 1 236500 2
1 2 11 0 236500 2
1 2 12 6 236500 2
1 2 13 5 236500 2
1 2 13 6 236500 2
1 2 14 9 236500 2
1 2 14 8 236500 2
1 2 0 3 236500 2
1 2 10 8 236500 2
1 2 7 4 236500 2
1 2 6 5 236500 2
1 2 6 8 236500 2
1 2 5 3 236500 2
1 2 4 3 236500 2
1 2 4 5 236500 2
1 2 1 1 236500 2
1 2 10 6 236500 2
1 2 7 8 237000 2
1 2 10 9 237000 2
1 2 10 8 237000 2
1 2 11 0 237000 2
1 2 12 8 237000 2
1 2 12 4 237000 2
1 2 1 9 237000 2
1 2 15 5 237000 2
1 2 15 3 237000 2
1 2 5 5 237000 2
1 2 3 7 237000 2
1 2 2 9 237000 2
1 2 2 1 237000 2
1 2 1 9 237000 2
1 2 0 7 237000 2
1 2 0 3 237000 2
1 2 6 8 237000 2
1 2 11 0 237500 2
1 2 15 3 237500 2
1 2 14 1 237500 2
1 2 14 3 237500 2
1 2 12 5 237500 2
1 2 12 6 237500 2
1 2 9 3 237500 2
1 2 9 1 237500 2
1 2 6 0 237500 2
1 2 3 0 237500 2
1 2 2 2 237500 2
1 2 1 5 237500 2
1 2 0 5 237500 2
1 2 9 3 238000 2
1 2 15 7 238000 2
1 2 15 8 238000 2
1 2 15 7 238000 2
1 2 13 4 238000 2
1 2 12 3 238000 2
1 2 12 1 238000 2
1 2 11 3 238000 2
1 2 11 1 238000 2
1 2 6 0 238000 2
1 2 5 8 238000 2
1 2 5 7 238000 2
1 2 2 1 238000 2
1 2 2 5 238000 2
1 2 1 5 238000 2
1 2 1 7 238000 2
1 2 0 8 238000 2
1 2 4 3 238500 2
1 2 9 7 238500 2
1 2 8 6 238500 2
1 2 7 2 238500 2
1 2 7 4 238500 2
1 2 5 3 238500 2
1 2 5 7 238500 2
1 2 4 7 238500 2
1 2 4 7 238500 2
1 2 3 0 238500 2
1 2 1 6 238500 2
1 2 1 7 238500 2
1 2 1 9 238500 2
1 2 0 3 238500 2
1 2 6 3 239000 2
1 2 15 2 239000 2
1 2 13 4 239000 2
1 2 12 7 239000 2
1 2 11 2 239000 2
1 2 10 9 239000 2
1 2 9 1 239000 2
1 2 7 2 239000 2
1 2 6 7 239000 2
1 2 4 7 239000 2
1 2 2 1 239000 2
1 2 0 4 239000 2
1 2 8 3 239000 2
1 2 11 0 239500 2
1 2 15 5 239500 2
1 2 14 8 239500 2
1 2 12 4 239500 2
1 2 9 5 239500 2
1 2 8 7 239500 2
1 2 6 8 239500 2
1 2 0 3 239500 2
1 2 15 6 240000 2
1 2 15 6 240000 2
1 2 14 9 240000 2
1 2 11 4 240000 2
1 2 11 3 240000 2
1 2 9 5 240000 2
1 2 5 3 240000 2
1 2 5 2 240000 2
1 2 5 1 240000 2
1 2 4 4 240000 2
1 2 0 8 240000 2
1 2 9 7 240000 2
1 2 11 3 240500 2
1 2 14 5 240500 2
1 2 13 5 240500 2
1 2 13 6 240500 2
1 2 12 6 240500 2
1 2 11 7 240500 2
1 2 11 7 240500 2
1 2 9 1 240500 2
1 2 7 1 240500 2
1 2 7 5 240500 2
1 2 6 7 240500 2
1 2 5 5 240500 2
1 2 5 3 240500 2
1 2 1 7 240500 2
1 2 10 9 240500 2
1 2 7 2 241000 2
1 2 5 3 241000 2
1 2 9 1 241000 2
1 2 10 6 241000 2
1 2 11 4 241000 2
1 2 11 9 241000 2
1 2 11 7 241000 2
1 2 13 3 241000 2
1 2 14 5 241000 2
1 2 14 8 241000 2
1 2 5 3 241000 2
1 2 4 0 241000 2
1 2 4 4 241000 2
1 2 4 9 241000 2
1 2 4 0 241000 2
1 2 4 7 241000 2
1 2 2 3 241000 2
1 2 0 8 241000 2
1 2 0 3 241000 2
1 2 6 3 241000 2
1 2 6 0 241500 2
1 2 15 7 241500 2
1 2 7 2 241500 2
1 2 9 6 241500 2
1 2 10 9 241500 2
1 2 10 6 241500 2
1 2 11 9 241500 2
1 2 12 6 241500 2
1 2 12 6 241500 2
1 2 15 2 241500 2
1 2 15 1 241500 2
1 2 15 9 241500 2
1 2 5 9 241500 2
1 2 6 7 241500 2
1 2 0 5 241500 2
1 2 0 1 241500 2
1 2 0 2 241500 2
1 2 1 7 241500 2
1 2 1 5 241500 2
1 2 2 8 241500 2
1 2 3 1 241500 2
1 2 3 9 241500 2
1 2 3 4 241500 2
1 2 4 1 241500 2
1 2 14 2 242000 2
1 2 14 3 242000 2
1 2 13 3 242000 2
1 2 13 5 242000 2
1 2 13 3 242000 2
1 2 12 2 242000 2
1 2 11 0 242000 2
1 2 9 1 242000 2
1 2 6 3 242000 2
1 2 7 0 242000 2
1 2 6 3 242000 2
1 2 0 9 242000 2
1 2 2 8 242000 2
1 2 2 5 242000 2
1 2 3 1 242000 2
1 2 4 9 242000 2
1 2 4 3 242000 2
1 2 5 3 242000 2
1 2 6 2 242000 2
1 2 6 8 242000 2
1 2 4 1 242500 2
1 2 14 0 242500 2
1 2 14 3 242500 2
1 2 11 2 242500 2
1 2 10 9 242500 2
1 2 7 5 242500 2
1 2 7 0 242500 2
1 2 7 5 242500 2
1 2 5 5 242500 2
1 2 4 2 242500 2
1 2 0 4 242500 2
1 2 3 5 242500 2
1 2 2 4 242500 2
1 2 2 3 242500 2
1 2 2 9 242500 2
1 2 1 1 242500 2
1 2 0 2 242500 2
1 2 4 6 242500 2
1 2 8 7 243000 2
1 2 13 1 243000 2
1 2 9 7 243000 2
1 2 9 9 243000 2
1 2 9 6 243000 2
1 2 9 7 243000 2
1 2 10 8 243000 2
1 2 11 7 243000 2
1 2 13 2 243000 2
1 2 14 0 243000 2
1 2 15 1 243000 2
1 2 15 4 243000 2
1 2 6 4 243000 2
1 2 7 2 243000 2
1 2 0 1 243000 2
1 2 1 9 243000 2
1 2 2 7 243000 2
1 2 4 7 243000 2
1 2 4 5 243000 2
1 2 5 9 243000 2
1 2 5 3 243000 2
1 2 5 9 243000 2
1 2 5 7 243000 2
1 2 6 8 243000 2
1 2 6 7 243000 2
1 2 15 3 243500 2
1 2 14 0 243500 2
1 2 14 2 243500 2
1 2 13 5 243500 2
1 2 13 3 243500 2
1 2 12 4 243500 2
1 2 6 7 243500 2
1 2 12 9 243500 2
1 2 11 0 243500 2
1 2 10 4 243500 2
1 2 10 9 243500 2
1 2 9 8 243500 2
1 2 7 7 243500 2
1 2 5 9 243500 2
1 2 5 9 243500 2
1 2 4 3 243500 2
1 2 3 4 243500 2
1 2 2 5 243500 2
1 2 0 8 243500 2
1 2 7 3 244000 2
1 2 14 3 244000 2
1 2 13 5 244000 2
1 2 12 9 244000 2
1 2 11 2 244000 2
1 2 11 3 244000 2
1 2 9 9 244000 2
1 2 6 3 244000 2
1 2 5 7 244000 2
1 2 3 8 244000 2
1 2 3 6 244000 2
1 2 2 5 244000 2
1 2 1 3 244000 2
1 2 6 3 244500 2
1 2 14 1 244500 2
1 2 11 6 244500 2
1 2 9 8 244500 2
1 2 7 7 244500 2
1 2 6 7 244500 2
1 2 6 0 244500 2
1 2 5 9 244500 2
1 2 4 3 244500 2
1 2 4 3 244500 2
1 2 4 2 244500 2
1 2 4 9 244500 2
1 2 3 3 244500 2
1 2 1 7 244500 2
1 2 0 3 244500 2
1 2 0 8 244500 2
1 2 0 4 244500 2
1 2 8 7 245000 2
1 2 8 2 245000 2
1 2 10 7 245000 2
1 2 10 9 245000 2
1 2 10 6 245000 2
1 2 11 0 245000 2
1 2 12 0 245000 2
1 2 13 6 245000 2
1 2 14 0 245000 2
1 2 14 1 245000 2
1 2 4 9 245000 2
1 2 6 3 245000 2
1 2 0 2 245000 2
1 2 1 9 245000 2
1 2 3 4 245000 2
1 2 3 1 245000 2
1 2 4 3 245000 2
1 2 4 2 245000 2
1 2 5 9 245000 2
1 2 5 3 245000 2
1 2 6 8 245000 2
1 2 7 5 245000 2
1 2 14 3 245500 2
1 2 15 7 245500 2
1 2 14 7 245500 2
1 2 14 9 245500 2
1 2 14 3 245500 2
1 2 13 5 245500 2
1 2 13 3 245500 2
1 2 12 6 245500 2
1 2 7 3 245500 2
1 2 7 5 245500 2
1 2 6 3 245500 2
1 2 6 4 245500 2
1 2 5 7 245500 2
1 2 5 5 245500 2
1 2 5 3 245500 2
1 2 0 1 245500 2
1 2 4 2 245500 2
1 2 4 3 245500 2
1 2 4 7 245500 2
1 2 2 3 245500 2
1 2 7 7 245500 2
1 2 5 7 246000 2
1 2 14 5 246000 2
1 2 13 4 246000 2
1 2 5 5 246000 2
1 2 5 5 246000 2
1 2 2 8 246000 2
1 2 1 7 246000 2
1 2 0 8 246000 2
1 2 0 9 246000 2
1 2 7 3 246500 2
1 2 14 2 246500 2
1 2 13 8 246500 2
1 2 11 5 246500 2
1 2 10 3 246500 2
1 2 8 2 246500 2
1 2 7 5 246500 2
1 2 7 3 246500 2
1 2 6 8 246500 2
1 2 5 3 246500 2
1 2 5 6 246500 2
1 2 5 9 246500 2
1 2 0 8 246500 2
1 2 0 1 246500 2
1 2 2 3 246500 2
1 2 2 4 246500 2
1 2 3 8 246500 2
1 2 3 1 246500 2
1 2 3 5 246500 2
1 2 4 2 246500 2
1 2 4 7 246500 2
1 2 14 2 247000 2
1 2 14 8 247000 2
1 2 14 2 247000 2
1 2 13 5 247000 2
1 2 13 4 247000 2
1 2 10 8 247000 2
1 2 9 3 247000 2
1 2 6 3 247000 2
1 2 8 6 247000 2
1 2 6 3 247000 2
1 2 6 1 247000 2
1 2 5 3 247000 2
1 2 3 4 247000 2
1 2 3 6 247000 2
1 2 1 7 247000 2
1 2 0 3 247000 2
1 2 7 7 247000 2
1 2 8 6 247500 2
1 2 9 5 247500 2
1 2 9 7 247500 2
1 2 5 8 247500 2
1 2 10 7 247500 2
1 2 11 0 247500 2
1 2 13 5 247500 2
1 2 14 3 247500 2
1 2 15 9 247500 2
1 2 6 3 247500 2
1 2 6 3 247500 2
1 2 5 3 247500 2
1 2 5 9 247500 2
1 2 4 4 247500 2
1 2 1 9 247500 2
1 2 0 8 247500 2
1 2 0 3 247500 2
1 2 7 9 247500 2
1 2 6 3 248000 2
1 2 6 8 248000 2
1 2 6 3 248000 2
1 2 7 2 248000 2
1 2 9 7 248000 2
1 2 10 9 248000 2
1 2 12 8 248000 2
1 2 12 4 248000 2
1 2 13 5 248000 2
1 2 14 3 248000 2
1 2 15 3 248000 2
1 2 6 3 248000 2
1 2 0 3 248000 2
1 2 0 1 248000 2
1 2 1 5 248000 2
1 2 2 4 248000 2
1 2 3 6 248000 2
1 2 4 8 248000 2
1 2 5 9 248000 2
1 2 5 5 248000 2
1 2 5 7 248000 2
1 2 6 3 248000 2
1 2 3 7 248500 2
1 2 15 6 248500 2
1 2 15 8 248500 2
1 2 12 2 248500 2
1 2 10 9 248500 2
1 2 9 2 248500 2
1 2 5 8 248500 2
1 2 4 3 248500 2
1 2 4 7 248500 2
1 2 0 5 248500 2
1 2 1 9 248500 2
1 2 6 2 248500 2
1 2 4 2 249000 2
1 2 13 7 249000 2
1 2 12 6 249000 2
1 2 11 8 249000 2
1 2 11 1 249000 2
1 2 6 2 249000 2
1 2 5 3 249000 2
1 2 4 6 249000 2
1 2 4 3 249000 2
1 2 4 4 249000 2
1 2 4 7 249000 2
1 2 2 3 249000 2
1 2 1 7 249000 2
1 2 0 3 249000 2
1 2 0 5 249000 2
1 2 0 8 249500 2
1 2 15 6 249500 2
1 2 15 1 249500 2
1 2 14 3 249500 2
1 2 14 1 249500 2
1 2 11 6 249500 2
1 2 9 4 249500 2
1 2 9 6 249500 2
1 2 5 9 249500 2
1 2 8 8 249500 2
1 2 0 7 249500 2
1 2 0 7 249500 2
1 2 2 4 249500 2
1 2 4 2 249500 2
1 2 5 8 249500 2
1 2 2 7 249500 2
1 2 10 9 250000 2
1 2 15 2 250000 2
1 2 14 4 250000 2
1 2 12 1 250000 2
1 2 7 1 250000 2
1 2 7 8 250000 2
1 2 6 3 250000 2
1 2 6 0 250000 2
1 2 4 0 250000 2
1 2 0 8 250000 2
1 2 0 4 250000 2
1 2 14 8 250500 2
1 2 13 1 250500 2
1 2 13 7 250500 2
1 2 12 6 250500 2
1 2 12 7 250500 2
1 2 10 6 250500 2
1 2 10 8 250500 2
1 2 7 3 250500 2
1 2 6 8 250500 2
1 2 5 6 250500 2
1 2 3 2 250500 2
1 2 0 5 250500 2
1 2 9 4 250500 2
1 2 8 5 251000 2
1 2 12 6 251000 2
1 2 12 7 251000 2
1 2 11 3 251000 2
1 2 10 0 251000 2
1 2 10 9 251000 2
1 2 6 1 251000 2
1 2 6 1 251000 2
1 2 4 1 251000 2
1 2 2 1 251000 2
1 2 1 9 251000 2
1 2 0 4 251000 2
1 2 15 6 251500 2
1 2 14 1 251500 2
1 2 10 9 251500 2
1 2 9 4 251500 2
1 2 7 9 251500 2
1 2 7 5 251500 2
1 2 6 3 251500 2
1 2 5 3 251500 2
1 2 3 0 251500 2
1 2 0 8 251500 2
1 2 0 4 251500 2
1 2 6 8 251500 2
1 2 7 9 252000 2
1 2 14 4 252000 2
1 2 12 8 252000 2
1 2 10 9 252000 2
1 2 9 9 252000 2
1 2 9 7 252000 2
1 2 6 8 252000 2
1 2 2 5 252000 2
1 2 1 5 252000 2
1 2 1 3 252000 2
1 2 0 7 252000 2
1 2 10 9 252500 2
1 2 10 0 252500 2
1 2 7 3 252500 2
1 2 6 0 252500 2
1 2 5 9 252500 2
1 2 4 3 252500 2
1 2 3 7 252500 2
1 2 0 3 252500 2
1 2 0 5 252500 2
1 2 0 9 252500 2
1 2 4 2 252500 2
1 2 6 2 253000 2
1 2 12 2 253000 2
1 2 7 2 253000 2
1 2 6 3 253000 2
1 2 6 7 253000 2
1 2 5 5 253000 2
1 2 3 6 253000 2
1 2 2 5 253000 2
1 2 2 2 253000 2
1 2 2 0 253500 2
1 2 14 1 253500 2
1 2 11 0 253500 2
1 2 11 4 253500 2
1 2 10 2 253500 2
1 2 7 5 253500 2
1 2 6 3 253500 2
1 2 4 6 253500 2
1 2 4 3 253500 2
1 2 0 8 253500 2
1 2 15 2 254000 2
1 2 14 9 254000 2
1 2 13 7 254000 2
1 2 10 1 254000 2
1 2 7 3 254000 2
1 2 6 8 254000 2
1 2 6 0 254000 2
1 2 6 8 254000 2
1 2 4 3 254000 2
1 2 3 4 254000 2
1 2 2 5 254000 2
1 2 1 5 254000 2
1 2 1 4 254000 2
1 2 0 9 254000 2
1 2 0 2 254000 2
1 2 4 1 254000 2
1 2 6 2 254500 2
1 2 15 8 254500 2
1 2 14 0 254500 2
1 2 14 4 254500 2
1 2 13 2 254500 2
1 2 12 2 254500 2
1 2 12 8 254500 2
1 2 11 0 254500 2
1 2 11 1 254500 2
1 2 6 1 254500 2
1 2 5 3 254500 2
1 2 5 3 254500 2
1 2 5 3 254500 2
1 2 2 4 254500 2
1 2 0 1 254500 2
1 2 0 5 254500 2
1 2 13 1 255000 2
1 2 15 2 255000 2
1 2 14 3 255000 2
1 2 12 4 255000 2
1 2 11 6 255000 2
1 2 10 1 255000 2
1 2 4 3 255000 2
1 2 4 3 255000 2
1 2 3 7 255000 2
1 2 2 1 255000 2
1 2 0 3 255000 2
1 2 8 1 255000 2
1 2 8 6 255500 2
1 2 14 3 255500 2
1 2 12 9 255500 2
1 2 12 4 255500 2
1 2 11 5 255500 2
1 2 11 8 255500 2
1 2 5 7 255500 2
1 2 3 2 255500 2
1 2 2 6 255500 2
1 2 2 6 255500 2
1 2 0 3 255500 2
1 2 1 9 256000 2
1 2 15 3 256000 2
1 2 15 7 256000 2
1 2 8 6 256000 2
1 2 7 8 256000 2
1 2 6 7 256000 2
1 2 6 4 256000 2
1 2 6 2 256000 2
1 2 4 2 256000 2
1 2 4 9 256000 2
1 2 0 4 256000 2
1 2 4 7 256500 2
1 2 15 0 256500 2
1 2 14 0 256500 2
1 2 14 3 256500 2
1 2 12 5 256500 2
1 2 11 3 256500 2
1 2 11 9 256500 2
1 2 7 7 256500 2
1 2 7 2 256500 2
1 2 4 1 256500 2
1 2 0 2 256500 2
1 2 3 8 256500 2
1 2 3 4 256500 2
1 2 2 3 256500 2
1 2 7 5 256500 2
1 2 9 1 257000 2
1 2 10 5 257000 2
1 2 10 6 257000 2
1 2 11 3 257000 2
1 2 11 3 257000 2
1 2 11 4 257000 2
1 2 12 7 257000 2
1 2 12 5 257000 2
1 2 13 6 257000 2
1 2 15 7 257000 2
1 2 8 8 257000 2
1 2 7 9 257000 2
1 2 7 8 257000 2
1 2 7 3 257000 2
1 2 6 8 257000 2
1 2 6 6 257000 2
1 2 5 9 257000 2
1 2 4 7 257000 2
1 2 3 5 257000 2
1 2 0 2 257000 2
1 2 8 6 257500 2
1 2 11 0 257500 2
1 2 12 2 257500 2
1 2 12 6 257500 2
1 2 13 5 257500 2
1 2 13 6 257500 2
1 2 14 7 257500 2
1 2 14 2 257500 2
1 2 15 5 257500 2
1 2 7 8 257500 2
1 2 7 3 257500 2
1 2 2 9 257500 2
1 2 4 7 257500 2
1 2 4 5 257500 2
1 2 4 1 257500 2
1 2 4 8 257500 2
1 2 5 9 257500 2
1 2 6 2 257500 2
1 2 6 3 257500 2
1 2 11 7 258000 2
1 2 14 4 258000 2
1 2 14 8 258000 2
1 2 14 1 258000 2
1 2 13 1 258000 2
1 2 11 4 258000 2
1 2 11 1 258000 2
1 2 11 9 258000 2
1 2 7 9 258000 2
1 2 4 4 258000 2
1 2 3 5 258000 2
1 2 2 1 258000 2
1 2 1 1 258000 2
1 2 0 8 258000 2
1 2 0 9 258000 2
1 2 9 7 258000 2
1 2 15 1 258500 2
1 2 8 0 258500 2
1 2 9 4 258500 2
1 2 10 3 258500 2
1 2 11 3 258500 2
1 2 11 7 258500 2
1 2 12 8 258500 2
1 2 12 8 258500 2
1 2 12 6 258500 2
1 2 14 1 258500 2
1 2 6 0 258500 2
1 2 7 2 258500 2
1 2 7 9 258500 2
1 2 2 4 258500 2
1 2 3 8 258500 2
1 2 4 9 258500 2
1 2 4 6 258500 2
1 2 5 2 258500 2
1 2 0 3 258500 2
1 2 6 8 258500 2
1 2 6 3 258500 2
1 2 7 3 259000 2
1 2 14 0 259000 2
1 2 14 3 259000 2
1 2 14 0 259000 2
1 2 11 0 259000 2
1 2 11 8 259000 2
1 2 10 4 259000 2
1 2 7 0 259000 2
1 2 6 6 259000 2
1 2 5 9 259000 2
1 2 4 1 259000 2
1 2 4 3 259000 2
1 2 3 9 259000 2
1 2 3 2 259000 2
1 2 3 5 259000 2
1 2 2 3 259000 2
1 2 5 7 259000 2
1 2 0 9 259000 2
1 2 14 3 259500 2
1 2 7 8 259500 2
1 2 7 1 259500 2
1 2 9 1 259500 2
1 2 9 6 259500 2
1 2 10 3 259500 2
1 2 11 3 259500 2
1 2 12 6 259500 2
1 2 12 4 259500 2
1 2 13 4 259500 2
1 2 15 6 259500 2
1 2 2 7 259500 2
1 2 6 1 259500 2
1 2 6 3 259500 2
1 2 0 3 259500 2
1 2 0 4 259500 2
1 2 0 8 259500 2
1 2 1 3 259500 2
1 2 4 6 259500 2
1 2 5 9 259500 2
1 2 5 9 259500 2
1 2 5 4 259500 2
1 2 6 8 259500 2
1 2 6 2 259500 2
1 2 7 3 260000 2
1 2 8 8 260000 2
1 2 9 3 260000 2
1 2 9 9 260000 2
1 2 11 1 260000 2
1 2 11 7 260000 2
1 2 12 2 260000 2
1 2 14 8 260000 2
1 2 14 2 260000 2
1 2 15 4 260000 2
1 2 15 6 260000 2
1 2 3 4 260000 2
1 2 7 5 260000 2
1 2 7 2 260000 2
1 2 0 2 260000 2
1 2 3 2 260000 2
1 2 4 2 260000 2
1 2 4 2 260000 2
1 2 5 5 260000 2
1 2 5 5 260000 2
1 2 6 8 260000 2
1 2 6 5 260000 2
1 2 7 8 260000 2
1 2 13 8 260500 2
1 2 13 6 260500 2
1 2 12 8 260500 2
1 2 11 2 260500 2
1 2 9 6 260500 2
1 2 9 7 260500 2
1 2 9 9 260500 2
1 2 8 7 260500 2
1 2 7 8 260500 2
1 2 7 4 260500 2
1 2 7 3 260500 2
1 2 0 8 260500 2
1 2 7 2 260500 2
1 2 0 9 260500 2
1 2 2 8 260500 2
1 2 4 5 260500 2
1 2 4 7 260500 2
1 2 4 2 260500 2
1 2 5 3 260500 2
1 2 5 3 260500 2
1 2 5 7 260500 2
1 2 5 2 260500 2
1 2 6 3 261000 2
1 2 15 5 261000 2
1 2 14 6 261000 2
1 2 13 2 261000 2
1 2 13 6 261000 2
1 2 12 3 261000 2
1 2 11 3 261000 2
1 2 10 7 261000 2
1 2 7 0 261000 2
1 2 7 0 261000 2
1 2 5 8 261000 2
1 2 4 9 261000 2
1 2 4 2 261000 2
1 2 4 8 261000 2
1 2 3 1 261000 2
1 2 3 6 261000 2
1 2 1 5 261000 2
1 2 0 1 261000 2
1 2 5 9 261000 2
1 2 13 8 261500 2
1 2 13 4 261500 2
1 2 13 4 261500 2
1 2 13 1 261500 2
1 2 6 9 261500 2
1 2 14 4 261500 2
1 2 14 9 261500 2
1 2 14 2 261500 2
1 2 15 7 261500 2
1 2 15 3 261500 2
1 2 10 9 261500 2
1 2 11 3 261500 2
1 2 1 9 261500 2
1 2 2 8 261500 2
1 2 3 5 261500 2
1 2 4 1 261500 2
1 2 5 7 261500 2
1 2 7 0 261500 2
1 2 7 8 261500 2
1 2 9 6 261500 2
1 2 5 9 262000 2
1 2 14 2 262000 2
1 2 13 3 262000 2
1 2 11 5 262000 2
1 2 10 1 262000 2
1 2 9 2 262000 2
1 2 7 2 262000 2
1 2 5 3 262000 2
1 2 5 9 262000 2
1 2 5 8 262000 2
1 2 4 2 262000 2
1 2 4 3 262000 2
1 2 2 6 262000 2
1 2 2 6 262000 2
1 2 0 9 262000 2
1 2 2 6 262500 2
1 2 13 5 262500 2
1 2 13 4 262500 2
1 2 13 4 262500 2
1 2 12 5 262500 2
1 2 12 2 262500 2
1 2 10 4 262500 2
1 2 9 0 262500 2
1 2 8 1 262500 2
1 2 5 3 262500 2
1 2 4 1 262500 2
1 2 4 5 262500 2
1 2 3 6 262500 2
1 2 3 4 262500 2
1 2 2 5 262500 2
1 2 0 8 262500 2
1 2 7 5 262500 2
1 2 7 5 263000 2
1 2 9 2 263000 2
1 2 10 5 263000 2
1 2 11 2 263000 2
1 2 11 3 263000 2
1 2 13 9 263000 2
1 2 13 4 263000 2
1 2 14 8 263000 2
1 2 15 8 263000 2
1 2 15 5 263000 2
1 2 3 8 263000 2
1 2 6 2 263000 2
1 2 6 3 263000 2
1 2 1 8 263000 2
1 2 0 0 263000 2
1 2 3 1 263000 2
1 2 4 5 263000 2
1 2 4 8 263000 2
1 2 5 3 263000 2
1 2 5 9 263000 2
1 2 6 2 263000 2
1 2 4 3 263000 2
1 2 9 7 263500 2
1 2 9 1 263500 2
1 2 10 7 263500 2
1 2 10 6 263500 2
1 2 11 9 263500 2
1 2 11 5 263500 2
1 2 12 5 263500 2
1 2 13 5 263500 2
1 2 13 6 263500 2
1 2 14 2 263500 2
1 2 15 2 263500 2
1 2 12 8 263500 2
1 2 6 8 263500 2
1 2 6 3 263500 2
1 2 0 2 263500 2
1 2 1 0 263500 2
1 2 2 7 263500 2
1 2 2 0 263500 2
1 2 4 8 263500 2
1 2 0 8 263500 2
1 2 4 4 263500 2
1 2 4 5 263500 2
1 2 5 3 263500 2
1 2 5 3 263500 2
1 2 6 6 263500 2
1 2 14 8 264000 2
1 2 13 1 264000 2
1 2 12 3 264000 2
1 2 11 4 264000 2
1 2 11 0 264000 2
1 2 11 1 264000 2
1 2 6 2 264000 2
1 2 11 9 264000 2
1 2 8 7 264000 2
1 2 7 3 264000 2
1 2 6 8 264000 2
1 2 5 3 264000 2
1 2 5 5 264000 2
1 2 5 6 264000 2
1 2 4 0 264000 2
1 2 4 4 264000 2
1 2 3 4 264000 2
1 2 3 2 264500 2
1 2 15 6 264500 2
1 2 15 2 264500 2
1 2 14 9 264500 2
1 2 12 6 264500 2
1 2 11 6 264500 2
1 2 10 8 264500 2
1 2 10 0 264500 2
1 2 8 8 264500 2
1 2 8 9 264500 2
1 2 7 0 264500 2
1 2 0 4 264500 2
1 2 1 0 264500 2
1 2 0 6 264500 2
1 2 9 4 264500 2
1 2 8 4 265000 2
1 2 15 5 265000 2
1 2 8 7 265000 2
1 2 8 2 265000 2
1 2 8 3 265000 2
1 2 8 6 265000 2
1 2 9 1 265000 2
1 2 9 6 265000 2
1 2 9 5 265000 2
1 2 13 2 265000 2
1 2 6 5 265000 2
1 2 7 5 265000 2
1 2 0 8 265000 2
1 2 1 4 265000 2
1 2 2 1 265000 2
1 2 3 8 265000 2
1 2 4 6 265000 2
1 2 4 8 265000 2
1 2 4 2 265000 2
1 2 5 6 265000 2
1 2 15 4 265500 2
1 2 15 5 265500 2
1 2 14 9 265500 2
1 2 14 0 265500 2
1 2 13 4 265500 2
1 2 12 4 265500 2
1 2 12 2 265500 2
1 2 11 0 265500 2
1 2 12 6 265500 2
1 2 11 4 265500 2
1 2 11 0 265500 2
1 2 11 9 265500 2
1 2 9 6 265500 2
1 2 4 5 265500 2
1 2 4 2 265500 2
1 2 3 5 265500 2
1 2 2 0 265500 2
1 2 15 2 266000 2
1 2 14 4 266000 2
1 2 13 6 266000 2
1 2 12 1 266000 2
1 2 11 4 266000 2
1 2 11 4 266000 2
1 2 10 5 266000 2
1 2 10 9 266000 2
1 2 8 1 266000 2
1 2 8 3 266000 2
1 2 2 2 266000 2
1 2 2 2 266000 2
1 2 4 0 266000 2
1 2 4 4 266000 2
1 2 4 6 266000 2
1 2 7 2 266000 2
1 2 1 2 266500 2
1 2 15 0 266500 2
1 2 15 8 266500 2
1 2 14 1 266500 2
1 2 13 2 266500 2
1 2 13 3 266500 2
1 2 11 7 266500 2
1 2 10 5 266500 2
1 2 8 8 266500 2
1 2 8 4 266500 2
1 2 4 0 266500 2
1 2 4 1 266500 2
1 2 3 2 266500 2
1 2 3 2 266500 2
1 2 1 0 266500 2
1 2 10 6 266500 2
1 2 8 3 267000 2
1 2 9 4 267000 2
1 2 9 2 267000 2
1 2 12 6 267000 2
1 2 12 4 267000 2
1 2 13 7 267000 2
1 2 14 0 267000 2
1 2 15 8 267000 2
1 2 15 3 267000 2
1 2 7 9 267000 2
1 2 6 5 267000 2
1 2 5 9 267000 2
1 2 4 0 267000 2
1 2 4 7 267000 2
1 2 1 2 267000 2
1 2 1 4 267000 2
1 2 0 5 267000 2
1 2 8 4 267000 2
1 2 6 9 267500 2
1 2 15 9 267500 2
1 2 13 8 267500 2
1 2 11 9 267500 2
1 2 11 4 267500 2
1 2 9 5 267500 2
1 2 8 4 267500 2
1 2 8 7 267500 2
1 2 5 9 267500 2
1 2 4 0 267500 2
1 2 4 6 267500 2
1 2 3 4 267500 2
1 2 0 4 267500 2
1 2 15 8 268000 2
1 2 13 5 268000 2
1 2 13 2 268000 2
1 2 12 6 268000 2
1 2 11 9 268000 2
1 2 9 5 268000 2
1 2 4 0 268000 2
1 2 4 1 268000 2
1 2 3 8 268000 2
1 2 2 6 268000 2
1 2 0 4 268000 2
1 2 10 5 268000 2
1 2 4 8 268500 2
1 2 11 4 268500 2
1 2 8 3 268500 2
1 2 5 6 268500 2
1 2 4 4 268500 2
1 2 3 4 268500 2
1 2 2 2 268500 2
1 2 2 0 268500 2
1 2 0 8 268500 2
1 2 0 5 268500 2
1 2 1 0 269000 2
1 2 15 4 269000 2
1 2 14 0 269000 2
1 2 11 0 269000 2
1 2 10 6 269000 2
1 2 10 5 269000 2
1 2 8 9 269000 2
1 2 4 6 269000 2
1 2 4 4 269000 2
1 2 3 8 269000 2
1 2 2 2 269000 2
1 2 2 8 269000 2
1 2 1 4 269000 2
1 2 1 8 269500 2
1 2 15 2 269500 2
1 2 15 2 269500 2
1 2 15 8 269500 2
1 2 14 5 269500 2
1 2 11 7 269500 2
1 2 5 0 269500 2
1 2 3 8 269500 2
1 2 3 5 269500 2
1 2 1 2 269500 2
1 2 10 0 269500 2
1 2 9 0 270000 2
1 2 15 0 270000 2
1 2 14 8 270000 2
1 2 14 5 270000 2
1 2 13 1 270000 2
1 2 13 8 270000 2
1 2 4 1 270000 2
1 2 4 8 270000 2
1 2 4 4 270000 2
1 2 3 5 270000 2
1 2 3 8 270000 2
1 2 2 0 270000 2
1 2 1 0 270000 2
1 2 1 0 270500 2
1 2 14 0 270500 2
1 2 14 0 270500 2
1 2 13 0 270500 2
1 2 11 4 270500 2
1 2 11 0 270500 2
1 2 11 0 270500 2
1 2 9 5 270500 2
1 2 9 5 270500 2
1 2 5 9 270500 2
1 2 4 0 270500 2
1 2 4 4 270500 2
1 2 3 8 270500 2
1 2 11 8 270500 2
1 2 10 8 271000 2
1 2 15 3 271000 2
1 2 15 8 271000 2
1 2 12 6 271000 2
1 2 12 2 271000 2
1 2 11 7 271000 2
1 2 9 1 271000 2
1 2 6 4 271000 2
1 2 5 0 271000 2
1 2 4 2 271000 2
1 2 3 4 271000 2
1 2 1 2 271000 2
1 2 0 9 271000 2
1 2 6 3 271000 2
1 2 13 8 271500 2
1 2 9 5 271500 2
1 2 10 0 271500 2
1 2 10 4 271500 2
1 2 10 5 271500 2
1 2 11 0 271500 2
1 2 11 7 271500 2
1 2 11 4 271500 2
1 2 12 2 271500 2
1 2 2 9 271500 2
1 2 9 4 271500 2
1 2 8 7 271500 2
1 2 8 5 271500 2
1 2 6 5 271500 2
1 2 4 7 271500 2
1 2 3 2 271500 2
1 2 2 6 271500 2
1 2 1 2 271500 2
1 2 0 4 271500 2
1 2 15 4 272000 2
1 2 14 7 272000 2
1 2 13 8 272000 2
1 2 12 5 272000 2
1 2 11 9 272000 2
1 2 10 1 272000 2
1 2 8 2 272000 2
1 2 7 2 272000 2
1 2 6 1 272000 2
1 2 5 0 272000 2
1 2 4 1 272000 2
1 2 2 9 272000 2
1 2 1 2 272000 2
1 2 8 6 272000 2
1 2 6 9 272500 2
1 2 6 7 272500 2
1 2 8 4 272500 2
1 2 8 7 272500 2
1 2 9 2 272500 2
1 2 10 6 272500 2
1 2 11 4 272500 2
1 2 12 7 272500 2
1 2 13 5 272500 2
1 2 15 7 272500 2
1 2 15 1 272500 2
1 2 6 7 272500 2
1 2 6 3 272500 2
1 2 6 2 272500 2
1 2 6 8 272500 2
1 2 5 1 272500 2
1 2 4 0 272500 2
1 2 2 1 272500 2
1 2 2 9 272500 2
1 2 1 1 272500 2
1 2 1 7 272500 2
1 2 0 7 272500 2
1 2 7 1 273000 2
1 2 8 5 273000 2
1 2 9 9 273000 2
1 2 11 4 273000 2
1 2 12 6 273000 2
1 2 12 7 273000 2
1 2 13 4 273000 2
1 2 14 7 273000 2
1 2 15 2 273000 2
1 2 0 5 273000 2
1 2 6 9 273000 2
1 2 6 4 273000 2
1 2 5 8 273000 2
1 2 4 6 273000 2
1 2 4 2 273000 2
1 2 2 5 273000 2
1 2 1 1 273000 2
1 2 1 7 273000 2
1 2 7 5 273000 2
1 2 5 0 273500 2
1 2 6 4 273500 2
1 2 6 0 273500 2
1 2 7 9 273500 2
1 2 8 9 273500 2
1 2 8 9 273500 2
1 2 11 9 273500 2
1 2 13 8 273500 2
1 2 14 2 273500 2
1 2 15 3 273500 2
1 2 11 1 273500 2
1 2 5 8 273500 2
1 2 5 9 273500 2
1 2 0 0 273500 2
1 2 1 2 273500 2
1 2 2 2 273500 2
1 2 3 5 273500 2
1 2 0 2 273500 2
1 2 3 8 273500 2
1 2 4 8 273500 2
1 2 4 9 273500 2
1 2 5 5 273500 2
1 2 5 4 273500 2
1 2 7 0 274000 2
1 2 6 9 274000 2
1 2 7 2 274000 2
1 2 8 3 274000 2
1 2 8 3 274000 2
1 2 10 9 274000 2
1 2 10 8 274000 2
1 2 11 1 274000 2
1 2 11 5 274000 2
1 2 12 8 274000 2
1 2 13 2 274000 2
1 2 14 2 274000 2
1 2 14 6 274000 2
1 2 14 8 274000 2
1 2 14 8 274000 2
1 2 15 8 274000 2
1 2 6 5 274000 2
1 2 0 3 274000 2
1 2 1 7 274000 2
1 2 1 2 274000 2
1 2 2 2 274000 2
1 2 3 8 274000 2
1 2 3 4 274000 2
1 2 4 7 274000 2
1 2 4 8 274000 2
1 2 5 8 274000 2
1 2 5 0 274000 2
1 2 6 8 274000 2
1 2 6 3 274000 2
1 2 6 8 274000 2
1 2 4 4 274000 2
1 2 6 3 274500 2
1 2 6 9 274500 2
1 2 7 3 274500 2
1 2 8 7 274500 2
1 2 10 7 274500 2
1 2 11 0 274500 2
1 2 11 4 274500 2
1 2 14 5 274500 2
1 2 14 0 274500 2
1 2 15 2 274500 2
1 2 15 6 274500 2
1 2 15 6 274500 2
1 2 5 7 274500 2
1 2 5 2 274500 2
1 2 0 5 274500 2
1 2 1 2 274500 2
1 2 1 7 274500 2
1 2 2 5 274500 2
1 2 2 7 274500 2
1 2 2 2 274500 2
1 2 2 9 274500 2
1 2 3 4 274500 2
1 2 3 8 274500 2
1 2 4 2 274500 2
1 2 5 3 275000 2
1 2 15 5 275000 2
1 2 15 2 275000 2
1 2 15 0 275000 2
1 2 14 2 275000 2
1 2 13 5 275000 2
1 2 11 0 275000 2
1 2 9 2 275000 2
1 2 8 6 275000 2
1 2 6 3 275000 2
1 2 5 7 275000 2
1 2 5 9 275000 2
1 2 4 2 275000 2
1 2 4 4 275000 2
1 2 4 8 275000 2
1 2 2 8 275000 2
1 2 1 2 275000 2
1 2 0 3 275000 2
1 2 0 2 275000 2
1 2 7 7 275500 2
1 2 0 7 275500 2
1 2 8 6 275500 2
1 2 8 2 275500 2
1 2 8 7 275500 2
1 2 8 6 275500 2
1 2 11 2 275500 2
1 2 12 4 275500 2
1 2 13 7 275500 2
1 2 14 2 275500 2
1 2 15 0 275500 2
1 2 15 7 275500 2
1 2 6 3 275500 2
1 2 0 2 275500 2
1 2 0 7 275500 2
1 2 0 3 275500 2
1 2 1 3 275500 2
1 2 2 2 275500 2
1 2 2 6 275500 2
1 2 4 8 275500 2
1 2 4 7 275500 2
1 2 6 0 275500 2
1 2 6 8 275500 2
1 2 2 7 275500 2
1 2 8 0 276000 2
1 2 8 9 276000 2
1 2 9 5 276000 2
1 2 9 0 276000 2
1 2 11 0 276000 2
1 2 11 4 276000 2
1 2 12 4 276000 2
1 2 13 3 276000 2
1 2 13 2 276000 2
1 2 14 4 276000 2
1 2 15 6 276000 2
1 2 6 3 276000 2
1 2 6 4 276000 2
1 2 0 8 276000 2
1 2 0 5 276000 2
1 2 0 9 276000 2
1 2 0 3 276000 2
1 2 2 8 276000 2
1 2 3 8 276000 2
1 2 5 9 276000 2
1 2 5 5 276000 2
1 2 6 3 276000 2
1 2 7 8 276500 2
1 2 6 4 276500 2
1 2 8 9 276500 2
1 2 8 7 276500 2
1 2 10 4 276500 2
1 2 10 7 276500 2
1 2 11 2 276500 2
1 2 11 9 276500 2
1 2 11 6 276500 2
1 2 13 4 276500 2
1 2 14 8 276500 2
1 2 14 9 276500 2
1 2 15 8 276500 2
1 2 6 9 276500 2
1 2 1 5 276500 2
1 2 2 7 276500 2
1 2 2 8 276500 2
1 2 2 3 276500 2
1 2 3 9 276500 2
1 2 4 2 276500 2
1 2 4 0 276500 2
1 2 5 3 276500 2
1 2 5 3 276500 2
1 2 5 5 276500 2
1 2 5 0 276500 2
1 2 6 3 276500 2
1 2 7 9 277000 2
1 2 8 0 277000 2
1 2 8 3 277000 2
1 2 9 0 277000 2
1 2 9 5 277000 2
1 2 10 9 277000 2
1 2 11 0 277000 2
1 2 14 2 277000 2
1 2 14 2 277000 2
1 2 13 5 277000 2
1 2 6 7 277000 2
1 2 6 3 277000 2
1 2 1 2 277000 2
1 2 2 7 277000 2
1 2 0 9 277000 2
1 2 2 1 277000 2
1 2 3 4 277000 2
1 2 4 3 277000 2
1 2 4 3 277000 2
1 2 6 2 277000 2
1 2 6 4 277000 2
1 2 14 2 277500 2
1 2 7 3 277500 2
1 2 7 7 277500 2
1 2 8 4 277500 2
1 2 8 2 277500 2
1 2 11 9 277500 2
1 2 11 4 277500 2
1 2 12 1 277500 2
1 2 12 4 277500 2
1 2 13 7 277500 2
1 2 15 0 277500 2
1 2 1 2 277500 2
1 2 7 5 277500 2
1 2 0 9 277500 2
1 2 2 2 277500 2
1 2 4 8 277500 2
1 2 4 2 277500 2
1 2 5 9 277500 2
1 2 5 3 277500 2
1 2 6 8 277500 2
1 2 6 4 277500 2
1 2 6 5 277500 2
1 2 6 9 277500 2
1 2 4 9 278000 2
1 2 15 0 278000 2
1 2 12 8 278000 2
1 2 12 3 278000 2
1 2 10 5 278000 2
1 2 10 9 278000 2
1 2 10 6 278000 2
1 2 5 7 278000 2
1 2 2 9 278000 2
1 2 2 2 278000 2
1 2 2 7 278000 2
1 2 1 1 278000 2
1 2 1 2 278000 2
1 2 1 0 278000 2
1 2 0 2 278000 2
1 2 0 6 278000 2
1 2 3 7 278000 2
1 2 7 5 278500 2
1 2 8 9 278500 2
1 2 8 0 278500 2
1 2 8 9 278500 2
1 2 9 2 278500 2
1 2 10 7 278500 2
1 2 11 4 278500 2
1 2 12 2 278500 2
1 2 12 2 278500 2
1 2 12 3 278500 2
1 2 14 9 278500 2
1 2 15 6 278500 2
1 2 15 9 278500 2
1 2 6 7 278500 2
1 2 7 7 278500 2
1 2 0 1 278500 2
1 2 1 6 278500 2
1 2 1 7 278500 2
1 2 3 8 278500 2
1 2 3 4 278500 2
1 2 5 8 278500 2
1 2 5 9 278500 2
1 2 6 1 278500 2
1 2 6 3 278500 2
1 2 6 3 278500 2
1 2 4 5 278500 2
1 2 8 8 279000 2
1 2 9 7 279000 2
1 2 10 0 279000 2
1 2 11 9 279000 2
1 2 11 4 279000 2
1 2 12 2 279000 2
1 2 13 5 279000 2
1 2 14 7 279000 2
1 2 14 0 279000 2
1 2 14 9 279000 2
1 2 15 1 279000 2
1 2 7 2 279000 2
1 2 8 9 279000 2
1 2 0 4 279000 2
1 2 1 0 279000 2
1 2 1 7 279000 2
1 2 2 2 279000 2
1 2 3 4 279000 2
1 2 3 2 279000 2
1 2 4 2 279000 2
1 2 5 3 279000 2
1 2 5 3 279000 2
1 2 6 3 279000 2
1 2 6 1 279000 2
1 2 5 5 279500 2
1 2 5 9 279500 2
1 2 7 5 279500 2
1 2 8 6 279500 2
1 2 8 0 279500 2
1 2 8 2 279500 2
1 2 11 0 279500 2
1 2 12 9 279500 2
1 2 12 8 279500 2
1 2 15 2 279500 2
1 2 0 2 279500 2
1 2 5 4 279500 2
1 2 5 8 279500 2
1 2 0 7 279500 2
1 2 0 0 279500 2
1 2 0 7 279500 2
1 2 1 7 279500 2
1 2 1 0 279500 2
1 2 1 7 279500 2
1 2 2 3 279500 2
1 2 4 5 279500 2
1 2 4 8 279500 2
1 2 10 1 280000 2
1 2 11 2 280000 2
1 2 11 9 280000 2
1 2 11 7 280000 2
1 2 12 2 280000 2
1 2 12 3 280000 2
1 2 6 1 280000 2
1 2 12 3 280000 2
1 2 14 5 280000 2
1 2 14 7 280000 2
1 2 14 8 280000 2
1 2 15 5 280000 2
1 2 15 8 280000 2
1 2 15 6 280000 2
1 2 15 0 280000 2
1 2 10 8 280000 2
1 2 10 6 280000 2
1 2 0 7 280000 2
1 2 1 9 280000 2
1 2 2 6 280000 2
1 2 3 6 280000 2
1 2 4 3 280000 2
1 2 4 2 280000 2
1 2 5 0 280000 2
1 2 6 3 280000 2
1 2 7 0 280000 2
1 2 7 2 280000 2
1 2 8 2 280000 2
1 2 8 3 280000 2
1 2 5 9 280000 2
1 2 8 7 280500 2
1 2 8 8 280500 2
1 2 9 5 280500 2
1 2 12 1 280500 2
1 2 12 2 280500 2
1 2 14 2 280500 2
1 2 14 8 280500 2
1 2 14 0 280500 2
1 2 15 1 280500 2
1 2 15 3 280500 2
1 2 0 4 280500 2
1 2 7 0 280500 2
1 2 0 4 280500 2
1 2 0 9 280500 2
1 2 0 3 280500 2
1 2 4 3 280500 2
1 2 4 7 280500 2
1 2 4 8 280500 2
1 2 5 2 280500 2
1 2 6 4 280500 2
1 2 9 6 281000 2
1 2 15 8 281000 2
1 2 15 8 281000 2
1 2 13 9 281000 2
1 2 13 8 281000 2
1 2 12 1 281000 2
1 2 12 6 281000 2
1 2 11 5 281000 2
1 2 9 5 281000 2
1 2 8 7 281000 2
1 2 7 1 281000 2
1 2 5 1 281000 2
1 2 5 6 281000 2
1 2 4 2 281000 2
1 2 4 1 281000 2
1 2 3 6 281000 2
1 2 8 8 281000 2
1 2 9 4 281500 2
1 2 9 6 281500 2
1 2 11 7 281500 2
1 2 11 0 281500 2
1 2 11 1 281500 2
1 2 4 2 281500 2
1 2 11 2 281500 2
1 2 13 4 281500 2
1 2 15 2 281500 2
1 2 8 9 281500 2
1 2 8 8 281500 2
1 2 0 3 281500 2
1 2 1 5 281500 2
1 2 1 3 281500 2
1 2 6 6 281500 2
1 2 6 3 281500 2
1 2 7 2 281500 2
1 2 8 7 281500 2
1 2 6 3 282000 2
1 2 15 2 282000 2
1 2 12 8 282000 2
1 2 10 8 282000 2
1 2 9 2 282000 2
1 2 9 5 282000 2
1 2 8 0 282000 2
1 2 7 8 282000 2
1 2 6 4 282000 2
1 2 6 8 282000 2
1 2 5 3 282000 2
1 2 5 9 282000 2
1 2 3 6 282000 2
1 2 3 8 282000 2
1 2 2 5 282000 2
1 2 8 5 282500 2
1 2 15 6 282500 2
1 2 15 5 282500 2
1 2 11 0 282500 2
1 2 11 9 282500 2
1 2 10 5 282500 2
1 2 9 8 282500 2
1 2 7 7 282500 2
1 2 6 4 282500 2
1 2 5 0 282500 2
1 2 4 0 282500 2
1 2 4 1 282500 2
1 2 2 5 282500 2
1 2 1 5 282500 2
1 2 0 0 282500 2
1 2 0 1 282500 2
1 2 7 4 283000 2
1 2 15 6 283000 2
1 2 15 5 283000 2
1 2 14 2 283000 2
1 2 13 0 283000 2
1 2 11 2 283000 2
1 2 11 3 283000 2
1 2 8 7 283000 2
1 2 8 7 283000 2
1 2 5 0 283000 2
1 2 4 1 283000 2
1 2 3 9 283000 2
1 2 3 7 283000 2
1 2 2 9 283000 2
1 2 1 2 283000 2
1 2 8 6 283500 2
1 2 8 2 283500 2
1 2 8 1 283500 2
1 2 8 9 283500 2
1 2 10 7 283500 2
1 2 11 3 283500 2
1 2 11 4 283500 2
1 2 11 2 283500 2
1 2 15 7 283500 2
1 2 15 8 283500 2
1 2 4 3 283500 2
1 2 5 3 283500 2
1 2 6 1 283500 2
1 2 0 6 283500 2
1 2 0 3 283500 2
1 2 1 3 283500 2
1 2 2 8 283500 2
1 2 3 8 283500 2
1 2 3 2 283500 2
1 2 0 3 283500 2
1 2 5 5 283500 2
1 2 11 2 284000 2
1 2 15 4 284000 2
1 2 15 7 284000 2
1 2 15 0 284000 2
1 2 14 2 284000 2
1 2 13 8 284000 2
1 2 12 8 284000 2
1 2 12 6 284000 2
1 2 11 2 284000 2
1 2 11 2 284000 2
1 2 9 0 284000 2
1 2 0 4 284000 2
1 2 2 3 284000 2
1 2 4 8 284000 2
1 2 6 2 284000 2
1 2 7 2 284000 2
1 2 8 9 284000 2
1 2 8 1 284000 2
1 2 9 6 284000 2
1 2 0 2 284500 2
1 2 15 0 284500 2
1 2 15 0 284500 2
1 2 14 2 284500 2
1 2 12 3 284500 2
1 2 11 5 284500 2
1 2 11 4 284500 2
1 2 10 8 284500 2
1 2 9 3 284500 2
1 2 5 5 284500 2
1 2 5 0 284500 2
1 2 4 9 284500 2
1 2 3 0 284500 2
1 2 3 8 284500 2
1 2 3 2 284500 2
1 2 2 8 284500 2
1 2 1 1 284500 2
1 2 6 9 284500 2
1 2 9 7 285000 2
1 2 9 0 285000 2
1 2 10 1 285000 2
1 2 11 3 285000 2
1 2 11 6 285000 2
1 2 11 0 285000 2
1 2 11 1 285000 2
1 2 12 6 285000 2
1 2 12 8 285000 2
1 2 13 1 285000 2
1 2 13 3 285000 2
1 2 6 4 285000 2
1 2 8 2 285000 2
1 2 8 6 285000 2
1 2 3 1 285000 2
1 2 3 7 285000 2
1 2 4 5 285000 2
1 2 4 2 285000 2
1 2 5 3 285000 2
1 2 5 7 285000 2
1 2 6 8 285000 2
1 2 0 3 285000 2
1 2 8 4 285000 2
1 2 8 0 285000 2
1 2 9 0 285500 2
1 2 9 9 285500 2
1 2 11 0 285500 2
1 2 11 4 285500 2
1 2 11 3 285500 2
1 2 12 8 285500 2
1 2 13 4 285500 2
1 2 14 4 285500 2
1 2 14 8 285500 2
1 2 14 8 285500 2
1 2 15 5 285500 2
1 2 15 1 285500 2
1 2 15 2 285500 2
1 2 15 9 285500 2
1 2 8 9 285500 2
1 2 0 1 285500 2
1 2 1 1 285500 2
1 2 3 8 285500 2
1 2 3 0 285500 2
1 2 3 2 285500 2
1 2 4 2 285500 2
1 2 5 6 285500 2
1 2 6 8 285500 2
1 2 7 2 285500 2
1 2 8 5 285500 2
1 2 8 7 285500 2
1 2 4 6 285500 2
1 2 7 2 286000 2
1 2 8 9 286000 2
1 2 9 2 286000 2
1 2 9 1 286000 2
1 2 10 6 286000 2
1 2 11 2 286000 2
1 2 13 5 286000 2
1 2 14 0 286000 2
1 2 15 2 286000 2
1 2 15 6 286000 2
1 2 15 5 286000 2
1 2 6 3 286000 2
1 2 7 2 286000 2
1 2 0 2 286000 2
1 2 0 1 286000 2
1 2 1 4 286000 2
1 2 2 8 286000 2
1 2 4 9 286000 2
1 2 5 3 286000 2
1 2 5 7 286000 2
1 2 6 0 286000 2
1 2 4 2 286000 2
1 2 9 0 286500 2
1 2 10 7 286500 2
1 2 10 0 286500 2
1 2 11 1 286500 2
1 2 13 1 286500 2
1 2 13 5 286500 2
1 2 13 8 286500 2
1 2 14 2 286500 2
1 2 14 7 286500 2
1 2 14 0 286500 2
1 2 14 7 286500 2
1 2 15 1 286500 2
1 2 0 7 286500 2
1 2 8 9 286500 2
1 2 1 3 286500 2
1 2 2 8 286500 2
1 2 3 9 286500 2
1 2 3 3 286500 2
1 2 4 2 286500 2
1 2 8 7 286500 2
1 2 6 1 286500 2
1 2 6 4 286500 2
1 2 5 2 286500 2
1 2 3 0 286500 2
1 2 8 2 287000 2
1 2 15 1 287000 2
1 2 14 4 287000 2
1 2 14 0 287000 2
1 2 13 2 287000 2
1 2 13 9 287000 2
1 2 13 2 287000 2
1 2 12 7 287000 2
1 2 11 0 287000 2
1 2 9 5 287000 2
1 2 8 6 287000 2
1 2 8 7 287000 2
1 2 7 8 287000 2
1 2 6 4 287000 2
1 2 6 6 287000 2
1 2 5 2 287000 2
1 2 5 6 287000 2
1 2 4 8 287000 2
1 2 3 8 287000 2
1 2 0 8 287000 2
1 2 0 7 287000 2
1 2 8 2 287000 2
1 2 8 8 287500 2
1 2 9 4 287500 2
1 2 9 5 287500 2
1 2 9 1 287500 2
1 2 11 6 287500 2
1 2 13 5 287500 2
1 2 15 1 287500 2
1 2 15 2 287500 2
1 2 15 1 287500 2
1 2 15 4 287500 2
1 2 2 8 287500 2
1 2 7 5 287500 2
1 2 8 5 287500 2
1 2 0 8 287500 2
1 2 1 7 287500 2
1 2 1 3 287500 2
1 2 0 4 287500 2
1 2 3 3 287500 2
1 2 5 8 287500 2
1 2 5 0 287500 2
1 2 5 2 287500 2
1 2 6 2 287500 2
1 2 8 6 288000 2
1 2 15 3 288000 2
1 2 15 6 288000 2
1 2 14 8 288000 2
1 2 11 5 288000 2
1 2 11 0 288000 2
1 2 9 8 288000 2
1 2 9 1 288000 2
1 2 9 2 288000 2
1 2 8 7 288000 2
1 2 8 9 288000 2
1 2 7 1 288000 2
1 2 6 4 288000 2
1 2 4 1 288000 2
1 2 2 5 288000 2
1 2 2 8 288000 2
1 2 1 5 288000 2
1 2 1 2 288000 2
1 2 1 8 288000 2
1 2 8 9 288500 2
1 2 4 1 288500 2
1 2 9 9 288500 2
1 2 10 9 288500 2
1 2 10 1 288500 2
1 2 11 7 288500 2
1 2 11 4 288500 2
1 2 13 7 288500 2
1 2 14 3 288500 2
1 2 14 7 288500 2
1 2 15 0 288500 2
1 2 7 9 288500 2
1 2 0 7 288500 2
1 2 0 8 288500 2
1 2 8 3 288500 2
1 2 4 7 288500 2
1 2 5 9 288500 2
1 2 6 3 288500 2
1 2 6 4 288500 2
1 2 7 3 288500 2
1 2 7 9 288500 2
1 2 10 7 289000 2
1 2 10 9 289000 2
1 2 10 9 289000 2
1 2 11 7 289000 2
1 2 11 0 289000 2
1 2 11 4 289000 2
1 2 13 2 289000 2
1 2 14 5 289000 2
1 2 14 4 289000 2
1 2 14 2 289000 2
1 2 14 6 289000 2
1 2 15 8 289000 2
1 2 15 6 289000 2
1 2 3 4 289000 2
1 2 7 6 289000 2
1 2 8 3 289000 2
1 2 2 7 289000 2
1 2 2 5 289000 2
1 2 3 5 289000 2
1 2 4 2 289000 2
1 2 4 3 289000 2
1 2 5 8 289000 2
1 2 5 2 289000 2
1 2 5 3 289000 2
1 2 6 3 289000 2
1 2 6 7 289000 2
1 2 4 8 289000 2
1 2 6 3 289500 2
1 2 8 8 289500 2
1 2 4 4 289500 2
1 2 9 6 289500 2
1 2 9 0 289500 2
1 2 10 9 289500 2
1 2 10 9 289500 2
1 2 11 4 289500 2
1 2 14 2 289500 2
1 2 15 6 289500 2
1 2 15 6 289500 2
1 2 5 7 289500 2
1 2 0 7 289500 2
1 2 1 9 289500 2
1 2 2 5 289500 2
1 2 2 8 289500 2
1 2 4 7 289500 2
1 2 4 2 289500 2
1 2 4 1 289500 2
1 2 4 9 289500 2
1 2 6 0 289500 2
1 2 15 4 290000 2
1 2 14 3 290000 2
1 2 14 1 290000 2
1 2 10 0 290000 2
1 2 8 7 290000 2
1 2 8 2 290000 2
1 2 8 7 290000 2
1 2 6 9 290000 2
1 2 4 0 290000 2
1 2 4 0 290000 2
1 2 4 4 290000 2
1 2 3 7 290000 2
1 2 3 4 290000 2
1 2 3 9 290000 2
1 2 1 7 290000 2
1 2 0 3 290000 2
1 2 5 2 290000 2
1 2 5 3 290500 2
1 2 15 0 290500 2
1 2 14 2 290500 2
1 2 13 7 290500 2
1 2 7 4 290500 2
1 2 6 2 290500 2
1 2 5 8 290500 2
1 2 4 1 290500 2
1 2 3 2 290500 2
1 2 3 8 290500 2
1 2 2 7 290500 2
1 2 1 7 290500 2
1 2 6 4 291000 2
1 2 15 1 291000 2
1 2 14 2 291000 2
1 2 14 0 291000 2
1 2 14 5 291000 2
1 2 13 4 291000 2
1 2 11 8 291000 2
1 2 9 0 291000 2
1 2 8 2 291000 2
1 2 8 8 291000 2
1 2 6 8 291000 2
1 2 0 2 291000 2
1 2 0 8 291000 2
1 2 0 9 291000 2
1 2 1 2 291000 2
1 2 3 8 291000 2
1 2 4 4 291000 2
1 2 5 7 291000 2
1 2 6 3 291000 2
1 2 6 3 291000 2
1 2 6 4 291000 2
1 2 3 8 291500 2
1 2 13 2 291500 2
1 2 13 8 291500 2
1 2 12 4 291500 2
1 2 11 7 291500 2
1 2 11 7 291500 2
1 2 10 0 291500 2
1 2 9 2 291500 2
1 2 9 7 291500 2
1 2 5 3 291500 2
1 2 2 5 291500 2
1 2 1 7 291500 2
1 2 0 5 291500 2
1 2 7 3 292000 2
1 2 8 7 292000 2
1 2 8 7 292000 2
1 2 10 9 292000 2
1 2 11 7 292000 2
1 2 11 9 292000 2
1 2 11 4 292000 2
1 2 15 0 292000 2
1 2 5 5 292000 2
1 2 5 2 292000 2
1 2 4 2 292000 2
1 2 3 5 292000 2
1 2 3 7 292000 2
1 2 1 0 292000 2
1 2 0 8 292000 2
1 2 0 7 292000 2
1 2 5 9 292000 2
1 2 6 3 292500 2
1 2 6 0 292500 2
1 2 7 0 292500 2
1 2 8 3 292500 2
1 2 9 0 292500 2
1 2 11 7 292500 2
1 2 11 4 292500 2
1 2 11 3 292500 2
1 2 14 9 292500 2
1 2 15 8 292500 2
1 2 5 1 292500 2
1 2 4 7 292500 2
1 2 4 2 292500 2
1 2 3 9 292500 2
1 2 2 2 292500 2
1 2 2 3 292500 2
1 2 1 7 292500 2
1 2 1 7 292500 2
1 2 6 2 292500 2
1 2 1 0 292500 2
1 2 14 7 293000 2
1 2 8 7 293000 2
1 2 10 9 293000 2
1 2 10 6 293000 2
1 2 11 1 293000 2
1 2 11 7 293000 2
1 2 11 4 293000 2
1 2 11 3 293000 2
1 2 13 7 293000 2
1 2 14 7 293000 2
1 2 2 3 293000 2
1 2 6 2 293000 2
1 2 0 1 293000 2
1 2 4 3 293000 2
1 2 4 2 293000 2
1 2 4 0 293000 2
1 2 5 8 293000 2
1 2 5 3 293000 2
1 2 6 3 293000 2
1 2 6 2 293000 2
1 2 7 3 293000 2
1 2 15 6 293500 2
1 2 14 8 293500 2
1 2 14 0 293500 2
1 2 13 6 293500 2
1 2 11 6 293500 2
1 2 11 3 293500 2
1 2 10 7 293500 2
1 2 10 7 293500 2
1 2 10 8 293500 2
1 2 8 2 293500 2
1 2 8 7 293500 2
1 2 8 6 293500 2
1 2 6 0 293500 2
1 2 6 3 293500 2
1 2 4 8 293500 2
1 2 2 9 293500 2
1 2 2 5 293500 2
1 2 8 3 293500 2
1 2 4 1 294000 2
1 2 13 5 294000 2
1 2 11 3 294000 2
1 2 11 0 294000 2
1 2 8 0 294000 2
1 2 6 7 294000 2
1 2 4 6 294000 2
1 2 2 9 294000 2
1 2 1 0 294000 2
1 2 0 3 294000 2
1 2 0 4 294000 2
1 2 0 5 294000 2
1 2 11 7 294500 2
1 2 14 2 294500 2
1 2 13 2 294500 2
1 2 12 2 294500 2
1 2 11 7 294500 2
1 2 11 1 294500 2
1 2 11 4 294500 2
1 2 11 7 294500 2
1 2 6 5 294500 2
1 2 6 8 294500 2
1 2 6 3 294500 2
1 2 2 3 294500 2
1 2 4 8 294500 2
1 2 4 4 294500 2
1 2 3 8 294500 2
1 2 7 0 294500 2
1 2 4 1 295000 2
1 2 4 8 295000 2
1 2 5 4 295000 2
1 2 6 9 295000 2
1 2 6 7 295000 2
1 2 6 3 295000 2
1 2 8 7 295000 2
1 2 11 1 295000 2
1 2 14 3 295000 2
1 2 15 2 295000 2
1 2 3 7 295000 2
1 2 3 8 295000 2
1 2 2 2 295000 2
1 2 2 9 295000 2
1 2 2 9 295000 2
1 2 2 2 295000 2
1 2 1 0 295000 2
1 2 0 7 295000 2
1 2 0 3 295000 2
1 2 4 2 295000 2
1 2 8 1 295500 2
1 2 8 7 295500 2
1 2 10 9 295500 2
1 2 11 9 295500 2
1 2 12 9 295500 2
1 2 13 2 295500 2
1 2 14 2 295500 2
1 2 14 0 295500 2
1 2 15 9 295500 2
1 2 0 8 295500 2
1 2 7 8 295500 2
1 2 8 9 295500 2
1 2 0 7 295500 2
1 2 0 8 295500 2
1 2 1 0 295500 2
1 2 2 9 295500 2
1 2 3 8 295500 2
1 2 4 7 295500 2
1 2 4 5 295500 2
1 2 5 3 295500 2
1 2 15 9 296000 2
1 2 14 5 296000 2
1 2 13 7 296000 2
1 2 12 2 296000 2
1 2 12 2 296000 2
1 2 11 4 296000 2
1 2 9 0 296000 2
1 2 8 3 296000 2
1 2 8 9 296000 2
1 2 5 5 296000 2
1 2 5 4 296000 2
1 2 4 8 296000 2
1 2 4 3 296000 2
1 2 4 0 296000 2
1 2 3 4 296000 2
1 2 2 8 296000 2
1 2 1 7 296000 2
1 2 6 0 296000 2
1 2 6 9 296500 2
1 2 15 1 296500 2
1 2 13 5 296500 2
1 2 10 6 296500 2
1 2 10 8 296500 2
1 2 8 5 296500 2
1 2 6 8 296500 2
1 2 6 2 296500 2
1 2 5 9 296500 2
1 2 3 7 296500 2
1 2 2 3 296500 2
1 2 1 3 296500 2
1 2 14 1 297000 2
1 2 15 6 297000 2
1 2 14 3 297000 2
1 2 13 2 297000 2
1 2 13 9 297000 2
1 2 11 3 297000 2
1 2 10 9 297000 2
1 2 9 1 297000 2
1 2 9 4 297000 2
1 2 7 6 297000 2
1 2 9 6 297000 2
1 2 0 4 297000 2
1 2 0 1 297000 2
1 2 0 4 297000 2
1 2 1 7 297000 2
1 2 1 3 297000 2
1 2 4 1 297000 2
1 2 5 6 297000 2
1 2 5 3 297000 2
1 2 7 2 297500 2
1 2 11 7 297500 2
1 2 7 4 297500 2
1 2 7 2 297500 2
1 2 8 8 297500 2
1 2 8 7 297500 2
1 2 11 3 297500 2
1 2 12 6 297500 2
1 2 12 2 297500 2
1 2 12 6 297500 2
1 2 12 4 297500 2
1 2 14 3 297500 2
1 2 15 7 297500 2
1 2 6 7 297500 2
1 2 6 3 297500 2
1 2 0 5 297500 2
1 2 0 1 297500 2
1 2 2 3 297500 2
1 2 2 7 297500 2
1 2 4 3 297500 2
1 2 5 3 297500 2
1 2 0 2 297500 2
1 2 5 6 297500 2
1 2 5 9 297500 2
1 2 5 3 297500 2
1 2 6 1 297500 2
1 2 6 4 297500 2
1 2 15 7 298000 2
1 2 15 2 298000 2
1 2 14 1 298000 2
1 2 14 6 298000 2
1 2 4 7 298000 2
1 2 12 6 298000 2
1 2 12 6 298000 2
1 2 11 1 298000 2
1 2 11 3 298000 2
1 2 11 3 298000 2
1 2 10 1 298000 2
1 2 8 8 298000 2
1 2 4 4 298000 2
1 2 4 3 298000 2
1 2 2 4 298000 2
1 2 1 7 298000 2
1 2 0 4 298000 2
1 2 14 1 298500 2
1 2 14 1 298500 2
1 2 13 9 298500 2
1 2 12 2 298500 2
1 2 7 0 298500 2
1 2 6 3 298500 2
1 2 5 0 298500 2
1 2 5 9 298500 2
1 2 1 2 298500 2
1 2 0 4 298500 2
1 2 0 6 298500 2
1 2 0 7 298500 2
1 2 6 3 298500 2
1 2 7 7 299000 2
1 2 5 9 299000 2
1 2 7 8 299000 2
1 2 7 1 299000 2
1 2 9 9 299000 2
1 2 10 6 299000 2
1 2 12 8 299000 2
1 2 12 5 299000 2
1 2 14 9 299000 2
1 2 14 0 299000 2
1 2 4 6 299000 2
1 2 4 1 299000 2
1 2 3 1 299000 2
1 2 3 3 299000 2
1 2 2 3 299000 2
1 2 2 6 299000 2
1 2 1 5 299000 2
1 2 1 9 299000 2
1 2 0 5 299000 2
1 2 12 1 299500 2
1 2 15 6 299500 2
1 2 15 8 299500 2
1 2 14 1 299500 2
1 2 13 4 299500 2
1 2 12 9 299500 2
1 2 12 2 299500 2
1 2 10 5 299500 2
1 2 11 2 299500 2
1 2 0 3 299500 2
1 2 0 1 299500 2
1 2 1 2 299500 2
1 2 2 8 299500 2
1 2 4 5 299500 2
1 2 4 1 299500 2
1 2 15 6 300000 2
1 2 15 1 300000 2
1 2 15 6 300000 2
1 2 14 9 300000 2
1 2 14 1 300000 2
1 2 13 9 300000 2
1 2 12 6 300000 2
1 2 11 2 300000 2
1 2 10 5 300000 2
1 2 10 9 300000 2
1 2 6 2 300000 2
1 2 0 7 300000 2
1 2 0 0 300000 2
1 2 0 8 300000 2
1 2 2 9 300000 2
1 2 3 4 300000 2
1 2 4 7 300000 2
1 2 5 8 300000 2
1 2 6 6 300000 2
1 2 7 1 300000 2
1 2 0 9 300500 2
1 2 13 1 300500 2
1 2 12 8 300500 2
1 2 10 8 300500 2
1 2 8 7 300500 2
1 2 7 3 300500 2
1 2 7 6 300500 2
1 2 6 5 300500 2
1 2 6 8 300500 2
1 2 5 8 300500 2
1 2 4 6 300500 2
1 2 4 5 300500 2
1 2 4 7 300500 2
1 2 3 8 300500 2
1 2 2 5 300500 2
1 2 0 8 300500 2
1 2 0 4 300500 2
1 2 5 3 300500 2
1 2 10 3 301000 2
1 2 15 6 301000 2
1 2 14 9 301000 2
1 2 14 9 301000 2
1 2 12 2 301000 2
1 2 12 2 301000 2
1 2 5 3 301000 2
1 2 5 7 301000 2
1 2 4 7 301000 2
1 2 4 1 301000 2
1 2 0 8 301000 2
1 2 0 3 301000 2
1 2 8 5 301000 2
1 2 13 0 301500 2
1 2 6 8 301500 2
1 2 9 1 301500 2
1 2 10 7 301500 2
1 2 10 1 301500 2
1 2 12 7 301500 2
1 2 12 4 301500 2
1 2 13 6 301500 2
1 2 13 5 301500 2
1 2 15 7 301500 2
1 2 4 6 301500 2
1 2 5 5 301500 2
1 2 0 5 301500 2
1 2 0 4 301500 2
1 2 0 4 301500 2
1 2 0 1 301500 2
1 2 1 2 301500 2
1 2 3 2 301500 2
1 2 4 9 301500 2
1 2 4 8 301500 2
1 2 4 1 301500 2
1 2 4 3 302000 2
1 2 15 2 302000 2
1 2 14 5 302000 2
1 2 12 4 302000 2
1 2 11 3 302000 2
1 2 11 6 302000 2
1 2 10 7 302000 2
1 2 9 3 302000 2
1 2 6 9 302000 2
1 2 5 5 302000 2
1 2 3 7 302000 2
1 2 2 4 302000 2
1 2 0 4 302000 2
1 2 13 2 302500 2
1 2 13 5 302500 2
1 2 15 7 302500 2
1 2 15 3 302500 2
1 2 15 6 302500 2
1 2 0 1 302500 2
1 2 12 4 302500 2
1 2 12 4 302500 2
1 2 7 6 302500 2
1 2 6 1 302500 2
1 2 3 1 302500 2
1 2 13 4 302500 2
1 2 10 6 303000 2
1 2 15 3 303000 2
1 2 14 7 303000 2
1 2 14 9 303000 2
1 2 13 9 303000 2
1 2 12 4 303000 2
1 2 12 9 303000 2
1 2 11 2 303000 2
1 2 7 6 303000 2
1 2 6 8 303000 2
1 2 0 3 303000 2
1 2 0 5 303000 2
1 2 0 1 303000 2
1 2 1 3 303000 2
1 2 2 2 303000 2
1 2 2 8 303000 2
1 2 4 4 303000 2
1 2 6 5 303000 2
1 2 7 1 303000 2
1 2 1 9 303500 2
1 2 15 5 303500 2
1 2 15 7 303500 2
1 2 15 7 303500 2
1 2 13 1 303500 2
1 2 12 6 303500 2
1 2 12 6 303500 2
1 2 12 6 303500 2
1 2 10 3 303500 2
1 2 9 6 303500 2
1 2 9 4 303500 2
1 2 8 1 303500 2
1 2 7 3 303500 2
1 2 7 2 303500 2
1 2 7 0 303500 2
1 2 6 1 303500 2
1 2 5 1 303500 2
1 2 5 0 303500 2
1 2 5 7 303500 2
1 2 14 9 304000 2
1 2 14 5 304000 2
1 2 9 1 304000 2
1 2 9 6 304000 2
1 2 6 0 304000 2
1 2 6 8 304000 2
1 2 4 3 304000 2
1 2 1 5 304000 2
1 2 3 7 304000 2
1 2 0 5 304000 2
1 2 0 1 304000 2
1 2 1 5 304000 2
1 2 1 7 304000 2
1 2 0 7 304000 2
1 2 7 8 304500 2
1 2 14 7 304500 2
1 2 11 6 304500 2
1 2 11 2 304500 2
1 2 10 6 304500 2
1 2 7 5 304500 2
1 2 6 8 304500 2
1 2 5 2 304500 2
1 2 4 2 304500 2
1 2 4 3 304500 2
1 2 3 4 304500 2
1 2 2 6 304500 2
1 2 1 0 304500 2
1 2 15 5 305000 2
1 2 15 2 305000 2
1 2 15 6 305000 2
1 2 15 0 305000 2
1 2 14 7 305000 2
1 2 10 5 305000 2
1 2 6 3 305000 2
1 2 6 8 305000 2
1 2 6 8 305000 2
1 2 5 0 305000 2
1 2 5 9 305000 2
1 2 7 6 305000 2
1 2 7 9 305500 2
1 2 15 5 305500 2
1 2 15 6 305500 2
1 2 14 7 305500 2
1 2 11 3 305500 2
1 2 11 5 305500 2
1 2 11 5 305500 2
1 2 9 5 305500 2
1 2 7 5 305500 2
1 2 6 8 305500 2
1 2 5 5 305500 2
1 2 4 5 305500 2
1 2 4 0 305500 2
1 2 3 4 305500 2
1 2 2 1 305500 2
1 2 1 1 305500 2
1 2 1 7 305500 2
1 2 0 3 305500 2
1 2 15 9 306000 2
1 2 15 5 306000 2
1 2 15 6 306000 2
1 2 14 1 306000 2
1 2 14 2 306000 2
1 2 11 0 306000 2
1 2 7 3 306000 2
1 2 6 2 306000 2
1 2 6 7 306000 2
1 2 0 8 306000 2
1 2 1 5 306000 2
1 2 3 1 306000 2
1 2 5 8 306000 2
1 2 5 3 306000 2
1 2 4 3 306000 2
1 2 14 5 306500 2
1 2 15 7 306500 2
1 2 14 1 306500 2
1 2 14 3 306500 2
1 2 11 5 306500 2
1 2 10 6 306500 2
1 2 9 6 306500 2
1 2 6 9 306500 2
1 2 6 1 306500 2
1 2 5 5 306500 2
1 2 4 8 306500 2
1 2 4 3 306500 2
1 2 1 7 306500 2
1 2 11 7 307000 2
1 2 10 8 307000 2
1 2 10 7 307000 2
1 2 9 2 307000 2
1 2 7 1 307000 2
1 2 7 2 307000 2
1 2 6 2 307000 2
1 2 5 9 307000 2
1 2 4 0 307000 2
1 2 4 1 307000 2
1 2 3 0 307000 2
1 2 2 5 307000 2
1 2 2 9 307000 2
1 2 1 7 307000 2
1 2 0 4 307000 2
1 2 4 4 307000 2
1 2 10 7 307500 2
1 2 7 2 307500 2
1 2 12 4 307500 2
1 2 12 2 307500 2
1 2 13 5 307500 2
1 2 13 3 307500 2
1 2 13 2 307500 2
1 2 15 6 307500 2
1 2 15 8 307500 2
1 2 9 1 307500 2
1 2 7 1 307500 2
1 2 6 3 307500 2
1 2 5 1 307500 2
1 2 5 2 307500 2
1 2 5 3 307500 2
1 2 4 1 307500 2
1 2 4 5 307500 2
1 2 3 0 307500 2
1 2 15 8 308000 2
1 2 15 0 308000 2
1 2 14 5 308000 2
1 2 10 7 308000 2
1 2 8 1 308000 2
1 2 7 2 308000 2
1 2 5 0 308000 2
1 2 2 2 308000 2
1 2 9 4 308000 2
1 2 11 0 308500 2
1 2 15 2 308500 2
1 2 14 3 308500 2
1 2 12 8 308500 2
1 2 12 5 308500 2
1 2 11 2 308500 2
1 2 11 0 308500 2
1 2 9 1 308500 2
1 2 8 9 308500 2
1 2 6 9 308500 2
1 2 6 3 308500 2
1 2 6 2 308500 2
1 2 2 4 308500 2
1 2 2 9 308500 2
1 2 1 2 308500 2
1 2 0 4 308500 2
1 2 4 1 309000 2
1 2 15 5 309000 2
1 2 15 2 309000 2
1 2 14 8 309000 2
1 2 12 6 309000 2
1 2 12 3 309000 2
1 2 11 8 309000 2
1 2 11 2 309000 2
1 2 4 6 309000 2
1 2 0 9 309000 2
1 2 4 2 309000 2
1 2 3 1 309000 2
1 2 1 1 309000 2
1 2 1 2 309000 2
1 2 0 8 309000 2
1 2 5 9 309000 2
1 2 11 5 309500 2
1 2 15 3 309500 2
1 2 15 2 309500 2
1 2 14 0 309500 2
1 2 14 5 309500 2
1 2 13 1 309500 2
1 2 10 8 309500 2
1 2 7 2 309500 2
1 2 4 5 309500 2
1 2 4 7 309500 2
1 2 2 8 309500 2
1 2 12 8 310000 2
1 2 15 0 310000 2
1 2 14 7 310000 2
1 2 13 3 310000 2
1 2 11 7 310000 2
1 2 11 5 310000 2
1 2 9 2 310000 2
1 2 6 3 310000 2
1 2 7 2 310000 2
1 2 1 6 310000 2
1 2 1 2 310000 2
1 2 1 9 310000 2
1 2 3 3 310000 2
1 2 5 5 310000 2
1 2 0 0 310000 2
1 2 11 2 310500 2
1 2 15 9 310500 2
1 2 15 5 310500 2
1 2 12 2 310500 2
1 2 11 1 310500 2
1 2 11 7 310500 2
1 2 9 0 310500 2
1 2 8 7 310500 2
1 2 7 5 310500 2
1 2 6 0 310500 2
1 2 6 8 310500 2
1 2 6 8 310500 2
1 2 5 4 310500 2
1 2 5 3 310500 2
1 2 1 0 310500 2
1 2 0 0 310500 2
1 2 15 9 311000 2
1 2 15 6 311000 2
1 2 14 2 311000 2
1 2 13 5 311000 2
1 2 11 8 311000 2
1 2 11 3 311000 2
1 2 11 2 311000 2
1 2 6 2 311000 2
1 2 6 0 311000 2
1 2 6 6 311000 2
1 2 5 7 311000 2
1 2 4 2 311000 2
1 2 4 3 311000 2
1 2 0 6 311000 2
1 2 9 6 311000 2
1 2 10 9 311500 2
1 2 15 0 311500 2
1 2 15 1 311500 2
1 2 13 5 311500 2
1 2 13 3 311500 2
1 2 12 9 311500 2
1 2 11 6 311500 2
1 2 4 0 311500 2
1 2 4 0 311500 2
1 2 3 1 311500 2
1 2 2 5 311500 2
1 2 1 2 311500 2
1 2 0 3 311500 2
1 2 0 9 311500 2
1 2 5 0 311500 2
1 2 9 4 312000 2
1 2 10 6 312000 2
1 2 10 9 312000 2
1 2 11 3 312000 2
1 2 11 0 312000 2
1 2 12 6 312000 2
1 2 14 2 312000 2
1 2 14 0 312000 2
1 2 15 7 312000 2
1 2 9 9 312000 2
1 2 7 3 312000 2
1 2 0 8 312000 2
1 2 0 3 312000 2
1 2 1 9 312000 2
1 2 2 1 312000 2
1 2 2 6 312000 2
1 2 4 6 312000 2
1 2 5 2 312000 2
1 2 6 7 312000 2
1 2 7 5 312000 2
1 2 3 3 312000 2
1 2 7 1 312500 2
1 2 7 3 312500 2
1 2 9 5 312500 2
1 2 10 6 312500 2
1 2 12 1 312500 2
1 2 12 6 312500 2
1 2 12 8 312500 2
1 2 13 0 312500 2
1 2 15 6 312500 2
1 2 15 6 312500 2
1 2 15 2 312500 2
1 2 12 8 312500 2
1 2 6 1 312500 2
1 2 7 2 312500 2
1 2 1 5 312500 2
1 2 2 7 312500 2
1 2 3 4 312500 2
1 2 3 3 312500 2
1 2 1 3 312500 2
1 2 4 9 312500 2
1 2 4 2 312500 2
1 2 5 3 312500 2
1 2 5 9 312500 2
1 2 6 4 312500 2
1 2 6 1 312500 2
1 2 15 9 313000 2
1 2 15 7 313000 2
1 2 14 2 313000 2
1 2 14 2 313000 2
1 2 13 3 313000 2
1 2 13 2 313000 2
1 2 6 4 313000 2
1 2 10 9 313000 2
1 2 5 7 313000 2
1 2 5 9 313000 2
1 2 5 6 313000 2
1 2 5 1 313000 2
1 2 4 2 313000 2
1 2 4 7 313000 2
1 2 7 9 313000 2
1 2 7 1 313500 2
1 2 9 4 313500 2
1 2 10 4 313500 2
1 2 11 1 313500 2
1 2 13 0 313500 2
1 2 14 7 313500 2
1 2 15 2 313500 2
1 2 15 6 313500 2
1 2 15 3 313500 2
1 2 15 1 313500 2
1 2 4 5 313500 2
1 2 6 4 313500 2
1 2 7 2 313500 2
1 2 0 4 313500 2
1 2 0 9 313500 2
1 2 0 1 313500 2
1 2 0 8 313500 2
1 2 1 4 313500 2
1 2 1 6 313500 2
1 2 0 9 313500 2
1 2 4 1 313500 2
1 2 5 8 313500 2
1 2 15 5 314000 2
1 2 15 6 314000 2
1 2 15 3 314000 2
1 2 15 1 314000 2
1 2 15 1 314000 2
1 2 14 8 314000 2
1 2 13 4 314000 2
1 2 11 4 314000 2
1 2 10 5 314000 2
1 2 9 3 314000 2
1 2 5 2 314000 2
1 2 6 2 314000 2
1 2 0 2 314000 2
1 2 0 9 314000 2
1 2 0 1 314000 2
1 2 0 2 314000 2
1 2 0 2 314000 2
1 2 1 9 314000 2
1 2 1 2 314000 2
1 2 4 8 314000 2
1 2 5 3 314000 2
1 2 15 0 314500 2
1 2 15 7 314500 2
1 2 14 9 314500 2
1 2 14 4 314500 2
1 2 14 4 314500 2
1 2 6 2 314500 2
1 2 12 6 314500 2
1 2 11 0 314500 2
1 2 11 1 314500 2
1 2 10 9 314500 2
1 2 9 9 314500 2
1 2 7 5 314500 2
1 2 6 4 314500 2
1 2 5 0 314500 2
1 2 5 3 314500 2
1 2 4 2 314500 2
1 2 4 1 314500 2
1 2 1 9 314500 2
1 2 8 7 315000 2
1 2 10 1 315000 2
1 2 11 2 315000 2
1 2 12 6 315000 2
1 2 12 4 315000 2
1 2 14 1 315000 2
1 2 14 5 315000 2
1 2 15 6 315000 2
1 2 4 9 315000 2
1 2 5 8 315000 2
1 2 5 3 315000 2
1 2 0 8 315000 2
1 2 1 3 315000 2
1 2 1 7 315000 2
1 2 3 1 315000 2
1 2 3 8 315000 2
1 2 0 6 315000 2
1 2 2 3 315000 2
1 2 7 1 315500 2
1 2 15 7 315500 2
1 2 11 8 315500 2
1 2 10 3 315500 2
1 2 10 1 315500 2
1 2 6 1 315500 2
1 2 6 8 315500 2
1 2 6 0 315500 2
1 2 5 3 315500 2
1 2 5 3 315500 2
1 2 3 2 315500 2
1 2 5 6 315500 2
1 2 3 4 315500 2
1 2 2 8 315500 2
1 2 1 0 315500 2
1 2 1 2 315500 2
1 2 0 4 315500 2
1 2 7 2 316000 2
1 2 7 9 316000 2
1 2 8 9 316000 2
1 2 8 3 316000 2
1 2 9 6 316000 2
1 2 9 0 316000 2
1 2 10 2 316000 2
1 2 11 6 316000 2
1 2 11 5 316000 2
1 2 12 8 316000 2
1 2 13 9 316000 2
1 2 3 1 316000 2
1 2 6 9 316000 2
1 2 0 4 316000 2
1 2 0 1 316000 2
1 2 0 4 316000 2
1 2 2 7 316000 2
1 2 3 8 316000 2
1 2 3 8 316000 2
1 2 4 2 316000 2
1 2 6 1 316000 2
1 2 6 8 316000 2
1 2 7 6 316000 2
1 2 14 1 316500 2
1 2 15 0 316500 2
1 2 14 5 316500 2
1 2 11 3 316500 2
1 2 7 5 316500 2
1 2 6 1 316500 2
1 2 6 3 316500 2
1 2 4 1 316500 2
1 2 6 3 316500 2
1 2 0 5 316500 2
1 2 0 3 316500 2
1 2 0 8 316500 2
1 2 2 7 316500 2
1 2 2 0 316500 2
1 2 3 7 316500 2
1 2 15 6 317000 2
1 2 15 4 317000 2
1 2 15 4 317000 2
1 2 14 7 317000 2
1 2 14 2 317000 2
1 2 13 2 317000 2
1 2 12 8 317000 2
1 2 11 3 317000 2
1 2 10 9 317000 2
1 2 9 0 317000 2
1 2 8 1 317000 2
1 2 7 2 317000 2
1 2 7 2 317000 2
1 2 5 9 317000 2
1 2 5 8 317000 2
1 2 0 8 317000 2
1 2 0 3 317000 2
1 2 0 4 317000 2
1 2 0 3 317000 2
1 2 1 2 317000 2
1 2 1 8 317000 2
1 2 3 4 317000 2
1 2 3 0 317000 2
1 2 4 1 317000 2
1 2 4 0 317000 2
1 2 5 3 317000 2
1 2 14 4 317500 2
1 2 12 3 317500 2
1 2 12 8 317500 2
1 2 9 0 317500 2
1 2 7 8 317500 2
1 2 7 5 317500 2
1 2 6 1 317500 2
1 2 6 8 317500 2
1 2 6 1 317500 2
1 2 5 4 317500 2
1 2 5 3 317500 2
1 2 5 8 317500 2
1 2 4 6 317500 2
1 2 4 1 317500 2
1 2 0 3 317500 2
1 2 0 4 317500 2
1 2 6 1 317500 2
1 2 8 6 318000 2
1 2 9 4 318000 2
1 2 10 9 318000 2
1 2 10 3 318000 2
1 2 10 1 318000 2
1 2 11 0 318000 2
1 2 12 1 318000 2
1 2 12 1 318000 2
1 2 13 6 318000 2
1 2 13 9 318000 2
1 2 15 6 318000 2
1 2 7 4 318000 2
1 2 8 4 318000 2
1 2 0 2 318000 2
1 2 0 6 318000 2
1 2 0 4 318000 2
1 2 2 6 318000 2
1 2 3 2 318000 2
1 2 6 4 318000 2
1 2 6 1 318000 2
1 2 7 6 318000 2
1 2 3 3 318000 2
1 2 9 1 318500 2
1 2 15 8 318500 2
1 2 15 1 318500 2
1 2 15 5 318500 2
1 2 14 8 318500 2
1 2 12 8 318500 2
1 2 12 6 318500 2
1 2 12 6 318500 2
1 2 10 3 318500 2
1 2 10 9 318500 2
1 2 6 6 318500 2
1 2 6 4 318500 2
1 2 5 2 318500 2
1 2 5 3 318500 2
1 2 5 7 318500 2
1 2 4 0 318500 2
1 2 4 2 318500 2
1 2 3 8 318500 2
1 2 3 7 318500 2
1 2 3 0 318500 2
1 2 3 4 318500 2
1 2 0 4 318500 2
1 2 7 2 319000 2
1 2 8 1 319000 2
1 2 11 8 319000 2
1 2 11 3 319000 2
1 2 11 0 319000 2
1 2 14 7 319000 2
1 2 14 1 319000 2
1 2 0 4 319000 2
1 2 6 7 319000 2
1 2 6 8 319000 2
1 2 5 7 319000 2
1 2 4 1 319000 2
1 2 4 2 319000 2
1 2 1 7 319000 2
1 2 0 8 319000 2
1 2 6 8 319000 2
1 2 5 0 319500 2
1 2 6 7 319500 2
1 2 7 0 319500 2
1 2 9 0 319500 2
1 2 9 4 319500 2
1 2 11 3 319500 2
1 2 11 4 319500 2
1 2 14 4 319500 2
1 2 14 8 319500 2
1 2 15 7 319500 2
1 2 15 7 319500 2
1 2 4 4 319500 2
1 2 5 6 319500 2
1 2 0 1 319500 2
1 2 0 3 319500 2
1 2 1 7 319500 2
1 2 1 1 319500 2
1 2 1 8 319500 2
1 2 2 8 319500 2
1 2 3 1 319500 2
1 2 4 3 319500 2
1 2 7 6 320000 2
1 2 15 1 320000 2
1 2 15 5 320000 2
1 2 15 6 320000 2
1 2 14 4 320000 2
1 2 14 2 320000 2
1 2 12 8 320000 2
1 2 12 6 320000 2
1 2 11 5 320000 2
1 2 10 8 320000 2
1 2 6 5 320000 2
1 2 4 0 320000 2
1 2 3 4 320000 2
1 2 2 7 320000 2
1 2 2 0 320000 2
1 2 0 8 320000 2
1 2 0 1 320000 2
1 2 4 5 320500 2
1 2 15 3 320500 2
1 2 13 6 320500 2
1 2 12 8 320500 2
1 2 10 7 320500 2
1 2 8 3 320500 2
1 2 6 8 320500 2
1 2 5 6 320500 2
1 2 4 9 320500 2
1 2 4 6 320500 2
1 2 4 7 320500 2
1 2 1 9 320500 2
1 2 1 9 320500 2
1 2 5 3 320500 2
1 2 12 2 321000 2
1 2 15 9 321000 2
1 2 13 6 321000 2
1 2 8 9 321000 2
1 2 7 7 321000 2
1 2 6 8 321000 2
1 2 3 1 321000 2
1 2 2 8 321000 2
1 2 9 1 321500 2
1 2 15 0 321500 2
1 2 15 8 321500 2
1 2 15 6 321500 2
1 2 15 8 321500 2
1 2 14 4 321500 2
1 2 11 8 321500 2
1 2 11 3 321500 2
1 2 10 4 321500 2
1 2 5 8 321500 2
1 2 5 7 321500 2
1 2 5 5 321500 2
1 2 4 2 321500 2
1 2 4 1 321500 2
1 2 2 9 321500 2
1 2 1 1 321500 2
1 2 0 2 321500 2
1 2 0 3 321500 2
1 2 15 5 322000 2
1 2 13 5 322000 2
1 2 12 9 322000 2
1 2 7 5 322000 2
1 2 2 3 322000 2
1 2 0 2 322000 2
1 2 0 1 322000 2
1 2 4 1 322000 2
1 2 4 7 322500 2
1 2 8 7 322500 2
1 2 6 3 322500 2
1 2 5 7 322500 2
1 2 5 8 322500 2
1 2 4 0 322500 2
1 2 3 4 322500 2
1 2 1 1 322500 2
1 2 0 1 322500 2
1 2 0 3 322500 2
1 2 0 2 322500 2
1 2 5 9 323000 2
1 2 15 2 323000 2
1 2 13 6 323000 2
1 2 9 2 323000 2
1 2 5 1 323000 2
1 2 1 5 323000 2
1 2 4 7 323000 2
1 2 6 8 323000 2
1 2 6 6 323500 2
1 2 14 8 323500 2
1 2 13 1 323500 2
1 2 10 9 323500 2
1 2 10 8 323500 2
1 2 9 0 323500 2
1 2 5 9 323500 2
1 2 4 7 323500 2
1 2 2 5 323500 2
1 2 0 3 323500 2
1 2 0 1 324000 2
1 2 15 2 324000 2
1 2 12 2 324000 2
1 2 12 1 324000 2
1 2 8 5 324000 2
1 2 5 2 324000 2
1 2 6 1 324500 2
1 2 14 8 324500 2
1 2 13 3 324500 2
1 2 12 9 324500 2
1 2 11 8 324500 2
1 2 10 6 324500 2
1 2 10 5 324500 2
1 2 10 9 324500 2
1 2 6 8 324500 2
1 2 5 7 324500 2
1 2 5 7 324500 2
1 2 5 7 324500 2
1 2 4 8 324500 2
1 2 4 9 324500 2
1 2 0 2 324500 2
1 2 0 7 324500 2
1 2 5 7 325000 2
1 2 15 0 325000 2
1 2 15 2 325000 2
1 2 15 6 325000 2
1 2 11 4 325000 2
1 2 4 7 325000 2
1 2 4 4 325000 2
1 2 2 6 325000 2
1 2 0 9 325000 2
1 2 0 6 325000 2
1 2 0 8 325000 2
1 2 1 7 325500 2
1 2 5 0 325500 2
1 2 6 9 325500 2
1 2 10 9 325500 2
1 2 13 4 325500 2
1 2 10 9 326000 2
1 2 14 1 326000 2
1 2 13 5 326000 2
1 2 12 2 326000 2
1 2 10 8 326000 2
1 2 9 2 326000 2
1 2 7 7 326000 2
1 2 5 8 326000 2
1 2 5 9 326000 2
1 2 0 5 326000 2
1 2 0 2 326000 2
1 2 1 9 326500 2
1 2 4 3 326500 2
1 2 4 6 326500 2
1 2 6 2 326500 2
1 2 15 2 326500 2
1 2 14 2 327000 2
1 2 15 7 327000 2
1 2 7 3 327000 2
1 2 4 2 327000 2
1 2 1 1 327000 2
1 2 0 7 327000 2
1 2 0 3 327500 2
1 2 2 3 327500 2
1 2 3 7 327500 2
1 2 4 8 327500 2
1 2 5 7 327500 2
1 2 6 9 327500 2
1 2 9 5 327500 2
1 2 10 8 327500 2
1 2 12 1 327500 2
1 2 14 3 327500 2
1 2 14 7 327500 2
1 2 9 8 328000 2
1 2 15 8 328000 2
1 2 15 1 328000 2
1 2 10 9 328000 2
1 2 3 7 328000 2
1 2 0 3 328000 2
1 2 1 5 328000 2
1 2 0 2 328000 2
1 2 4 6 328000 2
1 2 8 0 328500 2
1 2 14 7 328500 2
1 2 14 2 328500 2
1 2 13 5 328500 2
1 2 12 6 328500 2
1 2 12 9 328500 2
1 2 10 8 328500 2
1 2 9 5 328500 2
1 2 9 3 328500 2
1 2 8 2 328500 2
1 2 7 2 328500 2
1 2 6 0 328500 2
1 2 5 6 328500 2
1 2 5 3 328500 2
1 2 5 7 328500 2
1 2 4 4 328500 2
1 2 4 3 328500 2
1 2 4 7 328500 2
1 2 3 4 328500 2
1 2 2 1 328500 2
1 2 3 7 329000 2
1 2 11 7 329000 2
1 2 8 9 329000 2
1 2 7 7 329000 2
1 2 5 5 329000 2
1 2 4 9 329000 2
1 2 3 8 329000 2
1 2 0 1 329000 2
1 2 2 9 329000 2
1 2 2 5 329000 2
1 2 0 8 329000 2
1 2 4 2 329000 2
1 2 8 7 329500 2
1 2 11 9 329500 2
1 2 10 9 329500 2
1 2 9 0 329500 2
1 2 8 9 329500 2
1 2 8 9 329500 2
1 2 7 4 329500 2
1 2 6 7 329500 2
1 2 5 3 329500 2
1 2 3 4 329500 2
1 2 2 3 329500 2
1 2 2 5 329500 2
1 2 0 1 329500 2
1 2 0 9 329500 2
1 2 15 8 330000 2
1 2 14 5 330000 2
1 2 12 5 330000 2
1 2 12 6 330000 2
1 2 11 0 330000 2
1 2 11 6 330000 2
1 2 11 9 330000 2
1 2 10 9 330000 2
1 2 7 8 330000 2
1 2 6 7 330000 2
1 2 6 2 330000 2
1 2 5 0 330000 2
1 2 5 8 330000 2
1 2 4 8 330000 2
1 2 4 3 330000 2
1 2 3 4 330000 2
1 2 10 9 330000 2
1 2 6 2 330500 2
1 2 6 2 330500 2
1 2 6 0 330500 2
1 2 7 9 330500 2
1 2 10 0 330500 2
1 2 10 1 330500 2
1 2 11 0 330500 2
1 2 12 2 330500 2
1 2 12 8 330500 2
1 2 15 8 330500 2
1 2 15 8 330500 2
1 2 6 2 330500 2
1 2 5 9 330500 2
1 2 5 5 330500 2
1 2 4 1 330500 2
1 2 4 3 330500 2
1 2 3 8 330500 2
1 2 2 2 330500 2
1 2 2 2 330500 2
1 2 1 2 330500 2
1 2 0 7 330500 2
1 2 5 6 331000 2
1 2 15 6 331000 2
1 2 15 6 331000 2
1 2 11 3 331000 2
1 2 10 9 331000 2
1 2 9 3 331000 2
1 2 5 3 331000 2
1 2 2 9 331000 2
1 2 2 1 331000 2
1 2 0 2 331000 2
1 2 7 7 331000 2
1 2 9 6 331500 2
1 2 15 1 331500 2
1 2 15 7 331500 2
1 2 13 5 331500 2
1 2 13 7 331500 2
1 2 13 2 331500 2
1 2 6 7 331500 2
1 2 5 9 331500 2
1 2 4 7 331500 2
1 2 3 0 331500 2
1 2 2 3 331500 2
1 2 0 8 331500 2
1 2 0 7 331500 2
1 2 0 1 331500 2
1 2 0 8 331500 2
1 2 5 3 331500 2
1 2 8 4 332000 2
1 2 8 3 332000 2
1 2 9 7 332000 2
1 2 10 1 332000 2
1 2 10 9 332000 2
1 2 11 9 332000 2
1 2 12 2 332000 2
1 2 13 7 332000 2
1 2 14 5 332000 2
1 2 0 2 332000 2
1 2 7 4 332000 2
1 2 7 3 332000 2
1 2 0 3 332000 2
1 2 0 1 332000 2
1 2 4 3 332000 2
1 2 5 4 332000 2
1 2 5 8 332000 2
1 2 6 2 332000 2
1 2 6 5 332000 2
1 2 7 9 332000 2
1 2 7 2 332500 2
1 2 15 7 332500 2
1 2 14 5 332500 2
1 2 13 2 332500 2
1 2 11 7 332500 2
1 2 11 7 332500 2
1 2 11 1 332500 2
1 2 9 0 332500 2
1 2 6 9 332500 2
1 2 6 9 332500 2
1 2 6 2 332500 2
1 2 6 8 332500 2
1 2 5 9 332500 2
1 2 5 9 332500 2
1 2 3 5 332500 2
1 2 2 7 332500 2
1 2 6 1 333000 2
1 2 1 7 333000 2
1 2 7 7 333000 2
1 2 9 0 333000 2
1 2 10 9 333000 2
1 2 11 7 333000 2
1 2 11 7 333000 2
1 2 13 5 333000 2
1 2 14 5 333000 2
1 2 15 2 333000 2
1 2 5 9 333000 2
1 2 2 1 333000 2
1 2 2 2 333000 2
1 2 3 7 333000 2
1 2 4 5 333000 2
1 2 4 3 333000 2
1 2 5 9 333000 2
1 2 5 9 333000 2
1 2 6 8 333000 2
1 2 10 9 333500 2
1 2 15 7 333500 2
1 2 13 3 333500 2
1 2 12 2 333500 2
1 2 12 7 333500 2
1 2 11 9 333500 2
1 2 10 1 333500 2
1 2 7 8 333500 2
1 2 5 6 333500 2
1 2 7 5 333500 2
1 2 1 6 333500 2
1 2 1 2 333500 2
1 2 2 7 333500 2
1 2 2 9 333500 2
1 2 5 9 333500 2
1 2 5 3 333500 2
1 2 0 2 333500 2
1 2 15 6 334000 2
1 2 15 6 334000 2
1 2 12 7 334000 2
1 2 12 9 334000 2
1 2 11 7 334000 2
1 2 9 0 334000 2
1 2 8 3 334000 2
1 2 7 5 334000 2
1 2 7 5 334000 2
1 2 6 7 334000 2
1 2 5 3 334000 2
1 2 5 4 334000 2
1 2 4 6 334000 2
1 2 4 5 334000 2
1 2 3 6 334000 2
1 2 2 1 334000 2
1 2 2 8 334000 2
1 2 0 8 334000 2
1 2 0 4 334000 2
1 2 0 5 334000 2
1 2 6 2 334000 2
1 2 7 1 334500 2
1 2 5 2 334500 2
1 2 8 2 334500 2
1 2 10 9 334500 2
1 2 11 7 334500 2
1 2 13 8 334500 2
1 2 13 5 334500 2
1 2 14 3 334500 2
1 2 14 7 334500 2
1 2 14 5 334500 2
1 2 15 7 334500 2
1 2 6 7 334500 2
1 2 0 1 334500 2
1 2 0 4 334500 2
1 2 1 2 334500 2
1 2 2 5 334500 2
1 2 2 3 334500 2
1 2 4 6 334500 2
1 2 5 1 334500 2
1 2 5 4 334500 2
1 2 6 3 334500 2
1 2 7 2 334500 2
1 2 12 5 335000 2
1 2 11 4 335000 2
1 2 10 9 335000 2
1 2 7 9 335000 2
1 2 6 9 335000 2
1 2 6 1 335000 2
1 2 5 3 335000 2
1 2 4 5 335000 2
1 2 3 4 335000 2
1 2 2 3 335000 2
1 2 0 2 335000 2
1 2 6 0 335000 2
1 2 9 0 335500 2
1 2 15 1 335500 2
1 2 12 8 335500 2
1 2 11 9 335500 2
1 2 7 1 335500 2
1 2 7 9 335500 2
1 2 7 2 335500 2
1 2 5 5 335500 2
1 2 4 8 335500 2
1 2 4 3 335500 2
1 2 6 9 335500 2
1 2 4 5 335500 2
1 2 0 2 335500 2
1 2 0 7 335500 2
1 2 0 9 335500 2
1 2 7 9 336000 2
1 2 8 8 336000 2
1 2 8 7 336000 2
1 2 9 7 336000 2
1 2 11 4 336000 2
1 2 11 7 336000 2
1 2 12 9 336000 2
1 2 12 8 336000 2
1 2 12 8 336000 2
1 2 13 7 336000 2
1 2 15 7 336000 2
1 2 15 2 336000 2
1 2 4 5 336000 2
1 2 6 9 336000 2
1 2 0 8 336000 2
1 2 0 8 336000 2
1 2 1 2 336000 2
1 2 2 8 336000 2
1 2 2 3 336000 2
1 2 3 8 336000 2
1 2 4 4 336000 2
1 2 4 6 336000 2
1 2 5 9 336000 2
1 2 6 3 336000 2
1 2 7 5 336000 2
1 2 10 5 336500 2
1 2 15 3 336500 2
1 2 13 5 336500 2
1 2 11 0 336500 2
1 2 11 9 336500 2
1 2 10 6 336500 2
1 2 10 1 336500 2
1 2 9 3 336500 2
1 2 8 9 336500 2
1 2 7 7 336500 2
1 2 7 5 336500 2
1 2 0 8 336500 2
1 2 1 0 336500 2
1 2 1 2 336500 2
1 2 3 4 336500 2
1 2 4 5 336500 2
1 2 5 3 336500 2
1 2 5 3 336500 2
1 2 6 6 336500 2
1 2 10 3 337000 2
1 2 13 4 337000 2
1 2 13 5 337000 2
1 2 12 6 337000 2
1 2 11 9 337000 2
1 2 11 9 337000 2
1 2 11 3 337000 2
1 2 10 6 337000 2
1 2 9 5 337000 2
1 2 6 3 337000 2
1 2 1 4 337000 2
1 2 2 6 337000 2
1 2 4 1 337000 2
1 2 4 4 337000 2
1 2 5 3 337000 2
1 2 5 3 337000 2
1 2 5 0 337000 2
1 2 5 9 337000 2
1 2 8 5 337000 2
1 2 10 9 337500 2
1 2 10 8 337500 2
1 2 11 9 337500 2
1 2 8 6 337500 2
1 2 11 4 337500 2
1 2 11 8 337500 2
1 2 12 8 337500 2
1 2 12 5 337500 2
1 2 13 8 337500 2
1 2 13 2 337500 2
1 2 15 9 337500 2
1 2 15 8 337500 2
1 2 15 6 337500 2
1 2 3 8 337500 2
1 2 8 9 337500 2
1 2 0 1 337500 2
1 2 2 0 337500 2
1 2 2 9 337500 2
1 2 4 4 337500 2
1 2 4 9 337500 2
1 2 5 4 337500 2
1 2 5 9 337500 2
1 2 5 0 337500 2
1 2 7 5 337500 2
1 2 7 4 337500 2
1 2 8 4 337500 2
1 2 8 4 337500 2
1 2 8 2 338000 2
1 2 15 6 338000 2
1 2 13 4 338000 2
1 2 13 3 338000 2
1 2 13 3 338000 2
1 2 12 5 338000 2
1 2 12 4 338000 2
1 2 8 0 338000 2
1 2 6 3 338000 2
1 2 7 9 338000 2
1 2 3 8 338000 2
1 2 3 2 338000 2
1 2 5 8 338000 2
1 2 5 8 338000 2
1 2 6 8 338000 2
1 2 0 3 338000 2
1 2 5 4 338000 2
1 2 11 9 338500 2
1 2 15 6 338500 2
1 2 14 8 338500 2
1 2 14 9 338500 2
1 2 13 4 338500 2
1 2 11 0 338500 2
1 2 9 6 338500 2
1 2 8 2 338500 2
1 2 8 7 338500 2
1 2 7 3 338500 2
1 2 6 2 338500 2
1 2 8 4 338500 2
1 2 4 5 338500 2
1 2 3 4 338500 2
1 2 3 4 338500 2
1 2 2 2 338500 2
1 2 2 9 338500 2
1 2 1 2 338500 2
1 2 9 2 339000 2
1 2 9 9 339000 2
1 2 10 1 339000 2
1 2 10 6 339000 2
1 2 11 1 339000 2
1 2 12 8 339000 2
1 2 13 2 339000 2
1 2 14 2 339000 2
1 2 15 2 339000 2
1 2 15 1 339000 2
1 2 3 4 339000 2
1 2 6 9 339000 2
1 2 0 4 339000 2
1 2 1 4 339000 2
1 2 1 7 339000 2
1 2 2 9 339000 2
1 2 4 7 339000 2
1 2 4 8 339000 2
1 2 5 6 339000 2
1 2 5 9 339000 2
1 2 8 4 339000 2
1 2 10 4 339500 2
1 2 15 1 339500 2
1 2 14 3 339500 2
1 2 14 8 339500 2
1 2 13 7 339500 2
1 2 12 6 339500 2
1 2 12 2 339500 2
1 2 12 8 339500 2
1 2 11 9 339500 2
1 2 9 1 339500 2
1 2 7 2 339500 2
1 2 7 8 339500 2
1 2 1 4 339500 2
1 2 2 0 339500 2
1 2 2 6 339500 2
1 2 3 8 339500 2
1 2 3 7 339500 2
1 2 4 2 339500 2
1 2 4 0 339500 2
1 2 4 5 339500 2
1 2 0 2 339500 2
1 2 8 7 340000 2
1 2 15 9 340000 2
1 2 12 1 340000 2
1 2 12 6 340000 2
1 2 12 1 340000 2
1 2 12 9 340000 2
1 2 12 6 340000 2
1 2 10 9 340000 2
1 2 10 9 340000 2
1 2 8 7 340000 2
1 2 6 3 340000 2
1 2 5 9 340000 2
1 2 5 7 340000 2
1 2 2 4 340000 2
1 2 0 4 340000 2
1 2 0 4 340000 2
1 2 1 2 340500 2
1 2 15 3 340500 2
1 2 14 8 340500 2
1 2 13 7 340500 2
1 2 12 6 340500 2
1 2 11 4 340500 2
1 2 11 9 340500 2
1 2 8 6 340500 2
1 2 6 9 340500 2
1 2 6 4 340500 2
1 2 5 9 340500 2
1 2 5 7 340500 2
1 2 4 3 340500 2
1 2 2 4 340500 2
1 2 0 8 340500 2
1 2 7 9 340500 2
1 2 8 5 341000 2
1 2 8 3 341000 2
1 2 9 7 341000 2
1 2 9 5 341000 2
1 2 11 0 341000 2
1 2 12 6 341000 2
1 2 12 3 341000 2
1 2 13 0 341000 2
1 2 14 9 341000 2
1 2 15 0 341000 2
1 2 15 5 341000 2
1 2 15 6 341000 2
1 2 15 1 341000 2
1 2 12 6 341000 2
1 2 7 7 341000 2
1 2 7 4 341000 2
1 2 1 7 341000 2
1 2 1 4 341000 2
1 2 2 2 341000 2
1 2 3 5 341000 2
1 2 3 4 341000 2
1 2 4 8 341000 2
1 2 0 9 341000 2
1 2 5 9 341000 2
1 2 6 3 341000 2
1 2 6 8 341000 2
1 2 7 5 341000 2
1 2 5 9 341000 2
1 2 5 9 341500 2
1 2 6 3 341500 2
1 2 7 8 341500 2
1 2 7 7 341500 2
1 2 8 7 341500 2
1 2 10 9 341500 2
1 2 11 0 341500 2
1 2 11 1 341500 2
1 2 12 3 341500 2
1 2 12 7 341500 2
1 2 13 3 341500 2
1 2 15 7 341500 2
1 2 5 8 341500 2
1 2 1 2 341500 2
1 2 0 4 341500 2
1 2 0 8 341500 2
1 2 0 8 341500 2
1 2 1 9 341500 2
1 2 1 4 341500 2
1 2 3 7 341500 2
1 2 3 8 341500 2
1 2 3 8 341500 2
1 2 4 2 341500 2
1 2 4 6 341500 2
1 2 5 5 341500 2
1 2 5 9 341500 2
1 2 7 7 342000 2
1 2 12 4 342000 2
1 2 8 0 342000 2
1 2 8 7 342000 2
1 2 8 7 342000 2
1 2 9 7 342000 2
1 2 11 9 342000 2
1 2 11 6 342000 2
1 2 13 9 342000 2
1 2 14 0 342000 2
1 2 14 0 342000 2
1 2 15 4 342000 2
1 2 15 8 342000 2
1 2 15 8 342000 2
1 2 6 8 342000 2
1 2 7 9 342000 2
1 2 1 7 342000 2
1 2 2 2 342000 2
1 2 2 9 342000 2
1 2 3 6 342000 2
1 2 3 7 342000 2
1 2 4 8 342000 2
1 2 5 3 342000 2
1 2 5 5 342000 2
1 2 5 1 342000 2
1 2 5 3 342000 2
1 2 5 9 342000 2
1 2 6 3 342000 2
1 2 8 9 342500 2
1 2 15 4 342500 2
1 2 15 0 342500 2
1 2 13 6 342500 2
1 2 13 4 342500 2
1 2 12 7 342500 2
1 2 11 2 342500 2
1 2 10 3 342500 2
1 2 9 3 342500 2
1 2 8 2 342500 2
1 2 6 4 342500 2
1 2 6 8 342500 2
1 2 5 2 342500 2
1 2 4 8 342500 2
1 2 3 7 342500 2
1 2 3 6 342500 2
1 2 1 4 342500 2
1 2 0 8 342500 2
1 2 0 8 342500 2
1 2 7 5 343000 2
1 2 0 6 343000 2
1 2 8 9 343000 2
1 2 8 7 343000 2
1 2 9 0 343000 2
1 2 11 4 343000 2
1 2 12 3 343000 2
1 2 12 8 343000 2
1 2 12 4 343000 2
1 2 12 6 343000 2
1 2 13 3 343000 2
1 2 14 4 343000 2
1 2 15 9 343000 2
1 2 7 3 343000 2
1 2 0 4 343000 2
1 2 1 7 343000 2
1 2 2 5 343000 2
1 2 2 7 343000 2
1 2 2 2 343000 2
1 2 3 6 343000 2
1 2 3 3 343000 2
1 2 3 2 343000 2
1 2 5 9 343000 2
1 2 5 3 343000 2
1 2 6 8 343000 2
1 2 7 4 343000 2
1 2 14 8 343500 2
1 2 13 4 343500 2
1 2 13 4 343500 2
1 2 12 8 343500 2
1 2 9 6 343500 2
1 2 9 1 343500 2
1 2 8 2 343500 2
1 2 8 9 343500 2
1 2 8 6 343500 2
1 2 6 3 343500 2
1 2 6 4 343500 2
1 2 1 4 343500 2
1 2 1 1 343500 2
1 2 2 9 343500 2
1 2 3 5 343500 2
1 2 3 4 343500 2
1 2 3 4 343500 2
1 2 3 5 343500 2
1 2 0 5 344000 2
1 2 15 3 344000 2
1 2 15 8 344000 2
1 2 15 8 344000 2
1 2 12 8 344000 2
1 2 12 6 344000 2
1 2 10 5 344000 2
1 2 10 2 344000 2
1 2 8 2 344000 2
1 2 8 9 344000 2
1 2 7 8 344000 2
1 2 6 3 344000 2
1 2 0 8 344000 2
1 2 1 2 344000 2
1 2 1 2 344000 2
1 2 3 8 344000 2
1 2 3 1 344000 2
1 2 4 9 344000 2
1 2 4 3 344000 2
1 2 5 9 344000 2
1 2 5 3 344000 2
1 2 6 9 344000 2
1 2 14 8 344500 2
1 2 14 2 344500 2
1 2 13 2 344500 2
1 2 9 0 344500 2
1 2 8 6 344500 2
1 2 5 5 344500 2
1 2 7 1 344500 2
1 2 5 9 344500 2
1 2 4 3 344500 2
1 2 3 1 344500 2
1 2 2 8 344500 2
1 2 1 3 344500 2
1 2 0 8 344500 2
1 2 5 2 344500 2
1 2 7 1 345000 2
1 2 15 7 345000 2
1 2 14 2 345000 2
1 2 13 5 345000 2
1 2 6 1 345000 2
1 2 6 6 345000 2
1 2 5 3 345000 2
1 2 4 2 345000 2
1 2 3 4 345000 2
1 2 2 1 345000 2
1 2 15 3 345500 2
1 2 15 7 345500 2
1 2 14 2 345500 2
1 2 11 2 345500 2
1 2 11 3 345500 2
1 2 11 6 345500 2
1 2 9 7 345500 2
1 2 6 5 345500 2
1 2 4 2 345500 2
1 2 3 8 345500 2
1 2 3 4 345500 2
1 2 2 3 345500 2
1 2 1 6 345500 2
1 2 1 4 345500 2
1 2 0 1 345500 2
1 2 0 3 345500 2
1 2 0 9 345500 2
1 2 5 4 345500 2
1 2 10 5 346000 2
1 2 15 7 346000 2
1 2 14 0 346000 2
1 2 13 8 346000 2
1 2 12 6 346000 2
1 2 11 0 346000 2
1 2 5 7 346000 2
1 2 2 6 346000 2
1 2 2 0 346000 2
1 2 1 5 346000 2
1 2 12 1 346500 2
1 2 15 0 346500 2
1 2 14 2 346500 2
1 2 13 2 346500 2
1 2 12 4 346500 2
1 2 11 1 346500 2
1 2 9 9 346500 2
1 2 5 0 346500 2
1 2 4 6 346500 2
1 2 4 1 346500 2
1 2 3 7 346500 2
1 2 2 3 346500 2
1 2 1 5 346500 2
1 2 7 1 346500 2
1 2 5 1 347000 2
1 2 14 1 347000 2
1 2 13 2 347000 2
1 2 13 2 347000 2
1 2 11 4 347000 2
1 2 11 7 347000 2
1 2 11 6 347000 2
1 2 7 3 347000 2
1 2 7 7 347000 2
1 2 5 9 347000 2
1 2 5 8 347000 2
1 2 4 2 347000 2
1 2 4 8 347000 2
1 2 4 6 347000 2
1 2 4 2 347000 2
1 2 3 9 347000 2
1 2 0 3 347000 2
1 2 15 6 347500 2
1 2 14 1 347500 2
1 2 14 0 347500 2
1 2 12 3 347500 2
1 2 10 5 347500 2
1 2 8 0 347500 2
1 2 7 3 347500 2
1 2 4 3 347500 2
1 2 4 2 347500 2
1 2 3 2 347500 2
1 2 1 5 347500 2
1 2 0 3 347500 2
1 2 0 8 347500 2
1 2 6 8 347500 2
1 2 8 9 348000 2
1 2 15 6 348000 2
1 2 14 0 348000 2
1 2 14 2 348000 2
1 2 13 5 348000 2
1 2 11 4 348000 2
1 2 9 0 348000 2
1 2 6 8 348000 2
1 2 6 2 348000 2
1 2 6 8 348000 2
1 2 5 7 348000 2
1 2 4 5 348000 2
1 2 12 6 348500 2
1 2 14 5 348500 2
1 2 12 8 348500 2
1 2 12 6 348500 2
1 2 9 3 348500 2
1 2 8 6 348500 2
1 2 7 3 348500 2
1 2 5 6 348500 2
1 2 4 4 348500 2
1 2 0 3 348500 2
1 2 0 8 348500 2
1 2 8 9 348500 2
1 2 7 3 349000 2
1 2 14 1 349000 2
1 2 13 4 349000 2
1 2 13 6 349000 2
1 2 11 7 349000 2
1 2 5 6 349000 2
1 2 5 0 349000 2
1 2 5 1 349000 2
1 2 2 1 349000 2
1 2 2 3 349000 2
1 2 2 1 349000 2
1 2 0 6 349500 2
1 2 13 2 349500 2
1 2 12 2 349500 2
1 2 12 1 349500 2
1 2 10 9 349500 2
1 2 9 8 349500 2
1 2 6 4 349500 2
1 2 5 0 349500 2
1 2 4 8 349500 2
1 2 4 1 349500 2
1 2 3 6 349500 2
1 2 2 8 349500 2
1 2 0 3 349500 2
1 2 13 2 350000 2
1 2 13 1 350000 2
1 2 12 8 350000 2
1 2 7 4 350000 2
1 2 5 8 350000 2
1 2 3 5 350000 2
1 2 2 8 350000 2
1 2 5 9 350000 2
1 2 7 1 350500 2
1 2 15 4 350500 2
1 2 14 2 350500 2
1 2 14 7 350500 2
1 2 12 2 350500 2
1 2 9 0 350500 2
1 2 7 1 350500 2
1 2 6 2 350500 2
1 2 3 6 350500 2
1 2 2 2 350500 2
1 2 2 7 350500 2
1 2 0 3 350500 2
1 2 0 0 350500 2
1 2 1 2 351000 2
1 2 15 4 351000 2
1 2 15 3 351000 2
1 2 15 6 351000 2
1 2 15 1 351000 2
1 2 15 5 351000 2
1 2 12 8 351000 2
1 2 9 8 351000 2
1 2 5 7 351000 2
1 2 5 7 351000 2
1 2 4 7 351000 2
1 2 0 3 351000 2
1 2 1 3 351500 2
1 2 13 8 351500 2
1 2 12 2 351500 2
1 2 12 2 351500 2
1 2 12 1 351500 2
1 2 11 0 351500 2
1 2 7 3 351500 2
1 2 7 1 351500 2
1 2 3 0 351500 2
1 2 3 9 351500 2
1 2 3 4 351500 2
1 2 2 3 351500 2
1 2 0 3 351500 2
1 2 0 6 351500 2
1 2 4 2 351500 2
1 2 7 2 352000 2
1 2 15 3 352000 2
1 2 15 8 352000 2
1 2 14 7 352000 2
1 2 12 2 352000 2
1 2 7 6 352000 2
1 2 6 3 352000 2
1 2 5 7 352000 2
1 2 1 2 352000 2
1 2 0 8 352000 2
1 2 0 1 352000 2
1 2 13 4 352500 2
1 2 13 8 352500 2
1 2 12 4 352500 2
1 2 11 7 352500 2
1 2 11 2 352500 2
1 2 10 9 352500 2
1 2 9 6 352500 2
1 2 6 3 352500 2
1 2 6 8 352500 2
1 2 5 1 352500 2
1 2 2 6 352500 2
1 2 1 5 352500 2
1 2 1 2 352500 2
1 2 0 3 352500 2
1 2 0 4 352500 2
1 2 7 8 352500 2
1 2 6 8 353000 2
1 2 10 9 353000 2
1 2 6 8 353000 2
1 2 12 2 353000 2
1 2 12 8 353000 2
1 2 12 5 353000 2
1 2 14 6 353000 2
1 2 14 0 353000 2
1 2 15 6 353000 2
1 2 15 1 353000 2
1 2 5 3 353000 2
1 2 6 0 353000 2
1 2 5 0 353000 2
1 2 5 5 353000 2
1 2 2 7 353000 2
1 2 1 4 353000 2
1 2 0 1 353000 2
1 2 0 2 353000 2
1 2 0 1 353000 2
1 2 0 8 353000 2
1 2 6 3 353500 2
1 2 6 0 353500 2
1 2 7 1 353500 2
1 2 9 4 353500 2
1 2 12 2 353500 2
1 2 12 8 353500 2
1 2 12 4 353500 2
1 2 13 5 353500 2
1 2 14 6 353500 2
1 2 15 0 353500 2
1 2 15 3 353500 2
1 2 1 5 353500 2
1 2 6 0 353500 2
1 2 0 7 353500 2
1 2 0 4 353500 2
1 2 1 3 353500 2
1 2 2 9 353500 2
1 2 3 4 353500 2
1 2 4 3 353500 2
1 2 4 1 353500 2
1 2 4 1 353500 2
1 2 5 4 353500 2
1 2 6 1 353500 2
1 2 6 0 354000 2
1 2 6 2 354000 2
1 2 7 3 354000 2
1 2 11 4 354000 2
1 2 12 6 354000 2
1 2 13 4 354000 2
1 2 13 2 354000 2
1 2 14 3 354000 2
1 2 14 0 354000 2
1 2 14 2 354000 2
1 2 15 6 354000 2
1 2 9 2 354000 2
1 2 5 1 354000 2
1 2 5 5 354000 2
1 2 0 7 354000 2
1 2 0 1 354000 2
1 2 1 5 354000 2
1 2 3 0 354000 2
1 2 3 2 354000 2
1 2 4 2 354000 2
1 2 4 2 354000 2
1 2 4 5 354000 2
1 2 0 7 354000 2
1 2 4 0 354000 2
1 2 6 5 354500 2
1 2 14 7 354500 2
1 2 14 2 354500 2
1 2 12 6 354500 2
1 2 11 7 354500 2
1 2 10 3 354500 2
1 2 9 2 354500 2
1 2 5 2 354500 2
1 2 5 1 354500 2
1 2 5 8 354500 2
1 2 4 4 354500 2
1 2 4 4 354500 2
1 2 3 3 354500 2
1 2 1 8 354500 2
1 2 1 9 354500 2
1 2 1 4 354500 2
1 2 0 8 354500 2
1 2 6 4 355000 2
1 2 7 1 355000 2
1 2 7 5 355000 2
1 2 7 8 355000 2
1 2 9 3 355000 2
1 2 10 1 355000 2
1 2 10 3 355000 2
1 2 11 4 355000 2
1 2 12 5 355000 2
1 2 13 5 355000 2
1 2 14 7 355000 2
1 2 15 8 355000 2
1 2 15 3 355000 2
1 2 15 6 355000 2
1 2 1 2 355000 2
1 2 5 7 355000 2
1 2 0 6 355000 2
1 2 0 9 355000 2
1 2 0 3 355000 2
1 2 1 9 355000 2
1 2 1 2 355000 2
1 2 2 6 355000 2
1 2 3 2 355000 2
1 2 4 7 355000 2
1 2 4 8 355000 2
1 2 5 6 355000 2
1 2 5 9 355000 2
1 2 5 2 355000 2
1 2 6 0 355000 2
1 2 4 1 355000 2
1 2 6 8 355500 2
1 2 6 0 355500 2
1 2 9 8 355500 2
1 2 10 5 355500 2
1 2 11 5 355500 2
1 2 12 4 355500 2
1 2 12 6 355500 2
1 2 13 4 355500 2
1 2 14 9 355500 2
1 2 0 1 355500 2
1 2 5 1 355500 2
1 2 5 8 355500 2
1 2 0 9 355500 2
1 2 0 4 355500 2
1 2 0 1 355500 2
1 2 1 8 355500 2
1 2 4 9 355500 2
1 2 4 5 355500 2
1 2 5 9 355500 2
1 2 2 5 355500 2
1 2 11 3 356000 2
1 2 15 9 356000 2
1 2 13 9 356000 2
1 2 13 8 356000 2
1 2 12 7 356000 2
1 2 11 4 356000 2
1 2 10 3 356000 2
1 2 8 7 356000 2
1 2 5 5 356000 2
1 2 4 8 356000 2
1 2 7 8 356000 2
1 2 3 2 356000 2
1 2 3 1 356000 2
1 2 2 4 356000 2
1 2 2 6 356000 2
1 2 1 6 356000 2
1 2 9 4 356500 2
1 2 10 8 356500 2
1 2 11 2 356500 2
1 2 11 0 356500 2
1 2 12 1 356500 2
1 2 12 2 356500 2
1 2 13 5 356500 2
1 2 13 5 356500 2
1 2 14 3 356500 2
1 2 15 5 356500 2
1 2 5 9 356500 2
1 2 7 1 356500 2
1 2 0 6 356500 2
1 2 0 5 356500 2
1 2 0 3 356500 2
1 2 1 1 356500 2
1 2 3 4 356500 2
1 2 4 2 356500 2
1 2 5 3 356500 2
1 2 6 2 356500 2
1 2 6 2 356500 2
1 2 9 6 356500 2
1 2 15 9 357000 2
1 2 15 7 357000 2
1 2 14 2 357000 2
1 2 13 3 357000 2
1 2 12 9 357000 2
1 2 11 3 357000 2
1 2 11 0 357000 2
1 2 11 2 357000 2
1 2 9 1 357000 2
1 2 9 0 357000 2
1 2 6 4 357000 2
1 2 7 2 357000 2
1 2 1 2 357000 2
1 2 2 9 357000 2
1 2 2 6 357000 2
1 2 3 4 357000 2
1 2 5 6 357000 2
1 2 5 7 357000 2
1 2 5 0 357000 2
1 2 6 2 357000 2
1 2 6 8 357500 2
1 2 14 9 357500 2
1 2 14 0 357500 2
1 2 12 0 357500 2
1 2 11 4 357500 2
1 2 9 0 357500 2
1 2 9 3 357500 2
1 2 9 9 357500 2
1 2 9 2 357500 2
1 2 7 3 357500 2
1 2 6 8 357500 2
1 2 0 8 357500 2
1 2 1 3 357500 2
1 2 4 9 357500 2
1 2 4 2 357500 2
1 2 4 5 357500 2
1 2 5 8 357500 2
1 2 5 7 357500 2
1 2 5 9 357500 2
1 2 0 4 358000 2
1 2 15 8 358000 2
1 2 11 0 358000 2
1 2 11 9 358000 2
1 2 11 6 358000 2
1 2 9 1 358000 2
1 2 7 2 358000 2
1 2 6 8 358000 2
1 2 5 3 358000 2
1 2 5 7 358000 2
1 2 4 9 358000 2
1 2 0 1 358000 2
1 2 0 4 358000 2
1 2 0 1 358000 2
1 2 1 5 358000 2
1 2 1 5 358000 2
1 2 2 9 358000 2
1 2 4 9 358000 2
1 2 4 2 358000 2
1 2 5 5 358000 2
1 2 0 2 358500 2
1 2 14 4 358500 2
1 2 13 5 358500 2
1 2 13 5 358500 2
1 2 12 2 358500 2
1 2 12 2 358500 2
1 2 11 3 358500 2
1 2 11 2 358500 2
1 2 9 1 358500 2
1 2 6 2 358500 2
1 2 7 3 358500 2
1 2 1 5 358500 2
1 2 1 0 358500 2
1 2 3 6 358500 2
1 2 6 0 358500 2
1 2 4 2 358500 2
1 2 6 1 358500 2
1 2 0 9 359000 2
1 2 15 6 359000 2
1 2 15 2 359000 2
1 2 15 3 359000 2
1 2 13 6 359000 2
1 2 13 1 359000 2
1 2 13 1 359000 2
1 2 12 1 359000 2
1 2 12 8 359000 2
1 2 11 1 359000 2
1 2 11 0 359000 2
1 2 11 6 359000 2
1 2 11 3 359000 2
1 2 9 3 359000 2
1 2 10 8 359000 2
1 2 0 1 359000 2
1 2 1 5 359000 2
1 2 1 8 359000 2
1 2 4 8 359000 2
1 2 4 1 359000 2
1 2 5 1 359000 2
1 2 6 4 359000 2
1 2 6 8 359000 2
1 2 7 8 359000 2
1 2 7 3 359000 2
1 2 15 7 359500 2
1 2 15 2 359500 2
1 2 12 6 359500 2
1 2 12 8 359500 2
1 2 10 3 359500 2
1 2 9 3 359500 2
1 2 5 3 359500 2
1 2 9 9 359500 2
1 2 7 9 359500 2
1 2 6 1 359500 2
1 2 6 0 359500 2
1 2 5 5 359500 2
1 2 3 7 359500 2
1 2 2 8 359500 2
1 2 1 3 359500 2
1 2 0 2 359500 2
1 2 0 9 359500 2
1 2 15 5 360000 2
1 2 13 5 360000 2
1 2 12 2 360000 2
1 2 12 0 360000 2
1 2 12 6 360000 2
1 2 11 5 360000 2
1 2 10 3 360000 2
1 2 7 8 360000 2
1 2 2 5 360000 2
1 2 5 2 360000 2
1 2 0 4 360000 2
1 2 0 4 360000 2
1 2 0 3 360000 2
1 2 0 2 360000 2
1 2 1 1 360000 2
1 2 1 5 360000 2
1 2 2 2 360000 2
1 2 7 1 360500 2
1 2 15 3 360500 2
1 2 14 5 360500 2
1 2 14 3 360500 2
1 2 12 4 360500 2
1 2 11 3 360500 2
1 2 11 5 360500 2
1 2 11 6 360500 2
1 2 11 9 360500 2
1 2 9 1 360500 2
1 2 7 7 360500 2
1 2 6 7 360500 2
1 2 4 2 360500 2
1 2 4 2 360500 2
1 2 3 5 360500 2
1 2 2 6 360500 2
1 2 1 8 360500 2
1 2 1 0 361000 2
1 2 15 3 361000 2
1 2 11 9 361000 2
1 2 9 2 361000 2
1 2 8 4 361000 2
1 2 7 2 361000 2
1 2 6 2 361000 2
1 2 5 9 361000 2
1 2 2 5 361000 2
1 2 2 7 361000 2
1 2 0 3 361000 2
1 2 0 9 361000 2
1 2 5 5 361000 2
1 2 6 3 361500 2
1 2 15 3 361500 2
1 2 11 3 361500 2
1 2 10 6 361500 2
1 2 8 2 361500 2
1 2 7 3 361500 2
1 2 4 4 361500 2
1 2 3 4 361500 2
1 2 2 5 361500 2
1 2 2 5 361500 2
1 2 1 5 361500 2
1 2 13 1 362000 2
1 2 12 6 362000 2
1 2 11 4 362000 2
1 2 11 9 362000 2
1 2 11 0 362000 2
1 2 10 9 362000 2
1 2 7 8 362000 2
1 2 7 4 362000 2
1 2 7 2 362000 2
1 2 4 2 362000 2
1 2 3 8 362000 2
1 2 1 5 362000 2
1 2 9 3 362000 2
1 2 9 5 362500 2
1 2 14 9 362500 2
1 2 13 7 362500 2
1 2 12 8 362500 2
1 2 12 7 362500 2
1 2 12 1 362500 2
1 2 9 0 362500 2
1 2 9 5 362500 2
1 2 8 7 362500 2
1 2 5 3 362500 2
1 2 4 1 362500 2
1 2 4 4 362500 2
1 2 2 9 362500 2
1 2 1 9 362500 2
1 2 9 2 363000 2
1 2 15 2 363000 2
1 2 15 8 363000 2
1 2 14 0 363000 2
1 2 12 4 363000 2
1 2 12 8 363000 2
1 2 11 2 363000 2
1 2 11 0 363000 2
1 2 7 9 363000 2
1 2 6 7 363000 2
1 2 6 3 363000 2
1 2 4 8 363000 2
1 2 4 4 363000 2
1 2 2 8 363000 2
1 2 1 5 363000 2
1 2 1 5 363000 2
1 2 0 8 363000 2
1 2 4 4 363500 2
1 2 13 2 363500 2
1 2 11 8 363500 2
1 2 9 5 363500 2
1 2 8 8 363500 2
1 2 7 4 363500 2
1 2 7 2 363500 2
1 2 6 9 363500 2
1 2 5 5 363500 2
1 2 5 6 363500 2
1 2 4 8 363500 2
1 2 3 5 363500 2
1 2 2 8 363500 2
1 2 2 8 363500 2
1 2 8 7 364000 2
1 2 11 2 364000 2
1 2 11 0 364000 2
1 2 12 6 364000 2
1 2 12 4 364000 2
1 2 14 5 364000 2
1 2 14 9 364000 2
1 2 15 0 364000 2
1 2 3 1 364000 2
1 2 7 5 364000 2
1 2 3 5 364000 2
1 2 2 5 364000 2
1 2 2 5 364000 2
1 2 0 8 364000 2
1 2 0 6 364000 2
1 2 0 4 364000 2
1 2 7 8 364000 2
1 2 4 4 364500 2
1 2 15 2 364500 2
1 2 4 1 364500 2
1 2 5 9 364500 2
1 2 5 5 364500 2
1 2 6 0 364500 2
1 2 7 3 364500 2
1 2 8 7 364500 2
1 2 12 4 364500 2
1 2 13 5 364500 2
1 2 3 4 364500 2
1 2 3 7 364500 2
1 2 3 7 364500 2
1 2 1 5 364500 2
1 2 1 9 364500 2
1 2 1 5 364500 2
1 2 0 1 364500 2
1 2 0 8 364500 2
1 2 0 2 364500 2
1 2 4 6 364500 2
1 2 8 0 365000 2
1 2 5 0 365000 2
1 2 9 5 365000 2
1 2 9 3 365000 2
1 2 10 7 365000 2
1 2 10 9 365000 2
1 2 11 7 365000 2
1 2 11 4 365000 2
1 2 14 8 365000 2
1 2 15 6 365000 2
1 2 6 0 365000 2
1 2 0 9 365000 2
1 2 1 0 365000 2
1 2 1 4 365000 2
1 2 2 5 365000 2
1 2 2 4 365000 2
1 2 3 4 365000 2
1 2 4 4 365000 2
1 2 4 2 365000 2
1 2 6 1 365000 2
1 2 14 9 365500 2
1 2 14 5 365500 2
1 2 12 6 365500 2
1 2 12 8 365500 2
1 2 11 4 365500 2
1 2 9 2 365500 2
1 2 9 0 365500 2
1 2 6 7 365500 2
1 2 6 8 365500 2
1 2 6 2 365500 2
1 2 5 5 365500 2
1 2 3 1 365500 2
1 2 1 0 365500 2
1 2 0 3 365500 2
1 2 7 0 365500 2
1 2 5 3 366000 2
1 2 15 9 366000 2
1 2 15 8 366000 2
1 2 11 3 366000 2
1 2 9 2 366000 2
1 2 9 0 366000 2
1 2 5 2 366000 2
1 2 5 7 366000 2
1 2 4 3 366000 2
1 2 2 4 366000 2
1 2 2 4 366000 2
1 2 1 9 366000 2
1 2 1 8 366000 2
1 2 1 2 366000 2
1 2 0 4 366000 2
1 2 10 6 366500 2
1 2 14 8 366500 2
1 2 13 5 366500 2
1 2 13 4 366500 2
1 2 13 6 366500 2
1 2 12 8 366500 2
1 2 12 4 366500 2
1 2 11 0 366500 2
1 2 10 8 366500 2
1 2 1 2 366500 2
1 2 2 1 366500 2
1 2 5 5 366500 2
1 2 5 0 366500 2
1 2 6 8 366500 2
1 2 7 3 366500 2
1 2 8 7 366500 2
1 2 9 2 366500 2
1 2 5 9 367000 2
1 2 14 8 367000 2
1 2 13 6 367000 2
1 2 11 7 367000 2
1 2 11 3 367000 2
1 2 10 9 367000 2
1 2 8 8 367000 2
1 2 8 7 367000 2
1 2 6 0 367000 2
1 2 6 1 367000 2
1 2 6 6 367000 2
1 2 6 2 367000 2
1 2 5 3 367000 2
1 2 5 9 367000 2
1 2 4 1 367000 2
1 2 4 7 367000 2
1 2 4 9 367000 2
1 2 1 5 367000 2
1 2 0 2 367000 2
1 2 10 2 367500 2
1 2 12 1 367500 2
1 2 13 1 367500 2
1 2 13 6 367500 2
1 2 13 0 367500 2
1 2 0 3 367500 2
1 2 9 3 367500 2
1 2 7 5 367500 2
1 2 5 3 367500 2
1 2 1 2 367500 2
1 2 0 5 367500 2
1 2 9 0 367500 2
1 2 9 6 368000 2
1 2 14 3 368000 2
1 2 13 5 368000 2
1 2 13 3 368000 2
1 2 12 8 368000 2
1 2 11 0 368000 2
1 2 9 7 368000 2
1 2 8 5 368000 2
1 2 6 0 368000 2
1 2 4 0 368000 2
1 2 2 8 368000 2
1 2 2 8 368000 2
1 2 0 3 368000 2
1 2 11 2 368500 2
1 2 14 3 368500 2
1 2 12 4 368500 2
1 2 10 8 368500 2
1 2 7 9 368500 2
1 2 4 7 368500 2
1 2 2 5 368500 2
1 2 2 9 368500 2
1 2 0 3 368500 2
1 2 0 9 368500 2
1 2 6 4 368500 2
1 2 7 8 369000 2
1 2 14 3 369000 2
1 2 14 4 369000 2
1 2 12 8 369000 2
1 2 11 1 369000 2
1 2 10 6 369000 2
1 2 9 5 369000 2
1 2 7 8 369000 2
1 2 6 2 369000 2
1 2 0 1 369000 2
1 2 3 5 369000 2
1 2 4 1 369000 2
1 2 4 3 369000 2
1 2 5 9 369000 2
1 2 5 0 369000 2
1 2 6 1 369000 2
1 2 6 1 369000 2
1 2 3 2 369500 2
1 2 15 1 369500 2
1 2 14 5 369500 2
1 2 12 2 369500 2
1 2 9 4 369500 2
1 2 9 0 369500 2
1 2 7 2 369500 2
1 2 7 9 369500 2
1 2 5 6 369500 2
1 2 6 8 369500 2
1 2 0 5 369500 2
1 2 0 4 369500 2
1 2 1 2 369500 2
1 2 1 1 369500 2
1 2 0 4 369500 2
1 2 4 2 369500 2
1 2 7 3 370000 2
1 2 15 6 370000 2
1 2 13 0 370000 2
1 2 13 7 370000 2
1 2 12 4 370000 2
1 2 12 5 370000 2
1 2 12 8 370000 2
1 2 11 6 370000 2
1 2 9 4 370000 2
1 2 6 8 370000 2
1 2 0 3 370000 2
1 2 0 1 370000 2
1 2 0 8 370000 2
1 2 1 9 370000 2
1 2 1 5 370000 2
1 2 2 3 370000 2
1 2 4 4 370000 2
1 2 6 8 370000 2
1 2 7 9 370500 2
1 2 15 2 370500 2
1 2 14 3 370500 2
1 2 14 5 370500 2
1 2 12 9 370500 2
1 2 11 2 370500 2
1 2 11 5 370500 2
1 2 11 1 370500 2
1 2 10 6 370500 2
1 2 7 9 370500 2
1 2 6 3 370500 2
1 2 6 6 370500 2
1 2 4 3 370500 2
1 2 0 8 370500 2
1 2 0 7 370500 2
1 2 0 3 370500 2
1 2 4 2 371000 2
1 2 14 9 371000 2
1 2 13 5 371000 2
1 2 13 3 371000 2
1 2 12 1 371000 2
1 2 12 1 371000 2
1 2 6 4 371000 2
1 2 6 0 371000 2
1 2 4 5 371000 2
1 2 1 9 371000 2
1 2 0 1 371000 2
1 2 0 5 371000 2
1 2 0 8 371000 2
1 2 8 9 371500 2
1 2 8 7 371500 2
1 2 9 1 371500 2
1 2 11 4 371500 2
1 2 12 8 371500 2
1 2 12 7 371500 2
1 2 12 4 371500 2
1 2 13 4 371500 2
1 2 15 1 371500 2
1 2 15 8 371500 2
1 2 15 2 371500 2
1 2 0 3 371500 2
1 2 6 3 371500 2
1 2 7 3 371500 2
1 2 0 7 371500 2
1 2 0 9 371500 2
1 2 1 4 371500 2
1 2 2 3 371500 2
1 2 4 3 371500 2
1 2 5 9 371500 2
1 2 5 3 371500 2
1 2 5 3 371500 2
1 2 2 9 371500 2
1 2 7 3 372000 2
1 2 9 7 372000 2
1 2 10 3 372000 2
1 2 12 1 372000 2
1 2 12 2 372000 2
1 2 12 6 372000 2
1 2 12 8 372000 2
1 2 13 4 372000 2
1 2 13 6 372000 2
1 2 13 3 372000 2
1 2 13 0 372000 2
1 2 14 1 372000 2
1 2 14 9 372000 2
1 2 6 9 372000 2
1 2 0 4 372000 2
1 2 0 2 372000 2
1 2 0 3 372000 2
1 2 1 5 372000 2
1 2 2 9 372000 2
1 2 2 8 372000 2
1 2 4 2 372000 2
1 2 4 3 372000 2
1 2 4 3 372000 2
1 2 5 3 372000 2
1 2 5 7 372000 2
1 2 7 0 372000 2
1 2 12 2 372500 2
1 2 15 3 372500 2
1 2 15 6 372500 2
1 2 15 5 372500 2
1 2 14 9 372500 2
1 2 14 3 372500 2
1 2 13 2 372500 2
1 2 10 9 372500 2
1 2 9 8 372500 2
1 2 7 8 372500 2
1 2 6 3 372500 2
1 2 6 8 372500 2
1 2 0 6 372500 2
1 2 0 1 372500 2
1 2 1 5 372500 2
1 2 2 4 372500 2
1 2 4 1 372500 2
1 2 4 3 372500 2
1 2 4 8 372500 2
1 2 0 4 372500 2
1 2 4 2 372500 2
1 2 11 7 373000 2
1 2 15 7 373000 2
1 2 15 8 373000 2
1 2 14 7 373000 2
1 2 12 9 373000 2
1 2 9 3 373000 2
1 2 9 2 373000 2
1 2 6 7 373000 2
1 2 6 3 373000 2
1 2 4 9 373000 2
1 2 4 9 373000 2
1 2 2 5 373000 2
1 2 4 5 373000 2
1 2 2 1 373000 2
1 2 2 4 373000 2
1 2 1 1 373000 2
1 2 0 2 373000 2
1 2 0 1 373000 2
1 2 6 1 373500 2
1 2 6 7 373500 2
1 2 6 7 373500 2
1 2 8 6 373500 2
1 2 9 3 373500 2
1 2 9 1 373500 2
1 2 12 4 373500 2
1 2 13 5 373500 2
1 2 13 8 373500 2
1 2 15 3 373500 2
1 2 4 5 373500 2
1 2 4 3 373500 2
1 2 5 3 373500 2
1 2 0 6 373500 2
1 2 0 0 373500 2
1 2 1 5 373500 2
1 2 1 3 373500 2
1 2 2 1 373500 2
1 2 2 1 373500 2
1 2 4 5 373500 2
1 2 4 2 373500 2
1 2 4 4 373500 2
1 2 6 9 374000 2
1 2 7 1 374000 2
1 2 8 9 374000 2
1 2 10 3 374000 2
1 2 12 6 374000 2
1 2 12 9 374000 2
1 2 12 2 374000 2
1 2 12 4 374000 2
1 2 12 3 374000 2
1 2 13 3 374000 2
1 2 14 9 374000 2
1 2 15 3 374000 2
1 2 15 6 374000 2
1 2 6 3 374000 2
1 2 6 3 374000 2
1 2 0 5 374000 2
1 2 0 4 374000 2
1 2 0 1 374000 2
1 2 1 5 374000 2
1 2 2 9 374000 2
1 2 3 7 374000 2
1 2 4 4 374000 2
1 2 4 2 374000 2
1 2 4 2 374000 2
1 2 5 1 374000 2
1 2 5 1 374000 2
1 2 3 9 374500 2
1 2 15 2 374500 2
1 2 15 2 374500 2
1 2 14 9 374500 2
1 2 12 5 374500 2
1 2 11 3 374500 2
1 2 10 2 374500 2
1 2 9 8 374500 2
1 2 5 9 374500 2
1 2 2 2 374500 2
1 2 1 4 374500 2
1 2 1 7 374500 2
1 2 0 6 374500 2
1 2 0 7 374500 2
1 2 2 8 375000 2
1 2 15 6 375000 2
1 2 14 9 375000 2
1 2 13 2 375000 2
1 2 12 1 375000 2
1 2 8 2 375000 2
1 2 7 2 375000 2
1 2 6 0 375000 2
1 2 6 3 375000 2
1 2 5 5 375000 2
1 2 4 1 375000 2
1 2 4 3 375000 2
1 2 2 5 375000 2
1 2 2 8 375000 2
1 2 2 1 375000 2
1 2 1 5 375000 2
1 2 1 3 375000 2
1 2 5 4 375000 2
1 2 5 7 375500 2
1 2 5 3 375500 2
1 2 7 1 375500 2
1 2 10 9 375500 2
1 2 10 3 375500 2
1 2 12 6 375500 2
1 2 12 8 375500 2
1 2 13 6 375500 2
1 2 13 8 375500 2
1 2 14 1 375500 2
1 2 14 1 375500 2
1 2 14 4 375500 2
1 2 15 2 375500 2
1 2 5 9 375500 2
1 2 5 5 375500 2
1 2 0 5 375500 2
1 2 0 8 375500 2
1 2 1 9 375500 2
1 2 1 4 375500 2
1 2 2 2 375500 2
1 2 2 8 375500 2
1 2 2 7 375500 2
1 2 4 8 375500 2
1 2 4 1 375500 2
1 2 4 5 375500 2
1 2 7 8 376000 2
1 2 13 1 376000 2
1 2 12 8 376000 2
1 2 11 2 376000 2
1 2 11 4 376000 2
1 2 9 3 376000 2
1 2 9 0 376000 2
1 2 8 7 376000 2
1 2 6 4 376000 2
1 2 6 0 376000 2
1 2 5 1 376000 2
1 2 4 6 376000 2
1 2 4 5 376000 2
1 2 1 4 376000 2
1 2 1 9 376000 2
1 2 1 2 376000 2
1 2 0 8 376000 2
1 2 11 0 376500 2
1 2 9 2 376500 2
1 2 7 4 376500 2
1 2 4 6 376500 2
1 2 3 9 376500 2
1 2 2 4 376500 2
1 2 2 0 376500 2
1 2 4 4 376500 2
1 2 12 6 377000 2
1 2 15 7 377000 2
1 2 15 6 377000 2
1 2 14 2 377000 2
1 2 13 8 377000 2
1 2 12 1 377000 2
1 2 12 2 377000 2
1 2 11 7 377000 2
1 2 11 6 377000 2
1 2 9 6 377000 2
1 2 9 5 377000 2
1 2 6 1 377000 2
1 2 6 7 377000 2
1 2 6 3 377000 2
1 2 3 5 377000 2
1 2 15 4 377500 2
1 2 15 7 377500 2
1 2 15 7 377500 2
1 2 15 6 377500 2
1 2 14 2 377500 2
1 2 12 5 377500 2
1 2 11 3 377500 2
1 2 10 9 377500 2
1 2 9 5 377500 2
1 2 9 5 377500 2
1 2 8 3 377500 2
1 2 1 2 377500 2
1 2 1 7 377500 2
1 2 1 2 377500 2
1 2 11 9 377500 2
1 2 13 2 378000 2
1 2 15 2 378000 2
1 2 15 2 378000 2
1 2 13 4 378000 2
1 2 11 2 378000 2
1 2 11 4 378000 2
1 2 11 7 378000 2
1 2 6 6 378000 2
1 2 2 2 378000 2
1 2 3 8 378000 2
1 2 2 6 378000 2
1 2 11 0 378000 2
1 2 12 1 378500 2
1 2 15 5 378500 2
1 2 13 5 378500 2
1 2 12 7 378500 2
1 2 8 8 378500 2
1 2 4 1 378500 2
1 2 2 3 378500 2
1 2 0 3 378500 2
1 2 15 1 379000 2
1 2 15 3 379000 2
1 2 12 9 379000 2
1 2 6 9 379000 2
1 2 12 6 379000 2
1 2 11 4 379000 2
1 2 6 8 379000 2
1 2 4 3 379000 2
1 2 4 5 379000 2
1 2 2 2 379000 2
1 2 11 5 379000 2
1 2 6 9 379500 2
1 2 15 2 379500 2
1 2 11 4 379500 2
1 2 9 4 379500 2
1 2 9 6 379500 2
1 2 6 6 379500 2
1 2 5 9 379500 2
1 2 4 3 379500 2
1 2 2 9 379500 2
1 2 2 7 379500 2
1 2 2 2 379500 2
1 2 2 8 379500 2
1 2 0 9 379500 2
1 2 0 4 379500 2
1 2 11 7 380000 2
1 2 15 3 380000 2
1 2 15 0 380000 2
1 2 14 8 380000 2
1 2 13 0 380000 2
1 2 13 8 380000 2
1 2 12 3 380000 2
1 2 12 6 380000 2
1 2 11 3 380000 2
1 2 11 2 380000 2
1 2 10 9 380000 2
1 2 10 3 380000 2
1 2 9 9 380000 2
1 2 4 8 380000 2
1 2 4 3 380000 2
1 2 2 3 380000 2
1 2 1 2 380000 2
1 2 12 4 380500 2
1 2 15 6 380500 2
1 2 13 5 380500 2
1 2 12 2 380500 2
1 2 12 6 380500 2
1 2 12 4 380500 2
1 2 9 1 380500 2
1 2 6 4 380500 2
1 2 1 7 380500 2
1 2 4 2 380500 2
1 2 4 2 380500 2
1 2 2 2 380500 2
1 2 11 9 380500 2
1 2 4 3 381000 2
1 2 15 1 381000 2
1 2 4 3 381000 2
1 2 2 1 381000 2
1 2 1 5 381000 2
1 2 1 6 381000 2
1 2 4 2 381500 2
1 2 15 1 381500 2
1 2 15 2 381500 2
1 2 14 5 381500 2
1 2 12 2 381500 2
1 2 12 8 381500 2
1 2 9 2 381500 2
1 2 7 3 381500 2
1 2 5 2 381500 2
1 2 5 9 381500 2
1 2 0 8 381500 2
1 2 1 5 381500 2
1 2 0 8 381500 2
1 2 8 0 381500 2
1 2 10 7 382000 2
1 2 15 2 382000 2
1 2 12 8 382000 2
1 2 12 3 382000 2
1 2 12 8 382000 2
1 2 11 0 382000 2
1 2 11 3 382000 2
1 2 11 7 382000 2
1 2 9 1 382000 2
1 2 6 3 382000 2
1 2 4 7 382000 2
1 2 4 2 382000 2
1 2 1 4 382000 2
1 2 0 4 382000 2
1 2 9 2 382500 2
1 2 15 2 382500 2
1 2 14 2 382500 2
1 2 12 5 382500 2
1 2 12 7 382500 2
1 2 11 1 382500 2
1 2 9 2 382500 2
1 2 8 8 382500 2
1 2 7 4 382500 2
1 2 5 3 382500 2
1 2 4 2 382500 2
1 2 0 3 382500 2
1 2 0 9 382500 2
1 2 11 7 383000 2
1 2 15 6 383000 2
1 2 15 5 383000 2
1 2 14 0 383000 2
1 2 14 2 383000 2
1 2 12 7 383000 2
1 2 12 1 383000 2
1 2 11 2 383000 2
1 2 9 3 383000 2
1 2 8 7 383000 2
1 2 4 9 383000 2
1 2 2 1 383000 2
1 2 0 3 383000 2
1 2 0 3 383000 2
1 2 5 6 383500 2
1 2 12 2 383500 2
1 2 11 1 383500 2
1 2 9 3 383500 2
1 2 9 2 383500 2
1 2 7 1 383500 2
1 2 4 3 383500 2
1 2 3 2 383500 2
1 2 1 3 383500 2
1 2 1 7 383500 2
1 2 1 3 383500 2
1 2 0 3 383500 2
1 2 10 7 384000 2
1 2 15 1 384000 2
1 2 15 5 384000 2
1 2 15 6 384000 2
1 2 12 1 384000 2
1 2 11 2 384000 2
1 2 8 9 384000 2
1 2 7 9 384000 2
1 2 4 1 384000 2
1 2 4 3 384000 2
1 2 3 0 384000 2
1 2 1 1 384000 2
1 2 1 6 384000 2
1 2 8 1 384500 2
1 2 8 9 384500 2
1 2 8 3 384500 2
1 2 10 7 384500 2
1 2 10 3 384500 2
1 2 11 2 384500 2
1 2 11 9 384500 2
1 2 11 0 384500 2
1 2 11 4 384500 2
1 2 12 2 384500 2
1 2 12 4 384500 2
1 2 12 6 384500 2
1 2 12 5 384500 2
1 2 14 0 384500 2
1 2 14 1 384500 2
1 2 15 9 384500 2
1 2 7 9 384500 2
1 2 8 4 384500 2
1 2 1 7 384500 2
1 2 1 2 384500 2
1 2 2 8 384500 2
1 2 2 9 384500 2
1 2 2 2 384500 2
1 2 3 0 384500 2
1 2 3 8 384500 2
1 2 4 6 384500 2
1 2 4 1 384500 2
1 2 4 5 384500 2
1 2 6 1 384500 2
1 2 6 4 384500 2
1 2 6 4 384500 2
1 2 7 6 384500 2
1 2 4 4 384500 2
1 2 8 4 385000 2
1 2 10 9 385000 2
1 2 10 9 385000 2
1 2 11 9 385000 2
1 2 11 6 385000 2
1 2 11 4 385000 2
1 2 12 8 385000 2
1 2 12 8 385000 2
1 2 13 7 385000 2
1 2 13 6 385000 2
1 2 13 8 385000 2
1 2 14 1 385000 2
1 2 14 3 385000 2
1 2 15 0 385000 2
1 2 15 4 385000 2
1 2 7 4 385000 2
1 2 7 9 385000 2
1 2 0 8 385000 2
1 2 0 8 385000 2
1 2 0 2 385000 2
1 2 2 8 385000 2
1 2 4 5 385000 2
1 2 4 8 385000 2
1 2 4 2 385000 2
1 2 5 8 385000 2
1 2 5 3 385000 2
1 2 5 3 385000 2
1 2 6 3 385000 2
1 2 6 8 385000 2
1 2 6 3 385000 2
1 2 5 4 385000 2
1 2 8 7 385500 2
1 2 8 7 385500 2
1 2 9 2 385500 2
1 2 9 9 385500 2
1 2 10 9 385500 2
1 2 11 2 385500 2
1 2 11 3 385500 2
1 2 14 8 385500 2
1 2 14 1 385500 2
1 2 15 6 385500 2
1 2 15 2 385500 2
1 2 15 4 385500 2
1 2 15 3 385500 2
1 2 15 7 385500 2
1 2 6 8 385500 2
1 2 7 5 385500 2
1 2 7 4 385500 2
1 2 3 3 385500 2
1 2 3 8 385500 2
1 2 3 0 385500 2
1 2 4 7 385500 2
1 2 4 2 385500 2
1 2 4 7 385500 2
1 2 5 9 385500 2
1 2 6 6 385500 2
1 2 2 9 385500 2
1 2 6 2 385500 2
1 2 6 3 385500 2
1 2 6 7 385500 2
1 2 5 3 386000 2
1 2 8 0 386000 2
1 2 8 6 386000 2
1 2 9 9 386000 2
1 2 7 8 386000 2
1 2 9 6 386000 2
1 2 10 9 386000 2
1 2 10 4 386000 2
1 2 11 9 386000 2
1 2 11 2 386000 2
1 2 11 0 386000 2
1 2 12 9 386000 2
1 2 13 3 386000 2
1 2 14 1 386000 2
1 2 15 6 386000 2
1 2 15 3 386000 2
1 2 6 4 386000 2
1 2 0 9 386000 2
1 2 0 2 386000 2
1 2 2 0 386000 2
1 2 2 7 386000 2
1 2 2 0 386000 2
1 2 3 8 386000 2
1 2 3 8 386000 2
1 2 3 4 386000 2
1 2 4 5 386000 2
1 2 5 5 386000 2
1 2 5 4 386000 2
1 2 6 6 386000 2
1 2 6 3 386000 2
1 2 7 7 386000 2
1 2 8 9 386500 2
1 2 9 1 386500 2
1 2 10 9 386500 2
1 2 11 8 386500 2
1 2 11 3 386500 2
1 2 12 6 386500 2
1 2 12 6 386500 2
1 2 13 5 386500 2
1 2 14 0 386500 2
1 2 14 5 386500 2
1 2 15 1 386500 2
1 2 15 1 386500 2
1 2 4 0 386500 2
1 2 8 4 386500 2
1 2 8 9 386500 2
1 2 0 8 386500 2
1 2 1 4 386500 2
1 2 3 8 386500 2
1 2 3 0 386500 2
1 2 3 7 386500 2
1 2 0 4 386500 2
1 2 4 1 386500 2
1 2 5 9 386500 2
1 2 6 2 386500 2
1 2 7 8 386500 2
1 2 8 2 387000 2
1 2 15 4 387000 2
1 2 14 1 387000 2
1 2 13 6 387000 2
1 2 12 4 387000 2
1 2 12 6 387000 2
1 2 11 0 387000 2
1 2 11 4 387000 2
1 2 10 8 387000 2
1 2 10 9 387000 2
1 2 9 3 387000 2
1 2 7 7 387000 2
1 2 0 4 387000 2
1 2 2 9 387000 2
1 2 2 8 387000 2
1 2 2 7 387000 2
1 2 3 8 387000 2
1 2 3 8 387000 2
1 2 3 4 387000 2
1 2 4 4 387000 2
1 2 4 6 387000 2
1 2 6 8 387000 2
1 2 6 3 387000 2
1 2 9 5 387500 2
1 2 10 1 387500 2
1 2 11 6 387500 2
1 2 11 7 387500 2
1 2 12 2 387500 2
1 2 12 6 387500 2
1 2 13 5 387500 2
1 2 13 0 387500 2
1 2 14 1 387500 2
1 2 14 8 387500 2
1 2 15 0 387500 2
1 2 15 9 387500 2
1 2 12 9 387500 2
1 2 7 4 387500 2
1 2 8 4 387500 2
1 2 0 8 387500 2
1 2 2 9 387500 2
1 2 3 4 387500 2
1 2 4 4 387500 2
1 2 4 8 387500 2
1 2 4 5 387500 2
1 2 5 8 387500 2
1 2 6 3 387500 2
1 2 0 1 387500 2
1 2 6 0 387500 2
1 2 6 8 387500 2
1 2 12 5 388000 2
1 2 12 3 388000 2
1 2 11 3 388000 2
1 2 12 8 388000 2
1 2 12 8 388000 2
1 2 13 1 388000 2
1 2 13 2 388000 2
1 2 13 9 388000 2
1 2 13 5 388000 2
1 2 15 0 388000 2
1 2 15 8 388000 2
1 2 15 1 388000 2
1 2 15 9 388000 2
1 2 11 9 388000 2
1 2 11 4 388000 2
1 2 2 9 388000 2
1 2 3 9 388000 2
1 2 3 8 388000 2
1 2 5 9 388000 2
1 2 6 4 388000 2
1 2 6 9 388000 2
1 2 7 0 388000 2
1 2 8 2 388000 2
1 2 8 9 388000 2
1 2 10 5 388000 2
1 2 10 1 388000 2
1 2 8 4 388500 2
1 2 8 4 388500 2
1 2 8 2 388500 2
1 2 9 5 388500 2
1 2 10 7 388500 2
1 2 11 0 388500 2
1 2 11 4 388500 2
1 2 12 4 388500 2
1 2 12 6 388500 2
1 2 13 1 388500 2
1 2 13 0 388500 2
1 2 13 4 388500 2
1 2 14 1 388500 2
1 2 15 0 388500 2
1 2 15 9 388500 2
1 2 15 1 388500 2
1 2 15 9 388500 2
1 2 15 3 388500 2
1 2 6 0 388500 2
1 2 7 7 388500 2
1 2 0 5 388500 2
1 2 0 5 388500 2
1 2 2 8 388500 2
1 2 2 5 388500 2
1 2 2 6 388500 2
1 2 3 3 388500 2
1 2 3 8 388500 2
1 2 3 4 388500 2
1 2 4 1 388500 2
1 2 5 7 388500 2
1 2 5 8 388500 2
1 2 5 3 388500 2
1 2 5 8 388500 2
1 2 6 2 388500 2
1 2 6 5 388500 2
1 2 4 3 388500 2
1 2 7 4 389000 2
1 2 8 6 389000 2
1 2 9 5 389000 2
1 2 9 0 389000 2
1 2 10 5 389000 2
1 2 11 9 389000 2
1 2 12 6 389000 2
1 2 12 6 389000 2
1 2 12 6 389000 2
1 2 12 5 389000 2
1 2 13 7 389000 2
1 2 13 3 389000 2
1 2 13 3 389000 2
1 2 14 4 389000 2
1 2 15 8 389000 2
1 2 15 9 389000 2
1 2 6 8 389000 2
1 2 6 9 389000 2
1 2 0 6 389000 2
1 2 0 8 389000 2
1 2 1 7 389000 2
1 2 1 4 389000 2
1 2 2 2 389000 2
1 2 2 9 389000 2
1 2 3 8 389000 2
1 2 3 4 389000 2
1 2 4 6 389000 2
1 2 5 9 389000 2
1 2 5 5 389000 2
1 2 6 6 389000 2
1 2 6 8 389000 2
1 2 6 2 389000 2
1 2 4 7 389000 2
1 2 7 5 389000 2
1 2 6 4 389500 2
1 2 6 1 389500 2
1 2 6 6 389500 2
1 2 7 5 389500 2
1 2 8 0 389500 2
1 2 9 1 389500 2
1 2 10 9 389500 2
1 2 12 2 389500 2
1 2 12 8 389500 2
1 2 14 3 389500 2
1 2 14 4 389500 2
1 2 14 9 389500 2
1 2 15 7 389500 2
1 2 15 1 389500 2
1 2 5 9 389500 2
1 2 5 3 389500 2
1 2 5 9 389500 2
1 2 0 4 389500 2
1 2 0 5 389500 2
1 2 0 5 389500 2
1 2 2 3 389500 2
1 2 2 6 389500 2
1 2 3 4 389500 2
1 2 3 8 389500 2
1 2 3 4 389500 2
1 2 4 9 389500 2
1 2 4 6 389500 2
1 2 5 3 389500 2
1 2 3 5 389500 2
1 2 8 9 390000 2
1 2 9 4 390000 2
1 2 9 7 390000 2
1 2 10 2 390000 2
1 2 10 8 390000 2
1 2 11 8 390000 2
1 2 11 1 390000 2
1 2 12 6 390000 2
1 2 12 6 390000 2
1 2 12 9 390000 2
1 2 12 5 390000 2
1 2 13 5 390000 2
1 2 14 8 390000 2
1 2 14 4 390000 2
1 2 15 4 390000 2
1 2 7 7 390000 2
1 2 7 3 390000 2
1 2 0 8 390000 2
1 2 0 8 390000 2
1 2 1 6 390000 2
1 2 2 2 390000 2
1 2 3 8 390000 2
1 2 4 8 390000 2
1 2 4 4 390000 2
1 2 5 9 390000 2
1 2 5 9 390000 2
1 2 5 7 390000 2
1 2 6 8 390000 2
1 2 6 7 390000 2
1 2 7 8 390000 2
1 2 8 4 390500 2
1 2 8 8 390500 2
1 2 9 6 390500 2
1 2 10 3 390500 2
1 2 10 4 390500 2
1 2 11 0 390500 2
1 2 11 4 390500 2
1 2 11 4 390500 2
1 2 12 6 390500 2
1 2 12 1 390500 2
1 2 12 2 390500 2
1 2 12 4 390500 2
1 2 12 5 390500 2
1 2 13 4 390500 2
1 2 15 3 390500 2
1 2 7 5 390500 2
1 2 7 8 390500 2
1 2 0 3 390500 2
1 2 0 8 390500 2
1 2 2 0 390500 2
1 2 3 4 390500 2
1 2 4 5 390500 2
1 2 4 1 390500 2
1 2 5 5 390500 2
1 2 5 9 390500 2
1 2 5 9 390500 2
1 2 6 2 390500 2
1 2 6 9 390500 2
1 2 6 0 390500 2
1 2 7 7 390500 2
1 2 7 7 391000 2
1 2 7 8 391000 2
1 2 8 6 391000 2
1 2 8 7 391000 2
1 2 8 5 391000 2
1 2 8 9 391000 2
1 2 8 4 391000 2
1 2 8 6 391000 2
1 2 8 8 391000 2
1 2 8 8 391000 2
1 2 9 7 391000 2
1 2 10 6 391000 2
1 2 10 4 391000 2
1 2 11 7 391000 2
1 2 13 2 391000 2
1 2 13 3 391000 2
1 2 15 9 391000 2
1 2 15 1 391000 2
1 2 7 7 391000 2
1 2 0 8 391000 2
1 2 0 1 391000 2
1 2 0 8 391000 2
1 2 1 2 391000 2
1 2 2 7 391000 2
1 2 2 6 391000 2
1 2 3 4 391000 2
1 2 3 8 391000 2
1 2 4 1 391000 2
1 2 4 2 391000 2
1 2 4 5 391000 2
1 2 6 2 391000 2
1 2 6 1 391000 2
1 2 6 4 391000 2
1 2 6 7 391000 2
1 2 4 9 391000 2
1 2 9 2 391500 2
1 2 10 1 391500 2
1 2 10 7 391500 2
1 2 11 1 391500 2
1 2 11 9 391500 2
1 2 11 7 391500 2
1 2 11 6 391500 2
1 2 11 4 391500 2
1 2 12 4 391500 2
1 2 13 4 391500 2
1 2 13 6 391500 2
1 2 13 4 391500 2
1 2 15 9 391500 2
1 2 15 1 391500 2
1 2 5 8 391500 2
1 2 8 7 391500 2
1 2 8 8 391500 2
1 2 0 8 391500 2
1 2 2 9 391500 2
1 2 3 8 391500 2
1 2 3 8 391500 2
1 2 4 2 391500 2
1 2 5 9 391500 2
1 2 0 6 391500 2
1 2 5 8 391500 2
1 2 6 3 391500 2
1 2 6 4 391500 2
1 2 7 8 391500 2
1 2 8 7 391500 2
1 2 5 5 392000 2
1 2 7 3 392000 2
1 2 7 5 392000 2
1 2 7 5 392000 2
1 2 8 2 392000 2
1 2 10 9 392000 2
1 2 10 6 392000 2
1 2 10 7 392000 2
1 2 11 4 392000 2
1 2 11 4 392000 2
1 2 12 5 392000 2
1 2 13 0 392000 2
1 2 14 8 392000 2
1 2 15 1 392000 2
1 2 6 1 392000 2
1 2 0 6 392000 2
1 2 1 4 392000 2
1 2 2 8 392000 2
1 2 2 7 392000 2
1 2 2 6 392000 2
1 2 3 5 392000 2
1 2 3 8 392000 2
1 2 3 8 392000 2
1 2 4 5 392000 2
1 2 4 8 392000 2
1 2 5 9 392000 2
1 2 6 8 392000 2
1 2 12 9 392500 2
1 2 15 0 392500 2
1 2 12 8 392500 2
1 2 11 0 392500 2
1 2 9 3 392500 2
1 2 8 2 392500 2
1 2 8 9 392500 2
1 2 6 3 392500 2
1 2 4 4 392500 2
1 2 5 3 392500 2
1 2 1 7 392500 2
1 2 0 8 392500 2
1 2 1 5 392500 2
1 2 2 8 392500 2
1 2 2 0 392500 2
1 2 3 0 392500 2
1 2 3 8 392500 2
1 2 6 6 393000 2
1 2 14 2 393000 2
1 2 14 9 393000 2
1 2 11 9 393000 2
1 2 11 0 393000 2
1 2 8 2 393000 2
1 2 8 4 393000 2
1 2 8 5 393000 2
1 2 8 9 393000 2
1 2 6 3 393000 2
1 2 4 2 393000 2
1 2 3 4 393000 2
1 2 3 4 393000 2
1 2 3 4 393000 2
1 2 1 2 393000 2
1 2 0 1 393000 2
1 2 0 4 393000 2
1 2 11 1 393500 2
1 2 15 1 393500 2
1 2 15 8 393500 2
1 2 14 2 393500 2
1 2 11 4 393500 2
1 2 9 0 393500 2
1 2 8 5 393500 2
1 2 8 9 393500 2
1 2 1 3 393500 2
1 2 5 8 393500 2
1 2 4 9 393500 2
1 2 2 2 393500 2
1 2 1 4 393500 2
1 2 8 7 393500 2
1 2 8 4 394000 2
1 2 8 9 394000 2
1 2 8 2 394000 2
1 2 9 1 394000 2
1 2 11 0 394000 2
1 2 12 6 394000 2
1 2 13 8 394000 2
1 2 14 5 394000 2
1 2 14 4 394000 2
1 2 14 8 394000 2
1 2 6 4 394000 2
1 2 5 8 394000 2
1 2 5 9 394000 2
1 2 5 9 394000 2
1 2 3 7 394000 2
1 2 2 2 394000 2
1 2 0 1 394000 2
1 2 0 5 394000 2
1 2 0 6 394000 2
1 2 7 4 394000 2
1 2 8 8 394500 2
1 2 8 3 394500 2
1 2 9 5 394500 2
1 2 11 2 394500 2
1 2 11 4 394500 2
1 2 11 4 394500 2
1 2 5 6 394500 2
1 2 12 6 394500 2
1 2 13 8 394500 2
1 2 13 8 394500 2
1 2 15 1 394500 2
1 2 8 4 394500 2
1 2 7 6 394500 2
1 2 7 1 394500 2
1 2 6 0 394500 2
1 2 6 2 394500 2
1 2 4 2 394500 2
1 2 3 4 394500 2
1 2 3 7 394500 2
1 2 0 8 394500 2
1 2 8 2 394500 2
1 2 8 6 395000 2
1 2 15 9 395000 2
1 2 8 8 395000 2
1 2 9 5 395000 2
1 2 10 1 395000 2
1 2 11 4 395000 2
1 2 12 8 395000 2
1 2 13 3 395000 2
1 2 14 4 395000 2
1 2 15 2 395000 2
1 2 2 6 395000 2
1 2 7 4 395000 2
1 2 2 0 395000 2
1 2 3 4 395000 2
1 2 4 3 395000 2
1 2 5 8 395000 2
1 2 6 2 395000 2
1 2 6 8 395000 2
1 2 6 3 395000 2
1 2 7 5 395000 2
1 2 8 1 395500 2
1 2 15 6 395500 2
1 2 15 6 395500 2
1 2 15 0 395500 2
1 2 13 4 395500 2
1 2 11 4 395500 2
1 2 11 9 395500 2
1 2 8 2 395500 2
1 2 7 7 395500 2
1 2 6 8 395500 2
1 2 4 8 395500 2
1 2 3 5 395500 2
1 2 2 1 395500 2
1 2 1 9 395500 2
1 2 8 7 395500 2
1 2 6 4 396000 2
1 2 7 4 396000 2
1 2 7 4 396000 2
1 2 7 9 396000 2
1 2 8 9 396000 2
1 2 11 9 396000 2
1 2 11 0 396000 2
1 2 13 8 396000 2
1 2 14 4 396000 2
1 2 15 6 396000 2
1 2 15 3 396000 2
1 2 6 6 396000 2
1 2 5 8 396000 2
1 2 0 3 396000 2
1 2 0 4 396000 2
1 2 1 4 396000 2
1 2 2 9 396000 2
1 2 2 6 396000 2
1 2 3 8 396000 2
1 2 3 4 396000 2
1 2 4 8 396000 2
1 2 4 7 396000 2
1 2 5 8 396000 2
1 2 5 8 396000 2
1 2 15 4 396500 2
1 2 13 8 396500 2
1 2 13 4 396500 2
1 2 10 4 396500 2
1 2 10 6 396500 2
1 2 8 7 396500 2
1 2 8 7 396500 2
1 2 8 7 396500 2
1 2 8 9 396500 2
1 2 8 6 396500 2
1 2 7 7 396500 2
1 2 6 3 396500 2
1 2 7 9 396500 2
1 2 0 6 396500 2
1 2 0 9 396500 2
1 2 2 8 396500 2
1 2 3 5 396500 2
1 2 3 0 396500 2
1 2 4 7 396500 2
1 2 5 2 396500 2
1 2 5 5 396500 2
1 2 6 7 396500 2
1 2 6 3 397000 2
1 2 7 7 397000 2
1 2 7 7 397000 2
1 2 7 4 397000 2
1 2 8 4 397000 2
1 2 9 2 397000 2
1 2 9 7 397000 2
1 2 10 9 397000 2
1 2 11 2 397000 2
1 2 11 6 397000 2
1 2 12 7 397000 2
1 2 12 7 397000 2
1 2 14 3 397000 2
1 2 6 0 397000 2
1 2 0 8 397000 2
1 2 1 5 397000 2
1 2 1 7 397000 2
1 2 1 4 397000 2
1 2 2 4 397000 2
1 2 3 8 397000 2
1 2 3 7 397000 2
1 2 4 8 397000 2
1 2 4 4 397000 2
1 2 4 2 397000 2
1 2 6 8 397000 2
1 2 5 9 397500 2
1 2 15 9 397500 2
1 2 15 7 397500 2
1 2 14 8 397500 2
1 2 14 0 397500 2
1 2 14 3 397500 2
1 2 13 8 397500 2
1 2 11 9 397500 2
1 2 10 2 397500 2
1 2 9 7 397500 2
1 2 8 7 397500 2
1 2 0 3 397500 2
1 2 4 9 397500 2
1 2 4 1 397500 2
1 2 10 8 397500 2
1 2 7 4 398000 2
1 2 15 6 398000 2
1 2 8 2 398000 2
1 2 9 5 398000 2
1 2 11 2 398000 2
1 2 11 5 398000 2
1 2 12 6 398000 2
1 2 12 2 398000 2
1 2 12 4 398000 2
1 2 13 0 398000 2
1 2 14 7 398000 2
1 2 0 8 398000 2
1 2 7 5 398000 2
1 2 0 1 398000 2
1 2 2 8 398000 2
1 2 2 4 398000 2
1 2 2 6 398000 2
1 2 3 8 398000 2
1 2 3 8 398000 2
1 2 4 8 398000 2
1 2 5 8 398000 2
1 2 6 4 398000 2
1 2 8 7 398500 2
1 2 13 3 398500 2
1 2 11 2 398500 2
1 2 11 4 398500 2
1 2 11 9 398500 2
1 2 11 4 398500 2
1 2 11 9 398500 2
1 2 9 1 398500 2
1 2 8 7 398500 2
1 2 7 4 398500 2
1 2 7 4 398500 2
1 2 6 8 398500 2
1 2 5 9 398500 2
1 2 4 3 398500 2
1 2 3 4 398500 2
1 2 2 2 398500 2
1 2 1 4 398500 2
1 2 8 7 398500 2
1 2 8 9 399000 2
1 2 8 3 399000 2
1 2 11 4 399000 2
1 2 11 4 399000 2
1 2 12 2 399000 2
1 2 15 8 399000 2
1 2 15 9 399000 2
1 2 15 3 399000 2
1 2 15 4 399000 2
1 2 5 5 399000 2
1 2 6 3 399000 2
1 2 0 4 399000 2
1 2 4 5 399000 2
1 2 3 8 399000 2
1 2 3 7 399000 2
1 2 2 6 399000 2
1 2 1 2 399000 2
1 2 0 6 399000 2
1 2 6 9 399000 2
1 2 7 4 399500 2
1 2 15 0 399500 2
1 2 8 7 399500 2
1 2 8 2 399500 2
1 2 8 7 399500 2
1 2 8 8 399500 2
1 2 9 7 399500 2
1 2 11 0 399500 2
1 2 11 4 399500 2
1 2 12 9 399500 2
1 2 14 5 399500 2
1 2 15 4 399500 2
1 2 2 4 399500 2
1 2 6 1 399500 2
1 2 2 5 399500 2
1 2 3 4 399500 2
1 2 3 5 399500 2
1 2 3 8 399500 2
1 2 4 4 399500 2
1 2 5 5 399500 2
1 2 5 1 399500 2
1 2 6 4 399500 2
1 2 6 0 399500 2
1 2 6 4 399500 2
1 2 8 0 400000 2
1 2 15 2 400000 2
1 2 15 9 400000 2
1 2 14 8 400000 2
1 2 13 5 400000 2
1 2 13 4 400000 2
1 2 11 4 400000 2
1 2 11 3 400000 2
1 2 11 8 400000 2
1 2 8 3 400000 2
1 2 8 0 400000 2
1 2 7 5 400000 2
1 2 5 3 400000 2
1 2 5 9 400000 2
1 2 4 7 400000 2
1 2 4 0 400000 2
1 2 3 4 400000 2
1 2 2 1 400000 2
1 2 8 4 400000 2
1 2 9 2 400500 2
1 2 9 1 400500 2
1 2 12 2 400500 2
1 2 5 9 400500 2
1 2 13 6 400500 2
1 2 13 5 400500 2
1 2 14 9 400500 2
1 2 14 0 400500 2
1 2 15 7 400500 2
1 2 15 1 400500 2
1 2 15 7 400500 2
1 2 8 7 400500 2
1 2 9 1 400500 2
1 2 0 7 400500 2
1 2 3 6 400500 2
1 2 3 0 400500 2
1 2 3 8 400500 2
1 2 4 9 400500 2
1 2 4 2 400500 2
1 2 4 2 400500 2
1 2 6 7 400500 2
1 2 7 0 400500 2
1 2 9 0 401000 2
1 2 15 9 401000 2
1 2 14 2 401000 2
1 2 14 5 401000 2
1 2 13 6 401000 2
1 2 13 3 401000 2
1 2 12 8 401000 2
1 2 11 1 401000 2
1 2 11 9 401000 2
1 2 9 6 401000 2
1 2 7 9 401000 2
1 2 6 9 401000 2
1 2 4 3 401000 2
1 2 0 7 401000 2
1 2 0 7 401000 2
1 2 0 6 401000 2
1 2 9 0 401500 2
1 2 10 5 401500 2
1 2 10 6 401500 2
1 2 11 9 401500 2
1 2 13 6 401500 2
1 2 14 0 401500 2
1 2 15 0 401500 2
1 2 15 7 401500 2
1 2 15 3 401500 2
1 2 3 1 401500 2
1 2 8 1 401500 2
1 2 7 3 401500 2
1 2 6 5 401500 2
1 2 6 0 401500 2
1 2 4 8 401500 2
1 2 4 3 401500 2
1 2 3 2 401500 2
1 2 0 7 401500 2
1 2 9 3 401500 2
1 2 7 6 402000 2
1 2 9 5 402000 2
1 2 4 0 402000 2
1 2 11 0 402000 2
1 2 12 8 402000 2
1 2 12 4 402000 2
1 2 13 4 402000 2
1 2 15 0 402000 2
1 2 15 0 402000 2
1 2 15 1 402000 2
1 2 5 7 402000 2
1 2 6 6 402000 2
1 2 0 4 402000 2
1 2 1 6 402000 2
1 2 2 9 402000 2
1 2 3 0 402000 2
1 2 4 7 402000 2
1 2 4 1 402000 2
1 2 3 8 402000 2
1 2 12 9 402500 2
1 2 15 6 402500 2
1 2 15 1 402500 2
1 2 15 6 402500 2
1 2 15 8 402500 2
1 2 14 5 402500 2
1 2 14 9 402500 2
1 2 13 6 402500 2
1 2 13 4 402500 2
1 2 13 6 402500 2
1 2 12 9 402500 2
1 2 11 0 402500 2
1 2 2 6 402500 2
1 2 2 4 402500 2
1 2 3 1 402500 2
1 2 3 8 402500 2
1 2 3 5 402500 2
1 2 5 9 402500 2
1 2 6 3 402500 2
1 2 7 8 402500 2
1 2 9 0 402500 2
1 2 9 4 402500 2
1 2 11 6 402500 2
1 2 5 6 403000 2
1 2 11 8 403000 2
1 2 10 6 403000 2
1 2 7 5 403000 2
1 2 6 7 403000 2
1 2 6 6 403000 2
1 2 5 6 403000 2
1 2 5 5 403000 2
1 2 4 6 403000 2
1 2 3 5 403000 2
1 2 2 7 403000 2
1 2 1 2 403000 2
1 2 0 7 403000 2
1 2 0 2 403000 2
1 2 0 5 403000 2
1 2 9 0 403500 2
1 2 7 5 403500 2
1 2 11 4 403500 2
1 2 11 5 403500 2
1 2 11 4 403500 2
1 2 11 0 403500 2
1 2 12 9 403500 2
1 2 13 8 403500 2
1 2 14 0 403500 2
1 2 14 0 403500 2
1 2 15 8 403500 2
1 2 7 6 403500 2
1 2 6 6 403500 2
1 2 4 6 403500 2
1 2 3 9 403500 2
1 2 3 6 403500 2
1 2 2 9 403500 2
1 2 1 2 403500 2
1 2 1 8 403500 2
1 2 0 1 403500 2
1 2 0 6 403500 2
1 2 2 4 404000 2
1 2 15 7 404000 2
1 2 14 1 404000 2
1 2 14 3 404000 2
1 2 13 0 404000 2
1 2 10 6 404000 2
1 2 10 9 404000 2
1 2 9 2 404000 2
1 2 13 6 404000 2
1 2 11 9 404500 2
1 2 15 0 404500 2
1 2 14 0 404500 2
1 2 13 3 404500 2
1 2 13 6 404500 2
1 2 12 1 404500 2
1 2 12 7 404500 2
1 2 10 1 404500 2
1 2 10 2 404500 2
1 2 7 3 404500 2
1 2 4 2 404500 2
1 2 4 2 404500 2
1 2 3 4 404500 2
1 2 3 6 404500 2
1 2 2 0 404500 2
1 2 1 2 404500 2
1 2 10 9 405000 2
1 2 15 7 405000 2
1 2 13 2 405000 2
1 2 12 4 405000 2
1 2 12 8 405000 2
1 2 11 4 405000 2
1 2 9 7 405000 2
1 2 6 6 405000 2
1 2 6 0 405000 2
1 2 4 9 405000 2
1 2 4 5 405000 2
1 2 3 6 405000 2
1 2 1 1 405000 2
1 2 0 1 405000 2
1 2 9 5 405000 2
1 2 12 6 405500 2
1 2 15 8 405500 2
1 2 14 8 405500 2
1 2 14 5 405500 2
1 2 13 4 405500 2
1 2 13 8 405500 2
1 2 12 2 405500 2
1 2 11 5 405500 2
1 2 10 4 405500 2
1 2 9 1 405500 2
1 2 7 5 405500 2
1 2 3 3 405500 2
1 2 2 4 405500 2
1 2 12 6 405500 2
1 2 6 9 406000 2
1 2 7 5 406000 2
1 2 11 6 406000 2
1 2 12 6 406000 2
1 2 13 6 406000 2
1 2 14 8 406000 2
1 2 15 0 406000 2
1 2 15 7 406000 2
1 2 0 0 406000 2
1 2 15 4 406000 2
1 2 4 2 406000 2
1 2 4 0 406000 2
1 2 0 5 406000 2
1 2 2 6 406000 2
1 2 3 6 406000 2
1 2 3 8 406000 2
1 2 3 6 406000 2
1 2 3 8 406000 2
1 2 3 8 406000 2
1 2 6 2 406500 2
1 2 14 0 406500 2
1 2 12 7 406500 2
1 2 12 6 406500 2
1 2 11 4 406500 2
1 2 10 8 406500 2
1 2 8 2 406500 2
1 2 7 5 406500 2
1 2 5 2 406500 2
1 2 4 6 406500 2
1 2 3 8 406500 2
1 2 3 9 406500 2
1 2 3 4 406500 2
1 2 0 3 406500 2
1 2 0 9 406500 2
1 2 0 7 407000 2
1 2 15 7 407000 2
1 2 14 8 407000 2
1 2 14 9 407000 2
1 2 14 2 407000 2
1 2 13 8 407000 2
1 2 11 3 407000 2
1 2 11 2 407000 2
1 2 9 6 407000 2
1 2 7 2 407000 2
1 2 6 3 407000 2
1 2 4 0 407000 2
1 2 4 7 407000 2
1 2 2 6 407000 2
1 2 1 5 407000 2
1 2 15 5 407500 2
1 2 15 6 407500 2
1 2 13 2 407500 2
1 2 12 9 407500 2
1 2 12 6 407500 2
1 2 11 7 407500 2
1 2 10 3 407500 2
1 2 6 5 407500 2
1 2 5 4 407500 2
1 2 3 2 407500 2
1 2 5 6 407500 2
1 2 0 2 407500 2
1 2 1 2 407500 2
1 2 1 5 407500 2
1 2 2 0 407500 2
1 2 2 4 407500 2
1 2 3 5 407500 2
1 2 3 0 407500 2
1 2 10 3 408000 2
1 2 14 8 408000 2
1 2 14 2 408000 2
1 2 14 1 408000 2
1 2 14 3 408000 2
1 2 13 6 408000 2
1 2 13 6 408000 2
1 2 12 9 408000 2
1 2 9 7 408000 2
1 2 7 6 408000 2
1 2 7 2 408000 2
1 2 6 9 408000 2
1 2 4 3 408000 2
1 2 4 2 408000 2
1 2 3 8 408000 2
1 2 3 4 408000 2
1 2 7 0 408000 2
1 2 1 2 408000 2
1 2 14 7 408500 2
1 2 6 2 408500 2
1 2 6 9 408500 2
1 2 7 1 408500 2
1 2 7 9 408500 2
1 2 10 5 408500 2
1 2 11 9 408500 2
1 2 11 3 408500 2
1 2 11 0 408500 2
1 2 13 4 408500 2
1 2 15 5 408500 2
1 2 0 3 408500 2
1 2 5 4 408500 2
1 2 5 5 408500 2
1 2 5 9 408500 2
1 2 4 5 408500 2
1 2 3 3 408500 2
1 2 3 5 408500 2
1 2 2 9 408500 2
1 2 0 1 408500 2
1 2 0 3 408500 2
1 2 0 3 408500 2
1 2 5 1 408500 2
1 2 5 7 409000 2
1 2 6 8 409000 2
1 2 6 0 409000 2
1 2 8 9 409000 2
1 2 8 8 409000 2
1 2 9 6 409000 2
1 2 10 6 409000 2
1 2 11 5 409000 2
1 2 13 3 409000 2
1 2 13 3 409000 2
1 2 15 7 409000 2
1 2 4 8 409000 2
1 2 4 1 409000 2
1 2 4 3 409000 2
1 2 2 5 409000 2
1 2 2 7 409000 2
1 2 2 9 409000 2
1 2 1 7 409000 2
1 2 0 1 409000 2
1 2 0 2 409000 2
1 2 5 5 409000 2
1 2 7 8 409500 2
1 2 9 9 409500 2
1 2 9 6 409500 2
1 2 9 1 409500 2
1 2 10 1 409500 2
1 2 11 4 409500 2
1 2 11 0 409500 2
1 2 13 6 409500 2
1 2 13 2 409500 2
1 2 14 5 409500 2
1 2 14 0 409500 2
1 2 14 2 409500 2
1 2 6 9 409500 2
1 2 0 8 409500 2
1 2 0 8 409500 2
1 2 2 3 409500 2
1 2 2 3 409500 2
1 2 2 3 409500 2
1 2 4 1 409500 2
1 2 5 9 409500 2
1 2 5 3 409500 2
1 2 5 8 409500 2
1 2 5 7 409500 2
1 2 4 3 409500 2
1 2 7 5 409500 2
1 2 6 8 410000 2
1 2 6 3 410000 2
1 2 7 2 410000 2
1 2 7 4 410000 2
1 2 10 4 410000 2
1 2 11 9 410000 2
1 2 11 4 410000 2
1 2 12 1 410000 2
1 2 14 3 410000 2
1 2 15 6 410000 2
1 2 15 3 410000 2
1 2 15 4 410000 2
1 2 0 2 410000 2
1 2 5 3 410000 2
1 2 0 1 410000 2
1 2 2 9 410000 2
1 2 2 9 410000 2
1 2 3 0 410000 2
1 2 3 4 410000 2
1 2 4 9 410000 2
1 2 5 9 410000 2
1 2 5 9 410000 2
1 2 5 5 410000 2
1 2 5 2 410000 2
1 2 5 2 410000 2
1 2 2 1 410500 2
1 2 15 8 410500 2
1 2 14 8 410500 2
1 2 13 6 410500 2
1 2 11 0 410500 2
1 2 11 9 410500 2
1 2 11 6 410500 2
1 2 9 5 410500 2
1 2 9 3 410500 2
1 2 7 7 410500 2
1 2 6 3 410500 2
1 2 6 0 410500 2
1 2 0 8 410500 2
1 2 0 3 410500 2
1 2 3 6 410500 2
1 2 3 8 410500 2
1 2 4 3 410500 2
1 2 4 2 410500 2
1 2 5 9 410500 2
1 2 6 8 410500 2
1 2 6 0 411000 2
1 2 6 5 411000 2
1 2 6 8 411000 2
1 2 6 3 411000 2
1 2 7 9 411000 2
1 2 8 9 411000 2
1 2 10 8 411000 2
1 2 11 3 411000 2
1 2 11 4 411000 2
1 2 12 2 411000 2
1 2 12 4 411000 2
1 2 13 8 411000 2
1 2 13 9 411000 2
1 2 14 9 411000 2
1 2 15 5 411000 2
1 2 5 7 411000 2
1 2 0 9 411000 2
1 2 0 8 411000 2
1 2 0 3 411000 2
1 2 0 9 411000 2
1 2 2 8 411000 2
1 2 2 7 411000 2
1 2 3 7 411000 2
1 2 3 4 411000 2
1 2 4 7 411000 2
1 2 4 2 411000 2
1 2 5 9 411000 2
1 2 5 2 411000 2
1 2 5 0 411000 2
1 2 5 2 411000 2
1 2 3 3 411000 2
1 2 9 6 411500 2
1 2 9 0 411500 2
1 2 10 0 411500 2
1 2 11 3 411500 2
1 2 11 9 411500 2
1 2 5 0 411500 2
1 2 12 1 411500 2
1 2 13 8 411500 2
1 2 13 3 411500 2
1 2 13 9 411500 2
1 2 14 5 411500 2
1 2 14 7 411500 2
1 2 14 0 411500 2
1 2 15 6 411500 2
1 2 8 9 411500 2
1 2 9 2 411500 2
1 2 0 4 411500 2
1 2 0 2 411500 2
1 2 0 8 411500 2
1 2 2 2 411500 2
1 2 3 4 411500 2
1 2 5 9 411500 2
1 2 5 8 411500 2
1 2 6 8 411500 2
1 2 7 8 411500 2
1 2 8 4 411500 2
1 2 3 2 411500 2
1 2 9 3 412000 2
1 2 10 9 412000 2
1 2 11 2 412000 2
1 2 11 5 412000 2
1 2 11 4 412000 2
1 2 13 8 412000 2
1 2 13 4 412000 2
1 2 13 9 412000 2
1 2 14 0 412000 2
1 2 15 3 412000 2
1 2 8 7 412000 2
1 2 3 0 412000 2
1 2 0 4 412000 2
1 2 8 9 412000 2
1 2 0 3 412000 2
1 2 0 8 412000 2
1 2 4 3 412000 2
1 2 4 2 412000 2
1 2 5 3 412000 2
1 2 5 9 412000 2
1 2 5 3 412000 2
1 2 6 9 412000 2
1 2 7 2 412000 2
1 2 15 2 412500 2
1 2 9 6 412500 2
1 2 11 4 412500 2
1 2 11 4 412500 2
1 2 12 1 412500 2
1 2 12 6 412500 2
1 2 9 2 412500 2
1 2 13 2 412500 2
1 2 13 4 412500 2
1 2 14 9 412500 2
1 2 14 1 412500 2
1 2 14 7 412500 2
1 2 15 3 412500 2
1 2 13 6 412500 2
1 2 7 7 412500 2
1 2 7 9 412500 2
1 2 0 9 412500 2
1 2 0 3 412500 2
1 2 0 6 412500 2
1 2 0 3 412500 2
1 2 3 5 412500 2
1 2 4 1 412500 2
1 2 4 6 412500 2
1 2 5 5 412500 2
1 2 5 0 412500 2
1 2 5 0 412500 2
1 2 6 4 412500 2
1 2 7 0 412500 2
1 2 4 3 412500 2
1 2 6 3 413000 2
1 2 6 7 413000 2
1 2 7 3 413000 2
1 2 7 7 413000 2
1 2 10 8 413000 2
1 2 11 6 413000 2
1 2 11 2 413000 2
1 2 12 7 413000 2
1 2 14 8 413000 2
1 2 14 1 413000 2
1 2 5 9 413000 2
1 2 5 3 413000 2
1 2 0 4 413000 2
1 2 2 3 413000 2
1 2 2 9 413000 2
1 2 3 6 413000 2
1 2 3 4 413000 2
1 2 4 2 413000 2
1 2 4 1 413000 2
1 2 5 3 413000 2
1 2 15 2 413500 2
1 2 13 8 413500 2
1 2 12 2 413500 2
1 2 11 0 413500 2
1 2 10 4 413500 2
1 2 9 8 413500 2
1 2 8 0 413500 2
1 2 8 5 413500 2
1 2 6 2 413500 2
1 2 6 6 413500 2
1 2 4 4 413500 2
1 2 4 7 413500 2
1 2 3 6 413500 2
1 2 3 5 413500 2
1 2 2 6 413500 2
1 2 2 9 413500 2
1 2 2 3 413500 2
1 2 0 8 413500 2
1 2 5 4 413500 2
1 2 9 2 414000 2
1 2 9 1 414000 2
1 2 11 9 414000 2
1 2 11 2 414000 2
1 2 11 1 414000 2
1 2 12 6 414000 2
1 2 13 3 414000 2
1 2 14 3 414000 2
1 2 14 9 414000 2
1 2 14 3 414000 2
1 2 7 9 414000 2
1 2 7 3 414000 2
1 2 0 3 414000 2
1 2 0 1 414000 2
1 2 2 9 414000 2
1 2 3 5 414000 2
1 2 5 7 414000 2
1 2 6 6 414000 2
1 2 6 3 414000 2
1 2 3 6 414000 2
1 2 10 8 414500 2
1 2 15 5 414500 2
1 2 15 8 414500 2
1 2 15 7 414500 2
1 2 11 0 414500 2
1 2 11 2 414500 2
1 2 11 7 414500 2
1 2 9 7 414500 2
1 2 7 2 414500 2
1 2 6 4 414500 2
1 2 0 1 414500 2
1 2 3 4 414500 2
1 2 4 9 414500 2
1 2 4 1 414500 2
1 2 5 6 414500 2
1 2 5 0 414500 2
1 2 5 4 414500 2
1 2 5 0 414500 2
1 2 7 6 414500 2
1 2 5 1 415000 2
1 2 15 2 415000 2
1 2 15 8 415000 2
1 2 15 0 415000 2
1 2 14 9 415000 2
1 2 14 2 415000 2
1 2 14 1 415000 2
1 2 14 3 415000 2
1 2 13 4 415000 2
1 2 12 4 415000 2
1 2 9 6 415000 2
1 2 0 6 415000 2
1 2 2 6 415000 2
1 2 3 8 415000 2
1 2 4 5 415000 2
1 2 5 2 415000 2
1 2 6 3 415000 2
1 2 7 2 415000 2
1 2 9 7 415000 2
1 2 10 1 415000 2
1 2 15 3 415500 2
1 2 15 6 415500 2
1 2 15 7 415500 2
1 2 14 3 415500 2
1 2 13 4 415500 2
1 2 12 2 415500 2
1 2 11 7 415500 2
1 2 10 1 415500 2
1 2 10 9 415500 2
1 2 9 3 415500 2
1 2 8 2 415500 2
1 2 7 5 415500 2
1 2 7 9 415500 2
1 2 0 4 415500 2
1 2 2 1 415500 2
1 2 3 0 415500 2
1 2 4 1 415500 2
1 2 4 0 415500 2
1 2 5 0 415500 2
1 2 5 3 415500 2
1 2 6 6 415500 2
1 2 6 3 415500 2
1 2 5 3 415500 2
1 2 7 3 416000 2
1 2 9 2 416000 2
1 2 9 1 416000 2
1 2 11 9 416000 2
1 2 11 4 416000 2
1 2 12 8 416000 2
1 2 13 3 416000 2
1 2 14 8 416000 2
1 2 14 2 416000 2
1 2 15 2 416000 2
1 2 15 5 416000 2
1 2 6 9 416000 2
1 2 7 7 416000 2
1 2 0 4 416000 2
1 2 0 2 416000 2
1 2 2 1 416000 2
1 2 3 4 416000 2
1 2 3 6 416000 2
1 2 4 3 416000 2
1 2 4 2 416000 2
1 2 4 2 416000 2
1 2 6 4 416000 2
1 2 6 1 416000 2
1 2 7 1 416000 2
1 2 3 4 416500 2
1 2 15 6 416500 2
1 2 15 8 416500 2
1 2 14 0 416500 2
1 2 14 0 416500 2
1 2 14 2 416500 2
1 2 13 5 416500 2
1 2 13 3 416500 2
1 2 13 3 416500 2
1 2 9 0 416500 2
1 2 9 3 416500 2
1 2 9 5 416500 2
1 2 8 7 416500 2
1 2 7 7 416500 2
1 2 2 5 416500 2
1 2 2 0 416500 2
1 2 11 9 416500 2
1 2 11 6 417000 2
1 2 15 2 417000 2
1 2 15 0 417000 2
1 2 14 7 417000 2
1 2 12 6 417000 2
1 2 9 9 417000 2
1 2 2 8 417000 2
1 2 1 4 417000 2
1 2 1 5 417000 2
1 2 1 0 417000 2
1 2 1 2 417000 2
1 2 5 8 417000 2
1 2 9 1 417500 2
1 2 9 5 417500 2
1 2 10 2 417500 2
1 2 11 0 417500 2
1 2 12 9 417500 2
1 2 12 5 417500 2
1 2 13 8 417500 2
1 2 14 2 417500 2
1 2 14 2 417500 2
1 2 14 7 417500 2
1 2 2 9 417500 2
1 2 8 6 417500 2
1 2 9 3 417500 2
1 2 1 9 417500 2
1 2 0 9 417500 2
1 2 3 4 417500 2
1 2 5 9 417500 2
1 2 5 9 417500 2
1 2 6 0 417500 2
1 2 7 2 417500 2
1 2 8 9 417500 2
1 2 15 9 418000 2
1 2 14 9 418000 2
1 2 14 0 418000 2
1 2 13 2 418000 2
1 2 13 5 418000 2
1 2 13 9 418000 2
1 2 12 6 418000 2
1 2 10 5 418000 2
1 2 9 6 418000 2
1 2 8 1 418000 2
1 2 9 6 418000 2
1 2 1 7 418000 2
1 2 2 0 418000 2
1 2 3 0 418000 2
1 2 3 4 418000 2
1 2 4 8 418000 2
1 2 5 5 418000 2
1 2 6 1 418000 2
1 2 14 7 418500 2
1 2 13 4 418500 2
1 2 12 4 418500 2
1 2 9 0 418500 2
1 2 9 5 418500 2
1 2 7 9 418500 2
1 2 7 2 418500 2
1 2 7 7 418500 2
1 2 5 7 418500 2
1 2 5 9 418500 2
1 2 4 4 418500 2
1 2 4 0 418500 2
1 2 4 1 418500 2
1 2 4 4 418500 2
1 2 2 7 418500 2
1 2 1 9 418500 2
1 2 0 4 418500 2
1 2 5 5 418500 2
1 2 10 3 419000 2
1 2 11 1 419000 2
1 2 11 9 419000 2
1 2 11 1 419000 2
1 2 12 6 419000 2
1 2 12 4 419000 2
1 2 13 5 419000 2
1 2 13 4 419000 2
1 2 14 1 419000 2
1 2 8 1 419000 2
1 2 10 0 419000 2
1 2 2 9 419000 2
1 2 2 7 419000 2
1 2 3 4 419000 2
1 2 4 0 419000 2
1 2 5 6 419000 2
1 2 7 9 419000 2
1 2 7 2 419000 2
1 2 7 5 419500 2
1 2 15 4 419500 2
1 2 14 9 419500 2
1 2 13 2 419500 2
1 2 13 4 419500 2
1 2 12 6 419500 2
1 2 12 5 419500 2
1 2 9 4 419500 2
1 2 7 5 419500 2
1 2 4 2 419500 2
1 2 4 7 419500 2
1 2 3 9 419500 2
1 2 2 5 419500 2
1 2 2 3 419500 2
1 2 1 3 419500 2
1 2 0 0 419500 2
1 2 0 5 419500 2
1 2 8 9 420000 2
1 2 4 2 420000 2
1 2 9 3 420000 2
1 2 10 7 420000 2
1 2 11 3 420000 2
1 2 11 7 420000 2
1 2 12 2 420000 2
1 2 14 7 420000 2
1 2 14 8 420000 2
1 2 7 5 420000 2
1 2 6 7 420000 2
1 2 5 0 420000 2
1 2 5 8 420000 2
1 2 4 1 420000 2
1 2 2 9 420000 2
1 2 1 4 420000 2
1 2 0 7 420000 2
1 2 7 7 420000 2
1 2 9 3 420500 2
1 2 9 6 420500 2
1 2 12 5 420500 2
1 2 12 5 420500 2
1 2 13 6 420500 2
1 2 13 1 420500 2
1 2 14 5 420500 2
1 2 14 3 420500 2
1 2 14 2 420500 2
1 2 14 7 420500 2
1 2 15 0 420500 2
1 2 15 6 420500 2
1 2 15 3 420500 2
1 2 5 9 420500 2
1 2 8 7 420500 2
1 2 9 8 420500 2
1 2 2 5 420500 2
1 2 3 8 420500 2
1 2 3 7 420500 2
1 2 4 8 420500 2
1 2 4 3 420500 2
1 2 4 3 420500 2
1 2 5 4 420500 2
1 2 5 5 420500 2
1 2 1 2 420500 2
1 2 6 3 420500 2
1 2 6 9 420500 2
1 2 7 5 420500 2
1 2 12 5 421000 2
1 2 15 6 421000 2
1 2 12 6 421000 2
1 2 11 6 421000 2
1 2 11 0 421000 2
1 2 11 2 421000 2
1 2 11 0 421000 2
1 2 11 9 421000 2
1 2 11 0 421000 2
1 2 8 7 421000 2
1 2 7 7 421000 2
1 2 7 4 421000 2
1 2 0 3 421000 2
1 2 0 5 421000 2
1 2 0 8 421000 2
1 2 2 8 421000 2
1 2 2 6 421000 2
1 2 3 8 421000 2
1 2 4 7 421000 2
1 2 5 3 421000 2
1 2 7 8 421000 2
1 2 14 3 421500 2
1 2 13 5 421500 2
1 2 13 6 421500 2
1 2 13 3 421500 2
1 2 13 4 421500 2
1 2 12 5 421500 2
1 2 12 6 421500 2
1 2 11 8 421500 2
1 2 11 4 421500 2
1 2 11 5 421500 2
1 2 10 5 421500 2
1 2 9 4 421500 2
1 2 1 7 421500 2
1 2 3 1 421500 2
1 2 3 9 421500 2
1 2 5 5 421500 2
1 2 6 0 421500 2
1 2 6 1 421500 2
1 2 7 5 421500 2
1 2 7 7 421500 2
1 2 9 3 421500 2
1 2 11 6 421500 2
1 2 4 0 422000 2
1 2 15 6 422000 2
1 2 14 9 422000 2
1 2 14 5 422000 2
1 2 13 6 422000 2
1 2 13 9 422000 2
1 2 9 5 422000 2
1 2 8 2 422000 2
1 2 7 8 422000 2
1 2 7 5 422000 2
1 2 7 3 422000 2
1 2 1 8 422000 2
1 2 4 7 422000 2
1 2 1 4 422000 2
1 2 6 0 422000 2
1 2 6 3 422000 2
1 2 6 9 422000 2
1 2 14 0 422500 2
1 2 12 4 422500 2
1 2 11 3 422500 2
1 2 11 0 422500 2
1 2 10 0 422500 2
1 2 9 2 422500 2
1 2 9 6 422500 2
1 2 9 2 422500 2
1 2 7 1 422500 2
1 2 7 3 422500 2
1 2 2 9 422500 2
1 2 7 0 422500 2
1 2 1 9 422500 2
1 2 3 4 422500 2
1 2 4 4 422500 2
1 2 4 0 422500 2
1 2 5 5 422500 2
1 2 5 5 422500 2
1 2 5 9 422500 2
1 2 6 3 422500 2
1 2 6 2 422500 2
1 2 11 0 423000 2
1 2 15 2 423000 2
1 2 15 3 423000 2
1 2 15 0 423000 2
1 2 14 2 423000 2
1 2 13 2 423000 2
1 2 13 3 423000 2
1 2 13 4 423000 2
1 2 11 8 423000 2
1 2 11 3 423000 2
1 2 6 3 423000 2
1 2 6 4 423000 2
1 2 5 4 423000 2
1 2 3 4 423000 2
1 2 0 4 423000 2
1 2 11 4 423000 2
1 2 7 1 423500 2
1 2 7 9 423500 2
1 2 9 2 423500 2
1 2 11 9 423500 2
1 2 4 1 423500 2
1 2 11 7 423500 2
1 2 11 6 423500 2
1 2 13 9 423500 2
1 2 14 3 423500 2
1 2 14 8 423500 2
1 2 6 6 423500 2
1 2 5 6 423500 2
1 2 4 7 423500 2
1 2 3 7 423500 2
1 2 1 4 423500 2
1 2 0 3 423500 2
1 2 0 0 423500 2
1 2 0 7 423500 2
1 2 7 3 423500 2
1 2 11 4 424000 2
1 2 12 6 424000 2
1 2 11 3 424000 2
1 2 11 8 424000 2
1 2 11 2 424000 2
1 2 13 2 424000 2
1 2 14 5 424000 2
1 2 14 1 424000 2
1 2 15 6 424000 2
1 2 15 9 424000 2
1 2 15 9 424000 2
1 2 11 2 424000 2
1 2 11 3 424000 2
1 2 2 0 424000 2
1 2 3 4 424000 2
1 2 4 7 424000 2
1 2 7 0 424000 2
1 2 9 5 424000 2
1 2 9 9 424000 2
1 2 1 7 424000 2
1 2 9 2 424000 2
1 2 10 0 424000 2
1 2 10 0 424000 2
1 2 14 8 424500 2
1 2 12 8 424500 2
1 2 11 0 424500 2
1 2 8 7 424500 2
1 2 10 6 424500 2
1 2 9 6 424500 2
1 2 9 1 424500 2
1 2 5 2 424500 2
1 2 2 6 424500 2
1 2 2 4 424500 2
1 2 15 6 425000 2
1 2 13 5 425000 2
1 2 13 2 425000 2
1 2 11 6 425000 2
1 2 11 0 425000 2
1 2 11 1 425000 2
1 2 10 7 425000 2
1 2 10 8 425000 2
1 2 8 8 425000 2
1 2 8 3 425000 2
1 2 7 3 425000 2
1 2 7 5 425000 2
1 2 4 0 425000 2
1 2 3 5 425000 2
1 2 2 5 425000 2
1 2 9 5 425000 2
1 2 4 7 425500 2
1 2 14 9 425500 2
1 2 13 4 425500 2
1 2 11 4 425500 2
1 2 10 1 425500 2
1 2 5 0 425500 2
1 2 5 5 425500 2
1 2 4 6 425500 2
1 2 4 3 425500 2
1 2 3 8 425500 2
1 2 3 8 425500 2
1 2 2 9 425500 2
1 2 0 3 425500 2
1 2 12 6 426000 2
1 2 15 9 426000 2
1 2 15 3 426000 2
1 2 15 6 426000 2
1 2 15 5 426000 2
1 2 13 3 426000 2
1 2 11 0 426000 2
1 2 11 2 426000 2
1 2 10 7 426000 2
1 2 7 3 426000 2
1 2 5 3 426000 2
1 2 4 9 426000 2
1 2 2 6 426000 2
1 2 0 8 426000 2
1 2 0 2 426000 2
1 2 10 3 426000 2
1 2 12 1 426500 2
1 2 15 2 426500 2
1 2 13 9 426500 2
1 2 11 3 426500 2
1 2 7 2 426500 2
1 2 5 6 426500 2
1 2 4 6 426500 2
1 2 2 0 426500 2
1 2 0 3 426500 2
1 2 0 9 426500 2
1 2 7 5 426500 2
1 2 7 3 427000 2
1 2 15 3 427000 2
1 2 15 8 427000 2
1 2 13 3 427000 2
1 2 12 6 427000 2
1 2 7 3 427000 2
1 2 5 5 427000 2
1 2 3 8 427000 2
1 2 2 5 427000 2
1 2 14 5 427500 2
1 2 15 9 427500 2
1 2 15 0 427500 2
1 2 14 3 427500 2
1 2 11 3 427500 2
1 2 10 9 427500 2
1 2 9 9 427500 2
1 2 0 6 427500 2
1 2 8 5 427500 2
1 2 0 8 427500 2
1 2 11 3 427500 2
1 2 7 6 428000 2
1 2 15 5 428000 2
1 2 10 7 428000 2
1 2 9 3 428000 2
1 2 9 7 428000 2
1 2 7 5 428000 2
1 2 4 0 428000 2
1 2 3 0 428000 2
1 2 3 5 428000 2
1 2 2 5 428000 2
1 2 1 7 428000 2
1 2 0 9 428000 2
1 2 4 9 428500 2
1 2 15 9 428500 2
1 2 14 1 428500 2
1 2 14 3 428500 2
1 2 12 4 428500 2
1 2 12 8 428500 2
1 2 9 7 428500 2
1 2 9 5 428500 2
1 2 9 7 428500 2
1 2 8 7 428500 2
1 2 7 5 428500 2
1 2 7 2 428500 2
1 2 0 8 428500 2
1 2 0 9 429000 2
1 2 13 5 429000 2
1 2 13 6 429000 2
1 2 13 2 429000 2
1 2 11 5 429000 2
1 2 10 1 429000 2
1 2 9 3 429000 2
1 2 8 4 429000 2
1 2 7 9 429000 2
1 2 7 7 429000 2
1 2 5 2 429000 2
1 2 4 3 429000 2
1 2 3 8 429000 2
1 2 3 7 429000 2
1 2 0 4 429000 2
1 2 7 9 429000 2
1 2 4 8 429500 2
1 2 8 0 429500 2
1 2 8 5 429500 2
1 2 6 7 429500 2
1 2 5 5 429500 2
1 2 3 2 429500 2
1 2 3 5 429500 2
1 2 2 5 429500 2
1 2 2 8 429500 2
1 2 0 6 429500 2
1 2 4 0 430000 2
1 2 15 3 430000 2
1 2 14 8 430000 2
1 2 11 1 430000 2
1 2 11 8 430000 2
1 2 10 7 430000 2
1 2 9 1 430000 2
1 2 9 3 430000 2
1 2 7 5 430000 2
1 2 7 2 430000 2
1 2 5 5 430000 2
1 2 0 2 430000 2
1 2 3 4 430000 2
1 2 1 7 430000 2
1 2 8 7 430000 2
1 2 10 9 430500 2
1 2 14 8 430500 2
1 2 14 5 430500 2
1 2 12 6 430500 2
1 2 11 0 430500 2
1 2 10 7 430500 2
1 2 10 2 430500 2
1 2 8 6 430500 2
1 2 9 0 430500 2
1 2 6 7 430500 2
1 2 5 4 430500 2
1 2 4 5 430500 2
1 2 3 7 430500 2
1 2 3 4 430500 2
1 2 0 3 430500 2
1 2 9 6 431000 2
1 2 9 9 431000 2
1 2 10 5 431000 2
1 2 10 3 431000 2
1 2 10 7 431000 2
1 2 11 2 431000 2
1 2 13 5 431000 2
1 2 13 3 431000 2
1 2 14 4 431000 2
1 2 5 9 431000 2
1 2 8 9 431000 2
1 2 6 4 431000 2
1 2 6 2 431000 2
1 2 5 3 431000 2
1 2 4 6 431000 2
1 2 4 6 431000 2
1 2 2 5 431000 2
1 2 2 3 431000 2
1 2 8 7 431000 2
1 2 4 7 431500 2
1 2 15 5 431500 2
1 2 14 0 431500 2
1 2 14 4 431500 2
1 2 10 4 431500 2
1 2 10 5 431500 2
1 2 7 4 431500 2
1 2 7 1 431500 2
1 2 5 0 431500 2
1 2 4 6 431500 2
1 2 3 8 431500 2
1 2 6 9 432000 2
1 2 15 5 432000 2
1 2 10 1 432000 2
1 2 10 7 432000 2
1 2 3 7 432000 2
1 2 2 9 432000 2
1 2 11 4 432500 2
1 2 15 7 432500 2
1 2 15 2 432500 2
1 2 15 2 432500 2
1 2 14 7 432500 2
1 2 12 9 432500 2
1 2 12 8 432500 2
1 2 11 1 432500 2
1 2 10 6 432500 2
1 2 8 6 432500 2
1 2 7 8 432500 2
1 2 0 4 432500 2
1 2 0 5 432500 2
1 2 2 8 432500 2
1 2 2 6 432500 2
1 2 3 1 432500 2
1 2 4 2 432500 2
1 2 5 9 432500 2
1 2 5 6 432500 2
1 2 8 6 432500 2
1 2 10 6 433000 2
1 2 15 0 433000 2
1 2 15 6 433000 2
1 2 15 2 433000 2
1 2 13 6 433000 2
1 2 12 4 433000 2
1 2 11 6 433000 2
1 2 11 2 433000 2
1 2 10 7 433000 2
1 2 5 1 433000 2
1 2 5 8 433000 2
1 2 4 5 433000 2
1 2 0 8 433000 2
1 2 10 5 433500 2
1 2 15 0 433500 2
1 2 15 5 433500 2
1 2 15 2 433500 2
1 2 13 3 433500 2
1 2 13 4 433500 2
1 2 13 8 433500 2
1 2 12 2 433500 2
1 2 12 8 433500 2
1 2 11 6 433500 2
1 2 9 4 433500 2
1 2 8 6 433500 2
1 2 8 8 433500 2
1 2 5 5 433500 2
1 2 3 6 433500 2
1 2 2 6 433500 2
1 2 11 2 434000 2
1 2 15 2 434000 2
1 2 15 7 434000 2
1 2 10 5 434000 2
1 2 9 6 434000 2
1 2 8 0 434000 2
1 2 7 1 434000 2
1 2 7 8 434000 2
1 2 4 8 434000 2
1 2 10 4 434500 2
1 2 15 2 434500 2
1 2 15 6 434500 2
1 2 15 6 434500 2
1 2 12 8 434500 2
1 2 12 8 434500 2
1 2 11 8 434500 2
1 2 10 7 434500 2
1 2 8 4 434500 2
1 2 0 4 434500 2
1 2 3 3 434500 2
1 2 4 6 434500 2
1 2 6 9 434500 2
1 2 7 9 434500 2
1 2 7 5 434500 2
1 2 7 8 434500 2
1 2 8 7 434500 2
1 2 7 7 435000 2
1 2 15 8 435000 2
1 2 15 2 435000 2
1 2 15 2 435000 2
1 2 14 9 435000 2
1 2 13 6 435000 2
1 2 12 6 435000 2
1 2 9 7 435000 2
1 2 8 3 435000 2
1 2 7 4 435000 2
1 2 2 6 435000 2
1 2 6 5 435000 2
1 2 5 5 435000 2
1 2 4 1 435000 2
1 2 4 2 435000 2
1 2 3 2 435000 2
1 2 7 1 435000 2
1 2 6 9 435500 2
1 2 15 0 435500 2
1 2 15 2 435500 2
1 2 15 8 435500 2
1 2 15 2 435500 2
1 2 12 3 435500 2
1 2 11 4 435500 2
1 2 11 4 435500 2
1 2 8 0 435500 2
1 2 8 6 435500 2
1 2 8 0 435500 2
1 2 3 3 435500 2
1 2 3 4 435500 2
1 2 3 1 435500 2
1 2 0 4 435500 2
1 2 12 6 436000 2
1 2 12 4 436000 2
1 2 11 6 436000 2
1 2 10 7 436000 2
1 2 14 8 436000 2
1 2 14 7 436000 2
1 2 15 0 436000 2
1 2 15 8 436000 2
1 2 10 6 436000 2
1 2 8 7 436000 2
1 2 9 0 436000 2
1 2 0 4 436000 2
1 2 0 3 436000 2
1 2 0 3 436000 2
1 2 4 0 436000 2
1 2 5 9 436000 2
1 2 6 6 436000 2
1 2 8 7 436000 2
1 2 8 1 436000 2
1 2 15 7 436500 2
1 2 15 5 436500 2
1 2 14 0 436500 2
1 2 14 8 436500 2
1 2 13 6 436500 2
1 2 13 6 436500 2
1 2 12 6 436500 2
1 2 12 6 436500 2
1 2 10 3 436500 2
1 2 0 8 436500 2
1 2 8 7 436500 2
1 2 2 0 436500 2
1 2 4 2 436500 2
1 2 4 8 436500 2
1 2 5 9 436500 2
1 2 6 0 436500 2
1 2 7 3 436500 2
1 2 8 7 436500 2
1 2 8 0 436500 2
1 2 8 7 437000 2
1 2 15 6 437000 2
1 2 15 9 437000 2
1 2 15 6 437000 2
1 2 12 2 437000 2
1 2 12 6 437000 2
1 2 10 1 437000 2
1 2 10 7 437000 2
1 2 8 6 437000 2
1 2 7 1 437000 2
1 2 7 3 437000 2
1 2 6 3 437000 2
1 2 4 0 437000 2
1 2 3 6 437000 2
1 2 0 3 437000 2
1 2 0 6 437000 2
1 2 8 1 437000 2
1 2 9 7 437500 2
1 2 10 4 437500 2
1 2 10 5 437500 2
1 2 12 8 437500 2
1 2 13 4 437500 2
1 2 13 8 437500 2
1 2 14 6 437500 2
1 2 14 8 437500 2
1 2 15 9 437500 2
1 2 13 3 437500 2
1 2 8 3 437500 2
1 2 9 5 437500 2
1 2 0 8 437500 2
1 2 3 0 437500 2
1 2 4 1 437500 2
1 2 0 3 437500 2
1 2 4 1 437500 2
1 2 5 5 437500 2
1 2 7 7 437500 2
1 2 7 1 437500 2
1 2 8 7 437500 2
1 2 8 7 438000 2
1 2 15 9 438000 2
1 2 14 8 438000 2
1 2 12 8 438000 2
1 2 11 6 438000 2
1 2 8 7 438000 2
1 2 6 8 438000 2
1 2 6 0 438000 2
1 2 5 9 438000 2
1 2 1 7 438000 2
1 2 0 2 438000 2
1 2 10 6 438500 2
1 2 15 8 438500 2
1 2 15 6 438500 2
1 2 15 0 438500 2
1 2 14 8 438500 2
1 2 13 8 438500 2
1 2 12 6 438500 2
1 2 12 2 438500 2
1 2 10 1 438500 2
1 2 10 0 438500 2
1 2 10 5 438500 2
1 2 0 5 438500 2
1 2 8 6 438500 2
1 2 0 8 438500 2
1 2 0 1 438500 2
1 2 3 6 438500 2
1 2 3 0 438500 2
1 2 4 8 438500 2
1 2 5 7 438500 2
1 2 7 8 438500 2
1 2 7 3 438500 2
1 2 8 4 438500 2
1 2 5 0 439000 2
1 2 15 6 439000 2
1 2 12 6 439000 2
1 2 12 8 439000 2
1 2 11 6 439000 2
1 2 10 1 439000 2
1 2 10 7 439000 2
1 2 9 2 439000 2
1 2 8 1 439000 2
1 2 5 6 439000 2
1 2 4 6 439000 2
1 2 4 1 439000 2
1 2 4 3 439000 2
1 2 4 2 439000 2
1 2 3 5 439000 2
1 2 3 2 439000 2
1 2 2 2 439000 2
1 2 6 5 439000 2
1 2 10 5 439500 2
1 2 10 9 439500 2
1 2 10 5 439500 2
1 2 11 0 439500 2
1 2 4 8 439500 2
1 2 11 8 439500 2
1 2 12 6 439500 2
1 2 12 4 439500 2
1 2 15 8 439500 2
1 2 8 1 439500 2
1 2 8 6 439500 2
1 2 7 3 439500 2
1 2 5 3 439500 2
1 2 4 1 439500 2
1 2 2 4 439500 2
1 2 2 2 439500 2
1 2 1 7 439500 2
1 2 8 7 439500 2
1 2 9 9 440000 2
1 2 15 6 440000 2
1 2 10 8 440000 2
1 2 11 8 440000 2
1 2 12 6 440000 2
1 2 12 5 440000 2
1 2 12 6 440000 2
1 2 13 8 440000 2
1 2 14 4 440000 2
1 2 14 8 440000 2
1 2 15 8 440000 2
1 2 15 2 440000 2
1 2 15 2 440000 2
1 2 0 8 440000 2
1 2 8 1 440000 2
1 2 0 4 440000 2
1 2 2 4 440000 2
1 2 3 8 440000 2
1 2 3 5 440000 2
1 2 3 5 440000 2
1 2 5 8 440000 2
1 2 8 0 440000 2
1 2 7 6 440000 2
1 2 6 6 440000 2
1 2 6 8 440000 2
1 2 5 8 440000 2
1 2 4 8 440000 2
1 2 8 7 440500 2
1 2 14 3 440500 2
1 2 12 6 440500 2
1 2 12 6 440500 2
1 2 11 5 440500 2
1 2 11 8 440500 2
1 2 11 1 440500 2
1 2 9 6 440500 2
1 2 9 8 440500 2
1 2 9 6 440500 2
1 2 8 0 440500 2
1 2 7 9 440500 2
1 2 7 2 440500 2
1 2 4 6 440500 2
1 2 4 3 440500 2
1 2 3 7 440500 2
1 2 3 5 440500 2
1 2 3 0 440500 2
1 2 2 4 440500 2
1 2 0 2 440500 2
1 2 8 7 440500 2
1 2 11 9 441000 2
1 2 11 4 441000 2
1 2 11 4 441000 2
1 2 12 5 441000 2
1 2 12 6 441000 2
1 2 13 2 441000 2
1 2 14 5 441000 2
1 2 14 2 441000 2
1 2 14 8 441000 2
1 2 15 0 441000 2
1 2 15 0 441000 2
1 2 0 6 441000 2
1 2 15 3 441000 2
1 2 8 2 441000 2
1 2 9 0 441000 2
1 2 0 5 441000 2
1 2 2 8 441000 2
1 2 2 0 441000 2
1 2 3 4 441000 2
1 2 3 1 441000 2
1 2 6 8 441000 2
1 2 6 4 441000 2
1 2 7 0 441000 2
1 2 8 7 441000 2
1 2 3 4 441000 2
1 2 10 6 441500 2
1 2 11 8 441500 2
1 2 11 0 441500 2
1 2 11 8 441500 2
1 2 11 1 441500 2
1 2 12 6 441500 2
1 2 12 8 441500 2
1 2 13 4 441500 2
1 2 14 8 441500 2
1 2 15 5 441500 2
1 2 15 9 441500 2
1 2 15 6 441500 2
1 2 10 6 441500 2
1 2 2 9 441500 2
1 2 3 9 441500 2
1 2 4 7 441500 2
1 2 4 7 441500 2
1 2 4 4 441500 2
1 2 5 9 441500 2
1 2 7 6 441500 2
1 2 8 9 441500 2
1 2 8 0 441500 2
1 2 11 9 441500 2
1 2 5 9 441500 2
1 2 8 9 442000 2
1 2 9 2 442000 2
1 2 11 0 442000 2
1 2 11 8 442000 2
1 2 12 8 442000 2
1 2 13 6 442000 2
1 2 14 6 442000 2
1 2 14 0 442000 2
1 2 15 6 442000 2
1 2 15 0 442000 2
1 2 3 6 442000 2
1 2 6 3 442000 2
1 2 7 8 442000 2
1 2 2 5 442000 2
1 2 2 2 442000 2
1 2 2 5 442000 2
1 2 1 9 442000 2
1 2 3 7 442000 2
1 2 3 8 442000 2
1 2 5 9 442000 2
1 2 5 7 442000 2
1 2 9 1 442500 2
1 2 13 0 442500 2
1 2 11 0 442500 2
1 2 11 3 442500 2
1 2 10 3 442500 2
1 2 10 8 442500 2
1 2 10 7 442500 2
1 2 6 7 442500 2
1 2 6 3 442500 2
1 2 4 7 442500 2
1 2 3 8 442500 2
1 2 2 5 442500 2
1 2 1 8 442500 2
1 2 0 8 442500 2
1 2 7 0 442500 2
1 2 15 3 443000 2
1 2 7 5 443000 2
1 2 8 1 443000 2
1 2 9 3 443000 2
1 2 10 4 443000 2
1 2 11 2 443000 2
1 2 11 4 443000 2
1 2 13 6 443000 2
1 2 14 0 443000 2
1 2 15 2 443000 2
1 2 15 3 443000 2
1 2 2 4 443000 2
1 2 7 3 443000 2
1 2 0 3 443000 2
1 2 0 8 443000 2
1 2 0 8 443000 2
1 2 2 8 443000 2
1 2 2 9 443000 2
1 2 4 8 443000 2
1 2 5 9 443000 2
1 2 6 7 443000 2
1 2 7 5 443000 2
1 2 7 7 443000 2
1 2 4 7 443000 2
1 2 14 2 443500 2
1 2 10 0 443500 2
1 2 10 6 443500 2
1 2 10 3 443500 2
1 2 11 0 443500 2
1 2 11 9 443500 2
1 2 11 3 443500 2
1 2 11 1 443500 2
1 2 12 6 443500 2
1 2 15 9 443500 2
1 2 5 4 443500 2
1 2 4 6 443500 2
1 2 9 6 443500 2
1 2 0 3 443500 2
1 2 5 2 443500 2
1 2 6 7 443500 2
1 2 6 9 443500 2
1 2 6 9 443500 2
1 2 7 3 443500 2
1 2 8 5 443500 2
1 2 9 8 443500 2
1 2 9 3 443500 2
1 2 9 6 444000 2
1 2 15 2 444000 2
1 2 13 2 444000 2
1 2 12 6 444000 2
1 2 11 3 444000 2
1 2 11 2 444000 2
1 2 11 9 444000 2
1 2 10 6 444000 2
1 2 10 0 444000 2
1 2 7 3 444000 2
1 2 7 7 444000 2
1 2 6 9 444000 2
1 2 6 6 444000 2
1 2 5 9 444000 2
1 2 5 8 444000 2
1 2 2 7 444000 2
1 2 2 8 444000 2
1 2 0 6 444000 2
1 2 9 4 444000 2
1 2 10 4 444500 2
1 2 11 9 444500 2
1 2 11 7 444500 2
1 2 11 1 444500 2
1 2 12 6 444500 2
1 2 13 8 444500 2
1 2 13 2 444500 2
1 2 14 1 444500 2
1 2 14 8 444500 2
1 2 15 5 444500 2
1 2 15 1 444500 2
1 2 15 0 444500 2
1 2 9 0 444500 2
1 2 10 8 444500 2
1 2 0 5 444500 2
1 2 2 5 444500 2
1 2 2 5 444500 2
1 2 2 5 444500 2
1 2 4 4 444500 2
1 2 4 0 444500 2
1 2 5 8 444500 2
1 2 6 8 444500 2
1 2 7 3 444500 2
1 2 7 0 444500 2
1 2 3 7 445000 2
1 2 15 9 445000 2
1 2 15 3 445000 2
1 2 14 8 445000 2
1 2 13 4 445000 2
1 2 11 3 445000 2
1 2 11 5 445000 2
1 2 11 8 445000 2
1 2 11 2 445000 2
1 2 6 7 445000 2
1 2 6 8 445000 2
1 2 3 8 445000 2
1 2 3 8 445000 2
1 2 2 5 445000 2
1 2 2 8 445000 2
1 2 0 2 445000 2
1 2 0 4 445000 2
1 2 4 4 445500 2
1 2 15 2 445500 2
1 2 15 9 445500 2
1 2 15 3 445500 2
1 2 15 8 445500 2
1 2 14 5 445500 2
1 2 14 7 445500 2
1 2 11 1 445500 2
1 2 7 4 445500 2
1 2 0 4 445500 2
1 2 4 6 445500 2
1 2 3 3 445500 2
1 2 3 2 445500 2
1 2 2 5 445500 2
1 2 11 0 445500 2
1 2 8 5 446000 2
1 2 12 5 446000 2
1 2 11 9 446000 2
1 2 11 6 446000 2
1 2 11 2 446000 2
1 2 8 9 446000 2
1 2 8 7 446000 2
1 2 7 4 446000 2
1 2 7 0 446000 2
1 2 7 6 446000 2
1 2 4 1 446000 2
1 2 3 0 446000 2
1 2 2 5 446000 2
1 2 1 0 446000 2
1 2 0 4 446000 2
1 2 7 8 446000 2
1 2 9 0 446500 2
1 2 9 2 446500 2
1 2 11 4 446500 2
1 2 11 0 446500 2
1 2 14 8 446500 2
1 2 14 3 446500 2
1 2 2 5 446500 2
1 2 15 2 446500 2
1 2 15 9 446500 2
1 2 9 4 446500 2
1 2 9 0 446500 2
1 2 0 8 446500 2
1 2 1 0 446500 2
1 2 3 5 446500 2
1 2 3 9 446500 2
1 2 3 4 446500 2
1 2 6 8 446500 2
1 2 9 5 447000 2
1 2 15 6 447000 2
1 2 14 8 447000 2
1 2 14 6 447000 2
1 2 11 3 447000 2
1 2 11 3 447000 2
1 2 11 4 447000 2
1 2 10 0 447000 2
1 2 9 6 447000 2
1 2 9 3 447000 2
1 2 0 4 447000 2
1 2 1 2 447000 2
1 2 4 9 447000 2
1 2 5 2 447000 2
1 2 7 5 447000 2
1 2 7 9 447000 2
1 2 8 7 447000 2
1 2 9 4 447000 2
1 2 15 0 447500 2
1 2 0 8 447500 2
1 2 14 7 447500 2
1 2 11 9 447500 2
1 2 10 7 447500 2
1 2 9 2 447500 2
1 2 9 2 447500 2
1 2 7 0 447500 2
1 2 6 3 447500 2
1 2 6 1 447500 2
1 2 6 8 447500 2
1 2 4 3 447500 2
1 2 2 7 447500 2
1 2 0 3 447500 2
1 2 0 3 447500 2
1 2 6 7 447500 2
1 2 10 6 448000 2
1 2 10 6 448000 2
1 2 11 2 448000 2
1 2 12 6 448000 2
1 2 13 5 448000 2
1 2 14 5 448000 2
1 2 14 3 448000 2
1 2 14 1 448000 2
1 2 15 0 448000 2
1 2 15 6 448000 2
1 2 15 2 448000 2
1 2 15 9 448000 2
1 2 14 7 448000 2
1 2 9 2 448000 2
1 2 10 8 448000 2
1 2 1 8 448000 2
1 2 2 2 448000 2
1 2 2 6 448000 2
1 2 2 5 448000 2
1 2 4 6 448000 2
1 2 4 6 448000 2
1 2 6 7 448000 2
1 2 8 7 448000 2
1 2 8 9 448000 2
1 2 8 7 448000 2
1 2 9 6 448000 2
1 2 0 6 448000 2
1 2 8 6 448500 2
1 2 9 3 448500 2
1 2 10 4 448500 2
1 2 11 5 448500 2
1 2 11 0 448500 2
1 2 11 9 448500 2
1 2 11 0 448500 2
1 2 11 6 448500 2
1 2 11 5 448500 2
1 2 12 8 448500 2
1 2 12 9 448500 2
1 2 13 4 448500 2
1 2 14 0 448500 2
1 2 15 0 448500 2
1 2 7 5 448500 2
1 2 8 6 448500 2
1 2 0 3 448500 2
1 2 0 6 448500 2
1 2 2 8 448500 2
1 2 2 3 448500 2
1 2 2 2 448500 2
1 2 3 8 448500 2
1 2 4 9 448500 2
1 2 4 9 448500 2
1 2 5 9 448500 2
1 2 6 2 448500 2
1 2 6 8 448500 2
1 2 6 9 448500 2
1 2 4 4 448500 2
1 2 8 2 448500 2
1 2 8 2 449000 2
1 2 8 4 449000 2
1 2 9 4 449000 2
1 2 10 6 449000 2
1 2 12 6 449000 2
1 2 13 5 449000 2
1 2 14 9 449000 2
1 2 14 8 449000 2
1 2 15 6 449000 2
1 2 12 6 449000 2
1 2 6 3 449000 2
1 2 6 3 449000 2
1 2 1 4 449000 2
1 2 2 5 449000 2
1 2 2 2 449000 2
1 2 3 8 449000 2
1 2 1 0 449000 2
1 2 3 2 449000 2
1 2 4 6 449000 2
1 2 5 4 449000 2
1 2 10 4 449500 2
1 2 15 3 449500 2
1 2 14 3 449500 2
1 2 13 9 449500 2
1 2 12 2 449500 2
1 2 12 4 449500 2
1 2 11 4 449500 2
1 2 11 4 449500 2
1 2 10 8 449500 2
1 2 8 7 449500 2
1 2 8 4 449500 2
1 2 7 7 449500 2
1 2 7 8 449500 2
1 2 6 3 449500 2
1 2 6 9 449500 2
1 2 4 2 449500 2
1 2 3 8 449500 2
1 2 1 1 449500 2
1 2 0 5 449500 2
1 2 8 3 450000 2
1 2 10 3 450000 2
1 2 10 1 450000 2
1 2 11 1 450000 2
1 2 11 9 450000 2
1 2 12 2 450000 2
1 2 13 8 450000 2
1 2 13 8 450000 2
1 2 14 9 450000 2
1 2 14 7 450000 2
1 2 14 0 450000 2
1 2 15 2 450000 2
1 2 3 4 450000 2
1 2 8 7 450000 2
1 2 0 3 450000 2
1 2 2 0 450000 2
1 2 2 6 450000 2
1 2 3 2 450000 2
1 2 4 7 450000 2
1 2 5 4 450000 2
1 2 5 2 450000 2
1 2 6 9 450000 2
1 2 6 3 450000 2
1 2 7 8 450000 2
1 2 8 4 450000 2
1 2 8 2 450000 2
1 2 15 3 450500 2
1 2 15 4 450500 2
1 2 15 6 450500 2
1 2 15 8 450500 2
1 2 14 3 450500 2
1 2 12 6 450500 2
1 2 12 2 450500 2
1 2 11 6 450500 2
1 2 8 9 450500 2
1 2 7 8 450500 2
1 2 8 9 450500 2
1 2 0 3 450500 2
1 2 2 5 450500 2
1 2 3 4 450500 2
1 2 3 8 450500 2
1 2 3 8 450500 2
1 2 3 4 450500 2
1 2 7 7 450500 2
1 2 7 7 450500 2
1 2 6 0 451000 2
1 2 15 2 451000 2
1 2 14 2 451000 2
1 2 12 5 451000 2
1 2 11 7 451000 2
1 2 11 0 451000 2
1 2 8 7 451000 2
1 2 8 6 451000 2
1 2 7 9 451000 2
1 2 6 1 451000 2
1 2 1 8 451000 2
1 2 2 0 451000 2
1 2 2 5 451000 2
1 2 2 6 451000 2
1 2 4 6 451000 2
1 2 5 7 451000 2
1 2 6 4 451000 2
1 2 0 4 451500 2
1 2 15 2 451500 2
1 2 15 9 451500 2
1 2 13 5 451500 2
1 2 13 4 451500 2
1 2 12 1 451500 2
1 2 12 9 451500 2
1 2 11 4 451500 2
1 2 10 3 451500 2
1 2 8 3 451500 2
1 2 7 5 451500 2
1 2 6 4 451500 2
1 2 5 9 451500 2
1 2 4 6 451500 2
1 2 2 2 451500 2
1 2 2 9 451500 2
1 2 8 2 451500 2
1 2 12 2 452000 2
1 2 12 6 452000 2
1 2 12 5 452000 2
1 2 12 8 452000 2
1 2 14 2 452000 2
1 2 14 3 452000 2
1 2 14 9 452000 2
1 2 14 0 452000 2
1 2 15 0 452000 2
1 2 15 6 452000 2
1 2 15 5 452000 2
1 2 9 8 452000 2
1 2 11 0 452000 2
1 2 3 5 452000 2
1 2 3 8 452000 2
1 2 3 2 452000 2
1 2 4 6 452000 2
1 2 8 0 452000 2
1 2 8 2 452000 2
1 2 8 3 452000 2
1 2 8 4 452000 2
1 2 9 3 452000 2
1 2 9 0 452000 2
1 2 15 9 452500 2
1 2 15 0 452500 2
1 2 14 3 452500 2
1 2 14 4 452500 2
1 2 14 4 452500 2
1 2 13 2 452500 2
1 2 12 5 452500 2
1 2 11 0 452500 2
1 2 10 8 452500 2
1 2 9 7 452500 2
1 2 9 4 452500 2
1 2 8 2 452500 2
1 2 8 7 452500 2
1 2 2 8 452500 2
1 2 2 6 452500 2
1 2 3 4 452500 2
1 2 3 4 452500 2
1 2 4 1 452500 2
1 2 5 3 452500 2
1 2 8 6 452500 2
1 2 8 9 452500 2
1 2 8 9 452500 2
1 2 15 6 453000 2
1 2 15 4 453000 2
1 2 15 6 453000 2
1 2 14 9 453000 2
1 2 13 5 453000 2
1 2 13 5 453000 2
1 2 12 4 453000 2
1 2 12 1 453000 2
1 2 12 2 453000 2
1 2 11 3 453000 2
1 2 9 7 453000 2
1 2 8 7 453000 2
1 2 8 4 453000 2
1 2 7 4 453000 2
1 2 7 5 453000 2
1 2 6 3 453000 2
1 2 5 4 453000 2
1 2 4 7 453000 2
1 2 3 6 453000 2
1 2 11 8 453000 2
1 2 8 4 453500 2
1 2 8 2 453500 2
1 2 8 7 453500 2
1 2 9 2 453500 2
1 2 9 3 453500 2
1 2 9 5 453500 2
1 2 11 8 453500 2
1 2 11 0 453500 2
1 2 11 9 453500 2
1 2 12 8 453500 2
1 2 13 5 453500 2
1 2 14 3 453500 2
1 2 15 5 453500 2
1 2 8 9 453500 2
1 2 8 2 453500 2
1 2 1 4 453500 2
1 2 1 4 453500 2
1 2 2 8 453500 2
1 2 2 5 453500 2
1 2 3 4 453500 2
1 2 4 4 453500 2
1 2 5 5 453500 2
1 2 6 2 453500 2
1 2 7 8 453500 2
1 2 7 4 453500 2
1 2 7 4 453500 2
1 2 8 4 453500 2
1 2 8 9 454000 2
1 2 15 4 454000 2
1 2 13 6 454000 2
1 2 13 6 454000 2
1 2 13 8 454000 2
1 2 12 6 454000 2
1 2 12 9 454000 2
1 2 11 1 454000 2
1 2 11 9 454000 2
1 2 11 0 454000 2
1 2 8 8 454000 2
1 2 2 9 454000 2
1 2 2 6 454000 2
1 2 3 8 454000 2
1 2 4 7 454000 2
1 2 4 7 454000 2
1 2 5 4 454000 2
1 2 5 3 454000 2
1 2 7 6 454000 2
1 2 8 7 454000 2
1 2 2 7 454500 2
1 2 15 9 454500 2
1 2 14 0 454500 2
1 2 13 6 454500 2
1 2 13 3 454500 2
1 2 12 6 454500 2
1 2 12 8 454500 2
1 2 12 6 454500 2
1 2 12 2 454500 2
1 2 11 6 454500 2
1 2 11 9 454500 2
1 2 8 4 454500 2
1 2 9 1 454500 2
1 2 3 5 454500 2
1 2 4 6 454500 2
1 2 5 9 454500 2
1 2 5 5 454500 2
1 2 6 6 454500 2
1 2 7 5 454500 2
1 2 7 6 454500 2
1 2 7 8 454500 2
1 2 8 6 454500 2
1 2 8 2 455000 2
1 2 11 8 455000 2
1 2 11 4 455000 2
1 2 11 3 455000 2
1 2 11 7 455000 2
1 2 11 8 455000 2
1 2 13 7 455000 2
1 2 13 4 455000 2
1 2 13 1 455000 2
1 2 14 5 455000 2
1 2 15 4 455000 2
1 2 15 6 455000 2
1 2 0 3 455000 2
1 2 3 7 455000 2
1 2 8 9 455000 2
1 2 1 5 455000 2
1 2 3 4 455000 2
1 2 4 5 455000 2
1 2 6 4 455000 2
1 2 6 8 455000 2
1 2 7 3 455000 2
1 2 7 9 455000 2
1 2 7 2 455000 2
1 2 8 0 455000 2
1 2 8 9 455000 2
1 2 8 7 455500 2
1 2 13 6 455500 2
1 2 13 3 455500 2
1 2 13 3 455500 2
1 2 12 6 455500 2
1 2 11 3 455500 2
1 2 11 3 455500 2
1 2 9 3 455500 2
1 2 9 5 455500 2
1 2 7 5 455500 2
1 2 5 4 455500 2
1 2 4 7 455500 2
1 2 3 4 455500 2
1 2 3 7 455500 2
1 2 2 0 455500 2
1 2 2 7 455500 2
1 2 1 5 455500 2
1 2 7 4 455500 2
1 2 8 4 456000 2
1 2 8 9 456000 2
1 2 8 0 456000 2
1 2 9 4 456000 2
1 2 9 5 456000 2
1 2 11 9 456000 2
1 2 11 4 456000 2
1 2 12 1 456000 2
1 2 13 6 456000 2
1 2 14 5 456000 2
1 2 14 7 456000 2
1 2 14 0 456000 2
1 2 10 4 456000 2
1 2 8 0 456000 2
1 2 8 4 456000 2
1 2 2 2 456000 2
1 2 3 4 456000 2
1 2 3 2 456000 2
1 2 4 5 456000 2
1 2 4 2 456000 2
1 2 4 6 456000 2
1 2 0 5 456000 2
1 2 6 1 456000 2
1 2 7 5 456000 2
1 2 7 4 456000 2
1 2 8 9 456000 2
1 2 5 0 456000 2
1 2 10 0 456500 2
1 2 15 5 456500 2
1 2 15 4 456500 2
1 2 14 4 456500 2
1 2 11 2 456500 2
1 2 10 4 456500 2
1 2 7 3 456500 2
1 2 7 1 456500 2
1 2 6 1 456500 2
1 2 6 5 456500 2
1 2 6 7 456500 2
1 2 5 1 456500 2
1 2 5 4 456500 2
1 2 3 7 456500 2
1 2 6 8 457000 2
1 2 15 8 457000 2
1 2 14 8 457000 2
1 2 14 9 457000 2
1 2 14 2 457000 2
1 2 12 2 457000 2
1 2 11 0 457000 2
1 2 9 0 457000 2
1 2 8 7 457000 2
1 2 5 3 457000 2
1 2 5 8 457000 2
1 2 4 1 457000 2
1 2 4 3 457000 2
1 2 3 7 457000 2
1 2 1 7 457000 2
1 2 0 2 457000 2
1 2 6 4 457000 2
1 2 8 1 457500 2
1 2 15 7 457500 2
1 2 14 4 457500 2
1 2 14 1 457500 2
1 2 14 9 457500 2
1 2 11 4 457500 2
1 2 10 7 457500 2
1 2 8 3 457500 2
1 2 6 3 457500 2
1 2 5 0 457500 2
1 2 1 3 457500 2
1 2 0 2 457500 2
1 2 0 2 457500 2
1 2 15 6 458000 2
1 2 14 1 458000 2
1 2 13 4 458000 2
1 2 11 7 458000 2
1 2 9 6 458000 2
1 2 8 0 458000 2
1 2 10 5 458000 2
1 2 0 1 458000 2
1 2 3 4 458000 2
1 2 3 3 458000 2
1 2 6 0 458500 2
1 2 15 1 458500 2
1 2 14 2 458500 2
1 2 13 1 458500 2
1 2 12 2 458500 2
1 2 10 9 458500 2
1 2 7 8 458500 2
1 2 7 5 458500 2
1 2 6 3 458500 2
1 2 6 8 458500 2
1 2 5 7 458500 2
1 2 5 3 458500 2
1 2 4 3 458500 2
1 2 4 8 458500 2
1 2 3 4 458500 2
1 2 3 7 458500 2
1 2 2 3 458500 2
1 2 1 4 458500 2
1 2 0 5 458500 2
1 2 0 7 458500 2
1 2 15 8 459000 2
1 2 14 8 459000 2
1 2 14 4 459000 2
1 2 13 8 459000 2
1 2 13 4 459000 2
1 2 10 9 459000 2
1 2 6 4 459000 2
1 2 5 9 459000 2
1 2 4 1 459000 2
1 2 3 3 459000 2
1 2 0 8 459000 2
1 2 6 2 459000 2
1 2 7 1 459500 2
1 2 15 0 459500 2
1 2 15 7 459500 2
1 2 15 1 459500 2
1 2 14 8 459500 2
1 2 14 0 459500 2
1 2 13 2 459500 2
1 2 12 3 459500 2
1 2 10 7 459500 2
1 2 10 4 459500 2
1 2 10 9 459500 2
1 2 7 8 459500 2
1 2 7 6 459500 2
1 2 7 1 459500 2
1 2 6 8 459500 2
1 2 5 4 459500 2
1 2 5 7 459500 2
1 2 3 5 459500 2
1 2 0 5 459500 2
1 2 0 5 459500 2
1 2 14 1 460000 2
1 2 13 5 460000 2
1 2 13 2 460000 2
1 2 12 8 460000 2
1 2 10 0 460000 2
1 2 6 3 460000 2
1 2 3 0 460000 2
1 2 2 5 460000 2
1 2 0 6 460000 2
1 2 0 4 460000 2
1 2 8 1 460000 2
1 2 6 7 460500 2
1 2 12 8 460500 2
1 2 11 7 460500 2
1 2 10 9 460500 2
1 2 8 7 460500 2
1 2 7 4 460500 2
1 2 6 9 460500 2
1 2 6 3 460500 2
1 2 5 0 460500 2
1 2 5 9 460500 2
1 2 4 0 460500 2
1 2 3 1 460500 2
1 2 0 3 460500 2
1 2 0 1 460500 2
1 2 13 9 461000 2
1 2 15 3 461000 2
1 2 15 7 461000 2
1 2 14 4 461000 2
1 2 13 9 461000 2
1 2 11 0 461000 2
1 2 11 0 461000 2
1 2 10 9 461000 2
1 2 10 7 461000 2
1 2 8 1 461000 2
1 2 7 4 461000 2
1 2 7 0 461000 2
1 2 5 3 461000 2
1 2 0 3 461000 2
1 2 0 9 461000 2
1 2 0 2 461000 2
1 2 0 7 461000 2
1 2 8 7 461000 2
1 2 4 3 461500 2
1 2 15 8 461500 2
1 2 10 7 461500 2
1 2 9 5 461500 2
1 2 8 8 461500 2
1 2 6 3 461500 2
1 2 2 1 461500 2
1 2 1 6 461500 2
1 2 0 8 461500 2
1 2 0 8 462000 2
1 2 12 1 462000 2
1 2 10 1 462000 2
1 2 10 7 462000 2
1 2 10 0 462000 2
1 2 9 5 462000 2
1 2 9 9 462000 2
1 2 7 1 462000 2
1 2 5 5 462000 2
1 2 4 6 462000 2
1 2 3 2 462000 2
1 2 3 0 462000 2
1 2 1 1 462000 2
1 2 0 0 462000 2
1 2 3 8 462500 2
1 2 15 3 462500 2
1 2 15 1 462500 2
1 2 12 7 462500 2
1 2 10 4 462500 2
1 2 6 3 462500 2
1 2 5 1 462500 2
1 2 4 3 462500 2
1 2 2 9 462500 2
1 2 2 2 462500 2
1 2 1 7 462500 2
1 2 1 2 462500 2
1 2 1 8 462500 2
1 2 6 5 463000 2
1 2 15 4 463000 2
1 2 11 0 463000 2
1 2 11 5 463000 2
1 2 10 8 463000 2
1 2 10 5 463000 2
1 2 7 6 463000 2
1 2 6 8 463000 2
1 2 5 3 463000 2
1 2 4 2 463000 2
1 2 3 2 463000 2
1 2 3 7 463000 2
1 2 3 7 463000 2
1 2 2 4 463000 2
1 2 0 3 463000 2
1 2 0 4 463000 2
1 2 6 5 463500 2
1 2 15 4 463500 2
1 2 12 3 463500 2
1 2 11 1 463500 2
1 2 10 9 463500 2
1 2 10 4 463500 2
1 2 10 0 463500 2
1 2 7 4 463500 2
1 2 6 6 463500 2
1 2 6 3 463500 2
1 2 5 6 463500 2
1 2 5 8 463500 2
1 2 5 4 463500 2
1 2 4 3 463500 2
1 2 2 0 463500 2
1 2 5 0 464000 2
1 2 15 8 464000 2
1 2 15 4 464000 2
1 2 12 6 464000 2
1 2 11 1 464000 2
1 2 11 7 464000 2
1 2 9 5 464000 2
1 2 8 9 464000 2
1 2 6 9 464000 2
1 2 5 3 464000 2
1 2 5 3 464000 2
1 2 4 8 464000 2
1 2 3 4 464000 2
1 2 0 3 464000 2
1 2 0 1 464000 2
1 2 0 7 464000 2
1 2 11 2 464500 2
1 2 11 3 464500 2
1 2 11 8 464500 2
1 2 11 0 464500 2
1 2 12 9 464500 2
1 2 12 3 464500 2
1 2 13 7 464500 2
1 2 13 5 464500 2
1 2 13 6 464500 2
1 2 14 3 464500 2
1 2 14 1 464500 2
1 2 0 4 464500 2
1 2 9 1 464500 2
1 2 10 7 464500 2
1 2 1 9 464500 2
1 2 1 4 464500 2
1 2 3 0 464500 2
1 2 3 8 464500 2
1 2 3 2 464500 2
1 2 6 3 464500 2
1 2 7 5 464500 2
1 2 8 3 464500 2
1 2 9 7 464500 2
1 2 9 3 464500 2
1 2 10 9 465000 2
1 2 8 7 465000 2
1 2 10 8 465000 2
1 2 10 5 465000 2
1 2 11 3 465000 2
1 2 11 8 465000 2
1 2 11 6 465000 2
1 2 11 4 465000 2
1 2 13 7 465000 2
1 2 13 6 465000 2
1 2 13 7 465000 2
1 2 14 9 465000 2
1 2 15 9 465000 2
1 2 15 3 465000 2
1 2 8 9 465000 2
1 2 0 9 465000 2
1 2 1 2 465000 2
1 2 2 2 465000 2
1 2 3 5 465000 2
1 2 3 5 465000 2
1 2 3 2 465000 2
1 2 3 5 465000 2
1 2 4 8 465000 2
1 2 5 9 465000 2
1 2 5 2 465000 2
1 2 6 2 465000 2
1 2 6 9 465000 2
1 2 9 1 465000 2
1 2 14 1 465500 2
1 2 14 9 465500 2
1 2 14 0 465500 2
1 2 13 8 465500 2
1 2 12 2 465500 2
1 2 11 3 465500 2
1 2 11 1 465500 2
1 2 7 9 465500 2
1 2 7 7 465500 2
1 2 6 9 465500 2
1 2 6 9 465500 2
1 2 5 8 465500 2
1 2 3 8 465500 2
1 2 2 8 465500 2
1 2 2 9 465500 2
1 2 2 2 465500 2
1 2 1 9 465500 2
1 2 7 0 465500 2
1 2 8 2 466000 2
1 2 13 4 466000 2
1 2 10 8 466000 2
1 2 11 3 466000 2
1 2 11 0 466000 2
1 2 11 9 466000 2
1 2 11 7 466000 2
1 2 11 3 466000 2
1 2 11 0 466000 2
1 2 12 6 466000 2
1 2 13 4 466000 2
1 2 14 8 466000 2
1 2 1 9 466000 2
1 2 8 8 466000 2
1 2 0 6 466000 2
1 2 1 0 466000 2
1 2 2 9 466000 2
1 2 3 7 466000 2
1 2 3 5 466000 2
1 2 3 4 466000 2
1 2 4 6 466000 2
1 2 4 5 466000 2
1 2 6 9 466000 2
1 2 7 9 466000 2
1 2 8 9 466500 2
1 2 15 4 466500 2
1 2 15 9 466500 2
1 2 13 4 466500 2
1 2 12 8 466500 2
1 2 11 4 466500 2
1 2 11 9 466500 2
1 2 11 3 466500 2
1 2 9 1 466500 2
1 2 7 4 466500 2
1 2 7 4 466500 2
1 2 5 8 466500 2
1 2 5 9 466500 2
1 2 4 4 466500 2
1 2 3 4 466500 2
1 2 3 0 466500 2
1 2 8 9 466500 2
1 2 8 5 467000 2
1 2 8 9 467000 2
1 2 8 8 467000 2
1 2 9 2 467000 2
1 2 9 1 467000 2
1 2 10 9 467000 2
1 2 10 5 467000 2
1 2 11 4 467000 2
1 2 12 9 467000 2
1 2 13 6 467000 2
1 2 14 8 467000 2
1 2 7 3 467000 2
1 2 8 7 467000 2
1 2 0 4 467000 2
1 2 0 2 467000 2
1 2 1 9 467000 2
1 2 2 0 467000 2
1 2 3 5 467000 2
1 2 5 3 467000 2
1 2 6 4 467000 2
1 2 6 9 467000 2
1 2 6 9 467000 2
1 2 8 7 467500 2
1 2 12 8 467500 2
1 2 8 2 467500 2
1 2 8 3 467500 2
1 2 9 6 467500 2
1 2 10 0 467500 2
1 2 10 1 467500 2
1 2 10 5 467500 2
1 2 11 9 467500 2
1 2 11 4 467500 2
1 2 12 2 467500 2
1 2 12 5 467500 2
1 2 13 5 467500 2
1 2 7 2 467500 2
1 2 8 4 467500 2
1 2 1 9 467500 2
1 2 1 2 467500 2
1 2 0 4 467500 2
1 2 1 4 467500 2
1 2 3 4 467500 2
1 2 4 4 467500 2
1 2 6 7 467500 2
1 2 6 4 467500 2
1 2 7 7 467500 2
1 2 7 0 467500 2
1 2 7 8 467500 2
1 2 5 6 467500 2
1 2 9 7 468000 2
1 2 10 9 468000 2
1 2 7 4 468000 2
1 2 10 9 468000 2
1 2 11 0 468000 2
1 2 11 3 468000 2
1 2 11 3 468000 2
1 2 12 2 468000 2
1 2 13 8 468000 2
1 2 13 6 468000 2
1 2 15 9 468000 2
1 2 15 4 468000 2
1 2 8 6 468000 2
1 2 0 8 468000 2
1 2 1 0 468000 2
1 2 1 4 468000 2
1 2 3 4 468000 2
1 2 4 7 468000 2
1 2 4 5 468000 2
1 2 4 2 468000 2
1 2 5 4 468000 2
1 2 6 8 468000 2
1 2 8 9 468000 2
1 2 3 7 468500 2
1 2 15 7 468500 2
1 2 15 5 468500 2
1 2 14 3 468500 2
1 2 14 2 468500 2
1 2 14 8 468500 2
1 2 14 9 468500 2
1 2 14 5 468500 2
1 2 13 1 468500 2
1 2 7 4 468500 2
1 2 7 3 468500 2
1 2 7 2 468500 2
1 2 6 0 468500 2
1 2 6 3 468500 2
1 2 6 9 468500 2
1 2 2 8 468500 2
1 2 8 9 468500 2
1 2 9 5 469000 2
1 2 15 4 469000 2
1 2 10 2 469000 2
1 2 11 3 469000 2
1 2 12 7 469000 2
1 2 12 6 469000 2
1 2 13 6 469000 2
1 2 14 2 469000 2
1 2 14 4 469000 2
1 2 15 5 469000 2
1 2 0 8 469000 2
1 2 8 0 469000 2
1 2 3 8 469000 2
1 2 5 1 469000 2
1 2 6 3 469000 2
1 2 6 8 469000 2
1 2 6 3 469000 2
1 2 7 7 469000 2
1 2 7 9 469000 2
1 2 8 6 469000 2
1 2 7 0 469500 2
1 2 15 3 469500 2
1 2 14 4 469500 2
1 2 14 3 469500 2
1 2 13 8 469500 2
1 2 12 9 469500 2
1 2 10 6 469500 2
1 2 9 5 469500 2
1 2 7 7 469500 2
1 2 6 9 469500 2
1 2 5 7 469500 2
1 2 3 8 469500 2
1 2 3 4 469500 2
1 2 2 2 469500 2
1 2 1 7 469500 2
1 2 1 6 469500 2
1 2 0 3 469500 2
1 2 7 6 469500 2
1 2 8 5 470000 2
1 2 10 8 470000 2
1 2 10 4 470000 2
1 2 11 9 470000 2
1 2 11 5 470000 2
1 2 12 2 470000 2
1 2 14 6 470000 2
1 2 15 5 470000 2
1 2 2 9 470000 2
1 2 6 5 470000 2
1 2 5 7 470000 2
1 2 3 7 470000 2
1 2 3 4 470000 2
1 2 3 4 470000 2
1 2 1 4 470000 2
1 2 2 8 470000 2
1 2 6 7 470000 2
1 2 10 9 470500 2
1 2 12 4 470500 2
1 2 11 8 470500 2
1 2 11 8 470500 2
1 2 12 8 470500 2
1 2 12 6 470500 2
1 2 13 4 470500 2
1 2 14 7 470500 2
1 2 15 8 470500 2
1 2 15 4 470500 2
1 2 8 2 470500 2
1 2 0 8 470500 2
1 2 2 2 470500 2
1 2 3 8 470500 2
1 2 4 7 470500 2
1 2 4 4 470500 2
1 2 5 9 470500 2
1 2 6 8 470500 2
1 2 9 5 470500 2
1 2 7 5 470500 2
1 2 8 8 471000 2
1 2 9 6 471000 2
1 2 9 5 471000 2
1 2 9 3 471000 2
1 2 10 9 471000 2
1 2 10 9 471000 2
1 2 11 7 471000 2
1 2 11 1 471000 2
1 2 11 0 471000 2
1 2 14 2 471000 2
1 2 14 8 471000 2
1 2 15 4 471000 2
1 2 15 9 471000 2
1 2 5 4 471000 2
1 2 8 2 471000 2
1 2 0 3 471000 2
1 2 1 3 471000 2
1 2 3 8 471000 2
1 2 3 8 471000 2
1 2 4 4 471000 2
1 2 4 7 471000 2
1 2 8 1 471000 2
1 2 5 9 471000 2
1 2 6 5 471000 2
1 2 6 9 471000 2
1 2 7 5 471000 2
1 2 8 7 471000 2
1 2 8 9 471500 2
1 2 7 9 471500 2
1 2 8 3 471500 2
1 2 8 2 471500 2
1 2 8 3 471500 2
1 2 9 2 471500 2
1 2 10 9 471500 2
1 2 11 3 471500 2
1 2 11 9 471500 2
1 2 12 8 471500 2
1 2 13 4 471500 2
1 2 14 8 471500 2
1 2 15 6 471500 2
1 2 0 8 471500 2
1 2 7 5 471500 2
1 2 7 5 471500 2
1 2 0 7 471500 2
1 2 0 3 471500 2
1 2 1 3 471500 2
1 2 2 9 471500 2
1 2 2 4 471500 2
1 2 3 4 471500 2
1 2 5 5 471500 2
1 2 5 9 471500 2
1 2 5 0 471500 2
1 2 6 0 471500 2
1 2 3 4 471500 2
1 2 9 5 472000 2
1 2 10 9 472000 2
1 2 11 4 472000 2
1 2 7 5 472000 2
1 2 12 1 472000 2
1 2 12 6 472000 2
1 2 12 6 472000 2
1 2 12 6 472000 2
1 2 13 1 472000 2
1 2 14 2 472000 2
1 2 15 8 472000 2
1 2 15 4 472000 2
1 2 9 5 472000 2
1 2 2 0 472000 2
1 2 3 4 472000 2
1 2 3 2 472000 2
1 2 4 7 472000 2
1 2 4 9 472000 2
1 2 5 3 472000 2
1 2 6 8 472000 2
1 2 7 9 472000 2
1 2 8 0 472000 2
1 2 9 1 472000 2
1 2 11 0 472500 2
1 2 15 8 472500 2
1 2 14 2 472500 2
1 2 14 8 472500 2
1 2 13 8 472500 2
1 2 12 5 472500 2
1 2 11 8 472500 2
1 2 8 3 472500 2
1 2 7 9 472500 2
1 2 6 4 472500 2
1 2 6 3 472500 2
1 2 4 9 472500 2
1 2 3 4 472500 2
1 2 1 4 472500 2
1 2 11 7 473000 2
1 2 8 7 473000 2
1 2 6 0 473000 2
1 2 3 4 473000 2
1 2 1 6 473000 2
1 2 0 6 473000 2
1 2 11 4 473500 2
1 2 15 5 473500 2
1 2 15 5 473500 2
1 2 14 8 473500 2
1 2 14 9 473500 2
1 2 13 2 473500 2
1 2 12 5 473500 2
1 2 11 0 473500 2
1 2 11 4 473500 2
1 2 10 9 473500 2
1 2 10 9 473500 2
1 2 9 9 473500 2
1 2 1 8 473500 2
1 2 8 7 473500 2
1 2 7 5 473500 2
1 2 6 3 473500 2
1 2 6 6 473500 2
1 2 3 7 473500 2
1 2 3 3 473500 2
1 2 2 2 473500 2
1 2 2 8 473500 2
1 2 9 2 473500 2
1 2 5 8 474000 2
1 2 15 6 474000 2
1 2 14 8 474000 2
1 2 12 5 474000 2
1 2 12 6 474000 2
1 2 6 5 474000 2
1 2 5 9 474000 2
1 2 5 5 474000 2
1 2 3 8 474000 2
1 2 1 3 474000 2
1 2 14 9 474500 2
1 2 14 2 474500 2
1 2 14 7 474500 2
1 2 14 4 474500 2
1 2 12 2 474500 2
1 2 11 0 474500 2
1 2 10 5 474500 2
1 2 6 4 474500 2
1 2 6 6 474500 2
1 2 6 0 474500 2
1 2 3 8 474500 2
1 2 2 5 474500 2
1 2 0 9 474500 2
1 2 0 6 474500 2
1 2 10 8 474500 2
1 2 7 2 475000 2
1 2 14 9 475000 2
1 2 13 2 475000 2
1 2 12 0 475000 2
1 2 10 9 475000 2
1 2 9 9 475000 2
1 2 8 6 475000 2
1 2 7 5 475000 2
1 2 6 2 475000 2
1 2 6 8 475000 2
1 2 2 1 475000 2
1 2 1 2 475000 2
1 2 0 6 475000 2
1 2 14 5 475500 2
1 2 15 8 475500 2
1 2 13 8 475500 2
1 2 12 5 475500 2
1 2 10 9 475500 2
1 2 9 1 475500 2
1 2 9 1 475500 2
1 2 6 7 475500 2
1 2 6 4 475500 2
1 2 4 7 475500 2
1 2 3 3 475500 2
1 2 3 8 475500 2
1 2 1 0 475500 2
1 2 8 7 475500 2
1 2 9 3 476000 2
1 2 14 8 476000 2
1 2 12 5 476000 2
1 2 6 8 476000 2
1 2 6 2 476000 2
1 2 4 7 476000 2
1 2 3 9 476000 2
1 2 4 2 476500 2
1 2 15 6 476500 2
1 2 13 7 476500 2
1 2 13 8 476500 2
1 2 12 5 476500 2
1 2 12 2 476500 2
1 2 11 7 476500 2
1 2 9 7 476500 2
1 2 9 5 476500 2
1 2 9 1 476500 2
1 2 8 7 476500 2
1 2 7 8 476500 2
1 2 6 1 476500 2
1 2 3 2 476500 2
1 2 3 7 476500 2
1 2 0 8 476500 2
1 2 0 4 476500 2
1 2 0 7 476500 2
1 2 7 3 477000 2
1 2 14 0 477000 2
1 2 12 4 477000 2
1 2 10 9 477000 2
1 2 10 0 477000 2
1 2 9 6 477000 2
1 2 8 9 477000 2
1 2 6 5 477000 2
1 2 5 9 477000 2
1 2 4 2 477000 2
1 2 3 5 477000 2
1 2 3 7 477000 2
1 2 2 2 477000 2
1 2 9 9 477500 2
1 2 14 4 477500 2
1 2 13 3 477500 2
1 2 12 0 477500 2
1 2 11 0 477500 2
1 2 9 5 477500 2
1 2 6 3 477500 2
1 2 6 3 477500 2
1 2 5 9 477500 2
1 2 5 2 477500 2
1 2 4 4 477500 2
1 2 4 3 477500 2
1 2 1 8 477500 2
1 2 1 5 477500 2
1 2 7 9 478000 2
1 2 15 6 478000 2
1 2 13 2 478000 2
1 2 13 0 478000 2
1 2 12 8 478000 2
1 2 11 3 478000 2
1 2 10 0 478000 2
1 2 9 3 478000 2
1 2 7 5 478000 2
1 2 0 4 478000 2
1 2 1 2 478000 2
1 2 1 0 478000 2
1 2 4 9 478000 2
1 2 4 1 478000 2
1 2 5 9 478000 2
1 2 6 2 478000 2
1 2 7 7 478000 2
1 2 6 1 478500 2
1 2 15 4 478500 2
1 2 12 5 478500 2
1 2 11 4 478500 2
1 2 11 0 478500 2
1 2 11 4 478500 2
1 2 9 7 478500 2
1 2 9 1 478500 2
1 2 9 5 478500 2
1 2 8 7 478500 2
1 2 7 3 478500 2
1 2 7 7 478500 2
1 2 5 6 478500 2
1 2 5 7 478500 2
1 2 2 1 478500 2
1 2 2 0 478500 2
1 2 11 0 479000 2
1 2 11 4 479000 2
1 2 14 3 479000 2
1 2 15 7 479000 2
1 2 11 3 479000 2
1 2 3 7 479000 2
1 2 2 5 479000 2
1 2 2 1 479000 2
1 2 1 0 479000 2
1 2 0 3 479000 2
1 2 10 8 479500 2
1 2 15 3 479500 2
1 2 14 2 479500 2
1 2 13 8 479500 2
1 2 13 4 479500 2
1 2 12 6 479500 2
1 2 10 5 479500 2
1 2 9 3 479500 2
1 2 9 5 479500 2
1 2 6 3 479500 2
1 2 5 5 479500 2
1 2 4 9 479500 2
1 2 1 2 479500 2
1 2 0 4 479500 2
1 2 15 0 480000 2
1 2 15 2 480000 2
1 2 14 5 480000 2
1 2 12 6 480000 2
1 2 9 3 480000 2
1 2 7 7 480000 2
1 2 9 6 480000 2
1 2 0 1 480000 2
1 2 3 4 480000 2
1 2 7 1 480000 2
1 2 15 3 480500 2
1 2 15 3 480500 2
1 2 14 9 480500 2
1 2 14 5 480500 2
1 2 13 5 480500 2
1 2 13 5 480500 2
1 2 13 6 480500 2
1 2 11 4 480500 2
1 2 11 9 480500 2
1 2 11 1 480500 2
1 2 9 1 480500 2
1 2 8 0 480500 2
1 2 9 0 480500 2
1 2 7 8 480500 2
1 2 6 3 480500 2
1 2 6 2 480500 2
1 2 6 2 480500 2
1 2 5 3 480500 2
1 2 4 3 480500 2
1 2 4 2 480500 2
1 2 2 5 480500 2
1 2 2 4 480500 2
1 2 2 7 480500 2
1 2 0 8 480500 2
1 2 11 9 481000 2
1 2 11 0 481000 2
1 2 11 2 481000 2
1 2 12 6 481000 2
1 2 13 3 481000 2
1 2 14 7 481000 2
1 2 15 6 481000 2
1 2 8 7 481000 2
1 2 8 7 481000 2
1 2 7 4 481000 2
1 2 4 6 481000 2
1 2 2 2 481000 2
1 2 0 2 481000 2
1 2 8 1 481000 2
1 2 8 3 481500 2
1 2 11 8 481500 2
1 2 8 3 481500 2
1 2 11 5 481500 2
1 2 11 4 481500 2
1 2 13 7 481500 2
1 2 13 3 481500 2
1 2 14 4 481500 2
1 2 14 3 481500 2
1 2 15 9 481500 2
1 2 7 3 481500 2
1 2 0 2 481500 2
1 2 1 7 481500 2
1 2 1 9 481500 2
1 2 4 1 481500 2
1 2 6 3 481500 2
1 2 6 3 481500 2
1 2 6 3 481500 2
1 2 6 8 481500 2
1 2 7 7 481500 2
1 2 8 7 481500 2
1 2 9 3 482000 2
1 2 10 2 482000 2
1 2 11 2 482000 2
1 2 11 0 482000 2
1 2 12 2 482000 2
1 2 14 0 482000 2
1 2 14 4 482000 2
1 2 14 5 482000 2
1 2 14 5 482000 2
1 2 14 0 482000 2
1 2 15 9 482000 2
1 2 2 9 482000 2
1 2 8 7 482000 2
1 2 0 1 482000 2
1 2 0 2 482000 2
1 2 0 8 482000 2
1 2 2 9 482000 2
1 2 4 7 482000 2
1 2 6 1 482000 2
1 2 6 3 482000 2
1 2 6 4 482000 2
1 2 6 9 482000 2
1 2 7 5 482000 2
1 2 8 8 482000 2
1 2 7 2 482500 2
1 2 8 6 482500 2
1 2 8 4 482500 2
1 2 8 4 482500 2
1 2 11 7 482500 2
1 2 14 0 482500 2
1 2 14 2 482500 2
1 2 15 2 482500 2
1 2 15 3 482500 2
1 2 15 9 482500 2
1 2 3 7 482500 2
1 2 6 3 482500 2
1 2 6 4 482500 2
1 2 0 2 482500 2
1 2 1 7 482500 2
1 2 2 3 482500 2
1 2 2 7 482500 2
1 2 3 6 482500 2
1 2 0 8 482500 2
1 2 3 3 482500 2
1 2 4 7 482500 2
1 2 4 3 482500 2
1 2 15 1 483000 2
1 2 14 9 483000 2
1 2 12 6 483000 2
1 2 10 7 483000 2
1 2 8 8 483000 2
1 2 8 3 483000 2
1 2 8 7 483000 2
1 2 8 7 483000 2
1 2 6 8 483000 2
1 2 5 8 483000 2
1 2 4 3 483000 2
1 2 4 7 483000 2
1 2 2 9 483000 2
1 2 1 8 483000 2
1 2 0 2 483000 2
1 2 7 1 483000 2
1 2 8 0 483500 2
1 2 14 4 483500 2
1 2 13 2 483500 2
1 2 11 7 483500 2
1 2 10 2 483500 2
1 2 10 9 483500 2
1 2 9 1 483500 2
1 2 8 2 483500 2
1 2 7 1 483500 2
1 2 7 7 483500 2
1 2 6 8 483500 2
1 2 4 3 483500 2
1 2 3 7 483500 2
1 2 3 5 483500 2
1 2 1 9 483500 2
1 2 0 1 483500 2
1 2 8 4 483500 2
1 2 8 4 484000 2
1 2 8 8 484000 2
1 2 8 3 484000 2
1 2 8 8 484000 2
1 2 9 7 484000 2
1 2 11 0 484000 2
1 2 14 8 484000 2
1 2 14 1 484000 2
1 2 14 3 484000 2
1 2 7 3 484000 2
1 2 7 2 484000 2
1 2 0 2 484000 2
1 2 1 7 484000 2
1 2 0 1 484000 2
1 2 4 5 484000 2
1 2 5 6 484000 2
1 2 5 1 484000 2
1 2 6 8 484000 2
1 2 6 7 484000 2
1 2 8 5 484500 2
1 2 15 8 484500 2
1 2 14 8 484500 2
1 2 14 4 484500 2
1 2 13 7 484500 2
1 2 11 7 484500 2
1 2 11 7 484500 2
1 2 10 0 484500 2
1 2 9 1 484500 2
1 2 8 3 484500 2
1 2 7 3 484500 2
1 2 7 4 484500 2
1 2 6 3 484500 2
1 2 6 3 484500 2
1 2 4 2 484500 2
1 2 4 3 484500 2
1 2 4 1 484500 2
1 2 3 8 484500 2
1 2 3 6 484500 2
1 2 1 9 484500 2
1 2 0 4 484500 2
1 2 7 4 485000 2
1 2 8 9 485000 2
1 2 8 1 485000 2
1 2 8 3 485000 2
1 2 8 0 485000 2
1 2 10 8 485000 2
1 2 11 0 485000 2
1 2 12 4 485000 2
1 2 12 7 485000 2
1 2 15 7 485000 2
1 2 0 5 485000 2
1 2 7 9 485000 2
1 2 2 4 485000 2
1 2 3 8 485000 2
1 2 3 7 485000 2
1 2 3 5 485000 2
1 2 3 3 485000 2
1 2 4 2 485000 2
1 2 6 3 485000 2
1 2 7 2 485000 2
1 2 7 4 485000 2
1 2 7 8 485000 2
1 2 15 6 485500 2
1 2 13 7 485500 2
1 2 12 2 485500 2
1 2 11 7 485500 2
1 2 11 0 485500 2
1 2 11 0 485500 2
1 2 10 2 485500 2
1 2 8 7 485500 2
1 2 6 3 485500 2
1 2 4 6 485500 2
1 2 4 9 485500 2
1 2 0 4 485500 2
1 2 0 4 485500 2
1 2 1 9 485500 2
1 2 2 3 485500 2
1 2 3 6 485500 2
1 2 3 4 485500 2
1 2 4 7 485500 2
1 2 4 4 485500 2
1 2 7 5 486000 2
1 2 14 7 486000 2
1 2 14 8 486000 2
1 2 13 5 486000 2
1 2 13 7 486000 2
1 2 11 4 486000 2
1 2 11 3 486000 2
1 2 8 9 486000 2
1 2 7 5 486000 2
1 2 7 7 486000 2
1 2 4 3 486000 2
1 2 0 1 486000 2
1 2 0 2 486000 2
1 2 0 3 486000 2
1 2 11 9 486500 2
1 2 15 2 486500 2
1 2 11 3 486500 2
1 2 11 2 486500 2
1 2 8 4 486500 2
1 2 6 5 486500 2
1 2 6 2 486500 2
1 2 6 8 486500 2
1 2 0 2 486500 2
1 2 0 0 486500 2
1 2 2 7 486500 2
1 2 2 0 486500 2
1 2 4 4 486500 2
1 2 15 7 487000 2
1 2 15 2 487000 2
1 2 13 5 487000 2
1 2 13 7 487000 2
1 2 12 8 487000 2
1 2 12 7 487000 2
1 2 12 6 487000 2
1 2 11 7 487000 2
1 2 11 9 487000 2
1 2 11 2 487000 2
1 2 8 3 487000 2
1 2 7 9 487000 2
1 2 0 9 487000 2
1 2 0 3 487000 2
1 2 0 2 487000 2
1 2 1 5 487000 2
1 2 2 7 487000 2
1 2 4 3 487000 2
1 2 4 7 487000 2
1 2 4 6 487000 2
1 2 5 8 487000 2
1 2 6 4 487000 2
1 2 8 7 487000 2
1 2 15 6 487500 2
1 2 13 7 487500 2
1 2 12 7 487500 2
1 2 12 8 487500 2
1 2 11 1 487500 2
1 2 5 4 487500 2
1 2 11 3 487500 2
1 2 11 7 487500 2
1 2 10 9 487500 2
1 2 8 7 487500 2
1 2 9 7 487500 2
1 2 0 1 487500 2
1 2 1 7 487500 2
1 2 2 7 487500 2
1 2 2 4 487500 2
1 2 4 9 487500 2
1 2 7 8 487500 2
1 2 7 5 487500 2
1 2 6 9 488000 2
1 2 15 1 488000 2
1 2 15 1 488000 2
1 2 14 6 488000 2
1 2 13 5 488000 2
1 2 13 3 488000 2
1 2 11 3 488000 2
1 2 9 5 488000 2
1 2 8 9 488000 2
1 2 6 7 488000 2
1 2 0 5 488000 2
1 2 0 5 488000 2
1 2 1 7 488000 2
1 2 4 3 488000 2
1 2 4 4 488000 2
1 2 5 3 488000 2
1 2 6 2 488000 2
1 2 2 6 488500 2
1 2 15 6 488500 2
1 2 15 6 488500 2
1 2 15 1 488500 2
1 2 15 0 488500 2
1 2 15 5 488500 2
1 2 14 0 488500 2
1 2 13 6 488500 2
1 2 13 1 488500 2
1 2 11 0 488500 2
1 2 11 7 488500 2
1 2 10 4 488500 2
1 2 8 3 488500 2
1 2 4 9 488500 2
1 2 3 5 488500 2
1 2 12 6 488500 2
1 2 1 2 488500 2
1 2 1 0 488500 2
1 2 8 4 489000 2
1 2 9 8 489000 2
1 2 10 0 489000 2
1 2 11 4 489000 2
1 2 11 5 489000 2
1 2 12 2 489000 2
1 2 12 1 489000 2
1 2 13 2 489000 2
1 2 14 2 489000 2
1 2 14 0 489000 2
1 2 15 6 489000 2
1 2 15 1 489000 2
1 2 6 4 489000 2
1 2 5 6 489000 2
1 2 0 8 489000 2
1 2 0 9 489000 2
1 2 0 3 489000 2
1 2 1 2 489000 2
1 2 1 9 489000 2
1 2 1 2 489000 2
1 2 2 8 489000 2
1 2 3 7 489000 2
1 2 3 8 489000 2
1 2 3 8 489000 2
1 2 3 0 489000 2
1 2 4 6 489000 2
1 2 13 0 489500 2
1 2 15 2 489500 2
1 2 15 7 489500 2
1 2 14 0 489500 2
1 2 13 5 489500 2
1 2 11 4 489500 2
1 2 10 8 489500 2
1 2 8 9 489500 2
1 2 8 9 489500 2
1 2 7 7 489500 2
1 2 1 6 489500 2
1 2 6 3 489500 2
1 2 2 5 489500 2
1 2 2 5 489500 2
1 2 3 9 489500 2
1 2 0 4 489500 2
1 2 4 0 489500 2
1 2 4 8 489500 2
1 2 4 0 489500 2
1 2 6 5 489500 2
1 2 6 5 490000 2
1 2 15 6 490000 2
1 2 12 4 490000 2
1 2 9 3 490000 2
1 2 9 3 490000 2
1 2 8 7 490000 2
1 2 8 7 490000 2
1 2 6 0 490000 2
1 2 6 3 490000 2
1 2 6 3 490000 2
1 2 4 6 490000 2
1 2 3 4 490000 2
1 2 3 2 490000 2
1 2 2 5 490000 2
1 2 2 8 490000 2
1 2 1 7 490000 2
1 2 15 0 490500 2
1 2 14 7 490500 2
1 2 12 4 490500 2
1 2 11 0 490500 2
1 2 10 6 490500 2
1 2 8 0 490500 2
1 2 7 0 490500 2
1 2 6 3 490500 2
1 2 6 2 490500 2
1 2 6 9 490500 2
1 2 0 2 490500 2
1 2 1 9 490500 2
1 2 1 5 490500 2
1 2 2 9 490500 2
1 2 3 2 490500 2
1 2 4 8 490500 2
1 2 4 8 490500 2
1 2 10 3 491000 2
1 2 15 5 491000 2
1 2 13 4 491000 2
1 2 12 5 491000 2
1 2 12 6 491000 2
1 2 11 3 491000 2
1 2 11 0 491000 2
1 2 11 0 491000 2
1 2 8 9 491000 2
1 2 0 3 491000 2
1 2 2 5 491000 2
1 2 2 8 491000 2
1 2 4 8 491000 2
1 2 6 3 491000 2
1 2 6 1 491000 2
1 2 8 7 491000 2
1 2 10 8 491500 2
1 2 15 8 491500 2
1 2 15 6 491500 2
1 2 15 8 491500 2
1 2 14 0 491500 2
1 2 13 5 491500 2
1 2 11 0 491500 2
1 2 11 9 491500 2
1 2 10 0 491500 2
1 2 8 1 491500 2
1 2 2 0 491500 2
1 2 3 8 491500 2
1 2 4 6 491500 2
1 2 5 5 491500 2
1 2 6 7 491500 2
1 2 6 5 491500 2
1 2 6 1 491500 2
1 2 7 2 491500 2
1 2 5 8 492000 2
1 2 15 7 492000 2
1 2 13 0 492000 2
1 2 12 2 492000 2
1 2 12 2 492000 2
1 2 12 3 492000 2
1 2 11 9 492000 2
1 2 11 0 492000 2
1 2 9 1 492000 2
1 2 9 3 492000 2
1 2 8 7 492000 2
1 2 7 5 492000 2
1 2 4 8 492000 2
1 2 2 5 492000 2
1 2 1 7 492000 2
1 2 1 3 492000 2
1 2 0 3 492000 2
1 2 0 5 492000 2
1 2 8 3 492500 2
1 2 11 4 492500 2
1 2 12 4 492500 2
1 2 12 4 492500 2
1 2 12 8 492500 2
1 2 13 8 492500 2
1 2 15 8 492500 2
1 2 15 5 492500 2
1 2 0 6 492500 2
1 2 6 3 492500 2
1 2 8 9 492500 2
1 2 0 3 492500 2
1 2 0 5 492500 2
1 2 3 8 492500 2
1 2 4 0 492500 2
1 2 6 8 492500 2
1 2 6 5 492500 2
1 2 8 6 493000 2
1 2 15 8 493000 2
1 2 15 5 493000 2
1 2 14 4 493000 2
1 2 13 7 493000 2
1 2 12 2 493000 2
1 2 11 4 493000 2
1 2 10 4 493000 2
1 2 9 2 493000 2
1 2 8 2 493000 2
1 2 7 2 493000 2
1 2 6 4 493000 2
1 2 6 8 493000 2
1 2 5 4 493000 2
1 2 4 8 493000 2
1 2 4 6 493000 2
1 2 3 0 493000 2
1 2 3 1 493000 2
1 2 2 6 493000 2
1 2 11 3 493500 2
1 2 12 9 493500 2
1 2 12 4 493500 2
1 2 13 5 493500 2
1 2 14 7 493500 2
1 2 14 8 493500 2
1 2 15 0 493500 2
1 2 15 2 493500 2
1 2 15 1 493500 2
1 2 0 6 493500 2
1 2 8 3 493500 2
1 2 1 8 493500 2
1 2 2 0 493500 2
1 2 4 7 493500 2
1 2 4 8 493500 2
1 2 5 1 493500 2
1 2 6 2 493500 2
1 2 6 8 493500 2
1 2 7 3 493500 2
1 2 10 9 493500 2
1 2 15 6 494000 2
1 2 15 2 494000 2
1 2 15 8 494000 2
1 2 13 5 494000 2
1 2 13 4 494000 2
1 2 13 6 494000 2
1 2 12 6 494000 2
1 2 11 4 494000 2
1 2 6 3 494000 2
1 2 5 9 494000 2
1 2 4 6 494000 2
1 2 3 9 494000 2
1 2 2 9 494000 2
1 2 1 8 494000 2
1 2 1 9 494000 2
1 2 7 5 494000 2
1 2 6 3 494500 2
1 2 15 0 494500 2
1 2 6 7 494500 2
1 2 7 6 494500 2
1 2 7 5 494500 2
1 2 8 4 494500 2
1 2 8 7 494500 2
1 2 8 7 494500 2
1 2 11 8 494500 2
1 2 11 0 494500 2
1 2 12 8 494500 2
1 2 13 2 494500 2
1 2 14 0 494500 2
1 2 15 0 494500 2
1 2 6 8 494500 2
1 2 6 8 494500 2
1 2 0 5 494500 2
1 2 0 1 494500 2
1 2 0 9 494500 2
1 2 1 5 494500 2
1 2 1 7 494500 2
1 2 2 0 494500 2
1 2 4 0 494500 2
1 2 4 7 494500 2
1 2 4 3 494500 2
1 2 4 5 494500 2
1 2 4 8 494500 2
1 2 2 0 494500 2
1 2 8 2 495000 2
1 2 5 7 495000 2
1 2 9 8 495000 2
1 2 10 9 495000 2
1 2 10 5 495000 2
1 2 11 9 495000 2
1 2 11 0 495000 2
1 2 12 1 495000 2
1 2 12 8 495000 2
1 2 15 1 495000 2
1 2 15 5 495000 2
1 2 6 5 495000 2
1 2 1 7 495000 2
1 2 1 2 495000 2
1 2 2 2 495000 2
1 2 2 0 495000 2
1 2 3 9 495000 2
1 2 3 8 495000 2
1 2 4 4 495000 2
1 2 4 8 495000 2
1 2 5 9 495000 2
1 2 6 0 495000 2
1 2 4 4 495500 2
1 2 12 4 495500 2
1 2 12 6 495500 2
1 2 12 1 495500 2
1 2 12 9 495500 2
1 2 11 7 495500 2
1 2 11 6 495500 2
1 2 10 8 495500 2
1 2 8 6 495500 2
1 2 7 4 495500 2
1 2 6 2 495500 2
1 2 5 9 495500 2
1 2 4 2 495500 2
1 2 0 8 495500 2
1 2 3 4 495500 2
1 2 3 5 495500 2
1 2 2 6 495500 2
1 2 2 8 495500 2
1 2 6 8 495500 2
1 2 8 9 496000 2
1 2 15 6 496000 2
1 2 8 6 496000 2
1 2 9 5 496000 2
1 2 9 8 496000 2
1 2 10 8 496000 2
1 2 10 6 496000 2
1 2 12 1 496000 2
1 2 13 5 496000 2
1 2 15 9 496000 2
1 2 15 9 496000 2
1 2 15 0 496000 2
1 2 5 9 496000 2
1 2 5 0 496000 2
1 2 0 8 496000 2
1 2 1 2 496000 2
1 2 1 2 496000 2
1 2 1 7 496000 2
1 2 3 9 496000 2
1 2 3 9 496000 2
1 2 4 2 496000 2
1 2 4 9 496000 2
1 2 4 3 496000 2
1 2 4 8 496000 2
1 2 13 6 496500 2
1 2 13 8 496500 2
1 2 10 6 496500 2
1 2 9 3 496500 2
1 2 7 5 496500 2
1 2 7 3 496500 2
1 2 4 5 496500 2
1 2 6 9 496500 2
1 2 5 6 496500 2
1 2 5 3 496500 2
1 2 4 7 496500 2
1 2 4 3 496500 2
1 2 3 5 496500 2
1 2 2 6 496500 2
1 2 2 0 496500 2
1 2 1 0 496500 2
1 2 0 3 496500 2
1 2 0 3 496500 2
1 2 6 8 497000 2
1 2 14 9 497000 2
1 2 13 1 497000 2
1 2 11 4 497000 2
1 2 11 7 497000 2
1 2 10 7 497000 2
1 2 8 9 497000 2
1 2 5 3 497000 2
1 2 5 1 497000 2
1 2 4 9 497000 2
1 2 3 4 497000 2
1 2 3 4 497000 2
1 2 3 7 497000 2
1 2 5 8 497500 2
1 2 13 4 497500 2
1 2 11 4 497500 2
1 2 7 9 497500 2
1 2 7 2 497500 2
1 2 5 8 497500 2
1 2 3 5 497500 2
1 2 2 3 497500 2
1 2 2 9 497500 2
1 2 2 4 498000 2
1 2 14 9 498000 2
1 2 14 2 498000 2
1 2 13 7 498000 2
1 2 12 5 498000 2
1 2 11 9 498000 2
1 2 9 3 498000 2
1 2 7 3 498000 2
1 2 4 8 498000 2
1 2 2 8 498000 2
1 2 2 9 498000 2
1 2 5 2 498500 2
1 2 15 2 498500 2
1 2 15 1 498500 2
1 2 15 0 498500 2
1 2 12 9 498500 2
1 2 11 0 498500 2
1 2 7 7 498500 2
1 2 1 7 498500 2
1 2 3 5 498500 2
1 2 2 9 498500 2
1 2 8 9 498500 2
1 2 7 5 499000 2
1 2 11 9 499000 2
1 2 8 7 499000 2
1 2 6 9 499000 2
1 2 5 2 499000 2
1 2 5 6 499000 2
1 2 2 9 499000 2
1 2 1 4 499000 2
1 2 1 2 499000 2
1 2 0 8 499000 2
1 2 5 0 499000 2
1 2 8 6 499500 2
1 2 8 2 499500 2
1 2 9 3 499500 2
1 2 11 7 499500 2
1 2 12 9 499500 2
1 2 12 2 499500 2
1 2 12 6 499500 2
1 2 13 0 499500 2
1 2 14 2 499500 2
1 2 15 8 499500 2
1 2 11 1 499500 2
1 2 7 6 499500 2
1 2 7 3 499500 2
1 2 1 4 499500 2
1 2 7 5 499500 2
1 2 6 7 499500 2
1 2 6 8 499500 2
1 2 5 7 499500 2
1 2 5 9 499500 2
1 2 4 5 499500 2
1 2 3 3 499500 2
1 2 8 9 499500 2
1 2 4 6 500000 2
1 2 11 3 500000 2
1 2 7 7 500000 2
1 2 6 3 500000 2
1 2 5 3 500000 2
1 2 2 6 500000 2
1 2 1 3 500000 2
1 2 0 7 500000 2
1 2 13 6 500500 2
1 2 15 5 500500 2
1 2 15 4 500500 2
1 2 14 9 500500 2
1 2 13 4 500500 2
1 2 12 6 500500 2
1 2 12 8 500500 2
1 2 12 9 500500 2
1 2 11 7 500500 2
1 2 11 5 500500 2
1 2 8 7 500500 2
1 2 7 9 500500 2
1 2 7 9 500500 2
1 2 4 6 500500 2
1 2 4 0 500500 2
1 2 2 8 500500 2
1 2 1 4 500500 2
1 2 11 6 500500 2
1 2 15 7 501000 2
1 2 12 4 501000 2
1 2 11 3 501000 2
1 2 8 7 501000 2
1 2 7 5 501000 2
1 2 6 8 501000 2
1 2 5 6 501000 2
1 2 3 5 501000 2
1 2 0 8 501000 2
1 2 6 5 501000 2
1 2 12 2 501500 2
1 2 15 5 501500 2
1 2 14 0 501500 2
1 2 13 5 501500 2
1 2 11 2 501500 2
1 2 10 3 501500 2
1 2 9 0 501500 2
1 2 6 7 501500 2
1 2 4 6 501500 2
1 2 2 8 501500 2
1 2 0 4 502000 2
1 2 15 3 502000 2
1 2 15 8 502000 2
1 2 14 7 502000 2
1 2 12 6 502000 2
1 2 11 4 502000 2
1 2 11 6 502000 2
1 2 10 6 502000 2
1 2 9 2 502000 2
1 2 7 5 502000 2
1 2 4 0 502000 2
1 2 4 7 502000 2
1 2 3 7 502000 2
1 2 0 3 502000 2
1 2 9 3 502000 2
1 2 11 7 502500 2
1 2 13 4 502500 2
1 2 13 3 502500 2
1 2 13 4 502500 2
1 2 12 2 502500 2
1 2 12 6 502500 2
1 2 11 8 502500 2
1 2 7 9 502500 2
1 2 6 5 502500 2
1 2 5 4 502500 2
1 2 5 5 502500 2
1 2 4 3 502500 2
1 2 3 4 502500 2
1 2 2 9 502500 2
1 2 2 4 502500 2
1 2 5 9 503000 2
1 2 15 9 503000 2
1 2 12 1 503000 2
1 2 12 2 503000 2
1 2 11 6 503000 2
1 2 10 8 503000 2
1 2 9 5 503000 2
1 2 9 5 503000 2
1 2 7 5 503000 2
1 2 2 3 503000 2
1 2 5 9 503000 2
1 2 5 3 503000 2
1 2 5 9 503000 2
1 2 4 9 503000 2
1 2 3 5 503000 2
1 2 8 9 503000 2
1 2 7 0 503500 2
1 2 15 1 503500 2
1 2 15 9 503500 2
1 2 14 2 503500 2
1 2 10 1 503500 2
1 2 9 5 503500 2
1 2 8 8 503500 2
1 2 8 7 503500 2
1 2 8 8 503500 2
1 2 5 6 503500 2
1 2 4 8 503500 2
1 2 3 4 503500 2
1 2 2 3 503500 2
1 2 2 9 503500 2
1 2 13 2 504000 2
1 2 15 6 504000 2
1 2 14 4 504000 2
1 2 13 3 504000 2
1 2 11 4 504000 2
1 2 9 9 504000 2
1 2 5 9 504000 2
1 2 2 9 504000 2
1 2 4 1 504000 2
1 2 4 3 504000 2
1 2 11 7 504000 2
1 2 8 7 504500 2
1 2 15 6 504500 2
1 2 15 3 504500 2
1 2 14 1 504500 2
1 2 14 8 504500 2
1 2 14 9 504500 2
1 2 12 8 504500 2
1 2 11 2 504500 2
1 2 11 5 504500 2
1 2 7 8 504500 2
1 2 5 4 504500 2
1 2 5 8 504500 2
1 2 4 2 504500 2
1 2 2 5 504500 2
1 2 2 6 504500 2
1 2 0 8 504500 2
1 2 15 8 505000 2
1 2 13 0 505000 2
1 2 12 3 505000 2
1 2 11 0 505000 2
1 2 11 2 505000 2
1 2 8 2 505000 2
1 2 5 3 505000 2
1 2 5 9 505000 2
1 2 3 2 505000 2
1 2 0 5 505000 2
1 2 10 8 505000 2
1 2 8 7 505500 2
1 2 14 3 505500 2
1 2 12 7 505500 2
1 2 12 6 505500 2
1 2 11 6 505500 2
1 2 11 3 505500 2
1 2 8 3 505500 2
1 2 8 9 505500 2
1 2 6 9 505500 2
1 2 5 8 505500 2
1 2 4 6 505500 2
1 2 4 3 505500 2
1 2 3 8 505500 2
1 2 3 4 505500 2
1 2 2 4 505500 2
1 2 2 5 505500 2
1 2 0 3 505500 2
1 2 6 8 505500 2
1 2 8 6 506000 2
1 2 10 7 506000 2
1 2 10 9 506000 2
1 2 6 7 506000 2
1 2 11 1 506000 2
1 2 11 5 506000 2
1 2 11 0 506000 2
1 2 11 2 506000 2
1 2 12 6 506000 2
1 2 12 1 506000 2
1 2 13 5 506000 2
1 2 15 8 506000 2
1 2 15 8 506000 2
1 2 7 8 506000 2
1 2 8 6 506000 2
1 2 0 4 506000 2
1 2 0 0 506000 2
1 2 1 0 506000 2
1 2 2 7 506000 2
1 2 2 8 506000 2
1 2 3 4 506000 2
1 2 4 7 506000 2
1 2 6 0 506000 2
1 2 6 8 506000 2
1 2 7 9 506000 2
1 2 5 3 506500 2
1 2 15 3 506500 2
1 2 13 2 506500 2
1 2 13 8 506500 2
1 2 12 8 506500 2
1 2 11 2 506500 2
1 2 10 5 506500 2
1 2 8 9 506500 2
1 2 6 2 506500 2
1 2 5 8 506500 2
1 2 5 5 506500 2
1 2 5 3 506500 2
1 2 4 9 506500 2
1 2 4 2 506500 2
1 2 3 2 506500 2
1 2 3 3 506500 2
1 2 3 4 506500 2
1 2 2 5 506500 2
1 2 1 9 506500 2
1 2 0 5 506500 2
1 2 6 7 507000 2
1 2 7 2 507000 2
1 2 7 0 507000 2
1 2 10 5 507000 2
1 2 10 8 507000 2
1 2 10 1 507000 2
1 2 11 6 507000 2
1 2 12 8 507000 2
1 2 15 2 507000 2
1 2 15 1 507000 2
1 2 0 9 507000 2
1 2 5 9 507000 2
1 2 0 9 507000 2
1 2 0 5 507000 2
1 2 6 3 507000 2
1 2 1 8 507000 2
1 2 1 4 507000 2
1 2 3 1 507000 2
1 2 4 2 507000 2
1 2 4 9 507000 2
1 2 5 9 507000 2
1 2 8 1 507500 2
1 2 9 1 507500 2
1 2 9 3 507500 2
1 2 11 7 507500 2
1 2 7 0 507500 2
1 2 11 3 507500 2
1 2 11 9 507500 2
1 2 11 4 507500 2
1 2 12 3 507500 2
1 2 13 8 507500 2
1 2 13 8 507500 2
1 2 14 5 507500 2
1 2 14 9 507500 2
1 2 14 9 507500 2
1 2 1 2 507500 2
1 2 0 8 507500 2
1 2 7 6 507500 2
1 2 0 5 507500 2
1 2 0 4 507500 2
1 2 1 0 507500 2
1 2 1 7 507500 2
1 2 3 2 507500 2
1 2 3 3 507500 2
1 2 3 1 507500 2
1 2 4 0 507500 2
1 2 4 4 507500 2
1 2 4 8 507500 2
1 2 4 8 507500 2
1 2 5 5 507500 2
1 2 5 3 507500 2
1 2 7 5 508000 2
1 2 15 8 508000 2
1 2 15 6 508000 2
1 2 14 8 508000 2
1 2 14 4 508000 2
1 2 12 4 508000 2
1 2 11 0 508000 2
1 2 10 1 508000 2
1 2 10 6 508000 2
1 2 6 3 508000 2
1 2 4 5 508000 2
1 2 3 5 508000 2
1 2 3 4 508000 2
1 2 3 4 508000 2
1 2 2 5 508000 2
1 2 0 1 508000 2
1 2 0 4 508000 2
1 2 8 4 508000 2
1 2 10 3 508500 2
1 2 8 2 508500 2
1 2 10 9 508500 2
1 2 11 2 508500 2
1 2 11 2 508500 2
1 2 11 9 508500 2
1 2 11 6 508500 2
1 2 12 4 508500 2
1 2 12 4 508500 2
1 2 14 2 508500 2
1 2 14 9 508500 2
1 2 15 2 508500 2
1 2 15 4 508500 2
1 2 7 3 508500 2
1 2 9 3 508500 2
1 2 2 8 508500 2
1 2 2 2 508500 2
1 2 2 1 508500 2
1 2 4 3 508500 2
1 2 4 2 508500 2
1 2 5 2 508500 2
1 2 5 9 508500 2
1 2 6 2 508500 2
1 2 6 3 508500 2
1 2 7 9 508500 2
1 2 12 4 509000 2
1 2 15 6 509000 2
1 2 13 9 509000 2
1 2 13 4 509000 2
1 2 12 8 509000 2
1 2 11 2 509000 2
1 2 11 0 509000 2
1 2 10 7 509000 2
1 2 9 7 509000 2
1 2 8 3 509000 2
1 2 8 2 509000 2
1 2 6 5 509000 2
1 2 7 3 509000 2
1 2 0 8 509000 2
1 2 1 0 509000 2
1 2 1 9 509000 2
1 2 0 8 509000 2
1 2 2 2 509000 2
1 2 4 3 509000 2
1 2 4 8 509000 2
1 2 5 8 509000 2
1 2 5 6 509000 2
1 2 15 3 509500 2
1 2 15 6 509500 2
1 2 15 6 509500 2
1 2 15 2 509500 2
1 2 14 8 509500 2
1 2 14 0 509500 2
1 2 12 4 509500 2
1 2 12 6 509500 2
1 2 9 0 509500 2
1 2 11 5 509500 2
1 2 10 6 509500 2
1 2 2 5 509500 2
1 2 3 4 509500 2
1 2 4 3 509500 2
1 2 5 9 509500 2
1 2 5 7 509500 2
1 2 6 3 509500 2
1 2 8 7 509500 2
1 2 8 2 509500 2
1 2 11 2 509500 2
1 2 3 8 510000 2
1 2 15 6 510000 2
1 2 14 2 510000 2
1 2 13 1 510000 2
1 2 12 8 510000 2
1 2 10 6 510000 2
1 2 6 0 510000 2
1 2 5 5 510000 2
1 2 4 2 510000 2
1 2 0 4 510000 2
1 2 1 3 510000 2
1 2 0 4 510000 2
1 2 6 3 510000 2
1 2 10 0 510500 2
1 2 15 2 510500 2
1 2 15 7 510500 2
1 2 14 3 510500 2
1 2 13 4 510500 2
1 2 12 2 510500 2
1 2 11 4 510500 2
1 2 11 7 510500 2
1 2 10 7 510500 2
1 2 9 2 510500 2
1 2 5 0 510500 2
1 2 0 3 510500 2
1 2 0 8 510500 2
1 2 1 6 510500 2
1 2 1 0 510500 2
1 2 2 1 510500 2
1 2 2 9 510500 2
1 2 3 4 510500 2
1 2 5 9 510500 2
1 2 7 8 510500 2
1 2 0 4 511000 2
1 2 15 3 511000 2
1 2 15 2 511000 2
1 2 15 0 511000 2
1 2 14 3 511000 2
1 2 14 9 511000 2
1 2 12 1 511000 2
1 2 12 1 511000 2
1 2 11 8 511000 2
1 2 10 6 511000 2
1 2 7 1 511000 2
1 2 0 8 511000 2
1 2 1 2 511000 2
1 2 1 0 511000 2
1 2 1 1 511000 2
1 2 3 8 511000 2
1 2 3 4 511000 2
1 2 5 0 511000 2
1 2 8 3 511000 2
1 2 12 1 511500 2
1 2 15 2 511500 2
1 2 15 9 511500 2
1 2 14 4 511500 2
1 2 12 8 511500 2
1 2 11 5 511500 2
1 2 11 1 511500 2
1 2 9 2 511500 2
1 2 6 3 511500 2
1 2 5 7 511500 2
1 2 5 7 511500 2
1 2 0 5 511500 2
1 2 3 8 511500 2
1 2 3 8 511500 2
1 2 1 0 511500 2
1 2 0 8 511500 2
1 2 8 9 511500 2
1 2 6 8 512000 2
1 2 13 2 512000 2
1 2 7 3 512000 2
1 2 8 9 512000 2
1 2 9 2 512000 2
1 2 10 2 512000 2
1 2 10 5 512000 2
1 2 10 3 512000 2
1 2 11 5 512000 2
1 2 11 4 512000 2
1 2 12 4 512000 2
1 2 0 4 512000 2
1 2 6 8 512000 2
1 2 0 3 512000 2
1 2 0 5 512000 2
1 2 2 3 512000 2
1 2 2 6 512000 2
1 2 3 8 512000 2
1 2 4 0 512000 2
1 2 4 5 512000 2
1 2 5 7 512000 2
1 2 5 2 512000 2
1 2 7 3 512500 2
1 2 15 4 512500 2
1 2 13 9 512500 2
1 2 11 4 512500 2
1 2 11 9 512500 2
1 2 10 8 512500 2
1 2 9 9 512500 2
1 2 8 3 512500 2
1 2 8 5 512500 2
1 2 8 8 512500 2
1 2 7 4 512500 2
1 2 0 7 512500 2
1 2 3 4 512500 2
1 2 4 4 512500 2
1 2 4 2 512500 2
1 2 5 9 512500 2
1 2 6 9 512500 2
1 2 7 4 512500 2
1 2 7 0 512500 2
1 2 7 4 512500 2
1 2 15 7 513000 2
1 2 14 5 513000 2
1 2 13 2 513000 2
1 2 11 3 513000 2
1 2 11 4 513000 2
1 2 8 2 513000 2
1 2 8 6 513000 2
1 2 7 8 513000 2
1 2 6 7 513000 2
1 2 6 1 513000 2
1 2 6 4 513000 2
1 2 1 9 513000 2
1 2 1 7 513000 2
1 2 3 8 513000 2
1 2 4 2 513000 2
1 2 4 5 513000 2
1 2 5 9 513000 2
1 2 6 2 513000 2
1 2 7 1 513500 2
1 2 15 6 513500 2
1 2 13 2 513500 2
1 2 12 7 513500 2
1 2 12 4 513500 2
1 2 11 7 513500 2
1 2 8 8 513500 2
1 2 8 8 513500 2
1 2 8 6 513500 2
1 2 7 7 513500 2
1 2 5 0 513500 2
1 2 5 4 513500 2
1 2 5 8 513500 2
1 2 5 6 513500 2
1 2 4 7 513500 2
1 2 4 3 513500 2
1 2 3 8 513500 2
1 2 3 8 513500 2
1 2 6 8 513500 2
1 2 0 2 513500 2
1 2 14 8 514000 2
1 2 8 6 514000 2
1 2 8 7 514000 2
1 2 9 3 514000 2
1 2 10 1 514000 2
1 2 11 8 514000 2
1 2 11 4 514000 2
1 2 12 5 514000 2
1 2 13 2 514000 2
1 2 14 5 514000 2
1 2 15 1 514000 2
1 2 2 0 514000 2
1 2 6 7 514000 2
1 2 0 0 514000 2
1 2 1 1 514000 2
1 2 2 7 514000 2
1 2 2 2 514000 2
1 2 3 8 514000 2
1 2 4 4 514000 2
1 2 5 8 514000 2
1 2 6 8 514000 2
1 2 6 4 514000 2
1 2 6 0 514000 2
1 2 7 1 514000 2
1 2 15 1 514500 2
1 2 15 0 514500 2
1 2 14 2 514500 2
1 2 13 6 514500 2
1 2 13 7 514500 2
1 2 12 5 514500 2
1 2 11 6 514500 2
1 2 10 7 514500 2
1 2 8 3 514500 2
1 2 8 7 514500 2
1 2 6 4 514500 2
1 2 5 7 514500 2
1 2 4 8 514500 2
1 2 3 7 514500 2
1 2 3 4 514500 2
1 2 0 3 514500 2
1 2 0 7 514500 2
1 2 8 0 514500 2
1 2 8 2 515000 2
1 2 14 8 515000 2
1 2 14 8 515000 2
1 2 12 2 515000 2
1 2 11 6 515000 2
1 2 11 8 515000 2
1 2 9 0 515000 2
1 2 6 8 515000 2
1 2 6 2 515000 2
1 2 4 6 515000 2
1 2 4 3 515000 2
1 2 3 8 515000 2
1 2 2 3 515000 2
1 2 1 5 515000 2
1 2 8 9 515000 2
1 2 15 6 515500 2
1 2 12 1 515500 2
1 2 13 3 515500 2
1 2 14 2 515500 2
1 2 14 1 515500 2
1 2 14 4 515500 2
1 2 15 5 515500 2
1 2 15 2 515500 2
1 2 15 2 515500 2
1 2 13 5 515500 2
1 2 1 3 515500 2
1 2 10 8 515500 2
1 2 4 8 515500 2
1 2 5 0 515500 2
1 2 5 6 515500 2
1 2 6 3 515500 2
1 2 6 7 515500 2
1 2 7 4 515500 2
1 2 1 3 515500 2
1 2 9 0 515500 2
1 2 9 1 515500 2
1 2 7 4 516000 2
1 2 14 7 516000 2
1 2 14 3 516000 2
1 2 13 7 516000 2
1 2 12 2 516000 2
1 2 10 1 516000 2
1 2 9 3 516000 2
1 2 8 2 516000 2
1 2 7 9 516000 2
1 2 6 8 516000 2
1 2 4 8 516000 2
1 2 3 7 516000 2
1 2 3 2 516000 2
1 2 3 4 516000 2
1 2 2 3 516000 2
1 2 1 4 516000 2
1 2 1 7 516000 2
1 2 6 7 516000 2
1 2 11 0 516500 2
1 2 11 3 516500 2
1 2 11 4 516500 2
1 2 13 7 516500 2
1 2 14 2 516500 2
1 2 14 7 516500 2
1 2 14 8 516500 2
1 2 15 7 516500 2
1 2 15 6 516500 2
1 2 15 9 516500 2
1 2 3 7 516500 2
1 2 9 5 516500 2
1 2 11 2 516500 2
1 2 0 3 516500 2
1 2 0 2 516500 2
1 2 3 8 516500 2
1 2 4 0 516500 2
1 2 5 9 516500 2
1 2 6 8 516500 2
1 2 6 9 516500 2
1 2 8 6 516500 2
1 2 8 7 516500 2
1 2 10 9 517000 2
1 2 9 3 517000 2
1 2 10 7 517000 2
1 2 11 3 517000 2
1 2 12 7 517000 2
1 2 12 8 517000 2
1 2 12 5 517000 2
1 2 13 1 517000 2
1 2 14 4 517000 2
1 2 14 0 517000 2
1 2 14 0 517000 2
1 2 15 5 517000 2
1 2 15 1 517000 2
1 2 15 3 517000 2
1 2 15 1 517000 2
1 2 7 2 517000 2
1 2 0 3 517000 2
1 2 1 7 517000 2
1 2 2 9 517000 2
1 2 2 1 517000 2
1 2 3 5 517000 2
1 2 3 4 517000 2
1 2 4 7 517000 2
1 2 4 4 517000 2
1 2 5 3 517000 2
1 2 5 7 517000 2
1 2 6 6 517000 2
1 2 6 7 517000 2
1 2 7 1 517000 2
1 2 8 9 517000 2
1 2 4 5 517000 2
1 2 8 0 517500 2
1 2 8 7 517500 2
1 2 8 8 517500 2
1 2 8 8 517500 2
1 2 9 6 517500 2
1 2 11 1 517500 2
1 2 11 0 517500 2
1 2 3 8 517500 2
1 2 11 0 517500 2
1 2 12 2 517500 2
1 2 13 1 517500 2
1 2 14 3 517500 2
1 2 15 6 517500 2
1 2 15 6 517500 2
1 2 6 1 517500 2
1 2 8 2 517500 2
1 2 0 3 517500 2
1 2 0 7 517500 2
1 2 1 2 517500 2
1 2 1 9 517500 2
1 2 1 1 517500 2
1 2 3 5 517500 2
1 2 4 5 517500 2
1 2 4 0 517500 2
1 2 5 8 517500 2
1 2 5 3 517500 2
1 2 2 9 517500 2
1 2 6 4 518000 2
1 2 6 7 518000 2
1 2 8 2 518000 2
1 2 8 0 518000 2
1 2 8 2 518000 2
1 2 8 3 518000 2
1 2 10 0 518000 2
1 2 12 0 518000 2
1 2 12 3 518000 2
1 2 14 8 518000 2
1 2 15 0 518000 2
1 2 13 7 518000 2
1 2 0 2 518000 2
1 2 5 2 518000 2
1 2 1 3 518000 2
1 2 0 6 518000 2
1 2 1 8 518000 2
1 2 1 2 518000 2
1 2 2 7 518000 2
1 2 2 6 518000 2
1 2 2 3 518000 2
1 2 3 8 518000 2
1 2 4 5 518000 2
1 2 4 7 518000 2
1 2 9 5 518500 2
1 2 15 1 518500 2
1 2 15 9 518500 2
1 2 15 7 518500 2
1 2 15 8 518500 2
1 2 15 8 518500 2
1 2 14 8 518500 2
1 2 14 4 518500 2
1 2 12 5 518500 2
1 2 11 3 518500 2
1 2 7 5 518500 2
1 2 6 4 518500 2
1 2 6 4 518500 2
1 2 5 9 518500 2
1 2 4 2 518500 2
1 2 4 2 518500 2
1 2 4 3 518500 2
1 2 2 8 518500 2
1 2 0 5 518500 2
1 2 8 9 518500 2
1 2 7 1 519000 2
1 2 8 9 519000 2
1 2 8 7 519000 2
1 2 9 3 519000 2
1 2 11 1 519000 2
1 2 11 9 519000 2
1 2 11 0 519000 2
1 2 12 7 519000 2
1 2 13 5 519000 2
1 2 13 5 519000 2
1 2 14 6 519000 2
1 2 1 7 519000 2
1 2 7 7 519000 2
1 2 7 7 519000 2
1 2 1 7 519000 2
1 2 1 4 519000 2
1 2 3 4 519000 2
1 2 3 9 519000 2
1 2 5 8 519000 2
1 2 6 8 519000 2
1 2 6 3 519000 2
1 2 6 3 519000 2
1 2 6 0 519000 2
1 2 6 1 519500 2
1 2 7 4 519500 2
1 2 8 8 519500 2
1 2 8 7 519500 2
1 2 9 9 519500 2
1 2 9 3 519500 2
1 2 9 3 519500 2
1 2 10 9 519500 2
1 2 11 4 519500 2
1 2 11 0 519500 2
1 2 13 5 519500 2
1 2 15 0 519500 2
1 2 15 3 519500 2
1 2 15 6 519500 2
1 2 6 9 519500 2
1 2 1 7 519500 2
1 2 2 5 519500 2
1 2 2 5 519500 2
1 2 2 0 519500 2
1 2 2 6 519500 2
1 2 3 8 519500 2
1 2 3 9 519500 2
1 2 3 4 519500 2
1 2 4 6 519500 2
1 2 4 5 519500 2
1 2 6 2 519500 2
1 2 6 1 519500 2
1 2 7 5 519500 2
1 2 13 2 520000 2
1 2 12 4 520000 2
1 2 12 4 520000 2
1 2 5 3 520000 2
1 2 11 0 520000 2
1 2 11 9 520000 2
1 2 8 3 520000 2
1 2 8 7 520000 2
1 2 7 7 520000 2
1 2 6 3 520000 2
1 2 3 4 520000 2
1 2 2 0 520000 2
1 2 1 5 520000 2
1 2 8 7 520000 2
1 2 12 8 520500 2
1 2 15 7 520500 2
1 2 15 7 520500 2
1 2 12 9 520500 2
1 2 12 3 520500 2
1 2 12 9 520500 2
1 2 11 0 520500 2
1 2 11 9 520500 2
1 2 6 2 520500 2
1 2 4 5 520500 2
1 2 1 9 520500 2
1 2 3 5 521000 2
1 2 15 2 521000 2
1 2 14 9 521000 2
1 2 14 3 521000 2
1 2 11 2 521000 2
1 2 7 4 521000 2
1 2 7 5 521000 2
1 2 6 4 521000 2
1 2 2 8 521000 2
1 2 2 9 521000 2
1 2 2 9 521000 2
1 2 1 0 521000 2
1 2 0 4 521000 2
1 2 0 4 521000 2
1 2 4 5 521500 2
1 2 11 6 521500 2
1 2 6 8 521500 2
1 2 4 6 521500 2
1 2 2 1 521500 2
1 2 9 3 522000 2
1 2 9 9 522000 2
1 2 10 1 522000 2
1 2 12 8 522000 2
1 2 13 8 522000 2
1 2 13 1 522000 2
1 2 13 3 522000 2
1 2 14 3 522000 2
1 2 14 9 522000 2
1 2 15 7 522000 2
1 2 15 3 522000 2
1 2 13 5 522000 2
1 2 8 0 522000 2
1 2 8 5 522000 2
1 2 0 3 522000 2
1 2 2 0 522000 2
1 2 2 9 522000 2
1 2 3 8 522000 2
1 2 0 1 522000 2
1 2 4 7 522000 2
1 2 4 3 522000 2
1 2 4 6 522000 2
1 2 5 2 522000 2
1 2 6 9 522000 2
1 2 7 4 522000 2
1 2 6 4 522500 2
1 2 14 9 522500 2
1 2 14 1 522500 2
1 2 12 5 522500 2
1 2 12 7 522500 2
1 2 12 1 522500 2
1 2 10 4 522500 2
1 2 5 6 522500 2
1 2 5 9 522500 2
1 2 4 0 522500 2
1 2 4 2 522500 2
1 2 8 8 522500 2
1 2 1 6 522500 2
1 2 14 1 523000 2
1 2 7 3 523000 2
1 2 8 9 523000 2
1 2 9 5 523000 2
1 2 10 8 523000 2
1 2 11 7 523000 2
1 2 13 5 523000 2
1 2 14 0 523000 2
1 2 14 9 523000 2
1 2 15 4 523000 2
1 2 5 9 523000 2
1 2 5 0 523000 2
1 2 5 3 523000 2
1 2 5 9 523000 2
1 2 4 3 523000 2
1 2 4 4 523000 2
1 2 3 8 523000 2
1 2 3 7 523000 2
1 2 2 4 523000 2
1 2 2 2 523000 2
1 2 7 7 523000 2
1 2 5 7 523500 2
1 2 15 1 523500 2
1 2 15 9 523500 2
1 2 14 9 523500 2
1 2 13 2 523500 2
1 2 12 5 523500 2
1 2 5 8 523500 2
1 2 5 0 523500 2
1 2 1 5 523500 2
1 2 0 8 523500 2
1 2 11 3 524000 2
1 2 15 2 524000 2
1 2 14 1 524000 2
1 2 14 2 524000 2
1 2 13 2 524000 2
1 2 12 8 524000 2
1 2 12 1 524000 2
1 2 11 3 524000 2
1 2 8 4 524000 2
1 2 2 2 524000 2
1 2 7 3 524000 2
1 2 5 5 524000 2
1 2 3 4 524000 2
1 2 3 8 524000 2
1 2 3 3 524000 2
1 2 2 2 524000 2
1 2 9 0 524000 2
1 2 9 1 524500 2
1 2 15 0 524500 2
1 2 14 4 524500 2
1 2 14 4 524500 2
1 2 14 1 524500 2
1 2 13 6 524500 2
1 2 12 8 524500 2
1 2 7 4 524500 2
1 2 4 4 524500 2
1 2 1 9 524500 2
1 2 0 4 524500 2
1 2 0 6 524500 2
1 2 5 5 525000 2
1 2 13 3 525000 2
1 2 12 3 525000 2
1 2 11 7 525000 2
1 2 9 6 525000 2
1 2 8 1 525000 2
1 2 7 8 525000 2
1 2 4 2 525000 2
1 2 3 4 525000 2
1 2 2 3 525000 2
1 2 1 8 525000 2
1 2 0 3 525000 2
1 2 0 1 525000 2
1 2 11 5 525500 2
1 2 15 4 525500 2
1 2 15 8 525500 2
1 2 13 2 525500 2
1 2 12 5 525500 2
1 2 10 4 525500 2
1 2 6 9 525500 2
1 2 5 9 525500 2
1 2 5 9 525500 2
1 2 3 4 525500 2
1 2 2 4 525500 2
1 2 1 2 525500 2
1 2 11 8 526000 2
1 2 15 2 526000 2
1 2 14 9 526000 2
1 2 13 9 526000 2
1 2 11 6 526000 2
1 2 11 5 526000 2
1 2 10 3 526000 2
1 2 9 5 526000 2
1 2 7 4 526000 2
1 2 6 2 526000 2
1 2 6 9 526000 2
1 2 1 4 526000 2
1 2 1 6 526000 2
1 2 2 9 526000 2
1 2 2 6 526000 2
1 2 3 8 526000 2
1 2 3 4 526000 2
1 2 5 3 526000 2
1 2 7 9 526500 2
1 2 15 2 526500 2
1 2 15 8 526500 2
1 2 14 2 526500 2
1 2 13 2 526500 2
1 2 13 4 526500 2
1 2 12 8 526500 2
1 2 10 1 526500 2
1 2 9 0 526500 2
1 2 8 7 526500 2
1 2 6 2 526500 2
1 2 4 7 526500 2
1 2 4 9 526500 2
1 2 3 8 526500 2
1 2 3 4 526500 2
1 2 2 9 526500 2
1 2 12 4 527000 2
1 2 14 8 527000 2
1 2 13 0 527000 2
1 2 13 3 527000 2
1 2 12 7 527000 2
1 2 12 4 527000 2
1 2 6 7 527000 2
1 2 2 4 527000 2
1 2 1 7 527000 2
1 2 1 5 527000 2
1 2 0 4 527000 2
1 2 10 9 527000 2
1 2 11 0 527500 2
1 2 15 4 527500 2
1 2 15 5 527500 2
1 2 14 9 527500 2
1 2 13 2 527500 2
1 2 12 8 527500 2
1 2 12 8 527500 2
1 2 12 8 527500 2
1 2 11 3 527500 2
1 2 10 4 527500 2
1 2 0 8 527500 2
1 2 1 5 527500 2
1 2 2 9 527500 2
1 2 3 4 527500 2
1 2 3 1 527500 2
1 2 4 5 527500 2
1 2 6 5 527500 2
1 2 6 3 527500 2
1 2 10 1 527500 2
1 2 15 7 528000 2
1 2 15 2 528000 2
1 2 14 8 528000 2
1 2 14 1 528000 2
1 2 10 1 528000 2
1 2 10 8 528000 2
1 2 10 2 528000 2
1 2 7 3 528000 2
1 2 5 3 528000 2
1 2 6 3 528000 2
1 2 1 4 528000 2
1 2 2 5 528000 2
1 2 3 8 528000 2
1 2 4 8 528000 2
1 2 4 2 528000 2
1 2 4 6 528000 2
1 2 3 4 528000 2
1 2 8 3 528500 2
1 2 15 7 528500 2
1 2 14 2 528500 2
1 2 14 0 528500 2
1 2 13 5 528500 2
1 2 12 5 528500 2
1 2 11 6 528500 2
1 2 10 8 528500 2
1 2 9 0 528500 2
1 2 8 3 528500 2
1 2 8 9 528500 2
1 2 8 5 528500 2
1 2 5 6 528500 2
1 2 4 0 528500 2
1 2 4 1 528500 2
1 2 3 7 528500 2
1 2 3 4 528500 2
1 2 2 9 528500 2
1 2 0 2 528500 2
1 2 0 4 528500 2
1 2 10 3 529000 2
1 2 11 7 529000 2
1 2 12 2 529000 2
1 2 12 5 529000 2
1 2 14 0 529000 2
1 2 15 2 529000 2
1 2 8 3 529000 2
1 2 10 8 529000 2
1 2 6 5 529000 2
1 2 4 1 529000 2
1 2 3 4 529000 2
1 2 3 0 529000 2
1 2 3 4 529000 2
1 2 4 8 529500 2
1 2 15 2 529500 2
1 2 15 4 529500 2
1 2 15 6 529500 2
1 2 15 3 529500 2
1 2 12 8 529500 2
1 2 10 3 529500 2
1 2 10 9 529500 2
1 2 8 0 529500 2
1 2 7 7 529500 2
1 2 4 1 529500 2
1 2 3 7 529500 2
1 2 2 6 529500 2
1 2 0 8 529500 2
1 2 0 7 529500 2
1 2 8 6 530000 2
1 2 10 9 530000 2
1 2 12 8 530000 2
1 2 12 6 530000 2
1 2 14 8 530000 2
1 2 10 5 530000 2
1 2 5 3 530000 2
1 2 5 4 530000 2
1 2 2 5 530000 2
1 2 1 3 530000 2
1 2 0 3 530000 2
1 2 7 7 530000 2
1 2 9 2 530500 2
1 2 15 6 530500 2
1 2 14 8 530500 2
1 2 12 9 530500 2
1 2 11 4 530500 2
1 2 11 3 530500 2
1 2 11 8 530500 2
1 2 10 7 530500 2
1 2 8 2 530500 2
1 2 8 3 530500 2
1 2 8 9 530500 2
1 2 8 1 530500 2
1 2 7 1 530500 2
1 2 6 5 530500 2
1 2 4 3 530500 2
1 2 3 5 530500 2
1 2 2 4 530500 2
1 2 0 9 530500 2
1 2 8 9 531000 2
1 2 10 5 531000 2
1 2 11 4 531000 2
1 2 11 9 531000 2
1 2 12 4 531000 2
1 2 15 1 531000 2
1 2 15 3 531000 2
1 2 6 2 531000 2
1 2 5 4 531000 2
1 2 5 7 531000 2
1 2 4 6 531000 2
1 2 3 0 531000 2
1 2 2 2 531000 2
1 2 2 3 531000 2
1 2 6 4 531000 2
1 2 8 7 531500 2
1 2 15 4 531500 2
1 2 15 6 531500 2
1 2 13 0 531500 2
1 2 13 3 531500 2
1 2 12 8 531500 2
1 2 12 6 531500 2
1 2 10 7 531500 2
1 2 8 8 531500 2
1 2 8 9 531500 2
1 2 8 1 531500 2
1 2 8 7 531500 2
1 2 6 8 531500 2
1 2 5 8 531500 2
1 2 5 8 531500 2
1 2 4 1 531500 2
1 2 15 7 532000 2
1 2 15 4 532000 2
1 2 12 7 532000 2
1 2 10 6 532000 2
1 2 10 6 532000 2
1 2 10 1 532000 2
1 2 8 7 532000 2
1 2 6 0 532000 2
1 2 5 7 532000 2
1 2 4 8 532000 2
1 2 3 6 532000 2
1 2 0 3 532000 2
1 2 9 0 532000 2
1 2 12 6 532500 2
1 2 15 7 532500 2
1 2 15 0 532500 2
1 2 13 6 532500 2
1 2 13 1 532500 2
1 2 12 2 532500 2
1 2 11 8 532500 2
1 2 8 6 532500 2
1 2 8 0 532500 2
1 2 8 3 532500 2
1 2 4 6 532500 2
1 2 4 1 532500 2
1 2 11 4 533000 2
1 2 15 6 533000 2
1 2 13 9 533000 2
1 2 12 4 533000 2
1 2 12 2 533000 2
1 2 12 6 533000 2
1 2 11 0 533000 2
1 2 11 5 533000 2
1 2 10 3 533000 2
1 2 8 9 533000 2
1 2 9 3 533000 2
1 2 3 4 533000 2
1 2 3 7 533000 2
1 2 5 3 533000 2
1 2 5 6 533000 2
1 2 6 4 533000 2
1 2 3 1 533000 2
1 2 8 2 533000 2
1 2 15 0 533500 2
1 2 13 8 533500 2
1 2 12 7 533500 2
1 2 12 1 533500 2
1 2 12 6 533500 2
1 2 11 4 533500 2
1 2 11 5 533500 2
1 2 10 4 533500 2
1 2 10 9 533500 2
1 2 9 7 533500 2
1 2 8 0 533500 2
1 2 8 9 533500 2
1 2 6 9 533500 2
1 2 5 7 533500 2
1 2 2 6 533500 2
1 2 0 9 533500 2
1 2 0 9 533500 2
1 2 15 1 534000 2
1 2 15 9 534000 2
1 2 13 5 534000 2
1 2 13 3 534000 2
1 2 12 6 534000 2
1 2 11 6 534000 2
1 2 11 9 534000 2
1 2 11 0 534000 2
1 2 6 0 534000 2
1 2 4 8 534000 2
1 2 4 9 534000 2
1 2 4 2 534000 2
1 2 3 0 534000 2
1 2 1 2 534000 2
1 2 0 2 534000 2
1 2 10 6 534000 2
1 2 9 3 534500 2
1 2 15 6 534500 2
1 2 14 5 534500 2
1 2 11 5 534500 2
1 2 11 5 534500 2
1 2 6 3 534500 2
1 2 5 9 534500 2
1 2 5 4 534500 2
1 2 4 5 534500 2
1 2 2 2 534500 2
1 2 0 8 534500 2
1 2 12 6 535000 2
1 2 15 2 535000 2
1 2 15 3 535000 2
1 2 13 4 535000 2
1 2 13 7 535000 2
1 2 11 7 535000 2
1 2 11 0 535000 2
1 2 10 5 535000 2
1 2 9 9 535000 2
1 2 0 4 535000 2
1 2 9 6 535000 2
1 2 0 5 535000 2
1 2 0 1 535000 2
1 2 3 6 535000 2
1 2 3 7 535000 2
1 2 4 5 535000 2
1 2 6 9 535000 2
1 2 8 2 535000 2
1 2 9 5 535500 2
1 2 15 7 535500 2
1 2 15 6 535500 2
1 2 13 3 535500 2
1 2 10 4 535500 2
1 2 10 3 535500 2
1 2 10 5 535500 2
1 2 9 2 535500 2
1 2 7 7 535500 2
1 2 6 5 535500 2
1 2 5 9 535500 2
1 2 4 1 535500 2
1 2 3 6 535500 2
1 2 3 7 535500 2
1 2 2 8 535500 2
1 2 0 9 535500 2
1 2 8 7 535500 2
1 2 11 0 536000 2
1 2 11 7 536000 2
1 2 11 7 536000 2
1 2 12 6 536000 2
1 2 13 3 536000 2
1 2 14 5 536000 2
1 2 15 2 536000 2
1 2 15 9 536000 2
1 2 15 8 536000 2
1 2 8 7 536000 2
1 2 8 9 536000 2
1 2 9 4 536000 2
1 2 0 3 536000 2
1 2 2 9 536000 2
1 2 2 6 536000 2
1 2 4 6 536000 2
1 2 6 9 536000 2
1 2 8 6 536000 2
1 2 0 1 536000 2
1 2 6 5 536000 2
1 2 8 5 536500 2
1 2 14 2 536500 2
1 2 9 8 536500 2
1 2 10 3 536500 2
1 2 11 4 536500 2
1 2 11 0 536500 2
1 2 12 2 536500 2
1 2 12 6 536500 2
1 2 13 5 536500 2
1 2 13 4 536500 2
1 2 13 4 536500 2
1 2 14 4 536500 2
1 2 15 2 536500 2
1 2 7 9 536500 2
1 2 8 4 536500 2
1 2 1 2 536500 2
1 2 2 2 536500 2
1 2 0 5 536500 2
1 2 2 1 536500 2
1 2 5 3 536500 2
1 2 5 7 536500 2
1 2 6 3 536500 2
1 2 6 4 536500 2
1 2 6 1 536500 2
1 2 6 7 536500 2
1 2 7 5 536500 2
1 2 15 1 537000 2
1 2 15 0 537000 2
1 2 12 8 537000 2
1 2 12 2 537000 2
1 2 11 0 537000 2
1 2 5 1 537000 2
1 2 11 4 537000 2
1 2 10 5 537000 2
1 2 10 8 537000 2
1 2 9 7 537000 2
1 2 5 8 537000 2
1 2 4 4 537000 2
1 2 4 0 537000 2
1 2 2 8 537000 2
1 2 1 2 537000 2
1 2 6 4 537500 2
1 2 15 1 537500 2
1 2 15 9 537500 2
1 2 13 8 537500 2
1 2 13 1 537500 2
1 2 11 4 537500 2
1 2 11 1 537500 2
1 2 10 5 537500 2
1 2 9 9 537500 2
1 2 8 9 537500 2
1 2 5 9 537500 2
1 2 5 3 537500 2
1 2 4 5 537500 2
1 2 4 3 537500 2
1 2 3 4 537500 2
1 2 3 2 537500 2
1 2 1 2 537500 2
1 2 0 8 537500 2
1 2 15 1 538000 2
1 2 15 5 538000 2
1 2 15 8 538000 2
1 2 15 2 538000 2
1 2 14 0 538000 2
1 2 13 0 538000 2
1 2 11 9 538000 2
1 2 8 7 538000 2
1 2 6 3 538000 2
1 2 5 4 538000 2
1 2 2 2 538000 2
1 2 1 5 538000 2
1 2 0 8 538000 2
1 2 0 5 538000 2
1 2 9 7 538000 2
1 2 9 2 538500 2
1 2 8 0 538500 2
1 2 9 0 538500 2
1 2 11 4 538500 2
1 2 11 8 538500 2
1 2 12 9 538500 2
1 2 12 5 538500 2
1 2 14 9 538500 2
1 2 15 6 538500 2
1 2 8 9 538500 2
1 2 8 4 538500 2
1 2 6 4 538500 2
1 2 5 9 538500 2
1 2 4 8 538500 2
1 2 3 4 538500 2
1 2 2 4 538500 2
1 2 2 6 538500 2
1 2 1 2 538500 2
1 2 10 1 539000 2
1 2 10 2 539000 2
1 2 11 1 539000 2
1 2 11 2 539000 2
1 2 11 0 539000 2
1 2 11 2 539000 2
1 2 12 0 539000 2
1 2 14 0 539000 2
1 2 14 1 539000 2
1 2 15 4 539000 2
1 2 15 9 539000 2
1 2 6 4 539000 2
1 2 8 7 539000 2
1 2 1 2 539000 2
1 2 1 5 539000 2
1 2 2 8 539000 2
1 2 3 9 539000 2
1 2 3 7 539000 2
1 2 4 2 539000 2
1 2 5 9 539000 2
1 2 5 0 539000 2
1 2 5 4 539000 2
1 2 8 9 539500 2
1 2 15 1 539500 2
1 2 15 9 539500 2
1 2 15 1 539500 2
1 2 14 2 539500 2
1 2 14 5 539500 2
1 2 13 3 539500 2
1 2 12 0 539500 2
1 2 11 9 539500 2
1 2 11 4 539500 2
1 2 10 5 539500 2
1 2 9 1 539500 2
1 2 6 8 539500 2
1 2 3 9 539500 2
1 2 3 4 539500 2
1 2 3 7 539500 2
1 2 2 5 539500 2
1 2 0 8 539500 2
1 2 0 9 540000 2
1 2 11 3 540000 2
1 2 9 6 540000 2
1 2 8 2 540000 2
1 2 8 2 540000 2
1 2 6 3 540000 2
1 2 5 0 540000 2
1 2 2 2 540000 2
1 2 0 3 540000 2
1 2 6 0 540000 2
1 2 8 3 540500 2
1 2 15 2 540500 2
1 2 15 2 540500 2
1 2 9 3 540500 2
1 2 8 0 540500 2
1 2 7 2 540500 2
1 2 6 3 540500 2
1 2 5 6 540500 2
1 2 4 4 540500 2
1 2 2 9 540500 2
1 2 0 4 540500 2
1 2 14 8 541000 2
1 2 12 4 541000 2
1 2 11 5 541000 2
1 2 11 4 541000 2
1 2 11 0 541000 2
1 2 11 8 541000 2
1 2 11 3 541000 2
1 2 11 5 541000 2
1 2 8 7 541000 2
1 2 8 0 541000 2
1 2 6 7 541000 2
1 2 6 3 541000 2
1 2 4 8 541000 2
1 2 3 8 541000 2
1 2 0 4 541000 2
1 2 9 5 541000 2
1 2 11 1 541500 2
1 2 15 1 541500 2
1 2 15 5 541500 2
1 2 14 9 541500 2
1 2 13 5 541500 2
1 2 11 4 541500 2
1 2 11 4 541500 2
1 2 11 4 541500 2
1 2 10 6 541500 2
1 2 9 3 541500 2
1 2 8 3 541500 2
1 2 6 8 541500 2
1 2 4 8 541500 2
1 2 3 5 541500 2
1 2 15 3 542000 2
1 2 15 1 542000 2
1 2 14 2 542000 2
1 2 11 0 542000 2
1 2 10 1 542000 2
1 2 8 6 542000 2
1 2 7 9 542000 2
1 2 3 9 542000 2
1 2 3 8 542000 2
1 2 3 3 542000 2
1 2 2 9 542000 2
1 2 1 2 542000 2
1 2 0 5 542000 2
1 2 6 1 542000 2
1 2 8 0 542500 2
1 2 8 3 542500 2
1 2 9 5 542500 2
1 2 10 5 542500 2
1 2 10 6 542500 2
1 2 10 4 542500 2
1 2 11 4 542500 2
1 2 11 3 542500 2
1 2 13 1 542500 2
1 2 14 0 542500 2
1 2 15 9 542500 2
1 2 8 9 542500 2
1 2 1 4 542500 2
1 2 1 2 542500 2
1 2 1 4 542500 2
1 2 2 4 542500 2
1 2 3 1 542500 2
1 2 3 4 542500 2
1 2 6 8 542500 2
1 2 7 0 542500 2
1 2 7 9 542500 2
1 2 8 9 542500 2
1 2 15 2 543000 2
1 2 15 8 543000 2
1 2 14 9 543000 2
1 2 13 1 543000 2
1 2 13 8 543000 2
1 2 12 4 543000 2
1 2 11 0 543000 2
1 2 11 4 543000 2
1 2 11 1 543000 2
1 2 10 5 543000 2
1 2 8 3 543000 2
1 2 10 3 543000 2
1 2 0 3 543000 2
1 2 0 8 543000 2
1 2 2 4 543000 2
1 2 3 7 543000 2
1 2 4 1 543000 2
1 2 4 8 543000 2
1 2 5 6 543000 2
1 2 6 9 543000 2
1 2 8 9 543000 2
1 2 8 2 543500 2
1 2 15 6 543500 2
1 2 15 4 543500 2
1 2 14 3 543500 2
1 2 14 0 543500 2
1 2 13 4 543500 2
1 2 12 8 543500 2
1 2 11 4 543500 2
1 2 11 7 543500 2
1 2 11 0 543500 2
1 2 8 9 543500 2
1 2 5 5 543500 2
1 2 4 6 543500 2
1 2 3 7 543500 2
1 2 3 4 543500 2
1 2 3 8 543500 2
1 2 3 8 543500 2
1 2 8 8 544000 2
1 2 8 7 544000 2
1 2 8 7 544000 2
1 2 8 7 544000 2
1 2 9 2 544000 2
1 2 9 5 544000 2
1 2 10 8 544000 2
1 2 14 2 544000 2
1 2 2 6 544000 2
1 2 6 4 544000 2
1 2 5 1 544000 2
1 2 5 6 544000 2
1 2 4 3 544000 2
1 2 3 2 544000 2
1 2 2 0 544000 2
1 2 8 7 544000 2
1 2 2 5 544000 2
1 2 6 5 544500 2
1 2 6 5 544500 2
1 2 7 2 544500 2
1 2 7 8 544500 2
1 2 10 7 544500 2
1 2 11 9 544500 2
1 2 11 6 544500 2
1 2 11 0 544500 2
1 2 11 5 544500 2
1 2 12 6 544500 2
1 2 13 6 544500 2
1 2 14 0 544500 2
1 2 14 4 544500 2
1 2 5 3 544500 2
1 2 5 9 544500 2
1 2 0 6 544500 2
1 2 0 2 544500 2
1 2 1 7 544500 2
1 2 1 2 544500 2
1 2 2 9 544500 2
1 2 2 6 544500 2
1 2 3 5 544500 2
1 2 4 8 544500 2
1 2 5 9 544500 2
1 2 5 4 544500 2
1 2 5 8 544500 2
1 2 3 9 544500 2
1 2 9 9 545000 2
1 2 9 6 545000 2
1 2 11 2 545000 2
1 2 11 8 545000 2
1 2 12 6 545000 2
1 2 12 8 545000 2
1 2 13 8 545000 2
1 2 13 2 545000 2
1 2 13 5 545000 2
1 2 14 7 545000 2
1 2 15 7 545000 2
1 2 15 6 545000 2
1 2 10 9 545000 2
1 2 7 4 545000 2
1 2 0 2 545000 2
1 2 0 8 545000 2
1 2 3 4 545000 2
1 2 4 5 545000 2
1 2 4 9 545000 2
1 2 5 5 545000 2
1 2 5 5 545000 2
1 2 5 8 545000 2
1 2 5 3 545000 2
1 2 6 2 545000 2
1 2 7 0 545000 2
1 2 7 8 545000 2
1 2 7 3 545000 2
1 2 6 3 545500 2
1 2 7 2 545500 2
1 2 6 4 545500 2
1 2 10 9 545500 2
1 2 10 8 545500 2
1 2 11 4 545500 2
1 2 11 3 545500 2
1 2 11 4 545500 2
1 2 12 4 545500 2
1 2 12 6 545500 2
1 2 13 6 545500 2
1 2 13 5 545500 2
1 2 13 3 545500 2
1 2 14 9 545500 2
1 2 15 2 545500 2
1 2 15 7 545500 2
1 2 15 3 545500 2
1 2 9 0 545500 2
1 2 5 8 545500 2
1 2 5 3 545500 2
1 2 0 4 545500 2
1 2 0 3 545500 2
1 2 0 3 545500 2
1 2 1 9 545500 2
1 2 1 5 545500 2
1 2 1 5 545500 2
1 2 1 5 545500 2
1 2 2 8 545500 2
1 2 2 9 545500 2
1 2 2 6 545500 2
1 2 2 8 545500 2
1 2 4 9 545500 2
1 2 4 2 545500 2
1 2 4 3 545500 2
1 2 5 5 545500 2
1 2 2 0 545500 2
1 2 9 0 546000 2
1 2 10 1 546000 2
1 2 10 3 546000 2
1 2 10 6 546000 2
1 2 11 5 546000 2
1 2 11 0 546000 2
1 2 11 0 546000 2
1 2 12 5 546000 2
1 2 13 3 546000 2
1 2 13 9 546000 2
1 2 14 3 546000 2
1 2 14 8 546000 2
1 2 14 2 546000 2
1 2 15 0 546000 2
1 2 15 5 546000 2
1 2 7 2 546000 2
1 2 4 2 546000 2
1 2 0 1 546000 2
1 2 7 3 546000 2
1 2 2 8 546000 2
1 2 2 5 546000 2
1 2 3 8 546000 2
1 2 3 4 546000 2
1 2 4 3 546000 2
1 2 4 5 546000 2
1 2 5 9 546000 2
1 2 5 5 546000 2
1 2 5 2 546000 2
1 2 5 3 546000 2
1 2 6 2 546000 2
1 2 6 3 546000 2
1 2 6 3 546000 2
1 2 12 5 546500 2
1 2 11 7 546500 2
1 2 11 0 546500 2
1 2 15 9 546500 2
1 2 11 9 546500 2
1 2 10 5 546500 2
1 2 10 7 546500 2
1 2 9 9 546500 2
1 2 12 6 546500 2
1 2 13 1 546500 2
1 2 13 3 546500 2
1 2 14 5 546500 2
1 2 14 1 546500 2
1 2 15 6 546500 2
1 2 15 6 546500 2
1 2 15 5 546500 2
1 2 5 8 546500 2
1 2 7 4 546500 2
1 2 7 8 546500 2
1 2 0 8 546500 2
1 2 0 1 546500 2
1 2 1 9 546500 2
1 2 1 1 546500 2
1 2 2 7 546500 2
1 2 2 2 546500 2
1 2 2 7 546500 2
1 2 3 4 546500 2
1 2 4 4 546500 2
1 2 4 9 546500 2
1 2 4 3 546500 2
1 2 5 3 546500 2
1 2 5 7 546500 2
1 2 6 3 546500 2
1 2 3 4 546500 2
1 2 10 0 547000 2
1 2 10 8 547000 2
1 2 5 8 547000 2
1 2 11 8 547000 2
1 2 11 0 547000 2
1 2 11 7 547000 2
1 2 12 4 547000 2
1 2 13 8 547000 2
1 2 13 5 547000 2
1 2 14 4 547000 2
1 2 14 8 547000 2
1 2 15 0 547000 2
1 2 15 4 547000 2
1 2 15 3 547000 2
1 2 6 7 547000 2
1 2 0 1 547000 2
1 2 0 3 547000 2
1 2 1 4 547000 2
1 2 2 9 547000 2
1 2 2 6 547000 2
1 2 3 8 547000 2
1 2 4 2 547000 2
1 2 5 4 547000 2
1 2 5 5 547000 2
1 2 5 3 547000 2
1 2 6 0 547000 2
1 2 10 2 547000 2
1 2 4 8 547000 2
1 2 7 1 547500 2
1 2 8 9 547500 2
1 2 9 4 547500 2
1 2 11 0 547500 2
1 2 12 4 547500 2
1 2 12 8 547500 2
1 2 13 3 547500 2
1 2 14 1 547500 2
1 2 15 8 547500 2
1 2 15 2 547500 2
1 2 15 3 547500 2
1 2 1 3 547500 2
1 2 7 3 547500 2
1 2 7 7 547500 2
1 2 0 1 547500 2
1 2 0 4 547500 2
1 2 0 8 547500 2
1 2 1 5 547500 2
1 2 3 7 547500 2
1 2 5 5 547500 2
1 2 5 3 547500 2
1 2 6 5 547500 2
1 2 7 2 547500 2
1 2 4 4 547500 2
1 2 10 6 548000 2
1 2 12 8 548000 2
1 2 12 1 548000 2
1 2 12 4 548000 2
1 2 13 4 548000 2
1 2 13 0 548000 2
1 2 14 9 548000 2
1 2 14 7 548000 2
1 2 14 0 548000 2
1 2 14 8 548000 2
1 2 15 7 548000 2
1 2 7 8 548000 2
1 2 6 3 548000 2
1 2 0 8 548000 2
1 2 0 1 548000 2
1 2 2 9 548000 2
1 2 2 4 548000 2
1 2 3 8 548000 2
1 2 3 4 548000 2
1 2 4 1 548000 2
1 2 4 9 548000 2
1 2 4 1 548000 2
1 2 5 5 548000 2
1 2 5 7 548000 2
1 2 6 0 548000 2
1 2 8 9 548500 2
1 2 10 9 548500 2
1 2 10 6 548500 2
1 2 11 9 548500 2
1 2 12 2 548500 2
1 2 12 5 548500 2
1 2 13 7 548500 2
1 2 13 8 548500 2
1 2 13 3 548500 2
1 2 14 5 548500 2
1 2 14 0 548500 2
1 2 15 7 548500 2
1 2 0 6 548500 2
1 2 6 5 548500 2
1 2 0 9 548500 2
1 2 2 9 548500 2
1 2 3 8 548500 2
1 2 3 1 548500 2
1 2 4 7 548500 2
1 2 4 9 548500 2
1 2 4 8 548500 2
1 2 5 9 548500 2
1 2 5 3 548500 2
1 2 6 1 548500 2
1 2 4 4 548500 2
1 2 7 2 548500 2
1 2 6 6 549000 2
1 2 6 3 549000 2
1 2 6 1 549000 2
1 2 7 2 549000 2
1 2 7 8 549000 2
1 2 7 9 549000 2
1 2 7 1 549000 2
1 2 10 8 549000 2
1 2 11 2 549000 2
1 2 13 1 549000 2
1 2 14 7 549000 2
1 2 15 8 549000 2
1 2 0 4 549000 2
1 2 5 9 549000 2
1 2 5 6 549000 2
1 2 0 4 549000 2
1 2 2 6 549000 2
1 2 2 9 549000 2
1 2 3 8 549000 2
1 2 3 7 549000 2
1 2 4 3 549000 2
1 2 4 2 549000 2
1 2 5 8 549000 2
1 2 5 3 549000 2
1 2 3 4 549000 2
1 2 9 6 549500 2
1 2 9 7 549500 2
1 2 10 3 549500 2
1 2 10 9 549500 2
1 2 11 9 549500 2
1 2 11 4 549500 2
1 2 11 9 549500 2
1 2 11 3 549500 2
1 2 12 3 549500 2
1 2 12 9 549500 2
1 2 13 4 549500 2
1 2 14 1 549500 2
1 2 15 6 549500 2
1 2 15 7 549500 2
1 2 7 1 549500 2
1 2 0 8 549500 2
1 2 1 8 549500 2
1 2 2 6 549500 2
1 2 3 4 549500 2
1 2 3 4 549500 2
1 2 4 6 549500 2
1 2 5 6 549500 2
1 2 5 9 549500 2
1 2 6 3 549500 2
1 2 6 8 549500 2
1 2 7 4 549500 2
1 2 8 1 549500 2
1 2 4 6 549500 2
1 2 6 9 550000 2
1 2 6 3 550000 2
1 2 6 7 550000 2
1 2 6 3 550000 2
1 2 9 2 550000 2
1 2 11 3 550000 2
1 2 12 8 550000 2
1 2 13 5 550000 2
1 2 14 3 550000 2
1 2 14 3 550000 2
1 2 15 1 550000 2
1 2 0 2 550000 2
1 2 5 7 550000 2
1 2 5 2 550000 2
1 2 0 4 550000 2
1 2 1 3 550000 2
1 2 1 5 550000 2
1 2 2 9 550000 2
1 2 2 1 550000 2
1 2 3 4 550000 2
1 2 4 9 550000 2
1 2 5 9 550000 2
1 2 5 9 550000 2
1 2 5 0 550000 2
1 2 7 9 550500 2
1 2 15 7 550500 2
1 2 15 2 550500 2
1 2 14 2 550500 2
1 2 14 9 550500 2
1 2 13 5 550500 2
1 2 12 3 550500 2
1 2 12 2 550500 2
1 2 11 3 550500 2
1 2 8 4 550500 2
1 2 7 1 550500 2
1 2 1 9 550500 2
1 2 0 8 550500 2
1 2 0 8 550500 2
1 2 1 3 550500 2
1 2 3 2 550500 2
1 2 4 2 550500 2
1 2 4 0 550500 2
1 2 5 5 550500 2
1 2 5 3 550500 2
1 2 7 2 550500 2
1 2 7 8 550500 2
1 2 6 3 551000 2
1 2 10 9 551000 2
1 2 7 0 551000 2
1 2 7 5 551000 2
1 2 7 9 551000 2
1 2 7 4 551000 2
1 2 10 9 551000 2
1 2 11 7 551000 2
1 2 12 8 551000 2
1 2 13 1 551000 2
1 2 14 8 551000 2
1 2 15 7 551000 2
1 2 6 8 551000 2
1 2 6 7 551000 2
1 2 0 6 551000 2
1 2 0 2 551000 2
1 2 0 1 551000 2
1 2 0 3 551000 2
1 2 1 9 551000 2
1 2 4 6 551000 2
1 2 5 5 551000 2
1 2 5 9 551000 2
1 2 5 7 551000 2
1 2 6 3 551000 2
1 2 2 9 551000 2
1 2 6 7 551500 2
1 2 7 5 551500 2
1 2 7 5 551500 2
1 2 9 2 551500 2
1 2 10 8 551500 2
1 2 11 2 551500 2
1 2 12 7 551500 2
1 2 12 1 551500 2
1 2 12 9 551500 2
1 2 12 4 551500 2
1 2 12 8 551500 2
1 2 13 5 551500 2
1 2 13 3 551500 2
1 2 14 5 551500 2
1 2 15 0 551500 2
1 2 15 3 551500 2
1 2 6 1 551500 2
1 2 0 4 551500 2
1 2 0 6 551500 2
1 2 0 3 551500 2
1 2 1 3 551500 2
1 2 1 5 551500 2
1 2 2 5 551500 2
1 2 2 3 551500 2
1 2 2 2 551500 2
1 2 3 4 551500 2
1 2 4 2 551500 2
1 2 4 5 551500 2
1 2 4 8 551500 2
1 2 5 7 551500 2
1 2 5 7 551500 2
1 2 6 5 551500 2
1 2 3 8 551500 2
1 2 7 3 552000 2
1 2 9 2 552000 2
1 2 9 6 552000 2
1 2 11 0 552000 2
1 2 12 8 552000 2
1 2 12 4 552000 2
1 2 13 1 552000 2
1 2 13 9 552000 2
1 2 13 2 552000 2
1 2 14 0 552000 2
1 2 15 5 552000 2
1 2 15 6 552000 2
1 2 15 2 552000 2
1 2 10 0 552000 2
1 2 7 0 552000 2
1 2 7 6 552000 2
1 2 4 2 552000 2
1 2 4 7 552000 2
1 2 4 1 552000 2
1 2 5 6 552000 2
1 2 5 5 552000 2
1 2 5 8 552000 2
1 2 5 2 552000 2
1 2 6 3 552000 2
1 2 6 3 552000 2
1 2 1 1 552000 2
1 2 6 3 552000 2
1 2 7 8 552000 2
1 2 5 6 552000 2
1 2 10 9 552500 2
1 2 10 0 552500 2
1 2 11 2 552500 2
1 2 11 4 552500 2
1 2 11 5 552500 2
1 2 11 7 552500 2
1 2 12 2 552500 2
1 2 14 2 552500 2
1 2 15 2 552500 2
1 2 9 1 552500 2
1 2 7 4 552500 2
1 2 6 3 552500 2
1 2 6 5 552500 2
1 2 5 1 552500 2
1 2 4 8 552500 2
1 2 4 6 552500 2
1 2 2 9 552500 2
1 2 1 8 552500 2
1 2 0 9 552500 2
1 2 10 7 553000 2
1 2 3 1 553000 2
1 2 10 0 553000 2
1 2 11 7 553000 2
1 2 11 0 553000 2
1 2 11 0 553000 2
1 2 12 6 553000 2
1 2 13 2 553000 2
1 2 14 5 553000 2
1 2 14 9 553000 2
1 2 14 7 553000 2
1 2 14 9 553000 2
1 2 15 6 553000 2
1 2 15 6 553000 2
1 2 8 2 553000 2
1 2 0 2 553000 2
1 2 4 3 553000 2
1 2 4 1 553000 2
1 2 4 8 553000 2
1 2 5 9 553000 2
1 2 5 5 553000 2
1 2 6 3 553000 2
1 2 6 0 553000 2
1 2 6 3 553000 2
1 2 6 3 553000 2
1 2 7 2 553000 2
1 2 8 6 553000 2
1 2 9 2 553000 2
1 2 5 2 553500 2
1 2 15 3 553500 2
1 2 14 4 553500 2
1 2 14 5 553500 2
1 2 14 0 553500 2
1 2 14 9 553500 2
1 2 12 2 553500 2
1 2 11 1 553500 2
1 2 11 4 553500 2
1 2 11 4 553500 2
1 2 10 7 553500 2
1 2 5 0 553500 2
1 2 4 5 553500 2
1 2 5 6 553500 2
1 2 4 6 553500 2
1 2 11 3 553500 2
1 2 8 6 554000 2
1 2 15 9 554000 2
1 2 15 8 554000 2
1 2 13 7 554000 2
1 2 12 6 554000 2
1 2 12 7 554000 2
1 2 8 1 554000 2
1 2 5 7 554000 2
1 2 4 3 554000 2
1 2 2 2 554000 2
1 2 5 0 554000 2
1 2 2 6 554000 2
1 2 1 1 554000 2
1 2 1 2 554000 2
1 2 0 8 554000 2
1 2 0 2 554000 2
1 2 0 9 554000 2
1 2 10 8 554500 2
1 2 10 0 554500 2
1 2 10 0 554500 2
1 2 11 8 554500 2
1 2 11 7 554500 2
1 2 11 0 554500 2
1 2 11 0 554500 2
1 2 12 2 554500 2
1 2 12 9 554500 2
1 2 13 7 554500 2
1 2 14 5 554500 2
1 2 15 6 554500 2
1 2 3 0 554500 2
1 2 8 2 554500 2
1 2 0 4 554500 2
1 2 1 2 554500 2
1 2 1 3 554500 2
1 2 2 8 554500 2
1 2 2 9 554500 2
1 2 3 3 554500 2
1 2 4 8 554500 2
1 2 5 8 554500 2
1 2 5 4 554500 2
1 2 8 5 554500 2
1 2 8 1 554500 2
1 2 9 0 554500 2
1 2 0 3 555000 2
1 2 15 8 555000 2
1 2 15 0 555000 2
1 2 14 0 555000 2
1 2 14 2 555000 2
1 2 13 3 555000 2
1 2 11 0 555000 2
1 2 10 0 555000 2
1 2 9 0 555000 2
1 2 9 8 555000 2
1 2 8 4 555000 2
1 2 8 2 555000 2
1 2 4 3 555000 2
1 2 4 1 555000 2
1 2 4 1 555000 2
1 2 5 8 555000 2
1 2 6 8 555000 2
1 2 6 1 555000 2
1 2 4 6 555000 2
1 2 10 7 555500 2
1 2 15 5 555500 2
1 2 15 0 555500 2
1 2 14 9 555500 2
1 2 14 5 555500 2
1 2 13 2 555500 2
1 2 11 8 555500 2
1 2 10 9 555500 2
1 2 10 0 555500 2
1 2 9 2 555500 2
1 2 8 6 555500 2
1 2 0 3 555500 2
1 2 0 3 555500 2
1 2 0 1 555500 2
1 2 2 6 555500 2
1 2 3 1 555500 2
1 2 4 6 555500 2
1 2 5 4 555500 2
1 2 6 8 555500 2
1 2 8 7 555500 2
1 2 0 4 556000 2
1 2 15 2 556000 2
1 2 11 9 556000 2
1 2 11 6 556000 2
1 2 8 7 556000 2
1 2 7 0 556000 2
1 2 6 3 556000 2
1 2 6 2 556000 2
1 2 5 6 556000 2
1 2 5 0 556000 2
1 2 5 3 556000 2
1 2 3 3 556000 2
1 2 1 7 556000 2
1 2 0 9 556000 2
1 2 6 3 556000 2
1 2 11 8 556500 2
1 2 11 7 556500 2
1 2 11 4 556500 2
1 2 11 4 556500 2
1 2 11 3 556500 2
1 2 13 5 556500 2
1 2 14 9 556500 2
1 2 14 7 556500 2
1 2 15 8 556500 2
1 2 15 4 556500 2
1 2 15 9 556500 2
1 2 15 3 556500 2
1 2 9 0 556500 2
1 2 10 0 556500 2
1 2 0 3 556500 2
1 2 2 8 556500 2
1 2 2 7 556500 2
1 2 3 3 556500 2
1 2 4 7 556500 2
1 2 4 2 556500 2
1 2 5 8 556500 2
1 2 7 0 556500 2
1 2 7 4 556500 2
1 2 9 8 556500 2
1 2 15 0 557000 2
1 2 15 2 557000 2
1 2 15 4 557000 2
1 2 14 8 557000 2
1 2 14 5 557000 2
1 2 13 5 557000 2
1 2 12 1 557000 2
1 2 11 3 557000 2
1 2 9 8 557000 2
1 2 8 2 557000 2
1 2 7 3 557000 2
1 2 6 3 557000 2
1 2 4 6 557000 2
1 2 4 4 557000 2
1 2 2 7 557000 2
1 2 2 8 557000 2
1 2 0 8 557000 2
1 2 9 5 557000 2
1 2 9 0 557500 2
1 2 14 7 557500 2
1 2 12 5 557500 2
1 2 11 0 557500 2
1 2 10 6 557500 2
1 2 9 2 557500 2
1 2 8 7 557500 2
1 2 5 5 557500 2
1 2 4 0 557500 2
1 2 4 5 557500 2
1 2 3 6 557500 2
1 2 1 1 557500 2
1 2 9 0 557500 2
1 2 11 3 558000 2
1 2 13 7 558000 2
1 2 13 5 558000 2
1 2 8 0 558000 2
1 2 13 2 558000 2
1 2 14 2 558000 2
1 2 14 2 558000 2
1 2 14 6 558000 2
1 2 14 0 558000 2
1 2 14 2 558000 2
1 2 15 0 558000 2
1 2 15 2 558000 2
1 2 15 4 558000 2
1 2 10 7 558000 2
1 2 11 4 558000 2
1 2 0 8 558000 2
1 2 1 0 558000 2
1 2 1 0 558000 2
1 2 2 5 558000 2
1 2 4 9 558000 2
1 2 5 6 558000 2
1 2 6 3 558000 2
1 2 8 5 558000 2
1 2 9 8 558000 2
1 2 10 9 558000 2
1 2 4 2 558000 2
1 2 10 1 558500 2
1 2 11 4 558500 2
1 2 11 7 558500 2
1 2 11 8 558500 2
1 2 12 8 558500 2
1 2 13 7 558500 2
1 2 14 9 558500 2
1 2 15 2 558500 2
1 2 15 2 558500 2
1 2 15 0 558500 2
1 2 8 8 558500 2
1 2 8 2 558500 2
1 2 2 2 558500 2
1 2 3 1 558500 2
1 2 4 7 558500 2
1 2 5 9 558500 2
1 2 5 4 558500 2
1 2 6 8 558500 2
1 2 6 3 558500 2
1 2 7 3 558500 2
1 2 8 1 558500 2
1 2 10 9 558500 2
1 2 14 9 559000 2
1 2 15 0 559000 2
1 2 15 5 559000 2
1 2 12 6 559000 2
1 2 11 7 559000 2
1 2 11 4 559000 2
1 2 11 1 559000 2
1 2 10 8 559000 2
1 2 9 3 559000 2
1 2 9 2 559000 2
1 2 8 0 559000 2
1 2 8 6 559000 2
1 2 1 3 559000 2
1 2 3 6 559000 2
1 2 0 3 559000 2
1 2 4 8 559000 2
1 2 4 0 559000 2
1 2 4 0 559000 2
1 2 5 4 559000 2
1 2 6 7 559000 2
1 2 9 5 559500 2
1 2 15 2 559500 2
1 2 14 1 559500 2
1 2 14 4 559500 2
1 2 13 7 559500 2
1 2 12 8 559500 2
1 2 10 4 559500 2
1 2 10 9 559500 2
1 2 9 8 559500 2
1 2 7 4 559500 2
1 2 0 3 559500 2
1 2 2 6 559500 2
1 2 3 5 559500 2
1 2 4 4 559500 2
1 2 5 0 559500 2
1 2 6 3 559500 2
1 2 6 7 559500 2
1 2 7 5 559500 2
1 2 15 4 560000 2
1 2 2 8 560000 2
1 2 15 6 560000 2
1 2 14 0 560000 2
1 2 11 0 560000 2
1 2 11 9 560000 2
1 2 10 6 560000 2
1 2 9 0 560000 2
1 2 8 7 560000 2
1 2 7 5 560000 2
1 2 6 1 560000 2
1 2 5 4 560000 2
1 2 5 9 560000 2
1 2 4 6 560000 2
1 2 4 3 560000 2
1 2 3 5 560000 2
1 2 3 0 560000 2
1 2 2 6 560000 2
1 2 2 5 560000 2
1 2 0 5 560000 2
1 2 6 3 560000 2
1 2 6 2 560500 2
1 2 6 7 560500 2
1 2 8 3 560500 2
1 2 9 7 560500 2
1 2 9 6 560500 2
1 2 9 0 560500 2
1 2 10 5 560500 2
1 2 11 1 560500 2
1 2 11 4 560500 2
1 2 14 5 560500 2
1 2 5 6 560500 2
1 2 6 1 560500 2
1 2 0 9 560500 2
1 2 0 1 560500 2
1 2 1 8 560500 2
1 2 1 7 560500 2
1 2 2 6 560500 2
1 2 4 0 560500 2
1 2 4 4 560500 2
1 2 5 9 560500 2
1 2 2 2 560500 2
1 2 8 8 561000 2
1 2 15 8 561000 2
1 2 8 3 561000 2
1 2 9 6 561000 2
1 2 11 3 561000 2
1 2 11 2 561000 2
1 2 11 8 561000 2
1 2 11 7 561000 2
1 2 13 2 561000 2
1 2 14 4 561000 2
1 2 14 7 561000 2
1 2 15 3 561000 2
1 2 7 5 561000 2
1 2 8 5 561000 2
1 2 0 2 561000 2
1 2 0 2 561000 2
1 2 1 5 561000 2
1 2 1 1 561000 2
1 2 4 2 561000 2
1 2 4 1 561000 2
1 2 4 9 561000 2
1 2 6 4 561000 2
1 2 6 7 561000 2
1 2 6 9 561000 2
1 2 7 5 561000 2
1 2 15 3 561500 2
1 2 15 3 561500 2
1 2 14 8 561500 2
1 2 14 5 561500 2
1 2 13 4 561500 2
1 2 11 2 561500 2
1 2 11 9 561500 2
1 2 8 7 561500 2
1 2 10 9 561500 2
1 2 5 6 561500 2
1 2 4 0 561500 2
1 2 4 1 561500 2
1 2 4 4 561500 2
1 2 3 7 561500 2
1 2 2 7 561500 2
1 2 0 2 561500 2
1 2 9 1 561500 2
1 2 5 7 562000 2
1 2 5 6 562000 2
1 2 6 3 562000 2
1 2 8 7 562000 2
1 2 10 2 562000 2
1 2 11 0 562000 2
1 2 11 0 562000 2
1 2 12 9 562000 2
1 2 14 5 562000 2
1 2 14 2 562000 2
1 2 5 3 562000 2
1 2 5 7 562000 2
1 2 0 8 562000 2
1 2 0 2 562000 2
1 2 0 4 562000 2
1 2 1 7 562000 2
1 2 3 6 562000 2
1 2 3 8 562000 2
1 2 4 7 562000 2
1 2 8 2 562500 2
1 2 14 4 562500 2
1 2 13 7 562500 2
1 2 11 3 562500 2
1 2 11 9 562500 2
1 2 10 3 562500 2
1 2 8 5 562500 2
1 2 6 7 562500 2
1 2 6 5 562500 2
1 2 4 8 562500 2
1 2 5 8 562500 2
1 2 4 3 562500 2
1 2 3 7 562500 2
1 2 3 4 562500 2
1 2 2 6 562500 2
1 2 2 9 562500 2
1 2 1 9 562500 2
1 2 0 5 562500 2
1 2 9 0 563000 2
1 2 10 7 563000 2
1 2 11 3 563000 2
1 2 11 2 563000 2
1 2 11 3 563000 2
1 2 12 2 563000 2
1 2 13 8 563000 2
1 2 13 2 563000 2
1 2 13 3 563000 2
1 2 13 7 563000 2
1 2 15 9 563000 2
1 2 15 2 563000 2
1 2 2 7 563000 2
1 2 7 9 563000 2
1 2 0 4 563000 2
1 2 0 1 563000 2
1 2 2 7 563000 2
1 2 4 3 563000 2
1 2 4 9 563000 2
1 2 4 0 563000 2
1 2 4 4 563000 2
1 2 5 0 563000 2
1 2 5 3 563000 2
1 2 7 0 563000 2
1 2 7 2 563000 2
1 2 14 7 563500 2
1 2 14 6 563500 2
1 2 11 2 563500 2
1 2 11 7 563500 2
1 2 10 7 563500 2
1 2 8 9 563500 2
1 2 8 7 563500 2
1 2 6 3 563500 2
1 2 6 7 563500 2
1 2 5 4 563500 2
1 2 5 9 563500 2
1 2 4 5 563500 2
1 2 4 8 563500 2
1 2 3 5 563500 2
1 2 2 8 563500 2
1 2 2 2 563500 2
1 2 1 7 563500 2
1 2 6 3 563500 2
1 2 11 5 564000 2
1 2 14 2 564000 2
1 2 14 0 564000 2
1 2 13 5 564000 2
1 2 13 0 564000 2
1 2 11 5 564000 2
1 2 8 9 564000 2
1 2 4 5 564000 2
1 2 4 3 564000 2
1 2 4 6 564000 2
1 2 3 3 564000 2
1 2 2 0 564000 2
1 2 11 4 564000 2
1 2 15 6 564500 2
1 2 9 6 564500 2
1 2 9 5 564500 2
1 2 10 0 564500 2
1 2 11 7 564500 2
1 2 13 7 564500 2
1 2 13 3 564500 2
1 2 14 9 564500 2
1 2 14 8 564500 2
1 2 3 3 564500 2
1 2 7 2 564500 2
1 2 0 7 564500 2
1 2 1 3 564500 2
1 2 1 0 564500 2
1 2 4 8 564500 2
1 2 4 6 564500 2
1 2 5 3 564500 2
1 2 6 4 564500 2
1 2 6 4 564500 2
1 2 8 2 564500 2
1 2 15 2 565000 2
1 2 15 8 565000 2
1 2 14 0 565000 2
1 2 14 4 565000 2
1 2 11 2 565000 2
1 2 10 9 565000 2
1 2 10 8 565000 2
1 2 9 1 565000 2
1 2 7 5 565000 2
1 2 9 5 565000 2
1 2 0 7 565000 2
1 2 2 9 565000 2
1 2 3 8 565000 2
1 2 4 1 565000 2
1 2 6 3 565000 2
1 2 6 3 565000 2
1 2 3 7 565000 2
1 2 10 5 565500 2
1 2 15 3 565500 2
1 2 15 7 565500 2
1 2 14 5 565500 2
1 2 13 5 565500 2
1 2 13 6 565500 2
1 2 11 9 565500 2
1 2 9 0 565500 2
1 2 8 0 565500 2
1 2 1 9 565500 2
1 2 3 7 565500 2
1 2 4 0 565500 2
1 2 4 7 565500 2
1 2 5 9 565500 2
1 2 6 3 565500 2
1 2 8 2 565500 2
1 2 8 2 565500 2
1 2 15 9 566000 2
1 2 15 9 566000 2
1 2 14 0 566000 2
1 2 14 0 566000 2
1 2 11 9 566000 2
1 2 9 3 566000 2
1 2 8 2 566000 2
1 2 7 2 566000 2
1 2 6 8 566000 2
1 2 6 3 566000 2
1 2 5 9 566000 2
1 2 5 3 566000 2
1 2 4 4 566000 2
1 2 0 5 566000 2
1 2 6 3 566000 2
1 2 9 5 566500 2
1 2 14 9 566500 2
1 2 14 0 566500 2
1 2 14 2 566500 2
1 2 13 3 566500 2
1 2 11 7 566500 2
1 2 11 4 566500 2
1 2 6 3 566500 2
1 2 4 4 566500 2
1 2 3 4 566500 2
1 2 3 0 566500 2
1 2 2 3 566500 2
1 2 1 1 566500 2
1 2 0 7 566500 2
1 2 0 5 566500 2
1 2 5 8 566500 2
1 2 6 0 567000 2
1 2 7 1 567000 2
1 2 8 7 567000 2
1 2 11 3 567000 2
1 2 11 3 567000 2
1 2 12 2 567000 2
1 2 12 7 567000 2
1 2 13 4 567000 2
1 2 14 5 567000 2
1 2 15 3 567000 2
1 2 6 8 567000 2
1 2 6 0 567000 2
1 2 0 3 567000 2
1 2 0 7 567000 2
1 2 0 8 567000 2
1 2 3 2 567000 2
1 2 4 6 567000 2
1 2 4 8 567000 2
1 2 4 0 567000 2
1 2 5 7 567000 2
1 2 5 2 567000 2
1 2 9 1 567500 2
1 2 15 0 567500 2
1 2 14 7 567500 2
1 2 14 0 567500 2
1 2 13 8 567500 2
1 2 13 7 567500 2
1 2 12 9 567500 2
1 2 11 1 567500 2
1 2 4 9 567500 2
1 2 4 7 567500 2
1 2 2 3 567500 2
1 2 1 7 567500 2
1 2 4 2 568000 2
1 2 15 4 568000 2
1 2 15 6 568000 2
1 2 11 0 568000 2
1 2 11 3 568000 2
1 2 10 9 568000 2
1 2 8 7 568000 2
1 2 7 9 568000 2
1 2 6 7 568000 2
1 2 6 5 568000 2
1 2 5 3 568000 2
1 2 7 5 568000 2
1 2 4 1 568000 2
1 2 3 8 568000 2
1 2 9 4 568500 2
1 2 10 0 568500 2
1 2 10 8 568500 2
1 2 11 3 568500 2
1 2 11 9 568500 2
1 2 11 0 568500 2
1 2 11 4 568500 2
1 2 12 6 568500 2
1 2 13 4 568500 2
1 2 14 1 568500 2
1 2 15 6 568500 2
1 2 15 5 568500 2
1 2 15 9 568500 2
1 2 8 9 568500 2
1 2 9 5 568500 2
1 2 1 0 568500 2
1 2 1 8 568500 2
1 2 2 8 568500 2
1 2 2 5 568500 2
1 2 4 1 568500 2
1 2 4 1 568500 2
1 2 5 8 568500 2
1 2 5 7 568500 2
1 2 6 2 568500 2
1 2 8 5 568500 2
1 2 4 6 568500 2
1 2 10 0 569000 2
1 2 10 7 569000 2
1 2 11 0 569000 2
1 2 11 8 569000 2
1 2 11 0 569000 2
1 2 11 8 569000 2
1 2 13 9 569000 2
1 2 14 4 569000 2
1 2 15 9 569000 2
1 2 15 3 569000 2
1 2 9 3 569000 2
1 2 8 9 569000 2
1 2 0 6 569000 2
1 2 2 1 569000 2
1 2 2 4 569000 2
1 2 3 0 569000 2
1 2 4 1 569000 2
1 2 4 8 569000 2
1 2 5 8 569000 2
1 2 5 4 569000 2
1 2 7 2 569000 2
1 2 8 9 569000 2
1 2 2 5 569500 2
1 2 11 0 569500 2
1 2 10 8 569500 2
1 2 11 4 569500 2
1 2 12 6 569500 2
1 2 13 6 569500 2
1 2 13 4 569500 2
1 2 13 5 569500 2
1 2 14 5 569500 2
1 2 14 0 569500 2
1 2 15 4 569500 2
1 2 15 8 569500 2
1 2 15 9 569500 2
1 2 9 4 569500 2
1 2 9 2 569500 2
1 2 0 0 569500 2
1 2 0 8 569500 2
1 2 4 1 569500 2
1 2 4 8 569500 2
1 2 5 4 569500 2
1 2 5 0 569500 2
1 2 5 6 569500 2
1 2 6 1 569500 2
1 2 7 5 569500 2
1 2 8 0 569500 2
1 2 8 1 569500 2
1 2 10 2 570000 2
1 2 10 9 570000 2
1 2 10 6 570000 2
1 2 10 6 570000 2
1 2 10 8 570000 2
1 2 11 4 570000 2
1 2 11 9 570000 2
1 2 11 1 570000 2
1 2 14 5 570000 2
1 2 15 0 570000 2
1 2 15 4 570000 2
1 2 15 6 570000 2
1 2 15 9 570000 2
1 2 8 9 570000 2
1 2 9 7 570000 2
1 2 0 6 570000 2
1 2 1 0 570000 2
1 2 3 4 570000 2
1 2 3 2 570000 2
1 2 3 0 570000 2
1 2 4 1 570000 2
1 2 4 2 570000 2
1 2 5 9 570000 2
1 2 6 4 570000 2
1 2 8 7 570000 2
1 2 8 4 570000 2
1 2 10 3 570500 2
1 2 10 5 570500 2
1 2 11 4 570500 2
1 2 11 9 570500 2
1 2 11 0 570500 2
1 2 11 3 570500 2
1 2 11 0 570500 2
1 2 12 5 570500 2
1 2 13 8 570500 2
1 2 14 9 570500 2
1 2 14 6 570500 2
1 2 15 5 570500 2
1 2 15 8 570500 2
1 2 15 3 570500 2
1 2 15 9 570500 2
1 2 10 0 570500 2
1 2 0 3 570500 2
1 2 1 0 570500 2
1 2 1 7 570500 2
1 2 1 8 570500 2
1 2 2 8 570500 2
1 2 3 5 570500 2
1 2 4 1 570500 2
1 2 4 7 570500 2
1 2 5 0 570500 2
1 2 5 0 570500 2
1 2 7 5 570500 2
1 2 7 8 570500 2
1 2 8 0 570500 2
1 2 9 8 570500 2
1 2 8 3 571000 2
1 2 9 8 571000 2
1 2 10 6 571000 2
1 2 10 8 571000 2
1 2 11 7 571000 2
1 2 11 4 571000 2
1 2 13 5 571000 2
1 2 15 5 571000 2
1 2 15 2 571000 2
1 2 15 9 571000 2
1 2 15 6 571000 2
1 2 8 1 571000 2
1 2 8 2 571000 2
1 2 2 0 571000 2
1 2 3 2 571000 2
1 2 1 9 571000 2
1 2 4 5 571000 2
1 2 4 2 571000 2
1 2 4 4 571000 2
1 2 4 6 571000 2
1 2 4 4 571000 2
1 2 7 5 571000 2
1 2 8 4 571000 2
1 2 10 6 571500 2
1 2 15 9 571500 2
1 2 15 0 571500 2
1 2 14 1 571500 2
1 2 14 0 571500 2
1 2 14 9 571500 2
1 2 12 6 571500 2
1 2 11 0 571500 2
1 2 11 0 571500 2
1 2 11 3 571500 2
1 2 11 4 571500 2
1 2 9 0 571500 2
1 2 0 3 571500 2
1 2 2 8 571500 2
1 2 2 9 571500 2
1 2 4 6 571500 2
1 2 5 1 571500 2
1 2 5 3 571500 2
1 2 7 5 571500 2
1 2 8 2 571500 2
1 2 8 2 571500 2
1 2 9 9 571500 2
1 2 0 8 572000 2
1 2 8 7 572000 2
1 2 8 9 572000 2
1 2 10 7 572000 2
1 2 10 6 572000 2
1 2 10 4 572000 2
1 2 11 9 572000 2
1 2 13 1 572000 2
1 2 13 3 572000 2
1 2 14 9 572000 2
1 2 14 1 572000 2
1 2 15 5 572000 2
1 2 15 4 572000 2
1 2 5 0 572000 2
1 2 7 3 572000 2
1 2 0 3 572000 2
1 2 0 3 572000 2
1 2 1 0 572000 2
1 2 2 9 572000 2
1 2 3 4 572000 2
1 2 4 5 572000 2
1 2 4 1 572000 2
1 2 4 0 572000 2
1 2 5 3 572000 2
1 2 5 0 572000 2
1 2 9 1 572500 2
1 2 9 8 572500 2
1 2 10 6 572500 2
1 2 11 1 572500 2
1 2 11 0 572500 2
1 2 11 3 572500 2
1 2 11 8 572500 2
1 2 13 2 572500 2
1 2 14 3 572500 2
1 2 15 6 572500 2
1 2 15 1 572500 2
1 2 15 9 572500 2
1 2 7 5 572500 2
1 2 8 2 572500 2
1 2 9 6 572500 2
1 2 1 0 572500 2
1 2 1 0 572500 2
1 2 2 7 572500 2
1 2 3 4 572500 2
1 2 4 2 572500 2
1 2 4 9 572500 2
1 2 5 8 572500 2
1 2 5 2 572500 2
1 2 0 2 572500 2
1 2 8 7 572500 2
1 2 4 6 572500 2
1 2 9 1 573000 2
1 2 11 7 573000 2
1 2 10 6 573000 2
1 2 10 8 573000 2
1 2 11 1 573000 2
1 2 11 9 573000 2
1 2 11 3 573000 2
1 2 11 0 573000 2
1 2 13 1 573000 2
1 2 13 9 573000 2
1 2 14 0 573000 2
1 2 15 6 573000 2
1 2 15 8 573000 2
1 2 15 4 573000 2
1 2 8 2 573000 2
1 2 9 8 573000 2
1 2 1 3 573000 2
1 2 2 0 573000 2
1 2 2 6 573000 2
1 2 3 6 573000 2
1 2 4 2 573000 2
1 2 4 1 573000 2
1 2 4 8 573000 2
1 2 5 9 573000 2
1 2 5 2 573000 2
1 2 7 8 573000 2
1 2 8 5 573000 2
1 2 8 2 573000 2
1 2 8 7 573000 2
1 2 10 5 573500 2
1 2 10 9 573500 2
1 2 10 7 573500 2
1 2 10 5 573500 2
1 2 11 7 573500 2
1 2 11 0 573500 2
1 2 11 7 573500 2
1 2 11 0 573500 2
1 2 12 5 573500 2
1 2 13 6 573500 2
1 2 14 5 573500 2
1 2 14 4 573500 2
1 2 14 8 573500 2
1 2 14 2 573500 2
1 2 15 8 573500 2
1 2 15 2 573500 2
1 2 15 0 573500 2
1 2 9 1 573500 2
1 2 9 2 573500 2
1 2 0 8 573500 2
1 2 1 0 573500 2
1 2 1 7 573500 2
1 2 2 2 573500 2
1 2 2 8 573500 2
1 2 4 1 573500 2
1 2 4 1 573500 2
1 2 4 6 573500 2
1 2 5 9 573500 2
1 2 5 8 573500 2
1 2 5 1 573500 2
1 2 6 4 573500 2
1 2 7 6 573500 2
1 2 8 0 573500 2
1 2 8 2 573500 2
1 2 4 4 573500 2
1 2 10 0 574000 2
1 2 8 5 574000 2
1 2 10 6 574000 2
1 2 11 2 574000 2
1 2 11 4 574000 2
1 2 11 0 574000 2
1 2 11 5 574000 2
1 2 11 0 574000 2
1 2 12 5 574000 2
1 2 13 7 574000 2
1 2 13 5 574000 2
1 2 14 8 574000 2
1 2 15 0 574000 2
1 2 15 8 574000 2
1 2 15 9 574000 2
1 2 8 5 574000 2
1 2 8 3 574000 2
1 2 1 7 574000 2
1 2 2 6 574000 2
1 2 2 5 574000 2
1 2 2 6 574000 2
1 2 3 8 574000 2
1 2 4 1 574000 2
1 2 4 6 574000 2
1 2 5 5 574000 2
1 2 5 5 574000 2
1 2 5 1 574000 2
1 2 6 3 574000 2
1 2 7 0 574000 2
1 2 9 0 574500 2
1 2 9 2 574500 2
1 2 10 6 574500 2
1 2 11 1 574500 2
1 2 11 5 574500 2
1 2 11 9 574500 2
1 2 11 9 574500 2
1 2 12 8 574500 2
1 2 12 6 574500 2
1 2 14 0 574500 2
1 2 14 7 574500 2
1 2 14 9 574500 2
1 2 15 8 574500 2
1 2 15 0 574500 2
1 2 4 6 574500 2
1 2 8 1 574500 2
1 2 8 2 574500 2
1 2 0 8 574500 2
1 2 1 2 574500 2
1 2 2 0 574500 2
1 2 2 0 574500 2
1 2 2 5 574500 2
1 2 0 3 574500 2
1 2 5 4 574500 2
1 2 5 3 574500 2
1 2 5 0 574500 2
1 2 5 4 574500 2
1 2 8 6 574500 2
1 2 8 0 574500 2
1 2 4 8 574500 2
1 2 10 7 575000 2
1 2 10 8 575000 2
1 2 10 4 575000 2
1 2 11 5 575000 2
1 2 11 9 575000 2
1 2 11 0 575000 2
1 2 11 3 575000 2
1 2 11 0 575000 2
1 2 13 6 575000 2
1 2 14 5 575000 2
1 2 14 0 575000 2
1 2 15 2 575000 2
1 2 15 8 575000 2
1 2 15 9 575000 2
1 2 9 4 575000 2
1 2 10 0 575000 2
1 2 1 0 575000 2
1 2 1 0 575000 2
1 2 3 6 575000 2
1 2 4 6 575000 2
1 2 4 8 575000 2
1 2 5 9 575000 2
1 2 5 0 575000 2
1 2 6 8 575000 2
1 2 7 2 575000 2
1 2 8 5 575000 2
1 2 8 7 575000 2
1 2 8 1 575000 2
1 2 9 5 575000 2
1 2 7 3 575500 2
1 2 10 0 575500 2
1 2 10 4 575500 2
1 2 11 2 575500 2
1 2 11 4 575500 2
1 2 11 3 575500 2
1 2 14 4 575500 2
1 2 14 0 575500 2
1 2 15 0 575500 2
1 2 15 2 575500 2
1 2 15 4 575500 2
1 2 11 2 575500 2
1 2 6 4 575500 2
1 2 7 2 575500 2
1 2 1 7 575500 2
1 2 2 5 575500 2
1 2 3 6 575500 2
1 2 3 6 575500 2
1 2 4 6 575500 2
1 2 4 5 575500 2
1 2 5 4 575500 2
1 2 0 1 575500 2
1 2 5 3 575500 2
1 2 5 5 575500 2
1 2 5 8 575500 2
1 2 11 4 576000 2
1 2 10 8 576000 2
1 2 10 9 576000 2
1 2 10 6 576000 2
1 2 10 8 576000 2
1 2 9 2 576000 2
1 2 11 3 576000 2
1 2 11 0 576000 2
1 2 14 4 576000 2
1 2 14 2 576000 2
1 2 14 2 576000 2
1 2 15 5 576000 2
1 2 15 0 576000 2
1 2 15 8 576000 2
1 2 15 0 576000 2
1 2 9 9 576000 2
1 2 9 0 576000 2
1 2 0 0 576000 2
1 2 1 2 576000 2
1 2 1 6 576000 2
1 2 2 8 576000 2
1 2 2 7 576000 2
1 2 2 6 576000 2
1 2 3 6 576000 2
1 2 4 3 576000 2
1 2 4 6 576000 2
1 2 4 0 576000 2
1 2 5 0 576000 2
1 2 8 1 576000 2
1 2 8 3 576000 2
1 2 15 8 576500 2
1 2 15 8 576500 2
1 2 15 0 576500 2
1 2 13 5 576500 2
1 2 6 8 576500 2
1 2 12 2 576500 2
1 2 11 4 576500 2
1 2 11 0 576500 2
1 2 11 3 576500 2
1 2 11 9 576500 2
1 2 8 2 576500 2
1 2 4 0 576500 2
1 2 4 2 576500 2
1 2 2 3 576500 2
1 2 0 8 576500 2
1 2 1 2 577000 2
1 2 15 9 577000 2
1 2 15 6 577000 2
1 2 12 2 577000 2
1 2 11 1 577000 2
1 2 11 3 577000 2
1 2 11 2 577000 2
1 2 10 5 577000 2
1 2 10 5 577000 2
1 2 9 4 577000 2
1 2 9 3 577000 2
1 2 8 5 577000 2
1 2 8 0 577000 2
1 2 7 9 577000 2
1 2 5 4 577000 2
1 2 5 0 577000 2
1 2 2 2 577000 2
1 2 9 7 577000 2
1 2 8 0 577500 2
1 2 15 3 577500 2
1 2 8 0 577500 2
1 2 11 4 577500 2
1 2 12 6 577500 2
1 2 13 5 577500 2
1 2 13 2 577500 2
1 2 14 8 577500 2
1 2 15 6 577500 2
1 2 15 5 577500 2
1 2 15 2 577500 2
1 2 0 7 577500 2
1 2 7 9 577500 2
1 2 1 7 577500 2
1 2 1 1 577500 2
1 2 1 2 577500 2
1 2 2 6 577500 2
1 2 3 1 577500 2
1 2 3 0 577500 2
1 2 5 8 577500 2
1 2 6 3 577500 2
1 2 6 2 577500 2
1 2 7 3 577500 2
1 2 4 8 578000 2
1 2 15 4 578000 2
1 2 15 5 578000 2
1 2 15 5 578000 2
1 2 14 8 578000 2
1 2 14 9 578000 2
1 2 11 9 578000 2
1 2 10 9 578000 2
1 2 8 0 578000 2
1 2 6 0 578000 2
1 2 4 7 578000 2
1 2 3 8 578000 2
1 2 3 0 578000 2
1 2 2 5 578000 2
1 2 1 5 578000 2
1 2 1 7 578000 2
1 2 0 2 578000 2
1 2 0 3 578000 2
1 2 0 5 578000 2
1 2 5 6 578000 2
1 2 9 2 578500 2
1 2 10 5 578500 2
1 2 11 9 578500 2
1 2 11 3 578500 2
1 2 14 6 578500 2
1 2 14 0 578500 2
1 2 14 2 578500 2
1 2 15 0 578500 2
1 2 0 2 578500 2
1 2 15 0 578500 2
1 2 8 7 578500 2
1 2 9 9 578500 2
1 2 0 8 578500 2
1 2 1 0 578500 2
1 2 2 2 578500 2
1 2 4 3 578500 2
1 2 5 2 578500 2
1 2 5 2 578500 2
1 2 6 8 578500 2
1 2 6 9 578500 2
1 2 15 6 579000 2
1 2 15 6 579000 2
1 2 14 7 579000 2
1 2 13 6 579000 2
1 2 12 2 579000 2
1 2 12 8 579000 2
1 2 11 4 579000 2
1 2 11 8 579000 2
1 2 11 5 579000 2
1 2 11 2 579000 2
1 2 10 7 579000 2
1 2 9 0 579000 2
1 2 7 1 579000 2
1 2 0 9 579000 2
1 2 0 6 579000 2
1 2 0 8 579000 2
1 2 2 5 579000 2
1 2 4 1 579000 2
1 2 5 7 579000 2
1 2 5 2 579000 2
1 2 6 8 579000 2
1 2 6 8 579000 2
1 2 6 1 579000 2
1 2 8 9 579000 2
1 2 15 9 579500 2
1 2 15 6 579500 2
1 2 15 2 579500 2
1 2 15 0 579500 2
1 2 14 9 579500 2
1 2 12 9 579500 2
1 2 11 0 579500 2
1 2 11 2 579500 2
1 2 10 6 579500 2
1 2 9 3 579500 2
1 2 8 9 579500 2
1 2 8 7 579500 2
1 2 1 2 579500 2
1 2 0 8 579500 2
1 2 2 7 579500 2
1 2 4 3 579500 2
1 2 5 0 579500 2
1 2 7 3 579500 2
1 2 7 2 579500 2
1 2 8 2 579500 2
1 2 8 0 580000 2
1 2 11 3 580000 2
1 2 9 0 580000 2
1 2 9 2 580000 2
1 2 9 5 580000 2
1 2 9 2 580000 2
1 2 10 7 580000 2
1 2 10 6 580000 2
1 2 11 0 580000 2
1 2 11 6 580000 2
1 2 12 8 580000 2
1 2 13 9 580000 2
1 2 15 8 580000 2
1 2 8 4 580000 2
1 2 8 9 580000 2
1 2 0 7 580000 2
1 2 3 8 580000 2
1 2 4 2 580000 2
1 2 0 4 580000 2
1 2 4 4 580000 2
1 2 4 8 580000 2
1 2 5 4 580000 2
1 2 5 2 580000 2
1 2 6 3 580000 2
1 2 6 2 580000 2
1 2 7 2 580000 2
1 2 15 8 580500 2
1 2 14 8 580500 2
1 2 13 6 580500 2
1 2 13 9 580500 2
1 2 13 2 580500 2
1 2 10 7 580500 2
1 2 10 8 580500 2
1 2 6 3 580500 2
1 2 9 0 580500 2
1 2 7 9 580500 2
1 2 6 2 580500 2
1 2 5 5 580500 2
1 2 5 8 580500 2
1 2 4 9 580500 2
1 2 3 0 580500 2
1 2 3 6 580500 2
1 2 0 1 580500 2
1 2 8 9 580500 2
1 2 9 9 581000 2
1 2 9 4 581000 2
1 2 10 1 581000 2
1 2 10 3 581000 2
1 2 11 3 581000 2
1 2 12 8 581000 2
1 2 13 8 581000 2
1 2 15 6 581000 2
1 2 15 3 581000 2
1 2 8 7 581000 2
1 2 8 0 581000 2
1 2 7 3 581000 2
1 2 6 3 581000 2
1 2 6 1 581000 2
1 2 5 6 581000 2
1 2 3 1 581000 2
1 2 1 9 581000 2
1 2 0 3 581000 2
1 2 0 3 581000 2
1 2 9 1 581500 2
1 2 14 1 581500 2
1 2 10 1 581500 2
1 2 11 4 581500 2
1 2 11 3 581500 2
1 2 11 0 581500 2
1 2 11 4 581500 2
1 2 12 2 581500 2
1 2 13 3 581500 2
1 2 14 8 581500 2
1 2 15 9 581500 2
1 2 8 9 581500 2
1 2 8 2 581500 2
1 2 3 3 581500 2
1 2 4 2 581500 2
1 2 1 0 581500 2
1 2 4 8 581500 2
1 2 5 2 581500 2
1 2 6 1 581500 2
1 2 6 8 581500 2
1 2 7 7 581500 2
1 2 7 2 581500 2
1 2 15 9 582000 2
1 2 15 6 582000 2
1 2 14 5 582000 2
1 2 14 5 582000 2
1 2 13 5 582000 2
1 2 11 5 582000 2
1 2 10 2 582000 2
1 2 6 8 582000 2
1 2 9 8 582000 2
1 2 8 1 582000 2
1 2 8 0 582000 2
1 2 7 8 582000 2
1 2 7 5 582000 2
1 2 5 2 582000 2
1 2 4 0 582000 2
1 2 4 3 582000 2
1 2 3 1 582000 2
1 2 3 2 582000 2
1 2 2 0 582000 2
1 2 0 4 582000 2
1 2 8 1 582500 2
1 2 9 0 582500 2
1 2 11 7 582500 2
1 2 11 1 582500 2
1 2 11 2 582500 2
1 2 11 6 582500 2
1 2 13 6 582500 2
1 2 14 5 582500 2
1 2 15 0 582500 2
1 2 0 5 582500 2
1 2 7 8 582500 2
1 2 8 7 582500 2
1 2 0 8 582500 2
1 2 1 0 582500 2
1 2 3 8 582500 2
1 2 4 0 582500 2
1 2 5 2 582500 2
1 2 7 3 582500 2
1 2 7 9 582500 2
1 2 7 9 582500 2
1 2 11 3 583000 2
1 2 15 6 583000 2
1 2 14 7 583000 2
1 2 14 1 583000 2
1 2 13 6 583000 2
1 2 13 4 583000 2
1 2 11 4 583000 2
1 2 11 5 583000 2
1 2 9 8 583000 2
1 2 8 0 583000 2
1 2 5 0 583000 2
1 2 4 6 583000 2
1 2 3 2 583000 2
1 2 2 8 583000 2
1 2 1 0 583000 2
1 2 0 2 583000 2
1 2 0 8 583000 2
1 2 9 7 583000 2
1 2 15 4 583500 2
1 2 8 2 583500 2
1 2 9 8 583500 2
1 2 11 3 583500 2
1 2 11 5 583500 2
1 2 13 9 583500 2
1 2 14 7 583500 2
1 2 14 9 583500 2
1 2 15 8 583500 2
1 2 15 8 583500 2
1 2 15 5 583500 2
1 2 15 3 583500 2
1 2 2 6 583500 2
1 2 6 7 583500 2
1 2 0 4 583500 2
1 2 0 1 583500 2
1 2 1 5 583500 2
1 2 1 3 583500 2
1 2 3 2 583500 2
1 2 5 5 583500 2
1 2 4 6 583500 2
1 2 5 5 583500 2
1 2 5 9 583500 2
1 2 5 0 583500 2
1 2 8 9 583500 2
1 2 7 3 584000 2
1 2 8 2 584000 2
1 2 8 2 584000 2
1 2 10 4 584000 2
1 2 11 4 584000 2
1 2 11 5 584000 2
1 2 11 3 584000 2
1 2 13 9 584000 2
1 2 14 5 584000 2
1 2 15 3 584000 2
1 2 0 1 584000 2
1 2 5 2 584000 2
1 2 6 3 584000 2
1 2 0 9 584000 2
1 2 1 7 584000 2
1 2 2 5 584000 2
1 2 2 8 584000 2
1 2 3 2 584000 2
1 2 4 1 584000 2
1 2 4 8 584000 2
1 2 4 0 584000 2
1 2 5 5 584000 2
1 2 15 5 584500 2
1 2 14 9 584500 2
1 2 13 9 584500 2
1 2 12 8 584500 2
1 2 12 4 584500 2
1 2 11 0 584500 2
1 2 11 4 584500 2
1 2 10 9 584500 2
1 2 10 9 584500 2
1 2 8 9 584500 2
1 2 7 9 584500 2
1 2 5 9 584500 2
1 2 4 6 584500 2
1 2 3 4 584500 2
1 2 2 6 584500 2
1 2 2 9 584500 2
1 2 2 8 584500 2
1 2 1 5 584500 2
1 2 1 9 584500 2
1 2 8 9 584500 2
1 2 6 5 585000 2
1 2 6 8 585000 2
1 2 6 8 585000 2
1 2 7 8 585000 2
1 2 8 8 585000 2
1 2 8 3 585000 2
1 2 8 3 585000 2
1 2 8 3 585000 2
1 2 9 6 585000 2
1 2 11 0 585000 2
1 2 12 8 585000 2
1 2 14 5 585000 2
1 2 15 6 585000 2
1 2 5 7 585000 2
1 2 6 0 585000 2
1 2 0 4 585000 2
1 2 0 5 585000 2
1 2 0 8 585000 2
1 2 1 2 585000 2
1 2 1 5 585000 2
1 2 2 9 585000 2
1 2 2 4 585000 2
1 2 4 4 585000 2
1 2 4 1 585000 2
1 2 5 9 585000 2
1 2 5 3 585000 2
1 2 2 0 585000 2
1 2 7 9 585500 2
1 2 7 4 585500 2
1 2 7 5 585500 2
1 2 8 5 585500 2
1 2 8 5 585500 2
1 2 10 9 585500 2
1 2 10 9 585500 2
1 2 11 0 585500 2
1 2 12 1 585500 2
1 2 12 4 585500 2
1 2 12 4 585500 2
1 2 14 9 585500 2
1 2 14 3 585500 2
1 2 14 9 585500 2
1 2 6 7 585500 2
1 2 6 3 585500 2
1 2 0 2 585500 2
1 2 0 9 585500 2
1 2 0 5 585500 2
1 2 1 3 585500 2
1 2 1 1 585500 2
1 2 2 2 585500 2
1 2 2 3 585500 2
1 2 4 4 585500 2
1 2 5 3 585500 2
1 2 5 9 585500 2
1 2 6 4 585500 2
1 2 6 5 585500 2
1 2 6 3 585500 2
1 2 3 4 585500 2
1 2 6 3 586000 2
1 2 6 7 586000 2
1 2 7 9 586000 2
1 2 7 3 586000 2
1 2 7 1 586000 2
1 2 8 9 586000 2
1 2 8 2 586000 2
1 2 9 7 586000 2
1 2 10 8 586000 2
1 2 11 7 586000 2
1 2 11 9 586000 2
1 2 12 3 586000 2
1 2 15 2 586000 2
1 2 8 6 586000 2
1 2 5 8 586000 2
1 2 6 3 586000 2
1 2 0 9 586000 2
1 2 0 2 586000 2
1 2 1 1 586000 2
1 2 1 4 586000 2
1 2 2 5 586000 2
1 2 2 4 586000 2
1 2 0 2 586000 2
1 2 3 4 586000 2
1 2 4 7 586000 2
1 2 4 8 586000 2
1 2 4 7 586000 2
1 2 3 0 586000 2
1 2 7 5 586500 2
1 2 7 2 586500 2
1 2 7 3 586500 2
1 2 8 4 586500 2
1 2 8 3 586500 2
1 2 10 7 586500 2
1 2 12 9 586500 2
1 2 12 8 586500 2
1 2 12 4 586500 2
1 2 13 7 586500 2
1 2 14 4 586500 2
1 2 0 4 586500 2
1 2 6 4 586500 2
1 2 0 7 586500 2
1 2 0 8 586500 2
1 2 2 5 586500 2
1 2 4 4 586500 2
1 2 5 8 586500 2
1 2 6 3 586500 2
1 2 6 3 586500 2
1 2 6 3 586500 2
1 2 6 5 586500 2
1 2 4 3 586500 2
1 2 7 0 587000 2
1 2 15 0 587000 2
1 2 15 5 587000 2
1 2 14 8 587000 2
1 2 14 4 587000 2
1 2 13 2 587000 2
1 2 12 4 587000 2
1 2 12 2 587000 2
1 2 12 4 587000 2
1 2 12 2 587000 2
1 2 8 7 587000 2
1 2 7 8 587000 2
1 2 6 7 587000 2
1 2 6 8 587000 2
1 2 6 5 587000 2
1 2 6 3 587000 2
1 2 5 9 587000 2
1 2 4 8 587000 2
1 2 2 9 587000 2
1 2 1 6 587000 2
1 2 1 7 587000 2
1 2 8 4 587000 2
1 2 6 8 587500 2
1 2 6 3 587500 2
1 2 7 8 587500 2
1 2 7 3 587500 2
1 2 8 9 587500 2
1 2 8 7 587500 2
1 2 11 2 587500 2
1 2 11 4 587500 2
1 2 12 5 587500 2
1 2 14 4 587500 2
1 2 15 4 587500 2
1 2 6 6 587500 2
1 2 6 8 587500 2
1 2 1 7 587500 2
1 2 2 1 587500 2
1 2 3 9 587500 2
1 2 4 2 587500 2
1 2 4 0 587500 2
1 2 4 2 587500 2
1 2 5 3 587500 2
1 2 5 9 587500 2
1 2 6 2 587500 2
1 2 5 3 588000 2
1 2 13 5 588000 2
1 2 12 8 588000 2
1 2 12 8 588000 2
1 2 10 8 588000 2
1 2 10 7 588000 2
1 2 7 1 588000 2
1 2 7 1 588000 2
1 2 6 0 588000 2
1 2 5 7 588000 2
1 2 4 2 588000 2
1 2 4 8 588000 2
1 2 4 4 588000 2
1 2 3 0 588000 2
1 2 2 9 588000 2
1 2 0 4 588000 2
1 2 6 1 588500 2
1 2 10 9 588500 2
1 2 10 2 588500 2
1 2 10 9 588500 2
1 2 12 9 588500 2
1 2 12 0 588500 2
1 2 13 8 588500 2
1 2 14 9 588500 2
1 2 0 6 588500 2
1 2 3 2 588500 2
1 2 0 7 588500 2
1 2 0 8 588500 2
1 2 1 7 588500 2
1 2 1 5 588500 2
1 2 2 9 588500 2
1 2 3 7 588500 2
1 2 5 3 588500 2
1 2 15 0 589000 2
1 2 15 1 589000 2
1 2 15 7 589000 2
1 2 14 3 589000 2
1 2 14 4 589000 2
1 2 14 5 589000 2
1 2 13 5 589000 2
1 2 12 6 589000 2
1 2 12 7 589000 2
1 2 11 4 589000 2
1 2 11 9 589000 2
1 2 9 0 589000 2
1 2 6 5 589000 2
1 2 8 7 589000 2
1 2 0 7 589000 2
1 2 0 2 589000 2
1 2 0 8 589000 2
1 2 1 4 589000 2
1 2 2 3 589000 2
1 2 2 1 589000 2
1 2 4 2 589000 2
1 2 5 4 589000 2
1 2 6 6 589000 2
1 2 6 3 589000 2
1 2 14 5 589500 2
1 2 6 1 589500 2
1 2 6 3 589500 2
1 2 6 7 589500 2
1 2 8 4 589500 2
1 2 8 6 589500 2
1 2 8 3 589500 2
1 2 11 4 589500 2
1 2 11 2 589500 2
1 2 12 7 589500 2
1 2 12 7 589500 2
1 2 12 2 589500 2
1 2 15 2 589500 2
1 2 15 9 589500 2
1 2 4 3 589500 2
1 2 6 2 589500 2
1 2 0 2 589500 2
1 2 0 8 589500 2
1 2 1 0 589500 2
1 2 1 7 589500 2
1 2 1 1 589500 2
1 2 2 2 589500 2
1 2 2 3 589500 2
1 2 2 7 589500 2
1 2 3 4 589500 2
1 2 3 7 589500 2
1 2 3 4 589500 2
1 2 2 1 589500 2
1 2 6 7 590000 2
1 2 5 8 590000 2
1 2 6 4 590000 2
1 2 7 8 590000 2
1 2 7 4 590000 2
1 2 8 9 590000 2
1 2 10 0 590000 2
1 2 12 9 590000 2
1 2 12 2 590000 2
1 2 13 2 590000 2
1 2 14 6 590000 2
1 2 15 5 590000 2
1 2 6 0 590000 2
1 2 0 4 590000 2
1 2 0 5 590000 2
1 2 0 1 590000 2
1 2 0 2 590000 2
1 2 1 5 590000 2
1 2 2 2 590000 2
1 2 2 1 590000 2
1 2 3 8 590000 2
1 2 4 7 590000 2
1 2 6 3 590000 2
1 2 2 7 590000 2
1 2 6 9 590500 2
1 2 7 5 590500 2
1 2 8 0 590500 2
1 2 8 1 590500 2
1 2 9 1 590500 2
1 2 12 7 590500 2
1 2 12 2 590500 2
1 2 12 6 590500 2
1 2 14 9 590500 2
1 2 15 2 590500 2
1 2 0 4 590500 2
1 2 6 8 590500 2
1 2 6 8 590500 2
1 2 0 8 590500 2
1 2 0 5 590500 2
1 2 0 2 590500 2
1 2 0 8 590500 2
1 2 1 5 590500 2
1 2 1 8 590500 2
1 2 3 8 590500 2
1 2 4 2 590500 2
1 2 5 3 590500 2
1 2 6 5 591000 2
1 2 15 2 591000 2
1 2 12 6 591000 2
1 2 12 8 591000 2
1 2 12 9 591000 2
1 2 12 9 591000 2
1 2 10 9 591000 2
1 2 8 6 591000 2
1 2 8 7 591000 2
1 2 7 8 591000 2
1 2 7 1 591000 2
1 2 6 3 591000 2
1 2 0 6 591000 2
1 2 0 1 591000 2
1 2 1 5 591000 2
1 2 1 5 591000 2
1 2 3 4 591000 2
1 2 3 9 591000 2
1 2 3 4 591000 2
1 2 4 2 591000 2
1 2 5 3 591000 2
1 2 6 3 591000 2
1 2 15 6 591500 2
1 2 12 6 591500 2
1 2 12 9 591500 2
1 2 11 0 591500 2
1 2 11 3 591500 2
1 2 11 4 591500 2
1 2 11 1 591500 2
1 2 8 2 591500 2
1 2 8 6 591500 2
1 2 7 4 591500 2
1 2 6 4 591500 2
1 2 0 8 591500 2
1 2 6 7 591500 2
1 2 0 5 591500 2
1 2 0 2 591500 2
1 2 2 0 591500 2
1 2 3 9 591500 2
1 2 3 7 591500 2
1 2 4 6 591500 2
1 2 5 7 591500 2
1 2 5 8 591500 2
1 2 6 9 591500 2
1 2 6 8 591500 2
1 2 7 5 592000 2
1 2 13 5 592000 2
1 2 7 1 592000 2
1 2 8 0 592000 2
1 2 8 7 592000 2
1 2 11 6 592000 2
1 2 12 9 592000 2
1 2 12 3 592000 2
1 2 14 8 592000 2
1 2 14 5 592000 2
1 2 14 2 592000 2
1 2 15 2 592000 2
1 2 15 1 592000 2
1 2 15 8 592000 2
1 2 6 3 592000 2
1 2 6 5 592000 2
1 2 0 4 592000 2
1 2 0 4 592000 2
1 2 0 9 592000 2
1 2 0 3 592000 2
1 2 2 6 592000 2
1 2 2 9 592000 2
1 2 3 9 592000 2
1 2 3 8 592000 2
1 2 4 2 592000 2
1 2 4 2 592000 2
1 2 4 5 592000 2
1 2 5 3 592000 2
1 2 15 1 592500 2
1 2 15 7 592500 2
1 2 15 7 592500 2
1 2 13 2 592500 2
1 2 13 9 592500 2
1 2 13 3 592500 2
1 2 4 5 592500 2
1 2 13 1 592500 2
1 2 12 6 592500 2
1 2 6 3 592500 2
1 2 6 4 592500 2
1 2 3 9 592500 2
1 2 2 2 592500 2
1 2 1 6 592500 2
1 2 1 9 592500 2
1 2 0 3 592500 2
1 2 0 6 592500 2
1 2 12 6 592500 2
1 2 6 9 593000 2
1 2 7 9 593000 2
1 2 9 8 593000 2
1 2 10 7 593000 2
1 2 12 4 593000 2
1 2 14 1 593000 2
1 2 15 6 593000 2
1 2 15 2 593000 2
1 2 12 9 593000 2
1 2 4 3 593000 2
1 2 4 2 593000 2
1 2 0 2 593000 2
1 2 0 8 593000 2
1 2 1 9 593000 2
1 2 0 8 593000 2
1 2 2 7 593000 2
1 2 4 9 593000 2
1 2 1 3 593000 2
1 2 10 4 593500 2
1 2 15 7 593500 2
1 2 14 4 593500 2
1 2 12 8 593500 2
1 2 11 0 593500 2
1 2 11 3 593500 2
1 2 10 5 593500 2
1 2 9 1 593500 2
1 2 9 7 593500 2
1 2 7 1 593500 2
1 2 7 9 593500 2
1 2 7 5 593500 2
1 2 8 7 593500 2
1 2 6 8 593500 2
1 2 5 8 593500 2
1 2 4 0 593500 2
1 2 4 6 593500 2
1 2 4 1 593500 2
1 2 1 6 593500 2
1 2 11 5 594000 2
1 2 11 6 594000 2
1 2 12 2 594000 2
1 2 12 3 594000 2
1 2 14 1 594000 2
1 2 14 3 594000 2
1 2 15 1 594000 2
1 2 15 1 594000 2
1 2 15 8 594000 2
1 2 15 1 594000 2
1 2 1 9 594000 2
1 2 10 9 594000 2
1 2 5 7 594000 2
1 2 4 2 594000 2
1 2 3 7 594000 2
1 2 3 1 594000 2
1 2 1 1 594000 2
1 2 1 9 594000 2
1 2 0 9 594000 2
1 2 0 9 594000 2
1 2 11 6 594000 2
1 2 5 9 594500 2
1 2 6 1 594500 2
1 2 6 9 594500 2
1 2 9 4 594500 2
1 2 10 9 594500 2
1 2 10 8 594500 2
1 2 14 2 594500 2
1 2 14 0 594500 2
1 2 14 1 594500 2
1 2 15 6 594500 2
1 2 4 2 594500 2
1 2 5 8 594500 2
1 2 0 9 594500 2
1 2 0 1 594500 2
1 2 1 9 594500 2
1 2 1 5 594500 2
1 2 3 9 594500 2
1 2 3 4 594500 2
1 2 4 7 594500 2
1 2 4 2 594500 2
1 2 8 4 595000 2
1 2 15 6 595000 2
1 2 14 1 595000 2
1 2 12 8 595000 2
1 2 12 6 595000 2
1 2 11 3 595000 2
1 2 10 8 595000 2
1 2 9 1 595000 2
1 2 9 9 595000 2
1 2 8 5 595000 2
1 2 6 4 595000 2
1 2 5 0 595000 2
1 2 4 1 595000 2
1 2 3 7 595000 2
1 2 2 4 595000 2
1 2 1 7 595000 2
1 2 0 8 595000 2
1 2 0 8 595000 2
1 2 9 6 595500 2
1 2 3 4 595500 2
1 2 12 4 595500 2
1 2 13 9 595500 2
1 2 13 9 595500 2
1 2 14 5 595500 2
1 2 15 2 595500 2
1 2 15 6 595500 2
1 2 15 8 595500 2
1 2 15 3 595500 2
1 2 7 5 595500 2
1 2 7 3 595500 2
1 2 7 7 595500 2
1 2 6 1 595500 2
1 2 6 8 595500 2
1 2 5 9 595500 2
1 2 4 6 595500 2
1 2 0 1 595500 2
1 2 0 0 595500 2
1 2 9 7 595500 2
1 2 6 8 596000 2
1 2 6 8 596000 2
1 2 7 5 596000 2
1 2 9 5 596000 2
1 2 9 3 596000 2
1 2 10 9 596000 2
1 2 11 1 596000 2
1 2 13 6 596000 2
1 2 14 9 596000 2
1 2 14 9 596000 2
1 2 15 2 596000 2
1 2 7 8 596000 2
1 2 6 3 596000 2
1 2 6 5 596000 2
1 2 0 9 596000 2
1 2 0 2 596000 2
1 2 0 2 596000 2
1 2 1 6 596000 2
1 2 1 9 596000 2
1 2 4 9 596000 2
1 2 4 2 596000 2
1 2 5 6 596000 2
1 2 0 4 596000 2
1 2 2 2 596000 2
1 2 7 3 596500 2
1 2 7 9 596500 2
1 2 7 3 596500 2
1 2 8 1 596500 2
1 2 12 3 596500 2
1 2 12 3 596500 2
1 2 14 9 596500 2
1 2 15 6 596500 2
1 2 15 8 596500 2
1 2 15 1 596500 2
1 2 15 9 596500 2
1 2 14 3 596500 2
1 2 6 8 596500 2
1 2 7 5 596500 2
1 2 0 3 596500 2
1 2 0 0 596500 2
1 2 1 7 596500 2
1 2 3 0 596500 2
1 2 0 2 596500 2
1 2 4 7 596500 2
1 2 5 9 596500 2
1 2 5 1 596500 2
1 2 6 8 596500 2
1 2 6 4 596500 2
1 2 15 7 597000 2
1 2 14 9 597000 2
1 2 14 2 597000 2
1 2 13 0 597000 2
1 2 12 9 597000 2
1 2 11 6 597000 2
1 2 10 9 597000 2
1 2 6 0 597000 2
1 2 9 3 597000 2
1 2 7 3 597000 2
1 2 6 1 597000 2
1 2 6 8 597000 2
1 2 5 3 597000 2
1 2 5 4 597000 2
1 2 4 8 597000 2
1 2 4 6 597000 2
1 2 3 5 597000 2
1 2 1 2 597000 2
1 2 0 1 597000 2
1 2 0 1 597500 2
1 2 13 4 597500 2
1 2 12 4 597500 2
1 2 11 3 597500 2
1 2 11 8 597500 2
1 2 6 6 597500 2
1 2 5 7 597500 2
1 2 3 7 597500 2
1 2 3 1 597500 2
1 2 3 7 597500 2
1 2 2 8 597500 2
1 2 0 6 597500 2
1 2 4 1 597500 2
1 2 14 2 598000 2
1 2 15 6 598000 2
1 2 15 3 598000 2
1 2 15 7 598000 2
1 2 14 3 598000 2
1 2 14 8 598000 2
1 2 11 1 598000 2
1 2 10 9 598000 2
1 2 6 2 598000 2
1 2 4 0 598000 2
1 2 9 3 598000 2
1 2 4 7 598000 2
1 2 4 3 598000 2
1 2 4 4 598000 2
1 2 3 2 598000 2
1 2 3 4 598000 2
1 2 0 9 598000 2
1 2 6 3 598500 2
1 2 7 8 598500 2
1 2 8 7 598500 2
1 2 8 6 598500 2
1 2 11 4 598500 2
1 2 11 7 598500 2
1 2 13 8 598500 2
1 2 15 2 598500 2
1 2 15 2 598500 2
1 2 15 2 598500 2
1 2 3 8 598500 2
1 2 5 3 598500 2
1 2 0 4 598500 2
1 2 0 1 598500 2
1 2 4 7 598500 2
1 2 4 9 598500 2
1 2 4 4 598500 2
1 2 4 2 598500 2
1 2 4 3 598500 2
1 2 5 4 598500 2
1 2 5 1 598500 2
1 2 5 2 598500 2
1 2 15 7 599000 2
1 2 13 8 599000 2
1 2 13 9 599000 2
1 2 10 8 599000 2
1 2 9 3 599000 2
1 2 6 8 599000 2
1 2 5 3 599000 2
1 2 5 9 599000 2
1 2 4 6 599000 2
1 2 2 6 599000 2
1 2 0 1 599000 2
1 2 0 5 599000 2
1 2 5 6 599000 2
1 2 9 4 599500 2
1 2 15 8 599500 2
1 2 14 4 599500 2
1 2 12 5 599500 2
1 2 12 9 599500 2
1 2 10 0 599500 2
1 2 9 3 599500 2
1 2 7 3 599500 2
1 2 6 9 599500 2
1 2 6 4 599500 2
1 2 4 8 599500 2
1 2 4 7 599500 2
1 2 4 9 599500 2
1 2 3 7 599500 2
1 2 0 1 599500 2
1 2 0 6 599500 2
1 2 9 3 600000 2
1 2 9 6 600000 2
1 2 10 6 600000 2
1 2 11 1 600000 2
1 2 12 7 600000 2
1 2 12 6 600000 2
1 2 12 5 600000 2
1 2 13 1 600000 2
1 2 14 4 600000 2
1 2 15 7 600000 2
1 2 4 8 600000 2
1 2 7 1 600000 2
1 2 6 9 600000 2
1 2 6 4 600000 2
1 2 5 7 600000 2
1 2 5 4 600000 2
1 2 8 9 600000 2
1 2 4 1 600000 2
1 2 2 9 600000 2
1 2 1 7 600000 2
1 2 0 4 600000 2
1 2 0 6 600000 2
1 2 7 8 600500 2
1 2 8 7 600500 2
1 2 9 1 600500 2
1 2 9 5 600500 2
1 2 11 3 600500 2
1 2 12 8 600500 2
1 2 13 8 600500 2
1 2 13 2 600500 2
1 2 15 5 600500 2
1 2 15 7 600500 2
1 2 11 1 600500 2
1 2 6 2 600500 2
1 2 6 2 600500 2
1 2 0 3 600500 2
1 2 0 2 600500 2
1 2 0 4 600500 2
1 2 0 3 600500 2
1 2 3 8 600500 2
1 2 3 8 600500 2
1 2 3 0 600500 2
1 2 4 7 600500 2
1 2 4 2 600500 2
1 2 4 4 600500 2
1 2 15 6 601000 2
1 2 15 7 601000 2
1 2 15 2 601000 2
1 2 14 9 601000 2
1 2 14 4 601000 2
1 2 11 7 601000 2
1 2 11 4 601000 2
1 2 10 6 601000 2
1 2 10 9 601000 2
1 2 9 0 601000 2
1 2 9 3 601000 2
1 2 9 1 601000 2
1 2 9 1 601000 2
1 2 2 1 601000 2
1 2 2 7 601000 2
1 2 3 8 601000 2
1 2 3 0 601000 2
1 2 4 4 601000 2
1 2 4 7 601000 2
1 2 5 9 601000 2
1 2 5 4 601000 2
1 2 6 2 601000 2
1 2 7 8 601000 2
1 2 6 5 601500 2
1 2 10 9 601500 2
1 2 10 9 601500 2
1 2 11 6 601500 2
1 2 12 1 601500 2
1 2 13 7 601500 2
1 2 13 5 601500 2
1 2 13 5 601500 2
1 2 13 5 601500 2
1 2 14 2 601500 2
1 2 14 9 601500 2
1 2 14 8 601500 2
1 2 8 6 601500 2
1 2 0 5 601500 2
1 2 0 3 601500 2
1 2 1 2 601500 2
1 2 1 5 601500 2
1 2 3 4 601500 2
1 2 5 6 601500 2
1 2 5 2 601500 2
1 2 6 8 601500 2
1 2 6 7 601500 2
1 2 8 9 601500 2
1 2 15 6 602000 2
1 2 14 8 602000 2
1 2 14 5 602000 2
1 2 13 5 602000 2
1 2 12 8 602000 2
1 2 10 3 602000 2
1 2 10 8 602000 2
1 2 10 8 602000 2
1 2 6 5 602000 2
1 2 6 1 602000 2
1 2 5 2 602000 2
1 2 5 8 602000 2
1 2 2 4 602000 2
1 2 2 9 602000 2
1 2 2 3 602000 2
1 2 0 2 602000 2
1 2 9 0 602000 2
1 2 5 9 602500 2
1 2 14 0 602500 2
1 2 14 4 602500 2
1 2 14 7 602500 2
1 2 14 9 602500 2
1 2 12 4 602500 2
1 2 12 1 602500 2
1 2 6 7 602500 2
1 2 5 4 602500 2
1 2 4 9 602500 2
1 2 0 5 602500 2
1 2 0 7 602500 2
1 2 4 3 603000 2
1 2 15 2 603000 2
1 2 15 2 603000 2
1 2 14 9 603000 2
1 2 12 3 603000 2
1 2 11 9 603000 2
1 2 10 9 603000 2
1 2 6 4 603000 2
1 2 5 9 603000 2
1 2 10 3 603000 2
1 2 1 5 603000 2
1 2 9 0 603500 2
1 2 11 3 603500 2
1 2 11 3 603500 2
1 2 11 4 603500 2
1 2 12 4 603500 2
1 2 13 5 603500 2
1 2 13 2 603500 2
1 2 14 2 603500 2
1 2 14 3 603500 2
1 2 14 3 603500 2
1 2 15 2 603500 2
1 2 0 4 603500 2
1 2 8 7 603500 2
1 2 0 5 603500 2
1 2 8 8 603500 2
1 2 2 2 603500 2
1 2 3 7 603500 2
1 2 3 2 603500 2
1 2 3 8 603500 2
1 2 4 1 603500 2
1 2 4 9 603500 2
1 2 5 9 603500 2
1 2 6 9 603500 2
1 2 8 9 603500 2
1 2 11 1 604000 2
1 2 11 7 604000 2
1 2 12 6 604000 2
1 2 13 0 604000 2
1 2 14 1 604000 2
1 2 14 2 604000 2
1 2 15 7 604000 2
1 2 15 6 604000 2
1 2 15 1 604000 2
1 2 3 4 604000 2
1 2 9 6 604000 2
1 2 6 5 604000 2
1 2 5 6 604000 2
1 2 0 2 604000 2
1 2 2 2 604000 2
1 2 1 7 604000 2
1 2 1 4 604000 2
1 2 0 9 604000 2
1 2 9 5 604000 2
1 2 5 9 604500 2
1 2 7 5 604500 2
1 2 5 2 604500 2
1 2 5 7 604500 2
1 2 6 8 604500 2
1 2 6 3 604500 2
1 2 6 7 604500 2
1 2 7 3 604500 2
1 2 9 3 604500 2
1 2 10 9 604500 2
1 2 10 6 604500 2
1 2 14 2 604500 2
1 2 15 3 604500 2
1 2 4 3 604500 2
1 2 5 3 604500 2
1 2 0 4 604500 2
1 2 0 5 604500 2
1 2 0 2 604500 2
1 2 1 4 604500 2
1 2 1 4 604500 2
1 2 1 9 604500 2
1 2 2 1 604500 2
1 2 2 4 604500 2
1 2 3 4 604500 2
1 2 3 3 604500 2
1 2 4 1 604500 2
1 2 15 2 605000 2
1 2 13 7 605000 2
1 2 12 5 605000 2
1 2 10 6 605000 2
1 2 2 7 605000 2
1 2 8 9 605000 2
1 2 4 4 605000 2
1 2 3 4 605000 2
1 2 3 6 605000 2
1 2 2 2 605000 2
1 2 1 4 605000 2
1 2 1 9 605000 2
1 2 0 5 605000 2
1 2 9 7 605500 2
1 2 14 0 605500 2
1 2 14 3 605500 2
1 2 14 5 605500 2
1 2 13 7 605500 2
1 2 13 5 605500 2
1 2 12 2 605500 2
1 2 11 2 605500 2
1 2 8 6 605500 2
1 2 7 4 605500 2
1 2 7 7 605500 2
1 2 5 7 605500 2
1 2 5 4 605500 2
1 2 4 4 605500 2
1 2 3 7 605500 2
1 2 3 4 605500 2
1 2 1 3 605500 2
1 2 9 3 606000 2
1 2 9 0 606000 2
1 2 10 6 606000 2
1 2 11 2 606000 2
1 2 12 2 606000 2
1 2 12 5 606000 2
1 2 12 6 606000 2
1 2 13 8 606000 2
1 2 13 8 606000 2
1 2 13 6 606000 2
1 2 13 5 606000 2
1 2 15 2 606000 2
1 2 15 1 606000 2
1 2 15 1 606000 2
1 2 8 7 606000 2
1 2 0 3 606000 2
1 2 1 4 606000 2
1 2 1 2 606000 2
1 2 2 2 606000 2
1 2 2 3 606000 2
1 2 3 8 606000 2
1 2 4 7 606000 2
1 2 5 7 606000 2
1 2 5 9 606000 2
1 2 6 8 606000 2
1 2 6 8 606000 2
1 2 6 1 606000 2
1 2 6 3 606000 2
1 2 6 8 606500 2
1 2 6 9 606500 2
1 2 6 7 606500 2
1 2 7 5 606500 2
1 2 7 2 606500 2
1 2 10 9 606500 2
1 2 10 9 606500 2
1 2 10 5 606500 2
1 2 11 8 606500 2
1 2 14 4 606500 2
1 2 15 1 606500 2
1 2 13 2 606500 2
1 2 6 2 606500 2
1 2 6 1 606500 2
1 2 0 4 606500 2
1 2 0 5 606500 2
1 2 0 5 606500 2
1 2 0 1 606500 2
1 2 1 0 606500 2
1 2 1 7 606500 2
1 2 3 2 606500 2
1 2 4 9 606500 2
1 2 4 6 606500 2
1 2 5 9 606500 2
1 2 15 6 607000 2
1 2 9 3 607000 2
1 2 9 1 607000 2
1 2 11 4 607000 2
1 2 13 7 607000 2
1 2 13 2 607000 2
1 2 13 3 607000 2
1 2 14 0 607000 2
1 2 14 3 607000 2
1 2 14 4 607000 2
1 2 15 2 607000 2
1 2 15 2 607000 2
1 2 7 4 607000 2
1 2 8 9 607000 2
1 2 0 6 607000 2
1 2 0 4 607000 2
1 2 0 3 607000 2
1 2 2 9 607000 2
1 2 3 2 607000 2
1 2 4 4 607000 2
1 2 4 8 607000 2
1 2 5 4 607000 2
1 2 5 4 607000 2
1 2 6 8 607000 2
1 2 6 5 607000 2
1 2 4 8 607500 2
1 2 8 3 607500 2
1 2 9 7 607500 2
1 2 8 0 607500 2
1 2 9 1 607500 2
1 2 10 1 607500 2
1 2 11 3 607500 2
1 2 11 7 607500 2
1 2 12 6 607500 2
1 2 12 7 607500 2
1 2 12 2 607500 2
1 2 13 9 607500 2
1 2 14 2 607500 2
1 2 6 9 607500 2
1 2 0 3 607500 2
1 2 0 2 607500 2
1 2 0 5 607500 2
1 2 0 3 607500 2
1 2 1 9 607500 2
1 2 2 4 607500 2
1 2 3 4 607500 2
1 2 3 5 607500 2
1 2 4 2 607500 2
1 2 6 7 607500 2
1 2 7 8 607500 2
1 2 10 9 608000 2
1 2 11 1 608000 2
1 2 11 7 608000 2
1 2 11 8 608000 2
1 2 9 1 608000 2
1 2 11 7 608000 2
1 2 12 2 608000 2
1 2 12 1 608000 2
1 2 13 7 608000 2
1 2 13 2 608000 2
1 2 15 8 608000 2
1 2 15 1 608000 2
1 2 7 5 608000 2
1 2 9 6 608000 2
1 2 9 1 608000 2
1 2 0 4 608000 2
1 2 0 0 608000 2
1 2 0 8 608000 2
1 2 1 9 608000 2
1 2 2 5 608000 2
1 2 4 7 608000 2
1 2 6 8 608000 2
1 2 7 7 608000 2
1 2 7 8 608000 2
1 2 8 7 608000 2
1 2 8 3 608000 2
1 2 3 6 608500 2
1 2 13 0 608500 2
1 2 13 3 608500 2
1 2 11 2 608500 2
1 2 9 6 608500 2
1 2 5 8 608500 2
1 2 5 9 608500 2
1 2 5 8 608500 2
1 2 4 6 608500 2
1 2 4 2 608500 2
1 2 3 4 608500 2
1 2 3 0 608500 2
1 2 3 9 608500 2
1 2 2 8 608500 2
1 2 2 9 608500 2
1 2 1 5 608500 2
1 2 0 1 608500 2
1 2 1 5 609000 2
1 2 15 8 609000 2
1 2 12 8 609000 2
1 2 11 4 609000 2
1 2 11 2 609000 2
1 2 9 1 609000 2
1 2 7 1 609000 2
1 2 5 0 609000 2
1 2 3 5 609000 2
1 2 3 3 609000 2
1 2 2 7 609000 2
1 2 7 9 609000 2
1 2 7 5 609500 2
1 2 13 3 609500 2
1 2 13 3 609500 2
1 2 12 1 609500 2
1 2 5 8 609500 2
1 2 3 1 609500 2
1 2 1 5 609500 2
1 2 1 5 609500 2
1 2 0 1 609500 2
1 2 0 9 609500 2
1 2 4 3 610000 2
1 2 15 2 610000 2
1 2 14 0 610000 2
1 2 13 9 610000 2
1 2 13 4 610000 2
1 2 12 9 610000 2
1 2 12 2 610000 2
1 2 12 6 610000 2
1 2 10 6 610000 2
1 2 9 5 610000 2
1 2 10 8 610000 2
1 2 0 4 610000 2
1 2 1 0 610000 2
1 2 4 8 610000 2
1 2 0 1 610000 2
1 2 6 7 610000 2
1 2 6 0 610000 2
1 2 9 2 610000 2
1 2 5 2 610500 2
1 2 15 2 610500 2
1 2 14 3 610500 2
1 2 8 4 610500 2
1 2 7 1 610500 2
1 2 6 3 610500 2
1 2 6 9 610500 2
1 2 6 6 610500 2
1 2 4 2 610500 2
1 2 0 9 610500 2
1 2 0 2 610500 2
1 2 0 8 610500 2
1 2 1 6 610500 2
1 2 1 5 610500 2
1 2 2 1 610500 2
1 2 3 7 610500 2
1 2 15 3 611000 2
1 2 0 1 611000 2
1 2 15 8 611000 2
1 2 14 4 611000 2
1 2 13 5 611000 2
1 2 11 4 611000 2
1 2 11 0 611000 2
1 2 9 4 611000 2
1 2 7 9 611000 2
1 2 6 8 611000 2
1 2 5 5 611000 2
1 2 0 6 611000 2
1 2 0 8 611000 2
1 2 2 7 611000 2
1 2 2 5 611000 2
1 2 3 3 611000 2
1 2 4 9 611000 2
1 2 4 1 611000 2
1 2 6 3 611000 2
1 2 15 9 611500 2
1 2 15 6 611500 2
1 2 14 9 611500 2
1 2 13 4 611500 2
1 2 12 8 611500 2
1 2 12 6 611500 2
1 2 11 9 611500 2
1 2 10 3 611500 2
1 2 5 2 611500 2
1 2 4 2 611500 2
1 2 3 4 611500 2
1 2 2 1 611500 2
1 2 0 2 611500 2
1 2 0 0 611500 2
1 2 0 3 611500 2
1 2 7 1 611500 2
1 2 9 3 612000 2
1 2 15 0 612000 2
1 2 12 8 612000 2
1 2 11 5 612000 2
1 2 10 0 612000 2
1 2 9 1 612000 2
1 2 7 8 612000 2
1 2 5 7 612000 2
1 2 4 2 612000 2
1 2 3 8 612000 2
1 2 2 5 612000 2
1 2 2 9 612000 2
1 2 5 5 612500 2
1 2 14 3 612500 2
1 2 14 3 612500 2
1 2 13 5 612500 2
1 2 10 7 612500 2
1 2 7 9 612500 2
1 2 7 8 612500 2
1 2 7 3 612500 2
1 2 4 3 612500 2
1 2 1 8 612500 2
1 2 1 2 612500 2
1 2 0 4 612500 2
1 2 0 1 612500 2
1 2 0 3 612500 2
1 2 0 5 612500 2
1 2 5 1 613000 2
1 2 15 1 613000 2
1 2 12 6 613000 2
1 2 10 9 613000 2
1 2 10 7 613000 2
1 2 7 5 613000 2
1 2 7 0 613000 2
1 2 5 5 613000 2
1 2 4 6 613000 2
1 2 3 0 613000 2
1 2 2 3 613000 2
1 2 0 3 613000 2
1 2 0 1 613000 2
1 2 0 0 613000 2
1 2 15 3 613500 2
1 2 15 2 613500 2
1 2 14 3 613500 2
1 2 12 9 613500 2
1 2 10 9 613500 2
1 2 7 0 613500 2
1 2 7 0 613500 2
1 2 6 9 613500 2
1 2 5 2 613500 2
1 2 4 9 613500 2
1 2 2 8 613500 2
1 2 0 6 613500 2
1 2 7 9 613500 2
1 2 9 5 614000 2
1 2 11 7 614000 2
1 2 11 2 614000 2
1 2 11 3 614000 2
1 2 12 6 614000 2
1 2 14 1 614000 2
1 2 14 9 614000 2
1 2 15 6 614000 2
1 2 15 2 614000 2
1 2 15 4 614000 2
1 2 6 9 614000 2
1 2 6 4 614000 2
1 2 8 4 614000 2
1 2 5 7 614000 2
1 2 4 0 614000 2
1 2 4 1 614000 2
1 2 3 1 614000 2
1 2 2 8 614000 2
1 2 2 9 614000 2
1 2 1 5 614000 2
1 2 6 2 614500 2
1 2 7 2 614500 2
1 2 7 9 614500 2
1 2 9 5 614500 2
1 2 9 2 614500 2
1 2 10 5 614500 2
1 2 11 5 614500 2
1 2 11 6 614500 2
1 2 12 8 614500 2
1 2 13 5 614500 2
1 2 14 6 614500 2
1 2 14 3 614500 2
1 2 1 5 614500 2
1 2 5 9 614500 2
1 2 4 8 614500 2
1 2 4 9 614500 2
1 2 3 1 614500 2
1 2 1 4 614500 2
1 2 0 8 614500 2
1 2 0 2 614500 2
1 2 0 9 614500 2
1 2 0 3 614500 2
1 2 0 6 614500 2
1 2 0 2 614500 2
1 2 5 7 614500 2
1 2 2 9 615000 2
1 2 14 9 615000 2
1 2 10 1 615000 2
1 2 10 9 615000 2
1 2 7 3 615000 2
1 2 6 8 615000 2
1 2 5 3 615000 2
1 2 0 3 615000 2
1 2 13 5 615500 2
1 2 11 5 615500 2
1 2 11 2 615500 2
1 2 11 3 615500 2
1 2 11 1 615500 2
1 2 10 7 615500 2
1 2 8 5 615500 2
1 2 6 4 615500 2
1 2 5 0 615500 2
1 2 3 2 615500 2
1 2 1 0 615500 2
1 2 0 1 615500 2
1 2 6 2 615500 2
1 2 6 9 616000 2
1 2 12 2 616000 2
1 2 11 6 616000 2
1 2 10 6 616000 2
1 2 9 2 616000 2
1 2 9 3 616000 2
1 2 5 3 616000 2
1 2 5 5 616000 2
1 2 2 0 616000 2
1 2 2 9 616000 2
1 2 0 4 616000 2
1 2 0 9 616000 2
1 2 12 7 616500 2
1 2 14 8 616500 2
1 2 12 2 616500 2
1 2 11 5 616500 2
1 2 8 8 616500 2
1 2 6 1 616500 2
1 2 6 2 616500 2
1 2 6 2 616500 2
1 2 5 0 616500 2
1 2 1 1 616500 2
1 2 5 6 616500 2
1 2 2 9 616500 2
1 2 6 8 616500 2
1 2 10 5 617000 2
1 2 15 3 617000 2
1 2 15 0 617000 2
1 2 14 5 617000 2
1 2 13 2 617000 2
1 2 11 1 617000 2
1 2 11 3 617000 2
1 2 10 4 617000 2
1 2 10 9 617000 2
1 2 8 3 617000 2
1 2 8 2 617000 2
1 2 7 1 617000 2
1 2 6 3 617000 2
1 2 6 9 617000 2
1 2 5 2 617000 2
1 2 5 8 617000 2
1 2 4 2 617000 2
1 2 2 8 617000 2
1 2 14 7 617500 2
1 2 15 3 617500 2
1 2 11 3 617500 2
1 2 11 7 617500 2
1 2 9 5 617500 2
1 2 6 3 617500 2
1 2 6 3 617500 2
1 2 3 7 617500 2
1 2 3 0 617500 2
1 2 1 7 617500 2
1 2 1 5 617500 2
1 2 0 7 617500 2
1 2 0 1 617500 2
1 2 4 8 617500 2
1 2 6 8 618000 2
1 2 15 2 618000 2
1 2 13 2 618000 2
1 2 12 8 618000 2
1 2 11 7 618000 2
1 2 10 9 618000 2
1 2 6 6 618000 2
1 2 6 3 618000 2
1 2 5 9 618000 2
1 2 4 1 618000 2
1 2 3 5 618000 2
1 2 2 0 618000 2
1 2 2 1 618000 2
1 2 0 8 618000 2
1 2 11 9 618500 2
1 2 15 8 618500 2
1 2 15 0 618500 2
1 2 14 0 618500 2
1 2 13 7 618500 2
1 2 12 2 618500 2
1 2 11 9 618500 2
1 2 9 0 618500 2
1 2 8 8 618500 2
1 2 5 3 618500 2
1 2 5 1 618500 2
1 2 0 7 618500 2
1 2 0 2 618500 2
1 2 1 7 618500 2
1 2 2 6 618500 2
1 2 3 5 618500 2
1 2 4 3 618500 2
1 2 5 6 618500 2
1 2 15 6 619000 2
1 2 15 2 619000 2
1 2 15 0 619000 2
1 2 15 0 619000 2
1 2 13 2 619000 2
1 2 13 2 619000 2
1 2 12 6 619000 2
1 2 12 2 619000 2
1 2 11 2 619000 2
1 2 10 7 619000 2
1 2 8 7 619000 2
1 2 5 2 619000 2
1 2 4 6 619000 2
1 2 4 1 619000 2
1 2 2 5 619000 2
1 2 1 7 619000 2
1 2 0 2 619000 2
1 2 11 2 619000 2
1 2 11 4 619500 2
1 2 12 9 619500 2
1 2 12 2 619500 2
1 2 13 1 619500 2
1 2 14 5 619500 2
1 2 14 9 619500 2
1 2 15 6 619500 2
1 2 15 6 619500 2
1 2 6 8 619500 2
1 2 8 1 619500 2
1 2 6 3 619500 2
1 2 5 4 619500 2
1 2 5 9 619500 2
1 2 4 6 619500 2
1 2 4 7 619500 2
1 2 2 5 619500 2
1 2 1 7 619500 2
1 2 6 1 620000 2
1 2 15 7 620000 2
1 2 13 3 620000 2
1 2 13 7 620000 2
1 2 10 9 620000 2
1 2 8 8 620000 2
1 2 5 8 620000 2
1 2 4 2 620000 2
1 2 3 0 620000 2
1 2 0 4 620000 2
1 2 11 8 620500 2
1 2 15 6 620500 2
1 2 12 6 620500 2
1 2 10 2 620500 2
1 2 9 2 620500 2
1 2 8 8 620500 2
1 2 6 7 620500 2
1 2 5 2 620500 2
1 2 5 5 620500 2
1 2 4 0 620500 2
1 2 1 7 620500 2
1 2 2 9 620500 2
1 2 2 3 620500 2
1 2 5 8 620500 2
1 2 11 9 621000 2
1 2 15 2 621000 2
1 2 15 7 621000 2
1 2 15 8 621000 2
1 2 13 1 621000 2
1 2 13 7 621000 2
1 2 12 1 621000 2
1 2 12 3 621000 2
1 2 11 6 621000 2
1 2 10 9 621000 2
1 2 0 5 621000 2
1 2 2 5 621000 2
1 2 4 3 621000 2
1 2 6 5 621000 2
1 2 6 8 621000 2
1 2 6 3 621000 2
1 2 8 2 621000 2
1 2 10 9 621000 2
1 2 10 4 621000 2
1 2 5 2 621500 2
1 2 15 9 621500 2
1 2 15 0 621500 2
1 2 14 2 621500 2
1 2 13 8 621500 2
1 2 13 6 621500 2
1 2 12 2 621500 2
1 2 11 4 621500 2
1 2 8 2 621500 2
1 2 11 9 621500 2
1 2 2 2 621500 2
1 2 3 4 621500 2
1 2 3 3 621500 2
1 2 0 1 621500 2
1 2 5 5 621500 2
1 2 4 4 621500 2
1 2 6 3 622000 2
1 2 15 7 622000 2
1 2 15 6 622000 2
1 2 10 4 622000 2
1 2 10 9 622000 2
1 2 5 2 622000 2
1 2 5 4 622000 2
1 2 4 4 622000 2
1 2 3 8 622000 2
1 2 2 2 622000 2
1 2 1 1 622000 2
1 2 0 5 622000 2
1 2 15 1 622500 2
1 2 15 6 622500 2
1 2 12 1 622500 2
1 2 12 3 622500 2
1 2 10 3 622500 2
1 2 8 3 622500 2
1 2 6 5 622500 2
1 2 5 2 622500 2
1 2 4 6 622500 2
1 2 2 0 622500 2
1 2 2 2 622500 2
1 2 0 1 622500 2
1 2 6 0 622500 2
1 2 6 3 623000 2
1 2 15 7 623000 2
1 2 15 2 623000 2
1 2 14 5 623000 2
1 2 14 1 623000 2
1 2 13 8 623000 2
1 2 12 7 623000 2
1 2 11 3 623000 2
1 2 10 8 623000 2
1 2 6 5 623000 2
1 2 5 1 623000 2
1 2 5 3 623000 2
1 2 4 7 623000 2
1 2 4 2 623000 2
1 2 2 1 623000 2
1 2 0 2 623000 2
1 2 8 7 623500 2
1 2 8 8 623500 2
1 2 8 3 623500 2
1 2 10 7 623500 2
1 2 11 4 623500 2
1 2 11 0 623500 2
1 2 13 8 623500 2
1 2 14 9 623500 2
1 2 15 7 623500 2
1 2 8 9 623500 2
1 2 8 6 623500 2
1 2 2 5 623500 2
1 2 2 9 623500 2
1 2 4 3 623500 2
1 2 5 3 623500 2
1 2 6 9 623500 2
1 2 6 3 623500 2
1 2 7 2 623500 2
1 2 7 3 623500 2
1 2 6 9 624000 2
1 2 15 9 624000 2
1 2 15 8 624000 2
1 2 12 6 624000 2
1 2 12 2 624000 2
1 2 11 4 624000 2
1 2 8 1 624000 2
1 2 8 5 624000 2
1 2 6 9 624000 2
1 2 6 3 624000 2
1 2 4 1 624000 2
1 2 4 0 624000 2
1 2 4 6 624000 2
1 2 2 9 624000 2
1 2 2 2 624000 2
1 2 10 6 624500 2
1 2 15 2 624500 2
1 2 15 1 624500 2
1 2 14 1 624500 2
1 2 13 5 624500 2
1 2 13 6 624500 2
1 2 13 6 624500 2
1 2 12 5 624500 2
1 2 10 5 624500 2
1 2 3 7 624500 2
1 2 10 0 624500 2
1 2 1 9 624500 2
1 2 5 4 624500 2
1 2 5 9 624500 2
1 2 6 7 624500 2
1 2 7 5 624500 2
1 2 7 2 624500 2
1 2 0 2 624500 2
1 2 9 0 624500 2
1 2 6 1 625000 2
1 2 15 4 625000 2
1 2 14 1 625000 2
1 2 9 5 625000 2
1 2 7 5 625000 2
1 2 7 9 625000 2
1 2 6 8 625000 2
1 2 5 5 625000 2
1 2 4 6 625000 2
1 2 4 9 625000 2
1 2 2 2 625000 2
1 2 2 2 625000 2
1 2 0 3 625000 2
1 2 0 2 625000 2
1 2 5 3 625000 2
1 2 11 7 625500 2
1 2 11 5 625500 2
1 2 11 4 625500 2
1 2 12 2 625500 2
1 2 12 2 625500 2
1 2 12 3 625500 2
1 2 13 3 625500 2
1 2 13 3 625500 2
1 2 14 9 625500 2
1 2 14 8 625500 2
1 2 15 8 625500 2
1 2 6 2 625500 2
1 2 7 3 625500 2
1 2 9 5 625500 2
1 2 0 3 625500 2
1 2 0 8 625500 2
1 2 2 2 625500 2
1 2 3 8 625500 2
1 2 5 3 625500 2
1 2 0 9 625500 2
1 2 6 9 625500 2
1 2 6 7 625500 2
1 2 7 9 625500 2
1 2 6 4 626000 2
1 2 14 2 626000 2
1 2 13 3 626000 2
1 2 12 2 626000 2
1 2 11 0 626000 2
1 2 10 1 626000 2
1 2 10 8 626000 2
1 2 7 3 626000 2
1 2 6 0 626000 2
1 2 5 3 626000 2
1 2 2 3 626000 2
1 2 0 2 626000 2
1 2 0 7 626000 2
1 2 0 3 626000 2
1 2 0 5 626000 2
1 2 6 1 626500 2
1 2 1 4 626500 2
1 2 7 8 626500 2
1 2 7 1 626500 2
1 2 10 9 626500 2
1 2 11 4 626500 2
1 2 13 4 626500 2
1 2 13 5 626500 2
1 2 13 3 626500 2
1 2 14 9 626500 2
1 2 14 0 626500 2
1 2 6 3 626500 2
1 2 5 9 626500 2
1 2 4 6 626500 2
1 2 4 4 626500 2
1 2 2 4 626500 2
1 2 1 9 626500 2
1 2 0 7 626500 2
1 2 0 9 626500 2
1 2 0 7 626500 2
1 2 6 8 626500 2
1 2 11 9 627000 2
1 2 11 0 627000 2
1 2 12 6 627000 2
1 2 12 4 627000 2
1 2 13 8 627000 2
1 2 14 2 627000 2
1 2 14 8 627000 2
1 2 14 9 627000 2
1 2 14 0 627000 2
1 2 15 8 627000 2
1 2 0 3 627000 2
1 2 8 9 627000 2
1 2 10 0 627000 2
1 2 0 7 627000 2
1 2 0 4 627000 2
1 2 1 0 627000 2
1 2 3 4 627000 2
1 2 3 4 627000 2
1 2 5 9 627000 2
1 2 6 8 627000 2
1 2 6 1 627000 2
1 2 7 9 627000 2
1 2 7 3 627500 2
1 2 14 7 627500 2
1 2 13 6 627500 2
1 2 12 2 627500 2
1 2 12 4 627500 2
1 2 11 2 627500 2
1 2 11 7 627500 2
1 2 10 5 627500 2
1 2 6 5 627500 2
1 2 5 3 627500 2
1 2 1 4 627500 2
1 2 1 7 627500 2
1 2 0 8 627500 2
1 2 0 9 627500 2
1 2 0 8 627500 2
1 2 6 9 628000 2
1 2 2 6 628000 2
1 2 7 9 628000 2
1 2 7 5 628000 2
1 2 7 1 628000 2
1 2 12 8 628000 2
1 2 13 0 628000 2
1 2 14 8 628000 2
1 2 14 3 628000 2
1 2 15 5 628000 2
1 2 15 8 628000 2
1 2 6 8 628000 2
1 2 0 4 628000 2
1 2 1 6 628000 2
1 2 1 9 628000 2
1 2 3 9 628000 2
1 2 4 5 628000 2
1 2 4 3 628000 2
1 2 5 4 628000 2
1 2 5 7 628000 2
1 2 6 3 628000 2
1 2 6 1 628000 2
1 2 6 5 628500 2
1 2 15 6 628500 2
1 2 14 2 628500 2
1 2 14 2 628500 2
1 2 14 2 628500 2
1 2 13 3 628500 2
1 2 13 5 628500 2
1 2 12 9 628500 2
1 2 11 9 628500 2
1 2 10 9 628500 2
1 2 8 3 628500 2
1 2 10 0 628500 2
1 2 0 2 628500 2
1 2 0 0 628500 2
1 2 0 7 628500 2
1 2 3 9 628500 2
1 2 4 4 628500 2
1 2 5 9 628500 2
1 2 6 1 628500 2
1 2 7 2 628500 2
1 2 14 6 629000 2
1 2 12 2 629000 2
1 2 12 1 629000 2
1 2 11 4 629000 2
1 2 7 9 629000 2
1 2 6 9 629000 2
1 2 6 7 629000 2
1 2 6 2 629000 2
1 2 5 3 629000 2
1 2 5 8 629000 2
1 2 4 7 629000 2
1 2 3 8 629000 2
1 2 3 0 629000 2
1 2 3 5 629000 2
1 2 2 7 629000 2
1 2 0 1 629000 2
1 2 0 6 629000 2
1 2 5 1 629000 2
1 2 8 8 629500 2
1 2 15 2 629500 2
1 2 14 4 629500 2
1 2 14 4 629500 2
1 2 14 9 629500 2
1 2 12 8 629500 2
1 2 9 6 629500 2
1 2 7 5 629500 2
1 2 6 7 629500 2
1 2 6 1 629500 2
1 2 6 3 629500 2
1 2 3 4 629500 2
1 2 2 9 629500 2
1 2 0 8 629500 2
1 2 8 6 629500 2
1 2 6 9 630000 2
1 2 6 1 630000 2
1 2 7 5 630000 2
1 2 8 3 630000 2
1 2 9 1 630000 2
1 2 11 3 630000 2
1 2 11 4 630000 2
1 2 13 7 630000 2
1 2 14 2 630000 2
1 2 12 4 630000 2
1 2 5 8 630000 2
1 2 6 2 630000 2
1 2 1 9 630000 2
1 2 2 8 630000 2
1 2 1 8 630000 2
1 2 2 6 630000 2
1 2 2 6 630000 2
1 2 3 4 630000 2
1 2 4 8 630000 2
1 2 5 9 630000 2
1 2 7 3 630500 2
1 2 7 4 630500 2
1 2 8 9 630500 2
1 2 8 9 630500 2
1 2 9 6 630500 2
1 2 10 1 630500 2
1 2 10 9 630500 2
1 2 11 9 630500 2
1 2 12 6 630500 2
1 2 12 8 630500 2
1 2 13 5 630500 2
1 2 14 1 630500 2
1 2 14 2 630500 2
1 2 6 5 630500 2
1 2 0 3 630500 2
1 2 0 6 630500 2
1 2 0 8 630500 2
1 2 1 3 630500 2
1 2 1 2 630500 2
1 2 2 6 630500 2
1 2 4 8 630500 2
1 2 5 9 630500 2
1 2 5 3 630500 2
1 2 6 2 630500 2
1 2 6 2 630500 2
1 2 4 4 630500 2
1 2 12 6 631000 2
1 2 12 9 631000 2
1 2 12 9 631000 2
1 2 13 4 631000 2
1 2 13 2 631000 2
1 2 14 2 631000 2
1 2 14 0 631000 2
1 2 14 8 631000 2
1 2 14 9 631000 2
1 2 15 1 631000 2
1 2 15 5 631000 2
1 2 10 8 631000 2
1 2 10 1 631000 2
1 2 0 4 631000 2
1 2 2 8 631000 2
1 2 3 5 631000 2
1 2 3 4 631000 2
1 2 5 0 631000 2
1 2 6 2 631000 2
1 2 6 8 631000 2
1 2 8 2 631000 2
1 2 9 9 631000 2
1 2 9 0 631000 2
1 2 6 6 631500 2
1 2 15 3 631500 2
1 2 15 9 631500 2
1 2 15 7 631500 2
1 2 14 3 631500 2
1 2 14 9 631500 2
1 2 12 3 631500 2
1 2 11 0 631500 2
1 2 11 3 631500 2
1 2 11 2 631500 2
1 2 11 0 631500 2
1 2 7 8 631500 2
1 2 5 1 631500 2
1 2 5 3 631500 2
1 2 5 5 631500 2
1 2 4 8 631500 2
1 2 3 8 631500 2
1 2 1 7 631500 2
1 2 1 6 631500 2
1 2 0 3 631500 2
1 2 0 9 631500 2
1 2 0 4 631500 2
1 2 9 7 632000 2
1 2 10 7 632000 2
1 2 11 7 632000 2
1 2 12 2 632000 2
1 2 12 3 632000 2
1 2 12 1 632000 2
1 2 12 3 632000 2
1 2 14 2 632000 2
1 2 14 9 632000 2
1 2 15 0 632000 2
1 2 0 6 632000 2
1 2 7 5 632000 2
1 2 7 3 632000 2
1 2 2 1 632000 2
1 2 3 8 632000 2
1 2 3 6 632000 2
1 2 3 4 632000 2
1 2 5 6 632000 2
1 2 5 0 632000 2
1 2 6 8 632000 2
1 2 6 3 632000 2
1 2 7 9 632500 2
1 2 7 7 632500 2
1 2 8 3 632500 2
1 2 10 8 632500 2
1 2 11 7 632500 2
1 2 11 7 632500 2
1 2 11 4 632500 2
1 2 12 7 632500 2
1 2 12 2 632500 2
1 2 13 5 632500 2
1 2 13 7 632500 2
1 2 14 5 632500 2
1 2 15 8 632500 2
1 2 10 2 632500 2
1 2 6 7 632500 2
1 2 7 5 632500 2
1 2 0 8 632500 2
1 2 1 7 632500 2
1 2 2 8 632500 2
1 2 2 0 632500 2
1 2 2 7 632500 2
1 2 2 2 632500 2
1 2 3 5 632500 2
1 2 5 3 632500 2
1 2 0 1 632500 2
1 2 6 3 632500 2
1 2 6 3 632500 2
1 2 6 3 632500 2
1 2 3 8 632500 2
1 2 6 9 633000 2
1 2 7 7 633000 2
1 2 8 9 633000 2
1 2 8 4 633000 2
1 2 8 2 633000 2
1 2 9 0 633000 2
1 2 10 7 633000 2
1 2 14 0 633000 2
1 2 14 7 633000 2
1 2 15 2 633000 2
1 2 15 6 633000 2
1 2 15 0 633000 2
1 2 6 0 633000 2
1 2 5 7 633000 2
1 2 5 2 633000 2
1 2 5 6 633000 2
1 2 3 7 633000 2
1 2 3 7 633000 2
1 2 3 4 633000 2
1 2 2 0 633000 2
1 2 2 8 633000 2
1 2 1 7 633000 2
1 2 0 7 633000 2
1 2 0 3 633000 2
1 2 6 3 633000 2
1 2 0 9 633000 2
1 2 10 9 633500 2
1 2 15 6 633500 2
1 2 10 0 633500 2
1 2 8 2 633500 2
1 2 8 6 633500 2
1 2 7 0 633500 2
1 2 7 7 633500 2
1 2 11 7 633500 2
1 2 11 0 633500 2
1 2 12 5 633500 2
1 2 14 5 633500 2
1 2 15 6 633500 2
1 2 12 8 633500 2
1 2 6 8 633500 2
1 2 6 5 633500 2
1 2 0 8 633500 2
1 2 1 5 633500 2
1 2 1 1 633500 2
1 2 2 9 633500 2
1 2 3 2 633500 2
1 2 3 5 633500 2
1 2 3 5 633500 2
1 2 4 0 633500 2
1 2 5 2 633500 2
1 2 5 9 633500 2
1 2 6 3 633500 2
1 2 3 4 633500 2
1 2 8 7 634000 2
1 2 8 7 634000 2
1 2 8 3 634000 2
1 2 9 0 634000 2
1 2 10 9 634000 2
1 2 10 4 634000 2
1 2 11 7 634000 2
1 2 12 9 634000 2
1 2 13 2 634000 2
1 2 14 5 634000 2
1 2 14 0 634000 2
1 2 14 2 634000 2
1 2 7 6 634000 2
1 2 8 7 634000 2
1 2 0 5 634000 2
1 2 2 8 634000 2
1 2 3 7 634000 2
1 2 3 8 634000 2
1 2 4 9 634000 2
1 2 4 0 634000 2
1 2 5 5 634000 2
1 2 6 3 634000 2
1 2 6 5 634000 2
1 2 6 9 634000 2
1 2 13 9 634500 2
1 2 13 2 634500 2
1 2 13 6 634500 2
1 2 12 4 634500 2
1 2 12 4 634500 2
1 2 11 8 634500 2
1 2 10 5 634500 2
1 2 10 9 634500 2
1 2 8 9 634500 2
1 2 8 2 634500 2
1 2 7 4 634500 2
1 2 8 7 634500 2
1 2 0 7 634500 2
1 2 2 7 634500 2
1 2 3 2 634500 2
1 2 3 5 634500 2
1 2 4 7 634500 2
1 2 5 3 634500 2
1 2 6 3 634500 2
1 2 7 7 634500 2
1 2 8 8 635000 2
1 2 8 7 635000 2
1 2 8 8 635000 2
1 2 9 9 635000 2
1 2 10 3 635000 2
1 2 10 6 635000 2
1 2 11 0 635000 2
1 2 11 9 635000 2
1 2 11 4 635000 2
1 2 13 2 635000 2
1 2 13 5 635000 2
1 2 14 8 635000 2
1 2 15 2 635000 2
1 2 15 2 635000 2
1 2 15 1 635000 2
1 2 7 4 635000 2
1 2 8 7 635000 2
1 2 0 1 635000 2
1 2 0 6 635000 2
1 2 2 7 635000 2
1 2 3 4 635000 2
1 2 3 5 635000 2
1 2 3 4 635000 2
1 2 3 3 635000 2
1 2 5 8 635000 2
1 2 5 3 635000 2
1 2 5 2 635000 2
1 2 6 5 635000 2
1 2 6 3 635000 2
1 2 6 3 635000 2
1 2 5 1 635000 2
1 2 8 0 635500 2
1 2 10 7 635500 2
1 2 11 8 635500 2
1 2 11 2 635500 2
1 2 11 3 635500 2
1 2 11 9 635500 2
1 2 11 4 635500 2
1 2 11 7 635500 2
1 2 11 7 635500 2
1 2 12 4 635500 2
1 2 13 5 635500 2
1 2 13 2 635500 2
1 2 14 8 635500 2
1 2 15 2 635500 2
1 2 15 6 635500 2
1 2 7 2 635500 2
1 2 8 9 635500 2
1 2 0 7 635500 2
1 2 0 8 635500 2
1 2 2 8 635500 2
1 2 2 0 635500 2
1 2 2 9 635500 2
1 2 2 2 635500 2
1 2 3 4 635500 2
1 2 3 4 635500 2
1 2 5 3 635500 2
1 2 6 3 635500 2
1 2 6 1 635500 2
1 2 6 7 635500 2
1 2 7 8 635500 2
1 2 5 5 635500 2
1 2 8 7 635500 2
1 2 6 0 636000 2
1 2 8 7 636000 2
1 2 10 9 636000 2
1 2 10 2 636000 2
1 2 10 3 636000 2
1 2 12 2 636000 2
1 2 13 0 636000 2
1 2 13 5 636000 2
1 2 14 5 636000 2
1 2 14 1 636000 2
1 2 15 3 636000 2
1 2 15 1 636000 2
1 2 5 8 636000 2
1 2 6 8 636000 2
1 2 6 9 636000 2
1 2 0 3 636000 2
1 2 0 7 636000 2
1 2 2 9 636000 2
1 2 2 9 636000 2
1 2 4 4 636000 2
1 2 4 5 636000 2
1 2 5 5 636000 2
1 2 0 6 636000 2
1 2 5 3 636000 2
1 2 6 1 636000 2
1 2 4 2 636000 2
1 2 7 8 636500 2
1 2 7 7 636500 2
1 2 8 6 636500 2
1 2 8 9 636500 2
1 2 8 7 636500 2
1 2 8 3 636500 2
1 2 9 2 636500 2
1 2 10 9 636500 2
1 2 11 0 636500 2
1 2 12 0 636500 2
1 2 12 2 636500 2
1 2 12 2 636500 2
1 2 13 2 636500 2
1 2 14 2 636500 2
1 2 15 2 636500 2
1 2 6 4 636500 2
1 2 0 1 636500 2
1 2 2 0 636500 2
1 2 2 9 636500 2
1 2 3 4 636500 2
1 2 3 8 636500 2
1 2 3 9 636500 2
1 2 3 8 636500 2
1 2 3 0 636500 2
1 2 4 8 636500 2
1 2 4 8 636500 2
1 2 5 8 636500 2
1 2 6 7 636500 2
1 2 3 3 636500 2
1 2 6 5 637000 2
1 2 7 7 637000 2
1 2 8 4 637000 2
1 2 8 2 637000 2
1 2 8 7 637000 2
1 2 8 3 637000 2
1 2 11 7 637000 2
1 2 12 1 637000 2
1 2 13 8 637000 2
1 2 13 7 637000 2
1 2 15 0 637000 2
1 2 15 0 637000 2
1 2 6 3 637000 2
1 2 6 8 637000 2
1 2 0 5 637000 2
1 2 3 4 637000 2
1 2 3 8 637000 2
1 2 3 7 637000 2
1 2 3 4 637000 2
1 2 4 4 637000 2
1 2 5 9 637000 2
1 2 5 1 637000 2
1 2 5 7 637000 2
1 2 6 6 637000 2
1 2 8 7 637500 2
1 2 15 7 637500 2
1 2 8 7 637500 2
1 2 9 2 637500 2
1 2 10 5 637500 2
1 2 11 7 637500 2
1 2 11 5 637500 2
1 2 11 4 637500 2
1 2 11 7 637500 2
1 2 12 7 637500 2
1 2 13 3 637500 2
1 2 14 8 637500 2
1 2 14 1 637500 2
1 2 14 9 637500 2
1 2 15 3 637500 2
1 2 0 4 637500 2
1 2 8 7 637500 2
1 2 0 8 637500 2
1 2 1 5 637500 2
1 2 2 8 637500 2
1 2 2 6 637500 2
1 2 2 7 637500 2
1 2 3 9 637500 2
1 2 4 7 637500 2
1 2 8 9 637500 2
1 2 6 4 637500 2
1 2 6 2 637500 2
1 2 4 0 637500 2
1 2 4 8 637500 2
1 2 3 7 637500 2
1 2 5 7 638000 2
1 2 15 1 638000 2
1 2 14 2 638000 2
1 2 13 2 638000 2
1 2 12 2 638000 2
1 2 12 9 638000 2
1 2 11 9 638000 2
1 2 11 9 638000 2
1 2 11 8 638000 2
1 2 8 3 638000 2
1 2 8 3 638000 2
1 2 6 1 638000 2
1 2 4 4 638000 2
1 2 5 9 638000 2
1 2 0 9 638000 2
1 2 0 7 638000 2
1 2 0 3 638000 2
1 2 1 7 638000 2
1 2 2 2 638000 2
1 2 2 9 638000 2
1 2 2 8 638000 2
1 2 3 6 638000 2
1 2 3 7 638000 2
1 2 7 9 638500 2
1 2 7 7 638500 2
1 2 8 9 638500 2
1 2 8 7 638500 2
1 2 9 8 638500 2
1 2 10 7 638500 2
1 2 11 7 638500 2
1 2 11 8 638500 2
1 2 11 9 638500 2
1 2 12 4 638500 2
1 2 14 5 638500 2
1 2 2 6 638500 2
1 2 14 3 638500 2
1 2 15 2 638500 2
1 2 15 3 638500 2
1 2 6 3 638500 2
1 2 7 2 638500 2
1 2 0 7 638500 2
1 2 1 7 638500 2
1 2 2 8 638500 2
1 2 2 4 638500 2
1 2 3 7 638500 2
1 2 4 8 638500 2
1 2 4 7 638500 2
1 2 5 7 638500 2
1 2 6 8 638500 2
1 2 6 2 638500 2
1 2 6 3 638500 2
1 2 6 9 638500 2
1 2 6 3 639000 2
1 2 7 3 639000 2
1 2 7 3 639000 2
1 2 8 1 639000 2
1 2 8 2 639000 2
1 2 8 8 639000 2
1 2 8 7 639000 2
1 2 10 4 639000 2
1 2 10 3 639000 2
1 2 11 6 639000 2
1 2 11 9 639000 2
1 2 11 3 639000 2
1 2 13 8 639000 2
1 2 13 7 639000 2
1 2 13 7 639000 2
1 2 14 8 639000 2
1 2 6 2 639000 2
1 2 0 8 639000 2
1 2 1 0 639000 2
1 2 2 2 639000 2
1 2 2 7 639000 2
1 2 2 5 639000 2
1 2 2 6 639000 2
1 2 3 8 639000 2
1 2 3 4 639000 2
1 2 3 3 639000 2
1 2 4 2 639000 2
1 2 5 1 639000 2
1 2 5 7 639000 2
1 2 7 7 639000 2
1 2 3 7 639000 2
1 2 10 8 639500 2
1 2 11 8 639500 2
1 2 11 4 639500 2
1 2 11 0 639500 2
1 2 12 7 639500 2
1 2 13 3 639500 2
1 2 14 8 639500 2
1 2 14 7 639500 2
1 2 15 9 639500 2
1 2 15 8 639500 2
1 2 0 8 639500 2
1 2 8 4 639500 2
1 2 8 3 639500 2
1 2 0 4 639500 2
1 2 3 4 639500 2
1 2 5 8 639500 2
1 2 5 7 639500 2
1 2 6 1 639500 2
1 2 7 8 639500 2
1 2 7 2 639500 2
1 2 8 6 639500 2
1 2 8 7 639500 2
1 2 9 6 640000 2
1 2 11 1 640000 2
1 2 10 9 640000 2
1 2 11 0 640000 2
1 2 11 9 640000 2
1 2 11 6 640000 2
1 2 11 4 640000 2
1 2 13 7 640000 2
1 2 14 5 640000 2
1 2 14 5 640000 2
1 2 15 8 640000 2
1 2 15 4 640000 2
1 2 15 3 640000 2
1 2 15 7 640000 2
1 2 15 7 640000 2
1 2 8 3 640000 2
1 2 8 8 640000 2
1 2 0 6 640000 2
1 2 2 1 640000 2
1 2 2 0 640000 2
1 2 2 9 640000 2
1 2 3 7 640000 2
1 2 3 7 640000 2
1 2 4 7 640000 2
1 2 5 1 640000 2
1 2 0 3 640000 2
1 2 5 9 640000 2
1 2 6 7 640000 2
1 2 6 9 640000 2
1 2 7 2 640000 2
1 2 8 9 640000 2
1 2 15 5 640500 2
1 2 14 3 640500 2
1 2 13 7 640500 2
1 2 11 1 640500 2
1 2 5 9 640500 2
1 2 11 8 640500 2
1 2 10 6 640500 2
1 2 10 8 640500 2
1 2 10 0 640500 2
1 2 10 8 640500 2
1 2 8 2 640500 2
1 2 6 3 640500 2
1 2 5 3 640500 2
1 2 3 0 640500 2
1 2 2 6 640500 2
1 2 2 7 640500 2
1 2 0 3 640500 2
1 2 6 9 641000 2
1 2 14 9 641000 2
1 2 14 8 641000 2
1 2 12 6 641000 2
1 2 12 5 641000 2
1 2 12 2 641000 2
1 2 11 2 641000 2
1 2 11 9 641000 2
1 2 10 6 641000 2
1 2 8 9 641000 2
1 2 6 9 641000 2
1 2 2 7 641000 2
1 2 6 0 641000 2
1 2 5 9 641000 2
1 2 4 4 641000 2
1 2 11 4 641000 2
1 2 7 8 641500 2
1 2 15 4 641500 2
1 2 12 5 641500 2
1 2 12 2 641500 2
1 2 8 9 641500 2
1 2 8 7 641500 2
1 2 8 1 641500 2
1 2 8 7 641500 2
1 2 6 9 641500 2
1 2 6 2 641500 2
1 2 4 9 641500 2
1 2 3 6 641500 2
1 2 1 4 641500 2
1 2 0 9 641500 2
1 2 0 5 641500 2
1 2 0 2 641500 2
1 2 10 4 642000 2
1 2 15 4 642000 2
1 2 14 3 642000 2
1 2 14 4 642000 2
1 2 12 6 642000 2
1 2 12 5 642000 2
1 2 12 8 642000 2
1 2 11 0 642000 2
1 2 10 3 642000 2
1 2 8 9 642000 2
1 2 7 3 642000 2
1 2 6 3 642000 2
1 2 5 9 642000 2
1 2 4 4 642000 2
1 2 4 8 642000 2
1 2 11 9 642000 2
1 2 7 7 642500 2
1 2 14 9 642500 2
1 2 13 5 642500 2
1 2 11 4 642500 2
1 2 10 9 642500 2
1 2 10 7 642500 2
1 2 6 5 642500 2
1 2 6 1 642500 2
1 2 4 9 642500 2
1 2 3 4 642500 2
1 2 0 8 642500 2
1 2 0 7 642500 2
1 2 4 1 643000 2
1 2 14 9 643000 2
1 2 14 5 643000 2
1 2 13 6 643000 2
1 2 13 4 643000 2
1 2 12 0 643000 2
1 2 10 3 643000 2
1 2 8 3 643000 2
1 2 7 9 643000 2
1 2 8 7 643000 2
1 2 1 7 643000 2
1 2 3 4 643000 2
1 2 0 8 643000 2
1 2 5 3 643000 2
1 2 6 3 643000 2
1 2 4 9 643000 2
1 2 12 6 643500 2
1 2 14 8 643500 2
1 2 13 7 643500 2
1 2 11 7 643500 2
1 2 11 7 643500 2
1 2 11 2 643500 2
1 2 11 9 643500 2
1 2 11 4 643500 2
1 2 10 6 643500 2
1 2 9 2 643500 2
1 2 9 4 643500 2
1 2 9 6 643500 2
1 2 8 5 643500 2
1 2 7 7 643500 2
1 2 7 9 643500 2
1 2 0 8 643500 2
1 2 2 5 643500 2
1 2 3 8 643500 2
1 2 3 7 643500 2
1 2 4 9 643500 2
1 2 5 9 643500 2
1 2 5 8 643500 2
1 2 5 9 643500 2
1 2 6 7 643500 2
1 2 6 7 643500 2
1 2 7 2 643500 2
1 2 13 5 644000 2
1 2 12 2 644000 2
1 2 11 0 644000 2
1 2 10 9 644000 2
1 2 9 1 644000 2
1 2 4 6 644000 2
1 2 9 3 644000 2
1 2 8 1 644000 2
1 2 8 7 644000 2
1 2 6 6 644000 2
1 2 5 9 644000 2
1 2 4 9 644000 2
1 2 3 4 644000 2
1 2 3 8 644000 2
1 2 2 7 644000 2
1 2 0 0 644000 2
1 2 14 1 644500 2
1 2 13 5 644500 2
1 2 13 2 644500 2
1 2 12 9 644500 2
1 2 8 3 644500 2
1 2 8 8 644500 2
1 2 8 7 644500 2
1 2 7 5 644500 2
1 2 6 3 644500 2
1 2 5 8 644500 2
1 2 5 3 644500 2
1 2 4 6 644500 2
1 2 4 9 644500 2
1 2 3 7 644500 2
1 2 0 8 644500 2
1 2 0 4 644500 2
1 2 7 2 644500 2
1 2 7 9 645000 2
1 2 5 9 645000 2
1 2 7 1 645000 2
1 2 8 7 645000 2
1 2 8 7 645000 2
1 2 8 8 645000 2
1 2 9 1 645000 2
1 2 10 9 645000 2
1 2 11 3 645000 2
1 2 12 6 645000 2
1 2 13 6 645000 2
1 2 5 5 645000 2
1 2 0 8 645000 2
1 2 1 8 645000 2
1 2 2 9 645000 2
1 2 2 7 645000 2
1 2 3 5 645000 2
1 2 3 4 645000 2
1 2 3 3 645000 2
1 2 3 7 645000 2
1 2 4 0 645000 2
1 2 0 8 645500 2
1 2 14 1 645500 2
1 2 13 6 645500 2
1 2 12 0 645500 2
1 2 12 2 645500 2
1 2 11 8 645500 2
1 2 10 0 645500 2
1 2 9 1 645500 2
1 2 7 4 645500 2
1 2 6 3 645500 2
1 2 5 4 645500 2
1 2 5 4 645500 2
1 2 4 4 645500 2
1 2 4 7 645500 2
1 2 2 7 645500 2
1 2 2 5 645500 2
1 2 1 9 645500 2
1 2 7 3 645500 2
1 2 8 2 646000 2
1 2 10 3 646000 2
1 2 10 9 646000 2
1 2 11 4 646000 2
1 2 11 8 646000 2
1 2 12 2 646000 2
1 2 12 6 646000 2
1 2 12 5 646000 2
1 2 13 1 646000 2
1 2 13 4 646000 2
1 2 14 7 646000 2
1 2 2 5 646000 2
1 2 7 9 646000 2
1 2 8 0 646000 2
1 2 0 1 646000 2
1 2 2 9 646000 2
1 2 2 9 646000 2
1 2 3 4 646000 2
1 2 4 1 646000 2
1 2 4 2 646000 2
1 2 6 1 646000 2
1 2 6 3 646000 2
1 2 7 7 646000 2
1 2 7 2 646000 2
1 2 8 7 646500 2
1 2 14 5 646500 2
1 2 14 9 646500 2
1 2 13 7 646500 2
1 2 11 2 646500 2
1 2 11 4 646500 2
1 2 10 7 646500 2
1 2 10 9 646500 2
1 2 10 2 646500 2
1 2 9 1 646500 2
1 2 7 5 646500 2
1 2 6 9 646500 2
1 2 6 2 646500 2
1 2 6 8 646500 2
1 2 5 3 646500 2
1 2 4 0 646500 2
1 2 4 0 646500 2
1 2 4 2 646500 2
1 2 3 8 646500 2
1 2 2 8 646500 2
1 2 8 7 647000 2
1 2 12 6 647000 2
1 2 8 6 647000 2
1 2 9 0 647000 2
1 2 9 5 647000 2
1 2 10 9 647000 2
1 2 11 7 647000 2
1 2 11 6 647000 2
1 2 12 2 647000 2
1 2 12 4 647000 2
1 2 13 6 647000 2
1 2 14 0 647000 2
1 2 7 4 647000 2
1 2 7 7 647000 2
1 2 0 2 647000 2
1 2 0 7 647000 2
1 2 1 9 647000 2
1 2 0 3 647000 2
1 2 2 5 647000 2
1 2 3 8 647000 2
1 2 4 2 647000 2
1 2 6 0 647000 2
1 2 6 3 647000 2
1 2 6 3 647000 2
1 2 3 0 647000 2
1 2 8 0 647500 2
1 2 9 0 647500 2
1 2 9 3 647500 2
1 2 10 9 647500 2
1 2 12 4 647500 2
1 2 12 6 647500 2
1 2 12 5 647500 2
1 2 13 6 647500 2
1 2 14 8 647500 2
1 2 15 6 647500 2
1 2 15 0 647500 2
1 2 3 4 647500 2
1 2 7 7 647500 2
1 2 0 3 647500 2
1 2 2 2 647500 2
1 2 4 6 647500 2
1 2 4 4 647500 2
1 2 4 5 647500 2
1 2 5 5 647500 2
1 2 5 7 647500 2
1 2 6 4 647500 2
1 2 7 0 647500 2
1 2 7 5 647500 2
1 2 10 1 648000 2
1 2 15 4 648000 2
1 2 14 0 648000 2
1 2 13 4 648000 2
1 2 12 3 648000 2
1 2 11 7 648000 2
1 2 10 3 648000 2
1 2 8 3 648000 2
1 2 8 3 648000 2
1 2 8 0 648000 2
1 2 8 6 648000 2
1 2 3 4 648000 2
1 2 0 4 648000 2
1 2 9 7 648000 2
1 2 10 8 648500 2
1 2 10 2 648500 2
1 2 11 9 648500 2
1 2 11 3 648500 2
1 2 11 4 648500 2
1 2 13 8 648500 2
1 2 13 3 648500 2
1 2 14 1 648500 2
1 2 14 8 648500 2
1 2 15 0 648500 2
1 2 15 2 648500 2
1 2 15 3 648500 2
1 2 8 7 648500 2
1 2 9 6 648500 2
1 2 0 5 648500 2
1 2 0 1 648500 2
1 2 2 5 648500 2
1 2 4 7 648500 2
1 2 6 8 648500 2
1 2 6 7 648500 2
1 2 6 4 648500 2
1 2 7 4 648500 2
1 2 7 8 648500 2
1 2 8 2 648500 2
1 2 10 7 649000 2
1 2 15 7 649000 2
1 2 15 7 649000 2
1 2 14 5 649000 2
1 2 13 8 649000 2
1 2 13 2 649000 2
1 2 9 1 649000 2
1 2 5 9 649000 2
1 2 4 6 649000 2
1 2 4 6 649000 2
1 2 4 5 649000 2
1 2 12 6 649000 2
1 2 14 0 649500 2
1 2 11 4 649500 2
1 2 11 7 649500 2
1 2 11 2 649500 2
1 2 11 0 649500 2
1 2 11 1 649500 2
1 2 12 9 649500 2
1 2 13 5 649500 2
1 2 13 5 649500 2
1 2 15 8 649500 2
1 2 2 3 649500 2
1 2 10 7 649500 2
1 2 9 6 649500 2
1 2 8 7 649500 2
1 2 7 5 649500 2
1 2 5 4 649500 2
1 2 4 7 649500 2
1 2 11 9 649500 2
1 2 1 3 649500 2
1 2 1 6 649500 2
1 2 0 4 649500 2
1 2 9 9 650000 2
1 2 11 9 650000 2
1 2 12 6 650000 2
1 2 12 4 650000 2
1 2 14 8 650000 2
1 2 14 1 650000 2
1 2 15 0 650000 2
1 2 15 2 650000 2
1 2 15 6 650000 2
1 2 11 0 650000 2
1 2 8 7 650000 2
1 2 8 1 650000 2
1 2 2 2 650000 2
1 2 3 4 650000 2
1 2 4 0 650000 2
1 2 4 4 650000 2
1 2 4 6 650000 2
1 2 4 0 650000 2
1 2 6 3 650000 2
1 2 6 9 650000 2
1 2 8 4 650000 2
1 2 7 8 650500 2
1 2 15 4 650500 2
1 2 15 0 650500 2
1 2 14 2 650500 2
1 2 12 4 650500 2
1 2 11 2 650500 2
1 2 11 6 650500 2
1 2 11 9 650500 2
1 2 9 1 650500 2
1 2 8 0 650500 2
1 2 7 6 650500 2
1 2 0 5 650500 2
1 2 2 0 650500 2
1 2 3 0 650500 2
1 2 3 8 650500 2
1 2 4 3 650500 2
1 2 4 8 650500 2
1 2 6 5 650500 2
1 2 6 7 650500 2
1 2 7 2 650500 2
1 2 0 3 651000 2
1 2 14 4 651000 2
1 2 13 6 651000 2
1 2 13 9 651000 2
1 2 12 4 651000 2
1 2 12 8 651000 2
1 2 12 6 651000 2
1 2 12 8 651000 2
1 2 11 0 651000 2
1 2 11 6 651000 2
1 2 11 4 651000 2
1 2 9 5 651000 2
1 2 9 0 651000 2
1 2 6 8 651000 2
1 2 6 6 651000 2
1 2 4 0 651000 2
1 2 4 1 651000 2
1 2 4 5 651000 2
1 2 3 8 651000 2
1 2 2 0 651000 2
1 2 10 6 651000 2
1 2 11 0 651500 2
1 2 12 8 651500 2
1 2 12 4 651500 2
1 2 13 3 651500 2
1 2 13 0 651500 2
1 2 15 6 651500 2
1 2 15 8 651500 2
1 2 15 6 651500 2
1 2 15 3 651500 2
1 2 15 9 651500 2
1 2 9 2 651500 2
1 2 10 6 651500 2
1 2 0 9 651500 2
1 2 1 7 651500 2
1 2 1 5 651500 2
1 2 2 5 651500 2
1 2 2 4 651500 2
1 2 3 8 651500 2
1 2 6 8 651500 2
1 2 6 4 651500 2
1 2 4 1 652000 2
1 2 13 7 652000 2
1 2 12 5 652000 2
1 2 12 8 652000 2
1 2 11 3 652000 2
1 2 11 0 652000 2
1 2 9 3 652000 2
1 2 9 6 652000 2
1 2 9 1 652000 2
1 2 8 7 652000 2
1 2 4 8 652000 2
1 2 4 9 652000 2
1 2 3 3 652000 2
1 2 3 4 652000 2
1 2 0 5 652000 2
1 2 0 9 652000 2
1 2 0 4 652000 2
1 2 0 8 652500 2
1 2 15 6 652500 2
1 2 14 0 652500 2
1 2 12 9 652500 2
1 2 12 2 652500 2
1 2 11 4 652500 2
1 2 9 0 652500 2
1 2 6 2 652500 2
1 2 4 2 652500 2
1 2 4 4 652500 2
1 2 3 4 652500 2
1 2 2 0 652500 2
1 2 1 0 652500 2
1 2 6 2 652500 2
1 2 0 2 652500 2
1 2 10 7 653000 2
1 2 11 7 653000 2
1 2 11 0 653000 2
1 2 11 4 653000 2
1 2 12 4 653000 2
1 2 13 2 653000 2
1 2 13 9 653000 2
1 2 14 4 653000 2
1 2 14 8 653000 2
1 2 14 9 653000 2
1 2 15 2 653000 2
1 2 15 7 653000 2
1 2 15 9 653000 2
1 2 11 5 653000 2
1 2 9 2 653000 2
1 2 9 1 653000 2
1 2 2 8 653000 2
1 2 2 5 653000 2
1 2 3 0 653000 2
1 2 4 5 653000 2
1 2 4 4 653000 2
1 2 4 6 653000 2
1 2 4 0 653000 2
1 2 7 5 653000 2
1 2 7 4 653000 2
1 2 8 0 653000 2
1 2 9 2 653000 2
1 2 9 6 653000 2
1 2 0 8 653000 2
1 2 15 7 653500 2
1 2 15 0 653500 2
1 2 15 0 653500 2
1 2 14 0 653500 2
1 2 13 2 653500 2
1 2 12 8 653500 2
1 2 12 5 653500 2
1 2 12 6 653500 2
1 2 9 8 653500 2
1 2 7 4 653500 2
1 2 6 7 653500 2
1 2 6 2 653500 2
1 2 3 4 653500 2
1 2 2 7 653500 2
1 2 1 2 653500 2
1 2 9 4 653500 2
1 2 9 7 654000 2
1 2 9 0 654000 2
1 2 9 1 654000 2
1 2 11 9 654000 2
1 2 11 4 654000 2
1 2 13 6 654000 2
1 2 13 8 654000 2
1 2 15 2 654000 2
1 2 15 0 654000 2
1 2 15 2 654000 2
1 2 7 9 654000 2
1 2 7 5 654000 2
1 2 4 6 654000 2
1 2 4 4 654000 2
1 2 3 8 654000 2
1 2 2 9 654000 2
1 2 2 2 654000 2
1 2 1 0 654000 2
1 2 1 9 654000 2
1 2 8 9 654000 2
1 2 9 2 654500 2
1 2 11 4 654500 2
1 2 13 9 654500 2
1 2 14 8 654500 2
1 2 15 8 654500 2
1 2 15 2 654500 2
1 2 15 1 654500 2
1 2 15 4 654500 2
1 2 15 2 654500 2
1 2 12 5 654500 2
1 2 6 0 654500 2
1 2 8 6 654500 2
1 2 0 3 654500 2
1 2 1 6 654500 2
1 2 1 5 654500 2
1 2 2 6 654500 2
1 2 4 8 654500 2
1 2 5 6 654500 2
1 2 0 1 654500 2
1 2 5 9 654500 2
1 2 3 3 654500 2
1 2 12 6 655000 2
1 2 15 6 655000 2
1 2 15 3 655000 2
1 2 15 1 655000 2
1 2 13 0 655000 2
1 2 13 5 655000 2
1 2 13 0 655000 2
1 2 12 4 655000 2
1 2 11 7 655000 2
1 2 10 7 655000 2
1 2 9 9 655000 2
1 2 10 1 655000 2
1 2 8 9 655000 2
1 2 4 6 655000 2
1 2 4 0 655000 2
1 2 3 4 655000 2
1 2 3 6 655000 2
1 2 2 9 655000 2
1 2 2 1 655000 2
1 2 2 0 655000 2
1 2 11 0 655500 2
1 2 12 5 655500 2
1 2 12 6 655500 2
1 2 13 5 655500 2
1 2 13 9 655500 2
1 2 14 7 655500 2
1 2 14 2 655500 2
1 2 15 2 655500 2
1 2 15 1 655500 2
1 2 2 5 655500 2
1 2 8 7 655500 2
1 2 8 8 655500 2
1 2 8 9 655500 2
1 2 7 4 655500 2
1 2 3 2 655500 2
1 2 3 8 655500 2
1 2 2 9 655500 2
1 2 0 8 655500 2
1 2 0 5 655500 2
1 2 11 0 655500 2
1 2 8 4 656000 2
1 2 9 9 656000 2
1 2 9 4 656000 2
1 2 9 2 656000 2
1 2 11 7 656000 2
1 2 11 9 656000 2
1 2 12 0 656000 2
1 2 14 5 656000 2
1 2 15 8 656000 2
1 2 15 9 656000 2
1 2 15 6 656000 2
1 2 5 4 656000 2
1 2 5 7 656000 2
1 2 4 6 656000 2
1 2 3 0 656000 2
1 2 2 9 656000 2
1 2 2 5 656000 2
1 2 2 2 656000 2
1 2 2 9 656000 2
1 2 1 9 656000 2
1 2 7 9 656000 2
1 2 8 7 656500 2
1 2 15 5 656500 2
1 2 9 2 656500 2
1 2 11 8 656500 2
1 2 11 7 656500 2
1 2 12 6 656500 2
1 2 13 3 656500 2
1 2 14 8 656500 2
1 2 14 3 656500 2
1 2 15 0 656500 2
1 2 15 4 656500 2
1 2 5 8 656500 2
1 2 4 2 656500 2
1 2 4 3 656500 2
1 2 3 9 656500 2
1 2 3 4 656500 2
1 2 2 7 656500 2
1 2 2 2 656500 2
1 2 1 6 656500 2
1 2 0 8 656500 2
1 2 0 3 656500 2
1 2 5 9 656500 2
1 2 10 8 657000 2
1 2 6 3 657000 2
1 2 11 8 657000 2
1 2 11 4 657000 2
1 2 12 1 657000 2
1 2 12 7 657000 2
1 2 13 4 657000 2
1 2 14 8 657000 2
1 2 15 8 657000 2
1 2 15 8 657000 2
1 2 15 6 657000 2
1 2 6 8 657000 2
1 2 0 1 657000 2
1 2 0 8 657000 2
1 2 2 7 657000 2
1 2 3 4 657000 2
1 2 3 2 657000 2
1 2 4 6 657000 2
1 2 5 5 657000 2
1 2 5 2 657000 2
1 2 7 3 657000 2
1 2 15 6 657500 2
1 2 15 0 657500 2
1 2 14 8 657500 2
1 2 14 2 657500 2
1 2 13 7 657500 2
1 2 12 1 657500 2
1 2 11 9 657500 2
1 2 11 1 657500 2
1 2 8 5 657500 2
1 2 5 1 657500 2
1 2 5 3 657500 2
1 2 4 0 657500 2
1 2 3 0 657500 2
1 2 3 8 657500 2
1 2 2 9 657500 2
1 2 0 6 657500 2
1 2 8 7 657500 2
1 2 11 4 658000 2
1 2 12 1 658000 2
1 2 11 7 658000 2
1 2 12 9 658000 2
1 2 13 4 658000 2
1 2 13 3 658000 2
1 2 14 4 658000 2
1 2 14 7 658000 2
1 2 14 6 658000 2
1 2 14 2 658000 2
1 2 14 3 658000 2
1 2 15 5 658000 2
1 2 15 9 658000 2
1 2 15 3 658000 2
1 2 11 0 658000 2
1 2 0 9 658000 2
1 2 1 0 658000 2
1 2 1 9 658000 2
1 2 1 6 658000 2
1 2 2 1 658000 2
1 2 3 7 658000 2
1 2 4 0 658000 2
1 2 8 8 658000 2
1 2 8 8 658000 2
1 2 10 4 658000 2
1 2 11 0 658000 2
1 2 6 8 658000 2
1 2 11 2 658000 2
1 2 8 2 658500 2
1 2 8 3 658500 2
1 2 9 1 658500 2
1 2 9 8 658500 2
1 2 11 9 658500 2
1 2 11 4 658500 2
1 2 12 7 658500 2
1 2 13 4 658500 2
1 2 14 9 658500 2
1 2 14 9 658500 2
1 2 15 0 658500 2
1 2 15 8 658500 2
1 2 15 1 658500 2
1 2 15 8 658500 2
1 2 7 8 658500 2
1 2 8 0 658500 2
1 2 0 8 658500 2
1 2 2 7 658500 2
1 2 2 4 658500 2
1 2 0 4 658500 2
1 2 3 4 658500 2
1 2 3 8 658500 2
1 2 4 2 658500 2
1 2 4 3 658500 2
1 2 4 8 658500 2
1 2 6 0 658500 2
1 2 6 8 658500 2
1 2 6 5 658500 2
1 2 3 8 658500 2
1 2 8 0 659000 2
1 2 8 2 659000 2
1 2 9 5 659000 2
1 2 9 5 659000 2
1 2 10 6 659000 2
1 2 11 2 659000 2
1 2 12 9 659000 2
1 2 12 1 659000 2
1 2 13 4 659000 2
1 2 14 8 659000 2
1 2 15 8 659000 2
1 2 15 2 659000 2
1 2 0 4 659000 2
1 2 8 0 659000 2
1 2 0 9 659000 2
1 2 3 4 659000 2
1 2 3 2 659000 2
1 2 4 3 659000 2
1 2 4 6 659000 2
1 2 5 9 659000 2
1 2 6 3 659000 2
1 2 6 6 659000 2
1 2 6 1 659000 2
1 2 6 8 659000 2
1 2 7 7 659000 2
1 2 10 6 659500 2
1 2 15 4 659500 2
1 2 15 0 659500 2
1 2 14 0 659500 2
1 2 13 6 659500 2
1 2 12 4 659500 2
1 2 12 8 659500 2
1 2 11 2 659500 2
1 2 11 9 659500 2
1 2 6 8 659500 2
1 2 9 2 659500 2
1 2 1 5 659500 2
1 2 2 0 659500 2
1 2 3 2 659500 2
1 2 3 2 659500 2
1 2 4 1 659500 2
1 2 4 6 659500 2
1 2 5 2 659500 2
1 2 6 1 659500 2
1 2 6 8 660000 2
1 2 6 9 660000 2
1 2 6 8 660000 2
1 2 7 0 660000 2
1 2 9 5 660000 2
1 2 10 8 660000 2
1 2 11 6 660000 2
1 2 11 4 660000 2
1 2 11 5 660000 2
1 2 12 1 660000 2
1 2 13 4 660000 2
1 2 14 7 660000 2
1 2 15 5 660000 2
1 2 15 2 660000 2
1 2 15 9 660000 2
1 2 6 3 660000 2
1 2 6 3 660000 2
1 2 0 1 660000 2
1 2 0 5 660000 2
1 2 1 7 660000 2
1 2 3 6 660000 2
1 2 3 9 660000 2
1 2 3 3 660000 2
1 2 4 2 660000 2
1 2 4 1 660000 2
1 2 4 8 660000 2
1 2 5 3 660000 2
1 2 5 2 660000 2
1 2 6 2 660000 2
1 2 4 6 660000 2
1 2 11 0 660500 2
1 2 11 4 660500 2
1 2 12 3 660500 2
1 2 13 5 660500 2
1 2 14 2 660500 2
1 2 14 0 660500 2
1 2 14 0 660500 2
1 2 15 5 660500 2
1 2 15 5 660500 2
1 2 15 0 660500 2
1 2 15 1 660500 2
1 2 10 5 660500 2
1 2 8 2 660500 2
1 2 8 0 660500 2
1 2 7 1 660500 2
1 2 7 3 660500 2
1 2 6 9 660500 2
1 2 5 3 660500 2
1 2 4 8 660500 2
1 2 3 8 660500 2
1 2 1 2 660500 2
1 2 0 3 660500 2
1 2 10 5 660500 2
1 2 0 8 660500 2
1 2 12 7 661000 2
1 2 15 2 661000 2
1 2 12 6 661000 2
1 2 11 3 661000 2
1 2 11 0 661000 2
1 2 9 2 661000 2
1 2 9 4 661000 2
1 2 12 2 661000 2
1 2 12 4 661000 2
1 2 14 5 661000 2
1 2 14 8 661000 2
1 2 15 8 661000 2
1 2 13 8 661000 2
1 2 8 7 661000 2
1 2 9 2 661000 2
1 2 1 6 661000 2
1 2 1 5 661000 2
1 2 2 2 661000 2
1 2 3 4 661000 2
1 2 4 2 661000 2
1 2 4 0 661000 2
1 2 4 9 661000 2
1 2 5 9 661000 2
1 2 6 5 661000 2
1 2 8 9 661000 2
1 2 4 3 661000 2
1 2 7 3 661500 2
1 2 8 3 661500 2
1 2 12 9 661500 2
1 2 12 6 661500 2
1 2 13 0 661500 2
1 2 14 1 661500 2
1 2 14 8 661500 2
1 2 15 5 661500 2
1 2 15 2 661500 2
1 2 15 1 661500 2
1 2 6 4 661500 2
1 2 6 9 661500 2
1 2 6 3 661500 2
1 2 6 0 661500 2
1 2 6 8 661500 2
1 2 4 8 661500 2
1 2 3 2 661500 2
1 2 2 7 661500 2
1 2 2 2 661500 2
1 2 1 0 661500 2
1 2 0 3 661500 2
1 2 9 1 662000 2
1 2 10 9 662000 2
1 2 10 5 662000 2
1 2 11 0 662000 2
1 2 11 7 662000 2
1 2 12 8 662000 2
1 2 13 2 662000 2
1 2 14 8 662000 2
1 2 15 2 662000 2
1 2 15 1 662000 2
1 2 1 2 662000 2
1 2 7 8 662000 2
1 2 8 0 662000 2
1 2 1 5 662000 2
1 2 3 9 662000 2
1 2 3 4 662000 2
1 2 4 5 662000 2
1 2 4 4 662000 2
1 2 4 1 662000 2
1 2 5 9 662000 2
1 2 6 8 662000 2
1 2 6 3 662000 2
1 2 7 3 662500 2
1 2 8 5 662500 2
1 2 8 7 662500 2
1 2 9 1 662500 2
1 2 11 7 662500 2
1 2 12 6 662500 2
1 2 14 2 662500 2
1 2 14 5 662500 2
1 2 15 2 662500 2
1 2 15 1 662500 2
1 2 15 3 662500 2
1 2 2 6 662500 2
1 2 6 3 662500 2
1 2 7 9 662500 2
1 2 1 2 662500 2
1 2 1 5 662500 2
1 2 2 0 662500 2
1 2 1 2 662500 2
1 2 3 4 662500 2
1 2 3 8 662500 2
1 2 4 3 662500 2
1 2 4 6 662500 2
1 2 6 5 662500 2
1 2 8 9 663000 2
1 2 15 2 663000 2
1 2 14 8 663000 2
1 2 13 4 663000 2
1 2 12 8 663000 2
1 2 11 4 663000 2
1 2 11 2 663000 2
1 2 10 4 663000 2
1 2 8 3 663000 2
1 2 8 9 663000 2
1 2 7 1 663000 2
1 2 5 0 663000 2
1 2 5 3 663000 2
1 2 4 0 663000 2
1 2 4 2 663000 2
1 2 3 0 663000 2
1 2 2 8 663000 2
1 2 0 9 663000 2
1 2 8 7 663500 2
1 2 2 3 663500 2
1 2 8 7 663500 2
1 2 9 5 663500 2
1 2 9 0 663500 2
1 2 11 2 663500 2
1 2 11 4 663500 2
1 2 12 1 663500 2
1 2 13 3 663500 2
1 2 14 4 663500 2
1 2 15 6 663500 2
1 2 6 3 663500 2
1 2 0 4 663500 2
1 2 2 2 663500 2
1 2 3 4 663500 2
1 2 4 4 663500 2
1 2 4 3 663500 2
1 2 5 7 663500 2
1 2 5 2 663500 2
1 2 6 3 663500 2
1 2 6 4 663500 2
1 2 6 3 664000 2
1 2 15 9 664000 2
1 2 15 8 664000 2
1 2 14 3 664000 2
1 2 14 9 664000 2
1 2 14 5 664000 2
1 2 13 8 664000 2
1 2 12 7 664000 2
1 2 11 3 664000 2
1 2 10 5 664000 2
1 2 10 6 664000 2
1 2 6 8 664000 2
1 2 0 3 664000 2
1 2 0 1 664000 2
1 2 0 2 664000 2
1 2 1 7 664000 2
1 2 2 9 664000 2
1 2 2 8 664000 2
1 2 2 2 664000 2
1 2 2 2 664000 2
1 2 4 1 664000 2
1 2 4 6 664000 2
1 2 14 2 664500 2
1 2 15 9 664500 2
1 2 14 0 664500 2
1 2 13 7 664500 2
1 2 13 7 664500 2
1 2 12 9 664500 2
1 2 11 1 664500 2
1 2 10 8 664500 2
1 2 9 7 664500 2
1 2 9 2 664500 2
1 2 8 7 664500 2
1 2 7 9 664500 2
1 2 7 5 664500 2
1 2 6 9 664500 2
1 2 6 7 664500 2
1 2 5 6 664500 2
1 2 4 7 664500 2
1 2 1 0 664500 2
1 2 0 9 664500 2
1 2 0 9 664500 2
1 2 0 5 664500 2
1 2 7 8 664500 2
1 2 7 4 665000 2
1 2 6 7 665000 2
1 2 8 4 665000 2
1 2 9 9 665000 2
1 2 10 9 665000 2
1 2 11 7 665000 2
1 2 11 9 665000 2
1 2 12 8 665000 2
1 2 13 8 665000 2
1 2 15 1 665000 2
1 2 15 9 665000 2
1 2 6 8 665000 2
1 2 0 6 665000 2
1 2 3 4 665000 2
1 2 3 3 665000 2
1 2 3 1 665000 2
1 2 4 5 665000 2
1 2 4 0 665000 2
1 2 4 3 665000 2
1 2 4 2 665000 2
1 2 7 7 665000 2
1 2 6 1 665500 2
1 2 13 9 665500 2
1 2 11 4 665500 2
1 2 10 9 665500 2
1 2 10 6 665500 2
1 2 10 0 665500 2
1 2 8 7 665500 2
1 2 6 7 665500 2
1 2 5 3 665500 2
1 2 0 2 665500 2
1 2 3 8 665500 2
1 2 3 3 665500 2
1 2 3 4 665500 2
1 2 3 5 665500 2
1 2 4 7 665500 2
1 2 4 0 665500 2
1 2 4 2 665500 2
1 2 8 7 666000 2
1 2 15 8 666000 2
1 2 12 5 666000 2
1 2 11 1 666000 2
1 2 11 9 666000 2
1 2 10 1 666000 2
1 2 9 5 666000 2
1 2 8 8 666000 2
1 2 8 2 666000 2
1 2 8 6 666000 2
1 2 7 9 666000 2
1 2 6 2 666000 2
1 2 5 6 666000 2
1 2 4 3 666000 2
1 2 2 8 666000 2
1 2 0 0 666000 2
1 2 0 2 666000 2
1 2 8 9 666500 2
1 2 10 5 666500 2
1 2 10 8 666500 2
1 2 10 7 666500 2
1 2 11 4 666500 2
1 2 12 9 666500 2
1 2 13 2 666500 2
1 2 14 4 666500 2
1 2 14 4 666500 2
1 2 14 7 666500 2
1 2 15 7 666500 2
1 2 1 7 666500 2
1 2 7 8 666500 2
1 2 6 3 666500 2
1 2 6 2 666500 2
1 2 5 3 666500 2
1 2 5 9 666500 2
1 2 4 4 666500 2
1 2 3 7 666500 2
1 2 2 5 666500 2
1 2 8 6 666500 2
1 2 0 7 666500 2
1 2 0 2 666500 2
1 2 7 3 667000 2
1 2 8 2 667000 2
1 2 9 0 667000 2
1 2 10 4 667000 2
1 2 10 7 667000 2
1 2 11 4 667000 2
1 2 15 0 667000 2
1 2 10 8 667000 2
1 2 7 5 667000 2
1 2 7 4 667000 2
1 2 2 3 667000 2
1 2 2 9 667000 2
1 2 5 6 667000 2
1 2 5 9 667000 2
1 2 0 2 667000 2
1 2 6 3 667000 2
1 2 6 9 667500 2
1 2 14 0 667500 2
1 2 14 7 667500 2
1 2 11 7 667500 2
1 2 11 1 667500 2
1 2 11 8 667500 2
1 2 10 7 667500 2
1 2 10 2 667500 2
1 2 8 0 667500 2
1 2 8 5 667500 2
1 2 5 9 667500 2
1 2 4 8 667500 2
1 2 2 9 667500 2
1 2 2 7 667500 2
1 2 1 7 667500 2
1 2 0 7 667500 2
1 2 0 3 667500 2
1 2 11 7 668000 2
1 2 13 2 668000 2
1 2 13 3 668000 2
1 2 11 7 668000 2
1 2 10 0 668000 2
1 2 8 7 668000 2
1 2 2 7 668000 2
1 2 2 3 668000 2
1 2 0 1 668000 2
1 2 9 4 668000 2
1 2 15 8 668500 2
1 2 15 8 668500 2
1 2 14 0 668500 2
1 2 10 0 668500 2
1 2 10 8 668500 2
1 2 8 6 668500 2
1 2 7 7 668500 2
1 2 5 7 668500 2
1 2 5 0 668500 2
1 2 5 7 668500 2
1 2 3 4 668500 2
1 2 7 9 668500 2
1 2 8 7 669000 2
1 2 15 2 669000 2
1 2 15 9 669000 2
1 2 14 5 669000 2
1 2 9 5 669000 2
1 2 8 7 669000 2
1 2 8 8 669000 2
1 2 7 9 669000 2
1 2 2 9 669000 2
1 2 2 9 669000 2
1 2 0 8 669000 2
1 2 10 9 669500 2
1 2 10 8 669500 2
1 2 10 4 669500 2
1 2 11 4 669500 2
1 2 11 7 669500 2
1 2 11 6 669500 2
1 2 12 9 669500 2
1 2 13 8 669500 2
1 2 13 2 669500 2
1 2 0 7 669500 2
1 2 7 1 669500 2
1 2 8 4 669500 2
1 2 0 8 669500 2
1 2 2 7 669500 2
1 2 2 9 669500 2
1 2 3 7 669500 2
1 2 5 8 669500 2
1 2 6 9 669500 2
1 2 7 5 669500 2
1 2 14 5 670000 2
1 2 15 1 670000 2
1 2 14 4 670000 2
1 2 12 8 670000 2
1 2 11 0 670000 2
1 2 11 1 670000 2
1 2 10 7 670000 2
1 2 8 2 670000 2
1 2 8 9 670000 2
1 2 8 6 670000 2
1 2 2 5 670000 2
1 2 7 6 670000 2
1 2 2 6 670000 2
1 2 2 9 670000 2
1 2 3 8 670000 2
1 2 4 5 670000 2
1 2 5 8 670000 2
1 2 5 9 670000 2
1 2 5 5 670000 2
1 2 6 3 670000 2
1 2 8 2 670500 2
1 2 14 9 670500 2
1 2 12 4 670500 2
1 2 11 4 670500 2
1 2 11 3 670500 2
1 2 10 6 670500 2
1 2 9 7 670500 2
1 2 7 5 670500 2
1 2 6 7 670500 2
1 2 3 3 670500 2
1 2 2 9 670500 2
1 2 2 0 670500 2
1 2 0 8 670500 2
1 2 8 7 670500 2
1 2 8 7 671000 2
1 2 9 2 671000 2
1 2 9 2 671000 2
1 2 10 6 671000 2
1 2 10 4 671000 2
1 2 11 4 671000 2
1 2 12 9 671000 2
1 2 13 3 671000 2
1 2 14 5 671000 2
1 2 11 7 671000 2
1 2 7 2 671000 2
1 2 7 4 671000 2
1 2 2 9 671000 2
1 2 3 4 671000 2
1 2 4 1 671000 2
1 2 4 8 671000 2
1 2 0 2 671000 2
1 2 5 7 671000 2
1 2 6 3 671000 2
1 2 6 0 671000 2
1 2 7 6 671500 2
1 2 13 1 671500 2
1 2 12 5 671500 2
1 2 11 1 671500 2
1 2 11 0 671500 2
1 2 11 0 671500 2
1 2 11 1 671500 2
1 2 10 7 671500 2
1 2 8 9 671500 2
1 2 6 5 671500 2
1 2 6 7 671500 2
1 2 6 8 671500 2
1 2 4 4 671500 2
1 2 3 8 671500 2
1 2 3 8 671500 2
1 2 2 6 671500 2
1 2 0 2 671500 2
1 2 6 9 671500 2
1 2 0 5 671500 2
1 2 15 9 672000 2
1 2 9 3 672000 2
1 2 9 1 672000 2
1 2 10 0 672000 2
1 2 11 7 672000 2
1 2 12 4 672000 2
1 2 13 4 672000 2
1 2 13 7 672000 2
1 2 14 5 672000 2
1 2 14 5 672000 2
1 2 5 3 672000 2
1 2 8 6 672000 2
1 2 8 8 672000 2
1 2 0 6 672000 2
1 2 3 4 672000 2
1 2 3 4 672000 2
1 2 6 8 672000 2
1 2 6 2 672000 2
1 2 6 6 672000 2
1 2 6 7 672000 2
1 2 7 9 672000 2
1 2 7 4 672000 2
1 2 11 7 672500 2
1 2 12 9 672500 2
1 2 7 8 672500 2
1 2 12 6 672500 2
1 2 12 5 672500 2
1 2 13 8 672500 2
1 2 13 6 672500 2
1 2 14 5 672500 2
1 2 14 0 672500 2
1 2 14 9 672500 2
1 2 15 2 672500 2
1 2 15 5 672500 2
1 2 15 1 672500 2
1 2 8 7 672500 2
1 2 8 7 672500 2
1 2 0 6 672500 2
1 2 3 5 672500 2
1 2 3 8 672500 2
1 2 3 8 672500 2
1 2 4 3 672500 2
1 2 6 0 672500 2
1 2 6 7 672500 2
1 2 7 2 672500 2
1 2 7 5 672500 2
1 2 5 7 672500 2
1 2 14 5 673000 2
1 2 15 6 673000 2
1 2 15 0 673000 2
1 2 15 0 673000 2
1 2 14 8 673000 2
1 2 11 0 673000 2
1 2 11 5 673000 2
1 2 7 3 673000 2
1 2 6 2 673000 2
1 2 6 3 673000 2
1 2 5 9 673000 2
1 2 3 4 673000 2
1 2 2 9 673000 2
1 2 5 4 673500 2
1 2 15 2 673500 2
1 2 15 0 673500 2
1 2 14 1 673500 2
1 2 13 9 673500 2
1 2 13 8 673500 2
1 2 13 6 673500 2
1 2 12 6 673500 2
1 2 11 9 673500 2
1 2 8 6 673500 2
1 2 6 5 673500 2
1 2 5 8 673500 2
1 2 4 6 673500 2
1 2 3 2 673500 2
1 2 3 5 673500 2
1 2 1 5 673500 2
1 2 0 3 673500 2
1 2 10 3 673500 2
1 2 10 8 674000 2
1 2 10 6 674000 2
1 2 10 8 674000 2
1 2 11 4 674000 2
1 2 11 1 674000 2
1 2 12 5 674000 2
1 2 14 5 674000 2
1 2 14 1 674000 2
1 2 14 2 674000 2
1 2 15 2 674000 2
1 2 15 3 674000 2
1 2 8 8 674000 2
1 2 9 1 674000 2
1 2 2 9 674000 2
1 2 2 5 674000 2
1 2 4 3 674000 2
1 2 4 7 674000 2
1 2 5 3 674000 2
1 2 5 1 674000 2
1 2 6 8 674000 2
1 2 6 4 674000 2
1 2 7 9 674000 2
1 2 8 4 674000 2
1 2 15 2 674500 2
1 2 15 8 674500 2
1 2 14 2 674500 2
1 2 13 2 674500 2
1 2 13 2 674500 2
1 2 12 9 674500 2
1 2 12 6 674500 2
1 2 11 2 674500 2
1 2 9 5 674500 2
1 2 8 1 674500 2
1 2 8 7 674500 2
1 2 0 3 674500 2
1 2 0 8 674500 2
1 2 2 2 674500 2
1 2 3 2 674500 2
1 2 5 6 674500 2
1 2 6 1 674500 2
1 2 6 3 674500 2
1 2 14 2 675000 2
1 2 13 6 675000 2
1 2 13 4 675000 2
1 2 12 5 675000 2
1 2 12 8 675000 2
1 2 11 0 675000 2
1 2 11 0 675000 2
1 2 10 8 675000 2
1 2 10 9 675000 2
1 2 8 1 675000 2
1 2 7 9 675000 2
1 2 0 8 675000 2
1 2 1 3 675000 2
1 2 3 4 675000 2
1 2 4 3 675000 2
1 2 4 4 675000 2
1 2 6 9 675000 2
1 2 6 4 675000 2
1 2 7 5 675000 2
1 2 8 1 675000 2
1 2 11 1 675500 2
1 2 14 0 675500 2
1 2 14 0 675500 2
1 2 13 9 675500 2
1 2 13 8 675500 2
1 2 11 4 675500 2
1 2 11 0 675500 2
1 2 9 3 675500 2
1 2 2 8 675500 2
1 2 7 9 675500 2
1 2 6 3 675500 2
1 2 5 3 675500 2
1 2 3 4 675500 2
1 2 11 3 675500 2
1 2 10 0 676000 2
1 2 15 8 676000 2
1 2 12 8 676000 2
1 2 11 0 676000 2
1 2 11 3 676000 2
1 2 11 6 676000 2
1 2 10 1 676000 2
1 2 9 5 676000 2
1 2 9 9 676000 2
1 2 1 2 676000 2
1 2 2 8 676000 2
1 2 3 4 676000 2
1 2 4 3 676000 2
1 2 6 3 676000 2
1 2 6 1 676000 2
1 2 9 1 676000 2
1 2 9 9 676000 2
1 2 3 8 676500 2
1 2 15 5 676500 2
1 2 15 9 676500 2
1 2 15 7 676500 2
1 2 15 8 676500 2
1 2 13 6 676500 2
1 2 12 4 676500 2
1 2 12 6 676500 2
1 2 12 6 676500 2
1 2 11 1 676500 2
1 2 6 7 676500 2
1 2 2 2 676500 2
1 2 3 8 676500 2
1 2 4 6 676500 2
1 2 4 1 676500 2
1 2 5 8 676500 2
1 2 5 0 676500 2
1 2 6 2 676500 2
1 2 7 2 676500 2
1 2 14 4 677000 2
1 2 15 3 677000 2
1 2 15 7 677000 2
1 2 14 7 677000 2
1 2 13 6 677000 2
1 2 12 4 677000 2
1 2 11 4 677000 2
1 2 10 9 677000 2
1 2 10 7 677000 2
1 2 8 4 677000 2
1 2 5 6 677000 2
1 2 6 2 677000 2
1 2 0 3 677000 2
1 2 1 5 677000 2
1 2 2 6 677000 2
1 2 0 9 677000 2
1 2 3 8 677000 2
1 2 3 5 677000 2
1 2 4 2 677000 2
1 2 5 0 677000 2
1 2 15 4 677500 2
1 2 15 9 677500 2
1 2 15 0 677500 2
1 2 15 6 677500 2
1 2 14 8 677500 2
1 2 13 6 677500 2
1 2 13 6 677500 2
1 2 11 4 677500 2
1 2 11 0 677500 2
1 2 10 9 677500 2
1 2 9 8 677500 2
1 2 8 9 677500 2
1 2 7 1 677500 2
1 2 8 7 677500 2
1 2 0 3 677500 2
1 2 2 5 677500 2
1 2 2 4 677500 2
1 2 3 5 677500 2
1 2 4 2 677500 2
1 2 4 0 677500 2
1 2 5 5 677500 2
1 2 5 5 677500 2
1 2 6 3 677500 2
1 2 7 3 677500 2
1 2 14 5 678000 2
1 2 13 4 678000 2
1 2 13 8 678000 2
1 2 12 5 678000 2
1 2 11 4 678000 2
1 2 11 9 678000 2
1 2 10 7 678000 2
1 2 9 5 678000 2
1 2 9 8 678000 2
1 2 7 9 678000 2
1 2 8 7 678000 2
1 2 6 9 678000 2
1 2 6 4 678000 2
1 2 6 8 678000 2
1 2 5 3 678000 2
1 2 5 3 678000 2
1 2 5 5 678000 2
1 2 4 2 678000 2
1 2 2 0 678000 2
1 2 2 5 678000 2
1 2 8 1 678000 2
1 2 10 3 678500 2
1 2 11 0 678500 2
1 2 11 7 678500 2
1 2 11 5 678500 2
1 2 11 7 678500 2
1 2 12 7 678500 2
1 2 12 6 678500 2
1 2 15 8 678500 2
1 2 15 2 678500 2
1 2 11 0 678500 2
1 2 9 6 678500 2
1 2 10 9 678500 2
1 2 3 4 678500 2
1 2 5 9 678500 2
1 2 5 5 678500 2
1 2 5 1 678500 2
1 2 5 9 678500 2
1 2 2 5 678500 2
1 2 6 4 678500 2
1 2 7 4 678500 2
1 2 8 3 678500 2
1 2 6 3 679000 2
1 2 12 4 679000 2
1 2 12 6 679000 2
1 2 12 6 679000 2
1 2 11 4 679000 2
1 2 10 5 679000 2
1 2 9 5 679000 2
1 2 9 4 679000 2
1 2 8 0 679000 2
1 2 7 3 679000 2
1 2 7 9 679000 2
1 2 7 9 679000 2
1 2 5 1 679000 2
1 2 5 3 679000 2
1 2 5 3 679000 2
1 2 5 5 679000 2
1 2 4 8 679000 2
1 2 3 2 679000 2
1 2 3 7 679000 2
1 2 1 5 679000 2
1 2 0 1 679000 2
1 2 11 6 679500 2
1 2 11 3 679500 2
1 2 12 4 679500 2
1 2 13 8 679500 2
1 2 13 8 679500 2
1 2 15 1 679500 2
1 2 15 9 679500 2
1 2 15 4 679500 2
1 2 6 1 679500 2
1 2 9 5 679500 2
1 2 7 7 679500 2
1 2 6 4 679500 2
1 2 0 8 679500 2
1 2 5 6 679500 2
1 2 4 8 679500 2
1 2 3 5 679500 2
1 2 10 6 679500 2
1 2 11 9 680000 2
1 2 15 6 680000 2
1 2 13 5 680000 2
1 2 12 4 680000 2
1 2 11 4 680000 2
1 2 11 4 680000 2
1 2 10 1 680000 2
1 2 10 9 680000 2
1 2 5 1 680000 2
1 2 3 4 680000 2
1 2 2 8 680000 2
1 2 2 2 680000 2
1 2 10 6 680000 2
1 2 7 1 680500 2
1 2 8 9 680500 2
1 2 8 1 680500 2
1 2 9 2 680500 2
1 2 11 9 680500 2
1 2 11 0 680500 2
1 2 12 6 680500 2
1 2 3 5 680500 2
1 2 12 2 680500 2
1 2 15 3 680500 2
1 2 7 5 680500 2
1 2 7 5 680500 2
1 2 0 4 680500 2
1 2 2 1 680500 2
1 2 4 8 680500 2
1 2 4 9 680500 2
1 2 5 0 680500 2
1 2 5 9 680500 2
1 2 6 4 680500 2
1 2 7 4 680500 2
1 2 9 1 681000 2
1 2 8 0 681000 2
1 2 8 2 681000 2
1 2 9 5 681000 2
1 2 9 3 681000 2
1 2 10 8 681000 2
1 2 10 8 681000 2
1 2 11 4 681000 2
1 2 11 4 681000 2
1 2 11 0 681000 2
1 2 12 8 681000 2
1 2 12 5 681000 2
1 2 12 6 681000 2
1 2 15 5 681000 2
1 2 15 3 681000 2
1 2 8 9 681000 2
1 2 8 5 681000 2
1 2 0 8 681000 2
1 2 1 9 681000 2
1 2 2 8 681000 2
1 2 2 7 681000 2
1 2 2 6 681000 2
1 2 2 2 681000 2
1 2 3 1 681000 2
1 2 3 7 681000 2
1 2 5 9 681000 2
1 2 5 5 681000 2
1 2 6 6 681000 2
1 2 6 8 681000 2
1 2 7 4 681000 2
1 2 7 8 681000 2
1 2 8 0 681500 2
1 2 8 3 681500 2
1 2 8 8 681500 2
1 2 9 6 681500 2
1 2 10 9 681500 2
1 2 10 8 681500 2
1 2 4 7 681500 2
1 2 11 9 681500 2
1 2 11 5 681500 2
1 2 12 4 681500 2
1 2 13 8 681500 2
1 2 13 4 681500 2
1 2 14 5 681500 2
1 2 14 9 681500 2
1 2 15 4 681500 2
1 2 15 1 681500 2
1 2 6 8 681500 2
1 2 7 9 681500 2
1 2 0 8 681500 2
1 2 0 4 681500 2
1 2 1 0 681500 2
1 2 1 4 681500 2
1 2 2 8 681500 2
1 2 2 3 681500 2
1 2 3 6 681500 2
1 2 3 4 681500 2
1 2 5 6 681500 2
1 2 5 4 681500 2
1 2 5 8 681500 2
1 2 6 1 681500 2
1 2 2 6 681500 2
1 2 8 0 682000 2
1 2 10 5 682000 2
1 2 9 5 682000 2
1 2 9 7 682000 2
1 2 9 7 682000 2
1 2 10 8 682000 2
1 2 10 5 682000 2
1 2 11 1 682000 2
1 2 11 9 682000 2
1 2 12 6 682000 2
1 2 14 4 682000 2
1 2 14 8 682000 2
1 2 15 6 682000 2
1 2 15 6 682000 2
1 2 6 7 682000 2
1 2 1 4 682000 2
1 2 2 5 682000 2
1 2 3 4 682000 2
1 2 3 9 682000 2
1 2 3 2 682000 2
1 2 3 4 682000 2
1 2 4 3 682000 2
1 2 4 8 682000 2
1 2 5 5 682000 2
1 2 5 4 682000 2
1 2 7 9 682000 2
1 2 5 4 682000 2
1 2 6 2 682000 2
1 2 6 8 682000 2
1 2 10 9 682500 2
1 2 9 6 682500 2
1 2 11 4 682500 2
1 2 11 9 682500 2
1 2 11 4 682500 2
1 2 12 1 682500 2
1 2 12 2 682500 2
1 2 12 2 682500 2
1 2 12 9 682500 2
1 2 12 4 682500 2
1 2 13 5 682500 2
1 2 14 2 682500 2
1 2 14 8 682500 2
1 2 14 9 682500 2
1 2 15 6 682500 2
1 2 10 9 682500 2
1 2 3 8 682500 2
1 2 9 2 682500 2
1 2 0 3 682500 2
1 2 2 6 682500 2
1 2 3 6 682500 2
1 2 3 4 682500 2
1 2 5 5 682500 2
1 2 5 3 682500 2
1 2 5 9 682500 2
1 2 6 4 682500 2
1 2 8 8 682500 2
1 2 8 7 682500 2
1 2 8 6 682500 2
1 2 7 7 682500 2
1 2 6 7 682500 2
1 2 6 7 682500 2
1 2 5 1 682500 2
1 2 10 5 683000 2
1 2 15 1 683000 2
1 2 15 0 683000 2
1 2 15 7 683000 2
1 2 14 1 683000 2
1 2 13 5 683000 2
1 2 13 5 683000 2
1 2 13 8 683000 2
1 2 12 5 683000 2
1 2 12 2 683000 2
1 2 12 8 683000 2
1 2 11 2 683000 2
1 2 8 4 683000 2
1 2 8 2 683000 2
1 2 0 8 683000 2
1 2 1 4 683000 2
1 2 2 2 683000 2
1 2 2 2 683000 2
1 2 2 2 683000 2
1 2 2 0 683000 2
1 2 3 4 683000 2
1 2 6 6 683000 2
1 2 7 9 683000 2
1 2 8 9 683000 2
1 2 8 7 683500 2
1 2 9 2 683500 2
1 2 9 6 683500 2
1 2 10 8 683500 2
1 2 10 8 683500 2
1 2 10 5 683500 2
1 2 11 6 683500 2
1 2 11 7 683500 2
1 2 12 5 683500 2
1 2 13 6 683500 2
1 2 13 5 683500 2
1 2 13 6 683500 2
1 2 13 4 683500 2
1 2 14 9 683500 2
1 2 14 1 683500 2
1 2 15 8 683500 2
1 2 15 4 683500 2
1 2 8 7 683500 2
1 2 8 0 683500 2
1 2 0 8 683500 2
1 2 2 9 683500 2
1 2 2 7 683500 2
1 2 3 8 683500 2
1 2 3 4 683500 2
1 2 4 4 683500 2
1 2 4 2 683500 2
1 2 6 3 683500 2
1 2 6 9 683500 2
1 2 7 6 683500 2
1 2 7 3 683500 2
1 2 7 7 683500 2
1 2 8 6 683500 2
1 2 4 9 683500 2
1 2 7 3 684000 2
1 2 7 5 684000 2
1 2 8 9 684000 2
1 2 9 4 684000 2
1 2 11 4 684000 2
1 2 12 4 684000 2
1 2 12 6 684000 2
1 2 13 2 684000 2
1 2 13 4 684000 2
1 2 15 3 684000 2
1 2 6 4 684000 2
1 2 2 9 684000 2
1 2 0 8 684000 2
1 2 1 2 684000 2
1 2 3 4 684000 2
1 2 3 1 684000 2
1 2 3 8 684000 2
1 2 3 7 684000 2
1 2 4 6 684000 2
1 2 4 8 684000 2
1 2 5 9 684000 2
1 2 8 9 684500 2
1 2 12 2 684500 2
1 2 8 9 684500 2
1 2 8 2 684500 2
1 2 9 5 684500 2
1 2 9 5 684500 2
1 2 11 9 684500 2
1 2 12 8 684500 2
1 2 12 5 684500 2
1 2 13 7 684500 2
1 2 13 9 684500 2
1 2 13 6 684500 2
1 2 14 3 684500 2
1 2 15 9 684500 2
1 2 15 8 684500 2
1 2 7 7 684500 2
1 2 7 4 684500 2
1 2 0 8 684500 2
1 2 1 4 684500 2
1 2 1 4 684500 2
1 2 1 5 684500 2
1 2 2 9 684500 2
1 2 2 2 684500 2
1 2 3 5 684500 2
1 2 3 1 684500 2
1 2 3 4 684500 2
1 2 4 8 684500 2
1 2 4 7 684500 2
1 2 4 7 684500 2
1 2 5 2 684500 2
1 2 7 7 685000 2
1 2 7 5 685000 2
1 2 7 4 685000 2
1 2 7 8 685000 2
1 2 8 4 685000 2
1 2 8 8 685000 2
1 2 9 5 685000 2
1 2 10 5 685000 2
1 2 11 7 685000 2
1 2 11 2 685000 2
1 2 13 6 685000 2
1 2 13 2 685000 2
1 2 13 5 685000 2
1 2 15 7 685000 2
1 2 15 3 685000 2
1 2 15 4 685000 2
1 2 6 3 685000 2
1 2 6 3 685000 2
1 2 0 3 685000 2
1 2 0 0 685000 2
1 2 1 4 685000 2
1 2 2 6 685000 2
1 2 3 6 685000 2
1 2 3 8 685000 2
1 2 3 2 685000 2
1 2 3 4 685000 2
1 2 4 4 685000 2
1 2 4 5 685000 2
1 2 5 6 685000 2
1 2 5 0 685000 2
1 2 6 2 685000 2
1 2 6 6 685000 2
1 2 10 7 685500 2
1 2 7 3 685500 2
1 2 10 3 685500 2
1 2 11 6 685500 2
1 2 11 4 685500 2
1 2 11 9 685500 2
1 2 11 4 685500 2
1 2 12 6 685500 2
1 2 12 7 685500 2
1 2 12 3 685500 2
1 2 12 8 685500 2
1 2 12 3 685500 2
1 2 12 8 685500 2
1 2 13 4 685500 2
1 2 13 5 685500 2
1 2 15 7 685500 2
1 2 15 3 685500 2
1 2 7 0 685500 2
1 2 8 7 685500 2
1 2 0 4 685500 2
1 2 2 8 685500 2
1 2 2 0 685500 2
1 2 3 4 685500 2
1 2 3 5 685500 2
1 2 3 2 685500 2
1 2 4 3 685500 2
1 2 4 4 685500 2
1 2 5 5 685500 2
1 2 5 9 685500 2
1 2 5 3 685500 2
1 2 6 6 685500 2
1 2 6 4 685500 2
1 2 6 9 685500 2
1 2 4 0 685500 2
1 2 10 5 686000 2
1 2 10 6 686000 2
1 2 11 9 686000 2
1 2 11 0 686000 2
1 2 12 5 686000 2
1 2 12 4 686000 2
1 2 13 2 686000 2
1 2 13 8 686000 2
1 2 13 8 686000 2
1 2 13 5 686000 2
1 2 13 4 686000 2
1 2 13 5 686000 2
1 2 14 8 686000 2
1 2 15 3 686000 2
1 2 15 6 686000 2
1 2 15 7 686000 2
1 2 8 8 686000 2
1 2 9 1 686000 2
1 2 0 8 686000 2
1 2 1 4 686000 2
1 2 2 6 686000 2
1 2 3 4 686000 2
1 2 3 5 686000 2
1 2 3 4 686000 2
1 2 4 8 686000 2
1 2 5 4 686000 2
1 2 5 9 686000 2
1 2 6 7 686000 2
1 2 7 7 686000 2
1 2 7 9 686000 2
1 2 7 3 686000 2
1 2 7 1 686000 2
1 2 8 6 686000 2
1 2 8 9 686000 2
1 2 7 7 686500 2
1 2 8 7 686500 2
1 2 8 3 686500 2
1 2 9 7 686500 2
1 2 10 8 686500 2
1 2 10 1 686500 2
1 2 10 9 686500 2
1 2 10 5 686500 2
1 2 11 5 686500 2
1 2 11 4 686500 2
1 2 12 2 686500 2
1 2 12 4 686500 2
1 2 13 6 686500 2
1 2 13 4 686500 2
1 2 14 7 686500 2
1 2 3 5 686500 2
1 2 5 3 686500 2
1 2 6 4 686500 2
1 2 0 9 686500 2
1 2 0 8 686500 2
1 2 2 7 686500 2
1 2 2 6 686500 2
1 2 2 2 686500 2
1 2 3 4 686500 2
1 2 3 4 686500 2
1 2 3 7 686500 2
1 2 3 4 686500 2
1 2 4 8 686500 2
1 2 5 8 686500 2
1 2 5 5 686500 2
1 2 0 3 686500 2
1 2 9 7 687000 2
1 2 7 7 687000 2
1 2 10 5 687000 2
1 2 10 9 687000 2
1 2 10 3 687000 2
1 2 12 2 687000 2
1 2 13 8 687000 2
1 2 14 4 687000 2
1 2 14 9 687000 2
1 2 14 2 687000 2
1 2 15 8 687000 2
1 2 8 9 687000 2
1 2 8 7 687000 2
1 2 0 3 687000 2
1 2 1 2 687000 2
1 2 2 0 687000 2
1 2 3 7 687000 2
1 2 5 7 687000 2
1 2 6 6 687000 2
1 2 6 3 687000 2
1 2 6 4 687000 2
1 2 6 5 687000 2
1 2 10 4 687500 2
1 2 11 9 687500 2
1 2 11 9 687500 2
1 2 11 4 687500 2
1 2 12 2 687500 2
1 2 13 6 687500 2
1 2 14 5 687500 2
1 2 14 7 687500 2
1 2 14 8 687500 2
1 2 15 2 687500 2
1 2 15 1 687500 2
1 2 12 4 687500 2
1 2 8 9 687500 2
1 2 10 7 687500 2
1 2 3 7 687500 2
1 2 3 8 687500 2
1 2 4 3 687500 2
1 2 4 8 687500 2
1 2 4 8 687500 2
1 2 2 9 687500 2
1 2 5 6 687500 2
1 2 6 9 687500 2
1 2 7 8 687500 2
1 2 8 4 687500 2
1 2 5 4 687500 2
1 2 9 5 688000 2
1 2 10 6 688000 2
1 2 10 1 688000 2
1 2 12 6 688000 2
1 2 12 6 688000 2
1 2 12 5 688000 2
1 2 13 2 688000 2
1 2 13 3 688000 2
1 2 13 0 688000 2
1 2 14 9 688000 2
1 2 14 9 688000 2
1 2 15 8 688000 2
1 2 15 7 688000 2
1 2 8 9 688000 2
1 2 8 0 688000 2
1 2 0 9 688000 2
1 2 0 3 688000 2
1 2 0 2 688000 2
1 2 1 4 688000 2
1 2 2 0 688000 2
1 2 3 5 688000 2
1 2 3 8 688000 2
1 2 4 8 688000 2
1 2 5 9 688000 2
1 2 6 5 688000 2
1 2 7 5 688000 2
1 2 7 4 688000 2
1 2 8 4 688000 2
1 2 14 5 688500 2
1 2 7 8 688500 2
1 2 8 8 688500 2
1 2 10 8 688500 2
1 2 6 7 688500 2
1 2 11 7 688500 2
1 2 12 9 688500 2
1 2 13 2 688500 2
1 2 13 3 688500 2
1 2 14 4 688500 2
1 2 14 1 688500 2
1 2 14 7 688500 2
1 2 15 6 688500 2
1 2 15 1 688500 2
1 2 6 3 688500 2
1 2 6 1 688500 2
1 2 0 1 688500 2
1 2 0 7 688500 2
1 2 0 0 688500 2
1 2 0 8 688500 2
1 2 1 7 688500 2
1 2 2 5 688500 2
1 2 3 4 688500 2
1 2 5 3 688500 2
1 2 5 9 688500 2
1 2 5 3 688500 2
1 2 5 3 688500 2
1 2 3 2 688500 2
1 2 7 9 689000 2
1 2 7 9 689000 2
1 2 8 7 689000 2
1 2 8 7 689000 2
1 2 9 5 689000 2
1 2 10 9 689000 2
1 2 11 9 689000 2
1 2 12 7 689000 2
1 2 12 2 689000 2
1 2 13 8 689000 2
1 2 14 2 689000 2
1 2 14 2 689000 2
1 2 6 8 689000 2
1 2 6 8 689000 2
1 2 0 9 689000 2
1 2 0 3 689000 2
1 2 1 7 689000 2
1 2 1 1 689000 2
1 2 2 6 689000 2
1 2 2 7 689000 2
1 2 3 4 689000 2
1 2 4 4 689000 2
1 2 4 0 689000 2
1 2 6 3 689000 2
1 2 6 1 689500 2
1 2 7 3 689500 2
1 2 7 7 689500 2
1 2 9 7 689500 2
1 2 10 8 689500 2
1 2 10 8 689500 2
1 2 11 9 689500 2
1 2 11 0 689500 2
1 2 12 3 689500 2
1 2 13 2 689500 2
1 2 13 2 689500 2
1 2 14 2 689500 2
1 2 15 4 689500 2
1 2 15 3 689500 2
1 2 6 3 689500 2
1 2 0 8 689500 2
1 2 0 5 689500 2
1 2 1 9 689500 2
1 2 2 7 689500 2
1 2 2 1 689500 2
1 2 2 6 689500 2
1 2 3 8 689500 2
1 2 3 5 689500 2
1 2 4 4 689500 2
1 2 4 2 689500 2
1 2 5 8 689500 2
1 2 5 8 689500 2
1 2 6 3 689500 2
1 2 6 8 690000 2
1 2 14 0 690000 2
1 2 13 2 690000 2
1 2 13 3 690000 2
1 2 13 0 690000 2
1 2 9 6 690000 2
1 2 8 7 690000 2
1 2 7 3 690000 2
1 2 6 1 690000 2
1 2 0 2 690000 2
1 2 4 3 690000 2
1 2 4 8 690000 2
1 2 3 4 690000 2
1 2 2 4 690000 2
1 2 2 6 690000 2
1 2 7 1 690000 2
1 2 7 7 690500 2
1 2 10 9 690500 2
1 2 9 1 690500 2
1 2 11 2 690500 2
1 2 11 3 690500 2
1 2 11 7 690500 2
1 2 12 2 690500 2
1 2 12 2 690500 2
1 2 12 4 690500 2
1 2 14 2 690500 2
1 2 14 0 690500 2
1 2 14 1 690500 2
1 2 14 0 690500 2
1 2 15 6 690500 2
1 2 6 3 690500 2
1 2 0 1 690500 2
1 2 1 5 690500 2
1 2 2 9 690500 2
1 2 2 1 690500 2
1 2 2 5 690500 2
1 2 3 4 690500 2
1 2 3 7 690500 2
1 2 4 2 690500 2
1 2 4 8 690500 2
1 2 5 2 690500 2
1 2 5 7 690500 2
1 2 4 5 690500 2
1 2 7 5 690500 2
1 2 6 7 691000 2
1 2 7 0 691000 2
1 2 7 1 691000 2
1 2 8 9 691000 2
1 2 8 8 691000 2
1 2 9 6 691000 2
1 2 11 7 691000 2
1 2 11 0 691000 2
1 2 12 9 691000 2
1 2 15 2 691000 2
1 2 15 4 691000 2
1 2 15 8 691000 2
1 2 14 5 691000 2
1 2 5 4 691000 2
1 2 6 0 691000 2
1 2 0 6 691000 2
1 2 0 2 691000 2
1 2 0 3 691000 2
1 2 0 8 691000 2
1 2 2 9 691000 2
1 2 3 3 691000 2
1 2 4 3 691000 2
1 2 4 6 691000 2
1 2 5 4 691000 2
1 2 5 9 691000 2
1 2 5 8 691000 2
1 2 13 9 691500 2
1 2 7 9 691500 2
1 2 8 7 691500 2
1 2 9 5 691500 2
1 2 6 9 691500 2
1 2 10 9 691500 2
1 2 10 1 691500 2
1 2 11 1 691500 2
1 2 12 1 691500 2
1 2 14 2 691500 2
1 2 14 0 691500 2
1 2 15 0 691500 2
1 2 15 3 691500 2
1 2 6 9 691500 2
1 2 6 3 691500 2
1 2 0 6 691500 2
1 2 0 2 691500 2
1 2 1 7 691500 2
1 2 2 0 691500 2
1 2 3 5 691500 2
1 2 3 7 691500 2
1 2 4 7 691500 2
1 2 4 2 691500 2
1 2 4 0 691500 2
1 2 5 1 691500 2
1 2 5 9 691500 2
1 2 15 8 692000 2
1 2 15 8 692000 2
1 2 14 2 692000 2
1 2 13 2 692000 2
1 2 12 4 692000 2
1 2 12 2 692000 2
1 2 7 3 692000 2
1 2 4 3 692000 2
1 2 3 7 692000 2
1 2 3 7 692000 2
1 2 1 7 692000 2
1 2 0 3 692000 2
1 2 0 4 692000 2
1 2 5 2 692000 2
1 2 7 7 692500 2
1 2 8 0 692500 2
1 2 8 7 692500 2
1 2 9 7 692500 2
1 2 9 0 692500 2
1 2 10 9 692500 2
1 2 10 7 692500 2
1 2 11 9 692500 2
1 2 11 6 692500 2
1 2 12 1 692500 2
1 2 12 4 692500 2
1 2 13 2 692500 2
1 2 13 9 692500 2
1 2 14 4 692500 2
1 2 15 6 692500 2
1 2 7 9 692500 2
1 2 7 2 692500 2
1 2 0 1 692500 2
1 2 0 2 692500 2
1 2 0 8 692500 2
1 2 1 7 692500 2
1 2 2 8 692500 2
1 2 2 2 692500 2
1 2 2 4 692500 2
1 2 4 3 692500 2
1 2 6 8 692500 2
1 2 6 3 692500 2
1 2 7 5 692500 2
1 2 7 5 692500 2
1 2 2 7 692500 2
1 2 8 8 693000 2
1 2 8 2 693000 2
1 2 11 2 693000 2
1 2 11 3 693000 2
1 2 12 2 693000 2
1 2 12 2 693000 2
1 2 12 2 693000 2
1 2 14 4 693000 2
1 2 14 8 693000 2
1 2 14 8 693000 2
1 2 15 8 693000 2
1 2 15 7 693000 2
1 2 7 8 693000 2
1 2 7 5 693000 2
1 2 6 9 693000 2
1 2 6 3 693000 2
1 2 6 5 693000 2
1 2 5 3 693000 2
1 2 4 4 693000 2
1 2 4 3 693000 2
1 2 3 7 693000 2
1 2 3 7 693000 2
1 2 1 6 693000 2
1 2 0 1 693000 2
1 2 7 8 693000 2
1 2 0 7 693000 2
1 2 11 1 693500 2
1 2 15 6 693500 2
1 2 11 3 693500 2
1 2 9 6 693500 2
1 2 8 6 693500 2
1 2 7 2 693500 2
1 2 6 3 693500 2
1 2 12 2 693500 2
1 2 12 8 693500 2
1 2 14 4 693500 2
1 2 14 1 693500 2
1 2 14 0 693500 2
1 2 12 4 693500 2
1 2 5 9 693500 2
1 2 5 3 693500 2
1 2 0 9 693500 2
1 2 0 0 693500 2
1 2 0 6 693500 2
1 2 1 9 693500 2
1 2 2 8 693500 2
1 2 2 1 693500 2
1 2 2 2 693500 2
1 2 2 5 693500 2
1 2 3 4 693500 2
1 2 4 9 693500 2
1 2 4 8 693500 2
1 2 6 3 694000 2
1 2 14 0 694000 2
1 2 13 2 694000 2
1 2 13 7 694000 2
1 2 12 1 694000 2
1 2 11 4 694000 2
1 2 11 9 694000 2
1 2 10 7 694000 2
1 2 7 5 694000 2
1 2 4 6 694000 2
1 2 4 9 694000 2
1 2 4 4 694000 2
1 2 3 4 694000 2
1 2 2 0 694000 2
1 2 2 7 694000 2
1 2 1 2 694000 2
1 2 0 3 694000 2
1 2 5 8 694000 2
1 2 0 5 694000 2
1 2 10 8 694500 2
1 2 12 1 694500 2
1 2 9 5 694500 2
1 2 8 7 694500 2
1 2 8 7 694500 2
1 2 8 8 694500 2
1 2 7 7 694500 2
1 2 10 9 694500 2
1 2 10 3 694500 2
1 2 11 4 694500 2
1 2 11 4 694500 2
1 2 13 7 694500 2
1 2 14 2 694500 2
1 2 1 9 694500 2
1 2 7 7 694500 2
1 2 0 4 694500 2
1 2 0 2 694500 2
1 2 0 2 694500 2
1 2 1 7 694500 2
1 2 2 1 694500 2
1 2 2 4 694500 2
1 2 4 2 694500 2
1 2 5 8 694500 2
1 2 6 2 694500 2
1 2 6 7 694500 2
1 2 7 9 694500 2
1 2 3 8 694500 2
1 2 7 3 695000 2
1 2 8 9 695000 2
1 2 8 9 695000 2
1 2 8 7 695000 2
1 2 9 9 695000 2
1 2 10 0 695000 2
1 2 13 5 695000 2
1 2 14 5 695000 2
1 2 0 5 695000 2
1 2 14 1 695000 2
1 2 15 8 695000 2
1 2 6 8 695000 2
1 2 7 5 695000 2
1 2 0 4 695000 2
1 2 0 1 695000 2
1 2 2 8 695000 2
1 2 2 4 695000 2
1 2 4 2 695000 2
1 2 5 6 695000 2
1 2 5 9 695000 2
1 2 6 3 695000 2
1 2 6 0 695500 2
1 2 8 6 695500 2
1 2 7 3 695500 2
1 2 8 6 695500 2
1 2 8 3 695500 2
1 2 9 3 695500 2
1 2 10 0 695500 2
1 2 10 9 695500 2
1 2 11 4 695500 2
1 2 11 7 695500 2
1 2 12 4 695500 2
1 2 13 8 695500 2
1 2 13 2 695500 2
1 2 15 2 695500 2
1 2 6 5 695500 2
1 2 0 7 695500 2
1 2 0 2 695500 2
1 2 1 7 695500 2
1 2 2 8 695500 2
1 2 2 5 695500 2
1 2 2 9 695500 2
1 2 2 0 695500 2
1 2 4 2 695500 2
1 2 6 2 695500 2
1 2 6 0 695500 2
1 2 6 4 695500 2
1 2 3 2 695500 2
1 2 6 8 695500 2
1 2 6 3 695500 2
1 2 7 7 696000 2
1 2 7 0 696000 2
1 2 7 9 696000 2
1 2 8 6 696000 2
1 2 8 7 696000 2
1 2 10 9 696000 2
1 2 10 9 696000 2
1 2 11 3 696000 2
1 2 11 7 696000 2
1 2 12 3 696000 2
1 2 12 2 696000 2
1 2 14 2 696000 2
1 2 14 5 696000 2
1 2 15 2 696000 2
1 2 10 1 696000 2
1 2 6 3 696000 2
1 2 6 1 696000 2
1 2 0 7 696000 2
1 2 1 7 696000 2
1 2 2 8 696000 2
1 2 3 4 696000 2
1 2 4 3 696000 2
1 2 4 4 696000 2
1 2 0 8 696000 2
1 2 5 4 696000 2
1 2 5 8 696000 2
1 2 5 5 696000 2
1 2 5 9 696000 2
1 2 6 5 696000 2
1 2 4 2 696000 2
1 2 8 7 696500 2
1 2 9 1 696500 2
1 2 10 8 696500 2
1 2 11 7 696500 2
1 2 11 5 696500 2
1 2 13 6 696500 2
1 2 13 5 696500 2
1 2 14 0 696500 2
1 2 14 1 696500 2
1 2 15 4 696500 2
1 2 15 5 696500 2
1 2 0 8 696500 2
1 2 8 5 696500 2
1 2 0 1 696500 2
1 2 0 3 696500 2
1 2 1 0 696500 2
1 2 3 3 696500 2
1 2 4 7 696500 2
1 2 4 6 696500 2
1 2 5 5 696500 2
1 2 6 3 696500 2
1 2 6 7 696500 2
1 2 10 5 697000 2
1 2 15 4 697000 2
1 2 15 8 697000 2
1 2 14 3 697000 2
1 2 14 4 697000 2
1 2 13 5 697000 2
1 2 12 9 697000 2
1 2 11 8 697000 2
1 2 11 3 697000 2
1 2 11 3 697000 2
1 2 8 1 697000 2
1 2 6 4 697000 2
1 2 6 7 697000 2
1 2 6 2 697000 2
1 2 6 6 697000 2
1 2 5 3 697000 2
1 2 4 5 697000 2
1 2 3 4 697000 2
1 2 2 5 697000 2
1 2 9 1 697000 2
1 2 6 3 697500 2
1 2 7 0 697500 2
1 2 8 7 697500 2
1 2 10 9 697500 2
1 2 10 5 697500 2
1 2 13 4 697500 2
1 2 14 6 697500 2
1 2 14 9 697500 2
1 2 15 0 697500 2
1 2 15 7 697500 2
1 2 7 4 697500 2
1 2 6 4 697500 2
1 2 6 3 697500 2
1 2 0 8 697500 2
1 2 0 1 697500 2
1 2 2 5 697500 2
1 2 3 7 697500 2
1 2 4 5 697500 2
1 2 4 1 697500 2
1 2 5 5 697500 2
1 2 5 3 697500 2
1 2 0 0 697500 2
1 2 8 3 698000 2
1 2 15 1 698000 2
1 2 9 2 698000 2
1 2 9 1 698000 2
1 2 9 6 698000 2
1 2 10 8 698000 2
1 2 10 6 698000 2
1 2 10 3 698000 2
1 2 12 5 698000 2
1 2 13 3 698000 2
1 2 13 3 698000 2
1 2 14 1 698000 2
1 2 15 8 698000 2
1 2 15 9 698000 2
1 2 0 7 698000 2
1 2 7 2 698000 2
1 2 0 9 698000 2
1 2 0 1 698000 2
1 2 2 7 698000 2
1 2 4 1 698000 2
1 2 4 5 698000 2
1 2 4 6 698000 2
1 2 6 3 698000 2
1 2 5 6 698000 2
1 2 5 3 698000 2
1 2 4 0 698000 2
1 2 4 2 698000 2
1 2 4 0 698000 2
1 2 8 7 698500 2
1 2 14 3 698500 2
1 2 14 7 698500 2
1 2 14 5 698500 2
1 2 12 6 698500 2
1 2 12 6 698500 2
1 2 11 4 698500 2
1 2 11 0 698500 2
1 2 11 2 698500 2
1 2 11 6 698500 2
1 2 9 1 698500 2
1 2 9 6 698500 2
1 2 7 5 698500 2
1 2 9 7 698500 2
1 2 0 3 698500 2
1 2 0 3 698500 2
1 2 0 6 698500 2
1 2 4 2 698500 2
1 2 4 7 698500 2
1 2 5 3 698500 2
1 2 5 9 698500 2
1 2 5 9 698500 2
1 2 5 9 698500 2
1 2 6 0 698500 2
1 2 11 8 699000 2
1 2 11 7 699000 2
1 2 11 4 699000 2
1 2 12 6 699000 2
1 2 12 4 699000 2
1 2 13 3 699000 2
1 2 13 1 699000 2
1 2 13 3 699000 2
1 2 14 3 699000 2
1 2 15 9 699000 2
1 2 15 5 699000 2
1 2 0 3 699000 2
1 2 10 3 699000 2
1 2 11 3 699000 2
1 2 0 7 699000 2
1 2 4 7 699000 2
1 2 5 0 699000 2
1 2 5 3 699000 2
1 2 6 3 699000 2
1 2 6 2 699000 2
1 2 6 5 699000 2
1 2 7 3 699000 2
1 2 7 7 699000 2
1 2 8 0 699000 2
1 2 15 2 699500 2
1 2 15 7 699500 2
1 2 15 1 699500 2
1 2 13 3 699500 2
1 2 12 6 699500 2
1 2 11 3 699500 2
1 2 11 0 699500 2
1 2 10 4 699500 2
1 2 10 6 699500 2
1 2 9 5 699500 2
1 2 9 3 699500 2
1 2 8 9 699500 2
1 2 8 7 699500 2
1 2 0 8 699500 2
1 2 0 1 699500 2
1 2 3 7 699500 2
1 2 4 8 699500 2
1 2 5 9 699500 2
1 2 5 9 699500 2
1 2 6 3 699500 2
1 2 6 0 699500 2
1 2 7 8 699500 2
1 2 10 3 700000 2
1 2 10 7 700000 2
1 2 11 3 700000 2
1 2 11 8 700000 2
1 2 11 0 700000 2
1 2 11 3 700000 2
1 2 11 3 700000 2
1 2 12 8 700000 2
1 2 12 6 700000 2
1 2 13 4 700000 2
1 2 13 2 700000 2
1 2 13 8 700000 2
1 2 14 3 700000 2
1 2 3 6 700000 2
1 2 14 4 700000 2
1 2 14 0 700000 2
1 2 15 9 700000 2
1 2 8 7 700000 2
1 2 9 5 700000 2
1 2 0 4 700000 2
1 2 2 7 700000 2
1 2 3 5 700000 2
1 2 4 4 700000 2
1 2 4 1 700000 2
1 2 4 9 700000 2
1 2 5 5 700000 2
1 2 7 2 700000 2
1 2 7 3 700000 2
1 2 8 4 700000 2
1 2 8 7 700000 2
1 2 8 6 700000 2
1 2 8 3 700000 2
1 2 6 2 700000 2
1 2 7 7 700500 2
1 2 8 1 700500 2
1 2 9 6 700500 2
1 2 9 5 700500 2
1 2 10 9 700500 2
1 2 11 3 700500 2
1 2 11 3 700500 2
1 2 11 4 700500 2
1 2 13 6 700500 2
1 2 14 5 700500 2
1 2 14 1 700500 2
1 2 5 3 700500 2
1 2 6 3 700500 2
1 2 0 8 700500 2
1 2 0 9 700500 2
1 2 0 8 700500 2
1 2 0 1 700500 2
1 2 1 2 700500 2
1 2 3 7 700500 2
1 2 4 2 700500 2
1 2 5 8 700500 2
1 2 6 3 700500 2
1 2 7 1 700500 2
1 2 15 4 701000 2
1 2 15 9 701000 2
1 2 14 9 701000 2
1 2 12 6 701000 2
1 2 11 7 701000 2
1 2 10 4 701000 2
1 2 10 1 701000 2
1 2 9 8 701000 2
1 2 9 5 701000 2
1 2 6 5 701000 2
1 2 7 5 701000 2
1 2 3 1 701000 2
1 2 0 4 701000 2
1 2 4 8 701000 2
1 2 4 1 701000 2
1 2 4 6 701000 2
1 2 4 0 701000 2
1 2 5 7 701000 2
1 2 6 4 701000 2
1 2 9 5 701500 2
1 2 14 8 701500 2
1 2 14 9 701500 2
1 2 13 3 701500 2
1 2 13 8 701500 2
1 2 12 6 701500 2
1 2 11 5 701500 2
1 2 9 3 701500 2
1 2 8 4 701500 2
1 2 6 3 701500 2
1 2 5 3 701500 2
1 2 4 1 701500 2
1 2 4 5 701500 2
1 2 3 6 701500 2
1 2 8 8 701500 2
1 2 0 8 701500 2
1 2 11 4 702000 2
1 2 6 7 702000 2
1 2 6 4 702000 2
1 2 7 4 702000 2
1 2 7 5 702000 2
1 2 9 3 702000 2
1 2 9 9 702000 2
1 2 9 4 702000 2
1 2 11 8 702000 2
1 2 11 0 702000 2
1 2 13 5 702000 2
1 2 15 3 702000 2
1 2 4 8 702000 2
1 2 4 6 702000 2
1 2 6 2 702000 2
1 2 0 2 702000 2
1 2 1 5 702000 2
1 2 1 2 702000 2
1 2 2 9 702000 2
1 2 3 9 702000 2
1 2 4 5 702000 2
1 2 4 2 702000 2
1 2 4 7 702000 2
1 2 4 3 702000 2
1 2 4 2 702000 2
1 2 6 6 702500 2
1 2 5 9 702500 2
1 2 6 8 702500 2
1 2 9 2 702500 2
1 2 10 3 702500 2
1 2 10 1 702500 2
1 2 11 7 702500 2
1 2 11 3 702500 2
1 2 11 7 702500 2
1 2 11 8 702500 2
1 2 11 6 702500 2
1 2 15 2 702500 2
1 2 15 7 702500 2
1 2 4 0 702500 2
1 2 5 7 702500 2
1 2 0 4 702500 2
1 2 0 9 702500 2
1 2 0 3 702500 2
1 2 1 6 702500 2
1 2 1 5 702500 2
1 2 1 5 702500 2
1 2 2 9 702500 2
1 2 2 6 702500 2
1 2 3 7 702500 2
1 2 4 0 702500 2
1 2 7 7 703000 2
1 2 15 7 703000 2
1 2 14 9 703000 2
1 2 14 1 703000 2
1 2 14 5 703000 2
1 2 14 1 703000 2
1 2 12 4 703000 2
1 2 12 6 703000 2
1 2 10 9 703000 2
1 2 10 8 703000 2
1 2 9 1 703000 2
1 2 6 9 703000 2
1 2 0 9 703000 2
1 2 2 3 703000 2
1 2 3 6 703000 2
1 2 3 5 703000 2
1 2 4 6 703000 2
1 2 4 8 703000 2
1 2 4 0 703000 2
1 2 5 3 703000 2
1 2 5 0 703000 2
1 2 5 9 703000 2
1 2 13 4 703500 2
1 2 9 9 703500 2
1 2 10 3 703500 2
1 2 8 5 703500 2
1 2 10 7 703500 2
1 2 11 6 703500 2
1 2 13 7 703500 2
1 2 13 3 703500 2
1 2 13 4 703500 2
1 2 13 9 703500 2
1 2 14 2 703500 2
1 2 14 9 703500 2
1 2 8 5 703500 2
1 2 8 7 703500 2
1 2 0 2 703500 2
1 2 0 8 703500 2
1 2 1 3 703500 2
1 2 3 0 703500 2
1 2 4 1 703500 2
1 2 4 9 703500 2
1 2 5 0 703500 2
1 2 5 9 703500 2
1 2 6 3 703500 2
1 2 7 2 703500 2
1 2 7 3 704000 2
1 2 14 8 704000 2
1 2 14 3 704000 2
1 2 14 9 704000 2
1 2 13 8 704000 2
1 2 12 6 704000 2
1 2 11 6 704000 2
1 2 11 9 704000 2
1 2 8 7 704000 2
1 2 8 7 704000 2
1 2 4 4 704000 2
1 2 4 8 704000 2
1 2 4 7 704000 2
1 2 4 3 704000 2
1 2 3 8 704000 2
1 2 2 7 704000 2
1 2 1 4 704000 2
1 2 1 9 704000 2
1 2 0 1 704000 2
1 2 7 0 704500 2
1 2 0 9 704500 2
1 2 8 7 704500 2
1 2 8 7 704500 2
1 2 9 3 704500 2
1 2 11 6 704500 2
1 2 11 4 704500 2
1 2 13 6 704500 2
1 2 13 0 704500 2
1 2 15 5 704500 2
1 2 15 0 704500 2
1 2 4 0 704500 2
1 2 4 6 704500 2
1 2 4 7 704500 2
1 2 4 3 704500 2
1 2 3 4 704500 2
1 2 3 3 704500 2
1 2 2 4 704500 2
1 2 2 9 704500 2
1 2 0 8 704500 2
1 2 6 9 704500 2
1 2 8 7 705000 2
1 2 8 7 705000 2
1 2 9 1 705000 2
1 2 10 4 705000 2
1 2 11 7 705000 2
1 2 13 7 705000 2
1 2 14 4 705000 2
1 2 2 0 705000 2
1 2 15 0 705000 2
1 2 15 6 705000 2
1 2 6 2 705000 2
1 2 6 0 705000 2
1 2 0 8 705000 2
1 2 1 2 705000 2
1 2 2 4 705000 2
1 2 3 8 705000 2
1 2 3 0 705000 2
1 2 4 6 705000 2
1 2 4 6 705000 2
1 2 15 3 705500 2
1 2 15 0 705500 2
1 2 15 0 705500 2
1 2 15 1 705500 2
1 2 15 1 705500 2
1 2 15 2 705500 2
1 2 13 3 705500 2
1 2 11 7 705500 2
1 2 11 9 705500 2
1 2 11 9 705500 2
1 2 4 3 705500 2
1 2 11 1 705500 2
1 2 0 4 705500 2
1 2 5 6 705500 2
1 2 8 4 705500 2
1 2 8 4 705500 2
1 2 8 4 705500 2
1 2 9 1 705500 2
1 2 10 2 705500 2
1 2 10 9 705500 2
1 2 10 1 705500 2
1 2 11 9 706000 2
1 2 15 6 706000 2
1 2 15 3 706000 2
1 2 14 8 706000 2
1 2 14 4 706000 2
1 2 14 2 706000 2
1 2 13 8 706000 2
1 2 11 4 706000 2
1 2 8 3 706000 2
1 2 6 0 706000 2
1 2 4 0 706000 2
1 2 4 1 706000 2
1 2 4 2 706000 2
1 2 4 1 706000 2
1 2 3 4 706000 2
1 2 2 6 706000 2
1 2 11 8 706000 2
1 2 9 6 706500 2
1 2 9 0 706500 2
1 2 9 5 706500 2
1 2 10 3 706500 2
1 2 10 4 706500 2
1 2 12 9 706500 2
1 2 12 3 706500 2
1 2 12 2 706500 2
1 2 13 8 706500 2
1 2 15 0 706500 2
1 2 15 2 706500 2
1 2 6 9 706500 2
1 2 8 7 706500 2
1 2 8 7 706500 2
1 2 1 7 706500 2
1 2 2 2 706500 2
1 2 3 6 706500 2
1 2 3 7 706500 2
1 2 4 2 706500 2
1 2 4 2 706500 2
1 2 4 0 706500 2
1 2 5 9 706500 2
1 2 0 1 706500 2
1 2 7 7 706500 2
1 2 15 3 707000 2
1 2 15 2 707000 2
1 2 14 0 707000 2
1 2 12 6 707000 2
1 2 12 6 707000 2
1 2 11 9 707000 2
1 2 10 7 707000 2
1 2 8 2 707000 2
1 2 7 0 707000 2
1 2 8 5 707000 2
1 2 1 7 707000 2
1 2 2 9 707000 2
1 2 3 5 707000 2
1 2 4 8 707000 2
1 2 5 9 707000 2
1 2 6 9 707000 2
1 2 15 9 707500 2
1 2 15 4 707500 2
1 2 15 0 707500 2
1 2 14 2 707500 2
1 2 13 7 707500 2
1 2 11 4 707500 2
1 2 10 1 707500 2
1 2 10 6 707500 2
1 2 9 3 707500 2
1 2 9 6 707500 2
1 2 8 9 707500 2
1 2 6 2 707500 2
1 2 4 8 707500 2
1 2 4 6 707500 2
1 2 4 1 707500 2
1 2 3 4 707500 2
1 2 2 8 707500 2
1 2 2 6 707500 2
1 2 2 5 707500 2
1 2 8 3 708000 2
1 2 12 9 708000 2
1 2 11 1 708000 2
1 2 10 1 708000 2
1 2 8 9 708000 2
1 2 8 4 708000 2
1 2 7 9 708000 2
1 2 5 4 708000 2
1 2 4 9 708000 2
1 2 4 8 708000 2
1 2 0 4 708000 2
1 2 3 0 708000 2
1 2 2 9 708000 2
1 2 2 8 708000 2
1 2 5 5 708000 2
1 2 10 6 708500 2
1 2 8 1 708500 2
1 2 11 4 708500 2
1 2 12 6 708500 2
1 2 12 5 708500 2
1 2 13 6 708500 2
1 2 14 4 708500 2
1 2 14 8 708500 2
1 2 15 5 708500 2
1 2 15 2 708500 2
1 2 9 5 708500 2
1 2 9 7 708500 2
1 2 8 9 708500 2
1 2 8 0 708500 2
1 2 7 3 708500 2
1 2 6 5 708500 2
1 2 5 6 708500 2
1 2 5 4 708500 2
1 2 0 8 708500 2
1 2 9 6 709000 2
1 2 11 7 709000 2
1 2 11 3 709000 2
1 2 10 8 709000 2
1 2 8 9 709000 2
1 2 5 4 709000 2
1 2 4 0 709000 2
1 2 4 4 709000 2
1 2 0 5 709000 2
1 2 8 3 709500 2
1 2 15 6 709500 2
1 2 15 9 709500 2
1 2 12 6 709500 2
1 2 11 7 709500 2
1 2 11 9 709500 2
1 2 11 1 709500 2
1 2 10 4 709500 2
1 2 10 6 709500 2
1 2 9 1 709500 2
1 2 8 7 709500 2
1 2 8 9 709500 2
1 2 8 9 709500 2
1 2 7 4 709500 2
1 2 4 8 709500 2
1 2 4 7 709500 2
1 2 2 2 709500 2
1 2 0 1 709500 2
1 2 0 1 709500 2
1 2 0 4 709500 2
1 2 10 5 710000 2
1 2 11 9 710000 2
1 2 11 6 710000 2
1 2 11 4 710000 2
1 2 11 5 710000 2
1 2 12 6 710000 2
1 2 13 3 710000 2
1 2 15 6 710000 2
1 2 8 8 710000 2
1 2 9 6 710000 2
1 2 9 4 710000 2
1 2 0 4 710000 2
1 2 1 0 710000 2
1 2 3 2 710000 2
1 2 4 6 710000 2
1 2 4 4 710000 2
1 2 9 2 710000 2
1 2 12 6 710500 2
1 2 15 2 710500 2
1 2 15 1 710500 2
1 2 15 0 710500 2
1 2 14 1 710500 2
1 2 14 6 710500 2
1 2 14 5 710500 2
1 2 13 8 710500 2
1 2 10 9 710500 2
1 2 7 9 710500 2
1 2 9 6 710500 2
1 2 6 4 710500 2
1 2 4 6 710500 2
1 2 4 9 710500 2
1 2 3 2 710500 2
1 2 2 6 710500 2
1 2 1 0 710500 2
1 2 0 5 710500 2
1 2 0 4 710500 2
1 2 11 8 711000 2
1 2 11 4 711000 2
1 2 12 8 711000 2
1 2 12 6 711000 2
1 2 13 7 711000 2
1 2 13 5 711000 2
1 2 14 2 711000 2
1 2 14 7 711000 2
1 2 14 2 711000 2
1 2 15 8 711000 2
1 2 3 6 711000 2
1 2 8 7 711000 2
1 2 1 4 711000 2
1 2 3 0 711000 2
1 2 4 6 711000 2
1 2 4 5 711000 2
1 2 6 4 711000 2
1 2 6 3 711000 2
1 2 6 5 711000 2
1 2 6 7 711000 2
1 2 7 5 711000 2
1 2 10 5 711000 2
1 2 15 0 711500 2
1 2 15 9 711500 2
1 2 15 1 711500 2
1 2 13 8 711500 2
1 2 12 6 711500 2
1 2 12 6 711500 2
1 2 12 6 711500 2
1 2 10 7 711500 2
1 2 8 7 711500 2
1 2 7 4 711500 2
1 2 7 2 711500 2
1 2 7 7 711500 2
1 2 0 4 711500 2
1 2 4 6 711500 2
1 2 2 2 711500 2
1 2 10 1 711500 2
1 2 8 4 712000 2
1 2 15 6 712000 2
1 2 12 8 712000 2
1 2 8 0 712000 2
1 2 8 6 712000 2
1 2 6 0 712000 2
1 2 7 7 712000 2
1 2 5 7 712000 2
1 2 4 2 712000 2
1 2 3 3 712000 2
1 2 1 4 712000 2
1 2 9 9 712500 2
1 2 9 7 712500 2
1 2 9 6 712500 2
1 2 10 9 712500 2
1 2 13 4 712500 2
1 2 13 6 712500 2
1 2 14 1 712500 2
1 2 15 6 712500 2
1 2 15 7 712500 2
1 2 15 9 712500 2
1 2 5 1 712500 2
1 2 7 7 712500 2
1 2 0 4 712500 2
1 2 1 3 712500 2
1 2 1 1 712500 2
1 2 2 0 712500 2
1 2 4 5 712500 2
1 2 4 1 712500 2
1 2 4 8 712500 2
1 2 6 3 712500 2
1 2 7 8 712500 2
1 2 8 0 712500 2
1 2 14 9 713000 2
1 2 15 5 713000 2
1 2 15 1 713000 2
1 2 13 5 713000 2
1 2 12 6 713000 2
1 2 12 1 713000 2
1 2 9 9 713000 2
1 2 8 3 713000 2
1 2 8 8 713000 2
1 2 8 6 713000 2
1 2 7 7 713000 2
1 2 6 9 713000 2
1 2 7 4 713000 2
1 2 0 8 713000 2
1 2 1 4 713000 2
1 2 0 2 713000 2
1 2 2 2 713000 2
1 2 3 3 713000 2
1 2 3 4 713000 2
1 2 4 1 713000 2
1 2 5 3 713000 2
1 2 6 3 713000 2
1 2 10 9 713500 2
1 2 15 9 713500 2
1 2 15 7 713500 2
1 2 15 4 713500 2
1 2 15 4 713500 2
1 2 13 6 713500 2
1 2 12 1 713500 2
1 2 11 3 713500 2
1 2 8 6 713500 2
1 2 5 4 713500 2
1 2 5 5 713500 2
1 2 5 3 713500 2
1 2 5 6 713500 2
1 2 4 2 713500 2
1 2 2 3 713500 2
1 2 2 8 713500 2
1 2 6 1 713500 2
1 2 0 3 713500 2
1 2 15 7 714000 2
1 2 9 1 714000 2
1 2 10 0 714000 2
1 2 11 6 714000 2
1 2 11 1 714000 2
1 2 12 6 714000 2
1 2 12 1 714000 2
1 2 12 4 714000 2
1 2 12 7 714000 2
1 2 13 5 714000 2
1 2 15 2 714000 2
1 2 15 6 714000 2
1 2 15 0 714000 2
1 2 1 1 714000 2
1 2 8 0 714000 2
1 2 0 3 714000 2
1 2 0 4 714000 2
1 2 0 3 714000 2
1 2 0 4 714000 2
1 2 0 3 714000 2
1 2 2 2 714000 2
1 2 3 6 714000 2
1 2 4 5 714000 2
1 2 4 8 714000 2
1 2 6 5 714000 2
1 2 7 4 714000 2
1 2 9 0 714000 2
1 2 2 9 714000 2
1 2 6 5 714500 2
1 2 7 4 714500 2
1 2 7 1 714500 2
1 2 10 0 714500 2
1 2 10 7 714500 2
1 2 11 3 714500 2
1 2 12 6 714500 2
1 2 12 2 714500 2
1 2 13 3 714500 2
1 2 13 5 714500 2
1 2 14 9 714500 2
1 2 4 8 714500 2
1 2 5 9 714500 2
1 2 0 8 714500 2
1 2 1 5 714500 2
1 2 1 6 714500 2
1 2 2 8 714500 2
1 2 3 4 714500 2
1 2 3 3 714500 2
1 2 3 7 714500 2
1 2 3 5 714500 2
1 2 4 6 714500 2
1 2 9 2 715000 2
1 2 15 2 715000 2
1 2 15 6 715000 2
1 2 14 8 715000 2
1 2 11 1 715000 2
1 2 10 3 715000 2
1 2 10 9 715000 2
1 2 7 8 715000 2
1 2 6 1 715000 2
1 2 5 0 715000 2
1 2 1 5 715000 2
1 2 0 1 715000 2
1 2 0 4 715000 2
1 2 3 0 715500 2
1 2 15 4 715500 2
1 2 15 3 715500 2
1 2 15 0 715500 2
1 2 14 9 715500 2
1 2 13 4 715500 2
1 2 7 9 715500 2
1 2 7 7 715500 2
1 2 7 6 715500 2
1 2 6 2 715500 2
1 2 6 6 715500 2
1 2 5 3 715500 2
1 2 4 0 715500 2
1 2 4 1 715500 2
1 2 4 4 715500 2
1 2 6 3 715500 2
1 2 3 1 715500 2
1 2 2 2 715500 2
1 2 0 3 715500 2
1 2 6 9 716000 2
1 2 7 9 716000 2
1 2 7 3 716000 2
1 2 7 7 716000 2
1 2 10 5 716000 2
1 2 12 6 716000 2
1 2 14 4 716000 2
1 2 15 0 716000 2
1 2 15 7 716000 2
1 2 15 5 716000 2
1 2 15 1 716000 2
1 2 13 8 716000 2
1 2 5 8 716000 2
1 2 5 7 716000 2
1 2 0 0 716000 2
1 2 0 2 716000 2
1 2 1 9 716000 2
1 2 2 8 716000 2
1 2 2 0 716000 2
1 2 3 8 716000 2
1 2 3 9 716000 2
1 2 4 5 716000 2
1 2 4 8 716000 2
1 2 5 8 716000 2
1 2 3 3 716000 2
1 2 10 9 716500 2
1 2 10 4 716500 2
1 2 11 8 716500 2
1 2 11 8 716500 2
1 2 12 8 716500 2
1 2 12 2 716500 2
1 2 12 5 716500 2
1 2 14 4 716500 2
1 2 14 3 716500 2
1 2 15 0 716500 2
1 2 15 6 716500 2
1 2 15 3 716500 2
1 2 9 0 716500 2
1 2 9 3 716500 2
1 2 0 9 716500 2
1 2 1 2 716500 2
1 2 3 7 716500 2
1 2 3 7 716500 2
1 2 4 5 716500 2
1 2 5 6 716500 2
1 2 5 1 716500 2
1 2 6 1 716500 2
1 2 7 1 716500 2
1 2 8 6 716500 2
1 2 9 8 717000 2
1 2 10 1 717000 2
1 2 11 2 717000 2
1 2 11 8 717000 2
1 2 12 8 717000 2
1 2 12 1 717000 2
1 2 13 5 717000 2
1 2 14 9 717000 2
1 2 14 6 717000 2
1 2 15 1 717000 2
1 2 15 5 717000 2
1 2 15 1 717000 2
1 2 7 1 717000 2
1 2 1 4 717000 2
1 2 1 5 717000 2
1 2 2 4 717000 2
1 2 3 6 717000 2
1 2 4 3 717000 2
1 2 5 8 717000 2
1 2 5 9 717000 2
1 2 5 1 717000 2
1 2 6 4 717000 2
1 2 9 2 717000 2
1 2 8 8 717500 2
1 2 15 2 717500 2
1 2 14 0 717500 2
1 2 13 5 717500 2
1 2 13 6 717500 2
1 2 12 2 717500 2
1 2 12 4 717500 2
1 2 12 8 717500 2
1 2 12 6 717500 2
1 2 10 1 717500 2
1 2 9 5 717500 2
1 2 0 3 717500 2
1 2 6 1 717500 2
1 2 5 0 717500 2
1 2 5 9 717500 2
1 2 5 8 717500 2
1 2 3 1 717500 2
1 2 0 8 717500 2
1 2 9 0 717500 2
1 2 7 2 718000 2
1 2 8 0 718000 2
1 2 10 7 718000 2
1 2 10 4 718000 2
1 2 10 6 718000 2
1 2 11 6 718000 2
1 2 14 0 718000 2
1 2 15 8 718000 2
1 2 15 2 718000 2
1 2 15 0 718000 2
1 2 15 1 718000 2
1 2 7 4 718000 2
1 2 0 2 718000 2
1 2 0 4 718000 2
1 2 0 3 718000 2
1 2 1 3 718000 2
1 2 3 4 718000 2
1 2 3 4 718000 2
1 2 4 3 718000 2
1 2 5 7 718000 2
1 2 6 3 718000 2
1 2 4 5 718000 2
1 2 7 1 718000 2
1 2 5 7 718500 2
1 2 5 9 718500 2
1 2 5 3 718500 2
1 2 6 0 718500 2
1 2 7 0 718500 2
1 2 10 0 718500 2
1 2 10 4 718500 2
1 2 11 0 718500 2
1 2 12 3 718500 2
1 2 14 9 718500 2
1 2 15 6 718500 2
1 2 15 1 718500 2
1 2 3 5 718500 2
1 2 4 5 718500 2
1 2 0 5 718500 2
1 2 0 1 718500 2
1 2 0 8 718500 2
1 2 1 4 718500 2
1 2 1 5 718500 2
1 2 1 3 718500 2
1 2 1 7 718500 2
1 2 1 5 718500 2
1 2 2 0 718500 2
1 2 2 7 718500 2
1 2 15 0 719000 2
1 2 15 6 719000 2
1 2 15 7 719000 2
1 2 14 3 719000 2
1 2 14 1 719000 2
1 2 14 4 719000 2
1 2 13 9 719000 2
1 2 12 4 719000 2
1 2 12 2 719000 2
1 2 11 7 719000 2
1 2 11 6 719000 2
1 2 0 9 719000 2
1 2 6 6 719000 2
1 2 0 4 719000 2
1 2 0 6 719000 2
1 2 0 4 719000 2
1 2 2 6 719000 2
1 2 3 6 719000 2
1 2 6 4 719000 2
1 2 5 4 719000 2
1 2 5 6 719000 2
1 2 5 1 719000 2
1 2 3 7 719000 2
1 2 8 6 719500 2
1 2 15 3 719500 2
1 2 15 1 719500 2
1 2 14 0 719500 2
1 2 13 4 719500 2
1 2 12 6 719500 2
1 2 11 6 719500 2
1 2 10 2 719500 2
1 2 9 6 719500 2
1 2 9 8 719500 2
1 2 8 1 719500 2
1 2 7 5 719500 2
1 2 7 8 719500 2
1 2 6 9 719500 2
1 2 5 2 719500 2
1 2 4 3 719500 2
1 2 3 5 719500 2
1 2 1 7 719500 2
1 2 0 1 719500 2
1 2 0 6 719500 2
1 2 8 1 719500 2
1 2 5 3 720000 2
1 2 7 4 720000 2
1 2 9 3 720000 2
1 2 10 9 720000 2
1 2 10 7 720000 2
1 2 10 6 720000 2
1 2 11 6 720000 2
1 2 13 0 720000 2
1 2 15 0 720000 2
1 2 15 6 720000 2
1 2 10 0 720000 2
1 2 5 7 720000 2
1 2 5 3 720000 2
1 2 0 4 720000 2
1 2 0 8 720000 2
1 2 1 6 720000 2
1 2 3 3 720000 2
1 2 3 8 720000 2
1 2 3 7 720000 2
1 2 4 4 720000 2
1 2 0 4 720000 2
1 2 4 6 720000 2
1 2 5 4 720000 2
1 2 6 8 720500 2
1 2 15 2 720500 2
1 2 14 8 720500 2
1 2 14 2 720500 2
1 2 13 9 720500 2
1 2 11 9 720500 2
1 2 9 3 720500 2
1 2 8 9 720500 2
1 2 5 0 720500 2
1 2 5 3 720500 2
1 2 3 9 720500 2
1 2 2 8 720500 2
1 2 1 3 720500 2
1 2 1 5 720500 2
1 2 0 4 720500 2
1 2 6 7 720500 2
1 2 14 8 721000 2
1 2 6 7 721000 2
1 2 7 7 721000 2
1 2 7 2 721000 2
1 2 8 4 721000 2
1 2 9 5 721000 2
1 2 11 0 721000 2
1 2 12 1 721000 2
1 2 12 7 721000 2
1 2 3 4 721000 2
1 2 6 3 721000 2
1 2 5 5 721000 2
1 2 4 0 721000 2
1 2 4 1 721000 2
1 2 0 9 721000 2
1 2 2 8 721000 2
1 2 2 9 721000 2
1 2 2 6 721000 2
1 2 1 0 721000 2
1 2 6 8 721000 2
1 2 4 8 721500 2
1 2 14 9 721500 2
1 2 12 3 721500 2
1 2 11 4 721500 2
1 2 9 5 721500 2
1 2 7 5 721500 2
1 2 6 8 721500 2
1 2 4 4 721500 2
1 2 2 9 721500 2
1 2 0 8 721500 2
1 2 0 8 721500 2
1 2 0 1 722000 2
1 2 15 4 722000 2
1 2 14 2 722000 2
1 2 12 4 722000 2
1 2 11 3 722000 2
1 2 10 6 722000 2
1 2 10 8 722000 2
1 2 7 2 722000 2
1 2 6 3 722000 2
1 2 6 8 722000 2
1 2 1 6 722000 2
1 2 2 7 722000 2
1 2 4 7 722000 2
1 2 4 5 722000 2
1 2 5 7 722000 2
1 2 15 2 722500 2
1 2 15 3 722500 2
1 2 15 1 722500 2
1 2 14 9 722500 2
1 2 13 5 722500 2
1 2 10 0 722500 2
1 2 8 7 722500 2
1 2 8 7 722500 2
1 2 8 2 722500 2
1 2 7 5 722500 2
1 2 6 7 722500 2
1 2 5 1 722500 2
1 2 6 8 722500 2
1 2 0 4 722500 2
1 2 0 2 722500 2
1 2 0 1 722500 2
1 2 1 2 722500 2
1 2 3 0 722500 2
1 2 3 8 722500 2
1 2 4 0 722500 2
1 2 5 5 722500 2
1 2 5 9 722500 2
1 2 15 3 723000 2
1 2 14 0 723000 2
1 2 12 1 723000 2
1 2 11 3 723000 2
1 2 11 2 723000 2
1 2 11 8 723000 2
1 2 8 4 723000 2
1 2 10 1 723000 2
1 2 8 2 723000 2
1 2 7 9 723000 2
1 2 7 2 723000 2
1 2 6 3 723000 2
1 2 5 0 723000 2
1 2 0 1 723000 2
1 2 0 8 723000 2
1 2 15 9 723500 2
1 2 15 8 723500 2
1 2 14 9 723500 2
1 2 14 7 723500 2
1 2 11 1 723500 2
1 2 11 3 723500 2
1 2 10 6 723500 2
1 2 9 2 723500 2
1 2 6 7 723500 2
1 2 7 3 723500 2
1 2 0 3 723500 2
1 2 1 1 723500 2
1 2 2 5 723500 2
1 2 4 0 723500 2
1 2 5 3 723500 2
1 2 5 3 723500 2
1 2 6 8 723500 2
1 2 6 2 724000 2
1 2 11 0 724000 2
1 2 11 9 724000 2
1 2 11 2 724000 2
1 2 10 4 724000 2
1 2 10 0 724000 2
1 2 9 7 724000 2
1 2 8 2 724000 2
1 2 7 5 724000 2
1 2 7 3 724000 2
1 2 5 7 724000 2
1 2 0 8 724000 2
1 2 0 2 724000 2
1 2 1 5 724000 2
1 2 3 8 724000 2
1 2 3 4 724000 2
1 2 4 3 724000 2
1 2 4 1 724000 2
1 2 5 1 724000 2
1 2 0 4 724500 2
1 2 15 4 724500 2
1 2 15 3 724500 2
1 2 14 8 724500 2
1 2 14 4 724500 2
1 2 13 5 724500 2
1 2 12 3 724500 2
1 2 12 2 724500 2
1 2 8 0 724500 2
1 2 6 3 724500 2
1 2 4 3 724500 2
1 2 2 8 724500 2
1 2 2 2 724500 2
1 2 1 9 724500 2
1 2 1 1 724500 2
1 2 0 3 724500 2
1 2 7 5 724500 2
1 2 6 3 725000 2
1 2 7 7 725000 2
1 2 7 2 725000 2
1 2 9 3 725000 2
1 2 9 5 725000 2
1 2 10 7 725000 2
1 2 13 8 725000 2
1 2 14 9 725000 2
1 2 15 0 725000 2
1 2 15 6 725000 2
1 2 15 1 725000 2
1 2 11 8 725000 2
1 2 5 9 725000 2
1 2 6 6 725000 2
1 2 0 8 725000 2
1 2 0 8 725000 2
1 2 0 6 725000 2
1 2 1 9 725000 2
1 2 2 8 725000 2
1 2 0 8 725000 2
1 2 2 6 725000 2
1 2 2 7 725000 2
1 2 4 2 725000 2
1 2 5 9 725000 2
1 2 6 3 725500 2
1 2 14 3 725500 2
1 2 12 4 725500 2
1 2 12 6 725500 2
1 2 11 4 725500 2
1 2 9 0 725500 2
1 2 8 2 725500 2
1 2 8 1 725500 2
1 2 8 7 725500 2
1 2 7 2 725500 2
1 2 6 3 725500 2
1 2 0 3 725500 2
1 2 0 1 725500 2
1 2 0 2 725500 2
1 2 1 7 725500 2
1 2 2 8 725500 2
1 2 5 3 725500 2
1 2 5 5 725500 2
1 2 6 4 725500 2
1 2 6 7 726000 2
1 2 15 9 726000 2
1 2 14 9 726000 2
1 2 14 1 726000 2
1 2 12 9 726000 2
1 2 11 0 726000 2
1 2 9 9 726000 2
1 2 9 3 726000 2
1 2 7 3 726000 2
1 2 7 2 726000 2
1 2 5 3 726000 2
1 2 4 0 726000 2
1 2 3 8 726000 2
1 2 0 4 726000 2
1 2 8 7 726000 2
1 2 10 0 726500 2
1 2 15 2 726500 2
1 2 15 0 726500 2
1 2 14 9 726500 2
1 2 11 2 726500 2
1 2 10 1 726500 2
1 2 7 3 726500 2
1 2 6 7 726500 2
1 2 5 8 726500 2
1 2 2 9 726500 2
1 2 2 2 726500 2
1 2 1 7 726500 2
1 2 0 9 726500 2
1 2 7 8 726500 2
1 2 9 9 727000 2
1 2 10 0 727000 2
1 2 11 0 727000 2
1 2 11 9 727000 2
1 2 5 8 727000 2
1 2 14 5 727000 2
1 2 14 8 727000 2
1 2 15 0 727000 2
1 2 15 7 727000 2
1 2 15 3 727000 2
1 2 5 6 727000 2
1 2 7 3 727000 2
1 2 1 3 727000 2
1 2 1 9 727000 2
1 2 3 8 727000 2
1 2 4 7 727000 2
1 2 4 8 727000 2
1 2 5 5 727000 2
1 2 5 2 727000 2
1 2 7 5 727500 2
1 2 15 8 727500 2
1 2 15 4 727500 2
1 2 14 3 727500 2
1 2 13 9 727500 2
1 2 12 8 727500 2
1 2 11 0 727500 2
1 2 10 9 727500 2
1 2 10 8 727500 2
1 2 7 3 727500 2
1 2 7 1 727500 2
1 2 5 3 727500 2
1 2 5 8 727500 2
1 2 4 3 727500 2
1 2 3 7 727500 2
1 2 1 3 727500 2
1 2 1 0 727500 2
1 2 0 6 727500 2
1 2 6 8 728000 2
1 2 15 3 728000 2
1 2 13 4 728000 2
1 2 11 0 728000 2
1 2 8 0 728000 2
1 2 5 7 728000 2
1 2 4 0 728000 2
1 2 2 8 728000 2
1 2 2 1 728000 2
1 2 1 6 728000 2
1 2 0 1 728000 2
1 2 0 4 728000 2
1 2 9 3 728500 2
1 2 15 0 728500 2
1 2 14 5 728500 2
1 2 13 6 728500 2
1 2 12 8 728500 2
1 2 12 2 728500 2
1 2 12 9 728500 2
1 2 11 3 728500 2
1 2 10 9 728500 2
1 2 9 1 728500 2
1 2 9 5 728500 2
1 2 7 3 728500 2
1 2 6 9 728500 2
1 2 6 2 728500 2
1 2 6 2 728500 2
1 2 5 9 728500 2
1 2 3 0 728500 2
1 2 2 0 728500 2
1 2 0 1 728500 2
1 2 0 5 728500 2
1 2 8 3 729000 2
1 2 9 6 729000 2
1 2 9 3 729000 2
1 2 9 7 729000 2
1 2 12 8 729000 2
1 2 15 7 729000 2
1 2 15 1 729000 2
1 2 15 9 729000 2
1 2 0 1 729000 2
1 2 6 4 729000 2
1 2 4 2 729000 2
1 2 4 3 729000 2
1 2 4 3 729000 2
1 2 3 8 729000 2
1 2 3 6 729000 2
1 2 2 5 729000 2
1 2 8 0 729000 2
1 2 11 6 729500 2
1 2 14 7 729500 2
1 2 12 2 729500 2
1 2 12 4 729500 2
1 2 13 8 729500 2
1 2 13 0 729500 2
1 2 13 6 729500 2
1 2 15 0 729500 2
1 2 15 6 729500 2
1 2 15 2 729500 2
1 2 15 6 729500 2
1 2 9 0 729500 2
1 2 10 6 729500 2
1 2 1 9 729500 2
1 2 1 4 729500 2
1 2 3 1 729500 2
1 2 3 4 729500 2
1 2 6 6 729500 2
1 2 6 6 729500 2
1 2 6 5 729500 2
1 2 6 7 729500 2
1 2 7 3 729500 2
1 2 15 0 730000 2
1 2 13 1 730000 2
1 2 12 9 730000 2
1 2 11 0 730000 2
1 2 3 8 730000 2
1 2 10 8 730000 2
1 2 6 5 730000 2
1 2 2 2 730000 2
1 2 2 4 730000 2
1 2 1 5 730000 2
1 2 0 6 730000 2
1 2 9 6 730500 2
1 2 15 4 730500 2
1 2 15 8 730500 2
1 2 13 6 730500 2
1 2 13 3 730500 2
1 2 12 5 730500 2
1 2 12 5 730500 2
1 2 12 2 730500 2
1 2 10 6 730500 2
1 2 9 6 730500 2
1 2 10 2 730500 2
1 2 3 0 730500 2
1 2 6 2 730500 2
1 2 8 0 730500 2
1 2 8 3 730500 2
1 2 8 9 730500 2
1 2 3 4 730500 2
1 2 9 4 730500 2
1 2 9 1 731000 2
1 2 15 6 731000 2
1 2 15 7 731000 2
1 2 15 5 731000 2
1 2 13 6 731000 2
1 2 13 6 731000 2
1 2 11 0 731000 2
1 2 11 8 731000 2
1 2 9 5 731000 2
1 2 7 5 731000 2
1 2 6 0 731000 2
1 2 4 0 731000 2
1 2 4 0 731000 2
1 2 3 3 731000 2
1 2 2 2 731000 2
1 2 2 9 731000 2
1 2 2 7 731000 2
1 2 2 6 731500 2
1 2 15 1 731500 2
1 2 15 0 731500 2
1 2 14 2 731500 2
1 2 13 8 731500 2
1 2 12 6 731500 2
1 2 12 8 731500 2
1 2 11 4 731500 2
1 2 10 5 731500 2
1 2 9 6 731500 2
1 2 7 5 731500 2
1 2 4 2 731500 2
1 2 4 3 731500 2
1 2 4 1 731500 2
1 2 10 5 731500 2
1 2 2 1 731500 2
1 2 6 0 732000 2
1 2 7 8 732000 2
1 2 9 3 732000 2
1 2 11 6 732000 2
1 2 12 9 732000 2
1 2 12 6 732000 2
1 2 12 4 732000 2
1 2 13 3 732000 2
1 2 14 0 732000 2
1 2 14 8 732000 2
1 2 15 9 732000 2
1 2 8 8 732000 2
1 2 5 2 732000 2
1 2 6 9 732000 2
1 2 1 2 732000 2
1 2 2 0 732000 2
1 2 2 9 732000 2
1 2 2 4 732000 2
1 2 2 2 732000 2
1 2 3 0 732000 2
1 2 4 6 732000 2
1 2 4 5 732000 2
1 2 1 2 732000 2
1 2 4 2 732000 2
1 2 3 9 732000 2
1 2 9 3 732500 2
1 2 11 7 732500 2
1 2 12 8 732500 2
1 2 12 2 732500 2
1 2 12 6 732500 2
1 2 13 8 732500 2
1 2 13 1 732500 2
1 2 14 8 732500 2
1 2 15 2 732500 2
1 2 15 3 732500 2
1 2 15 9 732500 2
1 2 8 4 732500 2
1 2 8 6 732500 2
1 2 0 5 732500 2
1 2 2 7 732500 2
1 2 2 4 732500 2
1 2 2 2 732500 2
1 2 4 2 732500 2
1 2 4 1 732500 2
1 2 4 8 732500 2
1 2 5 8 732500 2
1 2 6 6 732500 2
1 2 6 7 732500 2
1 2 15 0 733000 2
1 2 14 3 733000 2
1 2 13 0 733000 2
1 2 13 8 733000 2
1 2 12 4 733000 2
1 2 12 2 733000 2
1 2 4 6 733000 2
1 2 12 8 733000 2
1 2 12 6 733000 2
1 2 7 6 733000 2
1 2 7 2 733000 2
1 2 6 8 733000 2
1 2 4 1 733000 2
1 2 4 2 733000 2
1 2 3 8 733000 2
1 2 1 4 733000 2
1 2 1 2 733000 2
1 2 1 7 733000 2
1 2 11 8 733500 2
1 2 15 2 733500 2
1 2 15 7 733500 2
1 2 15 8 733500 2
1 2 14 2 733500 2
1 2 11 2 733500 2
1 2 9 6 733500 2
1 2 7 9 733500 2
1 2 1 6 733500 2
1 2 7 8 733500 2
1 2 6 9 733500 2
1 2 4 1 733500 2
1 2 3 2 733500 2
1 2 1 3 733500 2
1 2 9 5 733500 2
1 2 10 3 734000 2
1 2 9 5 734000 2
1 2 10 1 734000 2
1 2 11 4 734000 2
1 2 12 6 734000 2
1 2 12 2 734000 2
1 2 12 7 734000 2
1 2 13 8 734000 2
1 2 13 1 734000 2
1 2 15 5 734000 2
1 2 8 9 734000 2
1 2 0 1 734000 2
1 2 2 0 734000 2
1 2 4 8 734000 2
1 2 4 1 734000 2
1 2 6 5 734000 2
1 2 6 3 734000 2
1 2 7 9 734000 2
1 2 7 8 734000 2
1 2 6 4 734500 2
1 2 15 0 734500 2
1 2 13 5 734500 2
1 2 12 6 734500 2
1 2 11 7 734500 2
1 2 9 6 734500 2
1 2 9 8 734500 2
1 2 8 9 734500 2
1 2 7 6 734500 2
1 2 7 3 734500 2
1 2 0 8 734500 2
1 2 3 4 734500 2
1 2 2 4 734500 2
1 2 2 4 734500 2
1 2 8 9 734500 2
1 2 7 4 735000 2
1 2 15 1 735000 2
1 2 15 6 735000 2
1 2 12 6 735000 2
1 2 8 2 735000 2
1 2 8 7 735000 2
1 2 7 0 735000 2
1 2 5 6 735000 2
1 2 4 4 735000 2
1 2 3 6 735000 2
1 2 2 0 735000 2
1 2 0 5 735000 2
1 2 0 5 735000 2
1 2 15 2 735500 2
1 2 13 9 735500 2
1 2 12 8 735500 2
1 2 10 3 735500 2
1 2 9 2 735500 2
1 2 5 9 735500 2
1 2 8 7 735500 2
1 2 7 3 735500 2
1 2 6 5 735500 2
1 2 6 3 735500 2
1 2 0 6 735500 2
1 2 3 4 735500 2
1 2 3 6 735500 2
1 2 3 4 735500 2
1 2 4 3 735500 2
1 2 6 3 735500 2
1 2 12 1 736000 2
1 2 15 1 736000 2
1 2 15 6 736000 2
1 2 15 9 736000 2
1 2 15 0 736000 2
1 2 13 9 736000 2
1 2 13 8 736000 2
1 2 12 8 736000 2
1 2 12 6 736000 2
1 2 9 1 736000 2
1 2 9 3 736000 2
1 2 7 0 736000 2
1 2 4 7 736000 2
1 2 2 6 736000 2
1 2 2 8 736000 2
1 2 0 4 736000 2
1 2 0 4 736000 2
1 2 3 4 736500 2
1 2 14 9 736500 2
1 2 12 4 736500 2
1 2 11 8 736500 2
1 2 11 1 736500 2
1 2 10 0 736500 2
1 2 7 4 736500 2
1 2 6 4 736500 2
1 2 6 9 736500 2
1 2 4 2 736500 2
1 2 3 8 736500 2
1 2 0 6 736500 2
1 2 0 4 736500 2
1 2 7 5 736500 2
1 2 6 1 737000 2
1 2 11 5 737000 2
1 2 11 6 737000 2
1 2 11 6 737000 2
1 2 9 5 737000 2
1 2 8 8 737000 2
1 2 6 3 737000 2
1 2 4 4 737000 2
1 2 1 7 737000 2
1 2 1 2 737000 2
1 2 0 3 737000 2
1 2 3 4 737500 2
1 2 14 4 737500 2
1 2 14 5 737500 2
1 2 12 2 737500 2
1 2 11 7 737500 2
1 2 6 8 737500 2
1 2 5 5 737500 2
1 2 4 2 737500 2
1 2 4 4 737500 2
1 2 0 8 737500 2
1 2 2 9 737500 2
1 2 1 5 737500 2
1 2 1 5 737500 2
1 2 4 0 737500 2
1 2 10 6 738000 2
1 2 15 2 738000 2
1 2 14 4 738000 2
1 2 14 0 738000 2
1 2 11 4 738000 2
1 2 11 4 738000 2
1 2 11 6 738000 2
1 2 9 1 738000 2
1 2 6 4 738000 2
1 2 6 2 738000 2
1 2 3 4 738000 2
1 2 14 0 738500 2
1 2 11 9 738500 2
1 2 9 1 738500 2
1 2 9 5 738500 2
1 2 6 4 738500 2
1 2 4 5 738500 2
1 2 3 9 738500 2
1 2 3 7 738500 2
1 2 1 6 738500 2
1 2 0 5 738500 2
1 2 4 2 738500 2
1 2 5 6 739000 2
1 2 15 2 739000 2
1 2 14 9 739000 2
1 2 13 6 739000 2
1 2 8 7 739000 2
1 2 5 9 739000 2
1 2 4 2 739000 2
1 2 4 5 739000 2
1 2 1 5 739000 2
1 2 0 2 739000 2
1 2 1 0 739500 2
1 2 15 5 739500 2
1 2 11 9 739500 2
1 2 9 1 739500 2
1 2 7 5 739500 2
1 2 6 1 739500 2
1 2 5 7 739500 2
1 2 3 4 739500 2
1 2 3 9 739500 2
1 2 1 1 739500 2
1 2 13 5 740000 2
1 2 15 0 740000 2
1 2 15 6 740000 2
1 2 14 0 740000 2
1 2 11 5 740000 2
1 2 10 3 740000 2
1 2 8 7 740000 2
1 2 5 2 740000 2
1 2 3 6 740000 2
1 2 0 9 740000 2
1 2 2 0 740000 2
1 2 1 3 740000 2
1 2 1 5 740000 2
1 2 6 8 740000 2
1 2 13 6 740500 2
1 2 12 6 740500 2
1 2 12 3 740500 2
1 2 12 6 740500 2
1 2 10 6 740500 2
1 2 10 9 740500 2
1 2 6 4 740500 2
1 2 5 3 740500 2
1 2 4 9 740500 2
1 2 4 2 740500 2
1 2 2 0 740500 2
1 2 0 6 740500 2
1 2 7 8 740500 2
1 2 7 1 741000 2
1 2 12 6 741000 2
1 2 11 5 741000 2
1 2 9 8 741000 2
1 2 8 8 741000 2
1 2 7 3 741000 2
1 2 5 3 741000 2
1 2 3 4 741000 2
1 2 3 5 741000 2
1 2 1 0 741000 2
1 2 0 3 741000 2
1 2 2 6 741500 2
1 2 15 3 741500 2
1 2 14 5 741500 2
1 2 13 6 741500 2
1 2 13 5 741500 2
1 2 12 5 741500 2
1 2 12 2 741500 2
1 2 11 0 741500 2
1 2 11 6 741500 2
1 2 8 8 741500 2
1 2 7 7 741500 2
1 2 4 5 741500 2
1 2 3 4 741500 2
1 2 11 6 741500 2
1 2 10 9 742000 2
1 2 14 9 742000 2
1 2 14 2 742000 2
1 2 14 4 742000 2
1 2 14 5 742000 2
1 2 13 1 742000 2
1 2 11 6 742000 2
1 2 9 3 742000 2
1 2 8 7 742000 2
1 2 3 8 742000 2
1 2 0 4 742000 2
1 2 0 6 742000 2
1 2 15 9 742500 2
1 2 14 8 742500 2
1 2 9 1 742500 2
1 2 14 9 742500 2
1 2 13 1 742500 2
1 2 12 1 742500 2
1 2 10 8 742500 2
1 2 10 8 742500 2
1 2 6 7 742500 2
1 2 6 8 742500 2
1 2 11 7 742500 2
1 2 11 3 743000 2
1 2 15 6 743000 2
1 2 14 1 743000 2
1 2 14 8 743000 2
1 2 12 5 743000 2
1 2 12 9 743000 2
1 2 12 2 743000 2
1 2 12 8 743000 2
1 2 11 2 743000 2
1 2 8 9 743000 2
1 2 6 4 743000 2
1 2 6 8 743000 2
1 2 6 0 743000 2
1 2 4 7 743000 2
1 2 4 9 743000 2
1 2 3 4 743000 2
1 2 14 3 743500 2
1 2 13 3 743500 2
1 2 11 6 743500 2
1 2 10 3 743500 2
1 2 6 9 743500 2
1 2 3 9 743500 2
1 2 1 9 743500 2
1 2 0 8 743500 2
1 2 0 4 743500 2
1 2 4 9 743500 2
1 2 13 5 744000 2
1 2 14 3 744000 2
1 2 14 2 744000 2
1 2 14 4 744000 2
1 2 13 1 744000 2
1 2 9 1 744000 2
1 2 8 4 744000 2
1 2 7 2 744000 2
1 2 4 3 744000 2
1 2 4 3 744000 2
1 2 4 5 744000 2
1 2 3 7 744000 2
1 2 2 3 744000 2
1 2 2 2 744000 2
1 2 1 5 744000 2
1 2 6 6 744000 2
1 2 5 5 744500 2
1 2 5 9 744500 2
1 2 6 8 744500 2
1 2 7 7 744500 2
1 2 7 8 744500 2
1 2 2 8 744500 2
1 2 9 3 744500 2
1 2 9 0 744500 2
1 2 10 8 744500 2
1 2 10 6 744500 2
1 2 11 9 744500 2
1 2 12 2 744500 2
1 2 12 4 744500 2
1 2 15 0 744500 2
1 2 4 2 744500 2
1 2 4 3 744500 2
1 2 0 8 744500 2
1 2 0 2 744500 2
1 2 0 4 744500 2
1 2 0 1 744500 2
1 2 0 2 744500 2
1 2 1 5 744500 2
1 2 2 9 744500 2
1 2 3 5 744500 2
1 2 3 4 744500 2
1 2 4 1 744500 2
1 2 0 2 744500 2
1 2 8 1 745000 2
1 2 9 3 745000 2
1 2 10 4 745000 2
1 2 11 9 745000 2
1 2 11 2 745000 2
1 2 11 3 745000 2
1 2 12 7 745000 2
1 2 13 6 745000 2
1 2 14 0 745000 2
1 2 14 8 745000 2
1 2 14 9 745000 2
1 2 15 6 745000 2
1 2 15 0 745000 2
1 2 7 9 745000 2
1 2 0 2 745000 2
1 2 1 9 745000 2
1 2 1 6 745000 2
1 2 2 8 745000 2
1 2 3 6 745000 2
1 2 3 8 745000 2
1 2 5 5 745000 2
1 2 6 5 745000 2
1 2 6 0 745000 2
1 2 7 0 745000 2
1 2 8 9 745000 2
1 2 4 3 745000 2
1 2 6 8 745500 2
1 2 6 2 745500 2
1 2 6 7 745500 2
1 2 6 4 745500 2
1 2 7 5 745500 2
1 2 7 2 745500 2
1 2 7 3 745500 2
1 2 10 9 745500 2
1 2 10 5 745500 2
1 2 11 2 745500 2
1 2 13 3 745500 2
1 2 5 3 745500 2
1 2 6 8 745500 2
1 2 0 1 745500 2
1 2 1 8 745500 2
1 2 2 3 745500 2
1 2 3 8 745500 2
1 2 4 1 745500 2
1 2 4 2 745500 2
1 2 4 4 745500 2
1 2 4 2 745500 2
1 2 5 8 745500 2
1 2 4 0 745500 2
1 2 11 5 746000 2
1 2 11 9 746000 2
1 2 11 9 746000 2
1 2 11 3 746000 2
1 2 12 6 746000 2
1 2 12 4 746000 2
1 2 12 4 746000 2
1 2 13 4 746000 2
1 2 13 9 746000 2
1 2 13 2 746000 2
1 2 14 3 746000 2
1 2 15 3 746000 2
1 2 9 0 746000 2
1 2 8 2 746000 2
1 2 0 1 746000 2
1 2 0 9 746000 2
1 2 0 4 746000 2
1 2 0 1 746000 2
1 2 0 8 746000 2
1 2 1 0 746000 2
1 2 2 5 746000 2
1 2 3 7 746000 2
1 2 4 3 746000 2
1 2 4 6 746000 2
1 2 6 3 746000 2
1 2 6 3 746000 2
1 2 8 1 746000 2
1 2 6 0 746500 2
1 2 6 2 746500 2
1 2 6 3 746500 2
1 2 8 7 746500 2
1 2 11 5 746500 2
1 2 11 5 746500 2
1 2 11 4 746500 2
1 2 11 5 746500 2
1 2 12 8 746500 2
1 2 12 5 746500 2
1 2 14 8 746500 2
1 2 15 2 746500 2
1 2 0 6 746500 2
1 2 5 9 746500 2
1 2 5 2 746500 2
1 2 0 9 746500 2
1 2 0 1 746500 2
1 2 1 5 746500 2
1 2 1 5 746500 2
1 2 2 8 746500 2
1 2 3 4 746500 2
1 2 4 3 746500 2
1 2 4 8 746500 2
1 2 4 4 746500 2
1 2 5 3 746500 2
1 2 6 8 747000 2
1 2 6 9 747000 2
1 2 6 7 747000 2
1 2 9 2 747000 2
1 2 9 6 747000 2
1 2 10 6 747000 2
1 2 11 0 747000 2
1 2 12 5 747000 2
1 2 14 5 747000 2
1 2 14 3 747000 2
1 2 14 5 747000 2
1 2 14 8 747000 2
1 2 15 3 747000 2
1 2 2 9 747000 2
1 2 5 9 747000 2
1 2 6 1 747000 2
1 2 0 3 747000 2
1 2 0 3 747000 2
1 2 1 3 747000 2
1 2 0 8 747000 2
1 2 3 6 747000 2
1 2 3 0 747000 2
1 2 4 9 747000 2
1 2 4 2 747000 2
1 2 4 0 747000 2
1 2 5 5 747000 2
1 2 5 3 747000 2
1 2 3 4 747000 2
1 2 6 0 747500 2
1 2 6 3 747500 2
1 2 6 1 747500 2
1 2 6 3 747500 2
1 2 7 4 747500 2
1 2 7 3 747500 2
1 2 7 8 747500 2
1 2 9 0 747500 2
1 2 9 7 747500 2
1 2 11 0 747500 2
1 2 11 0 747500 2
1 2 12 2 747500 2
1 2 14 3 747500 2
1 2 15 3 747500 2
1 2 5 5 747500 2
1 2 5 2 747500 2
1 2 0 4 747500 2
1 2 0 0 747500 2
1 2 0 7 747500 2
1 2 0 8 747500 2
1 2 2 7 747500 2
1 2 3 4 747500 2
1 2 3 3 747500 2
1 2 3 4 747500 2
1 2 4 7 747500 2
1 2 4 4 747500 2
1 2 4 2 747500 2
1 2 4 5 747500 2
1 2 4 6 747500 2
1 2 7 3 748000 2
1 2 7 3 748000 2
1 2 10 9 748000 2
1 2 10 4 748000 2
1 2 11 2 748000 2
1 2 12 8 748000 2
1 2 12 5 748000 2
1 2 13 3 748000 2
1 2 14 4 748000 2
1 2 14 0 748000 2
1 2 14 9 748000 2
1 2 14 2 748000 2
1 2 15 5 748000 2
1 2 15 6 748000 2
1 2 0 3 748000 2
1 2 5 2 748000 2
1 2 6 1 748000 2
1 2 0 7 748000 2
1 2 0 4 748000 2
1 2 1 0 748000 2
1 2 2 7 748000 2
1 2 2 9 748000 2
1 2 2 5 748000 2
1 2 4 2 748000 2
1 2 4 0 748000 2
1 2 5 6 748000 2
1 2 5 0 748000 2
1 2 5 8 748000 2
1 2 3 8 748000 2
1 2 6 4 748500 2
1 2 6 7 748500 2
1 2 7 5 748500 2
1 2 7 1 748500 2
1 2 9 1 748500 2
1 2 11 0 748500 2
1 2 13 5 748500 2
1 2 14 7 748500 2
1 2 14 0 748500 2
1 2 15 0 748500 2
1 2 5 9 748500 2
1 2 5 2 748500 2
1 2 4 0 748500 2
1 2 4 7 748500 2
1 2 3 6 748500 2
1 2 2 8 748500 2
1 2 2 7 748500 2
1 2 0 5 748500 2
1 2 0 9 748500 2
1 2 6 2 748500 2
1 2 0 8 748500 2
1 2 14 1 749000 2
1 2 7 2 749000 2
1 2 9 0 749000 2
1 2 10 9 749000 2
1 2 10 1 749000 2
1 2 11 4 749000 2
1 2 11 6 749000 2
1 2 11 8 749000 2
1 2 12 5 749000 2
1 2 13 5 749000 2
1 2 15 6 749000 2
1 2 12 4 749000 2
1 2 6 2 749000 2
1 2 6 9 749000 2
1 2 0 0 749000 2
1 2 1 6 749000 2
1 2 2 7 749000 2
1 2 2 9 749000 2
1 2 3 7 749000 2
1 2 4 9 749000 2
1 2 4 2 749000 2
1 2 4 8 749000 2
1 2 5 5 749000 2
1 2 5 3 749000 2
1 2 9 1 749500 2
1 2 8 7 749500 2
1 2 8 9 749500 2
1 2 7 8 749500 2
1 2 10 9 749500 2
1 2 10 7 749500 2
1 2 11 2 749500 2
1 2 11 8 749500 2
1 2 11 6 749500 2
1 2 11 0 749500 2
1 2 12 2 749500 2
1 2 12 6 749500 2
1 2 12 8 749500 2
1 2 14 8 749500 2
1 2 14 4 749500 2
1 2 15 6 749500 2
1 2 7 8 749500 2
1 2 7 3 749500 2
1 2 0 3 749500 2
1 2 0 4 749500 2
1 2 0 2 749500 2
1 2 0 8 749500 2
1 2 1 5 749500 2
1 2 2 7 749500 2
1 2 3 6 749500 2
1 2 4 7 749500 2
1 2 4 9 749500 2
1 2 5 5 749500 2
1 2 5 9 749500 2
1 2 5 7 749500 2
1 2 6 1 749500 2
1 2 6 9 749500 2
1 2 4 3 749500 2
1 2 11 9 750000 2
1 2 11 6 750000 2
1 2 11 3 750000 2
1 2 8 5 750000 2
1 2 5 7 750000 2
1 2 8 1 750000 2
1 2 7 3 750000 2
1 2 7 5 750000 2
1 2 7 7 750000 2
1 2 11 3 750000 2
1 2 11 0 750000 2
1 2 12 1 750000 2
1 2 12 8 750000 2
1 2 13 4 750000 2
1 2 13 3 750000 2
1 2 14 2 750000 2
1 2 14 4 750000 2
1 2 14 9 750000 2
1 2 15 3 750000 2
1 2 6 7 750000 2
1 2 6 9 750000 2
1 2 0 4 750000 2
1 2 0 8 750000 2
1 2 0 8 750000 2
1 2 1 1 750000 2
1 2 2 2 750000 2
1 2 2 9 750000 2
1 2 2 0 750000 2
1 2 3 4 750000 2
1 2 4 4 750000 2
1 2 4 2 750000 2
1 2 4 3 750000 2
1 2 5 3 750000 2
1 2 5 4 750000 2
1 2 6 0 750000 2
1 2 6 1 750000 2
1 2 3 0 750000 2
1 2 7 5 750500 2
1 2 7 2 750500 2
1 2 9 0 750500 2
1 2 9 5 750500 2
1 2 9 6 750500 2
1 2 10 9 750500 2
1 2 11 8 750500 2
1 2 11 4 750500 2
1 2 11 7 750500 2
1 2 11 7 750500 2
1 2 13 4 750500 2
1 2 13 5 750500 2
1 2 13 1 750500 2
1 2 14 3 750500 2
1 2 15 0 750500 2
1 2 6 4 750500 2
1 2 6 3 750500 2
1 2 0 3 750500 2
1 2 1 5 750500 2
1 2 1 4 750500 2
1 2 2 7 750500 2
1 2 3 3 750500 2
1 2 3 8 750500 2
1 2 4 6 750500 2
1 2 4 0 750500 2
1 2 4 0 750500 2
1 2 5 0 750500 2
1 2 5 7 750500 2
1 2 6 2 750500 2
1 2 6 6 750500 2
1 2 6 2 750500 2
1 2 8 7 751000 2
1 2 9 0 751000 2
1 2 9 5 751000 2
1 2 10 9 751000 2
1 2 10 9 751000 2
1 2 11 6 751000 2
1 2 11 9 751000 2
1 2 11 1 751000 2
1 2 12 5 751000 2
1 2 13 4 751000 2
1 2 14 1 751000 2
1 2 14 2 751000 2
1 2 14 1 751000 2
1 2 15 8 751000 2
1 2 6 3 751000 2
1 2 7 5 751000 2
1 2 7 3 751000 2
1 2 0 6 751000 2
1 2 1 7 751000 2
1 2 2 8 751000 2
1 2 2 9 751000 2
1 2 3 4 751000 2
1 2 4 1 751000 2
1 2 4 0 751000 2
1 2 5 5 751000 2
1 2 5 9 751000 2
1 2 5 7 751000 2
1 2 6 0 751000 2
1 2 0 8 751000 2
1 2 4 4 751000 2
1 2 7 9 751500 2
1 2 7 5 751500 2
1 2 9 6 751500 2
1 2 9 5 751500 2
1 2 10 9 751500 2
1 2 10 6 751500 2
1 2 11 9 751500 2
1 2 11 7 751500 2
1 2 12 2 751500 2
1 2 12 2 751500 2
1 2 13 9 751500 2
1 2 14 5 751500 2
1 2 14 0 751500 2
1 2 14 0 751500 2
1 2 15 5 751500 2
1 2 15 3 751500 2
1 2 6 9 751500 2
1 2 0 9 751500 2
1 2 0 3 751500 2
1 2 1 9 751500 2
1 2 4 3 751500 2
1 2 4 3 751500 2
1 2 4 6 751500 2
1 2 4 9 751500 2
1 2 5 5 751500 2
1 2 5 8 751500 2
1 2 5 4 751500 2
1 2 6 8 751500 2
1 2 6 4 751500 2
1 2 6 0 751500 2
1 2 4 0 751500 2
1 2 9 1 752000 2
1 2 10 9 752000 2
1 2 10 7 752000 2
1 2 11 1 752000 2
1 2 5 8 752000 2
1 2 11 0 752000 2
1 2 11 0 752000 2
1 2 12 7 752000 2
1 2 12 6 752000 2
1 2 12 4 752000 2
1 2 13 9 752000 2
1 2 14 0 752000 2
1 2 15 2 752000 2
1 2 15 7 752000 2
1 2 7 0 752000 2
1 2 7 8 752000 2
1 2 0 7 752000 2
1 2 0 5 752000 2
1 2 0 0 752000 2
1 2 0 8 752000 2
1 2 2 8 752000 2
1 2 3 6 752000 2
1 2 4 2 752000 2
1 2 4 0 752000 2
1 2 5 5 752000 2
1 2 6 1 752000 2
1 2 6 5 752000 2
1 2 6 7 752000 2
1 2 4 8 752500 2
1 2 14 1 752500 2
1 2 12 5 752500 2
1 2 12 6 752500 2
1 2 9 7 752500 2
1 2 7 4 752500 2
1 2 6 3 752500 2
1 2 6 3 752500 2
1 2 6 2 752500 2
1 2 4 1 752500 2
1 2 1 9 752500 2
1 2 0 3 752500 2
1 2 0 4 752500 2
1 2 0 5 752500 2
1 2 0 2 752500 2
1 2 0 4 752500 2
1 2 5 9 752500 2
1 2 15 2 753000 2
1 2 7 3 753000 2
1 2 7 8 753000 2
1 2 9 0 753000 2
1 2 12 4 753000 2
1 2 12 8 753000 2
1 2 13 4 753000 2
1 2 13 6 753000 2
1 2 14 2 753000 2
1 2 14 4 753000 2
1 2 15 3 753000 2
1 2 2 3 753000 2
1 2 6 9 753000 2
1 2 0 3 753000 2
1 2 0 2 753000 2
1 2 2 1 753000 2
1 2 6 9 753000 2
1 2 3 8 753000 2
1 2 4 7 753000 2
1 2 4 6 753000 2
1 2 5 7 753000 2
1 2 5 7 753000 2
1 2 5 2 753000 2
1 2 6 6 753000 2
1 2 10 8 753500 2
1 2 11 3 753500 2
1 2 9 1 753500 2
1 2 12 8 753500 2
1 2 12 6 753500 2
1 2 12 4 753500 2
1 2 12 4 753500 2
1 2 13 4 753500 2
1 2 14 7 753500 2
1 2 14 9 753500 2
1 2 14 2 753500 2
1 2 15 6 753500 2
1 2 0 0 753500 2
1 2 6 3 753500 2
1 2 7 3 753500 2
1 2 0 4 753500 2
1 2 0 5 753500 2
1 2 0 9 753500 2
1 2 1 5 753500 2
1 2 1 5 753500 2
1 2 2 0 753500 2
1 2 3 4 753500 2
1 2 3 1 753500 2
1 2 4 9 753500 2
1 2 5 7 753500 2
1 2 6 3 754000 2
1 2 7 2 754000 2
1 2 7 3 754000 2
1 2 10 2 754000 2
1 2 10 6 754000 2
1 2 13 1 754000 2
1 2 13 4 754000 2
1 2 13 8 754000 2
1 2 13 5 754000 2
1 2 14 4 754000 2
1 2 15 7 754000 2
1 2 15 7 754000 2
1 2 15 3 754000 2
1 2 5 2 754000 2
1 2 0 9 754000 2
1 2 0 2 754000 2
1 2 2 8 754000 2
1 2 2 2 754000 2
1 2 2 1 754000 2
1 2 3 4 754000 2
1 2 3 0 754000 2
1 2 4 3 754000 2
1 2 4 1 754000 2
1 2 5 5 754000 2
1 2 6 8 754000 2
1 2 15 7 754500 2
1 2 15 3 754500 2
1 2 15 2 754500 2
1 2 14 9 754500 2
1 2 13 2 754500 2
1 2 13 5 754500 2
1 2 12 2 754500 2
1 2 11 1 754500 2
1 2 10 8 754500 2
1 2 4 3 754500 2
1 2 5 3 754500 2
1 2 0 9 754500 2
1 2 0 7 754500 2
1 2 0 1 754500 2
1 2 2 2 754500 2
1 2 2 2 754500 2
1 2 2 4 754500 2
1 2 3 4 754500 2
1 2 6 4 755000 2
1 2 15 5 755000 2
1 2 15 7 755000 2
1 2 12 6 755000 2
1 2 12 6 755000 2
1 2 11 7 755000 2
1 2 10 6 755000 2
1 2 8 3 755000 2
1 2 7 3 755000 2
1 2 6 2 755000 2
1 2 5 2 755000 2
1 2 0 8 755000 2
1 2 0 8 755000 2
1 2 2 2 755000 2
1 2 3 6 755000 2
1 2 4 8 755000 2
1 2 4 5 755000 2
1 2 4 7 755000 2
1 2 4 3 755000 2
1 2 4 3 755000 2
1 2 0 1 755500 2
1 2 15 2 755500 2
1 2 14 1 755500 2
1 2 13 5 755500 2
1 2 12 1 755500 2
1 2 12 6 755500 2
1 2 10 8 755500 2
1 2 9 1 755500 2
1 2 6 1 755500 2
1 2 5 1 755500 2
1 2 5 8 755500 2
1 2 0 3 755500 2
1 2 0 2 755500 2
1 2 5 9 755500 2
1 2 1 9 755500 2
1 2 1 3 755500 2
1 2 1 5 755500 2
1 2 2 8 755500 2
1 2 2 0 755500 2
1 2 4 1 755500 2
1 2 7 8 756000 2
1 2 7 2 756000 2
1 2 7 3 756000 2
1 2 10 5 756000 2
1 2 11 3 756000 2
1 2 12 2 756000 2
1 2 13 3 756000 2
1 2 14 4 756000 2
1 2 14 3 756000 2
1 2 15 2 756000 2
1 2 15 9 756000 2
1 2 15 5 756000 2
1 2 15 8 756000 2
1 2 10 4 756000 2
1 2 6 4 756000 2
1 2 6 4 756000 2
1 2 0 3 756000 2
1 2 0 1 756000 2
1 2 0 1 756000 2
1 2 1 4 756000 2
1 2 2 3 756000 2
1 2 2 1 756000 2
1 2 5 9 756000 2
1 2 5 6 756000 2
1 2 0 6 756000 2
1 2 5 3 756000 2
1 2 6 6 756000 2
1 2 4 8 756000 2
1 2 7 7 756500 2
1 2 7 2 756500 2
1 2 8 9 756500 2
1 2 9 1 756500 2
1 2 11 3 756500 2
1 2 12 7 756500 2
1 2 12 8 756500 2
1 2 14 2 756500 2
1 2 14 4 756500 2
1 2 15 6 756500 2
1 2 15 3 756500 2
1 2 15 7 756500 2
1 2 0 0 756500 2
1 2 6 2 756500 2
1 2 1 9 756500 2
1 2 2 2 756500 2
1 2 2 6 756500 2
1 2 3 5 756500 2
1 2 4 1 756500 2
1 2 5 9 756500 2
1 2 5 3 756500 2
1 2 5 9 756500 2
1 2 4 9 756500 2
1 2 4 1 756500 2
1 2 10 9 757000 2
1 2 15 3 757000 2
1 2 15 1 757000 2
1 2 14 1 757000 2
1 2 14 2 757000 2
1 2 13 9 757000 2
1 2 13 1 757000 2
1 2 12 2 757000 2
1 2 12 2 757000 2
1 2 12 1 757000 2
1 2 11 1 757000 2
1 2 7 1 757000 2
1 2 8 7 757000 2
1 2 0 4 757000 2
1 2 0 1 757000 2
1 2 1 9 757000 2
1 2 2 2 757000 2
1 2 2 4 757000 2
1 2 4 0 757000 2
1 2 5 0 757000 2
1 2 5 2 757000 2
1 2 6 3 757000 2
1 2 6 3 757500 2
1 2 7 8 757500 2
1 2 7 2 757500 2
1 2 7 1 757500 2
1 2 8 3 757500 2
1 2 12 8 757500 2
1 2 13 3 757500 2
1 2 14 4 757500 2
1 2 14 1 757500 2
1 2 15 6 757500 2
1 2 15 2 757500 2
1 2 0 3 757500 2
1 2 4 0 757500 2
1 2 6 6 757500 2
1 2 0 0 757500 2
1 2 0 1 757500 2
1 2 0 8 757500 2
1 2 1 8 757500 2
1 2 2 4 757500 2
1 2 4 9 757500 2
1 2 4 5 757500 2
1 2 4 7 757500 2
1 2 4 3 757500 2
1 2 4 0 757500 2
1 2 13 3 758000 2
1 2 14 2 758000 2
1 2 12 3 758000 2
1 2 11 6 758000 2
1 2 9 6 758000 2
1 2 9 9 758000 2
1 2 8 5 758000 2
1 2 7 1 758000 2
1 2 7 3 758000 2
1 2 6 1 758000 2
1 2 5 6 758000 2
1 2 0 5 758000 2
1 2 4 2 758000 2
1 2 0 3 758000 2
1 2 0 1 758000 2
1 2 0 3 758000 2
1 2 1 3 758000 2
1 2 2 9 758000 2
1 2 2 4 758000 2
1 2 4 9 758000 2
1 2 4 8 758000 2
1 2 4 1 758000 2
1 2 5 3 758500 2
1 2 15 4 758500 2
1 2 15 5 758500 2
1 2 14 2 758500 2
1 2 13 0 758500 2
1 2 12 8 758500 2
1 2 12 8 758500 2
1 2 11 7 758500 2
1 2 11 7 758500 2
1 2 10 6 758500 2
1 2 4 1 758500 2
1 2 4 3 758500 2
1 2 3 4 758500 2
1 2 2 8 758500 2
1 2 2 9 758500 2
1 2 2 9 758500 2
1 2 1 3 758500 2
1 2 0 2 758500 2
1 2 0 4 758500 2
1 2 7 5 758500 2
1 2 6 3 759000 2
1 2 10 9 759000 2
1 2 11 2 759000 2
1 2 12 3 759000 2
1 2 12 6 759000 2
1 2 12 4 759000 2
1 2 13 3 759000 2
1 2 2 5 759000 2
1 2 14 9 759000 2
1 2 15 6 759000 2
1 2 6 3 759000 2
1 2 5 7 759000 2
1 2 4 8 759000 2
1 2 4 3 759000 2
1 2 3 4 759000 2
1 2 3 7 759000 2
1 2 3 6 759000 2
1 2 1 1 759000 2
1 2 0 6 759000 2
1 2 6 4 759000 2
1 2 9 3 759500 2
1 2 10 3 759500 2
1 2 11 6 759500 2
1 2 11 0 759500 2
1 2 12 6 759500 2
1 2 12 2 759500 2
1 2 13 4 759500 2
1 2 13 6 759500 2
1 2 14 9 759500 2
1 2 14 3 759500 2
1 2 15 7 759500 2
1 2 15 3 759500 2
1 2 15 2 759500 2
1 2 6 9 759500 2
1 2 0 4 759500 2
1 2 0 3 759500 2
1 2 1 9 759500 2
1 2 1 9 759500 2
1 2 2 9 759500 2
1 2 3 1 759500 2
1 2 4 1 759500 2
1 2 5 3 759500 2
1 2 5 9 759500 2
1 2 5 2 759500 2
1 2 7 5 759500 2
1 2 4 3 759500 2
1 2 7 9 760000 2
1 2 7 1 760000 2
1 2 10 8 760000 2
1 2 10 5 760000 2
1 2 12 2 760000 2
1 2 12 4 760000 2
1 2 13 2 760000 2
1 2 13 0 760000 2
1 2 14 8 760000 2
1 2 15 2 760000 2
1 2 15 1 760000 2
1 2 0 4 760000 2
1 2 6 8 760000 2
1 2 6 1 760000 2
1 2 0 8 760000 2
1 2 0 5 760000 2
1 2 2 5 760000 2
1 2 4 2 760000 2
1 2 5 6 760000 2
1 2 5 3 760000 2
1 2 5 1 760000 2
1 2 6 4 760000 2
1 2 4 6 760000 2
1 2 11 8 760500 2
1 2 11 0 760500 2
1 2 11 4 760500 2
1 2 12 1 760500 2
1 2 12 5 760500 2
1 2 13 7 760500 2
1 2 13 3 760500 2
1 2 13 8 760500 2
1 2 13 1 760500 2
1 2 14 1 760500 2
1 2 15 7 760500 2
1 2 15 0 760500 2
1 2 0 5 760500 2
1 2 10 4 760500 2
1 2 1 2 760500 2
1 2 2 9 760500 2
1 2 3 8 760500 2
1 2 3 4 760500 2
1 2 6 6 760500 2
1 2 8 4 760500 2
1 2 9 0 760500 2
1 2 9 9 760500 2
1 2 9 7 760500 2
1 2 10 9 760500 2
1 2 10 8 760500 2
1 2 6 5 761000 2
1 2 15 3 761000 2
1 2 15 0 761000 2
1 2 14 2 761000 2
1 2 14 8 761000 2
1 2 13 7 761000 2
1 2 11 7 761000 2
1 2 10 3 761000 2
1 2 9 5 761000 2
1 2 8 2 761000 2
1 2 5 4 761000 2
1 2 4 8 761000 2
1 2 4 4 761000 2
1 2 2 2 761000 2
1 2 2 2 761000 2
1 2 2 5 761000 2
1 2 1 4 761000 2
1 2 0 8 761000 2
1 2 0 8 761000 2
1 2 5 6 761000 2
1 2 11 9 761500 2
1 2 11 0 761500 2
1 2 11 4 761500 2
1 2 12 8 761500 2
1 2 12 6 761500 2
1 2 13 3 761500 2
1 2 13 5 761500 2
1 2 13 7 761500 2
1 2 14 3 761500 2
1 2 15 0 761500 2
1 2 15 2 761500 2
1 2 15 4 761500 2
1 2 3 6 761500 2
1 2 0 8 761500 2
1 2 10 8 761500 2
1 2 2 6 761500 2
1 2 4 4 761500 2
1 2 4 2 761500 2
1 2 4 0 761500 2
1 2 5 6 761500 2
1 2 5 9 761500 2
1 2 6 5 761500 2
1 2 7 7 761500 2
1 2 7 9 761500 2
1 2 8 3 761500 2
1 2 9 1 761500 2
1 2 9 5 762000 2
1 2 15 4 762000 2
1 2 15 0 762000 2
1 2 13 6 762000 2
1 2 12 8 762000 2
1 2 11 3 762000 2
1 2 11 7 762000 2
1 2 10 7 762000 2
1 2 9 3 762000 2
1 2 9 7 762000 2
1 2 6 9 762000 2
1 2 9 1 762000 2
1 2 0 5 762000 2
1 2 3 4 762000 2
1 2 3 4 762000 2
1 2 4 3 762000 2
1 2 4 8 762000 2
1 2 5 4 762000 2
1 2 5 9 762000 2
1 2 6 1 762000 2
1 2 6 0 762000 2
1 2 11 9 762500 2
1 2 11 8 762500 2
1 2 11 7 762500 2
1 2 8 8 762500 2
1 2 12 6 762500 2
1 2 12 3 762500 2
1 2 13 6 762500 2
1 2 13 0 762500 2
1 2 13 9 762500 2
1 2 14 1 762500 2
1 2 15 5 762500 2
1 2 15 4 762500 2
1 2 15 7 762500 2
1 2 15 3 762500 2
1 2 10 9 762500 2
1 2 11 4 762500 2
1 2 0 8 762500 2
1 2 0 3 762500 2
1 2 2 8 762500 2
1 2 2 6 762500 2
1 2 3 6 762500 2
1 2 3 8 762500 2
1 2 4 8 762500 2
1 2 5 9 762500 2
1 2 6 7 762500 2
1 2 7 7 762500 2
1 2 8 3 762500 2
1 2 9 4 762500 2
1 2 8 9 763000 2
1 2 6 9 763000 2
1 2 8 3 763000 2
1 2 9 2 763000 2
1 2 10 9 763000 2
1 2 11 0 763000 2
1 2 11 6 763000 2
1 2 12 8 763000 2
1 2 12 2 763000 2
1 2 12 6 763000 2
1 2 13 1 763000 2
1 2 13 3 763000 2
1 2 13 7 763000 2
1 2 15 6 763000 2
1 2 15 7 763000 2
1 2 15 4 763000 2
1 2 7 5 763000 2
1 2 0 4 763000 2
1 2 0 1 763000 2
1 2 1 0 763000 2
1 2 1 2 763000 2
1 2 2 2 763000 2
1 2 3 0 763000 2
1 2 4 4 763000 2
1 2 4 4 763000 2
1 2 4 1 763000 2
1 2 4 6 763000 2
1 2 4 5 763000 2
1 2 5 9 763000 2
1 2 5 9 763000 2
1 2 5 1 763000 2
1 2 8 7 763500 2
1 2 8 3 763500 2
1 2 9 6 763500 2
1 2 9 3 763500 2
1 2 9 6 763500 2
1 2 11 4 763500 2
1 2 11 4 763500 2
1 2 12 2 763500 2
1 2 12 6 763500 2
1 2 13 6 763500 2
1 2 13 5 763500 2
1 2 6 7 763500 2
1 2 7 4 763500 2
1 2 8 9 763500 2
1 2 0 3 763500 2
1 2 0 0 763500 2
1 2 0 8 763500 2
1 2 2 8 763500 2
1 2 2 9 763500 2
1 2 3 7 763500 2
1 2 5 6 763500 2
1 2 5 1 763500 2
1 2 6 6 763500 2
1 2 2 4 763500 2
1 2 9 3 764000 2
1 2 10 6 764000 2
1 2 11 2 764000 2
1 2 11 7 764000 2
1 2 11 9 764000 2
1 2 11 7 764000 2
1 2 12 2 764000 2
1 2 12 6 764000 2
1 2 13 4 764000 2
1 2 13 4 764000 2
1 2 14 5 764000 2
1 2 14 3 764000 2
1 2 14 0 764000 2
1 2 15 8 764000 2
1 2 8 0 764000 2
1 2 0 3 764000 2
1 2 1 4 764000 2
1 2 2 6 764000 2
1 2 2 9 764000 2
1 2 3 4 764000 2
1 2 3 8 764000 2
1 2 5 9 764000 2
1 2 6 6 764000 2
1 2 6 9 764000 2
1 2 6 4 764000 2
1 2 7 6 764000 2
1 2 9 9 764000 2
1 2 3 7 764000 2
1 2 8 7 764500 2
1 2 8 2 764500 2
1 2 9 4 764500 2
1 2 10 8 764500 2
1 2 10 6 764500 2
1 2 12 6 764500 2
1 2 12 4 764500 2
1 2 13 2 764500 2
1 2 13 3 764500 2
1 2 13 8 764500 2
1 2 13 0 764500 2
1 2 14 0 764500 2
1 2 8 9 764500 2
1 2 8 9 764500 2
1 2 0 0 764500 2
1 2 0 6 764500 2
1 2 2 9 764500 2
1 2 2 9 764500 2
1 2 2 6 764500 2
1 2 3 7 764500 2
1 2 4 8 764500 2
1 2 4 8 764500 2
1 2 5 8 764500 2
1 2 6 1 764500 2
1 2 6 1 764500 2
1 2 7 9 764500 2
1 2 4 1 764500 2
1 2 11 8 765000 2
1 2 15 2 765000 2
1 2 13 2 765000 2
1 2 13 6 765000 2
1 2 12 5 765000 2
1 2 12 9 765000 2
1 2 11 4 765000 2
1 2 11 4 765000 2
1 2 11 7 765000 2
1 2 10 9 765000 2
1 2 8 7 765000 2
1 2 1 4 765000 2
1 2 2 8 765000 2
1 2 2 9 765000 2
1 2 3 4 765000 2
1 2 3 4 765000 2
1 2 4 2 765000 2
1 2 5 5 765000 2
1 2 6 3 765000 2
1 2 7 9 765000 2
1 2 8 2 765000 2
1 2 0 1 765500 2
1 2 15 0 765500 2
1 2 15 1 765500 2
1 2 13 7 765500 2
1 2 11 6 765500 2
1 2 11 0 765500 2
1 2 11 8 765500 2
1 2 11 9 765500 2
1 2 11 4 765500 2
1 2 9 0 765500 2
1 2 9 6 765500 2
1 2 6 7 765500 2
1 2 5 6 765500 2
1 2 5 4 765500 2
1 2 4 3 765500 2
1 2 3 4 765500 2
1 2 2 2 765500 2
1 2 2 2 765500 2
1 2 2 2 765500 2
1 2 6 9 765500 2
1 2 0 0 765500 2
1 2 7 7 766000 2
1 2 8 9 766000 2
1 2 8 7 766000 2
1 2 11 7 766000 2
1 2 11 9 766000 2
1 2 12 8 766000 2
1 2 15 6 766000 2
1 2 15 3 766000 2
1 2 11 4 766000 2
1 2 6 3 766000 2
1 2 5 7 766000 2
1 2 5 8 766000 2
1 2 0 8 766000 2
1 2 3 8 766000 2
1 2 3 0 766000 2
1 2 2 2 766000 2
1 2 0 3 766000 2
1 2 6 0 766000 2
1 2 9 9 766500 2
1 2 9 7 766500 2
1 2 11 9 766500 2
1 2 11 4 766500 2
1 2 12 6 766500 2
1 2 12 4 766500 2
1 2 13 1 766500 2
1 2 13 6 766500 2
1 2 13 7 766500 2
1 2 15 8 766500 2
1 2 15 9 766500 2
1 2 8 7 766500 2
1 2 8 6 766500 2
1 2 6 1 766500 2
1 2 6 3 766500 2
1 2 5 0 766500 2
1 2 5 9 766500 2
1 2 4 8 766500 2
1 2 3 5 766500 2
1 2 2 0 766500 2
1 2 8 7 766500 2
1 2 0 9 766500 2
1 2 13 2 767000 2
1 2 15 9 767000 2
1 2 13 6 767000 2
1 2 12 6 767000 2
1 2 12 1 767000 2
1 2 11 2 767000 2
1 2 14 8 767000 2
1 2 14 0 767000 2
1 2 15 2 767000 2
1 2 15 8 767000 2
1 2 2 7 767000 2
1 2 9 0 767000 2
1 2 11 5 767000 2
1 2 0 8 767000 2
1 2 2 6 767000 2
1 2 3 7 767000 2
1 2 3 7 767000 2
1 2 4 0 767000 2
1 2 6 1 767000 2
1 2 7 6 767000 2
1 2 8 9 767000 2
1 2 9 6 767000 2
1 2 9 4 767500 2
1 2 10 3 767500 2
1 2 10 3 767500 2
1 2 11 4 767500 2
1 2 11 0 767500 2
1 2 12 8 767500 2
1 2 12 8 767500 2
1 2 13 3 767500 2
1 2 13 6 767500 2
1 2 14 4 767500 2
1 2 15 6 767500 2
1 2 5 1 767500 2
1 2 8 7 767500 2
1 2 8 4 767500 2
1 2 1 6 767500 2
1 2 2 8 767500 2
1 2 3 6 767500 2
1 2 3 4 767500 2
1 2 5 5 767500 2
1 2 5 1 767500 2
1 2 1 0 767500 2
1 2 6 6 767500 2
1 2 6 6 767500 2
1 2 8 8 767500 2
1 2 12 9 768000 2
1 2 15 1 768000 2
1 2 14 8 768000 2
1 2 13 6 768000 2
1 2 12 6 768000 2
1 2 12 5 768000 2
1 2 11 4 768000 2
1 2 9 0 768000 2
1 2 8 9 768000 2
1 2 7 7 768000 2
1 2 6 0 768000 2
1 2 6 5 768000 2
1 2 5 9 768000 2
1 2 0 8 768000 2
1 2 3 4 768000 2
1 2 3 7 768000 2
1 2 2 9 768000 2
1 2 2 6 768000 2
1 2 1 4 768000 2
1 2 7 9 768000 2
1 2 4 8 768500 2
1 2 13 5 768500 2
1 2 13 6 768500 2
1 2 12 9 768500 2
1 2 11 3 768500 2
1 2 10 3 768500 2
1 2 7 3 768500 2
1 2 2 2 768500 2
1 2 1 5 768500 2
1 2 1 6 768500 2
1 2 0 3 768500 2
1 2 0 2 768500 2
1 2 14 1 769000 2
1 2 13 3 769000 2
1 2 12 7 769000 2
1 2 11 0 769000 2
1 2 11 3 769000 2
1 2 8 3 769000 2
1 2 7 5 769000 2
1 2 6 3 769000 2
1 2 6 0 769000 2
1 2 4 9 769000 2
1 2 4 0 769000 2
1 2 4 1 769000 2
1 2 2 9 769000 2
1 2 1 9 769000 2
1 2 1 8 769000 2
1 2 0 6 769000 2
1 2 0 5 769000 2
1 2 5 5 769000 2
1 2 4 1 769500 2
1 2 13 3 769500 2
1 2 10 6 769500 2
1 2 9 3 769500 2
1 2 5 8 769500 2
1 2 4 2 769500 2
1 2 4 8 769500 2
1 2 4 9 769500 2
1 2 3 8 769500 2
1 2 1 9 769500 2
1 2 0 8 769500 2
1 2 0 7 769500 2
1 2 7 1 770000 2
1 2 15 1 770000 2
1 2 14 1 770000 2
1 2 14 2 770000 2
1 2 11 7 770000 2
1 2 8 0 770000 2
1 2 6 1 770000 2
1 2 4 2 770000 2
1 2 4 4 770000 2
1 2 3 6 770000 2
1 2 2 8 770000 2
1 2 2 2 770000 2
1 2 1 5 770000 2
1 2 0 4 770000 2
1 2 5 6 770000 2
1 2 8 4 770500 2
1 2 15 3 770500 2
1 2 14 2 770500 2
1 2 13 4 770500 2
1 2 13 3 770500 2
1 2 12 6 770500 2
1 2 11 5 770500 2
1 2 8 5 770500 2
1 2 8 0 770500 2
1 2 7 3 770500 2
1 2 6 1 770500 2
1 2 4 6 770500 2
1 2 4 7 770500 2
1 2 2 3 770500 2
1 2 1 7 770500 2
1 2 0 3 770500 2
1 2 15 0 771000 2
1 2 11 7 771000 2
1 2 11 1 771000 2
1 2 3 4 771000 2
1 2 10 4 771000 2
1 2 9 3 771000 2
1 2 7 7 771000 2
1 2 6 3 771000 2
1 2 6 9 771000 2
1 2 4 1 771000 2
1 2 4 5 771000 2
1 2 2 0 771000 2
1 2 2 1 771000 2
1 2 0 4 771000 2
1 2 6 1 771000 2
1 2 4 3 771500 2
1 2 15 6 771500 2
1 2 13 8 771500 2
1 2 11 6 771500 2
1 2 9 1 771500 2
1 2 7 5 771500 2
1 2 7 1 771500 2
1 2 6 3 771500 2
1 2 4 4 771500 2
1 2 4 1 771500 2
1 2 3 7 771500 2
1 2 3 4 771500 2
1 2 2 6 771500 2
1 2 0 1 771500 2
1 2 0 1 771500 2
1 2 3 6 772000 2
1 2 13 3 772000 2
1 2 12 6 772000 2
1 2 11 3 772000 2
1 2 7 2 772000 2
1 2 7 5 772000 2
1 2 6 0 772000 2
1 2 4 6 772000 2
1 2 0 8 772000 2
1 2 2 8 772000 2
1 2 1 7 772000 2
1 2 0 1 772000 2
1 2 5 9 772000 2
1 2 4 9 772500 2
1 2 12 8 772500 2
1 2 9 1 772500 2
1 2 8 5 772500 2
1 2 7 3 772500 2
1 2 4 2 772500 2
1 2 4 3 772500 2
1 2 3 7 772500 2
1 2 2 1 772500 2
1 2 1 8 772500 2
1 2 1 1 772500 2
1 2 6 5 773000 2
1 2 14 3 773000 2
1 2 13 1 773000 2
1 2 11 6 773000 2
1 2 7 2 773000 2
1 2 7 8 773000 2
1 2 6 0 773000 2
1 2 5 9 773000 2
1 2 4 3 773000 2
1 2 4 4 773000 2
1 2 3 3 773000 2
1 2 2 4 773000 2
1 2 1 9 773000 2
1 2 0 1 773000 2
1 2 11 6 773500 2
1 2 13 1 773500 2
1 2 12 8 773500 2
1 2 10 6 773500 2
1 2 9 0 773500 2
1 2 5 7 773500 2
1 2 4 3 773500 2
1 2 4 5 773500 2
1 2 4 8 773500 2
1 2 0 3 773500 2
1 2 6 8 774000 2
1 2 14 3 774000 2
1 2 14 7 774000 2
1 2 13 8 774000 2
1 2 12 4 774000 2
1 2 11 1 774000 2
1 2 11 1 774000 2
1 2 10 3 774000 2
1 2 9 3 774000 2
1 2 8 7 774000 2
1 2 7 7 774000 2
1 2 6 1 774000 2
1 2 0 4 774000 2
1 2 6 2 774000 2
1 2 4 3 774000 2
1 2 4 1 774000 2
1 2 4 8 774000 2
1 2 3 4 774000 2
1 2 2 8 774000 2
1 2 2 9 774000 2
1 2 0 2 774000 2
1 2 6 3 774000 2
1 2 3 1 774500 2
1 2 14 4 774500 2
1 2 12 3 774500 2
1 2 12 8 774500 2
1 2 12 6 774500 2
1 2 10 1 774500 2
1 2 9 2 774500 2
1 2 5 9 774500 2
1 2 4 1 774500 2
1 2 1 9 774500 2
1 2 4 3 775000 2
1 2 4 2 775000 2
1 2 6 8 775000 2
1 2 7 3 775000 2
1 2 12 4 775000 2
1 2 15 1 775000 2
1 2 3 2 775000 2
1 2 2 5 775000 2
1 2 2 5 775000 2
1 2 1 7 775000 2
1 2 0 4 775000 2
1 2 4 6 775000 2
1 2 12 8 775500 2
1 2 15 2 775500 2
1 2 15 2 775500 2
1 2 13 3 775500 2
1 2 11 3 775500 2
1 2 11 6 775500 2
1 2 8 7 775500 2
1 2 3 4 775500 2
1 2 2 0 775500 2
1 2 2 9 775500 2
1 2 0 4 775500 2
1 2 5 9 776000 2
1 2 14 3 776000 2
1 2 14 1 776000 2
1 2 13 5 776000 2
1 2 13 4 776000 2
1 2 12 6 776000 2
1 2 10 7 776000 2
1 2 8 1 776000 2
1 2 7 8 776000 2
1 2 7 3 776000 2
1 2 6 4 776000 2
1 2 6 8 776000 2
1 2 6 9 776000 2
1 2 5 9 776000 2
1 2 4 1 776000 2
1 2 4 2 776000 2
1 2 2 1 776000 2
1 2 0 9 776000 2
1 2 0 8 776000 2
1 2 7 7 776500 2
1 2 7 9 776500 2
1 2 9 2 776500 2
1 2 9 7 776500 2
1 2 10 9 776500 2
1 2 11 4 776500 2
1 2 12 7 776500 2
1 2 13 7 776500 2
1 2 14 1 776500 2
1 2 15 0 776500 2
1 2 1 7 776500 2
1 2 6 2 776500 2
1 2 6 2 776500 2
1 2 1 9 776500 2
1 2 2 9 776500 2
1 2 3 8 776500 2
1 2 3 4 776500 2
1 2 3 4 776500 2
1 2 4 2 776500 2
1 2 4 9 776500 2
1 2 5 3 776500 2
1 2 5 6 776500 2
1 2 9 2 777000 2
1 2 9 5 777000 2
1 2 9 6 777000 2
1 2 11 3 777000 2
1 2 12 6 777000 2
1 2 12 4 777000 2
1 2 12 6 777000 2
1 2 13 8 777000 2
1 2 13 8 777000 2
1 2 14 1 777000 2
1 2 14 3 777000 2
1 2 14 0 777000 2
1 2 1 7 777000 2
1 2 15 3 777000 2
1 2 7 2 777000 2
1 2 8 7 777000 2
1 2 0 2 777000 2
1 2 2 7 777000 2
1 2 3 0 777000 2
1 2 4 7 777000 2
1 2 4 3 777000 2
1 2 5 9 777000 2
1 2 5 2 777000 2
1 2 6 8 777000 2
1 2 6 4 777000 2
1 2 7 7 777000 2
1 2 7 7 777000 2
1 2 5 7 777000 2
1 2 6 9 777500 2
1 2 6 3 777500 2
1 2 8 9 777500 2
1 2 5 6 777500 2
1 2 8 1 777500 2
1 2 9 0 777500 2
1 2 10 1 777500 2
1 2 10 6 777500 2
1 2 11 4 777500 2
1 2 12 8 777500 2
1 2 14 7 777500 2
1 2 15 2 777500 2
1 2 15 7 777500 2
1 2 5 2 777500 2
1 2 0 9 777500 2
1 2 0 1 777500 2
1 2 1 2 777500 2
1 2 2 0 777500 2
1 2 2 9 777500 2
1 2 2 9 777500 2
1 2 4 9 777500 2
1 2 4 2 777500 2
1 2 4 0 777500 2
1 2 5 4 777500 2
1 2 5 0 777500 2
1 2 6 2 777500 2
1 2 8 9 778000 2
1 2 8 7 778000 2
1 2 10 3 778000 2
1 2 11 3 778000 2
1 2 11 8 778000 2
1 2 6 8 778000 2
1 2 11 6 778000 2
1 2 12 4 778000 2
1 2 13 3 778000 2
1 2 14 4 778000 2
1 2 14 2 778000 2
1 2 15 2 778000 2
1 2 12 9 778000 2
1 2 5 7 778000 2
1 2 5 3 778000 2
1 2 0 9 778000 2
1 2 0 9 778000 2
1 2 0 7 778000 2
1 2 0 8 778000 2
1 2 1 7 778000 2
1 2 2 9 778000 2
1 2 3 4 778000 2
1 2 3 8 778000 2
1 2 3 8 778000 2
1 2 4 7 778000 2
1 2 4 4 778000 2
1 2 2 7 778000 2
1 2 9 0 778500 2
1 2 10 1 778500 2
1 2 12 6 778500 2
1 2 12 4 778500 2
1 2 13 0 778500 2
1 2 13 6 778500 2
1 2 13 7 778500 2
1 2 13 9 778500 2
1 2 14 9 778500 2
1 2 14 2 778500 2
1 2 8 9 778500 2
1 2 5 3 778500 2
1 2 5 3 778500 2
1 2 5 6 778500 2
1 2 5 3 778500 2
1 2 3 1 778500 2
1 2 2 3 778500 2
1 2 1 9 778500 2
1 2 1 9 778500 2
1 2 0 8 778500 2
1 2 0 1 778500 2
1 2 8 8 778500 2
1 2 12 6 779000 2
1 2 15 2 779000 2
1 2 12 2 779000 2
1 2 11 3 779000 2
1 2 11 1 779000 2
1 2 10 0 779000 2
1 2 10 0 779000 2
1 2 12 7 779000 2
1 2 13 8 779000 2
1 2 13 8 779000 2
1 2 14 5 779000 2
1 2 15 2 779000 2
1 2 2 4 779000 2
1 2 8 7 779000 2
1 2 3 7 779000 2
1 2 3 2 779000 2
1 2 4 2 779000 2
1 2 5 5 779000 2
1 2 5 2 779000 2
1 2 5 9 779000 2
1 2 6 1 779000 2
1 2 6 1 779000 2
1 2 7 2 779000 2
1 2 7 7 779000 2
1 2 8 8 779000 2
1 2 6 2 779000 2
1 2 6 3 779500 2
1 2 8 7 779500 2
1 2 10 8 779500 2
1 2 10 9 779500 2
1 2 11 3 779500 2
1 2 11 7 779500 2
1 2 13 2 779500 2
1 2 13 6 779500 2
1 2 13 7 779500 2
1 2 15 6 779500 2
1 2 0 6 779500 2
1 2 6 1 779500 2
1 2 6 7 779500 2
1 2 0 5 779500 2
1 2 0 9 779500 2
1 2 0 2 779500 2
1 2 0 2 779500 2
1 2 1 9 779500 2
1 2 4 5 779500 2
1 2 4 9 779500 2
1 2 5 6 779500 2
1 2 15 2 780000 2
1 2 13 2 780000 2
1 2 13 0 780000 2
1 2 12 6 780000 2
1 2 11 4 780000 2
1 2 11 3 780000 2
1 2 10 3 780000 2
1 2 7 3 780000 2
1 2 7 7 780000 2
1 2 6 3 780000 2
1 2 0 4 780000 2
1 2 6 1 780000 2
1 2 0 6 780000 2
1 2 0 2 780000 2
1 2 0 8 780000 2
1 2 2 8 780000 2
1 2 2 7 780000 2
1 2 3 7 780000 2
1 2 4 6 780000 2
1 2 5 7 780000 2
1 2 7 2 780500 2
1 2 15 3 780500 2
1 2 15 2 780500 2
1 2 15 2 780500 2
1 2 13 3 780500 2
1 2 11 6 780500 2
1 2 10 6 780500 2
1 2 10 9 780500 2
1 2 6 7 780500 2
1 2 5 7 780500 2
1 2 5 9 780500 2
1 2 4 3 780500 2
1 2 2 9 780500 2
1 2 1 7 780500 2
1 2 0 7 780500 2
1 2 0 7 780500 2
1 2 7 5 780500 2
1 2 8 2 781000 2
1 2 9 6 781000 2
1 2 10 4 781000 2
1 2 12 9 781000 2
1 2 12 4 781000 2
1 2 12 6 781000 2
1 2 13 3 781000 2
1 2 14 4 781000 2
1 2 14 1 781000 2
1 2 14 7 781000 2
1 2 1 1 781000 2
1 2 6 1 781000 2
1 2 8 9 781000 2
1 2 0 1 781000 2
1 2 0 4 781000 2
1 2 1 7 781000 2
1 2 2 7 781000 2
1 2 3 4 781000 2
1 2 4 8 781000 2
1 2 5 3 781000 2
1 2 5 7 781000 2
1 2 8 7 781500 2
1 2 8 5 781500 2
1 2 9 2 781500 2
1 2 10 5 781500 2
1 2 10 9 781500 2
1 2 10 6 781500 2
1 2 11 7 781500 2
1 2 11 7 781500 2
1 2 12 4 781500 2
1 2 12 2 781500 2
1 2 13 8 781500 2
1 2 14 0 781500 2
1 2 15 2 781500 2
1 2 15 6 781500 2
1 2 15 6 781500 2
1 2 7 9 781500 2
1 2 0 7 781500 2
1 2 0 3 781500 2
1 2 2 5 781500 2
1 2 2 4 781500 2
1 2 3 7 781500 2
1 2 3 7 781500 2
1 2 4 3 781500 2
1 2 4 9 781500 2
1 2 5 9 781500 2
1 2 5 6 781500 2
1 2 6 2 781500 2
1 2 6 3 781500 2
1 2 7 9 781500 2
1 2 7 4 781500 2
1 2 6 8 782000 2
1 2 5 6 782000 2
1 2 7 9 782000 2
1 2 8 0 782000 2
1 2 8 3 782000 2
1 2 11 1 782000 2
1 2 11 7 782000 2
1 2 12 1 782000 2
1 2 12 6 782000 2
1 2 13 8 782000 2
1 2 15 6 782000 2
1 2 15 5 782000 2
1 2 6 3 782000 2
1 2 5 8 782000 2
1 2 5 0 782000 2
1 2 0 4 782000 2
1 2 0 5 782000 2
1 2 0 1 782000 2
1 2 1 7 782000 2
1 2 2 2 782000 2
1 2 2 2 782000 2
1 2 2 5 782000 2
1 2 2 3 782000 2
1 2 3 4 782000 2
1 2 4 2 782000 2
1 2 5 3 782000 2
1 2 5 5 782000 2
1 2 4 3 782500 2
1 2 13 0 782500 2
1 2 12 7 782500 2
1 2 8 8 782500 2
1 2 7 4 782500 2
1 2 6 4 782500 2
1 2 4 5 782500 2
1 2 3 5 782500 2
1 2 3 6 782500 2
1 2 1 2 782500 2
1 2 5 6 782500 2
1 2 0 2 782500 2
1 2 13 4 783000 2
1 2 6 8 783000 2
1 2 6 0 783000 2
1 2 6 3 783000 2
1 2 8 9 783000 2
1 2 9 1 783000 2
1 2 10 8 783000 2
1 2 11 4 783000 2
1 2 12 2 783000 2
1 2 13 5 783000 2
1 2 14 3 783000 2
1 2 15 7 783000 2
1 2 2 8 783000 2
1 2 5 5 783000 2
1 2 0 2 783000 2
1 2 1 9 783000 2
1 2 1 7 783000 2
1 2 2 9 783000 2
1 2 2 0 783000 2
1 2 3 4 783000 2
1 2 3 7 783000 2
1 2 4 4 783000 2
1 2 4 2 783000 2
1 2 4 1 783000 2
1 2 5 8 783000 2
1 2 2 5 783500 2
1 2 15 2 783500 2
1 2 15 2 783500 2
1 2 12 7 783500 2
1 2 12 2 783500 2
1 2 11 4 783500 2
1 2 11 7 783500 2
1 2 10 2 783500 2
1 2 9 9 783500 2
1 2 6 9 783500 2
1 2 6 2 783500 2
1 2 5 2 783500 2
1 2 2 0 783500 2
1 2 2 2 783500 2
1 2 0 2 783500 2
1 2 1 9 783500 2
1 2 7 0 783500 2
1 2 6 8 784000 2
1 2 6 3 784000 2
1 2 7 7 784000 2
1 2 7 9 784000 2
1 2 7 1 784000 2
1 2 8 1 784000 2
1 2 11 3 784000 2
1 2 12 2 784000 2
1 2 13 3 784000 2
1 2 14 2 784000 2
1 2 14 4 784000 2
1 2 15 1 784000 2
1 2 15 2 784000 2
1 2 15 7 784000 2
1 2 15 8 784000 2
1 2 15 8 784000 2
1 2 6 5 784000 2
1 2 0 1 784000 2
1 2 1 0 784000 2
1 2 1 3 784000 2
1 2 1 2 784000 2
1 2 2 6 784000 2
1 2 3 4 784000 2
1 2 4 5 784000 2
1 2 4 3 784000 2
1 2 4 3 784000 2
1 2 4 0 784000 2
1 2 5 9 784000 2
1 2 5 1 784000 2
1 2 5 1 784000 2
1 2 6 4 784000 2
1 2 6 1 784000 2
1 2 7 9 784500 2
1 2 8 7 784500 2
1 2 11 8 784500 2
1 2 12 7 784500 2
1 2 12 6 784500 2
1 2 13 7 784500 2
1 2 13 6 784500 2
1 2 13 2 784500 2
1 2 14 5 784500 2
1 2 15 2 784500 2
1 2 15 8 784500 2
1 2 6 7 784500 2
1 2 7 3 784500 2
1 2 2 7 784500 2
1 2 3 6 784500 2
1 2 3 6 784500 2
1 2 4 7 784500 2
1 2 4 2 784500 2
1 2 4 1 784500 2
1 2 4 0 784500 2
1 2 5 6 784500 2
1 2 6 8 784500 2
1 2 6 8 785000 2
1 2 15 1 785000 2
1 2 14 4 785000 2
1 2 13 8 785000 2
1 2 12 8 785000 2
1 2 12 8 785000 2
1 2 11 3 785000 2
1 2 11 9 785000 2
1 2 11 8 785000 2
1 2 9 1 785000 2
1 2 9 9 785000 2
1 2 7 5 785000 2
1 2 6 0 785000 2
1 2 6 5 785000 2
1 2 5 0 785000 2
1 2 4 6 785000 2
1 2 4 0 785000 2
1 2 3 0 785000 2
1 2 2 6 785000 2
1 2 10 0 785500 2
1 2 15 6 785500 2
1 2 15 8 785500 2
1 2 14 8 785500 2
1 2 14 4 785500 2
1 2 13 1 785500 2
1 2 11 4 785500 2
1 2 8 2 785500 2
1 2 7 2 785500 2
1 2 6 5 785500 2
1 2 4 6 785500 2
1 2 4 3 785500 2
1 2 10 5 785500 2
1 2 10 4 786000 2
1 2 15 9 786000 2
1 2 14 8 786000 2
1 2 13 2 786000 2
1 2 13 8 786000 2
1 2 12 6 786000 2
1 2 12 8 786000 2
1 2 11 1 786000 2
1 2 10 3 786000 2
1 2 10 9 786000 2
1 2 3 1 786000 2
1 2 3 2 786000 2
1 2 4 9 786000 2
1 2 6 6 786000 2
1 2 6 7 786000 2
1 2 7 3 786000 2
1 2 9 4 786000 2
1 2 9 5 786000 2
1 2 10 5 786000 2
1 2 14 0 786500 2
1 2 14 9 786500 2
1 2 3 8 786500 2
1 2 14 5 786500 2
1 2 12 8 786500 2
1 2 11 1 786500 2
1 2 11 0 786500 2
1 2 10 7 786500 2
1 2 9 0 786500 2
1 2 9 3 786500 2
1 2 8 0 786500 2
1 2 8 4 786500 2
1 2 6 4 786500 2
1 2 4 6 786500 2
1 2 1 3 786500 2
1 2 0 4 786500 2
1 2 9 0 786500 2
1 2 10 6 787000 2
1 2 15 7 787000 2
1 2 15 4 787000 2
1 2 15 2 787000 2
1 2 14 1 787000 2
1 2 10 5 787000 2
1 2 9 6 787000 2
1 2 10 0 787000 2
1 2 5 0 787000 2
1 2 4 0 787000 2
1 2 4 7 787000 2
1 2 4 6 787000 2
1 2 0 3 787000 2
1 2 9 1 787500 2
1 2 10 6 787500 2
1 2 10 3 787500 2
1 2 12 8 787500 2
1 2 12 9 787500 2
1 2 12 4 787500 2
1 2 14 2 787500 2
1 2 14 2 787500 2
1 2 15 5 787500 2
1 2 15 4 787500 2
1 2 4 6 787500 2
1 2 7 2 787500 2
1 2 0 3 787500 2
1 2 2 5 787500 2
1 2 2 4 787500 2
1 2 3 6 787500 2
1 2 4 4 787500 2
1 2 4 3 787500 2
1 2 4 6 787500 2
1 2 5 2 787500 2
1 2 6 1 787500 2
1 2 8 0 787500 2
1 2 13 8 788000 2
1 2 15 0 788000 2
1 2 14 2 788000 2
1 2 12 6 788000 2
1 2 11 5 788000 2
1 2 10 1 788000 2
1 2 9 6 788000 2
1 2 5 8 788000 2
1 2 5 7 788000 2
1 2 0 8 788000 2
1 2 1 0 788000 2
1 2 2 2 788000 2
1 2 2 5 788000 2
1 2 4 2 788000 2
1 2 15 6 788500 2
1 2 14 9 788500 2
1 2 13 0 788500 2
1 2 12 8 788500 2
1 2 12 6 788500 2
1 2 12 6 788500 2
1 2 11 0 788500 2
1 2 11 0 788500 2
1 2 10 6 788500 2
1 2 10 8 788500 2
1 2 9 1 788500 2
1 2 9 6 788500 2
1 2 8 6 788500 2
1 2 8 2 788500 2
1 2 1 8 788500 2
1 2 2 4 788500 2
1 2 2 0 788500 2
1 2 3 2 788500 2
1 2 3 4 788500 2
1 2 4 1 788500 2
1 2 4 9 788500 2
1 2 4 5 788500 2
1 2 5 2 788500 2
1 2 6 3 788500 2
1 2 7 5 788500 2
1 2 15 3 789000 2
1 2 15 8 789000 2
1 2 15 2 789000 2
1 2 15 8 789000 2
1 2 14 7 789000 2
1 2 13 5 789000 2
1 2 11 7 789000 2
1 2 13 8 789000 2
1 2 12 4 789000 2
1 2 11 0 789000 2
1 2 10 7 789000 2
1 2 8 7 789000 2
1 2 6 1 789000 2
1 2 4 6 789000 2
1 2 3 3 789000 2
1 2 13 3 789000 2
1 2 9 4 789500 2
1 2 11 0 789500 2
1 2 11 1 789500 2
1 2 11 7 789500 2
1 2 12 6 789500 2
1 2 13 8 789500 2
1 2 13 5 789500 2
1 2 14 9 789500 2
1 2 15 0 789500 2
1 2 15 8 789500 2
1 2 8 1 789500 2
1 2 9 6 789500 2
1 2 2 6 789500 2
1 2 2 2 789500 2
1 2 3 7 789500 2
1 2 3 3 789500 2
1 2 4 9 789500 2
1 2 4 8 789500 2
1 2 4 0 789500 2
1 2 7 2 789500 2
1 2 8 7 789500 2
1 2 13 6 790000 2
1 2 15 3 790000 2
1 2 15 5 790000 2
1 2 15 0 790000 2
1 2 13 5 790000 2
1 2 12 4 790000 2
1 2 11 5 790000 2
1 2 9 7 790000 2
1 2 9 3 790000 2
1 2 5 1 790000 2
1 2 4 8 790000 2
1 2 2 5 790000 2
1 2 2 9 790000 2
1 2 0 7 790000 2
1 2 2 5 790000 2
1 2 2 8 790000 2
1 2 1 5 790000 2
1 2 0 8 790000 2
1 2 8 9 790000 2
1 2 4 8 790500 2
1 2 15 1 790500 2
1 2 12 6 790500 2
1 2 10 3 790500 2
1 2 10 8 790500 2
1 2 7 9 790500 2
1 2 4 1 790500 2
1 2 4 4 790500 2
1 2 3 4 790500 2
1 2 1 3 790500 2
1 2 0 3 790500 2
1 2 15 0 791000 2
1 2 15 7 791000 2
1 2 15 5 791000 2
1 2 13 5 791000 2
1 2 13 4 791000 2
1 2 13 6 791000 2
1 2 12 8 791000 2
1 2 11 4 791000 2
1 2 11 8 791000 2
1 2 11 1 791000 2
1 2 9 6 791000 2
1 2 10 5 791000 2
1 2 2 5 791000 2
1 2 3 6 791000 2
1 2 0 4 791000 2
1 2 4 6 791000 2
1 2 7 2 791000 2
1 2 8 5 791000 2
1 2 9 0 791000 2
1 2 9 6 791000 2
1 2 4 7 791000 2
1 2 8 0 791500 2
1 2 10 0 791500 2
1 2 10 6 791500 2
1 2 11 7 791500 2
1 2 11 0 791500 2
1 2 11 2 791500 2
1 2 13 4 791500 2
1 2 14 0 791500 2
1 2 14 0 791500 2
1 2 14 0 791500 2
1 2 15 8 791500 2
1 2 15 9 791500 2
1 2 0 6 791500 2
1 2 8 9 791500 2
1 2 0 5 791500 2
1 2 2 5 791500 2
1 2 3 7 791500 2
1 2 3 2 791500 2
1 2 3 1 791500 2
1 2 7 1 791500 2
1 2 4 2 791500 2
1 2 4 8 791500 2
1 2 4 1 791500 2
1 2 3 4 791500 2
1 2 8 3 792000 2
1 2 15 6 792000 2
1 2 15 0 792000 2
1 2 14 0 792000 2
1 2 13 0 792000 2
1 2 12 4 792000 2
1 2 10 6 792000 2
1 2 10 5 792000 2
1 2 9 5 792000 2
1 2 9 6 792000 2
1 2 9 0 792000 2
1 2 8 7 792000 2
1 2 8 1 792000 2
1 2 7 4 792000 2
1 2 7 0 792000 2
1 2 5 2 792000 2
1 2 5 5 792000 2
1 2 4 3 792000 2
1 2 4 0 792000 2
1 2 4 3 792000 2
1 2 3 9 792000 2
1 2 9 6 792000 2
1 2 8 7 792500 2
1 2 8 9 792500 2
1 2 9 6 792500 2
1 2 9 3 792500 2
1 2 10 5 792500 2
1 2 11 9 792500 2
1 2 11 7 792500 2
1 2 12 9 792500 2
1 2 12 4 792500 2
1 2 15 4 792500 2
1 2 11 1 792500 2
1 2 5 7 792500 2
1 2 6 3 792500 2
1 2 1 7 792500 2
1 2 1 2 792500 2
1 2 2 9 792500 2
1 2 2 6 792500 2
1 2 3 8 792500 2
1 2 3 4 792500 2
1 2 3 7 792500 2
1 2 4 8 792500 2
1 2 4 6 792500 2
1 2 0 6 792500 2
1 2 7 0 793000 2
1 2 14 1 793000 2
1 2 13 2 793000 2
1 2 13 8 793000 2
1 2 11 4 793000 2
1 2 8 9 793000 2
1 2 8 9 793000 2
1 2 8 7 793000 2
1 2 8 7 793000 2
1 2 7 8 793000 2
1 2 6 3 793000 2
1 2 5 1 793000 2
1 2 0 4 793000 2
1 2 0 8 793000 2
1 2 1 6 793000 2
1 2 1 5 793000 2
1 2 1 1 793000 2
1 2 2 3 793000 2
1 2 3 5 793000 2
1 2 4 1 793000 2
1 2 4 2 793000 2
1 2 5 4 793000 2
1 2 6 8 793000 2
1 2 0 8 793500 2
1 2 15 1 793500 2
1 2 14 0 793500 2
1 2 14 9 793500 2
1 2 12 6 793500 2
1 2 12 6 793500 2
1 2 11 4 793500 2
1 2 11 9 793500 2
1 2 10 9 793500 2
1 2 10 5 793500 2
1 2 9 2 793500 2
1 2 7 7 793500 2
1 2 6 9 793500 2
1 2 6 8 793500 2
1 2 5 3 793500 2
1 2 4 4 793500 2
1 2 3 7 793500 2
1 2 2 2 793500 2
1 2 2 9 793500 2
1 2 0 8 793500 2
1 2 8 6 793500 2
1 2 8 2 794000 2
1 2 9 5 794000 2
1 2 11 3 794000 2
1 2 11 7 794000 2
1 2 12 2 794000 2
1 2 12 2 794000 2
1 2 12 6 794000 2
1 2 13 2 794000 2
1 2 14 7 794000 2
1 2 15 2 794000 2
1 2 7 3 794000 2
1 2 8 2 794000 2
1 2 0 8 794000 2
1 2 2 9 794000 2
1 2 4 2 794000 2
1 2 4 7 794000 2
1 2 5 6 794000 2
1 2 5 3 794000 2
1 2 7 3 794000 2
1 2 7 7 794000 2
1 2 10 2 794500 2
1 2 15 1 794500 2
1 2 15 6 794500 2
1 2 14 3 794500 2
1 2 13 9 794500 2
1 2 13 8 794500 2
1 2 13 5 794500 2
1 2 12 1 794500 2
1 2 11 0 794500 2
1 2 9 3 794500 2
1 2 7 4 794500 2
1 2 6 7 794500 2
1 2 4 2 794500 2
1 2 4 8 794500 2
1 2 4 7 794500 2
1 2 3 8 794500 2
1 2 3 4 794500 2
1 2 2 8 794500 2
1 2 7 9 794500 2
1 2 1 7 794500 2
1 2 14 1 795000 2
1 2 7 5 795000 2
1 2 7 9 795000 2
1 2 7 3 795000 2
1 2 8 6 795000 2
1 2 10 5 795000 2
1 2 11 8 795000 2
1 2 11 4 795000 2
1 2 13 0 795000 2
1 2 14 0 795000 2
1 2 15 1 795000 2
1 2 0 1 795000 2
1 2 6 3 795000 2
1 2 0 8 795000 2
1 2 0 2 795000 2
1 2 1 6 795000 2
1 2 2 9 795000 2
1 2 2 6 795000 2
1 2 2 9 795000 2
1 2 4 2 795000 2
1 2 5 9 795000 2
1 2 5 1 795000 2
1 2 7 2 795000 2
1 2 2 8 795000 2
1 2 7 9 795500 2
1 2 8 7 795500 2
1 2 9 7 795500 2
1 2 5 0 795500 2
1 2 10 4 795500 2
1 2 10 9 795500 2
1 2 10 9 795500 2
1 2 10 8 795500 2
1 2 11 4 795500 2
1 2 13 2 795500 2
1 2 15 4 795500 2
1 2 7 9 795500 2
1 2 7 7 795500 2
1 2 2 6 795500 2
1 2 2 7 795500 2
1 2 3 8 795500 2
1 2 3 7 795500 2
1 2 4 7 795500 2
1 2 5 9 795500 2
1 2 5 9 795500 2
1 2 6 9 795500 2
1 2 10 5 796000 2
1 2 15 1 796000 2
1 2 10 9 796000 2
1 2 10 5 796000 2
1 2 11 4 796000 2
1 2 11 1 796000 2
1 2 11 9 796000 2
1 2 12 6 796000 2
1 2 13 2 796000 2
1 2 14 5 796000 2
1 2 15 8 796000 2
1 2 15 9 796000 2
1 2 15 1 796000 2
1 2 15 1 796000 2
1 2 8 7 796000 2
1 2 9 4 796000 2
1 2 0 3 796000 2
1 2 2 6 796000 2
1 2 2 7 796000 2
1 2 0 9 796000 2
1 2 2 9 796000 2
1 2 4 7 796000 2
1 2 5 5 796000 2
1 2 5 5 796000 2
1 2 5 1 796000 2
1 2 7 7 796000 2
1 2 7 8 796000 2
1 2 8 2 796000 2
1 2 4 5 796000 2
1 2 6 5 796500 2
1 2 6 9 796500 2
1 2 4 2 796500 2
1 2 6 7 796500 2
1 2 7 5 796500 2
1 2 8 8 796500 2
1 2 10 6 796500 2
1 2 11 6 796500 2
1 2 12 2 796500 2
1 2 14 9 796500 2
1 2 14 0 796500 2
1 2 5 9 796500 2
1 2 4 2 796500 2
1 2 4 0 796500 2
1 2 3 7 796500 2
1 2 2 7 796500 2
1 2 2 6 796500 2
1 2 1 6 796500 2
1 2 1 0 796500 2
1 2 0 3 796500 2
1 2 5 7 796500 2
1 2 8 4 797000 2
1 2 10 3 797000 2
1 2 11 0 797000 2
1 2 11 7 797000 2
1 2 12 1 797000 2
1 2 13 9 797000 2
1 2 14 9 797000 2
1 2 15 4 797000 2
1 2 15 3 797000 2
1 2 4 5 797000 2
1 2 7 9 797000 2
1 2 8 7 797000 2
1 2 1 5 797000 2
1 2 3 5 797000 2
1 2 1 2 797000 2
1 2 4 3 797000 2
1 2 4 0 797000 2
1 2 5 3 797000 2
1 2 5 0 797000 2
1 2 6 3 797000 2
1 2 9 2 797500 2
1 2 7 0 797500 2
1 2 10 5 797500 2
1 2 10 9 797500 2
1 2 10 5 797500 2
1 2 10 6 797500 2
1 2 11 6 797500 2
1 2 11 4 797500 2
1 2 11 5 797500 2
1 2 12 4 797500 2
1 2 12 9 797500 2
1 2 12 5 797500 2
1 2 13 2 797500 2
1 2 14 2 797500 2
1 2 15 2 797500 2
1 2 15 5 797500 2
1 2 15 4 797500 2
1 2 6 7 797500 2
1 2 0 5 797500 2
1 2 0 3 797500 2
1 2 1 4 797500 2
1 2 2 0 797500 2
1 2 2 2 797500 2
1 2 3 8 797500 2
1 2 3 5 797500 2
1 2 4 7 797500 2
1 2 4 0 797500 2
1 2 5 3 797500 2
1 2 5 9 797500 2
1 2 5 2 797500 2
1 2 5 4 797500 2
1 2 6 8 797500 2
1 2 7 0 797500 2
1 2 4 8 797500 2
1 2 6 8 798000 2
1 2 6 9 798000 2
1 2 7 5 798000 2
1 2 8 0 798000 2
1 2 9 2 798000 2
1 2 3 9 798000 2
1 2 9 3 798000 2
1 2 10 9 798000 2
1 2 10 1 798000 2
1 2 11 0 798000 2
1 2 11 7 798000 2
1 2 13 9 798000 2
1 2 15 2 798000 2
1 2 5 9 798000 2
1 2 6 6 798000 2
1 2 0 8 798000 2
1 2 0 2 798000 2
1 2 0 8 798000 2
1 2 1 4 798000 2
1 2 1 9 798000 2
1 2 2 3 798000 2
1 2 3 4 798000 2
1 2 3 4 798000 2
1 2 3 7 798000 2
1 2 5 3 798000 2
1 2 5 8 798000 2
1 2 10 8 798500 2
1 2 8 3 798500 2
1 2 10 9 798500 2
1 2 11 9 798500 2
1 2 11 1 798500 2
1 2 11 4 798500 2
1 2 11 9 798500 2
1 2 11 7 798500 2
1 2 12 3 798500 2
1 2 13 4 798500 2
1 2 13 5 798500 2
1 2 14 0 798500 2
1 2 15 4 798500 2
1 2 15 6 798500 2
1 2 15 2 798500 2
1 2 15 2 798500 2
1 2 9 3 798500 2
1 2 0 8 798500 2
1 2 1 9 798500 2
1 2 2 2 798500 2
1 2 2 0 798500 2
1 2 2 9 798500 2
1 2 3 4 798500 2
1 2 4 2 798500 2
1 2 5 9 798500 2
1 2 5 9 798500 2
1 2 5 3 798500 2
1 2 6 6 798500 2
1 2 6 7 798500 2
1 2 7 4 798500 2
1 2 8 8 798500 2
1 2 8 3 799000 2
1 2 7 4 799000 2
1 2 11 6 799000 2
1 2 12 2 799000 2
1 2 13 6 799000 2
1 2 13 4 799000 2
1 2 13 5 799000 2
1 2 14 8 799000 2
1 2 15 9 799000 2
1 2 10 9 799000 2
1 2 1 9 799000 2
1 2 7 9 799000 2
1 2 0 9 799000 2
1 2 0 3 799000 2
1 2 3 4 799000 2
1 2 3 7 799000 2
1 2 4 8 799000 2
1 2 6 8 799000 2
1 2 6 7 799000 2
1 2 6 0 799000 2
1 2 7 5 799000 2
1 2 8 7 799500 2
1 2 11 9 799500 2
1 2 9 1 799500 2
1 2 9 7 799500 2
1 2 10 7 799500 2
1 2 10 8 799500 2
1 2 11 8 799500 2
1 2 12 9 799500 2
1 2 12 8 799500 2
1 2 12 8 799500 2
1 2 13 7 799500 2
1 2 14 2 799500 2
1 2 15 6 799500 2
1 2 7 9 799500 2
1 2 8 9 799500 2
1 2 0 4 799500 2
1 2 1 6 799500 2
1 2 2 8 799500 2
1 2 2 2 799500 2
1 2 3 3 799500 2
1 2 3 8 799500 2
1 2 4 3 799500 2
1 2 4 6 799500 2
1 2 5 8 799500 2
1 2 5 8 799500 2
1 2 7 8 799500 2
1 2 3 4 799500 2
1 2 7 4 800000 2
1 2 8 6 800000 2
1 2 8 3 800000 2
1 2 10 9 800000 2
1 2 10 3 800000 2
1 2 11 9 800000 2
1 2 11 1 800000 2
1 2 11 9 800000 2
1 2 11 3 800000 2
1 2 11 4 800000 2
1 2 12 8 800000 2
1 2 7 5 800000 2
1 2 6 2 800000 2
1 2 5 9 800000 2
1 2 5 8 800000 2
1 2 5 8 800000 2
1 2 4 0 800000 2
1 2 4 8 800000 2
1 2 4 2 800000 2
1 2 3 4 800000 2
1 2 3 7 800000 2
1 2 0 1 800000 2
1 2 0 9 800000 2
