1 2 0 8 500 2
1 2 0 3 500 2
1 2 15 9 500 2
1 2 15 7 500 2
1 2 15 0 500 2
1 2 14 8 500 2
1 2 11 7 500 2
1 2 11 8 500 2
1 2 11 9 500 2
1 2 9 2 500 2
1 2 9 2 500 2
1 2 8 7 500 2
1 2 7 2 500 2
1 2 8 6 500 2
1 2 3 8 500 2
1 2 4 1 500 2
1 2 4 2 500 2
1 2 5 9 500 2
1 2 5 3 500 2
1 2 5 9 500 2
1 2 6 8 500 2
1 2 6 0 500 2
1 2 7 8 500 2
1 2 6 0 1000 2
1 2 7 6 1000 2
1 2 7 2 1000 2
1 2 8 7 1000 2
1 2 8 2 1000 2
1 2 9 2 1000 2
1 2 10 9 1000 2
1 2 10 9 1000 2
1 2 10 9 1000 2
1 2 11 9 1000 2
1 2 12 5 1000 2
1 2 12 5 1000 2
1 2 13 0 1000 2
1 2 14 5 1000 2
1 2 14 1 1000 2
1 2 15 9 1000 2
1 2 4 7 1000 2
1 2 6 8 1000 2
1 2 0 3 1000 2
1 2 0 5 1000 2
1 2 0 5 1000 2
1 2 1 0 1000 2
1 2 1 2 1000 2
1 2 2 8 1000 2
1 2 2 3 1000 2
1 2 2 6 1000 2
1 2 3 7 1000 2
1 2 4 9 1000 2
1 2 3 7 1000 2
1 2 4 0 1000 2
1 2 5 7 1000 2
1 2 6 3 1000 2
1 2 6 7 1000 2
1 2 7 7 1500 2
1 2 8 7 1500 2
1 2 8 6 1500 2
1 2 9 1 1500 2
1 2 10 9 1500 2
1 2 10 3 1500 2
1 2 11 2 1500 2
1 2 12 5 1500 2
1 2 13 4 1500 2
1 2 15 0 1500 2
1 2 15 2 1500 2
1 2 3 9 1500 2
1 2 6 5 1500 2
1 2 7 9 1500 2
1 2 2 0 1500 2
1 2 3 7 1500 2
1 2 1 9 1500 2
1 2 3 4 1500 2
1 2 4 6 1500 2
1 2 5 8 1500 2
1 2 6 2 1500 2
1 2 6 8 1500 2
1 2 4 0 1500 2
1 2 6 8 2000 2
1 2 6 3 2000 2
1 2 6 3 2000 2
1 2 7 5 2000 2
1 2 7 5 2000 2
1 2 7 2 2000 2
1 2 8 7 2000 2
1 2 8 2 2000 2
1 2 9 0 2000 2
1 2 9 6 2000 2
1 2 11 6 2000 2
1 2 13 5 2000 2
1 2 15 2 2000 2
1 2 5 3 2000 2
1 2 0 2 2000 2
1 2 0 5 2000 2
1 2 0 3 2000 2
1 2 0 6 2000 2
1 2 0 8 2000 2
1 2 1 7 2000 2
1 2 2 1 2000 2
1 2 2 9 2000 2
1 2 3 7 2000 2
1 2 4 4 2000 2
1 2 4 4 2000 2
1 2 5 3 2000 2
1 2 2 8 2000 2
1 2 6 2 2500 2
1 2 6 8 2500 2
1 2 6 4 2500 2
1 2 7 5 2500 2
1 2 8 7 2500 2
1 2 10 0 2500 2
1 2 11 0 2500 2
1 2 13 2 2500 2
1 2 13 2 2500 2
1 2 15 7 2500 2
1 2 15 9 2500 2
1 2 3 7 2500 2
1 2 5 8 2500 2
1 2 6 3 2500 2
1 2 0 7 2500 2
1 2 0 7 2500 2
1 2 1 7 2500 2
1 2 2 9 2500 2
1 2 3 8 2500 2
1 2 3 5 2500 2
1 2 0 2 2500 2
1 2 4 2 2500 2
1 2 4 7 2500 2
1 2 4 0 2500 2
1 2 4 8 3000 2
1 2 15 2 3000 2
1 2 13 8 3000 2
1 2 12 2 3000 2
1 2 12 4 3000 2
1 2 11 0 3000 2
1 2 9 5 3000 2
1 2 6 2 3000 2
1 2 4 4 3000 2
1 2 3 5 3000 2
1 2 3 7 3000 2
1 2 3 8 3000 2
1 2 0 7 3000 2
1 2 0 2 3000 2
1 2 0 4 3000 2
1 2 5 3 3000 2
1 2 15 6 3500 2
1 2 10 8 3500 2
1 2 10 9 3500 2
1 2 11 1 3500 2
1 2 11 9 3500 2
1 2 12 4 3500 2
1 2 12 6 3500 2
1 2 13 7 3500 2
1 2 13 5 3500 2
1 2 1 0 3500 2
1 2 9 1 3500 2
1 2 8 1 3500 2
1 2 8 6 3500 2
1 2 6 3 3500 2
1 2 6 2 3500 2
1 2 5 3 3500 2
1 2 5 6 3500 2
1 2 1 7 3500 2
1 2 9 8 3500 2
1 2 0 0 3500 2
1 2 7 5 4000 2
1 2 8 7 4000 2
1 2 8 7 4000 2
1 2 8 0 4000 2
1 2 10 0 4000 2
1 2 11 8 4000 2
1 2 12 3 4000 2
1 2 13 2 4000 2
1 2 14 2 4000 2
1 2 15 0 4000 2
1 2 4 3 4000 2
1 2 5 8 4000 2
1 2 5 8 4000 2
1 2 4 2 4000 2
1 2 4 2 4000 2
1 2 3 7 4000 2
1 2 2 6 4000 2
1 2 2 3 4000 2
1 2 1 7 4000 2
1 2 1 2 4000 2
1 2 6 4 4000 2
1 2 7 1 4500 2
1 2 8 6 4500 2
1 2 9 5 4500 2
1 2 10 4 4500 2
1 2 11 7 4500 2
1 2 11 0 4500 2
1 2 12 0 4500 2
1 2 12 7 4500 2
1 2 13 8 4500 2
1 2 14 7 4500 2
1 2 14 8 4500 2
1 2 15 4 4500 2
1 2 15 6 4500 2
1 2 6 5 4500 2
1 2 0 5 4500 2
1 2 0 6 4500 2
1 2 0 3 4500 2
1 2 0 8 4500 2
1 2 1 7 4500 2
1 2 2 5 4500 2
1 2 3 7 4500 2
1 2 4 2 4500 2
1 2 4 1 4500 2
1 2 5 3 4500 2
1 2 5 6 4500 2
1 2 7 6 4500 2
1 2 3 7 4500 2
1 2 8 7 5000 2
1 2 8 2 5000 2
1 2 8 4 5000 2
1 2 10 0 5000 2
1 2 10 5 5000 2
1 2 11 0 5000 2
1 2 11 0 5000 2
1 2 11 7 5000 2
1 2 12 4 5000 2
1 2 14 0 5000 2
1 2 14 9 5000 2
1 2 15 3 5000 2
1 2 9 0 5000 2
1 2 6 1 5000 2
1 2 6 4 5000 2
1 2 2 8 5000 2
1 2 2 7 5000 2
1 2 3 4 5000 2
1 2 3 7 5000 2
1 2 3 2 5000 2
1 2 4 5 5000 2
1 2 4 2 5000 2
1 2 4 9 5000 2
1 2 5 3 5000 2
1 2 0 2 5000 2
1 2 6 8 5000 2
1 2 8 9 5500 2
1 2 15 6 5500 2
1 2 14 5 5500 2
1 2 13 8 5500 2
1 2 12 3 5500 2
1 2 11 2 5500 2
1 2 10 9 5500 2
1 2 9 2 5500 2
1 2 8 6 5500 2
1 2 7 7 5500 2
1 2 7 8 5500 2
1 2 6 7 5500 2
1 2 5 3 5500 2
1 2 5 3 5500 2
1 2 2 3 5500 2
1 2 1 8 5500 2
1 2 7 4 6000 2
1 2 15 8 6000 2
1 2 8 7 6000 2
1 2 10 9 6000 2
1 2 11 0 6000 2
1 2 11 0 6000 2
1 2 11 7 6000 2
1 2 13 3 6000 2
1 2 13 7 6000 2
1 2 13 5 6000 2
1 2 13 7 6000 2
1 2 14 5 6000 2
1 2 15 0 6000 2
1 2 7 9 6000 2
1 2 7 9 6000 2
1 2 0 5 6000 2
1 2 0 3 6000 2
1 2 0 8 6000 2
1 2 1 0 6000 2
1 2 1 7 6000 2
1 2 3 5 6000 2
1 2 3 5 6000 2
1 2 5 8 6000 2
1 2 6 2 6000 2
1 2 6 8 6000 2
1 2 6 3 6000 2
1 2 6 3 6000 2
1 2 5 8 6500 2
1 2 15 8 6500 2
1 2 14 8 6500 2
1 2 13 2 6500 2
1 2 12 4 6500 2
1 2 11 3 6500 2
1 2 11 8 6500 2
1 2 9 2 6500 2
1 2 6 2 6500 2
1 2 8 7 6500 2
1 2 4 6 6500 2
1 2 4 2 6500 2
1 2 4 2 6500 2
1 2 4 7 6500 2
1 2 0 2 6500 2
1 2 0 8 6500 2
1 2 6 3 7000 2
1 2 6 9 7000 2
1 2 7 3 7000 2
1 2 7 8 7000 2
1 2 8 9 7000 2
1 2 9 8 7000 2
1 2 10 7 7000 2
1 2 11 0 7000 2
1 2 11 2 7000 2
1 2 15 2 7000 2
1 2 2 0 7000 2
1 2 4 9 7000 2
1 2 5 4 7000 2
1 2 0 4 7000 2
1 2 0 9 7000 2
1 2 2 5 7000 2
1 2 3 6 7000 2
1 2 3 3 7000 2
1 2 4 5 7000 2
1 2 4 8 7000 2
1 2 4 2 7000 2
1 2 8 7 7500 2
1 2 8 6 7500 2
1 2 8 8 7500 2
1 2 8 3 7500 2
1 2 9 0 7500 2
1 2 10 2 7500 2
1 2 10 9 7500 2
1 2 11 9 7500 2
1 2 11 9 7500 2
1 2 13 2 7500 2
1 2 14 9 7500 2
1 2 14 2 7500 2
1 2 15 6 7500 2
1 2 15 6 7500 2
1 2 15 6 7500 2
1 2 7 9 7500 2
1 2 8 4 7500 2
1 2 0 6 7500 2
1 2 0 8 7500 2
1 2 2 6 7500 2
1 2 3 4 7500 2
1 2 3 3 7500 2
1 2 4 9 7500 2
1 2 5 2 7500 2
1 2 6 3 7500 2
1 2 6 3 7500 2
1 2 6 3 7500 2
1 2 6 3 7500 2
1 2 6 9 7500 2
1 2 5 9 7500 2
1 2 8 9 8000 2
1 2 8 7 8000 2
1 2 9 1 8000 2
1 2 10 0 8000 2
1 2 10 4 8000 2
1 2 10 5 8000 2
1 2 11 7 8000 2
1 2 11 5 8000 2
1 2 11 7 8000 2
1 2 12 6 8000 2
1 2 14 8 8000 2
1 2 15 7 8000 2
1 2 15 9 8000 2
1 2 14 2 8000 2
1 2 1 7 8000 2
1 2 8 9 8000 2
1 2 0 3 8000 2
1 2 1 7 8000 2
1 2 0 1 8000 2
1 2 2 3 8000 2
1 2 3 4 8000 2
1 2 4 7 8000 2
1 2 7 5 8000 2
1 2 7 8 8000 2
1 2 6 3 8000 2
1 2 5 9 8000 2
1 2 4 0 8000 2
1 2 3 3 8000 2
1 2 8 7 8500 2
1 2 15 0 8500 2
1 2 15 0 8500 2
1 2 15 9 8500 2
1 2 14 7 8500 2
1 2 13 2 8500 2
1 2 11 4 8500 2
1 2 11 1 8500 2
1 2 8 3 8500 2
1 2 8 7 8500 2
1 2 6 2 8500 2
1 2 6 3 8500 2
1 2 0 0 8500 2
1 2 0 2 8500 2
1 2 2 7 8500 2
1 2 4 1 8500 2
1 2 4 6 8500 2
1 2 5 6 8500 2
1 2 6 0 8500 2
1 2 6 8 8500 2
1 2 8 8 9000 2
1 2 8 7 9000 2
1 2 9 7 9000 2
1 2 11 7 9000 2
1 2 11 7 9000 2
1 2 11 0 9000 2
1 2 12 4 9000 2
1 2 12 8 9000 2
1 2 13 5 9000 2
1 2 13 9 9000 2
1 2 15 0 9000 2
1 2 15 2 9000 2
1 2 15 7 9000 2
1 2 15 9 9000 2
1 2 0 7 9000 2
1 2 7 7 9000 2
1 2 8 4 9000 2
1 2 0 3 9000 2
1 2 2 0 9000 2
1 2 2 1 9000 2
1 2 3 4 9000 2
1 2 4 9 9000 2
1 2 4 2 9000 2
1 2 6 2 9000 2
1 2 6 8 9000 2
1 2 6 2 9000 2
1 2 6 8 9000 2
1 2 6 7 9000 2
1 2 7 7 9000 2
1 2 5 8 9000 2
1 2 6 3 9500 2
1 2 6 3 9500 2
1 2 7 0 9500 2
1 2 8 7 9500 2
1 2 8 7 9500 2
1 2 9 5 9500 2
1 2 10 9 9500 2
1 2 10 2 9500 2
1 2 11 0 9500 2
1 2 15 9 9500 2
1 2 15 5 9500 2
1 2 6 0 9500 2
1 2 6 8 9500 2
1 2 5 8 9500 2
1 2 4 0 9500 2
1 2 4 2 9500 2
1 2 4 4 9500 2
1 2 3 7 9500 2
1 2 1 7 9500 2
1 2 0 4 9500 2
1 2 6 8 9500 2
1 2 8 7 10000 2
1 2 9 9 10000 2
1 2 10 2 10000 2
1 2 10 5 10000 2
1 2 10 7 10000 2
1 2 11 7 10000 2
1 2 12 7 10000 2
1 2 12 1 10000 2
1 2 12 8 10000 2
1 2 14 5 10000 2
1 2 14 2 10000 2
1 2 6 0 10000 2
1 2 7 3 10000 2
1 2 8 7 10000 2
1 2 2 2 10000 2
1 2 2 2 10000 2
1 2 3 5 10000 2
1 2 4 5 10000 2
1 2 6 8 10000 2
1 2 6 3 10000 2
1 2 6 5 10000 2
1 2 0 3 10000 2
1 2 4 6 10000 2
1 2 7 0 10500 2
1 2 9 1 10500 2
1 2 8 4 10500 2
1 2 8 3 10500 2
1 2 9 0 10500 2
1 2 10 4 10500 2
1 2 11 3 10500 2
1 2 13 5 10500 2
1 2 13 5 10500 2
1 2 13 7 10500 2
1 2 13 2 10500 2
1 2 14 7 10500 2
1 2 14 8 10500 2
1 2 14 5 10500 2
1 2 15 7 10500 2
1 2 15 2 10500 2
1 2 5 7 10500 2
1 2 0 4 10500 2
1 2 0 3 10500 2
1 2 0 2 10500 2
1 2 1 7 10500 2
1 2 1 7 10500 2
1 2 1 2 10500 2
1 2 2 9 10500 2
1 2 3 7 10500 2
1 2 4 2 10500 2
1 2 4 0 10500 2
1 2 4 8 10500 2
1 2 5 8 10500 2
1 2 4 4 10500 2
1 2 5 3 10500 2
1 2 7 5 10500 2
1 2 8 7 11000 2
1 2 8 7 11000 2
1 2 8 7 11000 2
1 2 9 1 11000 2
1 2 10 9 11000 2
1 2 11 4 11000 2
1 2 11 4 11000 2
1 2 13 9 11000 2
1 2 13 7 11000 2
1 2 15 9 11000 2
1 2 13 2 11000 2
1 2 7 0 11000 2
1 2 7 8 11000 2
1 2 0 6 11000 2
1 2 0 1 11000 2
1 2 2 8 11000 2
1 2 4 3 11000 2
1 2 4 1 11000 2
1 2 4 3 11000 2
1 2 4 8 11000 2
1 2 6 2 11000 2
1 2 6 8 11000 2
1 2 6 7 11000 2
1 2 6 3 11500 2
1 2 15 6 11500 2
1 2 14 0 11500 2
1 2 12 2 11500 2
1 2 12 9 11500 2
1 2 10 7 11500 2
1 2 10 8 11500 2
1 2 8 3 11500 2
1 2 8 7 11500 2
1 2 7 0 11500 2
1 2 6 0 11500 2
1 2 6 4 11500 2
1 2 5 9 11500 2
1 2 4 4 11500 2
1 2 4 8 11500 2
1 2 4 3 11500 2
1 2 4 3 11500 2
1 2 3 8 11500 2
1 2 2 1 11500 2
1 2 1 7 11500 2
1 2 1 2 11500 2
1 2 0 1 11500 2
1 2 6 5 12000 2
1 2 7 5 12000 2
1 2 7 9 12000 2
1 2 8 6 12000 2
1 2 12 0 12000 2
1 2 12 5 12000 2
1 2 13 3 12000 2
1 2 13 7 12000 2
1 2 14 0 12000 2
1 2 15 2 12000 2
1 2 0 5 12000 2
1 2 6 2 12000 2
1 2 6 8 12000 2
1 2 0 5 12000 2
1 2 0 7 12000 2
1 2 0 3 12000 2
1 2 1 0 12000 2
1 2 2 2 12000 2
1 2 4 2 12000 2
1 2 4 0 12000 2
1 2 5 3 12000 2
1 2 5 2 12000 2
1 2 6 3 12500 2
1 2 6 7 12500 2
1 2 7 2 12500 2
1 2 8 6 12500 2
1 2 8 6 12500 2
1 2 8 3 12500 2
1 2 3 4 12500 2
1 2 9 2 12500 2
1 2 10 0 12500 2
1 2 10 3 12500 2
1 2 11 4 12500 2
1 2 13 5 12500 2
1 2 14 9 12500 2
1 2 4 4 12500 2
1 2 6 2 12500 2
1 2 0 1 12500 2
1 2 0 7 12500 2
1 2 0 8 12500 2
1 2 1 7 12500 2
1 2 2 7 12500 2
1 2 3 7 12500 2
1 2 4 5 12500 2
1 2 4 6 12500 2
1 2 4 8 12500 2
1 2 2 3 12500 2
1 2 6 3 13000 2
1 2 6 5 13000 2
1 2 7 5 13000 2
1 2 7 7 13000 2
1 2 8 4 13000 2
1 2 9 5 13000 2
1 2 10 8 13000 2
1 2 14 2 13000 2
1 2 14 7 13000 2
1 2 15 6 13000 2
1 2 15 9 13000 2
1 2 11 0 13000 2
1 2 0 8 13000 2
1 2 5 7 13000 2
1 2 0 1 13000 2
1 2 0 7 13000 2
1 2 1 7 13000 2
1 2 0 4 13000 2
1 2 2 5 13000 2
1 2 2 7 13000 2
1 2 3 4 13000 2
1 2 3 5 13000 2
1 2 4 5 13000 2
1 2 4 2 13000 2
1 2 5 8 13000 2
1 2 9 9 13500 2
1 2 14 8 13500 2
1 2 13 5 13500 2
1 2 13 2 13500 2
1 2 11 7 13500 2
1 2 11 7 13500 2
1 2 10 7 13500 2
1 2 6 7 13500 2
1 2 4 9 13500 2
1 2 4 0 13500 2
1 2 2 9 13500 2
1 2 1 7 13500 2
1 2 0 3 13500 2
1 2 7 2 13500 2
1 2 7 9 14000 2
1 2 7 7 14000 2
1 2 7 9 14000 2
1 2 8 9 14000 2
1 2 9 9 14000 2
1 2 9 5 14000 2
1 2 11 3 14000 2
1 2 11 4 14000 2
1 2 12 5 14000 2
1 2 13 2 14000 2
1 2 14 5 14000 2
1 2 14 3 14000 2
1 2 1 7 14000 2
1 2 15 0 14000 2
1 2 6 4 14000 2
1 2 6 9 14000 2
1 2 0 5 14000 2
1 2 2 7 14000 2
1 2 3 4 14000 2
1 2 4 5 14000 2
1 2 4 0 14000 2
1 2 4 2 14000 2
1 2 4 4 14000 2
1 2 4 6 14000 2
1 2 5 3 14000 2
1 2 5 9 14000 2
1 2 6 3 14000 2
1 2 6 3 14000 2
1 2 15 8 14500 2
1 2 15 6 14500 2
1 2 14 8 14500 2
1 2 12 6 14500 2
1 2 11 7 14500 2
1 2 6 2 14500 2
1 2 10 8 14500 2
1 2 8 9 14500 2
1 2 5 3 14500 2
1 2 4 2 14500 2
1 2 2 7 14500 2
1 2 2 3 14500 2
1 2 0 3 14500 2
1 2 8 7 14500 2
1 2 6 8 15000 2
1 2 7 9 15000 2
1 2 8 6 15000 2
1 2 9 6 15000 2
1 2 11 6 15000 2
1 2 11 0 15000 2
1 2 12 7 15000 2
1 2 13 2 15000 2
1 2 14 0 15000 2
1 2 15 8 15000 2
1 2 15 9 15000 2
1 2 6 3 15000 2
1 2 6 0 15000 2
1 2 0 4 15000 2
1 2 0 6 15000 2
1 2 1 1 15000 2
1 2 2 3 15000 2
1 2 2 3 15000 2
1 2 3 4 15000 2
1 2 4 9 15000 2
1 2 4 3 15000 2
1 2 4 2 15000 2
1 2 5 3 15000 2
1 2 11 7 15500 2
1 2 15 9 15500 2
1 2 15 8 15500 2
1 2 14 0 15500 2
1 2 14 9 15500 2
1 2 12 5 15500 2
1 2 12 2 15500 2
1 2 12 3 15500 2
1 2 11 0 15500 2
1 2 11 2 15500 2
1 2 8 3 15500 2
1 2 6 9 15500 2
1 2 6 8 15500 2
1 2 5 9 15500 2
1 2 2 8 15500 2
1 2 1 6 15500 2
1 2 0 4 15500 2
1 2 9 7 16000 2
1 2 5 5 16000 2
1 2 10 9 16000 2
1 2 10 2 16000 2
1 2 11 7 16000 2
1 2 11 5 16000 2
1 2 11 4 16000 2
1 2 13 5 16000 2
1 2 13 2 16000 2
1 2 13 2 16000 2
1 2 14 7 16000 2
1 2 14 0 16000 2
1 2 7 7 16000 2
1 2 0 2 16000 2
1 2 1 8 16000 2
1 2 4 6 16000 2
1 2 8 9 16000 2
1 2 5 3 16000 2
1 2 6 1 16000 2
1 2 6 8 16000 2
1 2 6 9 16000 2
1 2 7 4 16000 2
1 2 7 3 16000 2
1 2 9 4 16500 2
1 2 10 1 16500 2
1 2 11 6 16500 2
1 2 11 2 16500 2
1 2 12 6 16500 2
1 2 13 2 16500 2
1 2 14 8 16500 2
1 2 14 1 16500 2
1 2 15 5 16500 2
1 2 15 6 16500 2
1 2 15 6 16500 2
1 2 15 3 16500 2
1 2 6 3 16500 2
1 2 7 3 16500 2
1 2 7 3 16500 2
1 2 1 1 16500 2
1 2 2 3 16500 2
1 2 2 6 16500 2
1 2 2 5 16500 2
1 2 3 4 16500 2
1 2 3 6 16500 2
1 2 5 9 16500 2
1 2 6 8 16500 2
1 2 1 0 16500 2
1 2 7 8 16500 2
1 2 8 7 17000 2
1 2 7 8 17000 2
1 2 10 0 17000 2
1 2 10 3 17000 2
1 2 11 4 17000 2
1 2 11 0 17000 2
1 2 12 6 17000 2
1 2 13 2 17000 2
1 2 14 3 17000 2
1 2 14 3 17000 2
1 2 14 2 17000 2
1 2 14 8 17000 2
1 2 14 1 17000 2
1 2 15 0 17000 2
1 2 15 5 17000 2
1 2 15 2 17000 2
1 2 6 8 17000 2
1 2 0 1 17000 2
1 2 1 7 17000 2
1 2 2 6 17000 2
1 2 3 1 17000 2
1 2 3 3 17000 2
1 2 3 0 17000 2
1 2 4 6 17000 2
1 2 4 2 17000 2
1 2 4 5 17000 2
1 2 4 8 17000 2
1 2 5 8 17000 2
1 2 5 5 17000 2
1 2 5 2 17000 2
1 2 7 5 17000 2
1 2 4 7 17000 2
1 2 10 5 17500 2
1 2 11 3 17500 2
1 2 11 8 17500 2
1 2 11 1 17500 2
1 2 12 1 17500 2
1 2 12 6 17500 2
1 2 13 3 17500 2
1 2 13 2 17500 2
1 2 3 2 17500 2
1 2 13 8 17500 2
1 2 14 9 17500 2
1 2 14 6 17500 2
1 2 14 2 17500 2
1 2 15 5 17500 2
1 2 7 3 17500 2
1 2 10 9 17500 2
1 2 0 8 17500 2
1 2 1 3 17500 2
1 2 1 1 17500 2
1 2 3 9 17500 2
1 2 3 0 17500 2
1 2 4 2 17500 2
1 2 4 2 17500 2
1 2 4 0 17500 2
1 2 7 0 17500 2
1 2 7 8 17500 2
1 2 4 2 17500 2
1 2 10 5 18000 2
1 2 11 1 18000 2
1 2 10 1 18000 2
1 2 11 2 18000 2
1 2 12 6 18000 2
1 2 13 3 18000 2
1 2 13 6 18000 2
1 2 14 3 18000 2
1 2 14 9 18000 2
1 2 14 8 18000 2
1 2 15 0 18000 2
1 2 15 6 18000 2
1 2 15 8 18000 2
1 2 15 1 18000 2
1 2 9 6 18000 2
1 2 0 3 18000 2
1 2 0 7 18000 2
1 2 1 8 18000 2
1 2 2 4 18000 2
1 2 3 2 18000 2
1 2 3 8 18000 2
1 2 4 5 18000 2
1 2 7 0 18000 2
1 2 7 1 18000 2
1 2 7 1 18000 2
1 2 9 2 18000 2
1 2 9 5 18000 2
1 2 4 2 18000 2
1 2 7 8 18500 2
1 2 9 0 18500 2
1 2 11 2 18500 2
1 2 11 2 18500 2
1 2 11 3 18500 2
1 2 11 0 18500 2
1 2 11 1 18500 2
1 2 12 6 18500 2
1 2 14 6 18500 2
1 2 14 8 18500 2
1 2 15 6 18500 2
1 2 15 8 18500 2
1 2 15 3 18500 2
1 2 5 4 18500 2
1 2 9 5 18500 2
1 2 0 8 18500 2
1 2 1 8 18500 2
1 2 2 8 18500 2
1 2 2 5 18500 2
1 2 3 2 18500 2
1 2 3 6 18500 2
1 2 3 2 18500 2
1 2 4 2 18500 2
1 2 4 2 18500 2
1 2 4 9 18500 2
1 2 3 6 18500 2
1 2 9 4 19000 2
1 2 9 5 19000 2
1 2 10 5 19000 2
1 2 11 2 19000 2
1 2 11 5 19000 2
1 2 12 6 19000 2
1 2 12 5 19000 2
1 2 13 6 19000 2
1 2 14 3 19000 2
1 2 14 5 19000 2
1 2 14 4 19000 2
1 2 15 8 19000 2
1 2 15 3 19000 2
1 2 7 2 19000 2
1 2 7 5 19000 2
1 2 0 0 19000 2
1 2 1 3 19000 2
1 2 2 1 19000 2
1 2 2 5 19000 2
1 2 3 7 19000 2
1 2 3 0 19000 2
1 2 3 3 19000 2
1 2 3 8 19000 2
1 2 4 6 19000 2
1 2 5 7 19000 2
1 2 5 6 19000 2
1 2 9 4 19500 2
1 2 10 8 19500 2
1 2 11 2 19500 2
1 2 11 0 19500 2
1 2 11 0 19500 2
1 2 12 8 19500 2
1 2 12 3 19500 2
1 2 13 8 19500 2
1 2 13 2 19500 2
1 2 14 2 19500 2
1 2 14 8 19500 2
1 2 15 4 19500 2
1 2 15 3 19500 2
1 2 7 3 19500 2
1 2 7 8 19500 2
1 2 0 3 19500 2
1 2 0 8 19500 2
1 2 1 6 19500 2
1 2 2 5 19500 2
1 2 3 6 19500 2
1 2 4 3 19500 2
1 2 4 5 19500 2
1 2 4 0 19500 2
1 2 5 2 19500 2
1 2 5 2 19500 2
1 2 7 2 19500 2
1 2 9 1 20000 2
1 2 15 3 20000 2
1 2 15 2 20000 2
1 2 15 7 20000 2
1 2 15 0 20000 2
1 2 14 3 20000 2
1 2 12 6 20000 2
1 2 11 0 20000 2
1 2 10 6 20000 2
1 2 10 5 20000 2
1 2 7 5 20000 2
1 2 5 0 20000 2
1 2 5 2 20000 2
1 2 4 1 20000 2
1 2 4 1 20000 2
1 2 3 1 20000 2
1 2 2 2 20000 2
1 2 2 0 20000 2
1 2 1 6 20000 2
1 2 1 8 20000 2
1 2 9 7 20000 2
1 2 11 8 20500 2
1 2 15 8 20500 2
1 2 11 0 20500 2
1 2 10 4 20500 2
1 2 10 5 20500 2
1 2 10 0 20500 2
1 2 9 1 20500 2
1 2 11 1 20500 2
1 2 12 8 20500 2
1 2 13 8 20500 2
1 2 14 0 20500 2
1 2 14 1 20500 2
1 2 15 1 20500 2
1 2 3 3 20500 2
1 2 6 6 20500 2
1 2 0 9 20500 2
1 2 1 8 20500 2
1 2 3 1 20500 2
1 2 4 6 20500 2
1 2 4 2 20500 2
1 2 4 1 20500 2
1 2 4 0 20500 2
1 2 5 6 20500 2
1 2 5 7 20500 2
1 2 4 1 20500 2
1 2 5 2 20500 2
1 2 7 3 20500 2
1 2 10 4 21000 2
1 2 11 1 21000 2
1 2 11 0 21000 2
1 2 12 2 21000 2
1 2 13 8 21000 2
1 2 13 2 21000 2
1 2 14 7 21000 2
1 2 14 5 21000 2
1 2 14 3 21000 2
1 2 15 8 21000 2
1 2 15 3 21000 2
1 2 1 3 21000 2
1 2 10 8 21000 2
1 2 10 8 21000 2
1 2 0 1 21000 2
1 2 1 3 21000 2
1 2 0 9 21000 2
1 2 3 6 21000 2
1 2 4 3 21000 2
1 2 4 6 21000 2
1 2 7 2 21000 2
1 2 7 3 21000 2
1 2 9 5 21000 2
1 2 4 3 21000 2
1 2 7 9 21500 2
1 2 9 3 21500 2
1 2 10 5 21500 2
1 2 10 1 21500 2
1 2 10 8 21500 2
1 2 11 2 21500 2
1 2 11 7 21500 2
1 2 12 6 21500 2
1 2 13 8 21500 2
1 2 14 8 21500 2
1 2 14 9 21500 2
1 2 14 0 21500 2
1 2 15 0 21500 2
1 2 15 2 21500 2
1 2 15 1 21500 2
1 2 5 6 21500 2
1 2 2 2 21500 2
1 2 2 2 21500 2
1 2 2 6 21500 2
1 2 3 6 21500 2
1 2 4 1 21500 2
1 2 4 7 21500 2
1 2 4 5 21500 2
1 2 4 1 21500 2
1 2 4 2 21500 2
1 2 4 1 21500 2
1 2 5 2 21500 2
1 2 5 0 21500 2
1 2 7 2 21500 2
1 2 4 2 21500 2
1 2 10 2 22000 2
1 2 10 4 22000 2
1 2 11 2 22000 2
1 2 11 5 22000 2
1 2 14 5 22000 2
1 2 14 3 22000 2
1 2 14 0 22000 2
1 2 15 0 22000 2
1 2 15 6 22000 2
1 2 15 7 22000 2
1 2 15 5 22000 2
1 2 15 8 22000 2
1 2 5 0 22000 2
1 2 8 3 22000 2
1 2 9 1 22000 2
1 2 3 0 22000 2
1 2 3 2 22000 2
1 2 4 2 22000 2
1 2 4 8 22000 2
1 2 5 2 22000 2
1 2 1 7 22000 2
1 2 6 8 22000 2
1 2 7 3 22000 2
1 2 7 3 22000 2
1 2 7 8 22000 2
1 2 9 1 22500 2
1 2 9 0 22500 2
1 2 10 5 22500 2
1 2 10 6 22500 2
1 2 11 7 22500 2
1 2 11 1 22500 2
1 2 11 4 22500 2
1 2 12 2 22500 2
1 2 13 0 22500 2
1 2 13 8 22500 2
1 2 13 6 22500 2
1 2 14 3 22500 2
1 2 14 8 22500 2
1 2 15 8 22500 2
1 2 15 2 22500 2
1 2 15 7 22500 2
1 2 15 9 22500 2
1 2 7 8 22500 2
1 2 0 0 22500 2
1 2 0 2 22500 2
1 2 1 7 22500 2
1 2 1 4 22500 2
1 2 3 5 22500 2
1 2 3 6 22500 2
1 2 3 8 22500 2
1 2 3 4 22500 2
1 2 4 3 22500 2
1 2 5 7 22500 2
1 2 5 2 22500 2
1 2 5 4 22500 2
1 2 6 3 22500 2
1 2 7 5 22500 2
1 2 7 5 22500 2
1 2 4 2 22500 2
1 2 9 8 23000 2
1 2 7 8 23000 2
1 2 10 6 23000 2
1 2 11 0 23000 2
1 2 11 5 23000 2
1 2 11 5 23000 2
1 2 11 5 23000 2
1 2 12 2 23000 2
1 2 13 6 23000 2
1 2 13 8 23000 2
1 2 14 9 23000 2
1 2 15 6 23000 2
1 2 15 3 23000 2
1 2 7 2 23000 2
1 2 8 7 23000 2
1 2 0 9 23000 2
1 2 0 8 23000 2
1 2 2 3 23000 2
1 2 3 4 23000 2
1 2 3 8 23000 2
1 2 4 1 23000 2
1 2 4 6 23000 2
1 2 5 9 23000 2
1 2 6 2 23000 2
1 2 3 8 23000 2
1 2 9 3 23500 2
1 2 10 6 23500 2
1 2 11 4 23500 2
1 2 11 4 23500 2
1 2 11 1 23500 2
1 2 12 5 23500 2
1 2 14 0 23500 2
1 2 14 7 23500 2
1 2 14 4 23500 2
1 2 15 8 23500 2
1 2 15 7 23500 2
1 2 15 8 23500 2
1 2 15 2 23500 2
1 2 15 9 23500 2
1 2 8 1 23500 2
1 2 2 6 23500 2
1 2 3 6 23500 2
1 2 3 3 23500 2
1 2 3 1 23500 2
1 2 3 8 23500 2
1 2 4 6 23500 2
1 2 4 2 23500 2
1 2 4 6 23500 2
1 2 5 3 23500 2
1 2 6 4 23500 2
1 2 6 2 23500 2
1 2 7 7 23500 2
1 2 8 3 23500 2
1 2 4 5 23500 2
1 2 11 2 24000 2
1 2 11 2 24000 2
1 2 12 2 24000 2
1 2 12 1 24000 2
1 2 13 4 24000 2
1 2 13 6 24000 2
1 2 14 2 24000 2
1 2 14 8 24000 2
1 2 15 8 24000 2
1 2 15 6 24000 2
1 2 15 1 24000 2
1 2 15 3 24000 2
1 2 15 4 24000 2
1 2 7 8 24000 2
1 2 10 8 24000 2
1 2 11 5 24000 2
1 2 2 2 24000 2
1 2 3 6 24000 2
1 2 4 3 24000 2
1 2 4 2 24000 2
1 2 5 7 24000 2
1 2 5 2 24000 2
1 2 7 0 24000 2
1 2 0 3 24000 2
1 2 8 3 24000 2
1 2 10 7 24000 2
1 2 10 5 24000 2
1 2 6 5 24000 2
1 2 11 3 24500 2
1 2 12 6 24500 2
1 2 13 8 24500 2
1 2 13 9 24500 2
1 2 13 1 24500 2
1 2 13 5 24500 2
1 2 14 9 24500 2
1 2 14 1 24500 2
1 2 14 4 24500 2
1 2 15 0 24500 2
1 2 15 6 24500 2
1 2 15 6 24500 2
1 2 15 8 24500 2
1 2 7 8 24500 2
1 2 10 6 24500 2
1 2 0 3 24500 2
1 2 0 3 24500 2
1 2 2 8 24500 2
1 2 2 2 24500 2
1 2 2 8 24500 2
1 2 3 5 24500 2
1 2 3 6 24500 2
1 2 4 2 24500 2
1 2 4 2 24500 2
1 2 4 1 24500 2
1 2 5 4 24500 2
1 2 7 2 24500 2
1 2 10 7 25000 2
1 2 10 5 25000 2
1 2 11 6 25000 2
1 2 12 5 25000 2
1 2 12 3 25000 2
1 2 13 2 25000 2
1 2 14 3 25000 2
1 2 15 7 25000 2
1 2 15 5 25000 2
1 2 15 2 25000 2
1 2 15 1 25000 2
1 2 7 2 25000 2
1 2 9 4 25000 2
1 2 0 8 25000 2
1 2 1 1 25000 2
1 2 2 5 25000 2
1 2 0 6 25000 2
1 2 3 4 25000 2
1 2 4 3 25000 2
1 2 5 7 25000 2
1 2 5 0 25000 2
1 2 7 8 25000 2
1 2 7 2 25500 2
1 2 15 6 25500 2
1 2 15 8 25500 2
1 2 15 8 25500 2
1 2 15 8 25500 2
1 2 13 4 25500 2
1 2 11 0 25500 2
1 2 10 8 25500 2
1 2 10 5 25500 2
1 2 9 1 25500 2
1 2 7 3 25500 2
1 2 7 6 25500 2
1 2 6 3 25500 2
1 2 5 0 25500 2
1 2 5 3 25500 2
1 2 5 0 25500 2
1 2 4 2 25500 2
1 2 4 4 25500 2
1 2 4 3 25500 2
1 2 3 6 25500 2
1 2 2 5 25500 2
1 2 11 5 26000 2
1 2 0 4 26000 2
1 2 11 9 26000 2
1 2 11 3 26000 2
1 2 12 3 26000 2
1 2 12 1 26000 2
1 2 13 3 26000 2
1 2 14 5 26000 2
1 2 15 2 26000 2
1 2 15 1 26000 2
1 2 15 3 26000 2
1 2 6 0 26000 2
1 2 7 2 26000 2
1 2 0 3 26000 2
1 2 0 3 26000 2
1 2 1 0 26000 2
1 2 2 6 26000 2
1 2 3 4 26000 2
1 2 3 0 26000 2
1 2 3 8 26000 2
1 2 4 6 26000 2
1 2 6 8 26000 2
1 2 11 4 26500 2
1 2 9 5 26500 2
1 2 11 1 26500 2
1 2 12 6 26500 2
1 2 12 8 26500 2
1 2 14 2 26500 2
1 2 14 3 26500 2
1 2 14 8 26500 2
1 2 15 0 26500 2
1 2 15 0 26500 2
1 2 15 5 26500 2
1 2 15 6 26500 2
1 2 10 9 26500 2
1 2 10 5 26500 2
1 2 0 4 26500 2
1 2 0 8 26500 2
1 2 1 0 26500 2
1 2 4 1 26500 2
1 2 4 8 26500 2
1 2 5 7 26500 2
1 2 5 2 26500 2
1 2 6 8 26500 2
1 2 7 5 26500 2
1 2 5 8 26500 2
1 2 10 6 27000 2
1 2 10 3 27000 2
1 2 11 9 27000 2
1 2 11 3 27000 2
1 2 12 8 27000 2
1 2 12 2 27000 2
1 2 13 3 27000 2
1 2 13 6 27000 2
1 2 13 5 27000 2
1 2 15 8 27000 2
1 2 15 7 27000 2
1 2 15 1 27000 2
1 2 10 6 27000 2
1 2 10 1 27000 2
1 2 0 3 27000 2
1 2 1 2 27000 2
1 2 2 5 27000 2
1 2 4 2 27000 2
1 2 5 5 27000 2
1 2 6 3 27000 2
1 2 6 2 27000 2
1 2 7 5 27000 2
1 2 7 8 27000 2
1 2 9 1 27000 2
1 2 10 9 27000 2
1 2 15 2 27500 2
1 2 14 0 27500 2
1 2 14 3 27500 2
1 2 13 8 27500 2
1 2 13 6 27500 2
1 2 13 4 27500 2
1 2 12 6 27500 2
1 2 11 5 27500 2
1 2 11 2 27500 2
1 2 10 6 27500 2
1 2 10 4 27500 2
1 2 9 4 27500 2
1 2 10 8 27500 2
1 2 0 0 27500 2
1 2 1 6 27500 2
1 2 2 5 27500 2
1 2 3 5 27500 2
1 2 3 1 27500 2
1 2 4 1 27500 2
1 2 4 6 27500 2
1 2 5 2 27500 2
1 2 6 8 27500 2
1 2 9 6 27500 2
1 2 15 3 28000 2
1 2 15 7 28000 2
1 2 15 8 28000 2
1 2 14 0 28000 2
1 2 14 6 28000 2
1 2 13 0 28000 2
1 2 13 6 28000 2
1 2 12 1 28000 2
1 2 10 5 28000 2
1 2 10 8 28000 2
1 2 10 9 28000 2
1 2 0 9 28000 2
1 2 9 1 28000 2
1 2 2 5 28000 2
1 2 3 2 28000 2
1 2 3 1 28000 2
1 2 3 9 28000 2
1 2 4 8 28000 2
1 2 5 9 28000 2
1 2 5 4 28000 2
1 2 7 8 28000 2
1 2 9 3 28000 2
1 2 9 1 28000 2
1 2 10 6 28500 2
1 2 15 6 28500 2
1 2 15 2 28500 2
1 2 14 8 28500 2
1 2 13 5 28500 2
1 2 12 6 28500 2
1 2 11 1 28500 2
1 2 11 0 28500 2
1 2 11 2 28500 2
1 2 10 5 28500 2
1 2 10 8 28500 2
1 2 8 1 28500 2
1 2 7 8 28500 2
1 2 7 5 28500 2
1 2 5 2 28500 2
1 2 5 2 28500 2
1 2 5 0 28500 2
1 2 4 8 28500 2
1 2 4 1 28500 2
1 2 10 4 28500 2
1 2 11 0 29000 2
1 2 12 1 29000 2
1 2 9 5 29000 2
1 2 13 3 29000 2
1 2 13 6 29000 2
1 2 14 3 29000 2
1 2 14 1 29000 2
1 2 14 1 29000 2
1 2 15 7 29000 2
1 2 15 3 29000 2
1 2 15 4 29000 2
1 2 11 3 29000 2
1 2 11 5 29000 2
1 2 0 6 29000 2
1 2 0 8 29000 2
1 2 2 8 29000 2
1 2 4 3 29000 2
1 2 6 8 29000 2
1 2 7 2 29000 2
1 2 7 9 29000 2
1 2 11 1 29000 2
1 2 4 6 29000 2
1 2 6 3 29500 2
1 2 7 2 29500 2
1 2 6 2 29500 2
1 2 6 9 29500 2
1 2 7 8 29500 2
1 2 8 1 29500 2
1 2 9 1 29500 2
1 2 10 7 29500 2
1 2 10 5 29500 2
1 2 10 6 29500 2
1 2 11 2 29500 2
1 2 11 2 29500 2
1 2 11 0 29500 2
1 2 11 4 29500 2
1 2 11 0 29500 2
1 2 12 8 29500 2
1 2 13 0 29500 2
1 2 15 5 29500 2
1 2 4 0 29500 2
1 2 0 3 29500 2
1 2 0 5 29500 2
1 2 1 0 29500 2
1 2 2 1 29500 2
1 2 2 4 29500 2
1 2 2 5 29500 2
1 2 3 2 29500 2
1 2 3 6 29500 2
1 2 3 4 29500 2
1 2 4 6 29500 2
1 2 4 9 29500 2
1 2 4 6 29500 2
1 2 4 3 29500 2
1 2 4 5 29500 2
1 2 3 5 29500 2
1 2 4 0 29500 2
1 2 4 8 29500 2
1 2 5 3 29500 2
1 2 9 3 30000 2
1 2 11 1 30000 2
1 2 11 5 30000 2
1 2 11 2 30000 2
1 2 12 1 30000 2
1 2 12 8 30000 2
1 2 12 6 30000 2
1 2 14 2 30000 2
1 2 15 8 30000 2
1 2 15 5 30000 2
1 2 15 6 30000 2
1 2 5 2 30000 2
1 2 6 2 30000 2
1 2 7 2 30000 2
1 2 3 4 30000 2
1 2 3 7 30000 2
1 2 3 1 30000 2
1 2 3 3 30000 2
1 2 3 2 30000 2
1 2 4 3 30000 2
1 2 4 8 30000 2
1 2 5 9 30000 2
1 2 0 3 30000 2
1 2 10 2 30500 2
1 2 10 0 30500 2
1 2 10 9 30500 2
1 2 11 3 30500 2
1 2 12 8 30500 2
1 2 12 9 30500 2
1 2 12 4 30500 2
1 2 14 2 30500 2
1 2 14 3 30500 2
1 2 14 2 30500 2
1 2 15 2 30500 2
1 2 15 3 30500 2
1 2 8 5 30500 2
1 2 10 2 30500 2
1 2 0 7 30500 2
1 2 0 0 30500 2
1 2 1 7 30500 2
1 2 2 8 30500 2
1 2 3 3 30500 2
1 2 4 2 30500 2
1 2 4 2 30500 2
1 2 5 2 30500 2
1 2 5 0 30500 2
1 2 8 6 30500 2
1 2 10 6 31000 2
1 2 10 3 31000 2
1 2 11 2 31000 2
1 2 12 8 31000 2
1 2 12 2 31000 2
1 2 12 6 31000 2
1 2 13 6 31000 2
1 2 14 2 31000 2
1 2 14 7 31000 2
1 2 15 8 31000 2
1 2 15 2 31000 2
1 2 15 2 31000 2
1 2 15 0 31000 2
1 2 9 5 31000 2
1 2 9 4 31000 2
1 2 0 0 31000 2
1 2 1 1 31000 2
1 2 2 0 31000 2
1 2 3 6 31000 2
1 2 3 8 31000 2
1 2 4 0 31000 2
1 2 5 2 31000 2
1 2 5 0 31000 2
1 2 5 6 31000 2
1 2 6 2 31000 2
1 2 7 5 31000 2
1 2 11 6 31500 2
1 2 10 6 31500 2
1 2 11 2 31500 2
1 2 11 0 31500 2
1 2 12 8 31500 2
1 2 12 2 31500 2
1 2 12 8 31500 2
1 2 13 8 31500 2
1 2 13 3 31500 2
1 2 14 4 31500 2
1 2 14 2 31500 2
1 2 14 5 31500 2
1 2 15 8 31500 2
1 2 15 2 31500 2
1 2 15 8 31500 2
1 2 15 5 31500 2
1 2 10 1 31500 2
1 2 0 3 31500 2
1 2 0 8 31500 2
1 2 3 2 31500 2
1 2 3 6 31500 2
1 2 3 4 31500 2
1 2 3 0 31500 2
1 2 4 3 31500 2
1 2 4 2 31500 2
1 2 5 3 31500 2
1 2 5 7 31500 2
1 2 6 3 31500 2
1 2 7 2 31500 2
1 2 7 1 31500 2
1 2 8 3 31500 2
1 2 4 8 31500 2
1 2 11 2 32000 2
1 2 11 5 32000 2
1 2 11 8 32000 2
1 2 12 6 32000 2
1 2 12 2 32000 2
1 2 12 6 32000 2
1 2 13 8 32000 2
1 2 14 1 32000 2
1 2 14 0 32000 2
1 2 14 8 32000 2
1 2 15 0 32000 2
1 2 15 4 32000 2
1 2 15 8 32000 2
1 2 10 9 32000 2
1 2 11 2 32000 2
1 2 0 9 32000 2
1 2 0 3 32000 2
1 2 0 8 32000 2
1 2 3 6 32000 2
1 2 3 1 32000 2
1 2 4 7 32000 2
1 2 4 3 32000 2
1 2 4 0 32000 2
1 2 5 3 32000 2
1 2 6 0 32000 2
1 2 7 8 32000 2
1 2 8 5 32000 2
1 2 15 2 32500 2
1 2 15 2 32500 2
1 2 15 7 32500 2
1 2 13 3 32500 2
1 2 12 7 32500 2
1 2 12 7 32500 2
1 2 10 1 32500 2
1 2 10 8 32500 2
1 2 7 1 32500 2
1 2 7 3 32500 2
1 2 6 9 32500 2
1 2 7 1 32500 2
1 2 0 4 32500 2
1 2 1 7 32500 2
1 2 1 6 32500 2
1 2 3 4 32500 2
1 2 4 6 32500 2
1 2 5 8 32500 2
1 2 5 7 32500 2
1 2 5 1 32500 2
1 2 5 6 32500 2
1 2 15 9 33000 2
1 2 15 6 33000 2
1 2 13 0 33000 2
1 2 11 4 33000 2
1 2 11 8 33000 2
1 2 10 9 33000 2
1 2 5 3 33000 2
1 2 2 2 33000 2
1 2 1 4 33000 2
1 2 1 9 33000 2
1 2 0 2 33000 2
1 2 0 3 33000 2
1 2 7 2 33000 2
1 2 11 9 33500 2
1 2 15 6 33500 2
1 2 15 6 33500 2
1 2 14 4 33500 2
1 2 12 8 33500 2
1 2 7 8 33500 2
1 2 6 3 33500 2
1 2 5 1 33500 2
1 2 4 1 33500 2
1 2 2 3 33500 2
1 2 1 9 33500 2
1 2 15 1 34000 2
1 2 15 6 34000 2
1 2 15 2 34000 2
1 2 13 9 34000 2
1 2 13 2 34000 2
1 2 12 6 34000 2
1 2 12 7 34000 2
1 2 8 7 34000 2
1 2 8 9 34000 2
1 2 5 6 34000 2
1 2 4 3 34000 2
1 2 3 5 34000 2
1 2 3 7 34000 2
1 2 2 7 34000 2
1 2 2 8 34000 2
1 2 1 9 34000 2
1 2 0 1 34000 2
1 2 7 4 34000 2
1 2 7 4 34500 2
1 2 15 6 34500 2
1 2 15 0 34500 2
1 2 14 2 34500 2
1 2 14 8 34500 2
1 2 12 3 34500 2
1 2 7 9 34500 2
1 2 5 1 34500 2
1 2 1 4 34500 2
1 2 0 2 34500 2
1 2 0 5 34500 2
1 2 3 5 35000 2
1 2 15 1 35000 2
1 2 15 7 35000 2
1 2 15 8 35000 2
1 2 15 7 35000 2
1 2 15 1 35000 2
1 2 15 0 35000 2
1 2 12 7 35000 2
1 2 11 1 35000 2
1 2 10 9 35000 2
1 2 0 3 35000 2
1 2 1 5 35000 2
1 2 3 7 35000 2
1 2 6 8 35000 2
1 2 6 3 35000 2
1 2 9 0 35000 2
1 2 10 4 35000 2
1 2 10 9 35000 2
1 2 14 2 35500 2
1 2 15 2 35500 2
1 2 14 9 35500 2
1 2 13 8 35500 2
1 2 12 8 35500 2
1 2 12 4 35500 2
1 2 9 1 35500 2
1 2 8 6 35500 2
1 2 7 4 35500 2
1 2 7 6 35500 2
1 2 7 2 35500 2
1 2 0 2 35500 2
1 2 0 3 35500 2
1 2 3 0 35500 2
1 2 3 8 35500 2
1 2 4 3 35500 2
1 2 5 1 35500 2
1 2 6 6 35500 2
1 2 6 7 35500 2
1 2 8 5 36000 2
1 2 15 6 36000 2
1 2 15 5 36000 2
1 2 15 7 36000 2
1 2 14 1 36000 2
1 2 13 2 36000 2
1 2 11 1 36000 2
1 2 10 1 36000 2
1 2 7 3 36000 2
1 2 6 2 36000 2
1 2 6 5 36000 2
1 2 2 0 36000 2
1 2 2 2 36000 2
1 2 0 8 36000 2
1 2 10 0 36000 2
1 2 0 4 36000 2
1 2 15 4 36500 2
1 2 10 1 36500 2
1 2 10 8 36500 2
1 2 12 1 36500 2
1 2 13 4 36500 2
1 2 13 8 36500 2
1 2 14 2 36500 2
1 2 15 2 36500 2
1 2 5 3 36500 2
1 2 6 1 36500 2
1 2 6 8 36500 2
1 2 5 9 36500 2
1 2 4 1 36500 2
1 2 3 0 36500 2
1 2 1 3 36500 2
1 2 0 0 36500 2
1 2 7 1 36500 2
1 2 10 1 37000 2
1 2 15 1 37000 2
1 2 14 5 37000 2
1 2 14 9 37000 2
1 2 12 6 37000 2
1 2 12 4 37000 2
1 2 10 9 37000 2
1 2 8 2 37000 2
1 2 3 3 37000 2
1 2 3 4 37000 2
1 2 1 1 37000 2
1 2 1 5 37000 2
1 2 15 6 37500 2
1 2 15 5 37500 2
1 2 14 8 37500 2
1 2 14 0 37500 2
1 2 14 9 37500 2
1 2 12 8 37500 2
1 2 10 9 37500 2
1 2 7 2 37500 2
1 2 6 8 37500 2
1 2 5 1 37500 2
1 2 4 6 37500 2
1 2 3 1 37500 2
1 2 2 4 37500 2
1 2 0 8 37500 2
1 2 0 6 37500 2
1 2 0 3 37500 2
1 2 6 9 37500 2
1 2 6 2 38000 2
1 2 15 8 38000 2
1 2 15 1 38000 2
1 2 12 7 38000 2
1 2 12 8 38000 2
1 2 11 8 38000 2
1 2 5 2 38000 2
1 2 4 8 38000 2
1 2 4 3 38000 2
1 2 3 7 38000 2
1 2 2 1 38000 2
1 2 0 6 38000 2
1 2 6 1 38500 2
1 2 14 9 38500 2
1 2 14 7 38500 2
1 2 13 5 38500 2
1 2 13 5 38500 2
1 2 12 8 38500 2
1 2 11 7 38500 2
1 2 10 3 38500 2
1 2 8 7 38500 2
1 2 7 3 38500 2
1 2 7 3 38500 2
1 2 0 3 38500 2
1 2 6 9 38500 2
1 2 5 4 38500 2
1 2 5 0 38500 2
1 2 5 1 38500 2
1 2 4 9 38500 2
1 2 3 1 38500 2
1 2 1 3 38500 2
1 2 7 4 38500 2
1 2 3 4 39000 2
1 2 15 1 39000 2
1 2 15 2 39000 2
1 2 15 1 39000 2
1 2 14 9 39000 2
1 2 12 6 39000 2
1 2 5 7 39000 2
1 2 3 4 39000 2
1 2 2 2 39000 2
1 2 0 3 39000 2
1 2 15 6 39500 2
1 2 15 1 39500 2
1 2 14 3 39500 2
1 2 14 7 39500 2
1 2 10 8 39500 2
1 2 10 5 39500 2
1 2 9 7 39500 2
1 2 7 4 39500 2
1 2 9 9 39500 2
1 2 0 2 39500 2
1 2 0 8 39500 2
1 2 3 1 39500 2
1 2 4 2 39500 2
1 2 5 5 39500 2
1 2 3 5 39500 2
1 2 8 0 40000 2
1 2 15 2 40000 2
1 2 15 2 40000 2
1 2 14 1 40000 2
1 2 12 4 40000 2
1 2 12 1 40000 2
1 2 12 1 40000 2
1 2 8 1 40000 2
1 2 8 5 40000 2
1 2 6 9 40000 2
1 2 0 3 40000 2
1 2 0 1 40000 2
1 2 1 0 40000 2
1 2 3 6 40000 2
1 2 4 2 40000 2
1 2 5 2 40000 2
1 2 6 8 40000 2
1 2 7 2 40000 2
1 2 15 1 40500 2
1 2 12 8 40500 2
1 2 11 8 40500 2
1 2 10 9 40500 2
1 2 9 9 40500 2
1 2 8 6 40500 2
1 2 7 2 40500 2
1 2 5 1 40500 2
1 2 5 8 40500 2
1 2 3 3 40500 2
1 2 1 9 40500 2
1 2 1 7 40500 2
1 2 0 8 40500 2
1 2 0 3 40500 2
1 2 0 4 40500 2
1 2 7 7 40500 2
1 2 9 5 41000 2
1 2 15 7 41000 2
1 2 14 1 41000 2
1 2 13 9 41000 2
1 2 13 3 41000 2
1 2 12 8 41000 2
1 2 11 5 41000 2
1 2 4 2 41000 2
1 2 4 3 41000 2
1 2 4 5 41000 2
1 2 3 7 41000 2
1 2 3 6 41000 2
1 2 1 9 41000 2
1 2 0 1 41000 2
1 2 6 9 41000 2
1 2 7 4 41500 2
1 2 9 5 41500 2
1 2 9 5 41500 2
1 2 10 9 41500 2
1 2 11 3 41500 2
1 2 12 8 41500 2
1 2 14 9 41500 2
1 2 15 7 41500 2
1 2 0 4 41500 2
1 2 2 5 41500 2
1 2 1 0 41500 2
1 2 1 9 41500 2
1 2 0 8 41500 2
1 2 0 7 41500 2
1 2 0 8 41500 2
1 2 0 9 41500 2
1 2 7 2 41500 2
1 2 4 8 42000 2
1 2 15 6 42000 2
1 2 13 1 42000 2
1 2 12 8 42000 2
1 2 11 4 42000 2
1 2 8 5 42000 2
1 2 7 5 42000 2
1 2 3 7 42000 2
1 2 1 2 42000 2
1 2 1 9 42000 2
1 2 0 8 42000 2
1 2 0 0 42000 2
1 2 0 4 42000 2
1 2 10 5 42500 2
1 2 15 4 42500 2
1 2 13 8 42500 2
1 2 12 4 42500 2
1 2 12 8 42500 2
1 2 11 4 42500 2
1 2 10 2 42500 2
1 2 9 7 42500 2
1 2 8 8 42500 2
1 2 8 5 42500 2
1 2 7 1 42500 2
1 2 5 9 42500 2
1 2 5 2 42500 2
1 2 2 7 42500 2
1 2 1 0 42500 2
1 2 7 7 43000 2
1 2 15 1 43000 2
1 2 13 2 43000 2
1 2 12 2 43000 2
1 2 12 7 43000 2
1 2 11 0 43000 2
1 2 10 5 43000 2
1 2 9 2 43000 2
1 2 7 8 43000 2
1 2 7 1 43000 2
1 2 7 4 43000 2
1 2 5 6 43000 2
1 2 4 9 43000 2
1 2 1 6 43000 2
1 2 1 3 43000 2
1 2 0 1 43000 2
1 2 12 7 43500 2
1 2 13 4 43500 2
1 2 14 9 43500 2
1 2 15 8 43500 2
1 2 15 7 43500 2
1 2 15 1 43500 2
1 2 7 8 43500 2
1 2 8 6 43500 2
1 2 10 8 43500 2
1 2 0 4 43500 2
1 2 5 6 43500 2
1 2 0 6 43500 2
1 2 7 1 43500 2
1 2 13 9 44000 2
1 2 15 5 44000 2
1 2 14 4 44000 2
1 2 12 4 44000 2
1 2 11 2 44000 2
1 2 7 1 44000 2
1 2 7 5 44000 2
1 2 5 0 44000 2
1 2 5 2 44000 2
1 2 5 9 44000 2
1 2 4 5 44000 2
1 2 2 7 44000 2
1 2 0 9 44000 2
1 2 14 9 44500 2
1 2 14 1 44500 2
1 2 13 5 44500 2
1 2 12 7 44500 2
1 2 12 8 44500 2
1 2 10 1 44500 2
1 2 9 1 44500 2
1 2 7 3 44500 2
1 2 6 0 44500 2
1 2 6 8 44500 2
1 2 5 8 44500 2
1 2 4 7 44500 2
1 2 3 8 44500 2
1 2 3 1 44500 2
1 2 2 9 44500 2
1 2 1 9 44500 2
1 2 0 3 44500 2
1 2 6 4 44500 2
1 2 4 8 45000 2
1 2 13 2 45000 2
1 2 10 2 45000 2
1 2 8 4 45000 2
1 2 5 6 45000 2
1 2 4 8 45000 2
1 2 2 2 45000 2
1 2 0 8 45000 2
1 2 0 4 45000 2
1 2 7 3 45500 2
1 2 15 5 45500 2
1 2 15 0 45500 2
1 2 14 0 45500 2
1 2 13 7 45500 2
1 2 12 5 45500 2
1 2 12 6 45500 2
1 2 11 2 45500 2
1 2 10 9 45500 2
1 2 8 7 45500 2
1 2 7 1 45500 2
1 2 1 7 45500 2
1 2 5 5 45500 2
1 2 5 6 45500 2
1 2 4 4 45500 2
1 2 10 6 45500 2
1 2 7 4 46000 2
1 2 15 1 46000 2
1 2 14 9 46000 2
1 2 12 8 46000 2
1 2 11 4 46000 2
1 2 11 2 46000 2
1 2 10 5 46000 2
1 2 7 2 46000 2
1 2 5 3 46000 2
1 2 5 7 46000 2
1 2 4 8 46000 2
1 2 3 5 46000 2
1 2 2 4 46000 2
1 2 0 5 46000 2
1 2 0 9 46000 2
1 2 10 5 46500 2
1 2 12 7 46500 2
1 2 12 2 46500 2
1 2 13 0 46500 2
1 2 14 0 46500 2
1 2 15 1 46500 2
1 2 15 7 46500 2
1 2 15 0 46500 2
1 2 0 3 46500 2
1 2 8 5 46500 2
1 2 7 4 46500 2
1 2 4 3 46500 2
1 2 3 6 46500 2
1 2 3 4 46500 2
1 2 0 8 46500 2
1 2 8 9 46500 2
1 2 0 3 46500 2
1 2 7 4 47000 2
1 2 10 0 47000 2
1 2 10 1 47000 2
1 2 11 0 47000 2
1 2 12 2 47000 2
1 2 14 0 47000 2
1 2 15 5 47000 2
1 2 15 7 47000 2
1 2 11 6 47000 2
1 2 6 7 47000 2
1 2 6 5 47000 2
1 2 0 9 47000 2
1 2 1 5 47000 2
1 2 2 2 47000 2
1 2 2 4 47000 2
1 2 4 8 47000 2
1 2 5 3 47000 2
1 2 5 2 47000 2
1 2 9 2 47500 2
1 2 15 5 47500 2
1 2 15 7 47500 2
1 2 15 7 47500 2
1 2 14 2 47500 2
1 2 13 9 47500 2
1 2 13 3 47500 2
1 2 12 6 47500 2
1 2 11 4 47500 2
1 2 7 8 47500 2
1 2 6 1 47500 2
1 2 6 6 47500 2
1 2 4 1 47500 2
1 2 4 3 47500 2
1 2 3 7 47500 2
1 2 2 6 47500 2
1 2 0 1 47500 2
1 2 2 4 48000 2
1 2 15 7 48000 2
1 2 14 3 48000 2
1 2 13 6 48000 2
1 2 11 2 48000 2
1 2 10 9 48000 2
1 2 10 8 48000 2
1 2 6 7 48000 2
1 2 5 3 48000 2
1 2 4 8 48000 2
1 2 4 9 48000 2
1 2 3 6 48000 2
1 2 3 1 48000 2
1 2 2 1 48000 2
1 2 1 5 48000 2
1 2 5 6 48000 2
1 2 8 7 48500 2
1 2 9 5 48500 2
1 2 10 0 48500 2
1 2 10 0 48500 2
1 2 11 6 48500 2
1 2 11 9 48500 2
1 2 11 9 48500 2
1 2 11 4 48500 2
1 2 12 6 48500 2
1 2 14 8 48500 2
1 2 15 2 48500 2
1 2 15 2 48500 2
1 2 15 9 48500 2
1 2 15 6 48500 2
1 2 15 0 48500 2
1 2 7 2 48500 2
1 2 8 7 48500 2
1 2 2 2 48500 2
1 2 3 6 48500 2
1 2 3 8 48500 2
1 2 4 3 48500 2
1 2 1 0 48500 2
1 2 4 1 48500 2
1 2 5 3 48500 2
1 2 5 0 48500 2
1 2 5 3 48500 2
1 2 5 4 48500 2
1 2 6 2 48500 2
1 2 6 6 48500 2
1 2 4 0 48500 2
1 2 8 9 49000 2
1 2 8 0 49000 2
1 2 8 6 49000 2
1 2 10 8 49000 2
1 2 10 7 49000 2
1 2 11 4 49000 2
1 2 11 4 49000 2
1 2 11 2 49000 2
1 2 11 0 49000 2
1 2 11 7 49000 2
1 2 12 1 49000 2
1 2 12 5 49000 2
1 2 13 7 49000 2
1 2 13 5 49000 2
1 2 14 1 49000 2
1 2 15 5 49000 2
1 2 7 0 49000 2
1 2 0 0 49000 2
1 2 2 8 49000 2
1 2 2 3 49000 2
1 2 3 4 49000 2
1 2 3 8 49000 2
1 2 3 3 49000 2
1 2 4 3 49000 2
1 2 4 0 49000 2
1 2 4 2 49000 2
1 2 5 0 49000 2
1 2 5 7 49000 2
1 2 6 2 49000 2
1 2 6 9 49000 2
1 2 4 0 49000 2
1 2 6 4 49000 2
1 2 8 7 49000 2
1 2 8 6 49500 2
1 2 9 4 49500 2
1 2 10 4 49500 2
1 2 11 9 49500 2
1 2 11 9 49500 2
1 2 12 6 49500 2
1 2 13 2 49500 2
1 2 14 8 49500 2
1 2 15 8 49500 2
1 2 15 3 49500 2
1 2 15 4 49500 2
1 2 15 3 49500 2
1 2 8 9 49500 2
1 2 8 7 49500 2
1 2 8 9 49500 2
1 2 0 1 49500 2
1 2 2 2 49500 2
1 2 3 6 49500 2
1 2 4 0 49500 2
1 2 4 1 49500 2
1 2 4 6 49500 2
1 2 5 2 49500 2
1 2 6 6 49500 2
1 2 6 2 49500 2
1 2 6 0 49500 2
1 2 7 8 49500 2
1 2 4 9 49500 2
1 2 10 9 50000 2
1 2 10 7 50000 2
1 2 11 7 50000 2
1 2 11 2 50000 2
1 2 11 0 50000 2
1 2 11 4 50000 2
1 2 12 6 50000 2
1 2 12 6 50000 2
1 2 13 8 50000 2
1 2 13 6 50000 2
1 2 14 9 50000 2
1 2 14 5 50000 2
1 2 15 7 50000 2
1 2 8 7 50000 2
1 2 8 4 50000 2
1 2 0 9 50000 2
1 2 0 4 50000 2
1 2 0 3 50000 2
1 2 1 0 50000 2
1 2 2 3 50000 2
1 2 3 4 50000 2
1 2 4 1 50000 2
1 2 4 6 50000 2
1 2 5 0 50000 2
1 2 5 2 50000 2
1 2 7 0 50000 2
1 2 9 0 50500 2
1 2 10 9 50500 2
1 2 10 6 50500 2
1 2 10 7 50500 2
1 2 11 5 50500 2
1 2 11 0 50500 2
1 2 11 0 50500 2
1 2 12 2 50500 2
1 2 13 3 50500 2
1 2 13 5 50500 2
1 2 14 5 50500 2
1 2 14 8 50500 2
1 2 14 2 50500 2
1 2 14 2 50500 2
1 2 15 8 50500 2
1 2 15 9 50500 2
1 2 15 2 50500 2
1 2 9 6 50500 2
1 2 9 5 50500 2
1 2 0 6 50500 2
1 2 1 6 50500 2
1 2 1 5 50500 2
1 2 1 5 50500 2
1 2 2 9 50500 2
1 2 2 4 50500 2
1 2 3 7 50500 2
1 2 3 6 50500 2
1 2 4 8 50500 2
1 2 4 4 50500 2
1 2 5 7 50500 2
1 2 6 3 50500 2
1 2 7 5 50500 2
1 2 8 7 50500 2
1 2 8 9 50500 2
1 2 4 1 50500 2
1 2 10 8 51000 2
1 2 10 0 51000 2
1 2 11 9 51000 2
1 2 11 8 51000 2
1 2 11 3 51000 2
1 2 12 6 51000 2
1 2 13 9 51000 2
1 2 14 0 51000 2
1 2 15 6 51000 2
1 2 15 9 51000 2
1 2 15 2 51000 2
1 2 8 8 51000 2
1 2 5 9 51000 2
1 2 4 6 51000 2
1 2 4 1 51000 2
1 2 3 8 51000 2
1 2 3 3 51000 2
1 2 1 0 51000 2
1 2 1 8 51000 2
1 2 1 8 51000 2
1 2 0 3 51000 2
1 2 0 0 51000 2
1 2 9 1 51000 2
1 2 11 5 51500 2
1 2 14 8 51500 2
1 2 10 5 51500 2
1 2 9 0 51500 2
1 2 9 1 51500 2
1 2 9 3 51500 2
1 2 8 5 51500 2
1 2 11 3 51500 2
1 2 12 5 51500 2
1 2 12 5 51500 2
1 2 13 3 51500 2
1 2 13 8 51500 2
1 2 15 5 51500 2
1 2 15 4 51500 2
1 2 10 9 51500 2
1 2 8 4 51500 2
1 2 8 9 51500 2
1 2 0 3 51500 2
1 2 1 5 51500 2
1 2 2 7 51500 2
1 2 2 6 51500 2
1 2 3 1 51500 2
1 2 3 0 51500 2
1 2 4 6 51500 2
1 2 4 5 51500 2
1 2 5 1 51500 2
1 2 6 8 51500 2
1 2 7 2 51500 2
1 2 8 7 51500 2
1 2 4 1 51500 2
1 2 10 6 52000 2
1 2 10 6 52000 2
1 2 11 2 52000 2
1 2 11 6 52000 2
1 2 11 4 52000 2
1 2 11 5 52000 2
1 2 11 2 52000 2
1 2 12 3 52000 2
1 2 12 6 52000 2
1 2 13 6 52000 2
1 2 14 7 52000 2
1 2 14 8 52000 2
1 2 14 2 52000 2
1 2 14 2 52000 2
1 2 15 8 52000 2
1 2 15 2 52000 2
1 2 15 4 52000 2
1 2 9 1 52000 2
1 2 0 3 52000 2
1 2 1 9 52000 2
1 2 2 1 52000 2
1 2 3 8 52000 2
1 2 3 5 52000 2
1 2 3 6 52000 2
1 2 3 8 52000 2
1 2 3 8 52000 2
1 2 4 7 52000 2
1 2 5 0 52000 2
1 2 7 9 52000 2
1 2 8 7 52000 2
1 2 8 7 52000 2
1 2 9 6 52000 2
1 2 10 8 52000 2
1 2 4 2 52000 2
1 2 8 1 52500 2
1 2 9 1 52500 2
1 2 10 0 52500 2
1 2 10 7 52500 2
1 2 11 9 52500 2
1 2 11 3 52500 2
1 2 11 0 52500 2
1 2 11 7 52500 2
1 2 12 6 52500 2
1 2 14 9 52500 2
1 2 14 7 52500 2
1 2 15 5 52500 2
1 2 15 7 52500 2
1 2 15 2 52500 2
1 2 15 0 52500 2
1 2 10 6 52500 2
1 2 7 4 52500 2
1 2 8 7 52500 2
1 2 0 8 52500 2
1 2 1 9 52500 2
1 2 3 4 52500 2
1 2 3 0 52500 2
1 2 3 4 52500 2
1 2 4 6 52500 2
1 2 4 2 52500 2
1 2 4 1 52500 2
1 2 4 4 52500 2
1 2 6 6 52500 2
1 2 6 3 52500 2
1 2 0 2 52500 2
1 2 6 9 52500 2
1 2 7 5 52500 2
1 2 10 7 53000 2
1 2 9 0 53000 2
1 2 10 6 53000 2
1 2 11 7 53000 2
1 2 11 0 53000 2
1 2 11 3 53000 2
1 2 11 9 53000 2
1 2 11 7 53000 2
1 2 11 7 53000 2
1 2 13 6 53000 2
1 2 13 2 53000 2
1 2 13 8 53000 2
1 2 14 0 53000 2
1 2 14 7 53000 2
1 2 15 0 53000 2
1 2 15 8 53000 2
1 2 15 2 53000 2
1 2 15 0 53000 2
1 2 8 3 53000 2
1 2 0 3 53000 2
1 2 0 2 53000 2
1 2 1 0 53000 2
1 2 2 8 53000 2
1 2 2 9 53000 2
1 2 3 2 53000 2
1 2 3 8 53000 2
1 2 4 2 53000 2
1 2 4 1 53000 2
1 2 5 9 53000 2
1 2 5 0 53000 2
1 2 5 2 53000 2
1 2 6 7 53000 2
1 2 7 5 53000 2
1 2 8 7 53000 2
1 2 8 8 53000 2
1 2 4 8 53000 2
1 2 9 4 53500 2
1 2 10 0 53500 2
1 2 10 8 53500 2
1 2 10 4 53500 2
1 2 11 4 53500 2
1 2 11 4 53500 2
1 2 11 3 53500 2
1 2 12 1 53500 2
1 2 12 9 53500 2
1 2 14 4 53500 2
1 2 14 1 53500 2
1 2 14 8 53500 2
1 2 14 1 53500 2
1 2 15 8 53500 2
1 2 15 6 53500 2
1 2 4 6 53500 2
1 2 1 0 53500 2
1 2 8 0 53500 2
1 2 0 4 53500 2
1 2 2 0 53500 2
1 2 2 9 53500 2
1 2 3 6 53500 2
1 2 3 7 53500 2
1 2 3 4 53500 2
1 2 4 1 53500 2
1 2 8 9 53500 2
1 2 8 4 53500 2
1 2 6 2 53500 2
1 2 5 2 53500 2
1 2 4 0 53500 2
1 2 0 0 53500 2
1 2 10 9 54000 2
1 2 15 9 54000 2
1 2 15 2 54000 2
1 2 15 2 54000 2
1 2 15 8 54000 2
1 2 13 8 54000 2
1 2 13 6 54000 2
1 2 12 6 54000 2
1 2 11 0 54000 2
1 2 11 2 54000 2
1 2 10 6 54000 2
1 2 8 0 54000 2
1 2 10 0 54000 2
1 2 1 8 54000 2
1 2 2 9 54000 2
1 2 2 2 54000 2
1 2 2 9 54000 2
1 2 3 4 54000 2
1 2 3 0 54000 2
1 2 4 1 54000 2
1 2 4 0 54000 2
1 2 7 2 54000 2
1 2 9 3 54500 2
1 2 9 1 54500 2
1 2 10 6 54500 2
1 2 10 4 54500 2
1 2 11 5 54500 2
1 2 11 5 54500 2
1 2 11 4 54500 2
1 2 11 8 54500 2
1 2 12 2 54500 2
1 2 12 6 54500 2
1 2 13 6 54500 2
1 2 14 9 54500 2
1 2 15 8 54500 2
1 2 15 6 54500 2
1 2 11 7 54500 2
1 2 8 8 54500 2
1 2 8 2 54500 2
1 2 2 0 54500 2
1 2 2 8 54500 2
1 2 2 6 54500 2
1 2 3 4 54500 2
1 2 4 3 54500 2
1 2 4 6 54500 2
1 2 5 3 54500 2
1 2 6 2 54500 2
1 2 6 9 54500 2
1 2 0 2 54500 2
1 2 7 4 54500 2
1 2 8 7 54500 2
1 2 4 1 54500 2
1 2 9 5 55000 2
1 2 10 6 55000 2
1 2 11 3 55000 2
1 2 11 0 55000 2
1 2 11 7 55000 2
1 2 12 6 55000 2
1 2 13 6 55000 2
1 2 13 5 55000 2
1 2 14 9 55000 2
1 2 14 8 55000 2
1 2 15 8 55000 2
1 2 10 0 55000 2
1 2 8 7 55000 2
1 2 0 9 55000 2
1 2 0 8 55000 2
1 2 1 0 55000 2
1 2 2 5 55000 2
1 2 2 2 55000 2
1 2 3 4 55000 2
1 2 3 8 55000 2
1 2 4 1 55000 2
1 2 5 9 55000 2
1 2 6 4 55000 2
1 2 7 2 55000 2
1 2 9 1 55000 2
1 2 9 6 55500 2
1 2 9 3 55500 2
1 2 9 0 55500 2
1 2 9 1 55500 2
1 2 9 7 55500 2
1 2 8 0 55500 2
1 2 11 9 55500 2
1 2 11 3 55500 2
1 2 11 4 55500 2
1 2 11 1 55500 2
1 2 12 9 55500 2
1 2 13 0 55500 2
1 2 14 4 55500 2
1 2 14 0 55500 2
1 2 14 1 55500 2
1 2 15 0 55500 2
1 2 15 6 55500 2
1 2 11 9 55500 2
1 2 8 9 55500 2
1 2 8 7 55500 2
1 2 0 3 55500 2
1 2 1 5 55500 2
1 2 2 5 55500 2
1 2 2 7 55500 2
1 2 3 0 55500 2
1 2 3 0 55500 2
1 2 3 8 55500 2
1 2 3 7 55500 2
1 2 4 3 55500 2
1 2 4 9 55500 2
1 2 8 1 55500 2
1 2 7 6 55500 2
1 2 6 1 55500 2
1 2 4 0 55500 2
1 2 4 8 55500 2
1 2 4 7 55500 2
1 2 9 5 56000 2
1 2 10 0 56000 2
1 2 10 6 56000 2
1 2 11 9 56000 2
1 2 11 9 56000 2
1 2 11 9 56000 2
1 2 11 7 56000 2
1 2 11 0 56000 2
1 2 11 7 56000 2
1 2 12 2 56000 2
1 2 12 8 56000 2
1 2 13 6 56000 2
1 2 13 8 56000 2
1 2 14 0 56000 2
1 2 14 9 56000 2
1 2 14 0 56000 2
1 2 15 0 56000 2
1 2 15 9 56000 2
1 2 9 0 56000 2
1 2 9 4 56000 2
1 2 1 7 56000 2
1 2 1 0 56000 2
1 2 2 1 56000 2
1 2 2 4 56000 2
1 2 3 8 56000 2
1 2 4 2 56000 2
1 2 4 6 56000 2
1 2 4 4 56000 2
1 2 5 5 56000 2
1 2 7 0 56000 2
1 2 7 9 56000 2
1 2 8 1 56000 2
1 2 8 7 56000 2
1 2 8 9 56000 2
1 2 8 7 56000 2
1 2 8 7 56500 2
1 2 9 2 56500 2
1 2 9 1 56500 2
1 2 9 4 56500 2
1 2 10 0 56500 2
1 2 10 0 56500 2
1 2 11 4 56500 2
1 2 11 8 56500 2
1 2 11 7 56500 2
1 2 11 0 56500 2
1 2 12 6 56500 2
1 2 12 6 56500 2
1 2 13 4 56500 2
1 2 14 5 56500 2
1 2 0 8 56500 2
1 2 15 9 56500 2
1 2 15 9 56500 2
1 2 8 7 56500 2
1 2 8 2 56500 2
1 2 0 3 56500 2
1 2 0 8 56500 2
1 2 1 0 56500 2
1 2 2 6 56500 2
1 2 3 5 56500 2
1 2 4 1 56500 2
1 2 4 8 56500 2
1 2 5 4 56500 2
1 2 5 9 56500 2
1 2 5 0 56500 2
1 2 6 8 56500 2
1 2 6 3 56500 2
1 2 7 3 56500 2
1 2 8 1 56500 2
1 2 4 0 56500 2
1 2 10 6 57000 2
1 2 10 7 57000 2
1 2 11 0 57000 2
1 2 11 9 57000 2
1 2 11 0 57000 2
1 2 11 0 57000 2
1 2 11 6 57000 2
1 2 12 5 57000 2
1 2 13 4 57000 2
1 2 13 2 57000 2
1 2 14 0 57000 2
1 2 15 5 57000 2
1 2 15 8 57000 2
1 2 15 4 57000 2
1 2 10 8 57000 2
1 2 9 6 57000 2
1 2 0 1 57000 2
1 2 2 2 57000 2
1 2 3 3 57000 2
1 2 3 0 57000 2
1 2 4 1 57000 2
1 2 4 1 57000 2
1 2 4 9 57000 2
1 2 5 3 57000 2
1 2 6 7 57000 2
1 2 7 5 57000 2
1 2 8 1 57000 2
1 2 8 7 57000 2
1 2 8 9 57000 2
1 2 9 1 57000 2
1 2 10 0 57500 2
1 2 0 8 57500 2
1 2 10 3 57500 2
1 2 10 9 57500 2
1 2 11 4 57500 2
1 2 11 9 57500 2
1 2 11 0 57500 2
1 2 11 8 57500 2
1 2 11 0 57500 2
1 2 11 2 57500 2
1 2 11 3 57500 2
1 2 14 7 57500 2
1 2 14 8 57500 2
1 2 14 8 57500 2
1 2 15 0 57500 2
1 2 15 8 57500 2
1 2 15 3 57500 2
1 2 9 4 57500 2
1 2 0 4 57500 2
1 2 10 9 57500 2
1 2 1 2 57500 2
1 2 2 9 57500 2
1 2 3 7 57500 2
1 2 3 7 57500 2
1 2 3 0 57500 2
1 2 4 1 57500 2
1 2 4 4 57500 2
1 2 4 0 57500 2
1 2 6 2 57500 2
1 2 6 4 57500 2
1 2 8 7 57500 2
1 2 8 2 57500 2
1 2 8 7 57500 2
1 2 9 2 58000 2
1 2 10 9 58000 2
1 2 10 6 58000 2
1 2 11 2 58000 2
1 2 9 1 58000 2
1 2 11 9 58000 2
1 2 11 3 58000 2
1 2 12 9 58000 2
1 2 13 3 58000 2
1 2 13 8 58000 2
1 2 13 2 58000 2
1 2 14 3 58000 2
1 2 15 8 58000 2
1 2 15 8 58000 2
1 2 15 9 58000 2
1 2 15 3 58000 2
1 2 14 2 58000 2
1 2 8 4 58000 2
1 2 9 3 58000 2
1 2 0 7 58000 2
1 2 1 0 58000 2
1 2 1 0 58000 2
1 2 2 9 58000 2
1 2 3 4 58000 2
1 2 3 7 58000 2
1 2 3 3 58000 2
1 2 4 1 58000 2
1 2 4 8 58000 2
1 2 5 5 58000 2
1 2 6 0 58000 2
1 2 7 0 58000 2
1 2 8 7 58000 2
1 2 8 1 58000 2
1 2 4 4 58000 2
1 2 11 4 58500 2
1 2 11 0 58500 2
1 2 11 3 58500 2
1 2 11 3 58500 2
1 2 11 3 58500 2
1 2 12 6 58500 2
1 2 13 5 58500 2
1 2 13 5 58500 2
1 2 14 5 58500 2
1 2 14 8 58500 2
1 2 15 5 58500 2
1 2 15 5 58500 2
1 2 15 3 58500 2
1 2 15 9 58500 2
1 2 11 7 58500 2
1 2 7 0 58500 2
1 2 10 6 58500 2
1 2 1 0 58500 2
1 2 3 8 58500 2
1 2 3 0 58500 2
1 2 3 8 58500 2
1 2 4 7 58500 2
1 2 6 0 58500 2
1 2 6 8 58500 2
1 2 7 4 58500 2
1 2 8 0 58500 2
1 2 8 7 58500 2
1 2 9 4 58500 2
1 2 9 4 58500 2
1 2 10 9 58500 2
1 2 10 0 58500 2
1 2 10 7 59000 2
1 2 11 0 59000 2
1 2 11 7 59000 2
1 2 15 8 59000 2
1 2 10 0 59000 2
1 2 9 4 59000 2
1 2 9 5 59000 2
1 2 8 9 59000 2
1 2 8 2 59000 2
1 2 11 8 59000 2
1 2 11 4 59000 2
1 2 11 0 59000 2
1 2 11 6 59000 2
1 2 12 6 59000 2
1 2 13 8 59000 2
1 2 14 7 59000 2
1 2 14 2 59000 2
1 2 15 5 59000 2
1 2 4 2 59000 2
1 2 8 5 59000 2
1 2 8 1 59000 2
1 2 0 5 59000 2
1 2 0 6 59000 2
1 2 1 2 59000 2
1 2 2 5 59000 2
1 2 2 2 59000 2
1 2 2 7 59000 2
1 2 3 7 59000 2
1 2 3 6 59000 2
1 2 4 3 59000 2
1 2 4 2 59000 2
1 2 4 4 59000 2
1 2 4 4 59000 2
1 2 4 0 59000 2
1 2 5 3 59000 2
1 2 6 4 59000 2
1 2 6 9 59000 2
1 2 3 7 59000 2
1 2 9 3 59500 2
1 2 10 9 59500 2
1 2 10 6 59500 2
1 2 5 9 59500 2
1 2 11 3 59500 2
1 2 11 9 59500 2
1 2 12 8 59500 2
1 2 14 1 59500 2
1 2 14 3 59500 2
1 2 14 2 59500 2
1 2 15 5 59500 2
1 2 15 9 59500 2
1 2 7 3 59500 2
1 2 8 9 59500 2
1 2 0 1 59500 2
1 2 2 1 59500 2
1 2 2 8 59500 2
1 2 3 1 59500 2
1 2 4 0 59500 2
1 2 4 6 59500 2
1 2 4 9 59500 2
1 2 4 0 59500 2
1 2 5 8 59500 2
1 2 9 4 60000 2
1 2 10 3 60000 2
1 2 11 9 60000 2
1 2 6 8 60000 2
1 2 11 3 60000 2
1 2 11 0 60000 2
1 2 12 5 60000 2
1 2 14 5 60000 2
1 2 14 8 60000 2
1 2 15 2 60000 2
1 2 15 0 60000 2
1 2 15 9 60000 2
1 2 8 2 60000 2
1 2 9 4 60000 2
1 2 0 3 60000 2
1 2 1 0 60000 2
1 2 1 8 60000 2
1 2 2 8 60000 2
1 2 3 7 60000 2
1 2 4 7 60000 2
1 2 4 6 60000 2
1 2 5 9 60000 2
1 2 8 5 60000 2
1 2 8 4 60500 2
1 2 8 5 60500 2
1 2 8 7 60500 2
1 2 9 6 60500 2
1 2 9 5 60500 2
1 2 9 6 60500 2
1 2 9 2 60500 2
1 2 10 0 60500 2
1 2 11 9 60500 2
1 2 12 4 60500 2
1 2 13 6 60500 2
1 2 13 5 60500 2
1 2 14 8 60500 2
1 2 15 0 60500 2
1 2 15 0 60500 2
1 2 15 2 60500 2
1 2 6 0 60500 2
1 2 0 9 60500 2
1 2 1 7 60500 2
1 2 1 3 60500 2
1 2 2 3 60500 2
1 2 2 2 60500 2
1 2 3 6 60500 2
1 2 3 7 60500 2
1 2 4 3 60500 2
1 2 4 6 60500 2
1 2 5 2 60500 2
1 2 5 0 60500 2
1 2 6 5 60500 2
1 2 6 3 60500 2
1 2 4 1 60500 2
1 2 7 3 60500 2
1 2 9 1 61000 2
1 2 9 2 61000 2
1 2 10 9 61000 2
1 2 10 3 61000 2
1 2 10 6 61000 2
1 2 10 8 61000 2
1 2 11 7 61000 2
1 2 11 7 61000 2
1 2 12 2 61000 2
1 2 13 4 61000 2
1 2 14 5 61000 2
1 2 14 1 61000 2
1 2 14 1 61000 2
1 2 14 7 61000 2
1 2 15 9 61000 2
1 2 8 7 61000 2
1 2 8 7 61000 2
1 2 0 2 61000 2
1 2 0 8 61000 2
1 2 1 0 61000 2
1 2 2 8 61000 2
1 2 2 2 61000 2
1 2 3 0 61000 2
1 2 4 1 61000 2
1 2 4 6 61000 2
1 2 4 3 61000 2
1 2 5 8 61000 2
1 2 6 4 61000 2
1 2 7 4 61000 2
1 2 8 5 61000 2
1 2 8 2 61000 2
1 2 4 2 61000 2
1 2 8 2 61500 2
1 2 9 6 61500 2
1 2 9 1 61500 2
1 2 9 1 61500 2
1 2 10 0 61500 2
1 2 10 6 61500 2
1 2 11 0 61500 2
1 2 11 4 61500 2
1 2 12 8 61500 2
1 2 13 5 61500 2
1 2 14 0 61500 2
1 2 14 8 61500 2
1 2 14 1 61500 2
1 2 15 0 61500 2
1 2 4 0 61500 2
1 2 8 0 61500 2
1 2 1 0 61500 2
1 2 1 1 61500 2
1 2 2 2 61500 2
1 2 2 8 61500 2
1 2 2 8 61500 2
1 2 3 5 61500 2
1 2 3 2 61500 2
1 2 4 1 61500 2
1 2 4 9 61500 2
1 2 4 4 61500 2
1 2 5 0 61500 2
1 2 6 7 61500 2
1 2 7 2 61500 2
1 2 8 0 61500 2
1 2 9 2 62000 2
1 2 10 0 62000 2
1 2 11 2 62000 2
1 2 11 4 62000 2
1 2 11 3 62000 2
1 2 11 7 62000 2
1 2 14 9 62000 2
1 2 14 0 62000 2
1 2 15 2 62000 2
1 2 15 9 62000 2
1 2 15 3 62000 2
1 2 10 6 62000 2
1 2 8 7 62000 2
1 2 8 5 62000 2
1 2 2 5 62000 2
1 2 3 7 62000 2
1 2 3 2 62000 2
1 2 3 0 62000 2
1 2 3 3 62000 2
1 2 4 1 62000 2
1 2 4 0 62000 2
1 2 6 3 62000 2
1 2 7 9 62000 2
1 2 2 8 62000 2
1 2 8 5 62000 2
1 2 9 6 62500 2
1 2 10 8 62500 2
1 2 9 1 62500 2
1 2 10 0 62500 2
1 2 11 4 62500 2
1 2 11 0 62500 2
1 2 11 4 62500 2
1 2 11 8 62500 2
1 2 12 6 62500 2
1 2 14 2 62500 2
1 2 14 5 62500 2
1 2 14 2 62500 2
1 2 15 8 62500 2
1 2 15 4 62500 2
1 2 15 5 62500 2
1 2 9 6 62500 2
1 2 1 5 62500 2
1 2 3 3 62500 2
1 2 3 9 62500 2
1 2 4 7 62500 2
1 2 4 0 62500 2
1 2 5 9 62500 2
1 2 5 0 62500 2
1 2 6 1 62500 2
1 2 6 7 62500 2
1 2 7 9 62500 2
1 2 8 8 62500 2
1 2 8 3 62500 2
1 2 8 9 62500 2
1 2 9 9 62500 2
1 2 10 0 63000 2
1 2 9 1 63000 2
1 2 10 6 63000 2
1 2 11 6 63000 2
1 2 11 9 63000 2
1 2 11 0 63000 2
1 2 11 4 63000 2
1 2 12 4 63000 2
1 2 14 4 63000 2
1 2 14 4 63000 2
1 2 14 2 63000 2
1 2 15 5 63000 2
1 2 15 6 63000 2
1 2 15 6 63000 2
1 2 15 2 63000 2
1 2 15 9 63000 2
1 2 10 7 63000 2
1 2 0 7 63000 2
1 2 9 4 63000 2
1 2 0 8 63000 2
1 2 1 7 63000 2
1 2 1 0 63000 2
1 2 2 8 63000 2
1 2 2 7 63000 2
1 2 4 6 63000 2
1 2 4 2 63000 2
1 2 5 2 63000 2
1 2 9 4 63000 2
1 2 8 9 63000 2
1 2 7 2 63000 2
1 2 6 6 63000 2
1 2 4 1 63000 2
1 2 6 9 63000 2
1 2 5 2 63000 2
1 2 11 4 63500 2
1 2 8 5 63500 2
1 2 10 7 63500 2
1 2 11 4 63500 2
1 2 11 5 63500 2
1 2 11 7 63500 2
1 2 11 7 63500 2
1 2 11 3 63500 2
1 2 13 3 63500 2
1 2 13 2 63500 2
1 2 14 0 63500 2
1 2 14 2 63500 2
1 2 15 0 63500 2
1 2 15 2 63500 2
1 2 15 4 63500 2
1 2 7 6 63500 2
1 2 7 2 63500 2
1 2 0 0 63500 2
1 2 0 8 63500 2
1 2 1 7 63500 2
1 2 1 0 63500 2
1 2 3 8 63500 2
1 2 3 1 63500 2
1 2 3 1 63500 2
1 2 4 3 63500 2
1 2 4 6 63500 2
1 2 4 0 63500 2
1 2 5 3 63500 2
1 2 6 3 63500 2
1 2 6 5 63500 2
1 2 8 1 63500 2
1 2 3 8 63500 2
1 2 11 2 64000 2
1 2 11 5 64000 2
1 2 11 4 64000 2
1 2 11 1 64000 2
1 2 11 0 64000 2
1 2 11 7 64000 2
1 2 12 2 64000 2
1 2 12 6 64000 2
1 2 12 6 64000 2
1 2 13 7 64000 2
1 2 14 9 64000 2
1 2 15 4 64000 2
1 2 15 3 64000 2
1 2 15 9 64000 2
1 2 2 8 64000 2
1 2 10 6 64000 2
1 2 11 7 64000 2
1 2 2 5 64000 2
1 2 3 6 64000 2
1 2 3 8 64000 2
1 2 4 1 64000 2
1 2 4 0 64000 2
1 2 5 6 64000 2
1 2 5 9 64000 2
1 2 5 3 64000 2
1 2 8 4 64000 2
1 2 9 4 64000 2
1 2 9 6 64000 2
1 2 9 2 64000 2
1 2 8 5 64500 2
1 2 15 9 64500 2
1 2 14 4 64500 2
1 2 14 2 64500 2
1 2 13 6 64500 2
1 2 13 7 64500 2
1 2 12 2 64500 2
1 2 11 4 64500 2
1 2 11 0 64500 2
1 2 9 1 64500 2
1 2 6 3 64500 2
1 2 6 2 64500 2
1 2 4 8 64500 2
1 2 4 7 64500 2
1 2 3 8 64500 2
1 2 0 8 64500 2
1 2 0 4 64500 2
1 2 0 1 64500 2
1 2 8 9 64500 2
1 2 15 4 65000 2
1 2 9 7 65000 2
1 2 11 2 65000 2
1 2 12 0 65000 2
1 2 13 3 65000 2
1 2 13 6 65000 2
1 2 14 5 65000 2
1 2 14 4 65000 2
1 2 15 0 65000 2
1 2 15 8 65000 2
1 2 1 6 65000 2
1 2 8 8 65000 2
1 2 7 9 65000 2
1 2 6 1 65000 2
1 2 6 6 65000 2
1 2 6 2 65000 2
1 2 5 5 65000 2
1 2 4 1 65000 2
1 2 3 2 65000 2
1 2 2 9 65000 2
1 2 9 5 65000 2
1 2 9 5 65500 2
1 2 10 9 65500 2
1 2 11 6 65500 2
1 2 11 0 65500 2
1 2 11 8 65500 2
1 2 12 4 65500 2
1 2 12 4 65500 2
1 2 13 6 65500 2
1 2 14 4 65500 2
1 2 15 6 65500 2
1 2 15 0 65500 2
1 2 3 4 65500 2
1 2 8 1 65500 2
1 2 8 2 65500 2
1 2 2 9 65500 2
1 2 1 4 65500 2
1 2 3 4 65500 2
1 2 4 1 65500 2
1 2 5 9 65500 2
1 2 6 3 65500 2
1 2 7 5 65500 2
1 2 7 7 65500 2
1 2 5 0 65500 2
1 2 7 3 66000 2
1 2 8 1 66000 2
1 2 8 6 66000 2
1 2 8 2 66000 2
1 2 8 6 66000 2
1 2 9 2 66000 2
1 2 10 9 66000 2
1 2 10 3 66000 2
1 2 11 2 66000 2
1 2 11 9 66000 2
1 2 11 4 66000 2
1 2 12 7 66000 2
1 2 12 4 66000 2
1 2 7 9 66000 2
1 2 0 7 66000 2
1 2 1 3 66000 2
1 2 2 9 66000 2
1 2 2 7 66000 2
1 2 2 9 66000 2
1 2 3 8 66000 2
1 2 4 3 66000 2
1 2 4 8 66000 2
1 2 5 2 66000 2
1 2 5 9 66000 2
1 2 6 8 66000 2
1 2 7 9 66000 2
1 2 14 8 66500 2
1 2 14 9 66500 2
1 2 14 9 66500 2
1 2 5 9 66500 2
1 2 13 7 66500 2
1 2 12 5 66500 2
1 2 12 2 66500 2
1 2 11 7 66500 2
1 2 10 1 66500 2
1 2 9 3 66500 2
1 2 8 0 66500 2
1 2 9 4 66500 2
1 2 2 2 66500 2
1 2 3 5 66500 2
1 2 4 2 66500 2
1 2 6 2 66500 2
1 2 7 9 66500 2
1 2 8 7 66500 2
1 2 8 7 66500 2
1 2 8 9 66500 2
1 2 11 7 67000 2
1 2 15 1 67000 2
1 2 13 4 67000 2
1 2 13 9 67000 2
1 2 12 6 67000 2
1 2 12 2 67000 2
1 2 12 9 67000 2
1 2 11 3 67000 2
1 2 11 0 67000 2
1 2 9 5 67000 2
1 2 8 8 67000 2
1 2 8 5 67000 2
1 2 7 7 67000 2
1 2 7 6 67000 2
1 2 6 6 67000 2
1 2 4 0 67000 2
1 2 3 5 67000 2
1 2 10 3 67000 2
1 2 0 3 67000 2
1 2 15 9 67500 2
1 2 11 8 67500 2
1 2 11 7 67500 2
1 2 12 8 67500 2
1 2 12 8 67500 2
1 2 13 7 67500 2
1 2 13 8 67500 2
1 2 13 9 67500 2
1 2 14 0 67500 2
1 2 15 6 67500 2
1 2 15 1 67500 2
1 2 15 9 67500 2
1 2 11 7 67500 2
1 2 11 9 67500 2
1 2 0 7 67500 2
1 2 3 4 67500 2
1 2 4 8 67500 2
1 2 5 7 67500 2
1 2 5 3 67500 2
1 2 6 4 67500 2
1 2 8 0 67500 2
1 2 9 6 67500 2
1 2 10 5 67500 2
1 2 10 9 67500 2
1 2 10 1 67500 2
1 2 15 4 68000 2
1 2 15 4 68000 2
1 2 14 8 68000 2
1 2 14 9 68000 2
1 2 14 2 68000 2
1 2 11 5 68000 2
1 2 11 3 68000 2
1 2 10 1 68000 2
1 2 8 9 68000 2
1 2 7 4 68000 2
1 2 8 9 68000 2
1 2 0 3 68000 2
1 2 0 6 68000 2
1 2 1 2 68000 2
1 2 2 4 68000 2
1 2 3 6 68000 2
1 2 3 8 68000 2
1 2 6 7 68000 2
1 2 13 6 68500 2
1 2 13 9 68500 2
1 2 13 3 68500 2
1 2 13 4 68500 2
1 2 11 4 68500 2
1 2 11 9 68500 2
1 2 11 3 68500 2
1 2 10 7 68500 2
1 2 10 5 68500 2
1 2 9 5 68500 2
1 2 8 4 68500 2
1 2 8 0 68500 2
1 2 8 9 68500 2
1 2 8 9 68500 2
1 2 7 5 68500 2
1 2 7 5 68500 2
1 2 4 1 68500 2
1 2 0 7 68500 2
1 2 8 3 68500 2
1 2 8 2 69000 2
1 2 8 3 69000 2
1 2 11 2 69000 2
1 2 11 6 69000 2
1 2 11 0 69000 2
1 2 13 4 69000 2
1 2 14 8 69000 2
1 2 14 8 69000 2
1 2 14 2 69000 2
1 2 7 2 69000 2
1 2 8 9 69000 2
1 2 0 3 69000 2
1 2 0 6 69000 2
1 2 1 6 69000 2
1 2 4 1 69000 2
1 2 4 2 69000 2
1 2 5 6 69000 2
1 2 5 9 69000 2
1 2 7 9 69000 2
1 2 8 9 69500 2
1 2 15 2 69500 2
1 2 15 5 69500 2
1 2 14 0 69500 2
1 2 14 4 69500 2
1 2 13 7 69500 2
1 2 13 8 69500 2
1 2 8 2 69500 2
1 2 8 5 69500 2
1 2 6 0 69500 2
1 2 4 7 69500 2
1 2 3 4 69500 2
1 2 3 9 69500 2
1 2 3 7 69500 2
1 2 2 2 69500 2
1 2 9 3 70000 2
1 2 3 4 70000 2
1 2 11 6 70000 2
1 2 11 4 70000 2
1 2 12 8 70000 2
1 2 12 6 70000 2
1 2 13 9 70000 2
1 2 14 4 70000 2
1 2 15 8 70000 2
1 2 15 9 70000 2
1 2 7 6 70000 2
1 2 6 4 70000 2
1 2 6 5 70000 2
1 2 5 7 70000 2
1 2 4 6 70000 2
1 2 4 0 70000 2
1 2 8 7 70000 2
1 2 3 4 70000 2
1 2 1 8 70000 2
1 2 8 9 70500 2
1 2 8 4 70500 2
1 2 10 5 70500 2
1 2 10 6 70500 2
1 2 11 1 70500 2
1 2 11 9 70500 2
1 2 11 0 70500 2
1 2 12 6 70500 2
1 2 14 2 70500 2
1 2 15 3 70500 2
1 2 8 0 70500 2
1 2 7 4 70500 2
1 2 0 4 70500 2
1 2 3 8 70500 2
1 2 4 6 70500 2
1 2 4 6 70500 2
1 2 5 6 70500 2
1 2 5 3 70500 2
1 2 5 0 70500 2
1 2 5 6 70500 2
1 2 5 1 70500 2
1 2 6 9 70500 2
1 2 7 5 70500 2
1 2 11 3 71000 2
1 2 15 9 71000 2
1 2 15 7 71000 2
1 2 13 4 71000 2
1 2 13 6 71000 2
1 2 13 5 71000 2
1 2 12 2 71000 2
1 2 11 9 71000 2
1 2 10 6 71000 2
1 2 8 4 71000 2
1 2 8 7 71000 2
1 2 7 9 71000 2
1 2 8 4 71000 2
1 2 2 8 71000 2
1 2 2 9 71000 2
1 2 3 4 71000 2
1 2 3 8 71000 2
1 2 4 4 71000 2
1 2 4 0 71000 2
1 2 0 3 71000 2
1 2 7 5 71000 2
1 2 7 5 71000 2
1 2 15 4 71500 2
1 2 15 5 71500 2
1 2 14 3 71500 2
1 2 13 4 71500 2
1 2 6 2 71500 2
1 2 13 9 71500 2
1 2 12 2 71500 2
1 2 11 6 71500 2
1 2 10 6 71500 2
1 2 10 5 71500 2
1 2 9 6 71500 2
1 2 8 1 71500 2
1 2 7 9 71500 2
1 2 4 4 71500 2
1 2 3 7 71500 2
1 2 2 6 71500 2
1 2 0 5 71500 2
1 2 8 7 72000 2
1 2 10 3 72000 2
1 2 11 9 72000 2
1 2 11 8 72000 2
1 2 12 6 72000 2
1 2 13 9 72000 2
1 2 15 2 72000 2
1 2 7 5 72000 2
1 2 6 4 72000 2
1 2 5 5 72000 2
1 2 4 2 72000 2
1 2 3 9 72000 2
1 2 0 6 72000 2
1 2 7 7 72000 2
1 2 8 8 72500 2
1 2 14 5 72500 2
1 2 9 2 72500 2
1 2 10 4 72500 2
1 2 11 3 72500 2
1 2 11 6 72500 2
1 2 12 2 72500 2
1 2 13 3 72500 2
1 2 13 5 72500 2
1 2 14 1 72500 2
1 2 15 2 72500 2
1 2 2 8 72500 2
1 2 8 7 72500 2
1 2 0 8 72500 2
1 2 0 9 72500 2
1 2 2 7 72500 2
1 2 2 6 72500 2
1 2 3 4 72500 2
1 2 6 3 72500 2
1 2 7 7 72500 2
1 2 7 4 72500 2
1 2 8 0 72500 2
1 2 9 5 73000 2
1 2 15 0 73000 2
1 2 12 2 73000 2
1 2 11 4 73000 2
1 2 11 9 73000 2
1 2 11 6 73000 2
1 2 9 3 73000 2
1 2 8 4 73000 2
1 2 7 1 73000 2
1 2 7 5 73000 2
1 2 5 4 73000 2
1 2 5 7 73000 2
1 2 0 5 73000 2
1 2 14 8 73500 2
1 2 14 0 73500 2
1 2 13 4 73500 2
1 2 13 4 73500 2
1 2 12 5 73500 2
1 2 11 0 73500 2
1 2 8 7 73500 2
1 2 8 7 73500 2
1 2 8 6 73500 2
1 2 7 4 73500 2
1 2 5 9 73500 2
1 2 6 1 73500 2
1 2 0 3 73500 2
1 2 0 1 73500 2
1 2 1 2 73500 2
1 2 2 2 73500 2
1 2 3 7 73500 2
1 2 4 3 73500 2
1 2 4 4 73500 2
1 2 5 7 73500 2
1 2 5 3 73500 2
1 2 8 7 74000 2
1 2 15 6 74000 2
1 2 14 8 74000 2
1 2 14 9 74000 2
1 2 14 2 74000 2
1 2 12 4 74000 2
1 2 12 4 74000 2
1 2 11 4 74000 2
1 2 11 9 74000 2
1 2 10 4 74000 2
1 2 7 9 74000 2
1 2 5 8 74000 2
1 2 5 5 74000 2
1 2 4 8 74000 2
1 2 4 1 74000 2
1 2 3 2 74000 2
1 2 3 8 74000 2
1 2 2 0 74000 2
1 2 8 9 74000 2
1 2 0 6 74000 2
1 2 15 0 74500 2
1 2 8 7 74500 2
1 2 8 2 74500 2
1 2 9 3 74500 2
1 2 11 9 74500 2
1 2 12 4 74500 2
1 2 12 8 74500 2
1 2 13 8 74500 2
1 2 14 8 74500 2
1 2 3 4 74500 2
1 2 0 8 74500 2
1 2 8 4 74500 2
1 2 0 8 74500 2
1 2 2 6 74500 2
1 2 3 4 74500 2
1 2 3 9 74500 2
1 2 5 1 74500 2
1 2 5 0 74500 2
1 2 6 8 74500 2
1 2 8 7 74500 2
1 2 8 2 75000 2
1 2 15 0 75000 2
1 2 14 0 75000 2
1 2 12 4 75000 2
1 2 11 4 75000 2
1 2 10 9 75000 2
1 2 9 5 75000 2
1 2 8 2 75000 2
1 2 8 9 75000 2
1 2 3 5 75000 2
1 2 3 4 75000 2
1 2 2 9 75000 2
1 2 0 3 75000 2
1 2 0 8 75000 2
1 2 14 3 75500 2
1 2 2 4 75500 2
1 2 14 9 75500 2
1 2 14 2 75500 2
1 2 13 4 75500 2
1 2 12 9 75500 2
1 2 12 8 75500 2
1 2 11 4 75500 2
1 2 10 1 75500 2
1 2 11 4 75500 2
1 2 1 9 75500 2
1 2 3 8 75500 2
1 2 7 9 75500 2
1 2 8 7 75500 2
1 2 8 9 75500 2
1 2 9 6 75500 2
1 2 8 6 76000 2
1 2 15 1 76000 2
1 2 15 0 76000 2
1 2 15 8 76000 2
1 2 14 0 76000 2
1 2 13 5 76000 2
1 2 13 2 76000 2
1 2 8 8 76000 2
1 2 8 0 76000 2
1 2 6 0 76000 2
1 2 0 2 76000 2
1 2 2 8 76000 2
1 2 3 8 76000 2
1 2 4 4 76000 2
1 2 4 1 76000 2
1 2 4 8 76000 2
1 2 4 7 76000 2
1 2 6 8 76000 2
1 2 2 6 76500 2
1 2 15 9 76500 2
1 2 14 6 76500 2
1 2 13 9 76500 2
1 2 11 0 76500 2
1 2 10 6 76500 2
1 2 8 9 76500 2
1 2 8 7 76500 2
1 2 8 2 76500 2
1 2 6 0 76500 2
1 2 4 4 76500 2
1 2 3 8 76500 2
1 2 3 7 76500 2
1 2 3 2 76500 2
1 2 3 8 76500 2
1 2 7 6 76500 2
1 2 2 2 76500 2
1 2 0 4 76500 2
1 2 10 1 77000 2
1 2 11 8 77000 2
1 2 11 7 77000 2
1 2 11 0 77000 2
1 2 12 9 77000 2
1 2 13 8 77000 2
1 2 13 4 77000 2
1 2 13 7 77000 2
1 2 14 8 77000 2
1 2 15 5 77000 2
1 2 15 4 77000 2
1 2 10 5 77000 2
1 2 9 1 77000 2
1 2 3 2 77000 2
1 2 3 2 77000 2
1 2 4 6 77000 2
1 2 4 0 77000 2
1 2 5 4 77000 2
1 2 5 9 77000 2
1 2 7 7 77000 2
1 2 8 7 77000 2
1 2 8 9 77000 2
1 2 8 2 77000 2
1 2 9 3 77000 2
1 2 6 3 77000 2
1 2 10 0 77500 2
1 2 13 9 77500 2
1 2 12 4 77500 2
1 2 12 6 77500 2
1 2 11 3 77500 2
1 2 10 4 77500 2
1 2 8 8 77500 2
1 2 8 7 77500 2
1 2 6 3 77500 2
1 2 1 9 77500 2
1 2 1 4 77500 2
1 2 2 9 77500 2
1 2 4 3 77500 2
1 2 4 8 77500 2
1 2 4 8 77500 2
1 2 5 9 77500 2
1 2 8 6 77500 2
1 2 1 4 78000 2
1 2 15 2 78000 2
1 2 15 9 78000 2
1 2 14 8 78000 2
1 2 14 2 78000 2
1 2 13 6 78000 2
1 2 13 4 78000 2
1 2 12 6 78000 2
1 2 12 6 78000 2
1 2 11 7 78000 2
1 2 11 9 78000 2
1 2 10 6 78000 2
1 2 9 5 78000 2
1 2 8 7 78000 2
1 2 8 7 78000 2
1 2 7 9 78000 2
1 2 7 5 78000 2
1 2 4 8 78000 2
1 2 3 8 78000 2
1 2 2 0 78000 2
1 2 2 2 78000 2
1 2 2 8 78000 2
1 2 0 3 78000 2
1 2 7 0 78500 2
1 2 6 4 78500 2
1 2 11 6 78500 2
1 2 14 8 78500 2
1 2 15 5 78500 2
1 2 2 4 78500 2
1 2 4 5 78500 2
1 2 4 2 78500 2
1 2 1 4 78500 2
1 2 0 1 78500 2
1 2 0 4 78500 2
1 2 5 7 78500 2
1 2 14 4 79000 2
1 2 15 3 79000 2
1 2 15 6 79000 2
1 2 12 4 79000 2
1 2 12 1 79000 2
1 2 12 0 79000 2
1 2 11 2 79000 2
1 2 8 0 79000 2
1 2 4 3 79000 2
1 2 3 8 79000 2
1 2 10 4 79000 2
1 2 3 5 79000 2
1 2 2 9 79000 2
1 2 2 6 79000 2
1 2 10 9 79500 2
1 2 10 8 79500 2
1 2 11 9 79500 2
1 2 11 9 79500 2
1 2 11 4 79500 2
1 2 12 3 79500 2
1 2 13 3 79500 2
1 2 14 7 79500 2
1 2 14 1 79500 2
1 2 14 7 79500 2
1 2 15 8 79500 2
1 2 15 1 79500 2
1 2 15 4 79500 2
1 2 15 2 79500 2
1 2 5 9 79500 2
1 2 8 7 79500 2
1 2 0 4 79500 2
1 2 1 2 79500 2
1 2 1 4 79500 2
1 2 2 2 79500 2
1 2 2 6 79500 2
1 2 3 4 79500 2
1 2 3 5 79500 2
1 2 4 8 79500 2
1 2 5 3 79500 2
1 2 6 0 79500 2
1 2 6 1 79500 2
1 2 7 9 79500 2
1 2 8 7 79500 2
1 2 8 2 79500 2
1 2 6 8 80000 2
1 2 14 4 80000 2
1 2 14 5 80000 2
1 2 13 5 80000 2
1 2 11 0 80000 2
1 2 9 1 80000 2
1 2 9 4 80000 2
1 2 8 9 80000 2
1 2 8 0 80000 2
1 2 7 2 80000 2
1 2 7 7 80000 2
1 2 6 9 80000 2
1 2 5 5 80000 2
1 2 3 4 80000 2
1 2 3 8 80000 2
1 2 0 5 80000 2
1 2 8 7 80000 2
1 2 10 9 80500 2
1 2 15 7 80500 2
1 2 14 8 80500 2
1 2 13 5 80500 2
1 2 12 8 80500 2
1 2 11 3 80500 2
1 2 7 1 80500 2
1 2 7 5 80500 2
1 2 5 7 80500 2
1 2 3 7 80500 2
1 2 2 5 80500 2
1 2 1 6 80500 2
1 2 7 4 80500 2
1 2 0 9 80500 2
1 2 12 8 81000 2
1 2 6 9 81000 2
1 2 7 9 81000 2
1 2 8 1 81000 2
1 2 10 7 81000 2
1 2 10 2 81000 2
1 2 10 1 81000 2
1 2 12 1 81000 2
1 2 14 3 81000 2
1 2 15 7 81000 2
1 2 3 2 81000 2
1 2 5 5 81000 2
1 2 0 3 81000 2
1 2 0 8 81000 2
1 2 1 3 81000 2
1 2 4 1 81000 2
1 2 4 4 81000 2
1 2 5 1 81000 2
1 2 5 8 81000 2
1 2 5 3 81000 2
1 2 6 8 81000 2
1 2 14 0 81500 2
1 2 14 3 81500 2
1 2 14 9 81500 2
1 2 12 2 81500 2
1 2 11 3 81500 2
1 2 11 2 81500 2
1 2 3 8 81500 2
1 2 6 9 81500 2
1 2 3 5 81500 2
1 2 1 7 81500 2
1 2 1 7 81500 2
1 2 1 9 81500 2
1 2 0 7 81500 2
1 2 0 7 81500 2
1 2 0 4 81500 2
1 2 5 3 81500 2
1 2 12 6 82000 2
1 2 14 1 82000 2
1 2 13 6 82000 2
1 2 13 4 82000 2
1 2 12 4 82000 2
1 2 12 2 82000 2
1 2 11 3 82000 2
1 2 8 9 82000 2
1 2 8 7 82000 2
1 2 7 5 82000 2
1 2 6 3 82000 2
1 2 4 7 82000 2
1 2 3 4 82000 2
1 2 1 7 82000 2
1 2 10 1 82500 2
1 2 10 0 82500 2
1 2 10 4 82500 2
1 2 10 9 82500 2
1 2 10 3 82500 2
1 2 10 8 82500 2
1 2 12 2 82500 2
1 2 12 2 82500 2
1 2 13 8 82500 2
1 2 14 8 82500 2
1 2 15 6 82500 2
1 2 2 2 82500 2
1 2 8 4 82500 2
1 2 0 6 82500 2
1 2 0 6 82500 2
1 2 0 0 82500 2
1 2 0 1 82500 2
1 2 1 0 82500 2
1 2 2 9 82500 2
1 2 4 3 82500 2
1 2 5 0 82500 2
1 2 6 3 82500 2
1 2 9 1 82500 2
1 2 12 2 83000 2
1 2 15 2 83000 2
1 2 15 1 83000 2
1 2 12 3 83000 2
1 2 11 8 83000 2
1 2 11 4 83000 2
1 2 10 1 83000 2
1 2 9 0 83000 2
1 2 8 1 83000 2
1 2 5 3 83000 2
1 2 6 7 83000 2
1 2 0 4 83000 2
1 2 0 1 83000 2
1 2 3 1 83000 2
1 2 0 2 83000 2
1 2 3 4 83000 2
1 2 4 9 83000 2
1 2 4 6 83000 2
1 2 4 5 83000 2
1 2 14 2 83500 2
1 2 10 9 83500 2
1 2 10 4 83500 2
1 2 11 6 83500 2
1 2 12 1 83500 2
1 2 12 8 83500 2
1 2 13 3 83500 2
1 2 13 5 83500 2
1 2 13 1 83500 2
1 2 14 1 83500 2
1 2 14 3 83500 2
1 2 14 9 83500 2
1 2 15 8 83500 2
1 2 0 9 83500 2
1 2 10 7 83500 2
1 2 0 8 83500 2
1 2 1 6 83500 2
1 2 1 9 83500 2
1 2 5 7 83500 2
1 2 5 2 83500 2
1 2 5 1 83500 2
1 2 6 3 83500 2
1 2 6 4 83500 2
1 2 6 4 83500 2
1 2 8 6 83500 2
1 2 9 3 83500 2
1 2 7 8 84000 2
1 2 15 3 84000 2
1 2 15 7 84000 2
1 2 14 5 84000 2
1 2 12 5 84000 2
1 2 12 7 84000 2
1 2 10 9 84000 2
1 2 10 9 84000 2
1 2 9 6 84000 2
1 2 5 3 84000 2
1 2 4 6 84000 2
1 2 4 3 84000 2
1 2 3 7 84000 2
1 2 3 8 84000 2
1 2 2 0 84000 2
1 2 1 3 84000 2
1 2 0 3 84000 2
1 2 6 3 84000 2
1 2 7 3 84500 2
1 2 8 1 84500 2
1 2 8 1 84500 2
1 2 10 6 84500 2
1 2 10 1 84500 2
1 2 12 6 84500 2
1 2 12 1 84500 2
1 2 12 5 84500 2
1 2 13 2 84500 2
1 2 14 2 84500 2
1 2 14 0 84500 2
1 2 15 7 84500 2
1 2 5 3 84500 2
1 2 5 4 84500 2
1 2 0 9 84500 2
1 2 0 0 84500 2
1 2 0 0 84500 2
1 2 0 7 84500 2
1 2 0 8 84500 2
1 2 2 6 84500 2
1 2 2 9 84500 2
1 2 3 4 84500 2
1 2 3 4 84500 2
1 2 4 2 84500 2
1 2 5 5 84500 2
1 2 10 5 85000 2
1 2 7 5 85000 2
1 2 10 7 85000 2
1 2 12 2 85000 2
1 2 13 4 85000 2
1 2 13 7 85000 2
1 2 13 5 85000 2
1 2 13 5 85000 2
1 2 14 1 85000 2
1 2 14 1 85000 2
1 2 14 8 85000 2
1 2 14 2 85000 2
1 2 15 1 85000 2
1 2 15 2 85000 2
1 2 15 1 85000 2
1 2 7 1 85000 2
1 2 0 2 85000 2
1 2 0 5 85000 2
1 2 1 4 85000 2
1 2 1 3 85000 2
1 2 1 9 85000 2
1 2 2 6 85000 2
1 2 3 3 85000 2
1 2 3 7 85000 2
1 2 4 0 85000 2
1 2 4 1 85000 2
1 2 5 4 85000 2
1 2 6 5 85000 2
1 2 6 1 85000 2
1 2 8 5 85500 2
1 2 11 0 85500 2
1 2 11 4 85500 2
1 2 12 7 85500 2
1 2 12 6 85500 2
1 2 15 7 85500 2
1 2 15 3 85500 2
1 2 15 6 85500 2
1 2 13 9 85500 2
1 2 5 7 85500 2
1 2 7 1 85500 2
1 2 0 5 85500 2
1 2 0 1 85500 2
1 2 0 4 85500 2
1 2 0 4 85500 2
1 2 0 1 85500 2
1 2 1 5 85500 2
1 2 1 7 85500 2
1 2 9 5 86000 2
1 2 15 4 86000 2
1 2 15 2 86000 2
1 2 14 9 86000 2
1 2 13 7 86000 2
1 2 12 8 86000 2
1 2 12 1 86000 2
1 2 11 6 86000 2
1 2 7 3 86000 2
1 2 7 5 86000 2
1 2 6 2 86000 2
1 2 0 7 86000 2
1 2 1 2 86000 2
1 2 1 7 86000 2
1 2 1 5 86000 2
1 2 2 6 86000 2
1 2 4 3 86000 2
1 2 5 1 86000 2
1 2 4 2 86000 2
1 2 6 1 86000 2
1 2 6 8 86500 2
1 2 6 5 86500 2
1 2 6 2 86500 2
1 2 7 5 86500 2
1 2 8 6 86500 2
1 2 8 6 86500 2
1 2 10 9 86500 2
1 2 12 4 86500 2
1 2 13 6 86500 2
1 2 15 5 86500 2
1 2 15 6 86500 2
1 2 15 2 86500 2
1 2 2 5 86500 2
1 2 5 0 86500 2
1 2 1 4 86500 2
1 2 2 3 86500 2
1 2 2 5 86500 2
1 2 3 3 86500 2
1 2 3 4 86500 2
1 2 4 2 86500 2
1 2 5 0 86500 2
1 2 5 3 86500 2
1 2 5 2 86500 2
1 2 5 2 86500 2
1 2 6 6 86500 2
1 2 8 8 87000 2
1 2 10 7 87000 2
1 2 10 8 87000 2
1 2 11 0 87000 2
1 2 12 1 87000 2
1 2 12 6 87000 2
1 2 12 8 87000 2
1 2 13 3 87000 2
1 2 13 6 87000 2
1 2 14 1 87000 2
1 2 14 4 87000 2
1 2 15 0 87000 2
1 2 4 2 87000 2
1 2 7 4 87000 2
1 2 8 5 87000 2
1 2 0 6 87000 2
1 2 1 2 87000 2
1 2 1 7 87000 2
1 2 3 3 87000 2
1 2 3 2 87000 2
1 2 3 1 87000 2
1 2 4 4 87000 2
1 2 0 4 87000 2
1 2 5 1 87000 2
1 2 6 1 87000 2
1 2 7 1 87000 2
1 2 10 8 87500 2
1 2 15 0 87500 2
1 2 14 8 87500 2
1 2 14 8 87500 2
1 2 13 9 87500 2
1 2 13 5 87500 2
1 2 12 2 87500 2
1 2 10 4 87500 2
1 2 10 8 87500 2
1 2 7 4 87500 2
1 2 6 9 87500 2
1 2 5 2 87500 2
1 2 5 8 87500 2
1 2 3 4 87500 2
1 2 1 1 87500 2
1 2 0 9 87500 2
1 2 7 9 88000 2
1 2 1 9 88000 2
1 2 8 7 88000 2
1 2 10 7 88000 2
1 2 10 0 88000 2
1 2 11 3 88000 2
1 2 11 8 88000 2
1 2 13 1 88000 2
1 2 13 1 88000 2
1 2 14 1 88000 2
1 2 14 9 88000 2
1 2 15 2 88000 2
1 2 15 1 88000 2
1 2 15 1 88000 2
1 2 6 5 88000 2
1 2 0 6 88000 2
1 2 0 4 88000 2
1 2 0 3 88000 2
1 2 7 5 88000 2
1 2 3 4 88000 2
1 2 3 7 88000 2
1 2 5 8 88000 2
1 2 5 2 88000 2
1 2 6 3 88000 2
1 2 6 5 88000 2
1 2 6 3 88000 2
1 2 6 4 88000 2
1 2 7 8 88500 2
1 2 10 8 88500 2
1 2 14 3 88500 2
1 2 14 8 88500 2
1 2 15 3 88500 2
1 2 15 0 88500 2
1 2 15 4 88500 2
1 2 3 2 88500 2
1 2 6 4 88500 2
1 2 5 7 88500 2
1 2 5 8 88500 2
1 2 4 2 88500 2
1 2 0 9 88500 2
1 2 3 3 88500 2
1 2 0 2 88500 2
1 2 6 9 88500 2
1 2 6 1 89000 2
1 2 15 1 89000 2
1 2 15 3 89000 2
1 2 11 4 89000 2
1 2 10 9 89000 2
1 2 8 8 89000 2
1 2 7 8 89000 2
1 2 6 2 89000 2
1 2 4 4 89000 2
1 2 3 1 89000 2
1 2 3 6 89000 2
1 2 1 3 89000 2
1 2 1 9 89000 2
1 2 0 8 89000 2
1 2 5 3 89000 2
1 2 0 8 89000 2
1 2 11 0 89500 2
1 2 6 1 89500 2
1 2 6 4 89500 2
1 2 6 9 89500 2
1 2 7 1 89500 2
1 2 7 8 89500 2
1 2 10 7 89500 2
1 2 10 9 89500 2
1 2 15 7 89500 2
1 2 0 1 89500 2
1 2 5 3 89500 2
1 2 5 6 89500 2
1 2 4 5 89500 2
1 2 3 1 89500 2
1 2 0 2 89500 2
1 2 0 7 89500 2
1 2 0 3 89500 2
1 2 0 9 89500 2
1 2 6 8 89500 2
1 2 7 4 90000 2
1 2 7 7 90000 2
1 2 10 7 90000 2
1 2 10 1 90000 2
1 2 5 2 90000 2
1 2 11 6 90000 2
1 2 12 2 90000 2
1 2 12 2 90000 2
1 2 13 1 90000 2
1 2 14 4 90000 2
1 2 15 2 90000 2
1 2 15 0 90000 2
1 2 6 4 90000 2
1 2 6 2 90000 2
1 2 0 4 90000 2
1 2 1 4 90000 2
1 2 2 2 90000 2
1 2 2 7 90000 2
1 2 3 0 90000 2
1 2 3 5 90000 2
1 2 5 4 90000 2
1 2 6 3 90000 2
1 2 2 9 90000 2
1 2 10 9 90500 2
1 2 10 1 90500 2
1 2 11 0 90500 2
1 2 11 8 90500 2
1 2 11 4 90500 2
1 2 12 2 90500 2
1 2 12 4 90500 2
1 2 13 8 90500 2
1 2 13 2 90500 2
1 2 15 2 90500 2
1 2 15 7 90500 2
1 2 10 9 90500 2
1 2 10 2 90500 2
1 2 0 3 90500 2
1 2 2 2 90500 2
1 2 3 0 90500 2
1 2 4 5 90500 2
1 2 5 8 90500 2
1 2 5 9 90500 2
1 2 6 3 90500 2
1 2 6 4 90500 2
1 2 7 5 90500 2
1 2 7 1 90500 2
1 2 9 5 90500 2
1 2 15 1 91000 2
1 2 15 7 91000 2
1 2 14 4 91000 2
1 2 14 0 91000 2
1 2 13 9 91000 2
1 2 13 6 91000 2
1 2 12 4 91000 2
1 2 12 8 91000 2
1 2 11 4 91000 2
1 2 11 6 91000 2
1 2 9 2 91000 2
1 2 7 1 91000 2
1 2 8 5 91000 2
1 2 0 9 91000 2
1 2 0 8 91000 2
1 2 1 7 91000 2
1 2 2 3 91000 2
1 2 3 3 91000 2
1 2 3 6 91000 2
1 2 3 4 91000 2
1 2 4 1 91000 2
1 2 5 7 91000 2
1 2 7 8 91000 2
1 2 3 5 91500 2
1 2 15 8 91500 2
1 2 15 5 91500 2
1 2 15 7 91500 2
1 2 14 1 91500 2
1 2 12 4 91500 2
1 2 11 3 91500 2
1 2 8 7 91500 2
1 2 7 4 91500 2
1 2 5 6 91500 2
1 2 3 8 91500 2
1 2 3 1 91500 2
1 2 2 1 91500 2
1 2 1 7 91500 2
1 2 1 6 91500 2
1 2 1 7 91500 2
1 2 0 8 91500 2
1 2 0 1 91500 2
1 2 0 8 91500 2
1 2 0 4 91500 2
1 2 7 3 92000 2
1 2 7 8 92000 2
1 2 8 6 92000 2
1 2 9 5 92000 2
1 2 10 7 92000 2
1 2 14 4 92000 2
1 2 15 3 92000 2
1 2 15 0 92000 2
1 2 15 0 92000 2
1 2 15 2 92000 2
1 2 0 4 92000 2
1 2 7 9 92000 2
1 2 0 2 92000 2
1 2 3 6 92000 2
1 2 3 4 92000 2
1 2 3 8 92000 2
1 2 3 4 92000 2
1 2 4 1 92000 2
1 2 5 3 92000 2
1 2 5 7 92000 2
1 2 6 8 92000 2
1 2 7 1 92000 2
1 2 9 1 92500 2
1 2 15 2 92500 2
1 2 15 5 92500 2
1 2 14 1 92500 2
1 2 14 4 92500 2
1 2 13 5 92500 2
1 2 12 4 92500 2
1 2 10 1 92500 2
1 2 9 6 92500 2
1 2 8 7 92500 2
1 2 6 1 92500 2
1 2 7 1 92500 2
1 2 0 1 92500 2
1 2 2 4 92500 2
1 2 3 4 92500 2
1 2 4 9 92500 2
1 2 4 1 92500 2
1 2 5 1 92500 2
1 2 6 8 92500 2
1 2 6 1 92500 2
1 2 0 6 92500 2
1 2 14 7 93000 2
1 2 15 3 93000 2
1 2 15 6 93000 2
1 2 13 5 93000 2
1 2 13 5 93000 2
1 2 12 7 93000 2
1 2 10 6 93000 2
1 2 10 9 93000 2
1 2 10 3 93000 2
1 2 9 0 93000 2
1 2 8 1 93000 2
1 2 7 5 93000 2
1 2 8 4 93000 2
1 2 0 1 93000 2
1 2 0 8 93000 2
1 2 0 1 93000 2
1 2 1 5 93000 2
1 2 2 7 93000 2
1 2 2 4 93000 2
1 2 3 4 93000 2
1 2 5 2 93000 2
1 2 6 3 93000 2
1 2 6 5 93000 2
1 2 15 2 93500 2
1 2 14 1 93500 2
1 2 13 5 93500 2
1 2 12 9 93500 2
1 2 11 9 93500 2
1 2 10 5 93500 2
1 2 10 8 93500 2
1 2 9 5 93500 2
1 2 5 4 93500 2
1 2 8 9 93500 2
1 2 5 4 93500 2
1 2 0 3 93500 2
1 2 0 1 93500 2
1 2 0 8 93500 2
1 2 1 5 93500 2
1 2 3 1 93500 2
1 2 3 7 93500 2
1 2 4 8 93500 2
1 2 5 9 93500 2
1 2 7 6 93500 2
1 2 6 3 94000 2
1 2 14 4 94000 2
1 2 14 7 94000 2
1 2 12 6 94000 2
1 2 10 1 94000 2
1 2 9 5 94000 2
1 2 8 9 94000 2
1 2 7 1 94000 2
1 2 6 0 94000 2
1 2 6 5 94000 2
1 2 5 3 94000 2
1 2 5 9 94000 2
1 2 4 7 94000 2
1 2 2 9 94000 2
1 2 2 1 94000 2
1 2 0 1 94000 2
1 2 0 7 94000 2
1 2 5 3 94500 2
1 2 14 1 94500 2
1 2 5 2 94500 2
1 2 6 5 94500 2
1 2 8 7 94500 2
1 2 10 8 94500 2
1 2 10 6 94500 2
1 2 12 5 94500 2
1 2 12 2 94500 2
1 2 13 6 94500 2
1 2 14 2 94500 2
1 2 14 4 94500 2
1 2 14 0 94500 2
1 2 5 4 94500 2
1 2 5 1 94500 2
1 2 0 2 94500 2
1 2 0 5 94500 2
1 2 0 2 94500 2
1 2 2 1 94500 2
1 2 2 1 94500 2
1 2 3 7 94500 2
1 2 3 9 94500 2
1 2 4 5 94500 2
1 2 4 7 94500 2
1 2 4 2 94500 2
1 2 5 9 94500 2
1 2 15 2 95000 2
1 2 15 6 95000 2
1 2 14 0 95000 2
1 2 14 4 95000 2
1 2 13 5 95000 2
1 2 13 2 95000 2
1 2 12 8 95000 2
1 2 5 7 95000 2
1 2 10 9 95000 2
1 2 9 1 95000 2
1 2 6 8 95000 2
1 2 5 8 95000 2
1 2 5 1 95000 2
1 2 4 4 95000 2
1 2 4 3 95000 2
1 2 2 9 95000 2
1 2 0 1 95000 2
1 2 0 9 95000 2
1 2 7 6 95000 2
1 2 5 2 95500 2
1 2 5 7 95500 2
1 2 6 1 95500 2
1 2 9 5 95500 2
1 2 10 9 95500 2
1 2 13 2 95500 2
1 2 14 9 95500 2
1 2 15 7 95500 2
1 2 2 1 95500 2
1 2 2 0 95500 2
1 2 2 3 95500 2
1 2 0 0 95500 2
1 2 1 8 95500 2
1 2 1 7 95500 2
1 2 1 1 95500 2
1 2 1 5 95500 2
1 2 5 4 95500 2
1 2 5 4 96000 2
1 2 6 1 96000 2
1 2 7 2 96000 2
1 2 8 7 96000 2
1 2 8 3 96000 2
1 2 9 6 96000 2
1 2 10 7 96000 2
1 2 10 9 96000 2
1 2 11 6 96000 2
1 2 14 1 96000 2
1 2 15 6 96000 2
1 2 4 4 96000 2
1 2 3 4 96000 2
1 2 3 4 96000 2
1 2 2 2 96000 2
1 2 2 1 96000 2
1 2 1 7 96000 2
1 2 1 3 96000 2
1 2 0 2 96000 2
1 2 0 2 96000 2
1 2 0 4 96000 2
1 2 0 3 96000 2
1 2 10 5 96500 2
1 2 10 9 96500 2
1 2 10 6 96500 2
1 2 11 9 96500 2
1 2 11 9 96500 2
1 2 12 7 96500 2
1 2 13 8 96500 2
1 2 13 3 96500 2
1 2 14 9 96500 2
1 2 15 8 96500 2
1 2 0 6 96500 2
1 2 0 5 96500 2
1 2 0 3 96500 2
1 2 0 1 96500 2
1 2 9 6 96500 2
1 2 0 8 96500 2
1 2 2 0 96500 2
1 2 3 4 96500 2
1 2 7 9 96500 2
1 2 8 8 96500 2
1 2 8 2 96500 2
1 2 9 7 96500 2
1 2 8 2 97000 2
1 2 9 0 97000 2
1 2 9 7 97000 2
1 2 10 9 97000 2
1 2 11 0 97000 2
1 2 12 8 97000 2
1 2 12 8 97000 2
1 2 13 4 97000 2
1 2 13 4 97000 2
1 2 14 3 97000 2
1 2 14 9 97000 2
1 2 14 5 97000 2
1 2 15 6 97000 2
1 2 4 9 97000 2
1 2 8 7 97000 2
1 2 8 7 97000 2
1 2 0 4 97000 2
1 2 0 3 97000 2
1 2 2 9 97000 2
1 2 2 6 97000 2
1 2 3 6 97000 2
1 2 3 4 97000 2
1 2 4 4 97000 2
1 2 5 5 97000 2
1 2 5 7 97000 2
1 2 6 5 97000 2
1 2 8 0 97000 2
1 2 4 1 97000 2
1 2 7 4 97500 2
1 2 5 2 97500 2
1 2 8 8 97500 2
1 2 8 7 97500 2
1 2 9 6 97500 2
1 2 10 6 97500 2
1 2 11 4 97500 2
1 2 11 0 97500 2
1 2 12 4 97500 2
1 2 12 1 97500 2
1 2 12 6 97500 2
1 2 13 5 97500 2
1 2 15 8 97500 2
1 2 6 3 97500 2
1 2 0 5 97500 2
1 2 0 3 97500 2
1 2 1 9 97500 2
1 2 2 0 97500 2
1 2 2 4 97500 2
1 2 3 7 97500 2
1 2 3 8 97500 2
1 2 4 0 97500 2
1 2 4 1 97500 2
1 2 5 9 97500 2
1 2 6 7 97500 2
1 2 3 5 97500 2
1 2 6 3 98000 2
1 2 6 8 98000 2
1 2 8 0 98000 2
1 2 10 8 98000 2
1 2 11 7 98000 2
1 2 3 8 98000 2
1 2 11 9 98000 2
1 2 12 6 98000 2
1 2 13 5 98000 2
1 2 13 5 98000 2
1 2 15 7 98000 2
1 2 6 2 98000 2
1 2 6 2 98000 2
1 2 0 6 98000 2
1 2 0 8 98000 2
1 2 3 7 98000 2
1 2 3 8 98000 2
1 2 4 8 98000 2
1 2 4 2 98000 2
1 2 5 3 98000 2
1 2 5 4 98000 2
1 2 3 8 98000 2
1 2 11 1 98500 2
1 2 15 3 98500 2
1 2 15 9 98500 2
1 2 14 1 98500 2
1 2 13 5 98500 2
1 2 12 6 98500 2
1 2 10 5 98500 2
1 2 10 1 98500 2
1 2 7 7 98500 2
1 2 1 0 98500 2
1 2 2 7 98500 2
1 2 3 8 98500 2
1 2 4 3 98500 2
1 2 4 7 98500 2
1 2 5 8 98500 2
1 2 6 4 98500 2
1 2 8 4 98500 2
1 2 3 4 99000 2
1 2 13 5 99000 2
1 2 13 4 99000 2
1 2 13 8 99000 2
1 2 12 6 99000 2
1 2 11 4 99000 2
1 2 11 6 99000 2
1 2 8 4 99000 2
1 2 8 5 99000 2
1 2 8 6 99000 2
1 2 5 2 99000 2
1 2 4 8 99000 2
1 2 4 2 99000 2
1 2 3 4 99000 2
1 2 6 4 99000 2
1 2 3 6 99000 2
1 2 2 6 99000 2
1 2 1 6 99000 2
1 2 0 9 99000 2
1 2 8 2 99500 2
1 2 9 6 99500 2
1 2 11 0 99500 2
1 2 11 6 99500 2
1 2 11 0 99500 2
1 2 11 0 99500 2
1 2 13 8 99500 2
1 2 13 0 99500 2
1 2 15 0 99500 2
1 2 15 5 99500 2
1 2 10 8 99500 2
1 2 6 3 99500 2
1 2 8 9 99500 2
1 2 0 5 99500 2
1 2 2 9 99500 2
1 2 3 8 99500 2
1 2 3 8 99500 2
1 2 4 7 99500 2
1 2 4 0 99500 2
1 2 5 4 99500 2
1 2 5 9 99500 2
1 2 6 3 99500 2
1 2 6 8 99500 2
1 2 14 8 100000 2
1 2 13 4 100000 2
1 2 13 5 100000 2
1 2 12 6 100000 2
1 2 11 6 100000 2
1 2 11 7 100000 2
1 2 10 4 100000 2
1 2 8 2 100000 2
1 2 8 7 100000 2
1 2 7 6 100000 2
1 2 0 3 100000 2
1 2 6 8 100000 2
1 2 0 6 100000 2
1 2 1 4 100000 2
1 2 2 8 100000 2
1 2 3 5 100000 2
1 2 4 4 100000 2
1 2 4 1 100000 2
1 2 5 9 100000 2
1 2 5 9 100000 2
1 2 6 8 100000 2
1 2 5 9 100500 2
1 2 15 2 100500 2
1 2 13 5 100500 2
1 2 11 4 100500 2
1 2 10 6 100500 2
1 2 9 7 100500 2
1 2 8 8 100500 2
1 2 6 8 100500 2
1 2 5 5 100500 2
1 2 4 0 100500 2
1 2 3 3 100500 2
1 2 3 4 100500 2
1 2 1 0 100500 2
1 2 0 8 100500 2
1 2 0 6 100500 2
1 2 5 7 100500 2
1 2 10 6 101000 2
1 2 10 8 101000 2
1 2 11 2 101000 2
1 2 12 4 101000 2
1 2 13 1 101000 2
1 2 14 3 101000 2
1 2 14 9 101000 2
1 2 15 4 101000 2
1 2 15 3 101000 2
1 2 8 3 101000 2
1 2 7 4 101000 2
1 2 6 0 101000 2
1 2 6 8 101000 2
1 2 6 1 101000 2
1 2 5 6 101000 2
1 2 4 5 101000 2
1 2 9 1 101000 2
1 2 8 6 101500 2
1 2 10 3 101500 2
1 2 9 6 101500 2
1 2 11 9 101500 2
1 2 11 4 101500 2
1 2 11 4 101500 2
1 2 12 4 101500 2
1 2 13 3 101500 2
1 2 13 6 101500 2
1 2 15 3 101500 2
1 2 8 1 101500 2
1 2 8 9 101500 2
1 2 6 1 101500 2
1 2 6 9 101500 2
1 2 5 5 101500 2
1 2 3 4 101500 2
1 2 2 9 101500 2
1 2 2 2 101500 2
1 2 2 2 101500 2
1 2 0 5 101500 2
1 2 7 8 102000 2
1 2 8 9 102000 2
1 2 9 9 102000 2
1 2 9 1 102000 2
1 2 10 6 102000 2
1 2 10 4 102000 2
1 2 11 7 102000 2
1 2 12 5 102000 2
1 2 13 9 102000 2
1 2 13 3 102000 2
1 2 15 0 102000 2
1 2 15 6 102000 2
1 2 0 9 102000 2
1 2 5 9 102000 2
1 2 0 2 102000 2
1 2 0 2 102000 2
1 2 0 8 102000 2
1 2 0 8 102000 2
1 2 1 4 102000 2
1 2 2 8 102000 2
1 2 3 8 102000 2
1 2 3 8 102000 2
1 2 4 4 102000 2
1 2 4 6 102000 2
1 2 6 7 102000 2
1 2 3 3 102500 2
1 2 14 9 102500 2
1 2 13 8 102500 2
1 2 11 4 102500 2
1 2 11 7 102500 2
1 2 11 2 102500 2
1 2 10 1 102500 2
1 2 10 1 102500 2
1 2 10 7 102500 2
1 2 5 3 102500 2
1 2 5 4 102500 2
1 2 3 4 102500 2
1 2 2 2 102500 2
1 2 2 8 102500 2
1 2 0 2 102500 2
1 2 0 1 102500 2
1 2 6 8 102500 2
1 2 6 4 103000 2
1 2 9 0 103000 2
1 2 6 8 103000 2
1 2 7 2 103000 2
1 2 8 7 103000 2
1 2 10 7 103000 2
1 2 10 1 103000 2
1 2 10 7 103000 2
1 2 11 1 103000 2
1 2 11 7 103000 2
1 2 12 6 103000 2
1 2 13 1 103000 2
1 2 14 9 103000 2
1 2 5 4 103000 2
1 2 6 6 103000 2
1 2 0 4 103000 2
1 2 0 6 103000 2
1 2 1 4 103000 2
1 2 2 8 103000 2
1 2 2 5 103000 2
1 2 2 6 103000 2
1 2 3 7 103000 2
1 2 3 3 103000 2
1 2 4 5 103000 2
1 2 4 3 103000 2
1 2 4 1 103000 2
1 2 5 4 103000 2
1 2 7 1 103500 2
1 2 8 9 103500 2
1 2 8 9 103500 2
1 2 9 6 103500 2
1 2 9 5 103500 2
1 2 10 7 103500 2
1 2 10 3 103500 2
1 2 11 6 103500 2
1 2 11 7 103500 2
1 2 11 7 103500 2
1 2 12 1 103500 2
1 2 12 6 103500 2
1 2 12 8 103500 2
1 2 12 4 103500 2
1 2 13 8 103500 2
1 2 13 6 103500 2
1 2 3 8 103500 2
1 2 7 5 103500 2
1 2 7 4 103500 2
1 2 1 4 103500 2
1 2 2 9 103500 2
1 2 2 6 103500 2
1 2 0 5 103500 2
1 2 3 5 103500 2
1 2 3 7 103500 2
1 2 4 4 103500 2
1 2 5 3 103500 2
1 2 6 2 103500 2
1 2 6 6 103500 2
1 2 6 8 103500 2
1 2 6 3 103500 2
1 2 6 4 103500 2
1 2 4 8 103500 2
1 2 9 5 104000 2
1 2 10 1 104000 2
1 2 11 6 104000 2
1 2 11 8 104000 2
1 2 11 4 104000 2
1 2 12 6 104000 2
1 2 12 6 104000 2
1 2 12 8 104000 2
1 2 14 9 104000 2
1 2 14 8 104000 2
1 2 14 4 104000 2
1 2 15 2 104000 2
1 2 8 0 104000 2
1 2 9 0 104000 2
1 2 2 2 104000 2
1 2 3 4 104000 2
1 2 4 7 104000 2
1 2 5 9 104000 2
1 2 5 5 104000 2
1 2 5 6 104000 2
1 2 6 8 104000 2
1 2 6 1 104000 2
1 2 6 8 104000 2
1 2 8 2 104000 2
1 2 9 8 104000 2
1 2 10 5 104500 2
1 2 15 2 104500 2
1 2 15 6 104500 2
1 2 15 9 104500 2
1 2 15 5 104500 2
1 2 14 1 104500 2
1 2 14 4 104500 2
1 2 13 4 104500 2
1 2 13 6 104500 2
1 2 13 7 104500 2
1 2 12 6 104500 2
1 2 11 3 104500 2
1 2 11 3 104500 2
1 2 2 9 104500 2
1 2 4 3 104500 2
1 2 4 1 104500 2
1 2 4 5 104500 2
1 2 6 4 104500 2
1 2 8 6 104500 2
1 2 0 5 104500 2
1 2 10 9 104500 2
1 2 5 5 104500 2
1 2 6 3 105000 2
1 2 7 6 105000 2
1 2 8 6 105000 2
1 2 8 0 105000 2
1 2 10 1 105000 2
1 2 11 6 105000 2
1 2 11 7 105000 2
1 2 12 1 105000 2
1 2 12 4 105000 2
1 2 14 8 105000 2
1 2 15 4 105000 2
1 2 15 3 105000 2
1 2 6 0 105000 2
1 2 6 1 105000 2
1 2 0 7 105000 2
1 2 0 6 105000 2
1 2 1 6 105000 2
1 2 2 0 105000 2
1 2 4 7 105000 2
1 2 4 8 105000 2
1 2 5 5 105000 2
1 2 5 8 105000 2
1 2 5 2 105000 2
1 2 5 7 105000 2
1 2 8 7 105500 2
1 2 8 7 105500 2
1 2 9 7 105500 2
1 2 10 6 105500 2
1 2 10 3 105500 2
1 2 11 3 105500 2
1 2 11 4 105500 2
1 2 12 4 105500 2
1 2 12 6 105500 2
1 2 14 1 105500 2
1 2 15 7 105500 2
1 2 15 2 105500 2
1 2 6 8 105500 2
1 2 8 0 105500 2
1 2 0 2 105500 2
1 2 0 6 105500 2
1 2 1 4 105500 2
1 2 2 8 105500 2
1 2 3 4 105500 2
1 2 3 4 105500 2
1 2 4 7 105500 2
1 2 4 5 105500 2
1 2 5 9 105500 2
1 2 6 6 105500 2
1 2 6 1 105500 2
1 2 5 3 106000 2
1 2 15 1 106000 2
1 2 15 7 106000 2
1 2 14 3 106000 2
1 2 13 4 106000 2
1 2 13 7 106000 2
1 2 12 2 106000 2
1 2 7 4 106000 2
1 2 6 5 106000 2
1 2 5 5 106000 2
1 2 0 5 106000 2
1 2 1 2 106000 2
1 2 3 8 106000 2
1 2 3 5 106000 2
1 2 3 5 106000 2
1 2 4 1 106000 2
1 2 5 9 106000 2
1 2 6 2 106000 2
1 2 0 8 106500 2
1 2 15 7 106500 2
1 2 13 4 106500 2
1 2 13 2 106500 2
1 2 12 4 106500 2
1 2 12 5 106500 2
1 2 9 5 106500 2
1 2 9 2 106500 2
1 2 8 3 106500 2
1 2 8 4 106500 2
1 2 7 5 106500 2
1 2 6 9 106500 2
1 2 6 3 106500 2
1 2 4 5 106500 2
1 2 3 4 106500 2
1 2 3 2 106500 2
1 2 3 4 106500 2
1 2 3 6 106500 2
1 2 2 6 106500 2
1 2 7 5 106500 2
1 2 8 0 107000 2
1 2 8 7 107000 2
1 2 5 4 107000 2
1 2 8 7 107000 2
1 2 8 3 107000 2
1 2 10 7 107000 2
1 2 10 3 107000 2
1 2 11 7 107000 2
1 2 13 2 107000 2
1 2 13 4 107000 2
1 2 15 9 107000 2
1 2 15 7 107000 2
1 2 6 9 107000 2
1 2 8 7 107000 2
1 2 0 8 107000 2
1 2 0 6 107000 2
1 2 1 4 107000 2
1 2 1 9 107000 2
1 2 2 9 107000 2
1 2 3 4 107000 2
1 2 3 5 107000 2
1 2 4 1 107000 2
1 2 4 8 107000 2
1 2 5 5 107000 2
1 2 13 4 107500 2
1 2 12 5 107500 2
1 2 12 8 107500 2
1 2 12 2 107500 2
1 2 11 1 107500 2
1 2 10 1 107500 2
1 2 9 7 107500 2
1 2 8 6 107500 2
1 2 8 6 107500 2
1 2 7 5 107500 2
1 2 0 1 107500 2
1 2 6 1 107500 2
1 2 2 2 107500 2
1 2 3 8 107500 2
1 2 4 3 107500 2
1 2 4 1 107500 2
1 2 4 6 107500 2
1 2 5 5 107500 2
1 2 6 6 107500 2
1 2 6 2 107500 2
1 2 9 5 108000 2
1 2 15 2 108000 2
1 2 14 9 108000 2
1 2 13 1 108000 2
1 2 12 4 108000 2
1 2 12 5 108000 2
1 2 12 6 108000 2
1 2 11 9 108000 2
1 2 7 1 108000 2
1 2 6 8 108000 2
1 2 4 6 108000 2
1 2 2 9 108000 2
1 2 1 6 108000 2
1 2 1 4 108000 2
1 2 0 2 108000 2
1 2 7 9 108000 2
1 2 10 6 108500 2
1 2 10 0 108500 2
1 2 11 9 108500 2
1 2 11 9 108500 2
1 2 12 6 108500 2
1 2 13 6 108500 2
1 2 14 5 108500 2
1 2 14 3 108500 2
1 2 14 0 108500 2
1 2 11 2 108500 2
1 2 8 8 108500 2
1 2 8 8 108500 2
1 2 0 2 108500 2
1 2 0 8 108500 2
1 2 1 5 108500 2
1 2 3 6 108500 2
1 2 5 6 108500 2
1 2 5 7 108500 2
1 2 6 4 108500 2
1 2 0 4 108500 2
1 2 7 8 108500 2
1 2 6 2 109000 2
1 2 14 8 109000 2
1 2 13 6 109000 2
1 2 12 5 109000 2
1 2 12 8 109000 2
1 2 11 2 109000 2
1 2 11 4 109000 2
1 2 11 8 109000 2
1 2 11 7 109000 2
1 2 7 6 109000 2
1 2 6 7 109000 2
1 2 5 4 109000 2
1 2 0 8 109000 2
1 2 0 4 109000 2
1 2 2 5 109000 2
1 2 3 8 109000 2
1 2 3 5 109000 2
1 2 4 8 109000 2
1 2 5 3 109000 2
1 2 5 8 109000 2
1 2 5 9 109000 2
1 2 1 4 109500 2
1 2 15 3 109500 2
1 2 14 9 109500 2
1 2 14 2 109500 2
1 2 13 1 109500 2
1 2 12 2 109500 2
1 2 11 1 109500 2
1 2 9 9 109500 2
1 2 8 7 109500 2
1 2 8 7 109500 2
1 2 6 4 109500 2
1 2 5 9 109500 2
1 2 4 9 109500 2
1 2 4 4 109500 2
1 2 3 5 109500 2
1 2 3 7 109500 2
1 2 1 7 109500 2
1 2 6 7 109500 2
1 2 0 5 109500 2
1 2 8 7 110000 2
1 2 8 7 110000 2
1 2 8 3 110000 2
1 2 9 8 110000 2
1 2 9 2 110000 2
1 2 9 5 110000 2
1 2 10 1 110000 2
1 2 11 5 110000 2
1 2 12 6 110000 2
1 2 12 8 110000 2
1 2 12 4 110000 2
1 2 13 6 110000 2
1 2 13 5 110000 2
1 2 15 8 110000 2
1 2 4 0 110000 2
1 2 7 3 110000 2
1 2 7 9 110000 2
1 2 2 9 110000 2
1 2 2 2 110000 2
1 2 2 4 110000 2
1 2 3 7 110000 2
1 2 4 4 110000 2
1 2 0 6 110000 2
1 2 5 8 110000 2
1 2 5 5 110000 2
1 2 5 0 110000 2
1 2 6 0 110000 2
1 2 6 8 110000 2
1 2 6 7 110000 2
1 2 5 8 110000 2
1 2 8 9 110500 2
1 2 8 4 110500 2
1 2 8 6 110500 2
1 2 10 9 110500 2
1 2 11 0 110500 2
1 2 13 3 110500 2
1 2 13 6 110500 2
1 2 13 6 110500 2
1 2 13 5 110500 2
1 2 15 3 110500 2
1 2 15 1 110500 2
1 2 7 3 110500 2
1 2 6 7 110500 2
1 2 6 3 110500 2
1 2 5 9 110500 2
1 2 5 3 110500 2
1 2 5 9 110500 2
1 2 4 7 110500 2
1 2 3 5 110500 2
1 2 0 2 110500 2
1 2 8 0 110500 2
1 2 6 8 111000 2
1 2 5 0 111000 2
1 2 7 4 111000 2
1 2 8 8 111000 2
1 2 8 6 111000 2
1 2 9 3 111000 2
1 2 10 9 111000 2
1 2 11 0 111000 2
1 2 12 8 111000 2
1 2 12 5 111000 2
1 2 13 0 111000 2
1 2 15 4 111000 2
1 2 15 6 111000 2
1 2 5 9 111000 2
1 2 6 8 111000 2
1 2 0 8 111000 2
1 2 0 5 111000 2
1 2 0 7 111000 2
1 2 0 9 111000 2
1 2 0 1 111000 2
1 2 3 4 111000 2
1 2 4 4 111000 2
1 2 4 7 111000 2
1 2 4 4 111000 2
1 2 5 8 111000 2
1 2 2 5 111000 2
1 2 9 3 111500 2
1 2 10 6 111500 2
1 2 11 0 111500 2
1 2 12 9 111500 2
1 2 12 4 111500 2
1 2 12 4 111500 2
1 2 13 8 111500 2
1 2 13 1 111500 2
1 2 15 2 111500 2
1 2 15 8 111500 2
1 2 8 6 111500 2
1 2 6 4 111500 2
1 2 5 7 111500 2
1 2 5 3 111500 2
1 2 5 7 111500 2
1 2 4 6 111500 2
1 2 4 1 111500 2
1 2 3 4 111500 2
1 2 3 0 111500 2
1 2 3 9 111500 2
1 2 0 8 111500 2
1 2 0 5 111500 2
1 2 6 7 111500 2
1 2 12 6 112000 2
1 2 14 4 112000 2
1 2 11 0 112000 2
1 2 11 8 112000 2
1 2 11 8 112000 2
1 2 11 7 112000 2
1 2 10 3 112000 2
1 2 12 5 112000 2
1 2 13 5 112000 2
1 2 13 4 112000 2
1 2 13 6 112000 2
1 2 13 4 112000 2
1 2 13 9 112000 2
1 2 15 8 112000 2
1 2 12 8 112000 2
1 2 8 4 112000 2
1 2 9 1 112000 2
1 2 0 7 112000 2
1 2 0 4 112000 2
1 2 0 8 112000 2
1 2 1 6 112000 2
1 2 3 4 112000 2
1 2 3 4 112000 2
1 2 3 4 112000 2
1 2 4 6 112000 2
1 2 5 5 112000 2
1 2 6 5 112000 2
1 2 6 3 112000 2
1 2 6 2 112000 2
1 2 6 8 112000 2
1 2 13 3 112500 2
1 2 12 2 112500 2
1 2 12 7 112500 2
1 2 12 9 112500 2
1 2 11 9 112500 2
1 2 10 9 112500 2
1 2 10 0 112500 2
1 2 9 1 112500 2
1 2 9 3 112500 2
1 2 0 8 112500 2
1 2 9 7 112500 2
1 2 2 2 112500 2
1 2 2 2 112500 2
1 2 4 9 112500 2
1 2 4 3 112500 2
1 2 6 3 112500 2
1 2 7 9 112500 2
1 2 7 9 112500 2
1 2 8 9 112500 2
1 2 6 4 113000 2
1 2 13 2 113000 2
1 2 12 6 113000 2
1 2 12 9 113000 2
1 2 12 2 113000 2
1 2 9 2 113000 2
1 2 8 9 113000 2
1 2 7 3 113000 2
1 2 4 0 113000 2
1 2 2 9 113000 2
1 2 2 6 113000 2
1 2 1 4 113000 2
1 2 1 3 113000 2
1 2 0 3 113000 2
1 2 0 8 113000 2
1 2 4 2 113000 2
1 2 7 7 113500 2
1 2 9 5 113500 2
1 2 9 3 113500 2
1 2 9 5 113500 2
1 2 10 9 113500 2
1 2 10 1 113500 2
1 2 12 8 113500 2
1 2 13 2 113500 2
1 2 13 7 113500 2
1 2 14 3 113500 2
1 2 14 0 113500 2
1 2 6 4 113500 2
1 2 6 7 113500 2
1 2 1 4 113500 2
1 2 2 9 113500 2
1 2 2 9 113500 2
1 2 2 5 113500 2
1 2 4 7 113500 2
1 2 4 7 113500 2
1 2 4 4 113500 2
1 2 5 5 113500 2
1 2 5 3 113500 2
1 2 6 3 113500 2
1 2 3 7 114000 2
1 2 14 4 114000 2
1 2 14 1 114000 2
1 2 12 7 114000 2
1 2 10 1 114000 2
1 2 8 9 114000 2
1 2 6 1 114000 2
1 2 5 9 114000 2
1 2 5 6 114000 2
1 2 3 2 114000 2
1 2 2 9 114000 2
1 2 2 7 114000 2
1 2 1 4 114000 2
1 2 0 8 114000 2
1 2 2 2 114500 2
1 2 15 8 114500 2
1 2 15 2 114500 2
1 2 13 3 114500 2
1 2 12 6 114500 2
1 2 11 4 114500 2
1 2 10 9 114500 2
1 2 10 2 114500 2
1 2 7 8 114500 2
1 2 6 0 114500 2
1 2 4 2 114500 2
1 2 4 3 114500 2
1 2 4 2 114500 2
1 2 2 9 114500 2
1 2 2 3 114500 2
1 2 7 9 114500 2
1 2 1 2 114500 2
1 2 0 2 114500 2
1 2 6 3 115000 2
1 2 7 1 115000 2
1 2 7 1 115000 2
1 2 9 7 115000 2
1 2 9 5 115000 2
1 2 10 8 115000 2
1 2 11 9 115000 2
1 2 11 2 115000 2
1 2 14 3 115000 2
1 2 14 3 115000 2
1 2 15 0 115000 2
1 2 11 3 115000 2
1 2 5 5 115000 2
1 2 6 8 115000 2
1 2 0 4 115000 2
1 2 1 9 115000 2
1 2 3 4 115000 2
1 2 3 4 115000 2
1 2 3 2 115000 2
1 2 0 9 115000 2
1 2 4 1 115000 2
1 2 4 5 115000 2
1 2 4 4 115000 2
1 2 4 1 115000 2
1 2 15 5 115500 2
1 2 13 7 115500 2
1 2 13 8 115500 2
1 2 12 2 115500 2
1 2 11 4 115500 2
1 2 11 7 115500 2
1 2 11 6 115500 2
1 2 9 3 115500 2
1 2 7 8 115500 2
1 2 7 9 115500 2
1 2 7 7 115500 2
1 2 0 3 115500 2
1 2 6 3 115500 2
1 2 0 8 115500 2
1 2 1 9 115500 2
1 2 3 5 115500 2
1 2 3 8 115500 2
1 2 4 7 115500 2
1 2 6 8 115500 2
1 2 6 0 115500 2
1 2 5 5 115500 2
1 2 4 0 115500 2
1 2 4 6 115500 2
1 2 8 7 116000 2
1 2 15 2 116000 2
1 2 13 1 116000 2
1 2 13 8 116000 2
1 2 12 5 116000 2
1 2 12 2 116000 2
1 2 12 1 116000 2
1 2 12 4 116000 2
1 2 11 1 116000 2
1 2 11 4 116000 2
1 2 10 6 116000 2
1 2 6 3 116000 2
1 2 7 1 116000 2
1 2 0 2 116000 2
1 2 1 3 116000 2
1 2 1 8 116000 2
1 2 2 9 116000 2
1 2 3 2 116000 2
1 2 4 6 116000 2
1 2 5 4 116000 2
1 2 5 3 116000 2
1 2 6 6 116000 2
1 2 8 6 116500 2
1 2 9 7 116500 2
1 2 10 8 116500 2
1 2 10 9 116500 2
1 2 12 6 116500 2
1 2 12 6 116500 2
1 2 12 4 116500 2
1 2 13 9 116500 2
1 2 14 3 116500 2
1 2 14 8 116500 2
1 2 15 5 116500 2
1 2 2 7 116500 2
1 2 8 9 116500 2
1 2 8 6 116500 2
1 2 2 7 116500 2
1 2 0 4 116500 2
1 2 2 0 116500 2
1 2 4 5 116500 2
1 2 4 5 116500 2
1 2 6 1 116500 2
1 2 7 7 116500 2
1 2 7 5 116500 2
1 2 7 8 116500 2
1 2 5 6 116500 2
1 2 8 4 117000 2
1 2 9 7 117000 2
1 2 9 6 117000 2
1 2 9 5 117000 2
1 2 9 1 117000 2
1 2 10 2 117000 2
1 2 10 7 117000 2
1 2 11 0 117000 2
1 2 11 6 117000 2
1 2 12 1 117000 2
1 2 12 5 117000 2
1 2 11 7 117000 2
1 2 2 9 117000 2
1 2 7 9 117000 2
1 2 1 3 117000 2
1 2 3 4 117000 2
1 2 3 9 117000 2
1 2 0 4 117000 2
1 2 4 2 117000 2
1 2 4 3 117000 2
1 2 4 3 117000 2
1 2 6 3 117000 2
1 2 7 7 117000 2
1 2 7 5 117000 2
1 2 6 2 117500 2
1 2 14 7 117500 2
1 2 12 6 117500 2
1 2 11 4 117500 2
1 2 11 3 117500 2
1 2 7 1 117500 2
1 2 7 8 117500 2
1 2 7 7 117500 2
1 2 4 8 117500 2
1 2 4 0 117500 2
1 2 3 4 117500 2
1 2 2 7 117500 2
1 2 2 6 117500 2
1 2 1 9 117500 2
1 2 0 2 117500 2
1 2 6 1 117500 2
1 2 7 5 118000 2
1 2 7 4 118000 2
1 2 7 3 118000 2
1 2 8 9 118000 2
1 2 11 7 118000 2
1 2 12 2 118000 2
1 2 12 6 118000 2
1 2 12 4 118000 2
1 2 14 9 118000 2
1 2 0 4 118000 2
1 2 6 3 118000 2
1 2 6 3 118000 2
1 2 5 6 118000 2
1 2 4 3 118000 2
1 2 2 9 118000 2
1 2 1 7 118000 2
1 2 1 9 118000 2
1 2 1 4 118000 2
1 2 0 2 118000 2
1 2 6 9 118000 2
1 2 7 4 118500 2
1 2 6 3 118500 2
1 2 7 9 118500 2
1 2 9 6 118500 2
1 2 10 9 118500 2
1 2 10 1 118500 2
1 2 10 5 118500 2
1 2 11 7 118500 2
1 2 12 2 118500 2
1 2 12 6 118500 2
1 2 12 5 118500 2
1 2 13 5 118500 2
1 2 13 6 118500 2
1 2 6 8 118500 2
1 2 0 9 118500 2
1 2 2 9 118500 2
1 2 2 9 118500 2
1 2 2 8 118500 2
1 2 4 2 118500 2
1 2 4 6 118500 2
1 2 4 0 118500 2
1 2 5 5 118500 2
1 2 5 7 118500 2
1 2 5 3 118500 2
1 2 6 2 118500 2
1 2 6 1 118500 2
1 2 13 5 119000 2
1 2 13 9 119000 2
1 2 13 4 119000 2
1 2 12 9 119000 2
1 2 11 2 119000 2
1 2 11 3 119000 2
1 2 10 3 119000 2
1 2 6 0 119000 2
1 2 5 3 119000 2
1 2 4 1 119000 2
1 2 3 8 119000 2
1 2 3 8 119000 2
1 2 3 8 119000 2
1 2 1 9 119000 2
1 2 7 5 119000 2
1 2 10 9 119500 2
1 2 12 3 119500 2
1 2 11 3 119500 2
1 2 12 2 119500 2
1 2 12 6 119500 2
1 2 12 5 119500 2
1 2 12 5 119500 2
1 2 13 3 119500 2
1 2 13 0 119500 2
1 2 14 4 119500 2
1 2 14 3 119500 2
1 2 7 7 119500 2
1 2 0 2 119500 2
1 2 3 5 119500 2
1 2 3 9 119500 2
1 2 3 4 119500 2
1 2 4 3 119500 2
1 2 5 9 119500 2
1 2 6 0 119500 2
1 2 7 2 119500 2
1 2 4 3 119500 2
1 2 8 6 119500 2
1 2 10 5 120000 2
1 2 11 6 120000 2
1 2 11 3 120000 2
1 2 11 7 120000 2
1 2 12 6 120000 2
1 2 12 2 120000 2
1 2 12 6 120000 2
1 2 13 8 120000 2
1 2 13 5 120000 2
1 2 13 7 120000 2
1 2 14 2 120000 2
1 2 4 9 120000 2
1 2 7 9 120000 2
1 2 1 4 120000 2
1 2 2 9 120000 2
1 2 4 9 120000 2
1 2 4 3 120000 2
1 2 4 3 120000 2
1 2 5 4 120000 2
1 2 5 8 120000 2
1 2 6 5 120000 2
1 2 7 5 120000 2
1 2 10 9 120000 2
1 2 7 2 120500 2
1 2 13 1 120500 2
1 2 13 4 120500 2
1 2 13 1 120500 2
1 2 13 5 120500 2
1 2 12 5 120500 2
1 2 12 8 120500 2
1 2 11 5 120500 2
1 2 11 3 120500 2
1 2 10 7 120500 2
1 2 9 3 120500 2
1 2 8 6 120500 2
1 2 9 2 120500 2
1 2 1 3 120500 2
1 2 1 5 120500 2
1 2 2 8 120500 2
1 2 2 9 120500 2
1 2 4 9 120500 2
1 2 5 4 120500 2
1 2 7 3 120500 2
1 2 0 1 120500 2
1 2 8 9 120500 2
1 2 14 2 121000 2
1 2 13 9 121000 2
1 2 13 5 121000 2
1 2 13 8 121000 2
1 2 12 0 121000 2
1 2 11 3 121000 2
1 2 10 8 121000 2
1 2 10 5 121000 2
1 2 7 2 121000 2
1 2 7 7 121000 2
1 2 2 9 121000 2
1 2 6 3 121000 2
1 2 2 3 121000 2
1 2 2 1 121000 2
1 2 3 5 121000 2
1 2 3 8 121000 2
1 2 4 3 121000 2
1 2 4 8 121000 2
1 2 4 0 121000 2
1 2 6 2 121000 2
1 2 6 1 121500 2
1 2 14 9 121500 2
1 2 13 2 121500 2
1 2 12 6 121500 2
1 2 11 4 121500 2
1 2 10 5 121500 2
1 2 9 3 121500 2
1 2 7 5 121500 2
1 2 6 4 121500 2
1 2 6 9 121500 2
1 2 5 7 121500 2
1 2 5 3 121500 2
1 2 4 2 121500 2
1 2 3 4 121500 2
1 2 1 5 121500 2
1 2 1 9 121500 2
1 2 0 1 121500 2
1 2 6 7 121500 2
1 2 11 9 122000 2
1 2 12 7 122000 2
1 2 12 3 122000 2
1 2 6 3 122000 2
1 2 13 6 122000 2
1 2 13 1 122000 2
1 2 13 3 122000 2
1 2 13 3 122000 2
1 2 14 9 122000 2
1 2 7 1 122000 2
1 2 11 3 122000 2
1 2 0 2 122000 2
1 2 0 3 122000 2
1 2 2 9 122000 2
1 2 4 2 122000 2
1 2 6 2 122000 2
1 2 7 9 122000 2
1 2 7 3 122000 2
1 2 9 3 122500 2
1 2 14 4 122500 2
1 2 14 7 122500 2
1 2 13 1 122500 2
1 2 12 4 122500 2
1 2 12 1 122500 2
1 2 10 7 122500 2
1 2 10 5 122500 2
1 2 8 9 122500 2
1 2 6 3 122500 2
1 2 4 8 122500 2
1 2 6 2 122500 2
1 2 4 7 122500 2
1 2 3 8 122500 2
1 2 3 8 122500 2
1 2 2 0 122500 2
1 2 2 3 122500 2
1 2 2 5 122500 2
1 2 1 2 122500 2
1 2 0 8 122500 2
1 2 10 2 123000 2
1 2 11 8 123000 2
1 2 12 2 123000 2
1 2 12 8 123000 2
1 2 12 2 123000 2
1 2 12 6 123000 2
1 2 12 5 123000 2
1 2 12 4 123000 2
1 2 13 7 123000 2
1 2 13 2 123000 2
1 2 14 4 123000 2
1 2 14 8 123000 2
1 2 2 6 123000 2
1 2 7 3 123000 2
1 2 7 5 123000 2
1 2 6 4 123000 2
1 2 5 8 123000 2
1 2 5 3 123000 2
1 2 4 3 123000 2
1 2 4 5 123000 2
1 2 4 8 123000 2
1 2 3 4 123000 2
1 2 9 3 123000 2
1 2 2 2 123000 2
1 2 0 3 123000 2
1 2 8 0 123500 2
1 2 10 9 123500 2
1 2 11 0 123500 2
1 2 12 2 123500 2
1 2 12 9 123500 2
1 2 14 1 123500 2
1 2 14 5 123500 2
1 2 3 8 123500 2
1 2 7 5 123500 2
1 2 7 8 123500 2
1 2 2 6 123500 2
1 2 2 7 123500 2
1 2 3 7 123500 2
1 2 4 9 123500 2
1 2 4 2 123500 2
1 2 5 9 123500 2
1 2 15 8 124000 2
1 2 13 9 124000 2
1 2 13 1 124000 2
1 2 13 5 124000 2
1 2 13 4 124000 2
1 2 13 8 124000 2
1 2 12 6 124000 2
1 2 11 2 124000 2
1 2 11 4 124000 2
1 2 2 8 124000 2
1 2 5 9 124000 2
1 2 1 3 124000 2
1 2 2 9 124000 2
1 2 3 4 124000 2
1 2 4 1 124000 2
1 2 4 4 124000 2
1 2 4 3 124000 2
1 2 4 8 124000 2
1 2 5 9 124000 2
1 2 8 4 124500 2
1 2 15 8 124500 2
1 2 13 2 124500 2
1 2 13 7 124500 2
1 2 13 4 124500 2
1 2 12 6 124500 2
1 2 10 3 124500 2
1 2 6 3 124500 2
1 2 6 8 124500 2
1 2 5 9 124500 2
1 2 4 8 124500 2
1 2 4 9 124500 2
1 2 2 0 124500 2
1 2 7 8 124500 2
1 2 11 3 125000 2
1 2 12 2 125000 2
1 2 12 4 125000 2
1 2 5 9 125000 2
1 2 12 2 125000 2
1 2 12 2 125000 2
1 2 13 8 125000 2
1 2 13 3 125000 2
1 2 13 0 125000 2
1 2 14 2 125000 2
1 2 15 5 125000 2
1 2 7 7 125000 2
1 2 10 2 125000 2
1 2 0 9 125000 2
1 2 0 2 125000 2
1 2 0 9 125000 2
1 2 1 7 125000 2
1 2 2 9 125000 2
1 2 4 9 125000 2
1 2 6 3 125000 2
1 2 2 9 125000 2
1 2 8 8 125500 2
1 2 15 0 125500 2
1 2 14 3 125500 2
1 2 13 5 125500 2
1 2 12 2 125500 2
1 2 12 2 125500 2
1 2 12 1 125500 2
1 2 11 1 125500 2
1 2 10 8 125500 2
1 2 10 9 125500 2
1 2 9 2 125500 2
1 2 7 4 125500 2
1 2 6 9 125500 2
1 2 5 9 125500 2
1 2 5 8 125500 2
1 2 4 0 125500 2
1 2 4 4 125500 2
1 2 4 5 125500 2
1 2 4 1 125500 2
1 2 3 4 125500 2
1 2 2 9 125500 2
1 2 2 7 125500 2
1 2 0 4 125500 2
1 2 7 7 126000 2
1 2 7 5 126000 2
1 2 9 1 126000 2
1 2 10 7 126000 2
1 2 13 8 126000 2
1 2 4 6 126000 2
1 2 5 8 126000 2
1 2 4 7 126000 2
1 2 4 1 126000 2
1 2 4 1 126000 2
1 2 1 3 126000 2
1 2 7 8 126500 2
1 2 15 8 126500 2
1 2 12 3 126500 2
1 2 12 2 126500 2
1 2 11 4 126500 2
1 2 11 3 126500 2
1 2 7 3 126500 2
1 2 6 9 126500 2
1 2 6 0 126500 2
1 2 5 7 126500 2
1 2 2 4 126500 2
1 2 1 4 126500 2
1 2 7 8 127000 2
1 2 9 6 127000 2
1 2 10 0 127000 2
1 2 10 8 127000 2
1 2 11 9 127000 2
1 2 12 4 127000 2
1 2 12 6 127000 2
1 2 12 2 127000 2
1 2 13 3 127000 2
1 2 14 4 127000 2
1 2 14 8 127000 2
1 2 15 4 127000 2
1 2 8 9 127000 2
1 2 7 9 127000 2
1 2 7 9 127000 2
1 2 0 4 127000 2
1 2 2 3 127000 2
1 2 3 6 127000 2
1 2 3 8 127000 2
1 2 3 4 127000 2
1 2 3 8 127000 2
1 2 3 4 127000 2
1 2 4 3 127000 2
1 2 4 8 127000 2
1 2 4 9 127000 2
1 2 4 8 127000 2
1 2 0 4 127000 2
1 2 5 4 127500 2
1 2 14 7 127500 2
1 2 13 2 127500 2
1 2 13 8 127500 2
1 2 12 6 127500 2
1 2 11 0 127500 2
1 2 10 9 127500 2
1 2 10 5 127500 2
1 2 9 1 127500 2
1 2 6 3 127500 2
1 2 4 1 127500 2
1 2 4 7 127500 2
1 2 4 5 127500 2
1 2 2 0 127500 2
1 2 2 9 127500 2
1 2 1 9 127500 2
1 2 0 4 127500 2
1 2 0 8 127500 2
1 2 5 3 127500 2
1 2 15 9 128000 2
1 2 9 3 128000 2
1 2 10 7 128000 2
1 2 10 9 128000 2
1 2 11 3 128000 2
1 2 12 2 128000 2
1 2 12 6 128000 2
1 2 13 8 128000 2
1 2 13 4 128000 2
1 2 14 3 128000 2
1 2 0 9 128000 2
1 2 8 7 128000 2
1 2 7 7 128000 2
1 2 6 3 128000 2
1 2 4 8 128000 2
1 2 4 2 128000 2
1 2 3 8 128000 2
1 2 3 4 128000 2
1 2 2 2 128000 2
1 2 1 4 128000 2
1 2 9 4 128000 2
1 2 7 7 128500 2
1 2 8 3 128500 2
1 2 10 4 128500 2
1 2 11 2 128500 2
1 2 11 9 128500 2
1 2 11 9 128500 2
1 2 13 7 128500 2
1 2 13 0 128500 2
1 2 13 6 128500 2
1 2 13 5 128500 2
1 2 14 1 128500 2
1 2 15 0 128500 2
1 2 1 2 128500 2
1 2 5 4 128500 2
1 2 7 0 128500 2
1 2 0 8 128500 2
1 2 2 0 128500 2
1 2 2 6 128500 2
1 2 2 6 128500 2
1 2 2 2 128500 2
1 2 3 8 128500 2
1 2 4 8 128500 2
1 2 5 9 128500 2
1 2 5 1 128500 2
1 2 5 0 128500 2
1 2 8 9 129000 2
1 2 15 8 129000 2
1 2 15 6 129000 2
1 2 15 0 129000 2
1 2 11 0 129000 2
1 2 11 6 129000 2
1 2 9 6 129000 2
1 2 8 9 129000 2
1 2 5 6 129000 2
1 2 5 2 129000 2
1 2 5 9 129000 2
1 2 4 5 129000 2
1 2 2 8 129000 2
1 2 1 3 129000 2
1 2 0 3 129000 2
1 2 8 6 129000 2
1 2 15 6 129500 2
1 2 11 8 129500 2
1 2 11 7 129500 2
1 2 11 2 129500 2
1 2 12 2 129500 2
1 2 13 9 129500 2
1 2 15 0 129500 2
1 2 15 2 129500 2
1 2 15 1 129500 2
1 2 15 2 129500 2
1 2 4 3 129500 2
1 2 11 1 129500 2
1 2 0 2 129500 2
1 2 1 5 129500 2
1 2 4 2 129500 2
1 2 5 2 129500 2
1 2 7 6 129500 2
1 2 8 0 129500 2
1 2 8 0 129500 2
1 2 9 3 129500 2
1 2 11 4 129500 2
1 2 11 4 129500 2
1 2 2 8 130000 2
1 2 15 6 130000 2
1 2 15 5 130000 2
1 2 13 9 130000 2
1 2 13 8 130000 2
1 2 13 7 130000 2
1 2 12 4 130000 2
1 2 12 5 130000 2
1 2 12 8 130000 2
1 2 11 5 130000 2
1 2 8 7 130000 2
1 2 8 6 130000 2
1 2 5 6 130000 2
1 2 4 2 130000 2
1 2 3 6 130000 2
1 2 1 0 130000 2
1 2 1 2 130000 2
1 2 0 4 130000 2
1 2 9 6 130000 2
1 2 11 8 130500 2
1 2 12 8 130500 2
1 2 11 7 130500 2
1 2 11 0 130500 2
1 2 12 5 130500 2
1 2 13 3 130500 2
1 2 13 6 130500 2
1 2 14 8 130500 2
1 2 14 1 130500 2
1 2 15 2 130500 2
1 2 15 9 130500 2
1 2 10 5 130500 2
1 2 11 4 130500 2
1 2 0 2 130500 2
1 2 0 8 130500 2
1 2 1 2 130500 2
1 2 2 2 130500 2
1 2 3 4 130500 2
1 2 4 3 130500 2
1 2 4 6 130500 2
1 2 5 5 130500 2
1 2 9 7 130500 2
1 2 10 1 131000 2
1 2 10 6 131000 2
1 2 11 0 131000 2
1 2 11 0 131000 2
1 2 11 8 131000 2
1 2 11 6 131000 2
1 2 11 4 131000 2
1 2 11 2 131000 2
1 2 12 4 131000 2
1 2 13 6 131000 2
1 2 13 4 131000 2
1 2 14 1 131000 2
1 2 15 8 131000 2
1 2 15 2 131000 2
1 2 15 0 131000 2
1 2 8 9 131000 2
1 2 9 2 131000 2
1 2 9 7 131000 2
1 2 0 7 131000 2
1 2 2 2 131000 2
1 2 3 3 131000 2
1 2 4 4 131000 2
1 2 4 1 131000 2
1 2 4 2 131000 2
1 2 6 4 131000 2
1 2 7 4 131000 2
1 2 7 4 131000 2
1 2 7 8 131000 2
1 2 0 7 131000 2
1 2 8 8 131000 2
1 2 5 1 131000 2
1 2 9 3 131500 2
1 2 10 2 131500 2
1 2 10 8 131500 2
1 2 11 4 131500 2
1 2 11 7 131500 2
1 2 12 6 131500 2
1 2 12 8 131500 2
1 2 12 6 131500 2
1 2 13 1 131500 2
1 2 13 4 131500 2
1 2 13 2 131500 2
1 2 13 6 131500 2
1 2 1 3 131500 2
1 2 9 5 131500 2
1 2 2 4 131500 2
1 2 4 6 131500 2
1 2 1 3 131500 2
1 2 4 9 131500 2
1 2 4 0 131500 2
1 2 5 6 131500 2
1 2 6 1 131500 2
1 2 7 3 131500 2
1 2 7 6 131500 2
1 2 8 9 131500 2
1 2 9 6 132000 2
1 2 15 9 132000 2
1 2 13 1 132000 2
1 2 12 6 132000 2
1 2 12 9 132000 2
1 2 11 7 132000 2
1 2 11 0 132000 2
1 2 10 1 132000 2
1 2 10 6 132000 2
1 2 9 5 132000 2
1 2 8 2 132000 2
1 2 7 9 132000 2
1 2 7 2 132000 2
1 2 5 5 132000 2
1 2 4 2 132000 2
1 2 4 6 132000 2
1 2 2 9 132000 2
1 2 0 3 132000 2
1 2 0 6 132000 2
1 2 8 8 132000 2
1 2 7 4 132500 2
1 2 7 9 132500 2
1 2 10 6 132500 2
1 2 11 6 132500 2
1 2 11 1 132500 2
1 2 11 8 132500 2
1 2 11 4 132500 2
1 2 13 2 132500 2
1 2 15 8 132500 2
1 2 15 8 132500 2
1 2 15 9 132500 2
1 2 3 2 132500 2
1 2 6 6 132500 2
1 2 7 2 132500 2
1 2 0 7 132500 2
1 2 3 0 132500 2
1 2 4 5 132500 2
1 2 4 0 132500 2
1 2 5 8 132500 2
1 2 5 2 132500 2
1 2 5 1 132500 2
1 2 5 6 132500 2
1 2 6 9 132500 2
1 2 11 4 133000 2
1 2 11 4 133000 2
1 2 11 3 133000 2
1 2 11 4 133000 2
1 2 11 1 133000 2
1 2 12 6 133000 2
1 2 12 6 133000 2
1 2 13 6 133000 2
1 2 14 8 133000 2
1 2 15 5 133000 2
1 2 15 7 133000 2
1 2 15 5 133000 2
1 2 10 8 133000 2
1 2 11 1 133000 2
1 2 1 8 133000 2
1 2 1 3 133000 2
1 2 3 4 133000 2
1 2 3 0 133000 2
1 2 3 9 133000 2
1 2 4 0 133000 2
1 2 5 9 133000 2
1 2 5 2 133000 2
1 2 8 2 133000 2
1 2 10 1 133000 2
1 2 9 9 133500 2
1 2 11 6 133500 2
1 2 11 4 133500 2
1 2 11 4 133500 2
1 2 11 6 133500 2
1 2 6 9 133500 2
1 2 11 0 133500 2
1 2 11 0 133500 2
1 2 11 4 133500 2
1 2 12 8 133500 2
1 2 12 8 133500 2
1 2 12 4 133500 2
1 2 15 2 133500 2
1 2 15 6 133500 2
1 2 8 7 133500 2
1 2 9 0 133500 2
1 2 0 0 133500 2
1 2 1 9 133500 2
1 2 2 5 133500 2
1 2 3 5 133500 2
1 2 3 8 133500 2
1 2 4 0 133500 2
1 2 5 0 133500 2
1 2 6 4 133500 2
1 2 7 4 133500 2
1 2 8 7 133500 2
1 2 8 0 133500 2
1 2 5 2 133500 2
1 2 11 6 134000 2
1 2 11 7 134000 2
1 2 11 0 134000 2
1 2 12 6 134000 2
1 2 12 6 134000 2
1 2 12 6 134000 2
1 2 13 6 134000 2
1 2 14 9 134000 2
1 2 14 8 134000 2
1 2 15 8 134000 2
1 2 15 6 134000 2
1 2 8 2 134000 2
1 2 7 2 134000 2
1 2 5 1 134000 2
1 2 4 7 134000 2
1 2 4 3 134000 2
1 2 4 3 134000 2
1 2 3 1 134000 2
1 2 2 6 134000 2
1 2 2 4 134000 2
1 2 2 8 134000 2
1 2 0 4 134000 2
1 2 10 6 134000 2
1 2 0 3 134000 2
1 2 13 2 134500 2
1 2 15 5 134500 2
1 2 13 5 134500 2
1 2 13 1 134500 2
1 2 12 4 134500 2
1 2 11 3 134500 2
1 2 14 2 134500 2
1 2 14 2 134500 2
1 2 14 0 134500 2
1 2 14 0 134500 2
1 2 15 0 134500 2
1 2 15 7 134500 2
1 2 13 6 134500 2
1 2 11 8 134500 2
1 2 11 9 134500 2
1 2 0 6 134500 2
1 2 1 0 134500 2
1 2 2 1 134500 2
1 2 2 5 134500 2
1 2 3 2 134500 2
1 2 4 8 134500 2
1 2 6 3 134500 2
1 2 7 7 134500 2
1 2 7 9 134500 2
1 2 8 7 134500 2
1 2 9 1 134500 2
1 2 5 9 134500 2
1 2 11 6 135000 2
1 2 11 0 135000 2
1 2 11 4 135000 2
1 2 11 1 135000 2
1 2 12 8 135000 2
1 2 12 6 135000 2
1 2 13 4 135000 2
1 2 14 0 135000 2
1 2 15 0 135000 2
1 2 15 1 135000 2
1 2 15 2 135000 2
1 2 15 3 135000 2
1 2 15 4 135000 2
1 2 15 1 135000 2
1 2 9 3 135000 2
1 2 10 3 135000 2
1 2 0 8 135000 2
1 2 2 7 135000 2
1 2 3 7 135000 2
1 2 3 5 135000 2
1 2 3 2 135000 2
1 2 4 1 135000 2
1 2 4 8 135000 2
1 2 5 9 135000 2
1 2 5 5 135000 2
1 2 5 2 135000 2
1 2 5 1 135000 2
1 2 8 8 135000 2
1 2 9 3 135000 2
1 2 6 4 135500 2
1 2 7 6 135500 2
1 2 7 4 135500 2
1 2 10 6 135500 2
1 2 11 7 135500 2
1 2 11 0 135500 2
1 2 11 3 135500 2
1 2 11 5 135500 2
1 2 4 7 135500 2
1 2 12 2 135500 2
1 2 13 5 135500 2
1 2 13 2 135500 2
1 2 15 7 135500 2
1 2 15 8 135500 2
1 2 15 9 135500 2
1 2 5 4 135500 2
1 2 6 6 135500 2
1 2 0 6 135500 2
1 2 1 3 135500 2
1 2 3 4 135500 2
1 2 3 1 135500 2
1 2 3 4 135500 2
1 2 3 8 135500 2
1 2 4 8 135500 2
1 2 5 5 135500 2
1 2 5 2 135500 2
1 2 5 2 135500 2
1 2 5 1 135500 2
1 2 4 1 135500 2
1 2 10 6 136000 2
1 2 11 6 136000 2
1 2 11 2 136000 2
1 2 11 4 136000 2
1 2 11 6 136000 2
1 2 11 4 136000 2
1 2 12 2 136000 2
1 2 13 4 136000 2
1 2 13 5 136000 2
1 2 15 1 136000 2
1 2 15 3 136000 2
1 2 6 7 136000 2
1 2 7 3 136000 2
1 2 0 3 136000 2
1 2 2 0 136000 2
1 2 2 6 136000 2
1 2 3 2 136000 2
1 2 4 1 136000 2
1 2 4 9 136000 2
1 2 5 9 136000 2
1 2 5 6 136000 2
1 2 5 5 136000 2
1 2 7 1 136000 2
1 2 13 8 136500 2
1 2 15 1 136500 2
1 2 14 0 136500 2
1 2 13 4 136500 2
1 2 13 4 136500 2
1 2 12 6 136500 2
1 2 11 7 136500 2
1 2 11 0 136500 2
1 2 11 0 136500 2
1 2 9 2 136500 2
1 2 8 2 136500 2
1 2 8 4 136500 2
1 2 2 0 136500 2
1 2 3 4 136500 2
1 2 4 2 136500 2
1 2 1 4 136500 2
1 2 6 9 136500 2
1 2 6 9 136500 2
1 2 7 9 136500 2
1 2 7 2 136500 2
1 2 15 1 137000 2
1 2 15 8 137000 2
1 2 15 8 137000 2
1 2 14 5 137000 2
1 2 13 5 137000 2
1 2 12 4 137000 2
1 2 12 6 137000 2
1 2 11 4 137000 2
1 2 11 4 137000 2
1 2 11 4 137000 2
1 2 7 1 137000 2
1 2 10 1 137000 2
1 2 1 1 137000 2
1 2 2 9 137000 2
1 2 4 8 137000 2
1 2 5 4 137000 2
1 2 5 5 137000 2
1 2 5 5 137000 2
1 2 6 6 137000 2
1 2 6 3 137000 2
1 2 7 0 137000 2
1 2 15 0 137500 2
1 2 14 9 137500 2
1 2 14 0 137500 2
1 2 13 1 137500 2
1 2 12 5 137500 2
1 2 11 6 137500 2
1 2 9 9 137500 2
1 2 9 5 137500 2
1 2 8 6 137500 2
1 2 5 5 137500 2
1 2 5 8 137500 2
1 2 3 4 137500 2
1 2 3 9 137500 2
1 2 3 4 137500 2
1 2 2 1 137500 2
1 2 8 0 137500 2
1 2 10 4 138000 2
1 2 11 6 138000 2
1 2 11 4 138000 2
1 2 11 9 138000 2
1 2 11 4 138000 2
1 2 11 8 138000 2
1 2 12 6 138000 2
1 2 13 5 138000 2
1 2 13 2 138000 2
1 2 15 5 138000 2
1 2 15 7 138000 2
1 2 15 3 138000 2
1 2 10 9 138000 2
1 2 10 8 138000 2
1 2 0 3 138000 2
1 2 2 0 138000 2
1 2 2 9 138000 2
1 2 3 4 138000 2
1 2 4 2 138000 2
1 2 4 6 138000 2
1 2 5 0 138000 2
1 2 6 3 138000 2
1 2 7 4 138000 2
1 2 7 4 138000 2
1 2 9 5 138000 2
1 2 4 6 138000 2
1 2 9 6 138500 2
1 2 10 1 138500 2
1 2 11 1 138500 2
1 2 11 0 138500 2
1 2 11 5 138500 2
1 2 11 8 138500 2
1 2 12 6 138500 2
1 2 13 9 138500 2
1 2 14 5 138500 2
1 2 15 8 138500 2
1 2 15 1 138500 2
1 2 15 4 138500 2
1 2 6 3 138500 2
1 2 8 9 138500 2
1 2 0 6 138500 2
1 2 1 2 138500 2
1 2 1 1 138500 2
1 2 2 5 138500 2
1 2 3 4 138500 2
1 2 4 3 138500 2
1 2 4 7 138500 2
1 2 4 6 138500 2
1 2 5 3 138500 2
1 2 5 5 138500 2
1 2 5 4 138500 2
1 2 8 3 138500 2
1 2 9 0 139000 2
1 2 15 3 139000 2
1 2 15 2 139000 2
1 2 14 8 139000 2
1 2 13 5 139000 2
1 2 12 4 139000 2
1 2 12 6 139000 2
1 2 11 9 139000 2
1 2 11 1 139000 2
1 2 9 7 139000 2
1 2 9 6 139000 2
1 2 1 2 139000 2
1 2 1 5 139000 2
1 2 2 5 139000 2
1 2 3 9 139000 2
1 2 5 5 139000 2
1 2 7 2 139000 2
1 2 7 7 139000 2
1 2 7 0 139000 2
1 2 14 9 139500 2
1 2 15 9 139500 2
1 2 14 5 139500 2
1 2 13 6 139500 2
1 2 13 4 139500 2
1 2 12 6 139500 2
1 2 11 9 139500 2
1 2 11 0 139500 2
1 2 10 5 139500 2
1 2 8 7 139500 2
1 2 7 2 139500 2
1 2 5 9 139500 2
1 2 4 8 139500 2
1 2 4 1 139500 2
1 2 2 8 139500 2
1 2 3 8 139500 2
1 2 10 6 139500 2
1 2 10 9 140000 2
1 2 15 2 140000 2
1 2 15 5 140000 2
1 2 13 6 140000 2
1 2 12 1 140000 2
1 2 12 6 140000 2
1 2 11 4 140000 2
1 2 11 4 140000 2
1 2 7 9 140000 2
1 2 5 8 140000 2
1 2 4 8 140000 2
1 2 4 5 140000 2
1 2 3 8 140000 2
1 2 3 3 140000 2
1 2 11 6 140500 2
1 2 11 1 140500 2
1 2 11 0 140500 2
1 2 10 8 140500 2
1 2 11 6 140500 2
1 2 11 0 140500 2
1 2 11 4 140500 2
1 2 12 6 140500 2
1 2 12 8 140500 2
1 2 13 6 140500 2
1 2 13 5 140500 2
1 2 14 2 140500 2
1 2 15 6 140500 2
1 2 15 8 140500 2
1 2 15 9 140500 2
1 2 14 9 140500 2
1 2 8 2 140500 2
1 2 8 4 140500 2
1 2 0 3 140500 2
1 2 1 2 140500 2
1 2 1 3 140500 2
1 2 2 8 140500 2
1 2 3 8 140500 2
1 2 4 9 140500 2
1 2 4 3 140500 2
1 2 4 6 140500 2
1 2 4 6 140500 2
1 2 4 6 140500 2
1 2 5 8 140500 2
1 2 6 6 140500 2
1 2 7 9 140500 2
1 2 4 3 140500 2
1 2 11 0 141000 2
1 2 12 8 141000 2
1 2 13 5 141000 2
1 2 13 7 141000 2
1 2 13 6 141000 2
1 2 14 0 141000 2
1 2 14 4 141000 2
1 2 15 8 141000 2
1 2 15 4 141000 2
1 2 15 1 141000 2
1 2 10 5 141000 2
1 2 11 4 141000 2
1 2 2 2 141000 2
1 2 3 6 141000 2
1 2 4 5 141000 2
1 2 5 6 141000 2
1 2 5 8 141000 2
1 2 6 6 141000 2
1 2 6 4 141000 2
1 2 9 5 141000 2
1 2 5 4 141000 2
1 2 11 4 141000 2
1 2 9 5 141500 2
1 2 10 2 141500 2
1 2 10 6 141500 2
1 2 11 6 141500 2
1 2 11 4 141500 2
1 2 11 0 141500 2
1 2 13 6 141500 2
1 2 14 5 141500 2
1 2 15 5 141500 2
1 2 15 5 141500 2
1 2 15 4 141500 2
1 2 10 6 141500 2
1 2 8 1 141500 2
1 2 9 5 141500 2
1 2 1 7 141500 2
1 2 1 4 141500 2
1 2 2 5 141500 2
1 2 3 3 141500 2
1 2 3 3 141500 2
1 2 5 0 141500 2
1 2 6 3 141500 2
1 2 7 2 141500 2
1 2 7 9 141500 2
1 2 0 3 141500 2
1 2 8 2 142000 2
1 2 8 1 142000 2
1 2 9 5 142000 2
1 2 9 2 142000 2
1 2 10 9 142000 2
1 2 11 7 142000 2
1 2 12 6 142000 2
1 2 12 8 142000 2
1 2 13 7 142000 2
1 2 14 2 142000 2
1 2 14 2 142000 2
1 2 15 8 142000 2
1 2 15 6 142000 2
1 2 15 9 142000 2
1 2 7 2 142000 2
1 2 7 3 142000 2
1 2 2 2 142000 2
1 2 3 8 142000 2
1 2 3 8 142000 2
1 2 3 1 142000 2
1 2 3 8 142000 2
1 2 4 5 142000 2
1 2 4 4 142000 2
1 2 4 3 142000 2
1 2 4 6 142000 2
1 2 4 6 142000 2
1 2 5 8 142000 2
1 2 5 0 142000 2
1 2 9 3 142500 2
1 2 10 2 142500 2
1 2 10 8 142500 2
1 2 11 6 142500 2
1 2 11 4 142500 2
1 2 11 7 142500 2
1 2 11 2 142500 2
1 2 11 2 142500 2
1 2 12 6 142500 2
1 2 13 6 142500 2
1 2 13 1 142500 2
1 2 13 4 142500 2
1 2 13 2 142500 2
1 2 14 0 142500 2
1 2 7 9 142500 2
1 2 9 2 142500 2
1 2 0 8 142500 2
1 2 0 7 142500 2
1 2 0 8 142500 2
1 2 1 1 142500 2
1 2 1 5 142500 2
1 2 3 8 142500 2
1 2 3 1 142500 2
1 2 4 2 142500 2
1 2 4 3 142500 2
1 2 5 9 142500 2
1 2 5 8 142500 2
1 2 5 1 142500 2
1 2 3 4 142500 2
1 2 9 5 143000 2
1 2 11 1 143000 2
1 2 11 4 143000 2
1 2 11 0 143000 2
1 2 11 2 143000 2
1 2 12 8 143000 2
1 2 12 4 143000 2
1 2 13 7 143000 2
1 2 14 1 143000 2
1 2 15 8 143000 2
1 2 15 3 143000 2
1 2 15 4 143000 2
1 2 9 2 143000 2
1 2 9 5 143000 2
1 2 0 7 143000 2
1 2 1 3 143000 2
1 2 2 6 143000 2
1 2 3 2 143000 2
1 2 4 2 143000 2
1 2 4 6 143000 2
1 2 7 5 143000 2
1 2 9 1 143000 2
1 2 9 4 143000 2
1 2 9 3 143000 2
1 2 7 1 143000 2
1 2 8 5 143500 2
1 2 9 8 143500 2
1 2 9 5 143500 2
1 2 10 9 143500 2
1 2 10 6 143500 2
1 2 10 6 143500 2
1 2 11 0 143500 2
1 2 11 9 143500 2
1 2 11 9 143500 2
1 2 12 4 143500 2
1 2 13 8 143500 2
1 2 13 9 143500 2
1 2 13 4 143500 2
1 2 15 8 143500 2
1 2 7 5 143500 2
1 2 8 6 143500 2
1 2 0 3 143500 2
1 2 0 2 143500 2
1 2 2 9 143500 2
1 2 3 1 143500 2
1 2 3 4 143500 2
1 2 4 6 143500 2
1 2 5 9 143500 2
1 2 5 2 143500 2
1 2 5 7 143500 2
1 2 6 8 143500 2
1 2 6 9 143500 2
1 2 5 7 143500 2
1 2 8 9 144000 2
1 2 8 2 144000 2
1 2 9 0 144000 2
1 2 9 5 144000 2
1 2 10 6 144000 2
1 2 10 8 144000 2
1 2 11 4 144000 2
1 2 11 9 144000 2
1 2 11 8 144000 2
1 2 11 7 144000 2
1 2 12 6 144000 2
1 2 13 4 144000 2
1 2 15 0 144000 2
1 2 0 1 144000 2
1 2 7 0 144000 2
1 2 2 6 144000 2
1 2 2 2 144000 2
1 2 3 7 144000 2
1 2 3 6 144000 2
1 2 4 1 144000 2
1 2 5 9 144000 2
1 2 7 5 144000 2
1 2 7 5 144000 2
1 2 6 0 144000 2
1 2 5 1 144000 2
1 2 5 5 144000 2
1 2 4 8 144000 2
1 2 8 9 144500 2
1 2 14 3 144500 2
1 2 14 2 144500 2
1 2 14 3 144500 2
1 2 14 5 144500 2
1 2 13 5 144500 2
1 2 13 5 144500 2
1 2 12 5 144500 2
1 2 12 5 144500 2
1 2 11 9 144500 2
1 2 10 0 144500 2
1 2 10 0 144500 2
1 2 8 0 144500 2
1 2 7 9 144500 2
1 2 0 5 144500 2
1 2 0 1 144500 2
1 2 0 3 144500 2
1 2 1 7 144500 2
1 2 1 7 144500 2
1 2 3 7 144500 2
1 2 3 3 144500 2
1 2 5 9 144500 2
1 2 6 3 144500 2
1 2 7 7 144500 2
1 2 8 8 144500 2
1 2 3 8 144500 2
1 2 8 9 145000 2
1 2 8 8 145000 2
1 2 9 1 145000 2
1 2 10 9 145000 2
1 2 10 9 145000 2
1 2 11 9 145000 2
1 2 11 4 145000 2
1 2 12 5 145000 2
1 2 12 5 145000 2
1 2 13 1 145000 2
1 2 14 2 145000 2
1 2 15 7 145000 2
1 2 6 0 145000 2
1 2 8 9 145000 2
1 2 1 8 145000 2
1 2 2 9 145000 2
1 2 2 9 145000 2
1 2 2 6 145000 2
1 2 3 4 145000 2
1 2 3 4 145000 2
1 2 4 4 145000 2
1 2 4 9 145000 2
1 2 4 6 145000 2
1 2 4 4 145000 2
1 2 6 8 145000 2
1 2 8 7 145500 2
1 2 7 3 145500 2
1 2 8 7 145500 2
1 2 9 9 145500 2
1 2 10 7 145500 2
1 2 10 5 145500 2
1 2 11 0 145500 2
1 2 11 4 145500 2
1 2 12 0 145500 2
1 2 12 1 145500 2
1 2 12 4 145500 2
1 2 12 4 145500 2
1 2 13 8 145500 2
1 2 13 1 145500 2
1 2 14 9 145500 2
1 2 7 5 145500 2
1 2 0 9 145500 2
1 2 0 6 145500 2
1 2 0 5 145500 2
1 2 0 3 145500 2
1 2 2 0 145500 2
1 2 2 7 145500 2
1 2 2 6 145500 2
1 2 3 8 145500 2
1 2 3 8 145500 2
1 2 3 7 145500 2
1 2 4 8 145500 2
1 2 5 8 145500 2
1 2 6 3 145500 2
1 2 6 9 145500 2
1 2 7 5 145500 2
1 2 7 2 146000 2
1 2 8 3 146000 2
1 2 8 8 146000 2
1 2 8 3 146000 2
1 2 9 7 146000 2
1 2 10 8 146000 2
1 2 11 3 146000 2
1 2 11 4 146000 2
1 2 11 0 146000 2
1 2 12 8 146000 2
1 2 12 4 146000 2
1 2 13 3 146000 2
1 2 14 9 146000 2
1 2 15 8 146000 2
1 2 2 2 146000 2
1 2 7 5 146000 2
1 2 0 5 146000 2
1 2 0 8 146000 2
1 2 7 8 146000 2
1 2 2 7 146000 2
1 2 3 6 146000 2
1 2 3 4 146000 2
1 2 3 7 146000 2
1 2 3 7 146000 2
1 2 4 2 146000 2
1 2 4 0 146000 2
1 2 5 4 146000 2
1 2 6 6 146000 2
1 2 6 9 146000 2
1 2 8 9 146500 2
1 2 8 2 146500 2
1 2 8 7 146500 2
1 2 8 9 146500 2
1 2 8 8 146500 2
1 2 8 8 146500 2
1 2 9 1 146500 2
1 2 9 6 146500 2
1 2 10 8 146500 2
1 2 10 9 146500 2
1 2 10 3 146500 2
1 2 10 3 146500 2
1 2 11 5 146500 2
1 2 11 7 146500 2
1 2 11 7 146500 2
1 2 12 6 146500 2
1 2 13 3 146500 2
1 2 15 9 146500 2
1 2 15 2 146500 2
1 2 15 3 146500 2
1 2 7 2 146500 2
1 2 8 4 146500 2
1 2 0 8 146500 2
1 2 0 1 146500 2
1 2 0 3 146500 2
1 2 1 0 146500 2
1 2 1 5 146500 2
1 2 2 8 146500 2
1 2 3 8 146500 2
1 2 3 8 146500 2
1 2 5 5 146500 2
1 2 6 3 146500 2
1 2 6 1 146500 2
1 2 6 7 146500 2
1 2 6 7 146500 2
1 2 6 3 146500 2
1 2 7 7 146500 2
1 2 7 9 146500 2
1 2 7 1 146500 2
1 2 5 3 146500 2
1 2 9 5 147000 2
1 2 9 5 147000 2
1 2 10 0 147000 2
1 2 10 9 147000 2
1 2 10 6 147000 2
1 2 11 7 147000 2
1 2 11 0 147000 2
1 2 11 4 147000 2
1 2 13 8 147000 2
1 2 13 5 147000 2
1 2 14 9 147000 2
1 2 15 0 147000 2
1 2 15 7 147000 2
1 2 8 9 147000 2
1 2 8 1 147000 2
1 2 0 3 147000 2
1 2 0 8 147000 2
1 2 1 9 147000 2
1 2 2 6 147000 2
1 2 5 6 147000 2
1 2 5 3 147000 2
1 2 5 3 147000 2
1 2 6 3 147000 2
1 2 6 8 147000 2
1 2 7 4 147000 2
1 2 7 7 147000 2
1 2 8 2 147000 2
1 2 8 4 147500 2
1 2 8 9 147500 2
1 2 7 8 147500 2
1 2 8 2 147500 2
1 2 9 0 147500 2
1 2 9 3 147500 2
1 2 10 2 147500 2
1 2 10 9 147500 2
1 2 10 4 147500 2
1 2 11 7 147500 2
1 2 11 6 147500 2
1 2 11 4 147500 2
1 2 12 2 147500 2
1 2 12 3 147500 2
1 2 13 3 147500 2
1 2 8 7 147500 2
1 2 6 4 147500 2
1 2 7 9 147500 2
1 2 1 3 147500 2
1 2 1 7 147500 2
1 2 3 4 147500 2
1 2 3 4 147500 2
1 2 3 3 147500 2
1 2 4 8 147500 2
1 2 4 3 147500 2
1 2 5 6 147500 2
1 2 5 4 147500 2
1 2 5 8 147500 2
1 2 6 6 147500 2
1 2 6 4 147500 2
1 2 6 7 147500 2
1 2 4 8 147500 2
1 2 6 8 148000 2
1 2 7 9 148000 2
1 2 7 1 148000 2
1 2 8 4 148000 2
1 2 8 9 148000 2
1 2 8 0 148000 2
1 2 8 3 148000 2
1 2 10 2 148000 2
1 2 11 0 148000 2
1 2 11 7 148000 2
1 2 12 8 148000 2
1 2 12 9 148000 2
1 2 12 4 148000 2
1 2 12 5 148000 2
1 2 13 0 148000 2
1 2 14 8 148000 2
1 2 15 8 148000 2
1 2 15 2 148000 2
1 2 15 1 148000 2
1 2 6 4 148000 2
1 2 0 6 148000 2
1 2 1 2 148000 2
1 2 1 5 148000 2
1 2 2 2 148000 2
1 2 2 9 148000 2
1 2 2 2 148000 2
1 2 3 6 148000 2
1 2 3 4 148000 2
1 2 3 2 148000 2
1 2 4 7 148000 2
1 2 4 9 148000 2
1 2 4 0 148000 2
1 2 5 5 148000 2
1 2 6 2 148000 2
1 2 6 8 148000 2
1 2 6 8 148000 2
1 2 6 3 148000 2
1 2 4 8 148000 2
1 2 8 3 148500 2
1 2 9 0 148500 2
1 2 10 5 148500 2
1 2 11 9 148500 2
1 2 12 1 148500 2
1 2 12 8 148500 2
1 2 13 2 148500 2
1 2 13 2 148500 2
1 2 13 9 148500 2
1 2 14 8 148500 2
1 2 15 9 148500 2
1 2 15 2 148500 2
1 2 15 2 148500 2
1 2 15 6 148500 2
1 2 12 8 148500 2
1 2 6 3 148500 2
1 2 8 8 148500 2
1 2 0 8 148500 2
1 2 1 0 148500 2
1 2 2 8 148500 2
1 2 3 3 148500 2
1 2 3 1 148500 2
1 2 3 4 148500 2
1 2 3 0 148500 2
1 2 0 6 148500 2
1 2 4 7 148500 2
1 2 4 2 148500 2
1 2 5 9 148500 2
1 2 5 7 148500 2
1 2 6 6 148500 2
1 2 3 7 148500 2
1 2 9 6 149000 2
1 2 10 9 149000 2
1 2 11 8 149000 2
1 2 11 0 149000 2
1 2 11 4 149000 2
1 2 12 2 149000 2
1 2 12 5 149000 2
1 2 13 7 149000 2
1 2 13 4 149000 2
1 2 13 2 149000 2
1 2 14 2 149000 2
1 2 14 8 149000 2
1 2 14 3 149000 2
1 2 15 2 149000 2
1 2 15 0 149000 2
1 2 8 6 149000 2
1 2 8 3 149000 2
1 2 1 0 149000 2
1 2 2 6 149000 2
1 2 3 4 149000 2
1 2 3 9 149000 2
1 2 3 8 149000 2
1 2 4 0 149000 2
1 2 5 7 149000 2
1 2 5 5 149000 2
1 2 5 3 149000 2
1 2 6 2 149000 2
1 2 6 3 149000 2
1 2 6 0 149000 2
1 2 7 7 149000 2
1 2 8 9 149000 2
1 2 8 9 149000 2
1 2 8 6 149000 2
1 2 9 5 149500 2
1 2 11 0 149500 2
1 2 11 7 149500 2
1 2 12 1 149500 2
1 2 12 2 149500 2
1 2 12 1 149500 2
1 2 12 5 149500 2
1 2 12 4 149500 2
1 2 13 9 149500 2
1 2 13 5 149500 2
1 2 13 4 149500 2
1 2 14 4 149500 2
1 2 14 2 149500 2
1 2 15 8 149500 2
1 2 15 7 149500 2
1 2 15 0 149500 2
1 2 7 7 149500 2
1 2 8 7 149500 2
1 2 8 9 149500 2
1 2 0 8 149500 2
1 2 1 2 149500 2
1 2 1 8 149500 2
1 2 2 5 149500 2
1 2 3 9 149500 2
1 2 3 4 149500 2
1 2 4 5 149500 2
1 2 5 4 149500 2
1 2 5 9 149500 2
1 2 6 9 149500 2
1 2 0 2 149500 2
1 2 7 3 149500 2
1 2 8 6 149500 2
1 2 4 8 149500 2
1 2 7 3 150000 2
1 2 6 8 150000 2
1 2 8 7 150000 2
1 2 8 2 150000 2
1 2 8 7 150000 2
1 2 10 9 150000 2
1 2 11 0 150000 2
1 2 11 9 150000 2
1 2 11 4 150000 2
1 2 12 2 150000 2
1 2 13 2 150000 2
1 2 14 5 150000 2
1 2 14 1 150000 2
1 2 15 6 150000 2
1 2 7 7 150000 2
1 2 0 8 150000 2
1 2 1 8 150000 2
1 2 2 1 150000 2
1 2 2 2 150000 2
1 2 3 6 150000 2
1 2 3 4 150000 2
1 2 4 4 150000 2
1 2 5 6 150000 2
1 2 5 1 150000 2
1 2 5 8 150000 2
1 2 6 3 150000 2
1 2 7 5 150000 2
1 2 3 8 150000 2
1 2 8 4 150500 2
1 2 8 9 150500 2
1 2 6 6 150500 2
1 2 8 7 150500 2
1 2 8 2 150500 2
1 2 8 3 150500 2
1 2 10 9 150500 2
1 2 11 8 150500 2
1 2 11 7 150500 2
1 2 12 3 150500 2
1 2 13 8 150500 2
1 2 13 5 150500 2
1 2 6 7 150500 2
1 2 6 0 150500 2
1 2 0 0 150500 2
1 2 0 8 150500 2
1 2 1 7 150500 2
1 2 2 2 150500 2
1 2 4 6 150500 2
1 2 4 4 150500 2
1 2 5 4 150500 2
1 2 5 9 150500 2
1 2 4 4 150500 2
1 2 9 6 151000 2
1 2 10 0 151000 2
1 2 9 1 151000 2
1 2 9 6 151000 2
1 2 10 4 151000 2
1 2 10 7 151000 2
1 2 11 9 151000 2
1 2 11 3 151000 2
1 2 12 9 151000 2
1 2 13 8 151000 2
1 2 13 4 151000 2
1 2 13 6 151000 2
1 2 14 8 151000 2
1 2 15 0 151000 2
1 2 15 2 151000 2
1 2 15 9 151000 2
1 2 8 9 151000 2
1 2 0 4 151000 2
1 2 0 8 151000 2
1 2 1 9 151000 2
1 2 2 8 151000 2
1 2 2 8 151000 2
1 2 3 4 151000 2
1 2 3 2 151000 2
1 2 3 7 151000 2
1 2 4 6 151000 2
1 2 5 9 151000 2
1 2 5 3 151000 2
1 2 6 3 151000 2
1 2 6 9 151000 2
1 2 8 6 151000 2
1 2 8 3 151000 2
1 2 4 3 151000 2
1 2 7 7 151500 2
1 2 8 9 151500 2
1 2 9 9 151500 2
1 2 9 0 151500 2
1 2 10 7 151500 2
1 2 10 3 151500 2
1 2 11 4 151500 2
1 2 11 7 151500 2
1 2 12 6 151500 2
1 2 13 1 151500 2
1 2 13 2 151500 2
1 2 15 8 151500 2
1 2 15 8 151500 2
1 2 6 3 151500 2
1 2 6 9 151500 2
1 2 0 4 151500 2
1 2 0 2 151500 2
1 2 1 3 151500 2
1 2 2 7 151500 2
1 2 2 6 151500 2
1 2 3 2 151500 2
1 2 3 7 151500 2
1 2 4 8 151500 2
1 2 4 4 151500 2
1 2 5 3 151500 2
1 2 6 8 151500 2
1 2 6 5 151500 2
1 2 8 6 152000 2
1 2 6 9 152000 2
1 2 6 2 152000 2
1 2 9 6 152000 2
1 2 11 8 152000 2
1 2 11 0 152000 2
1 2 11 4 152000 2
1 2 12 8 152000 2
1 2 12 6 152000 2
1 2 13 6 152000 2
1 2 13 5 152000 2
1 2 13 1 152000 2
1 2 14 1 152000 2
1 2 14 8 152000 2
1 2 6 0 152000 2
1 2 6 7 152000 2
1 2 0 6 152000 2
1 2 1 7 152000 2
1 2 1 2 152000 2
1 2 1 3 152000 2
1 2 2 9 152000 2
1 2 2 9 152000 2
1 2 3 4 152000 2
1 2 3 8 152000 2
1 2 3 8 152000 2
1 2 4 2 152000 2
1 2 4 0 152000 2
1 2 5 8 152000 2
1 2 8 7 152500 2
1 2 7 3 152500 2
1 2 8 9 152500 2
1 2 8 9 152500 2
1 2 8 2 152500 2
1 2 8 7 152500 2
1 2 9 1 152500 2
1 2 10 9 152500 2
1 2 10 2 152500 2
1 2 11 9 152500 2
1 2 11 4 152500 2
1 2 12 4 152500 2
1 2 12 4 152500 2
1 2 13 5 152500 2
1 2 13 0 152500 2
1 2 13 5 152500 2
1 2 15 8 152500 2
1 2 15 8 152500 2
1 2 7 9 152500 2
1 2 7 4 152500 2
1 2 0 5 152500 2
1 2 0 8 152500 2
1 2 1 3 152500 2
1 2 1 0 152500 2
1 2 3 4 152500 2
1 2 3 5 152500 2
1 2 3 8 152500 2
1 2 4 2 152500 2
1 2 5 3 152500 2
1 2 5 9 152500 2
1 2 6 8 152500 2
1 2 6 3 152500 2
1 2 6 5 152500 2
1 2 6 3 152500 2
1 2 4 4 152500 2
1 2 9 9 153000 2
1 2 10 0 153000 2
1 2 10 7 153000 2
1 2 10 6 153000 2
1 2 11 8 153000 2
1 2 11 8 153000 2
1 2 11 4 153000 2
1 2 11 0 153000 2
1 2 12 5 153000 2
1 2 12 6 153000 2
1 2 13 8 153000 2
1 2 13 5 153000 2
1 2 13 5 153000 2
1 2 15 6 153000 2
1 2 15 3 153000 2
1 2 13 3 153000 2
1 2 8 3 153000 2
1 2 8 4 153000 2
1 2 1 9 153000 2
1 2 2 0 153000 2
1 2 0 8 153000 2
1 2 2 9 153000 2
1 2 2 6 153000 2
1 2 2 9 153000 2
1 2 4 8 153000 2
1 2 4 4 153000 2
1 2 5 8 153000 2
1 2 5 3 153000 2
1 2 6 5 153000 2
1 2 6 7 153000 2
1 2 7 5 153000 2
1 2 4 3 153000 2
1 2 8 0 153500 2
1 2 9 5 153500 2
1 2 9 0 153500 2
1 2 10 9 153500 2
1 2 10 3 153500 2
1 2 10 5 153500 2
1 2 11 6 153500 2
1 2 11 8 153500 2
1 2 11 4 153500 2
1 2 12 4 153500 2
1 2 12 9 153500 2
1 2 12 5 153500 2
1 2 13 3 153500 2
1 2 6 4 153500 2
1 2 8 4 153500 2
1 2 0 5 153500 2
1 2 2 3 153500 2
1 2 3 8 153500 2
1 2 3 8 153500 2
1 2 3 8 153500 2
1 2 3 4 153500 2
1 2 4 5 153500 2
1 2 4 8 153500 2
1 2 5 6 153500 2
1 2 5 8 153500 2
1 2 6 0 153500 2
1 2 9 0 154000 2
1 2 10 6 154000 2
1 2 10 7 154000 2
1 2 11 9 154000 2
1 2 11 6 154000 2
1 2 11 9 154000 2
1 2 11 4 154000 2
1 2 12 6 154000 2
1 2 12 2 154000 2
1 2 12 9 154000 2
1 2 12 2 154000 2
1 2 12 4 154000 2
1 2 12 5 154000 2
1 2 12 4 154000 2
1 2 13 6 154000 2
1 2 13 2 154000 2
1 2 15 0 154000 2
1 2 14 8 154000 2
1 2 7 5 154000 2
1 2 8 8 154000 2
1 2 1 2 154000 2
1 2 0 8 154000 2
1 2 1 7 154000 2
1 2 2 8 154000 2
1 2 2 7 154000 2
1 2 2 3 154000 2
1 2 3 3 154000 2
1 2 3 8 154000 2
1 2 4 8 154000 2
1 2 3 4 154000 2
1 2 7 7 154000 2
1 2 6 0 154000 2
1 2 6 4 154000 2
1 2 6 0 154000 2
1 2 5 9 154000 2
1 2 5 8 154000 2
1 2 5 6 154000 2
1 2 7 8 154500 2
1 2 8 4 154500 2
1 2 8 2 154500 2
1 2 10 9 154500 2
1 2 10 1 154500 2
1 2 10 3 154500 2
1 2 11 4 154500 2
1 2 11 4 154500 2
1 2 12 2 154500 2
1 2 12 8 154500 2
1 2 12 6 154500 2
1 2 13 2 154500 2
1 2 13 1 154500 2
1 2 14 9 154500 2
1 2 15 0 154500 2
1 2 15 7 154500 2
1 2 7 9 154500 2
1 2 7 8 154500 2
1 2 0 9 154500 2
1 2 0 8 154500 2
1 2 1 9 154500 2
1 2 2 9 154500 2
1 2 2 7 154500 2
1 2 2 4 154500 2
1 2 3 4 154500 2
1 2 3 8 154500 2
1 2 3 4 154500 2
1 2 4 5 154500 2
1 2 4 7 154500 2
1 2 5 9 154500 2
1 2 6 0 154500 2
1 2 6 9 154500 2
1 2 3 8 154500 2
1 2 7 5 154500 2
1 2 7 7 155000 2
1 2 8 3 155000 2
1 2 8 9 155000 2
1 2 9 6 155000 2
1 2 10 0 155000 2
1 2 10 7 155000 2
1 2 10 6 155000 2
1 2 10 2 155000 2
1 2 11 0 155000 2
1 2 11 4 155000 2
1 2 12 6 155000 2
1 2 12 5 155000 2
1 2 13 8 155000 2
1 2 13 5 155000 2
1 2 15 4 155000 2
1 2 5 9 155000 2
1 2 0 4 155000 2
1 2 7 9 155000 2
1 2 0 4 155000 2
1 2 1 2 155000 2
1 2 1 9 155000 2
1 2 2 9 155000 2
1 2 3 4 155000 2
1 2 3 6 155000 2
1 2 3 7 155000 2
1 2 6 9 155000 2
1 2 6 8 155000 2
1 2 5 9 155000 2
1 2 5 5 155000 2
1 2 3 2 155000 2
1 2 3 8 155000 2
1 2 5 7 155000 2
1 2 7 8 155500 2
1 2 15 2 155500 2
1 2 15 2 155500 2
1 2 14 8 155500 2
1 2 13 5 155500 2
1 2 11 4 155500 2
1 2 11 4 155500 2
1 2 11 9 155500 2
1 2 11 1 155500 2
1 2 10 1 155500 2
1 2 8 2 155500 2
1 2 8 7 155500 2
1 2 8 9 155500 2
1 2 7 2 155500 2
1 2 6 8 155500 2
1 2 6 9 155500 2
1 2 0 1 155500 2
1 2 1 7 155500 2
1 2 2 8 155500 2
1 2 2 9 155500 2
1 2 3 8 155500 2
1 2 4 5 155500 2
1 2 4 2 155500 2
1 2 4 0 155500 2
1 2 5 7 155500 2
1 2 6 0 155500 2
1 2 6 3 155500 2
1 2 9 6 156000 2
1 2 10 9 156000 2
1 2 10 1 156000 2
1 2 10 8 156000 2
1 2 10 3 156000 2
1 2 11 8 156000 2
1 2 11 8 156000 2
1 2 11 4 156000 2
1 2 11 6 156000 2
1 2 12 2 156000 2
1 2 13 5 156000 2
1 2 13 5 156000 2
1 2 14 8 156000 2
1 2 14 8 156000 2
1 2 15 7 156000 2
1 2 8 4 156000 2
1 2 8 3 156000 2
1 2 0 3 156000 2
1 2 2 2 156000 2
1 2 3 8 156000 2
1 2 3 8 156000 2
1 2 3 7 156000 2
1 2 5 6 156000 2
1 2 6 8 156000 2
1 2 6 3 156000 2
1 2 6 7 156000 2
1 2 7 9 156000 2
1 2 7 4 156000 2
1 2 8 6 156000 2
1 2 5 9 156000 2
1 2 8 3 156500 2
1 2 9 9 156500 2
1 2 11 0 156500 2
1 2 11 3 156500 2
1 2 11 0 156500 2
1 2 12 2 156500 2
1 2 12 5 156500 2
1 2 12 5 156500 2
1 2 12 5 156500 2
1 2 13 4 156500 2
1 2 14 1 156500 2
1 2 15 8 156500 2
1 2 15 6 156500 2
1 2 8 0 156500 2
1 2 7 8 156500 2
1 2 0 5 156500 2
1 2 0 3 156500 2
1 2 1 9 156500 2
1 2 2 9 156500 2
1 2 2 9 156500 2
1 2 3 8 156500 2
1 2 3 8 156500 2
1 2 4 5 156500 2
1 2 5 3 156500 2
1 2 5 3 156500 2
1 2 6 1 156500 2
1 2 6 8 156500 2
1 2 6 5 156500 2
1 2 7 8 156500 2
1 2 9 3 157000 2
1 2 11 8 157000 2
1 2 11 9 157000 2
1 2 12 9 157000 2
1 2 12 2 157000 2
1 2 12 8 157000 2
1 2 13 8 157000 2
1 2 13 8 157000 2
1 2 13 8 157000 2
1 2 13 6 157000 2
1 2 14 1 157000 2
1 2 14 7 157000 2
1 2 14 4 157000 2
1 2 15 0 157000 2
1 2 15 3 157000 2
1 2 7 9 157000 2
1 2 8 9 157000 2
1 2 8 8 157000 2
1 2 0 8 157000 2
1 2 1 5 157000 2
1 2 1 7 157000 2
1 2 2 8 157000 2
1 2 2 7 157000 2
1 2 2 9 157000 2
1 2 4 4 157000 2
1 2 5 3 157000 2
1 2 6 8 157000 2
1 2 6 4 157000 2
1 2 0 5 157000 2
1 2 8 9 157000 2
1 2 3 9 157000 2
1 2 7 6 157500 2
1 2 7 9 157500 2
1 2 7 8 157500 2
1 2 8 3 157500 2
1 2 9 6 157500 2
1 2 10 8 157500 2
1 2 10 8 157500 2
1 2 11 9 157500 2
1 2 12 2 157500 2
1 2 13 2 157500 2
1 2 14 0 157500 2
1 2 15 5 157500 2
1 2 15 3 157500 2
1 2 6 0 157500 2
1 2 7 5 157500 2
1 2 1 4 157500 2
1 2 3 5 157500 2
1 2 3 2 157500 2
1 2 3 4 157500 2
1 2 4 0 157500 2
1 2 4 5 157500 2
1 2 4 3 157500 2
1 2 5 5 157500 2
1 2 5 7 157500 2
1 2 6 8 157500 2
1 2 7 4 158000 2
1 2 8 9 158000 2
1 2 8 5 158000 2
1 2 8 2 158000 2
1 2 9 0 158000 2
1 2 9 5 158000 2
1 2 11 0 158000 2
1 2 12 9 158000 2
1 2 12 4 158000 2
1 2 13 7 158000 2
1 2 15 6 158000 2
1 2 15 3 158000 2
1 2 15 7 158000 2
1 2 6 7 158000 2
1 2 6 9 158000 2
1 2 1 0 158000 2
1 2 1 6 158000 2
1 2 3 4 158000 2
1 2 3 8 158000 2
1 2 4 4 158000 2
1 2 4 8 158000 2
1 2 4 4 158000 2
1 2 5 9 158000 2
1 2 5 1 158000 2
1 2 6 6 158000 2
1 2 6 4 158000 2
1 2 4 7 158000 2
1 2 11 4 158500 2
1 2 11 0 158500 2
1 2 12 8 158500 2
1 2 13 5 158500 2
1 2 13 6 158500 2
1 2 13 5 158500 2
1 2 13 4 158500 2
1 2 14 1 158500 2
1 2 14 1 158500 2
1 2 15 8 158500 2
1 2 15 1 158500 2
1 2 15 2 158500 2
1 2 11 4 158500 2
1 2 9 9 158500 2
1 2 0 2 158500 2
1 2 0 8 158500 2
1 2 1 7 158500 2
1 2 2 9 158500 2
1 2 3 4 158500 2
1 2 4 3 158500 2
1 2 5 9 158500 2
1 2 6 4 158500 2
1 2 6 7 158500 2
1 2 6 7 158500 2
1 2 7 4 158500 2
1 2 8 3 158500 2
1 2 10 3 158500 2
1 2 7 4 159000 2
1 2 8 6 159000 2
1 2 8 0 159000 2
1 2 8 3 159000 2
1 2 7 9 159000 2
1 2 9 5 159000 2
1 2 10 9 159000 2
1 2 10 7 159000 2
1 2 11 3 159000 2
1 2 11 8 159000 2
1 2 11 0 159000 2
1 2 11 7 159000 2
1 2 12 2 159000 2
1 2 13 2 159000 2
1 2 14 0 159000 2
1 2 15 8 159000 2
1 2 8 9 159000 2
1 2 6 5 159000 2
1 2 7 7 159000 2
1 2 0 6 159000 2
1 2 0 5 159000 2
1 2 0 8 159000 2
1 2 1 7 159000 2
1 2 2 8 159000 2
1 2 2 5 159000 2
1 2 2 6 159000 2
1 2 3 9 159000 2
1 2 3 8 159000 2
1 2 3 4 159000 2
1 2 4 7 159000 2
1 2 4 3 159000 2
1 2 4 6 159000 2
1 2 5 9 159000 2
1 2 3 8 159000 2
1 2 8 7 159500 2
1 2 8 9 159500 2
1 2 10 0 159500 2
1 2 10 1 159500 2
1 2 11 9 159500 2
1 2 12 7 159500 2
1 2 12 2 159500 2
1 2 12 4 159500 2
1 2 13 5 159500 2
1 2 7 9 159500 2
1 2 8 8 159500 2
1 2 0 8 159500 2
1 2 1 7 159500 2
1 2 3 2 159500 2
1 2 6 2 159500 2
1 2 6 4 159500 2
1 2 6 3 159500 2
1 2 6 0 159500 2
1 2 7 8 159500 2
1 2 8 9 160000 2
1 2 15 8 160000 2
1 2 8 4 160000 2
1 2 8 8 160000 2
1 2 9 7 160000 2
1 2 10 9 160000 2
1 2 10 3 160000 2
1 2 10 5 160000 2
1 2 11 4 160000 2
1 2 12 8 160000 2
1 2 13 8 160000 2
1 2 13 5 160000 2
1 2 13 7 160000 2
1 2 14 0 160000 2
1 2 15 6 160000 2
1 2 15 3 160000 2
1 2 4 8 160000 2
1 2 0 3 160000 2
1 2 1 2 160000 2
1 2 2 8 160000 2
1 2 2 7 160000 2
1 2 2 6 160000 2
1 2 3 7 160000 2
1 2 3 7 160000 2
1 2 4 4 160000 2
1 2 7 3 160000 2
1 2 4 7 160000 2
1 2 5 9 160000 2
1 2 5 3 160000 2
1 2 5 3 160000 2
1 2 5 2 160000 2
1 2 6 4 160000 2
1 2 7 7 160000 2
