1 2 0 8 500 2
1 2 0 3 500 2
1 2 15 9 500 2
1 2 15 7 500 2
1 2 15 0 500 2
1 2 14 8 500 2
1 2 11 7 500 2
1 2 11 8 500 2
1 2 11 9 500 2
1 2 9 2 500 2
1 2 9 2 500 2
1 2 8 7 500 2
1 2 7 2 500 2
1 2 8 6 500 2
1 2 3 8 500 2
1 2 4 1 500 2
1 2 4 2 500 2
1 2 5 9 500 2
1 2 5 3 500 2
1 2 5 9 500 2
1 2 6 8 500 2
1 2 6 0 500 2
1 2 7 8 500 2
1 2 6 0 1000 2
1 2 7 6 1000 2
1 2 7 2 1000 2
1 2 8 7 1000 2
1 2 8 2 1000 2
1 2 9 2 1000 2
1 2 10 9 1000 2
1 2 10 9 1000 2
1 2 10 9 1000 2
1 2 11 9 1000 2
1 2 12 5 1000 2
1 2 12 5 1000 2
1 2 13 0 1000 2
1 2 14 5 1000 2
1 2 14 1 1000 2
1 2 15 9 1000 2
1 2 4 7 1000 2
1 2 6 8 1000 2
1 2 0 3 1000 2
1 2 0 5 1000 2
1 2 0 5 1000 2
1 2 1 0 1000 2
1 2 1 2 1000 2
1 2 2 8 1000 2
1 2 2 3 1000 2
1 2 2 6 1000 2
1 2 3 7 1000 2
1 2 4 9 1000 2
1 2 3 7 1000 2
1 2 4 0 1000 2
1 2 5 7 1000 2
1 2 6 3 1000 2
1 2 6 7 1000 2
1 2 7 7 1500 2
1 2 8 7 1500 2
1 2 8 6 1500 2
1 2 9 1 1500 2
1 2 10 9 1500 2
1 2 10 3 1500 2
1 2 11 2 1500 2
1 2 12 5 1500 2
1 2 13 4 1500 2
1 2 15 0 1500 2
1 2 15 2 1500 2
1 2 3 9 1500 2
1 2 6 5 1500 2
1 2 7 9 1500 2
1 2 2 0 1500 2
1 2 3 7 1500 2
1 2 1 9 1500 2
1 2 3 4 1500 2
1 2 4 6 1500 2
1 2 5 8 1500 2
1 2 6 2 1500 2
1 2 6 8 1500 2
1 2 4 0 1500 2
1 2 6 8 2000 2
1 2 6 3 2000 2
1 2 6 3 2000 2
1 2 7 5 2000 2
1 2 7 5 2000 2
1 2 7 2 2000 2
1 2 8 7 2000 2
1 2 8 2 2000 2
1 2 9 0 2000 2
1 2 9 6 2000 2
1 2 11 6 2000 2
1 2 13 5 2000 2
1 2 15 2 2000 2
1 2 5 3 2000 2
1 2 0 2 2000 2
1 2 0 5 2000 2
1 2 0 3 2000 2
1 2 0 6 2000 2
1 2 0 8 2000 2
1 2 1 7 2000 2
1 2 2 1 2000 2
1 2 2 9 2000 2
1 2 3 7 2000 2
1 2 4 4 2000 2
1 2 4 4 2000 2
1 2 5 3 2000 2
1 2 2 8 2000 2
1 2 6 2 2500 2
1 2 6 8 2500 2
1 2 6 4 2500 2
1 2 7 5 2500 2
1 2 8 7 2500 2
1 2 10 0 2500 2
1 2 11 0 2500 2
1 2 13 2 2500 2
1 2 13 2 2500 2
1 2 15 7 2500 2
1 2 15 9 2500 2
1 2 3 7 2500 2
1 2 5 8 2500 2
1 2 6 3 2500 2
1 2 0 7 2500 2
1 2 0 7 2500 2
1 2 1 7 2500 2
1 2 2 9 2500 2
1 2 3 8 2500 2
1 2 3 5 2500 2
1 2 0 2 2500 2
1 2 4 2 2500 2
1 2 4 7 2500 2
1 2 4 0 2500 2
1 2 4 8 3000 2
1 2 15 2 3000 2
1 2 13 8 3000 2
1 2 12 2 3000 2
1 2 12 4 3000 2
1 2 11 0 3000 2
1 2 9 5 3000 2
1 2 6 2 3000 2
1 2 4 4 3000 2
1 2 3 5 3000 2
1 2 3 7 3000 2
1 2 3 8 3000 2
1 2 0 7 3000 2
1 2 0 2 3000 2
1 2 0 4 3000 2
1 2 5 3 3000 2
1 2 15 6 3500 2
1 2 10 8 3500 2
1 2 10 9 3500 2
1 2 11 1 3500 2
1 2 11 9 3500 2
1 2 12 4 3500 2
1 2 12 6 3500 2
1 2 13 7 3500 2
1 2 13 5 3500 2
1 2 1 0 3500 2
1 2 9 1 3500 2
1 2 8 1 3500 2
1 2 8 6 3500 2
1 2 6 3 3500 2
1 2 6 2 3500 2
1 2 5 3 3500 2
1 2 5 6 3500 2
1 2 1 7 3500 2
1 2 9 8 3500 2
1 2 0 0 3500 2
1 2 7 5 4000 2
1 2 8 7 4000 2
1 2 8 7 4000 2
1 2 8 0 4000 2
1 2 10 0 4000 2
1 2 11 8 4000 2
1 2 12 3 4000 2
1 2 13 2 4000 2
1 2 14 2 4000 2
1 2 15 0 4000 2
1 2 4 3 4000 2
1 2 5 8 4000 2
1 2 5 8 4000 2
1 2 4 2 4000 2
1 2 4 2 4000 2
1 2 3 7 4000 2
1 2 2 6 4000 2
1 2 2 3 4000 2
1 2 1 7 4000 2
1 2 1 2 4000 2
1 2 6 4 4000 2
1 2 7 1 4500 2
1 2 8 6 4500 2
1 2 9 5 4500 2
1 2 10 4 4500 2
1 2 11 7 4500 2
1 2 11 0 4500 2
1 2 12 0 4500 2
1 2 12 7 4500 2
1 2 13 8 4500 2
1 2 14 7 4500 2
1 2 14 8 4500 2
1 2 15 4 4500 2
1 2 15 6 4500 2
1 2 6 5 4500 2
1 2 0 5 4500 2
1 2 0 6 4500 2
1 2 0 3 4500 2
1 2 0 8 4500 2
1 2 1 7 4500 2
1 2 2 5 4500 2
1 2 3 7 4500 2
1 2 4 2 4500 2
1 2 4 1 4500 2
1 2 5 3 4500 2
1 2 5 6 4500 2
1 2 7 6 4500 2
1 2 3 7 4500 2
1 2 8 7 5000 2
1 2 8 2 5000 2
1 2 8 4 5000 2
1 2 10 0 5000 2
1 2 10 5 5000 2
1 2 11 0 5000 2
1 2 11 0 5000 2
1 2 11 7 5000 2
1 2 12 4 5000 2
1 2 14 0 5000 2
1 2 14 9 5000 2
1 2 15 3 5000 2
1 2 9 0 5000 2
1 2 6 1 5000 2
1 2 6 4 5000 2
1 2 2 8 5000 2
1 2 2 7 5000 2
1 2 3 4 5000 2
1 2 3 7 5000 2
1 2 3 2 5000 2
1 2 4 5 5000 2
1 2 4 2 5000 2
1 2 4 9 5000 2
1 2 5 3 5000 2
1 2 0 2 5000 2
1 2 6 8 5000 2
1 2 8 9 5500 2
1 2 15 6 5500 2
1 2 14 5 5500 2
1 2 13 8 5500 2
1 2 12 3 5500 2
1 2 11 2 5500 2
1 2 10 9 5500 2
1 2 9 2 5500 2
1 2 8 6 5500 2
1 2 7 7 5500 2
1 2 7 8 5500 2
1 2 6 7 5500 2
1 2 5 3 5500 2
1 2 5 3 5500 2
1 2 2 3 5500 2
1 2 1 8 5500 2
1 2 7 4 6000 2
1 2 15 8 6000 2
1 2 8 7 6000 2
1 2 10 9 6000 2
1 2 11 0 6000 2
1 2 11 0 6000 2
1 2 11 7 6000 2
1 2 13 3 6000 2
1 2 13 7 6000 2
1 2 13 5 6000 2
1 2 13 7 6000 2
1 2 14 5 6000 2
1 2 15 0 6000 2
1 2 7 9 6000 2
1 2 7 9 6000 2
1 2 0 5 6000 2
1 2 0 3 6000 2
1 2 0 8 6000 2
1 2 1 0 6000 2
1 2 1 7 6000 2
1 2 3 5 6000 2
1 2 3 5 6000 2
1 2 5 8 6000 2
1 2 6 2 6000 2
1 2 6 8 6000 2
1 2 6 3 6000 2
1 2 6 3 6000 2
1 2 5 8 6500 2
1 2 15 8 6500 2
1 2 14 8 6500 2
1 2 13 2 6500 2
1 2 12 4 6500 2
1 2 11 3 6500 2
1 2 11 8 6500 2
1 2 9 2 6500 2
1 2 6 2 6500 2
1 2 8 7 6500 2
1 2 4 6 6500 2
1 2 4 2 6500 2
1 2 4 2 6500 2
1 2 4 7 6500 2
1 2 0 2 6500 2
1 2 0 8 6500 2
1 2 6 3 7000 2
1 2 6 9 7000 2
1 2 7 3 7000 2
1 2 7 8 7000 2
1 2 8 9 7000 2
1 2 9 8 7000 2
1 2 10 7 7000 2
1 2 11 0 7000 2
1 2 11 2 7000 2
1 2 15 2 7000 2
1 2 2 0 7000 2
1 2 4 9 7000 2
1 2 5 4 7000 2
1 2 0 4 7000 2
1 2 0 9 7000 2
1 2 2 5 7000 2
1 2 3 6 7000 2
1 2 3 3 7000 2
1 2 4 5 7000 2
1 2 4 8 7000 2
1 2 4 2 7000 2
1 2 8 7 7500 2
1 2 8 6 7500 2
1 2 8 8 7500 2
1 2 8 3 7500 2
1 2 9 0 7500 2
1 2 10 2 7500 2
1 2 10 9 7500 2
1 2 11 9 7500 2
1 2 11 9 7500 2
1 2 13 2 7500 2
1 2 14 9 7500 2
1 2 14 2 7500 2
1 2 15 6 7500 2
1 2 15 6 7500 2
1 2 15 6 7500 2
1 2 7 9 7500 2
1 2 8 4 7500 2
1 2 0 6 7500 2
1 2 0 8 7500 2
1 2 2 6 7500 2
1 2 3 4 7500 2
1 2 3 3 7500 2
1 2 4 9 7500 2
1 2 5 2 7500 2
1 2 6 3 7500 2
1 2 6 3 7500 2
1 2 6 3 7500 2
1 2 6 3 7500 2
1 2 6 9 7500 2
1 2 5 9 7500 2
1 2 8 9 8000 2
1 2 8 7 8000 2
1 2 9 1 8000 2
1 2 10 0 8000 2
1 2 10 4 8000 2
1 2 10 5 8000 2
1 2 11 7 8000 2
1 2 11 5 8000 2
1 2 11 7 8000 2
1 2 12 6 8000 2
1 2 14 8 8000 2
1 2 15 7 8000 2
1 2 15 9 8000 2
1 2 14 2 8000 2
1 2 1 7 8000 2
1 2 8 9 8000 2
1 2 0 3 8000 2
1 2 1 7 8000 2
1 2 0 1 8000 2
1 2 2 3 8000 2
1 2 3 4 8000 2
1 2 4 7 8000 2
1 2 7 5 8000 2
1 2 7 8 8000 2
1 2 6 3 8000 2
1 2 5 9 8000 2
1 2 4 0 8000 2
1 2 3 3 8000 2
1 2 8 7 8500 2
1 2 15 0 8500 2
1 2 15 0 8500 2
1 2 15 9 8500 2
1 2 14 7 8500 2
1 2 13 2 8500 2
1 2 11 4 8500 2
1 2 11 1 8500 2
1 2 8 3 8500 2
1 2 8 7 8500 2
1 2 6 2 8500 2
1 2 6 3 8500 2
1 2 0 0 8500 2
1 2 0 2 8500 2
1 2 2 7 8500 2
1 2 4 1 8500 2
1 2 4 6 8500 2
1 2 5 6 8500 2
1 2 6 0 8500 2
1 2 6 8 8500 2
1 2 8 8 9000 2
1 2 8 7 9000 2
1 2 9 7 9000 2
1 2 11 7 9000 2
1 2 11 7 9000 2
1 2 11 0 9000 2
1 2 12 4 9000 2
1 2 12 8 9000 2
1 2 13 5 9000 2
1 2 13 9 9000 2
1 2 15 0 9000 2
1 2 15 2 9000 2
1 2 15 7 9000 2
1 2 15 9 9000 2
1 2 0 7 9000 2
1 2 7 7 9000 2
1 2 8 4 9000 2
1 2 0 3 9000 2
1 2 2 0 9000 2
1 2 2 1 9000 2
1 2 3 4 9000 2
1 2 4 9 9000 2
1 2 4 2 9000 2
1 2 6 2 9000 2
1 2 6 8 9000 2
1 2 6 2 9000 2
1 2 6 8 9000 2
1 2 6 7 9000 2
1 2 7 7 9000 2
1 2 5 8 9000 2
1 2 6 3 9500 2
1 2 6 3 9500 2
1 2 7 0 9500 2
1 2 8 7 9500 2
1 2 8 7 9500 2
1 2 9 5 9500 2
1 2 10 9 9500 2
1 2 10 2 9500 2
1 2 11 0 9500 2
1 2 15 9 9500 2
1 2 15 5 9500 2
1 2 6 0 9500 2
1 2 6 8 9500 2
1 2 5 8 9500 2
1 2 4 0 9500 2
1 2 4 2 9500 2
1 2 4 4 9500 2
1 2 3 7 9500 2
1 2 1 7 9500 2
1 2 0 4 9500 2
1 2 6 8 9500 2
1 2 8 7 10000 2
1 2 9 9 10000 2
1 2 10 2 10000 2
1 2 10 5 10000 2
1 2 10 7 10000 2
1 2 11 7 10000 2
1 2 12 7 10000 2
1 2 12 1 10000 2
1 2 12 8 10000 2
1 2 14 5 10000 2
1 2 14 2 10000 2
1 2 6 0 10000 2
1 2 7 3 10000 2
1 2 8 7 10000 2
1 2 2 2 10000 2
1 2 2 2 10000 2
1 2 3 5 10000 2
1 2 4 5 10000 2
1 2 6 8 10000 2
1 2 6 3 10000 2
1 2 6 5 10000 2
1 2 0 3 10000 2
1 2 4 6 10000 2
1 2 7 0 10500 2
1 2 9 1 10500 2
1 2 8 4 10500 2
1 2 8 3 10500 2
1 2 9 0 10500 2
1 2 10 4 10500 2
1 2 11 3 10500 2
1 2 13 5 10500 2
1 2 13 5 10500 2
1 2 13 7 10500 2
1 2 13 2 10500 2
1 2 14 7 10500 2
1 2 14 8 10500 2
1 2 14 5 10500 2
1 2 15 7 10500 2
1 2 15 2 10500 2
1 2 5 7 10500 2
1 2 0 4 10500 2
1 2 0 3 10500 2
1 2 0 2 10500 2
1 2 1 7 10500 2
1 2 1 7 10500 2
1 2 1 2 10500 2
1 2 2 9 10500 2
1 2 3 7 10500 2
1 2 4 2 10500 2
1 2 4 0 10500 2
1 2 4 8 10500 2
1 2 5 8 10500 2
1 2 4 4 10500 2
1 2 5 3 10500 2
1 2 7 5 10500 2
1 2 8 7 11000 2
1 2 8 7 11000 2
1 2 8 7 11000 2
1 2 9 1 11000 2
1 2 10 9 11000 2
1 2 11 4 11000 2
1 2 11 4 11000 2
1 2 13 9 11000 2
1 2 13 7 11000 2
1 2 15 9 11000 2
1 2 13 2 11000 2
1 2 7 0 11000 2
1 2 7 8 11000 2
1 2 0 6 11000 2
1 2 0 1 11000 2
1 2 2 8 11000 2
1 2 4 3 11000 2
1 2 4 1 11000 2
1 2 4 3 11000 2
1 2 4 8 11000 2
1 2 6 2 11000 2
1 2 6 8 11000 2
1 2 6 7 11000 2
1 2 6 3 11500 2
1 2 15 6 11500 2
1 2 14 0 11500 2
1 2 12 2 11500 2
1 2 12 9 11500 2
1 2 10 7 11500 2
1 2 10 8 11500 2
1 2 8 3 11500 2
1 2 8 7 11500 2
1 2 7 0 11500 2
1 2 6 0 11500 2
1 2 6 4 11500 2
1 2 5 9 11500 2
1 2 4 4 11500 2
1 2 4 8 11500 2
1 2 4 3 11500 2
1 2 4 3 11500 2
1 2 3 8 11500 2
1 2 2 1 11500 2
1 2 1 7 11500 2
1 2 1 2 11500 2
1 2 0 1 11500 2
1 2 6 5 12000 2
1 2 7 5 12000 2
1 2 7 9 12000 2
1 2 8 6 12000 2
1 2 12 0 12000 2
1 2 12 5 12000 2
1 2 13 3 12000 2
1 2 13 7 12000 2
1 2 14 0 12000 2
1 2 15 2 12000 2
1 2 0 5 12000 2
1 2 6 2 12000 2
1 2 6 8 12000 2
1 2 0 5 12000 2
1 2 0 7 12000 2
1 2 0 3 12000 2
1 2 1 0 12000 2
1 2 2 2 12000 2
1 2 4 2 12000 2
1 2 4 0 12000 2
1 2 5 3 12000 2
1 2 5 2 12000 2
1 2 6 3 12500 2
1 2 6 7 12500 2
1 2 7 2 12500 2
1 2 8 6 12500 2
1 2 8 6 12500 2
1 2 8 3 12500 2
1 2 3 4 12500 2
1 2 9 2 12500 2
1 2 10 0 12500 2
1 2 10 3 12500 2
1 2 11 4 12500 2
1 2 13 5 12500 2
1 2 14 9 12500 2
1 2 4 4 12500 2
1 2 6 2 12500 2
1 2 0 1 12500 2
1 2 0 7 12500 2
1 2 0 8 12500 2
1 2 1 7 12500 2
1 2 2 7 12500 2
1 2 3 7 12500 2
1 2 4 5 12500 2
1 2 4 6 12500 2
1 2 4 8 12500 2
1 2 2 3 12500 2
1 2 6 3 13000 2
1 2 6 5 13000 2
1 2 7 5 13000 2
1 2 7 7 13000 2
1 2 8 4 13000 2
1 2 9 5 13000 2
1 2 10 8 13000 2
1 2 14 2 13000 2
1 2 14 7 13000 2
1 2 15 6 13000 2
1 2 15 9 13000 2
1 2 11 0 13000 2
1 2 0 8 13000 2
1 2 5 7 13000 2
1 2 0 1 13000 2
1 2 0 7 13000 2
1 2 1 7 13000 2
1 2 0 4 13000 2
1 2 2 5 13000 2
1 2 2 7 13000 2
1 2 3 4 13000 2
1 2 3 5 13000 2
1 2 4 5 13000 2
1 2 4 2 13000 2
1 2 5 8 13000 2
1 2 9 9 13500 2
1 2 14 8 13500 2
1 2 13 5 13500 2
1 2 13 2 13500 2
1 2 11 7 13500 2
1 2 11 7 13500 2
1 2 10 7 13500 2
1 2 6 7 13500 2
1 2 4 9 13500 2
1 2 4 0 13500 2
1 2 2 9 13500 2
1 2 1 7 13500 2
1 2 0 3 13500 2
1 2 7 2 13500 2
1 2 7 9 14000 2
1 2 7 7 14000 2
1 2 7 9 14000 2
1 2 8 9 14000 2
1 2 9 9 14000 2
1 2 9 5 14000 2
1 2 11 3 14000 2
1 2 11 4 14000 2
1 2 12 5 14000 2
1 2 13 2 14000 2
1 2 14 5 14000 2
1 2 14 3 14000 2
1 2 1 7 14000 2
1 2 15 0 14000 2
1 2 6 4 14000 2
1 2 6 9 14000 2
1 2 0 5 14000 2
1 2 2 7 14000 2
1 2 3 4 14000 2
1 2 4 5 14000 2
1 2 4 0 14000 2
1 2 4 2 14000 2
1 2 4 4 14000 2
1 2 4 6 14000 2
1 2 5 3 14000 2
1 2 5 9 14000 2
1 2 6 3 14000 2
1 2 6 3 14000 2
1 2 15 8 14500 2
1 2 15 6 14500 2
1 2 14 8 14500 2
1 2 12 6 14500 2
1 2 11 7 14500 2
1 2 6 2 14500 2
1 2 10 8 14500 2
1 2 8 9 14500 2
1 2 5 3 14500 2
1 2 4 2 14500 2
1 2 2 7 14500 2
1 2 2 3 14500 2
1 2 0 3 14500 2
1 2 8 7 14500 2
1 2 6 8 15000 2
1 2 7 9 15000 2
1 2 8 6 15000 2
1 2 9 6 15000 2
1 2 11 6 15000 2
1 2 11 0 15000 2
1 2 12 7 15000 2
1 2 13 2 15000 2
1 2 14 0 15000 2
1 2 15 8 15000 2
1 2 15 9 15000 2
1 2 6 3 15000 2
1 2 6 0 15000 2
1 2 0 4 15000 2
1 2 0 6 15000 2
1 2 1 1 15000 2
1 2 2 3 15000 2
1 2 2 3 15000 2
1 2 3 4 15000 2
1 2 4 9 15000 2
1 2 4 3 15000 2
1 2 4 2 15000 2
1 2 5 3 15000 2
1 2 11 7 15500 2
1 2 15 9 15500 2
1 2 15 8 15500 2
1 2 14 0 15500 2
1 2 14 9 15500 2
1 2 12 5 15500 2
1 2 12 2 15500 2
1 2 12 3 15500 2
1 2 11 0 15500 2
1 2 11 2 15500 2
1 2 8 3 15500 2
1 2 6 9 15500 2
1 2 6 8 15500 2
1 2 5 9 15500 2
1 2 2 8 15500 2
1 2 1 6 15500 2
1 2 0 4 15500 2
1 2 9 7 16000 2
1 2 0 2 16000 2
1 2 10 9 16000 2
1 2 10 2 16000 2
1 2 11 7 16000 2
1 2 11 5 16000 2
1 2 11 4 16000 2
1 2 13 5 16000 2
1 2 13 2 16000 2
1 2 13 2 16000 2
1 2 14 7 16000 2
1 2 14 0 16000 2
1 2 7 7 16000 2
1 2 1 8 16000 2
1 2 4 6 16000 2
1 2 5 5 16000 2
1 2 5 3 16000 2
1 2 6 1 16000 2
1 2 6 8 16000 2
1 2 6 9 16000 2
1 2 7 4 16000 2
1 2 7 3 16000 2
1 2 8 9 16000 2
1 2 8 9 16500 2
1 2 13 7 16500 2
1 2 13 9 16500 2
1 2 9 3 16500 2
1 2 9 2 16500 2
1 2 8 8 16500 2
1 2 7 1 16500 2
1 2 5 8 16500 2
1 2 5 1 16500 2
1 2 2 7 16500 2
1 2 3 3 16500 2
1 2 3 4 16500 2
1 2 4 4 16500 2
1 2 4 8 16500 2
1 2 1 2 16500 2
1 2 15 2 17000 2
1 2 14 0 17000 2
1 2 13 8 17000 2
1 2 12 7 17000 2
1 2 11 6 17000 2
1 2 11 0 17000 2
1 2 10 0 17000 2
1 2 9 9 17000 2
1 2 8 8 17000 2
1 2 8 3 17000 2
1 2 8 9 17000 2
1 2 7 9 17000 2
1 2 7 2 17000 2
1 2 6 3 17000 2
1 2 6 7 17000 2
1 2 0 7 17000 2
1 2 0 2 17000 2
1 2 0 3 17000 2
1 2 1 9 17000 2
1 2 1 9 17000 2
1 2 1 0 17000 2
1 2 3 4 17000 2
1 2 3 5 17000 2
1 2 3 5 17000 2
1 2 4 3 17000 2
1 2 4 4 17000 2
1 2 14 0 17500 2
1 2 14 5 17500 2
1 2 13 5 17500 2
1 2 12 6 17500 2
1 2 12 4 17500 2
1 2 10 3 17500 2
1 2 10 4 17500 2
1 2 8 4 17500 2
1 2 6 2 17500 2
1 2 7 2 17500 2
1 2 4 6 17500 2
1 2 4 7 17500 2
1 2 3 2 17500 2
1 2 2 9 17500 2
1 2 2 8 17500 2
1 2 1 3 17500 2
1 2 1 5 17500 2
1 2 1 7 17500 2
1 2 6 7 17500 2
1 2 11 1 18000 2
1 2 11 1 18000 2
1 2 11 7 18000 2
1 2 12 1 18000 2
1 2 13 7 18000 2
1 2 13 8 18000 2
1 2 14 8 18000 2
1 2 2 6 18000 2
1 2 15 6 18000 2
1 2 15 8 18000 2
1 2 10 0 18000 2
1 2 8 9 18000 2
1 2 8 8 18000 2
1 2 6 7 18000 2
1 2 6 8 18000 2
1 2 5 3 18000 2
1 2 0 6 18000 2
1 2 0 1 18000 2
1 2 11 8 18000 2
1 2 7 5 18500 2
1 2 15 2 18500 2
1 2 8 4 18500 2
1 2 8 9 18500 2
1 2 8 0 18500 2
1 2 9 5 18500 2
1 2 10 3 18500 2
1 2 11 7 18500 2
1 2 11 3 18500 2
1 2 12 9 18500 2
1 2 13 2 18500 2
1 2 14 3 18500 2
1 2 15 8 18500 2
1 2 0 3 18500 2
1 2 6 9 18500 2
1 2 0 1 18500 2
1 2 0 7 18500 2
1 2 1 0 18500 2
1 2 2 6 18500 2
1 2 2 9 18500 2
1 2 3 7 18500 2
1 2 5 4 18500 2
1 2 5 9 18500 2
1 2 6 3 18500 2
1 2 6 8 18500 2
1 2 6 7 18500 2
1 2 6 2 19000 2
1 2 15 2 19000 2
1 2 15 2 19000 2
1 2 14 2 19000 2
1 2 14 8 19000 2
1 2 11 1 19000 2
1 2 8 4 19000 2
1 2 6 3 19000 2
1 2 6 8 19000 2
1 2 5 3 19000 2
1 2 5 6 19000 2
1 2 4 2 19000 2
1 2 4 3 19000 2
1 2 3 4 19000 2
1 2 1 5 19000 2
1 2 1 3 19000 2
1 2 0 1 19000 2
1 2 6 3 19000 2
1 2 7 5 19500 2
1 2 8 6 19500 2
1 2 8 4 19500 2
1 2 8 2 19500 2
1 2 8 8 19500 2
1 2 9 1 19500 2
1 2 9 8 19500 2
1 2 11 8 19500 2
1 2 11 3 19500 2
1 2 12 2 19500 2
1 2 13 2 19500 2
1 2 13 4 19500 2
1 2 15 2 19500 2
1 2 0 7 19500 2
1 2 6 8 19500 2
1 2 6 9 19500 2
1 2 0 4 19500 2
1 2 0 3 19500 2
1 2 2 2 19500 2
1 2 2 9 19500 2
1 2 3 8 19500 2
1 2 3 4 19500 2
1 2 4 3 19500 2
1 2 4 2 19500 2
1 2 4 9 19500 2
1 2 5 8 19500 2
1 2 5 7 19500 2
1 2 15 6 20000 2
1 2 15 5 20000 2
1 2 13 7 20000 2
1 2 11 7 20000 2
1 2 11 0 20000 2
1 2 10 9 20000 2
1 2 9 1 20000 2
1 2 6 7 20000 2
1 2 8 3 20000 2
1 2 6 7 20000 2
1 2 6 2 20000 2
1 2 4 6 20000 2
1 2 3 3 20000 2
1 2 1 7 20000 2
1 2 0 1 20000 2
1 2 0 1 20000 2
1 2 6 3 20000 2
1 2 7 2 20500 2
1 2 8 7 20500 2
1 2 9 1 20500 2
1 2 9 5 20500 2
1 2 10 1 20500 2
1 2 11 3 20500 2
1 2 11 2 20500 2
1 2 13 7 20500 2
1 2 14 3 20500 2
1 2 6 4 20500 2
1 2 7 9 20500 2
1 2 7 6 20500 2
1 2 2 7 20500 2
1 2 3 4 20500 2
1 2 4 7 20500 2
1 2 5 9 20500 2
1 2 6 3 20500 2
1 2 6 0 20500 2
1 2 0 7 20500 2
1 2 7 7 20500 2
1 2 6 9 21000 2
1 2 15 0 21000 2
1 2 15 0 21000 2
1 2 15 6 21000 2
1 2 12 4 21000 2
1 2 11 3 21000 2
1 2 11 4 21000 2
1 2 8 9 21000 2
1 2 7 9 21000 2
1 2 7 2 21000 2
1 2 6 8 21000 2
1 2 5 9 21000 2
1 2 5 7 21000 2
1 2 4 2 21000 2
1 2 4 2 21000 2
1 2 4 1 21000 2
1 2 3 3 21000 2
1 2 3 8 21000 2
1 2 2 7 21000 2
1 2 0 7 21000 2
1 2 0 5 21000 2
1 2 7 7 21500 2
1 2 7 3 21500 2
1 2 8 3 21500 2
1 2 9 6 21500 2
1 2 9 7 21500 2
1 2 10 7 21500 2
1 2 11 7 21500 2
1 2 12 0 21500 2
1 2 15 7 21500 2
1 2 15 4 21500 2
1 2 0 5 21500 2
1 2 6 3 21500 2
1 2 0 5 21500 2
1 2 2 1 21500 2
1 2 2 6 21500 2
1 2 3 8 21500 2
1 2 4 1 21500 2
1 2 5 8 21500 2
1 2 5 7 21500 2
1 2 6 8 21500 2
1 2 4 2 21500 2
1 2 6 4 21500 2
1 2 9 0 22000 2
1 2 9 0 22000 2
1 2 10 7 22000 2
1 2 11 8 22000 2
1 2 11 1 22000 2
1 2 11 9 22000 2
1 2 11 6 22000 2
1 2 12 5 22000 2
1 2 14 7 22000 2
1 2 15 8 22000 2
1 2 15 3 22000 2
1 2 2 9 22000 2
1 2 8 6 22000 2
1 2 8 6 22000 2
1 2 0 6 22000 2
1 2 2 2 22000 2
1 2 3 2 22000 2
1 2 3 7 22000 2
1 2 4 3 22000 2
1 2 4 7 22000 2
1 2 5 6 22000 2
1 2 6 8 22000 2
1 2 6 4 22000 2
1 2 5 1 22500 2
1 2 8 6 22500 2
1 2 8 7 22500 2
1 2 8 3 22500 2
1 2 9 7 22500 2
1 2 11 8 22500 2
1 2 13 8 22500 2
1 2 13 5 22500 2
1 2 13 5 22500 2
1 2 14 8 22500 2
1 2 14 0 22500 2
1 2 15 3 22500 2
1 2 5 7 22500 2
1 2 0 5 22500 2
1 2 1 7 22500 2
1 2 2 3 22500 2
1 2 2 3 22500 2
1 2 2 4 22500 2
1 2 3 8 22500 2
1 2 3 5 22500 2
1 2 4 8 22500 2
1 2 5 9 22500 2
1 2 5 3 22500 2
1 2 6 7 22500 2
1 2 12 6 23000 2
1 2 14 8 23000 2
1 2 14 3 23000 2
1 2 14 5 23000 2
1 2 13 5 23000 2
1 2 13 4 23000 2
1 2 13 8 23000 2
1 2 13 1 23000 2
1 2 11 7 23000 2
1 2 4 5 23000 2
1 2 5 3 23000 2
1 2 6 4 23000 2
1 2 6 7 23000 2
1 2 7 2 23000 2
1 2 8 4 23000 2
1 2 8 2 23000 2
1 2 10 8 23000 2
1 2 8 3 23500 2
1 2 15 2 23500 2
1 2 15 4 23500 2
1 2 14 0 23500 2
1 2 14 7 23500 2
1 2 11 4 23500 2
1 2 11 0 23500 2
1 2 11 8 23500 2
1 2 10 9 23500 2
1 2 9 7 23500 2
1 2 8 9 23500 2
1 2 0 3 23500 2
1 2 0 5 23500 2
1 2 0 2 23500 2
1 2 1 3 23500 2
1 2 3 3 23500 2
1 2 3 7 23500 2
1 2 5 3 23500 2
1 2 5 3 23500 2
1 2 6 2 23500 2
1 2 1 2 24000 2
1 2 14 0 24000 2
1 2 11 4 24000 2
1 2 11 0 24000 2
1 2 11 3 24000 2
1 2 10 7 24000 2
1 2 9 0 24000 2
1 2 7 8 24000 2
1 2 7 8 24000 2
1 2 6 0 24000 2
1 2 6 2 24000 2
1 2 0 6 24000 2
1 2 0 9 24000 2
1 2 6 9 24000 2
1 2 2 7 24000 2
1 2 2 7 24000 2
1 2 4 7 24000 2
1 2 4 3 24000 2
1 2 4 2 24000 2
1 2 5 9 24000 2
1 2 6 8 24500 2
1 2 6 4 24500 2
1 2 7 7 24500 2
1 2 7 1 24500 2
1 2 8 7 24500 2
1 2 8 3 24500 2
1 2 10 9 24500 2
1 2 11 7 24500 2
1 2 11 6 24500 2
1 2 12 2 24500 2
1 2 13 8 24500 2
1 2 13 7 24500 2
1 2 15 3 24500 2
1 2 2 8 24500 2
1 2 6 2 24500 2
1 2 6 3 24500 2
1 2 0 6 24500 2
1 2 0 7 24500 2
1 2 0 7 24500 2
1 2 2 5 24500 2
1 2 2 2 24500 2
1 2 4 4 24500 2
1 2 4 3 24500 2
1 2 4 7 24500 2
1 2 5 9 24500 2
1 2 5 8 24500 2
1 2 3 6 24500 2
1 2 8 9 25000 2
1 2 9 0 25000 2
1 2 9 5 25000 2
1 2 10 9 25000 2
1 2 5 9 25000 2
1 2 11 8 25000 2
1 2 11 9 25000 2
1 2 11 6 25000 2
1 2 12 8 25000 2
1 2 13 8 25000 2
1 2 13 5 25000 2
1 2 15 9 25000 2
1 2 6 0 25000 2
1 2 6 7 25000 2
1 2 6 2 25000 2
1 2 5 3 25000 2
1 2 4 3 25000 2
1 2 2 8 25000 2
1 2 1 6 25000 2
1 2 1 0 25000 2
1 2 0 8 25000 2
1 2 0 2 25000 2
1 2 0 7 25000 2
1 2 8 7 25500 2
1 2 9 6 25500 2
1 2 9 9 25500 2
1 2 9 6 25500 2
1 2 9 7 25500 2
1 2 10 8 25500 2
1 2 12 6 25500 2
1 2 14 0 25500 2
1 2 15 6 25500 2
1 2 15 6 25500 2
1 2 15 8 25500 2
1 2 5 9 25500 2
1 2 6 8 25500 2
1 2 0 2 25500 2
1 2 0 8 25500 2
1 2 0 1 25500 2
1 2 1 0 25500 2
1 2 2 7 25500 2
1 2 3 4 25500 2
1 2 3 4 25500 2
1 2 4 2 25500 2
1 2 4 0 25500 2
1 2 5 7 25500 2
1 2 8 7 26000 2
1 2 15 3 26000 2
1 2 15 9 26000 2
1 2 14 2 26000 2
1 2 13 2 26000 2
1 2 13 2 26000 2
1 2 13 5 26000 2
1 2 10 8 26000 2
1 2 8 6 26000 2
1 2 8 9 26000 2
1 2 8 9 26000 2
1 2 6 5 26000 2
1 2 1 0 26000 2
1 2 2 7 26000 2
1 2 3 4 26000 2
1 2 4 7 26000 2
1 2 4 2 26000 2
1 2 5 9 26000 2
1 2 5 9 26000 2
1 2 6 3 26000 2
1 2 6 9 26000 2
1 2 6 3 26000 2
1 2 6 8 26000 2
1 2 7 1 26500 2
1 2 8 6 26500 2
1 2 8 9 26500 2
1 2 9 0 26500 2
1 2 10 9 26500 2
1 2 11 0 26500 2
1 2 11 4 26500 2
1 2 12 7 26500 2
1 2 12 4 26500 2
1 2 13 1 26500 2
1 2 13 2 26500 2
1 2 13 2 26500 2
1 2 0 3 26500 2
1 2 7 0 26500 2
1 2 0 7 26500 2
1 2 0 8 26500 2
1 2 1 3 26500 2
1 2 2 5 26500 2
1 2 2 0 26500 2
1 2 4 2 26500 2
1 2 4 8 26500 2
1 2 5 6 26500 2
1 2 6 3 26500 2
1 2 6 4 26500 2
1 2 7 4 26500 2
1 2 1 7 27000 2
1 2 14 7 27000 2
1 2 14 8 27000 2
1 2 12 0 27000 2
1 2 9 6 27000 2
1 2 8 9 27000 2
1 2 8 7 27000 2
1 2 8 6 27000 2
1 2 6 0 27000 2
1 2 6 8 27000 2
1 2 5 6 27000 2
1 2 4 0 27000 2
1 2 4 1 27000 2
1 2 3 8 27000 2
1 2 2 2 27000 2
1 2 0 4 27000 2
1 2 1 2 27000 2
1 2 0 7 27000 2
1 2 5 8 27000 2
1 2 5 1 27500 2
1 2 11 2 27500 2
1 2 5 7 27500 2
1 2 6 3 27500 2
1 2 6 3 27500 2
1 2 8 7 27500 2
1 2 8 7 27500 2
1 2 9 5 27500 2
1 2 12 6 27500 2
1 2 14 2 27500 2
1 2 15 9 27500 2
1 2 2 9 27500 2
1 2 5 5 27500 2
1 2 1 7 27500 2
1 2 1 0 27500 2
1 2 2 9 27500 2
1 2 2 6 27500 2
1 2 2 9 27500 2
1 2 2 6 27500 2
1 2 3 4 27500 2
1 2 4 1 27500 2
1 2 4 2 27500 2
1 2 4 6 27500 2
1 2 5 7 28000 2
1 2 10 9 28000 2
1 2 10 7 28000 2
1 2 7 2 28000 2
1 2 7 3 28000 2
1 2 7 7 28000 2
1 2 6 7 28000 2
1 2 4 4 28000 2
1 2 4 8 28000 2
1 2 4 2 28000 2
1 2 3 8 28000 2
1 2 2 2 28000 2
1 2 1 2 28000 2
1 2 6 0 28000 2
1 2 10 5 28500 2
1 2 11 2 28500 2
1 2 11 4 28500 2
1 2 11 3 28500 2
1 2 12 7 28500 2
1 2 14 7 28500 2
1 2 14 0 28500 2
1 2 14 2 28500 2
1 2 0 1 28500 2
1 2 15 2 28500 2
1 2 15 1 28500 2
1 2 8 7 28500 2
1 2 10 0 28500 2
1 2 0 5 28500 2
1 2 0 6 28500 2
1 2 1 0 28500 2
1 2 3 4 28500 2
1 2 5 5 28500 2
1 2 5 4 28500 2
1 2 6 0 28500 2
1 2 6 8 28500 2
1 2 6 8 29000 2
1 2 15 2 29000 2
1 2 15 1 29000 2
1 2 12 5 29000 2
1 2 11 0 29000 2
1 2 8 9 29000 2
1 2 7 7 29000 2
1 2 6 3 29000 2
1 2 6 9 29000 2
1 2 6 3 29000 2
1 2 0 4 29000 2
1 2 1 7 29000 2
1 2 2 3 29000 2
1 2 3 4 29000 2
1 2 4 8 29000 2
1 2 5 9 29000 2
1 2 5 3 29000 2
1 2 6 3 29000 2
1 2 2 9 29500 2
1 2 15 2 29500 2
1 2 11 3 29500 2
1 2 11 9 29500 2
1 2 11 2 29500 2
1 2 10 7 29500 2
1 2 8 7 29500 2
1 2 8 2 29500 2
1 2 8 0 29500 2
1 2 7 8 29500 2
1 2 5 2 29500 2
1 2 5 8 29500 2
1 2 5 0 29500 2
1 2 4 2 29500 2
1 2 3 8 29500 2
1 2 6 7 29500 2
1 2 2 9 29500 2
1 2 0 5 29500 2
1 2 0 7 29500 2
1 2 10 0 30000 2
1 2 10 1 30000 2
1 2 11 7 30000 2
1 2 11 2 30000 2
1 2 11 1 30000 2
1 2 11 0 30000 2
1 2 11 4 30000 2
1 2 12 2 30000 2
1 2 13 4 30000 2
1 2 13 2 30000 2
1 2 13 7 30000 2
1 2 14 7 30000 2
1 2 14 0 30000 2
1 2 15 8 30000 2
1 2 5 9 30000 2
1 2 9 8 30000 2
1 2 9 7 30000 2
1 2 1 2 30000 2
1 2 2 3 30000 2
1 2 3 4 30000 2
1 2 3 5 30000 2
1 2 3 2 30000 2
1 2 3 8 30000 2
1 2 6 2 30000 2
1 2 6 3 30000 2
1 2 6 3 30000 2
1 2 6 4 30000 2
1 2 7 5 30000 2
1 2 8 4 30000 2
1 2 5 7 30000 2
1 2 6 9 30500 2
1 2 8 7 30500 2
1 2 3 7 30500 2
1 2 9 9 30500 2
1 2 11 6 30500 2
1 2 11 2 30500 2
1 2 11 8 30500 2
1 2 13 5 30500 2
1 2 14 0 30500 2
1 2 15 9 30500 2
1 2 15 6 30500 2
1 2 4 9 30500 2
1 2 2 6 30500 2
1 2 2 9 30500 2
1 2 2 3 30500 2
1 2 2 8 30500 2
1 2 1 9 30500 2
1 2 1 0 30500 2
1 2 0 7 30500 2
1 2 0 4 30500 2
1 2 5 8 30500 2
1 2 8 7 31000 2
1 2 8 7 31000 2
1 2 8 4 31000 2
1 2 9 9 31000 2
1 2 9 5 31000 2
1 2 11 7 31000 2
1 2 11 1 31000 2
1 2 13 0 31000 2
1 2 14 5 31000 2
1 2 14 8 31000 2
1 2 15 6 31000 2
1 2 7 4 31000 2
1 2 7 3 31000 2
1 2 0 1 31000 2
1 2 0 7 31000 2
1 2 1 1 31000 2
1 2 2 9 31000 2
1 2 3 3 31000 2
1 2 4 4 31000 2
1 2 5 3 31000 2
1 2 6 8 31000 2
1 2 7 5 31000 2
1 2 7 3 31500 2
1 2 15 3 31500 2
1 2 15 0 31500 2
1 2 14 8 31500 2
1 2 12 4 31500 2
1 2 11 6 31500 2
1 2 9 0 31500 2
1 2 9 0 31500 2
1 2 8 7 31500 2
1 2 8 7 31500 2
1 2 7 9 31500 2
1 2 0 7 31500 2
1 2 0 6 31500 2
1 2 0 3 31500 2
1 2 2 3 31500 2
1 2 3 4 31500 2
1 2 3 4 31500 2
1 2 3 4 31500 2
1 2 4 5 31500 2
1 2 5 9 31500 2
1 2 0 3 32000 2
1 2 15 2 32000 2
1 2 15 8 32000 2
1 2 15 6 32000 2
1 2 13 3 32000 2
1 2 13 2 32000 2
1 2 12 3 32000 2
1 2 11 1 32000 2
1 2 11 0 32000 2
1 2 9 1 32000 2
1 2 8 3 32000 2
1 2 8 9 32000 2
1 2 0 8 32000 2
1 2 3 7 32000 2
1 2 3 7 32000 2
1 2 4 0 32000 2
1 2 4 4 32000 2
1 2 6 3 32000 2
1 2 6 4 32000 2
1 2 6 3 32000 2
1 2 7 1 32000 2
1 2 8 4 32000 2
1 2 4 0 32500 2
1 2 15 6 32500 2
1 2 15 0 32500 2
1 2 14 4 32500 2
1 2 12 8 32500 2
1 2 12 6 32500 2
1 2 11 6 32500 2
1 2 11 6 32500 2
1 2 11 3 32500 2
1 2 11 6 32500 2
1 2 10 3 32500 2
1 2 9 0 32500 2
1 2 10 5 32500 2
1 2 2 9 32500 2
1 2 3 8 32500 2
1 2 4 9 32500 2
1 2 4 3 32500 2
1 2 1 2 32500 2
1 2 4 0 32500 2
1 2 5 7 32500 2
1 2 6 8 32500 2
1 2 7 5 32500 2
1 2 10 9 33000 2
1 2 10 6 33000 2
1 2 10 5 33000 2
1 2 10 3 33000 2
1 2 11 3 33000 2
1 2 11 2 33000 2
1 2 11 0 33000 2
1 2 12 8 33000 2
1 2 13 3 33000 2
1 2 14 0 33000 2
1 2 14 2 33000 2
1 2 14 1 33000 2
1 2 15 0 33000 2
1 2 15 7 33000 2
1 2 9 4 33000 2
1 2 0 1 33000 2
1 2 1 3 33000 2
1 2 2 8 33000 2
1 2 2 7 33000 2
1 2 3 3 33000 2
1 2 3 2 33000 2
1 2 4 0 33000 2
1 2 5 4 33000 2
1 2 5 2 33000 2
1 2 7 3 33000 2
1 2 7 8 33000 2
1 2 10 8 33000 2
1 2 4 3 33000 2
1 2 9 5 33500 2
1 2 10 5 33500 2
1 2 10 3 33500 2
1 2 11 8 33500 2
1 2 11 1 33500 2
1 2 12 8 33500 2
1 2 12 3 33500 2
1 2 12 0 33500 2
1 2 13 4 33500 2
1 2 15 7 33500 2
1 2 15 2 33500 2
1 2 15 4 33500 2
1 2 11 2 33500 2
1 2 7 2 33500 2
1 2 9 6 33500 2
1 2 1 7 33500 2
1 2 2 3 33500 2
1 2 2 6 33500 2
1 2 2 5 33500 2
1 2 4 2 33500 2
1 2 4 8 33500 2
1 2 5 6 33500 2
1 2 5 2 33500 2
1 2 7 3 33500 2
1 2 0 9 33500 2
1 2 7 8 33500 2
1 2 7 8 33500 2
1 2 7 5 34000 2
1 2 15 2 34000 2
1 2 15 7 34000 2
1 2 15 0 34000 2
1 2 14 6 34000 2
1 2 13 8 34000 2
1 2 12 9 34000 2
1 2 11 5 34000 2
1 2 10 3 34000 2
1 2 10 9 34000 2
1 2 7 0 34000 2
1 2 5 2 34000 2
1 2 5 3 34000 2
1 2 5 2 34000 2
1 2 4 2 34000 2
1 2 4 1 34000 2
1 2 4 2 34000 2
1 2 3 3 34000 2
1 2 3 9 34000 2
1 2 9 4 34000 2
1 2 13 6 34500 2
1 2 15 6 34500 2
1 2 13 6 34500 2
1 2 13 7 34500 2
1 2 12 5 34500 2
1 2 12 3 34500 2
1 2 11 0 34500 2
1 2 14 6 34500 2
1 2 14 1 34500 2
1 2 14 8 34500 2
1 2 15 6 34500 2
1 2 15 5 34500 2
1 2 3 7 34500 2
1 2 10 5 34500 2
1 2 2 9 34500 2
1 2 11 5 34500 2
1 2 3 4 34500 2
1 2 4 7 34500 2
1 2 4 6 34500 2
1 2 5 5 34500 2
1 2 5 3 34500 2
1 2 5 6 34500 2
1 2 6 3 34500 2
1 2 7 5 34500 2
1 2 9 4 34500 2
1 2 9 8 35000 2
1 2 10 7 35000 2
1 2 10 8 35000 2
1 2 9 3 35000 2
1 2 11 5 35000 2
1 2 11 0 35000 2
1 2 12 8 35000 2
1 2 14 0 35000 2
1 2 14 9 35000 2
1 2 14 2 35000 2
1 2 15 0 35000 2
1 2 2 4 35000 2
1 2 6 6 35000 2
1 2 7 7 35000 2
1 2 0 9 35000 2
1 2 0 4 35000 2
1 2 1 5 35000 2
1 2 3 3 35000 2
1 2 4 5 35000 2
1 2 5 6 35000 2
1 2 5 7 35000 2
1 2 6 6 35000 2
1 2 6 3 35000 2
1 2 4 0 35000 2
1 2 8 5 35500 2
1 2 9 6 35500 2
1 2 9 2 35500 2
1 2 10 5 35500 2
1 2 11 0 35500 2
1 2 11 2 35500 2
1 2 11 6 35500 2
1 2 11 3 35500 2
1 2 11 0 35500 2
1 2 13 6 35500 2
1 2 14 1 35500 2
1 2 15 6 35500 2
1 2 15 5 35500 2
1 2 15 3 35500 2
1 2 5 9 35500 2
1 2 0 1 35500 2
1 2 1 3 35500 2
1 2 2 2 35500 2
1 2 2 6 35500 2
1 2 2 5 35500 2
1 2 3 6 35500 2
1 2 3 4 35500 2
1 2 4 1 35500 2
1 2 4 2 35500 2
1 2 4 2 35500 2
1 2 4 8 35500 2
1 2 4 2 35500 2
1 2 5 0 35500 2
1 2 3 0 35500 2
1 2 11 9 36000 2
1 2 11 3 36000 2
1 2 11 0 36000 2
1 2 12 1 36000 2
1 2 12 6 36000 2
1 2 12 8 36000 2
1 2 14 5 36000 2
1 2 14 3 36000 2
1 2 14 2 36000 2
1 2 15 0 36000 2
1 2 15 7 36000 2
1 2 15 3 36000 2
1 2 0 2 36000 2
1 2 9 0 36000 2
1 2 10 4 36000 2
1 2 0 8 36000 2
1 2 2 9 36000 2
1 2 2 1 36000 2
1 2 3 2 36000 2
1 2 4 8 36000 2
1 2 5 6 36000 2
1 2 6 3 36000 2
1 2 7 5 36000 2
1 2 7 3 36000 2
1 2 9 8 36000 2
1 2 11 6 36500 2
1 2 11 0 36500 2
1 2 11 2 36500 2
1 2 11 0 36500 2
1 2 12 1 36500 2
1 2 12 0 36500 2
1 2 13 8 36500 2
1 2 14 1 36500 2
1 2 14 7 36500 2
1 2 14 2 36500 2
1 2 15 2 36500 2
1 2 15 7 36500 2
1 2 15 1 36500 2
1 2 15 5 36500 2
1 2 10 5 36500 2
1 2 1 5 36500 2
1 2 2 8 36500 2
1 2 2 5 36500 2
1 2 2 2 36500 2
1 2 2 9 36500 2
1 2 4 3 36500 2
1 2 4 8 36500 2
1 2 6 8 36500 2
1 2 6 8 36500 2
1 2 7 2 36500 2
1 2 8 6 36500 2
1 2 10 5 36500 2
1 2 10 3 36500 2
1 2 10 9 37000 2
1 2 10 5 37000 2
1 2 11 2 37000 2
1 2 11 0 37000 2
1 2 12 6 37000 2
1 2 12 6 37000 2
1 2 12 6 37000 2
1 2 12 7 37000 2
1 2 13 0 37000 2
1 2 14 8 37000 2
1 2 14 4 37000 2
1 2 15 8 37000 2
1 2 15 6 37000 2
1 2 15 3 37000 2
1 2 8 1 37000 2
1 2 10 4 37000 2
1 2 10 8 37000 2
1 2 4 1 37000 2
1 2 4 4 37000 2
1 2 5 3 37000 2
1 2 5 2 37000 2
1 2 5 0 37000 2
1 2 6 8 37000 2
1 2 7 5 37000 2
1 2 3 9 37000 2
1 2 9 0 37000 2
1 2 9 2 37000 2
1 2 9 1 37000 2
1 2 6 8 37000 2
1 2 11 0 37500 2
1 2 12 8 37500 2
1 2 7 2 37500 2
1 2 12 2 37500 2
1 2 13 7 37500 2
1 2 13 0 37500 2
1 2 14 5 37500 2
1 2 14 3 37500 2
1 2 15 8 37500 2
1 2 15 3 37500 2
1 2 15 9 37500 2
1 2 9 4 37500 2
1 2 0 0 37500 2
1 2 0 3 37500 2
1 2 0 2 37500 2
1 2 2 5 37500 2
1 2 3 0 37500 2
1 2 4 2 37500 2
1 2 4 6 37500 2
1 2 5 7 37500 2
1 2 11 5 37500 2
1 2 15 3 38000 2
1 2 15 8 38000 2
1 2 15 0 38000 2
1 2 15 8 38000 2
1 2 14 4 38000 2
1 2 13 5 38000 2
1 2 13 8 38000 2
1 2 12 9 38000 2
1 2 11 2 38000 2
1 2 9 0 38000 2
1 2 10 5 38000 2
1 2 0 8 38000 2
1 2 1 0 38000 2
1 2 1 3 38000 2
1 2 2 5 38000 2
1 2 2 8 38000 2
1 2 5 2 38000 2
1 2 5 0 38000 2
1 2 7 0 38000 2
1 2 10 5 38500 2
1 2 10 5 38500 2
1 2 11 3 38500 2
1 2 11 0 38500 2
1 2 12 3 38500 2
1 2 12 8 38500 2
1 2 12 3 38500 2
1 2 13 7 38500 2
1 2 13 1 38500 2
1 2 14 3 38500 2
1 2 14 8 38500 2
1 2 14 8 38500 2
1 2 14 2 38500 2
1 2 15 0 38500 2
1 2 15 7 38500 2
1 2 15 8 38500 2
1 2 15 5 38500 2
1 2 15 9 38500 2
1 2 10 0 38500 2
1 2 0 3 38500 2
1 2 0 3 38500 2
1 2 0 8 38500 2
1 2 1 1 38500 2
1 2 1 3 38500 2
1 2 2 8 38500 2
1 2 3 3 38500 2
1 2 3 9 38500 2
1 2 4 8 38500 2
1 2 4 6 38500 2
1 2 5 9 38500 2
1 2 6 4 38500 2
1 2 7 5 38500 2
1 2 7 3 38500 2
1 2 9 6 38500 2
1 2 9 1 38500 2
1 2 4 3 38500 2
1 2 10 5 38500 2
1 2 11 0 39000 2
1 2 11 3 39000 2
1 2 11 0 39000 2
1 2 12 6 39000 2
1 2 13 9 39000 2
1 2 13 6 39000 2
1 2 14 8 39000 2
1 2 14 0 39000 2
1 2 15 0 39000 2
1 2 15 7 39000 2
1 2 15 8 39000 2
1 2 15 1 39000 2
1 2 15 9 39000 2
1 2 9 7 39000 2
1 2 10 2 39000 2
1 2 10 5 39000 2
1 2 0 4 39000 2
1 2 2 5 39000 2
1 2 3 1 39000 2
1 2 3 3 39000 2
1 2 4 3 39000 2
1 2 4 2 39000 2
1 2 6 3 39000 2
1 2 7 5 39000 2
1 2 8 5 39000 2
1 2 8 3 39000 2
1 2 9 6 39000 2
1 2 11 8 39500 2
1 2 10 6 39500 2
1 2 11 5 39500 2
1 2 12 6 39500 2
1 2 13 5 39500 2
1 2 13 0 39500 2
1 2 14 4 39500 2
1 2 14 9 39500 2
1 2 14 2 39500 2
1 2 14 1 39500 2
1 2 15 8 39500 2
1 2 15 7 39500 2
1 2 15 5 39500 2
1 2 15 3 39500 2
1 2 10 7 39500 2
1 2 10 5 39500 2
1 2 0 1 39500 2
1 2 0 9 39500 2
1 2 1 7 39500 2
1 2 3 0 39500 2
1 2 3 1 39500 2
1 2 3 8 39500 2
1 2 4 7 39500 2
1 2 4 2 39500 2
1 2 4 1 39500 2
1 2 5 7 39500 2
1 2 7 5 39500 2
1 2 9 3 39500 2
1 2 9 1 40000 2
1 2 9 0 40000 2
1 2 10 0 40000 2
1 2 11 8 40000 2
1 2 11 2 40000 2
1 2 11 0 40000 2
1 2 12 6 40000 2
1 2 12 8 40000 2
1 2 12 2 40000 2
1 2 13 3 40000 2
1 2 14 2 40000 2
1 2 14 3 40000 2
1 2 14 0 40000 2
1 2 15 8 40000 2
1 2 14 7 40000 2
1 2 9 5 40000 2
1 2 9 4 40000 2
1 2 0 8 40000 2
1 2 2 5 40000 2
1 2 0 1 40000 2
1 2 2 4 40000 2
1 2 2 5 40000 2
1 2 3 6 40000 2
1 2 3 3 40000 2
1 2 4 2 40000 2
1 2 4 2 40000 2
1 2 4 3 40000 2
1 2 5 2 40000 2
1 2 6 2 40000 2
1 2 7 3 40000 2
1 2 4 6 40000 2
1 2 9 5 40500 2
1 2 10 8 40500 2
1 2 10 8 40500 2
1 2 10 4 40500 2
1 2 10 5 40500 2
1 2 11 3 40500 2
1 2 11 4 40500 2
1 2 12 6 40500 2
1 2 15 8 40500 2
1 2 15 8 40500 2
1 2 7 8 40500 2
1 2 7 2 40500 2
1 2 0 1 40500 2
1 2 1 1 40500 2
1 2 3 6 40500 2
1 2 3 4 40500 2
1 2 3 0 40500 2
1 2 3 8 40500 2
1 2 5 5 40500 2
1 2 5 7 40500 2
1 2 5 4 40500 2
1 2 6 2 40500 2
1 2 9 4 41000 2
1 2 10 5 41000 2
1 2 10 8 41000 2
1 2 10 6 41000 2
1 2 11 1 41000 2
1 2 11 3 41000 2
1 2 11 2 41000 2
1 2 12 6 41000 2
1 2 12 8 41000 2
1 2 13 8 41000 2
1 2 13 6 41000 2
1 2 13 6 41000 2
1 2 15 0 41000 2
1 2 15 6 41000 2
1 2 15 8 41000 2
1 2 15 2 41000 2
1 2 9 2 41000 2
1 2 0 3 41000 2
1 2 0 3 41000 2
1 2 0 3 41000 2
1 2 1 7 41000 2
1 2 1 3 41000 2
1 2 2 0 41000 2
1 2 2 5 41000 2
1 2 3 7 41000 2
1 2 4 3 41000 2
1 2 5 6 41000 2
1 2 5 7 41000 2
1 2 6 2 41000 2
1 2 7 5 41000 2
1 2 9 8 41000 2
1 2 3 3 41000 2
1 2 10 5 41500 2
1 2 11 2 41500 2
1 2 11 0 41500 2
1 2 11 1 41500 2
1 2 12 1 41500 2
1 2 12 8 41500 2
1 2 13 8 41500 2
1 2 14 0 41500 2
1 2 14 3 41500 2
1 2 14 0 41500 2
1 2 15 0 41500 2
1 2 15 7 41500 2
1 2 15 8 41500 2
1 2 15 2 41500 2
1 2 7 5 41500 2
1 2 9 9 41500 2
1 2 0 3 41500 2
1 2 0 1 41500 2
1 2 0 2 41500 2
1 2 1 1 41500 2
1 2 2 8 41500 2
1 2 2 2 41500 2
1 2 3 3 41500 2
1 2 3 2 41500 2
1 2 5 7 41500 2
1 2 7 8 41500 2
1 2 8 1 41500 2
1 2 9 4 41500 2
1 2 9 4 41500 2
1 2 9 4 42000 2
1 2 10 7 42000 2
1 2 10 1 42000 2
1 2 11 1 42000 2
1 2 12 1 42000 2
1 2 12 5 42000 2
1 2 12 2 42000 2
1 2 13 5 42000 2
1 2 15 2 42000 2
1 2 15 1 42000 2
1 2 15 3 42000 2
1 2 15 6 42000 2
1 2 9 9 42000 2
1 2 9 3 42000 2
1 2 2 8 42000 2
1 2 2 1 42000 2
1 2 0 1 42000 2
1 2 4 2 42000 2
1 2 4 3 42000 2
1 2 6 2 42000 2
1 2 6 6 42000 2
1 2 6 2 42000 2
1 2 7 1 42000 2
1 2 7 3 42000 2
1 2 11 3 42500 2
1 2 15 5 42500 2
1 2 15 6 42500 2
1 2 15 6 42500 2
1 2 14 0 42500 2
1 2 14 6 42500 2
1 2 13 6 42500 2
1 2 12 6 42500 2
1 2 11 8 42500 2
1 2 11 0 42500 2
1 2 9 4 42500 2
1 2 9 6 42500 2
1 2 7 5 42500 2
1 2 6 1 42500 2
1 2 6 3 42500 2
1 2 5 3 42500 2
1 2 4 6 42500 2
1 2 3 1 42500 2
1 2 2 4 42500 2
1 2 1 3 42500 2
1 2 9 0 42500 2
1 2 13 9 43000 2
1 2 15 2 43000 2
1 2 12 1 43000 2
1 2 12 7 43000 2
1 2 10 5 43000 2
1 2 10 6 43000 2
1 2 9 0 43000 2
1 2 14 7 43000 2
1 2 14 1 43000 2
1 2 15 6 43000 2
1 2 15 7 43000 2
1 2 15 2 43000 2
1 2 1 6 43000 2
1 2 6 6 43000 2
1 2 1 3 43000 2
1 2 2 0 43000 2
1 2 2 8 43000 2
1 2 3 2 43000 2
1 2 3 3 43000 2
1 2 3 0 43000 2
1 2 3 5 43000 2
1 2 5 9 43000 2
1 2 5 7 43000 2
1 2 5 2 43000 2
1 2 6 2 43000 2
1 2 7 2 43000 2
1 2 4 6 43500 2
1 2 15 6 43500 2
1 2 15 8 43500 2
1 2 14 8 43500 2
1 2 14 2 43500 2
1 2 14 5 43500 2
1 2 13 8 43500 2
1 2 12 9 43500 2
1 2 12 8 43500 2
1 2 10 5 43500 2
1 2 6 6 43500 2
1 2 5 7 43500 2
1 2 5 9 43500 2
1 2 4 3 43500 2
1 2 3 0 43500 2
1 2 3 4 43500 2
1 2 1 0 43500 2
1 2 0 3 43500 2
1 2 0 1 43500 2
1 2 8 5 43500 2
1 2 10 6 44000 2
1 2 13 5 44000 2
1 2 10 9 44000 2
1 2 11 8 44000 2
1 2 11 2 44000 2
1 2 11 0 44000 2
1 2 12 8 44000 2
1 2 12 6 44000 2
1 2 12 3 44000 2
1 2 15 0 44000 2
1 2 15 2 44000 2
1 2 7 3 44000 2
1 2 9 7 44000 2
1 2 0 9 44000 2
1 2 0 0 44000 2
1 2 3 3 44000 2
1 2 3 4 44000 2
1 2 4 2 44000 2
1 2 4 6 44000 2
1 2 5 7 44000 2
1 2 5 2 44000 2
1 2 7 3 44000 2
1 2 7 5 44000 2
1 2 15 3 44500 2
1 2 15 7 44500 2
1 2 15 0 44500 2
1 2 14 2 44500 2
1 2 13 5 44500 2
1 2 13 0 44500 2
1 2 12 7 44500 2
1 2 12 6 44500 2
1 2 7 3 44500 2
1 2 10 4 44500 2
1 2 7 3 44500 2
1 2 7 5 44500 2
1 2 5 2 44500 2
1 2 5 3 44500 2
1 2 5 8 44500 2
1 2 3 3 44500 2
1 2 0 1 44500 2
1 2 0 2 44500 2
1 2 9 6 44500 2
1 2 12 8 45000 2
1 2 13 0 45000 2
1 2 13 5 45000 2
1 2 14 6 45000 2
1 2 15 6 45000 2
1 2 15 2 45000 2
1 2 15 2 45000 2
1 2 15 8 45000 2
1 2 10 1 45000 2
1 2 11 0 45000 2
1 2 7 0 45000 2
1 2 7 8 45000 2
1 2 6 1 45000 2
1 2 5 4 45000 2
1 2 5 2 45000 2
1 2 3 3 45000 2
1 2 0 3 45000 2
1 2 0 3 45000 2
1 2 10 2 45500 2
1 2 10 8 45500 2
1 2 11 3 45500 2
1 2 11 5 45500 2
1 2 11 8 45500 2
1 2 12 8 45500 2
1 2 13 9 45500 2
1 2 14 3 45500 2
1 2 14 2 45500 2
1 2 14 8 45500 2
1 2 15 0 45500 2
1 2 15 8 45500 2
1 2 15 8 45500 2
1 2 9 1 45500 2
1 2 0 3 45500 2
1 2 0 1 45500 2
1 2 0 8 45500 2
1 2 1 0 45500 2
1 2 2 5 45500 2
1 2 2 8 45500 2
1 2 2 0 45500 2
1 2 4 0 45500 2
1 2 4 2 45500 2
1 2 4 8 45500 2
1 2 7 2 45500 2
1 2 3 6 45500 2
1 2 9 1 45500 2
1 2 7 8 46000 2
1 2 7 8 46000 2
1 2 9 1 46000 2
1 2 10 4 46000 2
1 2 10 6 46000 2
1 2 12 8 46000 2
1 2 13 7 46000 2
1 2 13 4 46000 2
1 2 15 0 46000 2
1 2 15 7 46000 2
1 2 15 8 46000 2
1 2 0 4 46000 2
1 2 5 6 46000 2
1 2 5 2 46000 2
1 2 0 3 46000 2
1 2 0 4 46000 2
1 2 0 8 46000 2
1 2 2 9 46000 2
1 2 2 8 46000 2
1 2 2 8 46000 2
1 2 3 1 46000 2
1 2 4 3 46000 2
1 2 4 6 46000 2
1 2 9 3 46500 2
1 2 9 1 46500 2
1 2 10 2 46500 2
1 2 10 8 46500 2
1 2 11 5 46500 2
1 2 11 3 46500 2
1 2 11 5 46500 2
1 2 13 6 46500 2
1 2 13 0 46500 2
1 2 13 8 46500 2
1 2 14 9 46500 2
1 2 15 2 46500 2
1 2 15 2 46500 2
1 2 3 0 46500 2
1 2 7 1 46500 2
1 2 7 5 46500 2
1 2 2 8 46500 2
1 2 2 1 46500 2
1 2 2 4 46500 2
1 2 0 8 46500 2
1 2 3 1 46500 2
1 2 4 7 46500 2
1 2 4 2 46500 2
1 2 5 6 46500 2
1 2 6 5 46500 2
1 2 6 8 46500 2
1 2 4 1 46500 2
1 2 9 1 47000 2
1 2 10 4 47000 2
1 2 10 8 47000 2
1 2 11 4 47000 2
1 2 11 5 47000 2
1 2 13 8 47000 2
1 2 14 4 47000 2
1 2 14 3 47000 2
1 2 14 7 47000 2
1 2 14 5 47000 2
1 2 14 2 47000 2
1 2 15 6 47000 2
1 2 15 2 47000 2
1 2 15 2 47000 2
1 2 9 5 47000 2
1 2 0 4 47000 2
1 2 0 3 47000 2
1 2 2 0 47000 2
1 2 2 3 47000 2
1 2 3 2 47000 2
1 2 3 6 47000 2
1 2 4 3 47000 2
1 2 4 6 47000 2
1 2 6 8 47000 2
1 2 7 2 47000 2
1 2 7 8 47000 2
1 2 10 5 47000 2
1 2 4 3 47000 2
1 2 12 6 47500 2
1 2 12 3 47500 2
1 2 13 4 47500 2
1 2 13 8 47500 2
1 2 14 2 47500 2
1 2 14 8 47500 2
1 2 15 2 47500 2
1 2 15 2 47500 2
1 2 15 6 47500 2
1 2 15 6 47500 2
1 2 15 9 47500 2
1 2 4 2 47500 2
1 2 11 4 47500 2
1 2 12 6 47500 2
1 2 4 2 47500 2
1 2 4 8 47500 2
1 2 5 5 47500 2
1 2 5 4 47500 2
1 2 6 0 47500 2
1 2 9 6 47500 2
1 2 9 4 47500 2
1 2 10 5 47500 2
1 2 11 6 47500 2
1 2 11 3 47500 2
1 2 10 6 48000 2
1 2 10 5 48000 2
1 2 11 2 48000 2
1 2 11 0 48000 2
1 2 11 1 48000 2
1 2 12 1 48000 2
1 2 12 8 48000 2
1 2 13 8 48000 2
1 2 14 2 48000 2
1 2 14 3 48000 2
1 2 14 9 48000 2
1 2 14 1 48000 2
1 2 14 9 48000 2
1 2 15 2 48000 2
1 2 15 2 48000 2
1 2 15 6 48000 2
1 2 8 6 48000 2
1 2 0 8 48000 2
1 2 1 5 48000 2
1 2 2 9 48000 2
1 2 2 8 48000 2
1 2 2 0 48000 2
1 2 2 6 48000 2
1 2 3 4 48000 2
1 2 3 6 48000 2
1 2 3 0 48000 2
1 2 4 8 48000 2
1 2 5 3 48000 2
1 2 5 9 48000 2
1 2 5 7 48000 2
1 2 7 2 48000 2
1 2 3 6 48000 2
1 2 10 6 48000 2
1 2 11 4 48500 2
1 2 11 3 48500 2
1 2 11 3 48500 2
1 2 12 8 48500 2
1 2 12 9 48500 2
1 2 12 2 48500 2
1 2 13 2 48500 2
1 2 13 3 48500 2
1 2 14 6 48500 2
1 2 14 4 48500 2
1 2 15 2 48500 2
1 2 15 7 48500 2
1 2 15 1 48500 2
1 2 15 6 48500 2
1 2 4 5 48500 2
1 2 9 5 48500 2
1 2 10 5 48500 2
1 2 0 1 48500 2
1 2 0 8 48500 2
1 2 3 3 48500 2
1 2 3 3 48500 2
1 2 3 6 48500 2
1 2 3 4 48500 2
1 2 4 8 48500 2
1 2 5 9 48500 2
1 2 5 2 48500 2
1 2 7 5 48500 2
1 2 9 3 48500 2
1 2 4 3 48500 2
1 2 10 8 49000 2
1 2 11 3 49000 2
1 2 11 2 49000 2
1 2 4 3 49000 2
1 2 11 3 49000 2
1 2 11 1 49000 2
1 2 12 6 49000 2
1 2 12 7 49000 2
1 2 14 8 49000 2
1 2 15 8 49000 2
1 2 15 1 49000 2
1 2 15 2 49000 2
1 2 7 2 49000 2
1 2 0 3 49000 2
1 2 1 3 49000 2
1 2 2 8 49000 2
1 2 3 6 49000 2
1 2 3 0 49000 2
1 2 3 9 49000 2
1 2 3 8 49000 2
1 2 4 2 49000 2
1 2 5 9 49000 2
1 2 5 2 49000 2
1 2 7 8 49000 2
1 2 9 6 49500 2
1 2 9 6 49500 2
1 2 10 8 49500 2
1 2 11 0 49500 2
1 2 11 5 49500 2
1 2 11 5 49500 2
1 2 12 8 49500 2
1 2 13 8 49500 2
1 2 14 2 49500 2
1 2 14 3 49500 2
1 2 14 0 49500 2
1 2 15 0 49500 2
1 2 15 7 49500 2
1 2 15 8 49500 2
1 2 1 2 49500 2
1 2 7 8 49500 2
1 2 8 5 49500 2
1 2 0 0 49500 2
1 2 2 8 49500 2
1 2 2 6 49500 2
1 2 3 2 49500 2
1 2 3 0 49500 2
1 2 4 3 49500 2
1 2 4 6 49500 2
1 2 5 5 49500 2
1 2 6 8 49500 2
1 2 7 7 49500 2
1 2 7 0 49500 2
1 2 4 3 49500 2
1 2 11 5 50000 2
1 2 11 0 50000 2
1 2 11 8 50000 2
1 2 12 8 50000 2
1 2 13 6 50000 2
1 2 13 3 50000 2
1 2 13 2 50000 2
1 2 14 2 50000 2
1 2 14 9 50000 2
1 2 14 0 50000 2
1 2 15 0 50000 2
1 2 15 6 50000 2
1 2 15 8 50000 2
1 2 15 5 50000 2
1 2 10 5 50000 2
1 2 9 3 50000 2
1 2 0 3 50000 2
1 2 0 1 50000 2
1 2 2 9 50000 2
1 2 3 7 50000 2
1 2 4 1 50000 2
1 2 4 5 50000 2
1 2 4 9 50000 2
1 2 5 2 50000 2
1 2 5 5 50000 2
1 2 5 4 50000 2
1 2 6 3 50000 2
1 2 7 7 50000 2
1 2 7 2 50000 2
1 2 7 0 50000 2
1 2 7 1 50000 2
1 2 7 8 50500 2
1 2 8 7 50500 2
1 2 9 0 50500 2
1 2 9 1 50500 2
1 2 10 2 50500 2
1 2 11 2 50500 2
1 2 11 1 50500 2
1 2 12 1 50500 2
1 2 12 6 50500 2
1 2 12 7 50500 2
1 2 13 6 50500 2
1 2 14 8 50500 2
1 2 14 9 50500 2
1 2 15 0 50500 2
1 2 15 8 50500 2
1 2 0 1 50500 2
1 2 6 2 50500 2
1 2 0 2 50500 2
1 2 0 1 50500 2
1 2 1 0 50500 2
1 2 2 1 50500 2
1 2 2 2 50500 2
1 2 3 2 50500 2
1 2 3 6 50500 2
1 2 4 1 50500 2
1 2 5 2 50500 2
1 2 5 2 50500 2
1 2 5 2 50500 2
1 2 6 8 50500 2
1 2 3 4 50500 2
1 2 6 8 50500 2
1 2 9 3 51000 2
1 2 9 6 51000 2
1 2 9 0 51000 2
1 2 10 8 51000 2
1 2 10 3 51000 2
1 2 11 5 51000 2
1 2 11 0 51000 2
1 2 12 6 51000 2
1 2 12 8 51000 2
1 2 13 8 51000 2
1 2 14 7 51000 2
1 2 14 8 51000 2
1 2 15 0 51000 2
1 2 15 7 51000 2
1 2 15 5 51000 2
1 2 15 9 51000 2
1 2 7 3 51000 2
1 2 7 2 51000 2
1 2 0 6 51000 2
1 2 0 3 51000 2
1 2 1 3 51000 2
1 2 1 8 51000 2
1 2 2 2 51000 2
1 2 3 6 51000 2
1 2 3 2 51000 2
1 2 4 7 51000 2
1 2 4 3 51000 2
1 2 5 2 51000 2
1 2 6 8 51000 2
1 2 6 8 51000 2
1 2 6 0 51000 2
1 2 6 1 51000 2
1 2 4 5 51000 2
1 2 11 3 51500 2
1 2 11 2 51500 2
1 2 12 2 51500 2
1 2 12 6 51500 2
1 2 12 6 51500 2
1 2 14 9 51500 2
1 2 14 0 51500 2
1 2 14 3 51500 2
1 2 15 6 51500 2
1 2 15 7 51500 2
1 2 15 5 51500 2
1 2 15 2 51500 2
1 2 14 0 51500 2
1 2 3 7 51500 2
1 2 10 1 51500 2
1 2 0 2 51500 2
1 2 0 2 51500 2
1 2 2 5 51500 2
1 2 3 6 51500 2
1 2 3 3 51500 2
1 2 4 3 51500 2
1 2 0 3 51500 2
1 2 4 8 51500 2
1 2 5 0 51500 2
1 2 7 8 51500 2
1 2 9 5 51500 2
1 2 9 1 51500 2
1 2 8 3 52000 2
1 2 15 8 52000 2
1 2 15 2 52000 2
1 2 12 6 52000 2
1 2 12 8 52000 2
1 2 12 7 52000 2
1 2 11 3 52000 2
1 2 4 0 52000 2
1 2 4 5 52000 2
1 2 4 3 52000 2
1 2 3 1 52000 2
1 2 3 2 52000 2
1 2 0 8 52000 2
1 2 4 3 52000 2
1 2 11 2 52500 2
1 2 11 9 52500 2
1 2 11 0 52500 2
1 2 13 8 52500 2
1 2 13 3 52500 2
1 2 14 3 52500 2
1 2 14 7 52500 2
1 2 14 8 52500 2
1 2 14 1 52500 2
1 2 2 3 52500 2
1 2 15 8 52500 2
1 2 15 0 52500 2
1 2 15 6 52500 2
1 2 15 3 52500 2
1 2 0 3 52500 2
1 2 10 6 52500 2
1 2 0 8 52500 2
1 2 1 1 52500 2
1 2 2 8 52500 2
1 2 2 8 52500 2
1 2 3 2 52500 2
1 2 4 3 52500 2
1 2 9 4 52500 2
1 2 6 8 52500 2
1 2 6 9 52500 2
1 2 5 2 52500 2
1 2 4 6 52500 2
1 2 3 5 52500 2
1 2 11 2 53000 2
1 2 15 4 53000 2
1 2 15 1 53000 2
1 2 15 6 53000 2
1 2 15 7 53000 2
1 2 15 5 53000 2
1 2 14 8 53000 2
1 2 13 2 53000 2
1 2 13 5 53000 2
1 2 12 6 53000 2
1 2 12 6 53000 2
1 2 11 3 53000 2
1 2 7 8 53000 2
1 2 10 0 53000 2
1 2 0 3 53000 2
1 2 1 5 53000 2
1 2 3 4 53000 2
1 2 4 1 53000 2
1 2 4 0 53000 2
1 2 5 7 53000 2
1 2 5 7 53000 2
1 2 5 0 53000 2
1 2 6 3 53000 2
1 2 7 3 53000 2
1 2 7 8 53500 2
1 2 8 7 53500 2
1 2 10 5 53500 2
1 2 12 6 53500 2
1 2 13 8 53500 2
1 2 13 3 53500 2
1 2 14 5 53500 2
1 2 14 3 53500 2
1 2 14 1 53500 2
1 2 14 8 53500 2
1 2 14 9 53500 2
1 2 15 0 53500 2
1 2 15 6 53500 2
1 2 15 3 53500 2
1 2 6 5 53500 2
1 2 7 3 53500 2
1 2 0 8 53500 2
1 2 1 9 53500 2
1 2 1 3 53500 2
1 2 2 8 53500 2
1 2 3 7 53500 2
1 2 3 3 53500 2
1 2 4 2 53500 2
1 2 4 6 53500 2
1 2 4 8 53500 2
1 2 5 2 53500 2
1 2 6 2 53500 2
1 2 4 5 53500 2
1 2 11 5 54000 2
1 2 11 6 54000 2
1 2 12 1 54000 2
1 2 12 6 54000 2
1 2 12 2 54000 2
1 2 13 7 54000 2
1 2 13 2 54000 2
1 2 14 1 54000 2
1 2 14 8 54000 2
1 2 15 0 54000 2
1 2 15 6 54000 2
1 2 15 3 54000 2
1 2 11 6 54000 2
1 2 10 5 54000 2
1 2 0 3 54000 2
1 2 1 6 54000 2
1 2 2 3 54000 2
1 2 2 6 54000 2
1 2 3 8 54000 2
1 2 4 2 54000 2
1 2 4 1 54000 2
1 2 5 8 54000 2
1 2 5 5 54000 2
1 2 7 3 54000 2
1 2 9 0 54000 2
1 2 9 4 54000 2
1 2 10 0 54000 2
1 2 7 8 54500 2
1 2 7 8 54500 2
1 2 9 3 54500 2
1 2 10 5 54500 2
1 2 11 5 54500 2
1 2 11 4 54500 2
1 2 12 8 54500 2
1 2 12 8 54500 2
1 2 12 8 54500 2
1 2 13 8 54500 2
1 2 14 2 54500 2
1 2 15 0 54500 2
1 2 15 8 54500 2
1 2 15 8 54500 2
1 2 6 8 54500 2
1 2 0 1 54500 2
1 2 7 0 54500 2
1 2 0 1 54500 2
1 2 1 7 54500 2
1 2 2 9 54500 2
1 2 2 6 54500 2
1 2 2 8 54500 2
1 2 3 1 54500 2
1 2 4 6 54500 2
1 2 6 9 54500 2
1 2 0 3 54500 2
1 2 5 2 54500 2
1 2 5 9 54500 2
1 2 5 8 54500 2
1 2 3 6 54500 2
1 2 8 7 55000 2
1 2 15 2 55000 2
1 2 15 2 55000 2
1 2 15 6 55000 2
1 2 12 8 55000 2
1 2 11 8 55000 2
1 2 11 2 55000 2
1 2 10 2 55000 2
1 2 9 5 55000 2
1 2 9 4 55000 2
1 2 9 3 55000 2
1 2 9 3 55000 2
1 2 7 3 55000 2
1 2 7 8 55000 2
1 2 0 1 55000 2
1 2 1 7 55000 2
1 2 1 6 55000 2
1 2 3 2 55000 2
1 2 3 6 55000 2
1 2 4 7 55000 2
1 2 5 7 55000 2
1 2 5 9 55000 2
1 2 5 6 55000 2
1 2 11 4 55500 2
1 2 11 3 55500 2
1 2 11 0 55500 2
1 2 11 5 55500 2
1 2 12 1 55500 2
1 2 12 8 55500 2
1 2 13 8 55500 2
1 2 13 6 55500 2
1 2 14 2 55500 2
1 2 14 5 55500 2
1 2 14 2 55500 2
1 2 15 0 55500 2
1 2 15 2 55500 2
1 2 15 2 55500 2
1 2 15 5 55500 2
1 2 10 6 55500 2
1 2 11 8 55500 2
1 2 1 2 55500 2
1 2 1 9 55500 2
1 2 2 5 55500 2
1 2 4 1 55500 2
1 2 4 2 55500 2
1 2 4 0 55500 2
1 2 5 6 55500 2
1 2 6 8 55500 2
1 2 9 4 55500 2
1 2 9 2 55500 2
1 2 9 5 55500 2
1 2 10 5 55500 2
1 2 5 6 55500 2
1 2 10 6 56000 2
1 2 10 3 56000 2
1 2 11 5 56000 2
1 2 11 6 56000 2
1 2 11 5 56000 2
1 2 11 2 56000 2
1 2 11 6 56000 2
1 2 13 2 56000 2
1 2 14 5 56000 2
1 2 15 0 56000 2
1 2 15 7 56000 2
1 2 15 3 56000 2
1 2 14 0 56000 2
1 2 2 5 56000 2
1 2 10 6 56000 2
1 2 0 3 56000 2
1 2 1 5 56000 2
1 2 0 3 56000 2
1 2 3 6 56000 2
1 2 3 8 56000 2
1 2 4 6 56000 2
1 2 4 2 56000 2
1 2 5 6 56000 2
1 2 7 3 56000 2
1 2 8 7 56000 2
1 2 9 3 56000 2
1 2 9 1 56000 2
1 2 6 1 56500 2
1 2 15 3 56500 2
1 2 12 6 56500 2
1 2 11 8 56500 2
1 2 11 2 56500 2
1 2 10 1 56500 2
1 2 10 6 56500 2
1 2 9 1 56500 2
1 2 7 3 56500 2
1 2 4 8 56500 2
1 2 6 5 56500 2
1 2 0 3 56500 2
1 2 0 3 56500 2
1 2 0 1 56500 2
1 2 1 2 56500 2
1 2 2 9 56500 2
1 2 3 1 56500 2
1 2 3 6 56500 2
1 2 4 9 56500 2
1 2 9 1 57000 2
1 2 10 7 57000 2
1 2 10 0 57000 2
1 2 10 1 57000 2
1 2 11 6 57000 2
1 2 11 3 57000 2
1 2 12 6 57000 2
1 2 12 5 57000 2
1 2 14 3 57000 2
1 2 14 0 57000 2
1 2 15 8 57000 2
1 2 3 8 57000 2
1 2 15 0 57000 2
1 2 15 7 57000 2
1 2 15 3 57000 2
1 2 3 1 57000 2
1 2 9 7 57000 2
1 2 3 4 57000 2
1 2 3 0 57000 2
1 2 3 7 57000 2
1 2 4 2 57000 2
1 2 4 6 57000 2
1 2 5 6 57000 2
1 2 9 6 57000 2
1 2 7 3 57000 2
1 2 7 5 57000 2
1 2 6 8 57000 2
1 2 5 8 57000 2
1 2 4 0 57000 2
1 2 9 5 57500 2
1 2 15 2 57500 2
1 2 15 7 57500 2
1 2 15 0 57500 2
1 2 14 1 57500 2
1 2 13 6 57500 2
1 2 12 8 57500 2
1 2 12 1 57500 2
1 2 11 0 57500 2
1 2 11 0 57500 2
1 2 11 9 57500 2
1 2 11 7 57500 2
1 2 7 0 57500 2
1 2 7 0 57500 2
1 2 0 0 57500 2
1 2 0 4 57500 2
1 2 0 1 57500 2
1 2 1 5 57500 2
1 2 3 3 57500 2
1 2 4 1 57500 2
1 2 5 3 57500 2
1 2 6 8 57500 2
1 2 6 8 57500 2
1 2 6 0 57500 2
1 2 11 9 58000 2
1 2 11 5 58000 2
1 2 11 0 58000 2
1 2 11 2 58000 2
1 2 12 6 58000 2
1 2 5 3 58000 2
1 2 12 1 58000 2
1 2 12 2 58000 2
1 2 12 6 58000 2
1 2 12 2 58000 2
1 2 13 6 58000 2
1 2 14 9 58000 2
1 2 15 0 58000 2
1 2 15 3 58000 2
1 2 10 0 58000 2
1 2 10 8 58000 2
1 2 0 1 58000 2
1 2 0 9 58000 2
1 2 2 8 58000 2
1 2 3 9 58000 2
1 2 3 1 58000 2
1 2 4 5 58000 2
1 2 4 6 58000 2
1 2 5 3 58000 2
1 2 5 2 58000 2
1 2 6 3 58000 2
1 2 7 2 58000 2
1 2 4 3 58000 2
1 2 9 3 58500 2
1 2 9 1 58500 2
1 2 10 5 58500 2
1 2 10 3 58500 2
1 2 11 9 58500 2
1 2 11 5 58500 2
1 2 12 8 58500 2
1 2 12 6 58500 2
1 2 14 8 58500 2
1 2 15 2 58500 2
1 2 15 5 58500 2
1 2 14 5 58500 2
1 2 3 9 58500 2
1 2 9 5 58500 2
1 2 3 6 58500 2
1 2 3 9 58500 2
1 2 0 7 58500 2
1 2 4 2 58500 2
1 2 5 6 58500 2
1 2 6 8 58500 2
1 2 6 2 58500 2
1 2 7 3 58500 2
1 2 7 0 58500 2
1 2 7 3 58500 2
1 2 6 0 59000 2
1 2 15 3 59000 2
1 2 15 8 59000 2
1 2 14 2 59000 2
1 2 12 7 59000 2
1 2 12 6 59000 2
1 2 11 6 59000 2
1 2 9 1 59000 2
1 2 7 3 59000 2
1 2 7 2 59000 2
1 2 5 2 59000 2
1 2 5 3 59000 2
1 2 4 2 59000 2
1 2 3 0 59000 2
1 2 3 6 59000 2
1 2 0 8 59000 2
1 2 0 0 59000 2
1 2 0 6 59000 2
1 2 5 5 59000 2
1 2 11 3 59500 2
1 2 11 8 59500 2
1 2 12 2 59500 2
1 2 12 8 59500 2
1 2 13 0 59500 2
1 2 14 4 59500 2
1 2 14 2 59500 2
1 2 14 8 59500 2
1 2 15 5 59500 2
1 2 15 8 59500 2
1 2 5 5 59500 2
1 2 9 4 59500 2
1 2 9 6 59500 2
1 2 3 1 59500 2
1 2 4 2 59500 2
1 2 1 4 59500 2
1 2 5 3 59500 2
1 2 5 1 59500 2
1 2 6 1 59500 2
1 2 6 9 59500 2
1 2 7 3 59500 2
1 2 8 5 59500 2
1 2 10 8 60000 2
1 2 8 7 60000 2
1 2 11 4 60000 2
1 2 11 0 60000 2
1 2 12 6 60000 2
1 2 12 2 60000 2
1 2 13 6 60000 2
1 2 13 5 60000 2
1 2 14 8 60000 2
1 2 14 1 60000 2
1 2 14 9 60000 2
1 2 15 2 60000 2
1 2 15 6 60000 2
1 2 15 3 60000 2
1 2 7 8 60000 2
1 2 0 1 60000 2
1 2 0 1 60000 2
1 2 0 1 60000 2
1 2 1 0 60000 2
1 2 2 8 60000 2
1 2 3 4 60000 2
1 2 4 3 60000 2
1 2 5 6 60000 2
1 2 5 0 60000 2
1 2 5 2 60000 2
1 2 7 8 60000 2
1 2 7 2 60000 2
1 2 4 3 60000 2
1 2 12 7 60500 2
1 2 12 1 60500 2
1 2 12 8 60500 2
1 2 12 3 60500 2
1 2 13 5 60500 2
1 2 13 2 60500 2
1 2 14 5 60500 2
1 2 14 2 60500 2
1 2 14 1 60500 2
1 2 15 5 60500 2
1 2 15 6 60500 2
1 2 15 2 60500 2
1 2 4 6 60500 2
1 2 11 4 60500 2
1 2 11 3 60500 2
1 2 0 1 60500 2
1 2 0 1 60500 2
1 2 2 6 60500 2
1 2 4 1 60500 2
1 2 4 6 60500 2
1 2 0 0 60500 2
1 2 5 2 60500 2
1 2 5 2 60500 2
1 2 5 6 60500 2
1 2 6 4 60500 2
1 2 7 0 60500 2
1 2 10 9 61000 2
1 2 10 0 61000 2
1 2 11 2 61000 2
1 2 11 2 61000 2
1 2 11 0 61000 2
1 2 12 2 61000 2
1 2 12 4 61000 2
1 2 13 6 61000 2
1 2 13 1 61000 2
1 2 14 3 61000 2
1 2 14 2 61000 2
1 2 14 0 61000 2
1 2 15 7 61000 2
1 2 15 1 61000 2
1 2 15 6 61000 2
1 2 9 3 61000 2
1 2 0 1 61000 2
1 2 2 8 61000 2
1 2 2 4 61000 2
1 2 3 0 61000 2
1 2 3 3 61000 2
1 2 3 0 61000 2
1 2 4 5 61000 2
1 2 4 6 61000 2
1 2 5 4 61000 2
1 2 6 8 61000 2
1 2 6 6 61000 2
1 2 7 8 61000 2
1 2 7 0 61000 2
1 2 7 3 61000 2
1 2 8 3 61000 2
1 2 10 9 61500 2
1 2 10 4 61500 2
1 2 11 3 61500 2
1 2 10 7 61500 2
1 2 11 4 61500 2
1 2 14 2 61500 2
1 2 14 8 61500 2
1 2 14 1 61500 2
1 2 14 8 61500 2
1 2 15 0 61500 2
1 2 15 5 61500 2
1 2 15 3 61500 2
1 2 15 0 61500 2
1 2 6 2 61500 2
1 2 9 1 61500 2
1 2 9 1 61500 2
1 2 0 5 61500 2
1 2 3 1 61500 2
1 2 3 2 61500 2
1 2 4 7 61500 2
1 2 4 5 61500 2
1 2 4 6 61500 2
1 2 4 0 61500 2
1 2 5 7 61500 2
1 2 6 8 61500 2
1 2 7 1 61500 2
1 2 9 2 61500 2
1 2 7 2 62000 2
1 2 9 6 62000 2
1 2 10 9 62000 2
1 2 10 3 62000 2
1 2 11 3 62000 2
1 2 11 1 62000 2
1 2 12 6 62000 2
1 2 13 3 62000 2
1 2 13 3 62000 2
1 2 13 6 62000 2
1 2 14 0 62000 2
1 2 15 0 62000 2
1 2 15 7 62000 2
1 2 6 0 62000 2
1 2 0 5 62000 2
1 2 0 3 62000 2
1 2 2 9 62000 2
1 2 2 6 62000 2
1 2 3 0 62000 2
1 2 4 2 62000 2
1 2 4 1 62000 2
1 2 4 6 62000 2
1 2 5 7 62000 2
1 2 7 8 62000 2
1 2 3 4 62000 2
1 2 10 5 62500 2
1 2 10 1 62500 2
1 2 11 3 62500 2
1 2 11 3 62500 2
1 2 11 6 62500 2
1 2 12 2 62500 2
1 2 15 8 62500 2
1 2 15 6 62500 2
1 2 15 2 62500 2
1 2 15 6 62500 2
1 2 12 8 62500 2
1 2 7 9 62500 2
1 2 9 6 62500 2
1 2 3 7 62500 2
1 2 3 8 62500 2
1 2 4 3 62500 2
1 2 4 2 62500 2
1 2 3 1 62500 2
1 2 5 3 62500 2
1 2 5 2 62500 2
1 2 6 8 62500 2
1 2 7 8 62500 2
1 2 12 8 63000 2
1 2 15 5 63000 2
1 2 15 7 63000 2
1 2 15 4 63000 2
1 2 15 8 63000 2
1 2 13 6 63000 2
1 2 13 9 63000 2
1 2 10 0 63000 2
1 2 9 2 63000 2
1 2 7 3 63000 2
1 2 0 8 63000 2
1 2 2 1 63000 2
1 2 4 0 63000 2
1 2 5 9 63000 2
1 2 5 6 63000 2
1 2 5 6 63000 2
1 2 6 8 63000 2
1 2 9 6 63000 2
1 2 7 5 63000 2
1 2 10 0 63500 2
1 2 10 7 63500 2
1 2 11 3 63500 2
1 2 11 5 63500 2
1 2 11 1 63500 2
1 2 12 8 63500 2
1 2 13 0 63500 2
1 2 13 6 63500 2
1 2 14 2 63500 2
1 2 14 8 63500 2
1 2 15 5 63500 2
1 2 15 7 63500 2
1 2 15 7 63500 2
1 2 15 8 63500 2
1 2 15 3 63500 2
1 2 4 8 63500 2
1 2 9 6 63500 2
1 2 0 2 63500 2
1 2 0 2 63500 2
1 2 1 3 63500 2
1 2 1 1 63500 2
1 2 2 8 63500 2
1 2 3 0 63500 2
1 2 4 2 63500 2
1 2 5 6 63500 2
1 2 5 3 63500 2
1 2 5 6 63500 2
1 2 5 2 63500 2
1 2 7 3 63500 2
1 2 7 5 63500 2
1 2 9 2 63500 2
1 2 11 6 64000 2
1 2 2 0 64000 2
1 2 11 8 64000 2
1 2 11 5 64000 2
1 2 13 2 64000 2
1 2 13 6 64000 2
1 2 14 2 64000 2
1 2 14 2 64000 2
1 2 14 2 64000 2
1 2 14 0 64000 2
1 2 14 9 64000 2
1 2 15 0 64000 2
1 2 15 3 64000 2
1 2 9 4 64000 2
1 2 10 4 64000 2
1 2 0 3 64000 2
1 2 3 1 64000 2
1 2 4 6 64000 2
1 2 4 1 64000 2
1 2 4 3 64000 2
1 2 5 6 64000 2
1 2 5 6 64000 2
1 2 6 7 64000 2
1 2 6 8 64000 2
1 2 6 5 64000 2
1 2 7 0 64000 2
1 2 15 0 64500 2
1 2 15 8 64500 2
1 2 15 3 64500 2
1 2 15 4 64500 2
1 2 12 8 64500 2
1 2 11 3 64500 2
1 2 10 5 64500 2
1 2 9 9 64500 2
1 2 7 7 64500 2
1 2 8 8 64500 2
1 2 0 3 64500 2
1 2 3 9 64500 2
1 2 4 5 64500 2
1 2 4 2 64500 2
1 2 5 2 64500 2
1 2 6 7 64500 2
1 2 6 4 64500 2
1 2 15 6 65000 2
1 2 14 9 65000 2
1 2 14 9 65000 2
1 2 13 9 65000 2
1 2 13 6 65000 2
1 2 11 1 65000 2
1 2 5 6 65000 2
1 2 11 2 65000 2
1 2 11 6 65000 2
1 2 10 3 65000 2
1 2 5 8 65000 2
1 2 4 2 65000 2
1 2 4 9 65000 2
1 2 3 3 65000 2
1 2 1 9 65000 2
1 2 0 7 65000 2
1 2 3 1 65500 2
1 2 15 7 65500 2
1 2 15 0 65500 2
1 2 14 2 65500 2
1 2 12 4 65500 2
1 2 10 8 65500 2
1 2 8 6 65500 2
1 2 7 8 65500 2
1 2 5 5 65500 2
1 2 11 2 65500 2
1 2 9 9 66000 2
1 2 15 6 66000 2
1 2 15 4 66000 2
1 2 14 9 66000 2
1 2 14 4 66000 2
1 2 13 3 66000 2
1 2 12 2 66000 2
1 2 10 1 66000 2
1 2 8 1 66000 2
1 2 7 1 66000 2
1 2 7 9 66000 2
1 2 5 1 66000 2
1 2 5 7 66000 2
1 2 4 3 66000 2
1 2 4 1 66000 2
1 2 2 6 66000 2
1 2 1 7 66000 2
1 2 0 1 66000 2
1 2 10 3 66500 2
1 2 11 7 66500 2
1 2 12 8 66500 2
1 2 12 5 66500 2
1 2 13 3 66500 2
1 2 14 8 66500 2
1 2 15 5 66500 2
1 2 10 4 66500 2
1 2 8 9 66500 2
1 2 7 1 66500 2
1 2 7 1 66500 2
1 2 5 1 66500 2
1 2 3 2 66500 2
1 2 3 4 66500 2
1 2 3 8 66500 2
1 2 1 7 66500 2
1 2 8 0 67000 2
1 2 15 3 67000 2
1 2 14 8 67000 2
1 2 12 1 67000 2
1 2 11 1 67000 2
1 2 10 7 67000 2
1 2 9 9 67000 2
1 2 6 4 67000 2
1 2 6 6 67000 2
1 2 5 8 67000 2
1 2 5 0 67000 2
1 2 4 3 67000 2
1 2 2 5 67000 2
1 2 6 9 67000 2
1 2 0 4 67000 2
1 2 15 2 67500 2
1 2 11 6 67500 2
1 2 12 6 67500 2
1 2 12 7 67500 2
1 2 12 8 67500 2
1 2 14 2 67500 2
1 2 14 1 67500 2
1 2 15 2 67500 2
1 2 6 6 67500 2
1 2 10 1 67500 2
1 2 10 1 67500 2
1 2 8 7 67500 2
1 2 6 1 67500 2
1 2 5 0 67500 2
1 2 4 3 67500 2
1 2 3 7 67500 2
1 2 11 9 67500 2
1 2 11 3 68000 2
1 2 15 3 68000 2
1 2 13 2 68000 2
1 2 13 8 68000 2
1 2 14 0 68000 2
1 2 14 1 68000 2
1 2 14 2 68000 2
1 2 15 7 68000 2
1 2 15 1 68000 2
1 2 15 1 68000 2
1 2 0 8 68000 2
1 2 11 6 68000 2
1 2 0 3 68000 2
1 2 3 6 68000 2
1 2 3 4 68000 2
1 2 3 0 68000 2
1 2 5 9 68000 2
1 2 5 9 68000 2
1 2 5 3 68000 2
1 2 6 6 68000 2
1 2 7 4 68000 2
1 2 5 6 68500 2
1 2 13 1 68500 2
1 2 9 7 68500 2
1 2 9 2 68500 2
1 2 9 5 68500 2
1 2 8 7 68500 2
1 2 6 8 68500 2
1 2 5 3 68500 2
1 2 5 8 68500 2
1 2 4 6 68500 2
1 2 4 3 68500 2
1 2 1 0 68500 2
1 2 0 8 68500 2
1 2 15 2 69000 2
1 2 15 6 69000 2
1 2 14 1 69000 2
1 2 12 1 69000 2
1 2 4 3 69000 2
1 2 12 2 69000 2
1 2 10 6 69000 2
1 2 8 7 69000 2
1 2 7 4 69000 2
1 2 7 5 69000 2
1 2 6 6 69000 2
1 2 6 1 69000 2
1 2 0 6 69000 2
1 2 1 2 69000 2
1 2 3 3 69000 2
1 2 3 7 69000 2
1 2 4 9 69000 2
1 2 5 1 69000 2
1 2 5 5 69000 2
1 2 5 1 69000 2
1 2 9 6 69500 2
1 2 15 5 69500 2
1 2 15 2 69500 2
1 2 15 5 69500 2
1 2 14 9 69500 2
1 2 14 7 69500 2
1 2 12 2 69500 2
1 2 10 9 69500 2
1 2 5 2 69500 2
1 2 5 2 69500 2
1 2 3 4 69500 2
1 2 3 8 69500 2
1 2 1 3 69500 2
1 2 0 5 69500 2
1 2 10 9 70000 2
1 2 15 1 70000 2
1 2 15 9 70000 2
1 2 15 3 70000 2
1 2 14 8 70000 2
1 2 12 6 70000 2
1 2 11 5 70000 2
1 2 10 6 70000 2
1 2 10 6 70000 2
1 2 8 6 70000 2
1 2 7 1 70000 2
1 2 7 6 70000 2
1 2 5 4 70000 2
1 2 4 5 70000 2
1 2 2 9 70000 2
1 2 0 8 70000 2
1 2 5 2 70500 2
1 2 15 3 70500 2
1 2 12 2 70500 2
1 2 7 8 70500 2
1 2 7 6 70500 2
1 2 6 9 70500 2
1 2 6 7 70500 2
1 2 6 0 70500 2
1 2 6 5 70500 2
1 2 5 1 70500 2
1 2 5 1 70500 2
1 2 5 9 70500 2
1 2 1 1 70500 2
1 2 0 3 70500 2
1 2 0 2 70500 2
1 2 10 1 71000 2
1 2 11 6 71000 2
1 2 11 8 71000 2
1 2 12 6 71000 2
1 2 13 4 71000 2
1 2 14 4 71000 2
1 2 6 5 71000 2
1 2 7 9 71000 2
1 2 0 5 71000 2
1 2 5 1 71000 2
1 2 0 1 71000 2
1 2 0 7 71000 2
1 2 7 2 71000 2
1 2 11 6 71500 2
1 2 15 3 71500 2
1 2 15 5 71500 2
1 2 12 6 71500 2
1 2 12 7 71500 2
1 2 10 9 71500 2
1 2 9 9 71500 2
1 2 8 7 71500 2
1 2 7 2 71500 2
1 2 5 5 71500 2
1 2 4 8 71500 2
1 2 0 3 71500 2
1 2 11 2 72000 2
1 2 14 9 72000 2
1 2 13 5 72000 2
1 2 13 9 72000 2
1 2 12 8 72000 2
1 2 12 6 72000 2
1 2 11 2 72000 2
1 2 9 5 72000 2
1 2 8 7 72000 2
1 2 8 1 72000 2
1 2 7 4 72000 2
1 2 7 2 72000 2
1 2 6 9 72000 2
1 2 6 5 72000 2
1 2 0 8 72000 2
1 2 0 1 72000 2
1 2 8 7 72000 2
1 2 10 5 72500 2
1 2 15 0 72500 2
1 2 14 1 72500 2
1 2 14 9 72500 2
1 2 13 3 72500 2
1 2 12 8 72500 2
1 2 11 0 72500 2
1 2 10 1 72500 2
1 2 5 7 72500 2
1 2 5 1 72500 2
1 2 3 8 72500 2
1 2 1 7 72500 2
1 2 0 3 72500 2
1 2 0 7 72500 2
1 2 3 3 73000 2
1 2 15 7 73000 2
1 2 12 6 73000 2
1 2 11 0 73000 2
1 2 11 4 73000 2
1 2 10 5 73000 2
1 2 9 0 73000 2
1 2 9 2 73000 2
1 2 7 5 73000 2
1 2 5 6 73000 2
1 2 5 1 73000 2
1 2 5 7 73000 2
1 2 4 6 73000 2
1 2 1 3 73000 2
1 2 7 7 73000 2
1 2 5 8 73500 2
1 2 15 2 73500 2
1 2 15 1 73500 2
1 2 10 6 73500 2
1 2 10 5 73500 2
1 2 8 7 73500 2
1 2 6 5 73500 2
1 2 5 2 73500 2
1 2 5 8 73500 2
1 2 4 7 73500 2
1 2 0 0 73500 2
1 2 0 3 73500 2
1 2 1 3 73500 2
1 2 1 7 73500 2
1 2 1 7 73500 2
1 2 3 3 73500 2
1 2 3 2 73500 2
1 2 3 4 73500 2
1 2 4 8 73500 2
1 2 3 7 74000 2
1 2 15 6 74000 2
1 2 15 8 74000 2
1 2 14 1 74000 2
1 2 14 1 74000 2
1 2 14 9 74000 2
1 2 14 9 74000 2
1 2 13 9 74000 2
1 2 12 2 74000 2
1 2 10 9 74000 2
1 2 10 9 74000 2
1 2 9 6 74000 2
1 2 8 9 74000 2
1 2 7 8 74000 2
1 2 7 1 74000 2
1 2 7 0 74000 2
1 2 5 8 74000 2
1 2 4 8 74000 2
1 2 4 3 74000 2
1 2 10 5 74000 2
1 2 3 8 74000 2
1 2 1 7 74000 2
1 2 9 1 74500 2
1 2 10 7 74500 2
1 2 10 6 74500 2
1 2 14 7 74500 2
1 2 14 9 74500 2
1 2 14 9 74500 2
1 2 15 4 74500 2
1 2 4 1 74500 2
1 2 5 8 74500 2
1 2 3 3 74500 2
1 2 3 0 74500 2
1 2 1 4 74500 2
1 2 0 7 74500 2
1 2 0 2 74500 2
1 2 5 8 74500 2
1 2 11 7 75000 2
1 2 15 2 75000 2
1 2 15 2 75000 2
1 2 14 0 75000 2
1 2 14 4 75000 2
1 2 13 3 75000 2
1 2 13 2 75000 2
1 2 11 4 75000 2
1 2 10 3 75000 2
1 2 7 2 75000 2
1 2 6 4 75000 2
1 2 6 3 75000 2
1 2 6 5 75000 2
1 2 5 7 75000 2
1 2 4 8 75000 2
1 2 3 0 75000 2
1 2 2 2 75000 2
1 2 0 8 75000 2
1 2 7 4 75500 2
1 2 11 1 75500 2
1 2 12 8 75500 2
1 2 13 6 75500 2
1 2 14 9 75500 2
1 2 15 0 75500 2
1 2 15 6 75500 2
1 2 15 6 75500 2
1 2 0 7 75500 2
1 2 7 9 75500 2
1 2 6 9 75500 2
1 2 6 5 75500 2
1 2 6 5 75500 2
1 2 4 2 75500 2
1 2 3 4 75500 2
1 2 3 1 75500 2
1 2 2 7 75500 2
1 2 0 7 75500 2
1 2 15 6 76000 2
1 2 15 2 76000 2
1 2 14 8 76000 2
1 2 12 4 76000 2
1 2 9 5 76000 2
1 2 9 5 76000 2
1 2 8 8 76000 2
1 2 6 2 76000 2
1 2 4 3 76000 2
1 2 4 4 76000 2
1 2 3 3 76000 2
1 2 2 7 76000 2
1 2 1 2 76000 2
1 2 7 0 76000 2
1 2 11 1 76500 2
1 2 12 7 76500 2
1 2 12 8 76500 2
1 2 13 8 76500 2
1 2 13 5 76500 2
1 2 14 7 76500 2
1 2 14 5 76500 2
1 2 14 2 76500 2
1 2 15 8 76500 2
1 2 15 7 76500 2
1 2 9 2 76500 2
1 2 9 1 76500 2
1 2 7 4 76500 2
1 2 5 1 76500 2
1 2 4 7 76500 2
1 2 3 6 76500 2
1 2 2 6 76500 2
1 2 1 1 76500 2
1 2 0 1 76500 2
1 2 0 4 76500 2
1 2 7 9 77000 2
1 2 7 8 77000 2
1 2 7 2 77000 2
1 2 9 5 77000 2
1 2 9 2 77000 2
1 2 11 4 77000 2
1 2 13 5 77000 2
1 2 14 2 77000 2
1 2 4 2 77000 2
1 2 6 6 77000 2
1 2 6 8 77000 2
1 2 5 4 77000 2
1 2 5 3 77000 2
1 2 0 4 77000 2
1 2 3 1 77000 2
1 2 0 1 77000 2
1 2 6 1 77000 2
1 2 5 6 77500 2
1 2 13 6 77500 2
1 2 12 8 77500 2
1 2 11 3 77500 2
1 2 5 2 77500 2
1 2 3 5 77500 2
1 2 1 5 77500 2
1 2 1 9 77500 2
1 2 0 9 77500 2
1 2 1 5 78000 2
1 2 15 0 78000 2
1 2 15 3 78000 2
1 2 14 9 78000 2
1 2 14 1 78000 2
1 2 12 8 78000 2
1 2 10 9 78000 2
1 2 9 0 78000 2
1 2 4 2 78000 2
1 2 6 1 78000 2
1 2 0 4 78000 2
1 2 0 8 78000 2
1 2 0 4 78000 2
1 2 2 2 78000 2
1 2 3 8 78000 2
1 2 3 3 78000 2
1 2 15 6 78500 2
1 2 15 4 78500 2
1 2 14 3 78500 2
1 2 14 4 78500 2
1 2 13 1 78500 2
1 2 13 2 78500 2
1 2 12 8 78500 2
1 2 11 8 78500 2
1 2 9 7 78500 2
1 2 7 8 78500 2
1 2 7 7 78500 2
1 2 7 6 78500 2
1 2 5 9 78500 2
1 2 4 3 78500 2
1 2 3 7 78500 2
1 2 2 6 78500 2
1 2 1 7 78500 2
1 2 0 1 78500 2
1 2 8 9 78500 2
1 2 11 2 79000 2
1 2 7 7 79000 2
1 2 12 2 79000 2
1 2 12 8 79000 2
1 2 12 6 79000 2
1 2 13 2 79000 2
1 2 14 1 79000 2
1 2 14 4 79000 2
1 2 15 7 79000 2
1 2 15 2 79000 2
1 2 10 9 79000 2
1 2 7 8 79000 2
1 2 5 4 79000 2
1 2 4 4 79000 2
1 2 3 5 79000 2
1 2 3 4 79000 2
1 2 1 5 79000 2
1 2 0 8 79000 2
1 2 0 1 79000 2
1 2 15 1 79500 2
1 2 15 8 79500 2
1 2 15 2 79500 2
1 2 15 6 79500 2
1 2 14 4 79500 2
1 2 11 2 79500 2
1 2 5 4 79500 2
1 2 5 8 79500 2
1 2 1 1 79500 2
1 2 0 1 79500 2
1 2 0 0 79500 2
1 2 6 5 79500 2
1 2 11 8 80000 2
1 2 15 2 80000 2
1 2 15 7 80000 2
1 2 14 9 80000 2
1 2 14 2 80000 2
1 2 14 1 80000 2
1 2 12 1 80000 2
1 2 12 6 80000 2
1 2 12 1 80000 2
1 2 8 1 80000 2
1 2 8 0 80000 2
1 2 6 1 80000 2
1 2 6 6 80000 2
1 2 6 3 80000 2
1 2 5 3 80000 2
1 2 4 2 80000 2
1 2 3 6 80000 2
1 2 0 2 80000 2
1 2 10 8 80500 2
1 2 15 2 80500 2
1 2 15 1 80500 2
1 2 14 9 80500 2
1 2 11 1 80500 2
1 2 10 5 80500 2
1 2 10 3 80500 2
1 2 9 2 80500 2
1 2 6 3 80500 2
1 2 6 6 80500 2
1 2 4 8 80500 2
1 2 3 0 80500 2
1 2 1 5 80500 2
1 2 0 4 80500 2
1 2 4 2 81000 2
1 2 14 9 81000 2
1 2 10 1 81000 2
1 2 10 7 81000 2
1 2 8 5 81000 2
1 2 7 1 81000 2
1 2 7 5 81000 2
1 2 6 3 81000 2
1 2 6 1 81000 2
1 2 5 6 81000 2
1 2 4 3 81000 2
1 2 1 5 81000 2
1 2 1 7 81000 2
1 2 1 9 81000 2
1 2 1 5 81000 2
1 2 0 2 81000 2
1 2 0 5 81000 2
1 2 0 3 81000 2
1 2 11 6 81500 2
1 2 12 6 81500 2
1 2 12 7 81500 2
1 2 12 2 81500 2
1 2 14 8 81500 2
1 2 14 4 81500 2
1 2 15 1 81500 2
1 2 2 9 81500 2
1 2 8 5 81500 2
1 2 11 5 81500 2
1 2 0 2 81500 2
1 2 2 2 81500 2
1 2 7 5 81500 2
1 2 7 4 81500 2
1 2 3 3 81500 2
1 2 8 7 82000 2
1 2 9 9 82000 2
1 2 8 5 82000 2
1 2 6 5 82000 2
1 2 4 1 82000 2
1 2 3 3 82000 2
1 2 2 7 82000 2
1 2 0 6 82000 2
1 2 0 5 82000 2
1 2 15 6 82500 2
1 2 15 3 82500 2
1 2 15 6 82500 2
1 2 13 8 82500 2
1 2 12 6 82500 2
1 2 9 9 82500 2
1 2 8 7 82500 2
1 2 8 1 82500 2
1 2 7 4 82500 2
1 2 6 5 82500 2
1 2 6 8 82500 2
1 2 4 3 82500 2
1 2 3 5 82500 2
1 2 1 7 82500 2
1 2 1 9 82500 2
1 2 1 2 82500 2
1 2 0 1 82500 2
1 2 0 4 82500 2
1 2 6 5 82500 2
1 2 9 9 83000 2
1 2 15 6 83000 2
1 2 14 1 83000 2
1 2 14 4 83000 2
1 2 13 2 83000 2
1 2 11 7 83000 2
1 2 10 9 83000 2
1 2 7 3 83000 2
1 2 7 1 83000 2
1 2 3 3 83000 2
1 2 0 9 83000 2
1 2 5 0 83500 2
1 2 15 1 83500 2
1 2 12 6 83500 2
1 2 12 2 83500 2
1 2 11 1 83500 2
1 2 7 2 83500 2
1 2 7 9 83500 2
1 2 5 0 83500 2
1 2 0 8 83500 2
1 2 0 2 83500 2
1 2 1 1 83500 2
1 2 2 6 83500 2
1 2 5 9 83500 2
1 2 2 6 83500 2
1 2 15 1 84000 2
1 2 15 7 84000 2
1 2 14 0 84000 2
1 2 12 6 84000 2
1 2 10 9 84000 2
1 2 6 1 84000 2
1 2 5 1 84000 2
1 2 2 2 84000 2
1 2 0 8 84000 2
1 2 0 4 84000 2
1 2 4 1 84500 2
1 2 15 5 84500 2
1 2 15 2 84500 2
1 2 13 5 84500 2
1 2 11 8 84500 2
1 2 10 2 84500 2
1 2 7 2 84500 2
1 2 7 7 84500 2
1 2 6 1 84500 2
1 2 6 3 84500 2
1 2 6 8 84500 2
1 2 6 5 84500 2
1 2 5 7 84500 2
1 2 4 2 84500 2
1 2 3 0 84500 2
1 2 1 9 84500 2
1 2 0 5 84500 2
1 2 3 7 85000 2
1 2 11 3 85000 2
1 2 6 5 85000 2
1 2 6 4 85000 2
1 2 6 2 85000 2
1 2 5 4 85000 2
1 2 5 2 85000 2
1 2 4 2 85000 2
1 2 5 1 85000 2
1 2 9 1 85500 2
1 2 15 7 85500 2
1 2 15 4 85500 2
1 2 14 8 85500 2
1 2 9 9 85500 2
1 2 7 9 85500 2
1 2 6 9 85500 2
1 2 6 3 85500 2
1 2 5 8 85500 2
1 2 4 2 85500 2
1 2 4 2 85500 2
1 2 2 6 85500 2
1 2 0 8 85500 2
1 2 1 5 86000 2
1 2 15 1 86000 2
1 2 13 2 86000 2
1 2 12 8 86000 2
1 2 12 6 86000 2
1 2 11 2 86000 2
1 2 10 9 86000 2
1 2 10 6 86000 2
1 2 10 7 86000 2
1 2 5 0 86000 2
1 2 6 5 86000 2
1 2 1 3 86000 2
1 2 1 1 86000 2
1 2 0 8 86000 2
1 2 3 8 86000 2
1 2 4 2 86000 2
1 2 5 1 86000 2
1 2 5 6 86000 2
1 2 15 1 86500 2
1 2 14 8 86500 2
1 2 12 4 86500 2
1 2 12 2 86500 2
1 2 11 3 86500 2
1 2 10 8 86500 2
1 2 9 5 86500 2
1 2 8 1 86500 2
1 2 5 9 86500 2
1 2 7 7 86500 2
1 2 1 5 86500 2
1 2 2 1 86500 2
1 2 3 6 86500 2
1 2 4 9 86500 2
1 2 4 2 86500 2
1 2 5 9 86500 2
1 2 15 2 87000 2
1 2 15 1 87000 2
1 2 15 0 87000 2
1 2 13 4 87000 2
1 2 9 2 87000 2
1 2 8 7 87000 2
1 2 7 3 87000 2
1 2 7 2 87000 2
1 2 5 7 87000 2
1 2 5 8 87000 2
1 2 3 4 87000 2
1 2 2 9 87000 2
1 2 1 7 87000 2
1 2 1 3 87000 2
1 2 0 3 87000 2
1 2 0 2 87000 2
1 2 0 5 87000 2
1 2 0 2 87500 2
1 2 14 9 87500 2
1 2 14 1 87500 2
1 2 12 8 87500 2
1 2 12 8 87500 2
1 2 6 9 87500 2
1 2 4 1 87500 2
1 2 2 2 87500 2
1 2 1 7 87500 2
1 2 0 0 87500 2
1 2 0 4 87500 2
1 2 0 3 87500 2
1 2 3 7 87500 2
1 2 10 8 88000 2
1 2 15 8 88000 2
1 2 15 7 88000 2
1 2 14 4 88000 2
1 2 13 7 88000 2
1 2 13 6 88000 2
1 2 12 8 88000 2
1 2 12 6 88000 2
1 2 8 1 88000 2
1 2 7 4 88000 2
1 2 6 1 88000 2
1 2 0 9 88000 2
1 2 0 1 88000 2
1 2 1 7 88000 2
1 2 3 4 88000 2
1 2 3 3 88000 2
1 2 4 5 88000 2
1 2 4 2 88000 2
1 2 5 6 88000 2
1 2 7 1 88000 2
1 2 0 3 88500 2
1 2 15 1 88500 2
1 2 14 1 88500 2
1 2 13 1 88500 2
1 2 13 4 88500 2
1 2 11 3 88500 2
1 2 10 8 88500 2
1 2 10 1 88500 2
1 2 10 2 88500 2
1 2 8 7 88500 2
1 2 7 7 88500 2
1 2 6 7 88500 2
1 2 5 7 88500 2
1 2 4 3 88500 2
1 2 3 5 88500 2
1 2 3 8 88500 2
1 2 3 0 88500 2
1 2 7 4 88500 2
1 2 0 3 88500 2
1 2 7 4 89000 2
1 2 10 0 89000 2
1 2 10 1 89000 2
1 2 12 8 89000 2
1 2 13 5 89000 2
1 2 14 1 89000 2
1 2 15 5 89000 2
1 2 15 9 89000 2
1 2 5 6 89000 2
1 2 6 7 89000 2
1 2 6 1 89000 2
1 2 4 3 89000 2
1 2 3 1 89000 2
1 2 1 5 89000 2
1 2 0 3 89000 2
1 2 0 2 89000 2
1 2 6 4 89000 2
1 2 7 1 89500 2
1 2 15 8 89500 2
1 2 14 2 89500 2
1 2 10 9 89500 2
1 2 10 7 89500 2
1 2 8 1 89500 2
1 2 6 5 89500 2
1 2 5 3 89500 2
1 2 4 1 89500 2
1 2 2 6 89500 2
1 2 1 9 89500 2
1 2 6 0 89500 2
1 2 0 4 89500 2
1 2 15 0 90000 2
1 2 11 6 90000 2
1 2 11 0 90000 2
1 2 11 8 90000 2
1 2 12 7 90000 2
1 2 13 3 90000 2
1 2 14 9 90000 2
1 2 14 9 90000 2
1 2 15 1 90000 2
1 2 0 3 90000 2
1 2 10 4 90000 2
1 2 10 1 90000 2
1 2 10 8 90000 2
1 2 4 1 90000 2
1 2 2 7 90000 2
1 2 1 7 90000 2
1 2 1 9 90000 2
1 2 0 5 90000 2
1 2 0 4 90000 2
1 2 11 1 90500 2
1 2 15 5 90500 2
1 2 14 7 90500 2
1 2 10 1 90500 2
1 2 10 0 90500 2
1 2 8 6 90500 2
1 2 6 1 90500 2
1 2 4 1 90500 2
1 2 5 7 90500 2
1 2 1 5 90500 2
1 2 3 4 90500 2
1 2 0 8 90500 2
1 2 4 1 90500 2
1 2 4 7 90500 2
1 2 3 2 90500 2
1 2 7 7 91000 2
1 2 15 3 91000 2
1 2 15 7 91000 2
1 2 15 0 91000 2
1 2 15 5 91000 2
1 2 12 8 91000 2
1 2 8 4 91000 2
1 2 7 9 91000 2
1 2 6 8 91000 2
1 2 6 6 91000 2
1 2 0 9 91000 2
1 2 1 9 91000 2
1 2 2 6 91000 2
1 2 3 1 91000 2
1 2 4 9 91000 2
1 2 4 1 91000 2
1 2 5 5 91000 2
1 2 6 5 91000 2
1 2 1 7 91500 2
1 2 15 4 91500 2
1 2 14 8 91500 2
1 2 14 8 91500 2
1 2 12 1 91500 2
1 2 12 8 91500 2
1 2 11 8 91500 2
1 2 10 6 91500 2
1 2 10 0 91500 2
1 2 8 1 91500 2
1 2 7 9 91500 2
1 2 5 4 91500 2
1 2 5 3 91500 2
1 2 4 2 91500 2
1 2 3 5 91500 2
1 2 0 1 91500 2
1 2 15 7 92000 2
1 2 15 6 92000 2
1 2 15 6 92000 2
1 2 15 8 92000 2
1 2 14 1 92000 2
1 2 13 8 92000 2
1 2 12 2 92000 2
1 2 11 0 92000 2
1 2 9 5 92000 2
1 2 6 5 92000 2
1 2 5 9 92000 2
1 2 4 5 92000 2
1 2 3 0 92000 2
1 2 3 4 92000 2
1 2 0 8 92000 2
1 2 10 6 92000 2
1 2 5 4 92500 2
1 2 15 6 92500 2
1 2 14 8 92500 2
1 2 12 1 92500 2
1 2 10 8 92500 2
1 2 7 1 92500 2
1 2 5 2 92500 2
1 2 4 7 92500 2
1 2 4 3 92500 2
1 2 3 8 92500 2
1 2 3 5 92500 2
1 2 3 3 92500 2
1 2 2 2 92500 2
1 2 2 6 92500 2
1 2 1 7 92500 2
1 2 7 5 93000 2
1 2 8 1 93000 2
1 2 9 8 93000 2
1 2 9 7 93000 2
1 2 10 0 93000 2
1 2 10 4 93000 2
1 2 12 1 93000 2
1 2 12 8 93000 2
1 2 13 4 93000 2
1 2 13 2 93000 2
1 2 4 8 93000 2
1 2 7 5 93000 2
1 2 5 7 93000 2
1 2 5 7 93000 2
1 2 4 9 93000 2
1 2 3 4 93000 2
1 2 3 7 93000 2
1 2 2 9 93000 2
1 2 2 8 93000 2
1 2 0 1 93000 2
1 2 0 4 93000 2
1 2 7 8 93000 2
1 2 3 2 93500 2
1 2 15 1 93500 2
1 2 15 9 93500 2
1 2 9 9 93500 2
1 2 7 1 93500 2
1 2 7 1 93500 2
1 2 6 4 93500 2
1 2 5 4 93500 2
1 2 3 4 93500 2
1 2 0 8 93500 2
1 2 14 8 94000 2
1 2 14 9 94000 2
1 2 13 5 94000 2
1 2 12 1 94000 2
1 2 10 1 94000 2
1 2 6 3 94000 2
1 2 3 2 94000 2
1 2 3 3 94000 2
1 2 0 1 94000 2
1 2 0 4 94000 2
1 2 6 1 94000 2
1 2 13 9 94500 2
1 2 15 3 94500 2
1 2 15 2 94500 2
1 2 15 8 94500 2
1 2 14 4 94500 2
1 2 13 4 94500 2
1 2 7 1 94500 2
1 2 6 3 94500 2
1 2 5 0 94500 2
1 2 5 8 94500 2
1 2 3 4 94500 2
1 2 2 2 94500 2
1 2 13 8 95000 2
1 2 15 2 95000 2
1 2 15 6 95000 2
1 2 15 5 95000 2
1 2 15 1 95000 2
1 2 14 7 95000 2
1 2 14 5 95000 2
1 2 14 4 95000 2
1 2 12 3 95000 2
1 2 11 5 95000 2
1 2 12 8 95000 2
1 2 0 2 95000 2
1 2 0 2 95000 2
1 2 8 6 95000 2
1 2 8 6 95000 2
1 2 9 5 95000 2
1 2 10 9 95000 2
1 2 11 9 95000 2
1 2 0 7 95000 2
1 2 15 6 95500 2
1 2 15 3 95500 2
1 2 12 8 95500 2
1 2 12 8 95500 2
1 2 11 3 95500 2
1 2 10 9 95500 2
1 2 7 4 95500 2
1 2 10 8 95500 2
1 2 9 3 95500 2
1 2 9 5 95500 2
1 2 5 6 95500 2
1 2 5 9 95500 2
1 2 4 1 95500 2
1 2 3 4 95500 2
1 2 0 6 95500 2
1 2 0 8 95500 2
1 2 15 7 96000 2
1 2 12 2 96000 2
1 2 12 3 96000 2
1 2 6 3 96000 2
1 2 10 5 96000 2
1 2 9 9 96000 2
1 2 8 5 96000 2
1 2 7 1 96000 2
1 2 6 8 96000 2
1 2 6 1 96000 2
1 2 5 6 96000 2
1 2 8 6 96000 2
1 2 11 9 96500 2
1 2 12 6 96500 2
1 2 11 2 96500 2
1 2 11 6 96500 2
1 2 12 6 96500 2
1 2 12 2 96500 2
1 2 13 2 96500 2
1 2 14 9 96500 2
1 2 14 0 96500 2
1 2 14 8 96500 2
1 2 15 0 96500 2
1 2 15 2 96500 2
1 2 15 6 96500 2
1 2 15 4 96500 2
1 2 11 7 96500 2
1 2 11 0 96500 2
1 2 2 6 96500 2
1 2 2 3 96500 2
1 2 3 6 96500 2
1 2 4 1 96500 2
1 2 4 8 96500 2
1 2 7 3 96500 2
1 2 8 0 96500 2
1 2 8 7 96500 2
1 2 8 2 96500 2
1 2 9 6 96500 2
1 2 9 9 96500 2
1 2 9 1 96500 2
1 2 10 6 96500 2
1 2 9 1 97000 2
1 2 10 9 97000 2
1 2 10 9 97000 2
1 2 10 4 97000 2
1 2 11 7 97000 2
1 2 11 4 97000 2
1 2 11 0 97000 2
1 2 11 2 97000 2
1 2 11 0 97000 2
1 2 11 0 97000 2
1 2 11 4 97000 2
1 2 13 3 97000 2
1 2 14 5 97000 2
1 2 14 8 97000 2
1 2 14 2 97000 2
1 2 15 4 97000 2
1 2 15 3 97000 2
1 2 15 3 97000 2
1 2 8 1 97000 2
1 2 9 6 97000 2
1 2 1 5 97000 2
1 2 2 8 97000 2
1 2 1 7 97000 2
1 2 2 8 97000 2
1 2 2 9 97000 2
1 2 3 0 97000 2
1 2 4 4 97000 2
1 2 4 8 97000 2
1 2 5 7 97000 2
1 2 5 6 97000 2
1 2 6 2 97000 2
1 2 6 9 97000 2
1 2 7 5 97000 2
1 2 8 0 97000 2
1 2 8 6 97000 2
1 2 8 9 97000 2
1 2 5 8 97000 2
1 2 10 9 97500 2
1 2 11 9 97500 2
1 2 11 0 97500 2
1 2 11 4 97500 2
1 2 12 1 97500 2
1 2 12 8 97500 2
1 2 13 6 97500 2
1 2 14 7 97500 2
1 2 14 8 97500 2
1 2 14 2 97500 2
1 2 15 2 97500 2
1 2 15 3 97500 2
1 2 15 9 97500 2
1 2 5 7 97500 2
1 2 8 9 97500 2
1 2 0 2 97500 2
1 2 0 3 97500 2
1 2 1 3 97500 2
1 2 1 6 97500 2
1 2 2 7 97500 2
1 2 3 8 97500 2
1 2 3 0 97500 2
1 2 4 0 97500 2
1 2 4 0 97500 2
1 2 4 1 97500 2
1 2 6 6 97500 2
1 2 6 0 97500 2
1 2 8 0 97500 2
1 2 11 2 98000 2
1 2 11 4 98000 2
1 2 11 0 98000 2
1 2 11 6 98000 2
1 2 12 6 98000 2
1 2 13 2 98000 2
1 2 14 7 98000 2
1 2 14 9 98000 2
1 2 14 1 98000 2
1 2 15 4 98000 2
1 2 15 9 98000 2
1 2 10 8 98000 2
1 2 10 0 98000 2
1 2 0 6 98000 2
1 2 0 9 98000 2
1 2 2 9 98000 2
1 2 3 3 98000 2
1 2 4 3 98000 2
1 2 4 4 98000 2
1 2 8 5 98000 2
1 2 8 5 98000 2
1 2 8 7 98000 2
1 2 8 2 98000 2
1 2 9 3 98000 2
1 2 10 0 98000 2
1 2 9 1 98500 2
1 2 7 5 98500 2
1 2 10 8 98500 2
1 2 10 0 98500 2
1 2 10 7 98500 2
1 2 11 1 98500 2
1 2 11 3 98500 2
1 2 11 4 98500 2
1 2 11 1 98500 2
1 2 12 2 98500 2
1 2 12 6 98500 2
1 2 14 0 98500 2
1 2 14 1 98500 2
1 2 14 0 98500 2
1 2 14 1 98500 2
1 2 15 0 98500 2
1 2 8 7 98500 2
1 2 1 2 98500 2
1 2 2 8 98500 2
1 2 2 2 98500 2
1 2 2 8 98500 2
1 2 3 0 98500 2
1 2 3 0 98500 2
1 2 3 2 98500 2
1 2 3 7 98500 2
1 2 4 1 98500 2
1 2 4 8 98500 2
1 2 6 3 98500 2
1 2 6 8 98500 2
1 2 6 8 98500 2
1 2 8 5 98500 2
1 2 9 3 98500 2
1 2 10 4 99000 2
1 2 10 4 99000 2
1 2 11 2 99000 2
1 2 11 9 99000 2
1 2 11 7 99000 2
1 2 11 2 99000 2
1 2 11 0 99000 2
1 2 11 7 99000 2
1 2 12 2 99000 2
1 2 12 8 99000 2
1 2 13 7 99000 2
1 2 13 6 99000 2
1 2 14 8 99000 2
1 2 14 0 99000 2
1 2 15 0 99000 2
1 2 10 0 99000 2
1 2 10 9 99000 2
1 2 2 5 99000 2
1 2 2 5 99000 2
1 2 3 3 99000 2
1 2 3 6 99000 2
1 2 3 8 99000 2
1 2 4 1 99000 2
1 2 4 6 99000 2
1 2 6 4 99000 2
1 2 7 5 99000 2
1 2 8 4 99000 2
1 2 8 0 99000 2
1 2 8 7 99000 2
1 2 9 8 99000 2
1 2 6 9 99000 2
1 2 10 6 99500 2
1 2 11 7 99500 2
1 2 11 0 99500 2
1 2 11 2 99500 2
1 2 11 3 99500 2
1 2 13 8 99500 2
1 2 14 4 99500 2
1 2 14 8 99500 2
1 2 14 2 99500 2
1 2 15 0 99500 2
1 2 15 2 99500 2
1 2 15 9 99500 2
1 2 9 6 99500 2
1 2 8 9 99500 2
1 2 0 5 99500 2
1 2 0 1 99500 2
1 2 2 0 99500 2
1 2 3 4 99500 2
1 2 4 1 99500 2
1 2 4 6 99500 2
1 2 4 6 99500 2
1 2 5 6 99500 2
1 2 6 9 99500 2
1 2 7 9 99500 2
1 2 8 7 99500 2
1 2 8 7 99500 2
1 2 9 4 100000 2
1 2 10 9 100000 2
1 2 9 0 100000 2
1 2 11 9 100000 2
1 2 11 1 100000 2
1 2 11 0 100000 2
1 2 12 6 100000 2
1 2 13 8 100000 2
1 2 13 7 100000 2
1 2 14 4 100000 2
1 2 14 6 100000 2
1 2 14 8 100000 2
1 2 15 6 100000 2
1 2 15 7 100000 2
1 2 15 9 100000 2
1 2 8 7 100000 2
1 2 8 2 100000 2
1 2 1 2 100000 2
1 2 2 5 100000 2
1 2 2 6 100000 2
1 2 2 9 100000 2
1 2 3 7 100000 2
1 2 3 0 100000 2
1 2 4 1 100000 2
1 2 5 3 100000 2
1 2 5 4 100000 2
1 2 6 8 100000 2
1 2 8 0 100000 2
1 2 8 2 100000 2
1 2 0 2 100000 2
1 2 8 7 100000 2
1 2 8 1 100500 2
1 2 9 3 100500 2
1 2 10 0 100500 2
1 2 10 7 100500 2
1 2 11 7 100500 2
1 2 11 0 100500 2
1 2 11 7 100500 2
1 2 11 3 100500 2
1 2 11 0 100500 2
1 2 13 7 100500 2
1 2 13 2 100500 2
1 2 13 9 100500 2
1 2 14 4 100500 2
1 2 14 8 100500 2
1 2 15 0 100500 2
1 2 15 2 100500 2
1 2 15 4 100500 2
1 2 8 9 100500 2
1 2 0 5 100500 2
1 2 1 0 100500 2
1 2 2 8 100500 2
1 2 2 9 100500 2
1 2 3 4 100500 2
1 2 3 8 100500 2
1 2 4 7 100500 2
1 2 4 8 100500 2
1 2 5 4 100500 2
1 2 5 2 100500 2
1 2 6 3 100500 2
1 2 7 9 100500 2
1 2 8 0 100500 2
1 2 8 6 100500 2
1 2 9 0 100500 2
1 2 5 6 100500 2
1 2 8 4 101000 2
1 2 8 2 101000 2
1 2 9 0 101000 2
1 2 9 1 101000 2
1 2 11 8 101000 2
1 2 5 7 101000 2
1 2 11 7 101000 2
1 2 11 3 101000 2
1 2 11 4 101000 2
1 2 13 8 101000 2
1 2 14 4 101000 2
1 2 15 8 101000 2
1 2 15 6 101000 2
1 2 7 9 101000 2
1 2 7 9 101000 2
1 2 0 0 101000 2
1 2 1 9 101000 2
1 2 1 9 101000 2
1 2 1 3 101000 2
1 2 3 4 101000 2
1 2 4 1 101000 2
1 2 5 2 101000 2
1 2 6 8 101000 2
1 2 6 7 101000 2
1 2 7 2 101000 2
1 2 3 7 101000 2
1 2 9 4 101500 2
1 2 11 0 101500 2
1 2 10 6 101500 2
1 2 10 7 101500 2
1 2 11 1 101500 2
1 2 11 0 101500 2
1 2 13 3 101500 2
1 2 14 5 101500 2
1 2 14 9 101500 2
1 2 14 7 101500 2
1 2 15 1 101500 2
1 2 2 5 101500 2
1 2 0 4 101500 2
1 2 1 0 101500 2
1 2 3 3 101500 2
1 2 4 1 101500 2
1 2 4 4 101500 2
1 2 5 0 101500 2
1 2 9 6 101500 2
1 2 5 9 101500 2
1 2 7 0 101500 2
1 2 8 1 101500 2
1 2 11 9 102000 2
1 2 11 9 102000 2
1 2 11 3 102000 2
1 2 11 0 102000 2
1 2 12 8 102000 2
1 2 13 3 102000 2
1 2 13 5 102000 2
1 2 14 9 102000 2
1 2 14 6 102000 2
1 2 14 8 102000 2
1 2 14 2 102000 2
1 2 15 8 102000 2
1 2 15 1 102000 2
1 2 15 9 102000 2
1 2 14 2 102000 2
1 2 10 9 102000 2
1 2 11 2 102000 2
1 2 0 9 102000 2
1 2 1 0 102000 2
1 2 2 5 102000 2
1 2 3 4 102000 2
1 2 3 0 102000 2
1 2 3 4 102000 2
1 2 4 7 102000 2
1 2 7 7 102000 2
1 2 7 4 102000 2
1 2 8 1 102000 2
1 2 8 3 102000 2
1 2 9 1 102000 2
1 2 10 8 102000 2
1 2 4 0 102000 2
1 2 7 1 102500 2
1 2 8 7 102500 2
1 2 8 8 102500 2
1 2 9 1 102500 2
1 2 10 8 102500 2
1 2 11 5 102500 2
1 2 11 8 102500 2
1 2 11 3 102500 2
1 2 11 4 102500 2
1 2 12 6 102500 2
1 2 13 6 102500 2
1 2 14 4 102500 2
1 2 14 2 102500 2
1 2 15 8 102500 2
1 2 15 6 102500 2
1 2 15 4 102500 2
1 2 5 9 102500 2
1 2 5 2 102500 2
1 2 0 6 102500 2
1 2 0 3 102500 2
1 2 1 0 102500 2
1 2 1 5 102500 2
1 2 2 2 102500 2
1 2 3 4 102500 2
1 2 3 5 102500 2
1 2 4 2 102500 2
1 2 4 1 102500 2
1 2 4 6 102500 2
1 2 4 0 102500 2
1 2 5 6 102500 2
1 2 5 2 102500 2
1 2 8 7 103000 2
1 2 8 6 103000 2
1 2 11 7 103000 2
1 2 11 0 103000 2
1 2 11 1 103000 2
1 2 11 4 103000 2
1 2 12 9 103000 2
1 2 12 4 103000 2
1 2 13 3 103000 2
1 2 13 9 103000 2
1 2 13 3 103000 2
1 2 14 8 103000 2
1 2 14 8 103000 2
1 2 15 1 103000 2
1 2 15 9 103000 2
1 2 7 5 103000 2
1 2 8 9 103000 2
1 2 1 7 103000 2
1 2 1 9 103000 2
1 2 1 8 103000 2
1 2 1 5 103000 2
1 2 3 6 103000 2
1 2 3 1 103000 2
1 2 3 0 103000 2
1 2 3 9 103000 2
1 2 4 0 103000 2
1 2 4 5 103000 2
1 2 4 6 103000 2
1 2 4 6 103000 2
1 2 5 7 103000 2
1 2 3 9 103000 2
1 2 10 7 103500 2
1 2 10 6 103500 2
1 2 11 0 103500 2
1 2 11 5 103500 2
1 2 11 5 103500 2
1 2 11 0 103500 2
1 2 11 7 103500 2
1 2 12 6 103500 2
1 2 13 8 103500 2
1 2 14 0 103500 2
1 2 14 0 103500 2
1 2 15 0 103500 2
1 2 9 6 103500 2
1 2 9 6 103500 2
1 2 0 8 103500 2
1 2 2 2 103500 2
1 2 3 0 103500 2
1 2 3 8 103500 2
1 2 4 1 103500 2
1 2 4 8 103500 2
1 2 6 0 103500 2
1 2 7 9 103500 2
1 2 8 1 103500 2
1 2 8 5 103500 2
1 2 9 4 103500 2
1 2 10 8 104000 2
1 2 10 0 104000 2
1 2 8 0 104000 2
1 2 11 7 104000 2
1 2 12 8 104000 2
1 2 14 7 104000 2
1 2 14 9 104000 2
1 2 14 3 104000 2
1 2 15 0 104000 2
1 2 15 2 104000 2
1 2 15 9 104000 2
1 2 11 0 104000 2
1 2 6 3 104000 2
1 2 6 3 104000 2
1 2 2 1 104000 2
1 2 2 2 104000 2
1 2 2 7 104000 2
1 2 3 3 104000 2
1 2 3 4 104000 2
1 2 3 8 104000 2
1 2 4 1 104000 2
1 2 4 4 104000 2
1 2 4 2 104000 2
1 2 5 8 104000 2
1 2 5 9 104000 2
1 2 9 6 104500 2
1 2 8 7 104500 2
1 2 8 9 104500 2
1 2 9 1 104500 2
1 2 10 3 104500 2
1 2 10 7 104500 2
1 2 11 9 104500 2
1 2 11 0 104500 2
1 2 11 0 104500 2
1 2 12 6 104500 2
1 2 12 6 104500 2
1 2 13 6 104500 2
1 2 13 6 104500 2
1 2 14 0 104500 2
1 2 14 8 104500 2
1 2 15 6 104500 2
1 2 7 9 104500 2
1 2 8 4 104500 2
1 2 0 3 104500 2
1 2 1 8 104500 2
1 2 2 2 104500 2
1 2 2 9 104500 2
1 2 3 6 104500 2
1 2 3 1 104500 2
1 2 3 3 104500 2
1 2 3 3 104500 2
1 2 4 1 104500 2
1 2 4 2 104500 2
1 2 5 7 104500 2
1 2 5 4 104500 2
1 2 6 7 104500 2
1 2 7 5 104500 2
1 2 8 2 105000 2
1 2 10 0 105000 2
1 2 11 9 105000 2
1 2 11 4 105000 2
1 2 11 7 105000 2
1 2 11 8 105000 2
1 2 11 7 105000 2
1 2 12 2 105000 2
1 2 12 8 105000 2
1 2 12 4 105000 2
1 2 13 3 105000 2
1 2 13 5 105000 2
1 2 13 5 105000 2
1 2 14 7 105000 2
1 2 15 0 105000 2
1 2 15 0 105000 2
1 2 15 1 105000 2
1 2 8 0 105000 2
1 2 8 1 105000 2
1 2 0 6 105000 2
1 2 1 7 105000 2
1 2 2 8 105000 2
1 2 3 4 105000 2
1 2 3 7 105000 2
1 2 3 6 105000 2
1 2 3 4 105000 2
1 2 4 2 105000 2
1 2 5 3 105000 2
1 2 5 1 105000 2
1 2 5 2 105000 2
1 2 5 0 105000 2
1 2 6 3 105000 2
1 2 7 2 105000 2
1 2 4 7 105000 2
1 2 9 6 105500 2
1 2 9 5 105500 2
1 2 10 9 105500 2
1 2 10 6 105500 2
1 2 11 7 105500 2
1 2 11 4 105500 2
1 2 12 4 105500 2
1 2 14 7 105500 2
1 2 14 0 105500 2
1 2 14 1 105500 2
1 2 15 8 105500 2
1 2 15 8 105500 2
1 2 15 9 105500 2
1 2 8 7 105500 2
1 2 3 8 105500 2
1 2 6 0 105500 2
1 2 0 3 105500 2
1 2 0 0 105500 2
1 2 1 8 105500 2
1 2 2 5 105500 2
1 2 2 7 105500 2
1 2 2 3 105500 2
1 2 3 7 105500 2
1 2 3 4 105500 2
1 2 3 3 105500 2
1 2 4 4 105500 2
1 2 4 6 105500 2
1 2 4 2 105500 2
1 2 5 8 105500 2
1 2 11 0 106000 2
1 2 11 1 106000 2
1 2 12 6 106000 2
1 2 11 0 106000 2
1 2 15 8 106000 2
1 2 11 4 106000 2
1 2 11 7 106000 2
1 2 10 6 106000 2
1 2 10 7 106000 2
1 2 12 4 106000 2
1 2 13 2 106000 2
1 2 14 0 106000 2
1 2 14 7 106000 2
1 2 14 0 106000 2
1 2 14 5 106000 2
1 2 15 0 106000 2
1 2 15 4 106000 2
1 2 8 1 106000 2
1 2 9 3 106000 2
1 2 9 4 106000 2
1 2 2 3 106000 2
1 2 3 8 106000 2
1 2 4 7 106000 2
1 2 4 1 106000 2
1 2 4 4 106000 2
1 2 5 2 106000 2
1 2 5 6 106000 2
1 2 6 3 106000 2
1 2 7 8 106000 2
1 2 8 7 106000 2
1 2 8 7 106000 2
1 2 8 9 106000 2
1 2 1 0 106000 2
1 2 9 6 106000 2
1 2 9 0 106000 2
1 2 7 5 106000 2
1 2 8 1 106500 2
1 2 6 0 106500 2
1 2 8 2 106500 2
1 2 8 3 106500 2
1 2 11 0 106500 2
1 2 11 0 106500 2
1 2 11 3 106500 2
1 2 12 6 106500 2
1 2 13 6 106500 2
1 2 13 5 106500 2
1 2 14 5 106500 2
1 2 15 9 106500 2
1 2 6 0 106500 2
1 2 7 6 106500 2
1 2 0 3 106500 2
1 2 2 0 106500 2
1 2 2 2 106500 2
1 2 2 6 106500 2
1 2 3 3 106500 2
1 2 4 5 106500 2
1 2 4 1 106500 2
1 2 5 7 106500 2
1 2 5 2 106500 2
1 2 6 2 106500 2
1 2 10 6 107000 2
1 2 11 9 107000 2
1 2 11 0 107000 2
1 2 11 4 107000 2
1 2 12 6 107000 2
1 2 12 2 107000 2
1 2 14 3 107000 2
1 2 14 4 107000 2
1 2 14 8 107000 2
1 2 14 7 107000 2
1 2 14 8 107000 2
1 2 15 0 107000 2
1 2 15 9 107000 2
1 2 10 0 107000 2
1 2 9 4 107000 2
1 2 0 1 107000 2
1 2 0 6 107000 2
1 2 1 7 107000 2
1 2 1 2 107000 2
1 2 3 0 107000 2
1 2 4 6 107000 2
1 2 4 7 107000 2
1 2 6 1 107000 2
1 2 7 0 107000 2
1 2 8 9 107000 2
1 2 8 9 107000 2
1 2 9 5 107000 2
1 2 9 1 107000 2
1 2 4 4 107000 2
1 2 8 4 107500 2
1 2 9 6 107500 2
1 2 10 6 107500 2
1 2 11 3 107500 2
1 2 11 4 107500 2
1 2 11 7 107500 2
1 2 12 6 107500 2
1 2 13 6 107500 2
1 2 14 7 107500 2
1 2 14 8 107500 2
1 2 14 2 107500 2
1 2 15 6 107500 2
1 2 6 9 107500 2
1 2 6 1 107500 2
1 2 0 7 107500 2
1 2 1 0 107500 2
1 2 3 7 107500 2
1 2 3 0 107500 2
1 2 4 2 107500 2
1 2 4 1 107500 2
1 2 4 5 107500 2
1 2 4 4 107500 2
1 2 5 7 107500 2
1 2 5 0 107500 2
1 2 6 5 107500 2
1 2 10 0 108000 2
1 2 11 2 108000 2
1 2 10 5 108000 2
1 2 11 5 108000 2
1 2 11 0 108000 2
1 2 11 4 108000 2
1 2 12 6 108000 2
1 2 13 4 108000 2
1 2 14 5 108000 2
1 2 14 4 108000 2
1 2 14 8 108000 2
1 2 14 0 108000 2
1 2 15 2 108000 2
1 2 15 9 108000 2
1 2 8 4 108000 2
1 2 9 4 108000 2
1 2 2 5 108000 2
1 2 4 1 108000 2
1 2 4 0 108000 2
1 2 4 0 108000 2
1 2 5 5 108000 2
1 2 5 9 108000 2
1 2 5 4 108000 2
1 2 6 4 108000 2
1 2 8 7 108000 2
1 2 8 4 108000 2
1 2 2 0 108000 2
1 2 8 7 108000 2
1 2 5 2 108500 2
1 2 9 5 108500 2
1 2 9 2 108500 2
1 2 9 4 108500 2
1 2 10 0 108500 2
1 2 11 5 108500 2
1 2 11 8 108500 2
1 2 11 4 108500 2
1 2 11 7 108500 2
1 2 11 0 108500 2
1 2 11 4 108500 2
1 2 12 0 108500 2
1 2 13 6 108500 2
1 2 14 5 108500 2
1 2 14 0 108500 2
1 2 14 8 108500 2
1 2 14 2 108500 2
1 2 15 5 108500 2
1 2 15 3 108500 2
1 2 15 9 108500 2
1 2 6 3 108500 2
1 2 0 7 108500 2
1 2 0 3 108500 2
1 2 0 1 108500 2
1 2 1 7 108500 2
1 2 1 0 108500 2
1 2 2 8 108500 2
1 2 2 1 108500 2
1 2 3 4 108500 2
1 2 3 3 108500 2
1 2 3 3 108500 2
1 2 4 5 108500 2
1 2 4 4 108500 2
1 2 4 6 108500 2
1 2 4 0 108500 2
1 2 5 6 108500 2
1 2 5 7 108500 2
1 2 5 2 108500 2
1 2 8 5 108500 2
1 2 9 2 109000 2
1 2 10 9 109000 2
1 2 10 6 109000 2
1 2 10 7 109000 2
1 2 11 7 109000 2
1 2 11 2 109000 2
1 2 12 2 109000 2
1 2 12 6 109000 2
1 2 12 4 109000 2
1 2 14 0 109000 2
1 2 14 8 109000 2
1 2 15 0 109000 2
1 2 15 1 109000 2
1 2 15 4 109000 2
1 2 1 8 109000 2
1 2 8 0 109000 2
1 2 8 7 109000 2
1 2 0 2 109000 2
1 2 1 0 109000 2
1 2 0 6 109000 2
1 2 3 3 109000 2
1 2 4 1 109000 2
1 2 4 2 109000 2
1 2 5 5 109000 2
1 2 5 3 109000 2
1 2 5 4 109000 2
1 2 5 0 109000 2
1 2 6 1 109000 2
1 2 4 0 109000 2
1 2 10 8 109500 2
1 2 10 6 109500 2
1 2 11 5 109500 2
1 2 11 7 109500 2
1 2 11 2 109500 2
1 2 12 6 109500 2
1 2 13 8 109500 2
1 2 13 5 109500 2
1 2 14 9 109500 2
1 2 14 0 109500 2
1 2 15 0 109500 2
1 2 15 2 109500 2
1 2 15 0 109500 2
1 2 15 6 109500 2
1 2 10 5 109500 2
1 2 4 8 109500 2
1 2 9 2 109500 2
1 2 1 7 109500 2
1 2 1 5 109500 2
1 2 2 3 109500 2
1 2 2 7 109500 2
1 2 3 6 109500 2
1 2 3 3 109500 2
1 2 4 1 109500 2
1 2 4 2 109500 2
1 2 6 6 109500 2
1 2 8 7 109500 2
1 2 8 2 109500 2
1 2 9 0 109500 2
1 2 9 1 109500 2
1 2 9 3 110000 2
1 2 9 9 110000 2
1 2 10 4 110000 2
1 2 10 9 110000 2
1 2 15 9 110000 2
1 2 9 6 110000 2
1 2 8 7 110000 2
1 2 8 4 110000 2
1 2 8 1 110000 2
1 2 11 9 110000 2
1 2 11 4 110000 2
1 2 13 2 110000 2
1 2 14 0 110000 2
1 2 14 0 110000 2
1 2 15 0 110000 2
1 2 15 5 110000 2
1 2 2 8 110000 2
1 2 6 1 110000 2
1 2 0 1 110000 2
1 2 0 8 110000 2
1 2 0 1 110000 2
1 2 2 8 110000 2
1 2 2 9 110000 2
1 2 2 6 110000 2
1 2 3 4 110000 2
1 2 3 7 110000 2
1 2 4 6 110000 2
1 2 4 2 110000 2
1 2 4 3 110000 2
1 2 4 7 110000 2
1 2 3 0 110000 2
1 2 4 2 110000 2
1 2 5 5 110000 2
1 2 6 1 110000 2
1 2 11 2 110500 2
1 2 11 2 110500 2
1 2 11 9 110500 2
1 2 11 7 110500 2
1 2 11 7 110500 2
1 2 12 5 110500 2
1 2 13 2 110500 2
1 2 13 3 110500 2
1 2 13 2 110500 2
1 2 14 5 110500 2
1 2 14 0 110500 2
1 2 14 5 110500 2
1 2 14 5 110500 2
1 2 15 0 110500 2
1 2 15 9 110500 2
1 2 15 1 110500 2
1 2 9 1 110500 2
1 2 9 5 110500 2
1 2 1 5 110500 2
1 2 2 3 110500 2
1 2 2 9 110500 2
1 2 3 4 110500 2
1 2 4 6 110500 2
1 2 4 6 110500 2
1 2 4 6 110500 2
1 2 8 5 110500 2
1 2 8 7 110500 2
1 2 8 9 110500 2
1 2 8 2 110500 2
1 2 8 8 110500 2
1 2 8 3 110500 2
1 2 9 6 110500 2
1 2 6 8 110500 2
1 2 10 6 111000 2
1 2 10 6 111000 2
1 2 11 5 111000 2
1 2 11 2 111000 2
1 2 11 1 111000 2
1 2 11 0 111000 2
1 2 12 8 111000 2
1 2 14 9 111000 2
1 2 14 0 111000 2
1 2 14 7 111000 2
1 2 15 0 111000 2
1 2 15 8 111000 2
1 2 15 4 111000 2
1 2 8 7 111000 2
1 2 8 7 111000 2
1 2 8 5 111000 2
1 2 7 6 111000 2
1 2 7 9 111000 2
1 2 6 9 111000 2
1 2 6 4 111000 2
1 2 6 8 111000 2
1 2 5 9 111000 2
1 2 4 4 111000 2
1 2 4 3 111000 2
1 2 4 1 111000 2
1 2 3 7 111000 2
1 2 1 0 111000 2
1 2 10 9 111000 2
1 2 11 0 111500 2
1 2 11 2 111500 2
1 2 11 4 111500 2
1 2 15 5 111500 2
1 2 10 7 111500 2
1 2 10 9 111500 2
1 2 9 3 111500 2
1 2 8 9 111500 2
1 2 11 7 111500 2
1 2 12 8 111500 2
1 2 13 2 111500 2
1 2 13 5 111500 2
1 2 14 9 111500 2
1 2 14 0 111500 2
1 2 15 9 111500 2
1 2 9 6 111500 2
1 2 8 7 111500 2
1 2 8 9 111500 2
1 2 0 9 111500 2
1 2 1 2 111500 2
1 2 2 9 111500 2
1 2 3 7 111500 2
1 2 3 2 111500 2
1 2 3 4 111500 2
1 2 3 8 111500 2
1 2 4 0 111500 2
1 2 4 4 111500 2
1 2 4 1 111500 2
1 2 5 9 111500 2
1 2 5 4 111500 2
1 2 7 4 111500 2
1 2 4 1 111500 2
1 2 8 7 112000 2
1 2 8 9 112000 2
1 2 9 4 112000 2
1 2 9 0 112000 2
1 2 10 9 112000 2
1 2 10 7 112000 2
1 2 10 5 112000 2
1 2 10 4 112000 2
1 2 11 9 112000 2
1 2 11 1 112000 2
1 2 12 1 112000 2
1 2 12 6 112000 2
1 2 14 7 112000 2
1 2 14 8 112000 2
1 2 15 4 112000 2
1 2 15 5 112000 2
1 2 15 4 112000 2
1 2 7 5 112000 2
1 2 0 4 112000 2
1 2 0 1 112000 2
1 2 1 9 112000 2
1 2 1 7 112000 2
1 2 2 5 112000 2
1 2 2 9 112000 2
1 2 3 6 112000 2
1 2 3 6 112000 2
1 2 4 8 112000 2
1 2 5 3 112000 2
1 2 5 0 112000 2
1 2 5 4 112000 2
1 2 5 6 112000 2
1 2 6 4 112000 2
1 2 8 5 112000 2
1 2 4 1 112000 2
1 2 10 9 112500 2
1 2 10 7 112500 2
1 2 10 1 112500 2
1 2 11 4 112500 2
1 2 11 9 112500 2
1 2 11 0 112500 2
1 2 13 4 112500 2
1 2 13 6 112500 2
1 2 14 7 112500 2
1 2 14 1 112500 2
1 2 15 0 112500 2
1 2 15 1 112500 2
1 2 15 7 112500 2
1 2 15 4 112500 2
1 2 8 9 112500 2
1 2 9 5 112500 2
1 2 0 0 112500 2
1 2 1 0 112500 2
1 2 2 0 112500 2
1 2 2 3 112500 2
1 2 2 2 112500 2
1 2 2 9 112500 2
1 2 4 5 112500 2
1 2 4 2 112500 2
1 2 4 1 112500 2
1 2 4 8 112500 2
1 2 5 5 112500 2
1 2 7 9 112500 2
1 2 3 8 112500 2
1 2 11 0 113000 2
1 2 11 7 113000 2
1 2 12 8 113000 2
1 2 12 4 113000 2
1 2 13 3 113000 2
1 2 14 9 113000 2
1 2 14 8 113000 2
1 2 14 7 113000 2
1 2 15 8 113000 2
1 2 15 8 113000 2
1 2 15 7 113000 2
1 2 15 9 113000 2
1 2 11 9 113000 2
1 2 9 1 113000 2
1 2 1 0 113000 2
1 2 2 8 113000 2
1 2 2 2 113000 2
1 2 2 6 113000 2
1 2 3 7 113000 2
1 2 4 4 113000 2
1 2 4 1 113000 2
1 2 4 8 113000 2
1 2 5 9 113000 2
1 2 5 3 113000 2
1 2 6 2 113000 2
1 2 7 1 113000 2
1 2 8 4 113500 2
1 2 10 8 113500 2
1 2 8 2 113500 2
1 2 10 0 113500 2
1 2 11 5 113500 2
1 2 11 9 113500 2
1 2 11 0 113500 2
1 2 11 4 113500 2
1 2 12 1 113500 2
1 2 12 6 113500 2
1 2 13 3 113500 2
1 2 15 8 113500 2
1 2 15 6 113500 2
1 2 15 4 113500 2
1 2 15 2 113500 2
1 2 6 9 113500 2
1 2 7 0 113500 2
1 2 1 8 113500 2
1 2 1 2 113500 2
1 2 2 8 113500 2
1 2 2 1 113500 2
1 2 3 1 113500 2
1 2 3 3 113500 2
1 2 4 3 113500 2
1 2 4 4 113500 2
1 2 4 8 113500 2
1 2 5 2 113500 2
1 2 6 3 113500 2
1 2 6 7 113500 2
1 2 0 0 113500 2
1 2 8 2 114000 2
1 2 9 9 114000 2
1 2 9 0 114000 2
1 2 10 8 114000 2
1 2 10 1 114000 2
1 2 10 4 114000 2
1 2 11 7 114000 2
1 2 11 7 114000 2
1 2 11 1 114000 2
1 2 13 8 114000 2
1 2 14 7 114000 2
1 2 14 8 114000 2
1 2 14 2 114000 2
1 2 14 8 114000 2
1 2 15 6 114000 2
1 2 15 1 114000 2
1 2 15 9 114000 2
1 2 8 9 114000 2
1 2 0 9 114000 2
1 2 0 4 114000 2
1 2 1 0 114000 2
1 2 2 8 114000 2
1 2 3 7 114000 2
1 2 3 1 114000 2
1 2 3 8 114000 2
1 2 4 4 114000 2
1 2 4 0 114000 2
1 2 6 5 114000 2
1 2 6 9 114000 2
1 2 7 5 114000 2
1 2 7 6 114000 2
1 2 9 0 114000 2
1 2 4 2 114000 2
1 2 9 0 114500 2
1 2 9 2 114500 2
1 2 10 8 114500 2
1 2 10 6 114500 2
1 2 11 7 114500 2
1 2 13 6 114500 2
1 2 13 9 114500 2
1 2 14 0 114500 2
1 2 14 0 114500 2
1 2 15 5 114500 2
1 2 15 9 114500 2
1 2 8 7 114500 2
1 2 9 6 114500 2
1 2 3 8 114500 2
1 2 3 6 114500 2
1 2 3 8 114500 2
1 2 4 9 114500 2
1 2 4 0 114500 2
1 2 4 6 114500 2
1 2 4 8 114500 2
1 2 4 7 114500 2
1 2 5 9 114500 2
1 2 5 0 114500 2
1 2 5 2 114500 2
1 2 9 1 115000 2
1 2 11 0 115000 2
1 2 10 9 115000 2
1 2 11 5 115000 2
1 2 11 0 115000 2
1 2 11 7 115000 2
1 2 11 2 115000 2
1 2 11 2 115000 2
1 2 11 4 115000 2
1 2 14 7 115000 2
1 2 15 6 115000 2
1 2 15 8 115000 2
1 2 15 0 115000 2
1 2 15 6 115000 2
1 2 8 2 115000 2
1 2 1 9 115000 2
1 2 1 2 115000 2
1 2 3 2 115000 2
1 2 4 6 115000 2
1 2 5 0 115000 2
1 2 5 9 115000 2
1 2 6 2 115000 2
1 2 6 1 115000 2
1 2 7 3 115000 2
1 2 8 7 115000 2
1 2 8 7 115000 2
1 2 8 9 115000 2
1 2 9 3 115000 2
1 2 11 9 115500 2
1 2 11 5 115500 2
1 2 11 0 115500 2
1 2 11 7 115500 2
1 2 11 7 115500 2
1 2 11 7 115500 2
1 2 12 6 115500 2
1 2 12 5 115500 2
1 2 13 4 115500 2
1 2 14 4 115500 2
1 2 14 8 115500 2
1 2 14 8 115500 2
1 2 15 0 115500 2
1 2 15 5 115500 2
1 2 15 4 115500 2
1 2 10 6 115500 2
1 2 11 3 115500 2
1 2 0 0 115500 2
1 2 2 0 115500 2
1 2 2 9 115500 2
1 2 3 3 115500 2
1 2 4 3 115500 2
1 2 4 7 115500 2
1 2 5 3 115500 2
1 2 6 4 115500 2
1 2 6 3 115500 2
1 2 7 2 115500 2
1 2 8 9 115500 2
1 2 9 1 115500 2
1 2 9 1 115500 2
1 2 6 3 115500 2
1 2 8 3 116000 2
1 2 9 4 116000 2
1 2 9 2 116000 2
1 2 9 0 116000 2
1 2 10 8 116000 2
1 2 11 4 116000 2
1 2 11 8 116000 2
1 2 12 8 116000 2
1 2 12 8 116000 2
1 2 13 3 116000 2
1 2 14 2 116000 2
1 2 14 0 116000 2
1 2 14 2 116000 2
1 2 15 2 116000 2
1 2 15 9 116000 2
1 2 5 9 116000 2
1 2 7 3 116000 2
1 2 0 9 116000 2
1 2 1 2 116000 2
1 2 1 3 116000 2
1 2 3 8 116000 2
1 2 3 2 116000 2
1 2 3 3 116000 2
1 2 4 0 116000 2
1 2 4 2 116000 2
1 2 4 1 116000 2
1 2 5 3 116000 2
1 2 5 2 116000 2
1 2 5 6 116000 2
1 2 6 0 116000 2
1 2 6 0 116000 2
1 2 7 5 116000 2
1 2 11 4 116500 2
1 2 11 9 116500 2
1 2 11 0 116500 2
1 2 11 9 116500 2
1 2 10 6 116500 2
1 2 12 6 116500 2
1 2 12 6 116500 2
1 2 14 8 116500 2
1 2 14 0 116500 2
1 2 14 0 116500 2
1 2 11 1 116500 2
1 2 9 1 116500 2
1 2 9 0 116500 2
1 2 2 9 116500 2
1 2 3 2 116500 2
1 2 4 2 116500 2
1 2 4 6 116500 2
1 2 4 2 116500 2
1 2 5 1 116500 2
1 2 6 8 116500 2
1 2 6 9 116500 2
1 2 8 4 116500 2
1 2 8 2 116500 2
1 2 10 0 117000 2
1 2 9 0 117000 2
1 2 10 6 117000 2
1 2 10 7 117000 2
1 2 11 8 117000 2
1 2 11 4 117000 2
1 2 11 0 117000 2
1 2 11 8 117000 2
1 2 12 6 117000 2
1 2 12 4 117000 2
1 2 14 7 117000 2
1 2 14 5 117000 2
1 2 15 6 117000 2
1 2 15 6 117000 2
1 2 8 3 117000 2
1 2 0 6 117000 2
1 2 0 1 117000 2
1 2 0 1 117000 2
1 2 1 8 117000 2
1 2 2 2 117000 2
1 2 3 0 117000 2
1 2 3 3 117000 2
1 2 4 8 117000 2
1 2 5 5 117000 2
1 2 6 3 117000 2
1 2 7 3 117000 2
1 2 8 3 117000 2
1 2 4 1 117000 2
1 2 9 4 117500 2
1 2 10 9 117500 2
1 2 10 1 117500 2
1 2 10 7 117500 2
1 2 11 0 117500 2
1 2 11 5 117500 2
1 2 11 6 117500 2
1 2 13 8 117500 2
1 2 14 5 117500 2
1 2 14 8 117500 2
1 2 15 0 117500 2
1 2 15 9 117500 2
1 2 11 7 117500 2
1 2 8 7 117500 2
1 2 8 7 117500 2
1 2 2 8 117500 2
1 2 3 4 117500 2
1 2 3 6 117500 2
1 2 4 1 117500 2
1 2 4 5 117500 2
1 2 6 9 117500 2
1 2 7 5 117500 2
1 2 7 9 117500 2
1 2 1 8 117500 2
1 2 8 5 117500 2
1 2 8 7 117500 2
1 2 9 0 118000 2
1 2 8 9 118000 2
1 2 9 6 118000 2
1 2 9 3 118000 2
1 2 10 6 118000 2
1 2 10 4 118000 2
1 2 11 9 118000 2
1 2 11 2 118000 2
1 2 11 7 118000 2
1 2 13 9 118000 2
1 2 13 5 118000 2
1 2 14 9 118000 2
1 2 14 2 118000 2
1 2 14 7 118000 2
1 2 14 8 118000 2
1 2 15 6 118000 2
1 2 8 7 118000 2
1 2 8 3 118000 2
1 2 0 5 118000 2
1 2 0 3 118000 2
1 2 2 9 118000 2
1 2 2 7 118000 2
1 2 3 4 118000 2
1 2 3 4 118000 2
1 2 3 7 118000 2
1 2 4 1 118000 2
1 2 4 2 118000 2
1 2 5 9 118000 2
1 2 7 5 118000 2
1 2 7 6 118000 2
1 2 8 5 118000 2
1 2 8 1 118000 2
1 2 10 0 118500 2
1 2 10 7 118500 2
1 2 11 1 118500 2
1 2 11 7 118500 2
1 2 11 4 118500 2
1 2 11 4 118500 2
1 2 12 7 118500 2
1 2 12 8 118500 2
1 2 13 6 118500 2
1 2 13 4 118500 2
1 2 14 7 118500 2
1 2 14 0 118500 2
1 2 15 5 118500 2
1 2 15 3 118500 2
1 2 15 6 118500 2
1 2 15 9 118500 2
1 2 10 9 118500 2
1 2 10 9 118500 2
1 2 0 8 118500 2
1 2 1 0 118500 2
1 2 1 7 118500 2
1 2 2 5 118500 2
1 2 3 3 118500 2
1 2 4 6 118500 2
1 2 4 6 118500 2
1 2 4 8 118500 2
1 2 4 0 118500 2
1 2 5 5 118500 2
1 2 5 0 118500 2
1 2 6 3 118500 2
1 2 8 1 118500 2
1 2 9 1 118500 2
1 2 4 4 118500 2
1 2 9 5 119000 2
1 2 10 0 119000 2
1 2 11 0 119000 2
1 2 11 4 119000 2
1 2 11 2 119000 2
1 2 11 4 119000 2
1 2 11 0 119000 2
1 2 11 2 119000 2
1 2 13 4 119000 2
1 2 14 7 119000 2
1 2 14 5 119000 2
1 2 14 8 119000 2
1 2 15 6 119000 2
1 2 15 2 119000 2
1 2 15 9 119000 2
1 2 15 0 119000 2
1 2 8 7 119000 2
1 2 8 2 119000 2
1 2 0 1 119000 2
1 2 0 2 119000 2
1 2 2 9 119000 2
1 2 3 1 119000 2
1 2 3 3 119000 2
1 2 4 7 119000 2
1 2 4 9 119000 2
1 2 4 7 119000 2
1 2 5 9 119000 2
1 2 5 8 119000 2
1 2 6 3 119000 2
1 2 6 2 119000 2
1 2 6 9 119000 2
1 2 7 2 119000 2
1 2 8 1 119000 2
1 2 7 0 119500 2
1 2 9 6 119500 2
1 2 8 9 119500 2
1 2 9 3 119500 2
1 2 9 5 119500 2
1 2 10 6 119500 2
1 2 11 7 119500 2
1 2 11 1 119500 2
1 2 11 9 119500 2
1 2 11 0 119500 2
1 2 12 2 119500 2
1 2 13 6 119500 2
1 2 13 7 119500 2
1 2 14 9 119500 2
1 2 14 8 119500 2
1 2 15 9 119500 2
1 2 8 9 119500 2
1 2 8 9 119500 2
1 2 0 2 119500 2
1 2 1 3 119500 2
1 2 3 5 119500 2
1 2 4 0 119500 2
1 2 4 2 119500 2
1 2 4 7 119500 2
1 2 4 9 119500 2
1 2 4 0 119500 2
1 2 5 5 119500 2
1 2 5 8 119500 2
1 2 6 0 119500 2
1 2 6 5 119500 2
1 2 6 9 119500 2
1 2 7 4 119500 2
1 2 6 3 120000 2
1 2 8 0 120000 2
1 2 9 4 120000 2
1 2 9 1 120000 2
1 2 10 0 120000 2
1 2 11 5 120000 2
1 2 11 4 120000 2
1 2 11 7 120000 2
1 2 11 0 120000 2
1 2 11 4 120000 2
1 2 12 2 120000 2
1 2 14 4 120000 2
1 2 14 0 120000 2
1 2 15 0 120000 2
1 2 15 9 120000 2
1 2 15 2 120000 2
1 2 6 4 120000 2
1 2 0 5 120000 2
1 2 2 2 120000 2
1 2 2 9 120000 2
1 2 3 5 120000 2
1 2 3 1 120000 2
1 2 4 5 120000 2
1 2 4 1 120000 2
1 2 4 0 120000 2
1 2 5 5 120000 2
1 2 5 3 120000 2
1 2 5 2 120000 2
1 2 6 3 120000 2
1 2 6 5 120000 2
1 2 8 6 120000 2
1 2 4 5 120000 2
1 2 11 4 120500 2
1 2 11 3 120500 2
1 2 11 0 120500 2
1 2 11 7 120500 2
1 2 11 0 120500 2
1 2 14 5 120500 2
1 2 14 4 120500 2
1 2 14 6 120500 2
1 2 14 8 120500 2
1 2 14 1 120500 2
1 2 15 8 120500 2
1 2 15 9 120500 2
1 2 10 8 120500 2
1 2 10 6 120500 2
1 2 0 4 120500 2
1 2 2 3 120500 2
1 2 2 6 120500 2
1 2 4 7 120500 2
1 2 4 7 120500 2
1 2 8 5 120500 2
1 2 8 7 120500 2
1 2 8 2 120500 2
1 2 8 7 120500 2
1 2 9 6 120500 2
1 2 6 2 120500 2
1 2 9 0 121000 2
1 2 10 8 121000 2
1 2 9 1 121000 2
1 2 9 2 121000 2
1 2 10 3 121000 2
1 2 10 9 121000 2
1 2 10 7 121000 2
1 2 11 5 121000 2
1 2 11 4 121000 2
1 2 11 3 121000 2
1 2 11 0 121000 2
1 2 14 7 121000 2
1 2 14 2 121000 2
1 2 15 6 121000 2
1 2 15 2 121000 2
1 2 15 3 121000 2
1 2 8 7 121000 2
1 2 1 9 121000 2
1 2 2 0 121000 2
1 2 3 8 121000 2
1 2 3 1 121000 2
1 2 3 6 121000 2
1 2 4 1 121000 2
1 2 4 1 121000 2
1 2 4 6 121000 2
1 2 4 1 121000 2
1 2 6 5 121000 2
1 2 6 2 121000 2
1 2 6 1 121000 2
1 2 4 4 121000 2
1 2 7 5 121000 2
1 2 8 4 121000 2
1 2 9 6 121000 2
1 2 7 2 121500 2
1 2 8 0 121500 2
1 2 8 3 121500 2
1 2 8 2 121500 2
1 2 10 6 121500 2
1 2 10 7 121500 2
1 2 11 7 121500 2
1 2 11 4 121500 2
1 2 14 0 121500 2
1 2 14 8 121500 2
1 2 14 2 121500 2
1 2 15 8 121500 2
1 2 15 3 121500 2
1 2 10 0 121500 2
1 2 4 2 121500 2
1 2 5 8 121500 2
1 2 0 1 121500 2
1 2 0 5 121500 2
1 2 1 0 121500 2
1 2 1 7 121500 2
1 2 2 0 121500 2
1 2 3 4 121500 2
1 2 3 0 121500 2
1 2 3 7 121500 2
1 2 0 0 121500 2
1 2 4 0 121500 2
1 2 4 1 121500 2
1 2 3 6 121500 2
1 2 9 3 122000 2
1 2 10 0 122000 2
1 2 10 7 122000 2
1 2 10 6 122000 2
1 2 11 7 122000 2
1 2 11 3 122000 2
1 2 11 6 122000 2
1 2 11 1 122000 2
1 2 12 8 122000 2
1 2 14 5 122000 2
1 2 14 4 122000 2
1 2 14 7 122000 2
1 2 14 2 122000 2
1 2 15 8 122000 2
1 2 15 8 122000 2
1 2 15 0 122000 2
1 2 15 6 122000 2
1 2 8 1 122000 2
1 2 0 0 122000 2
1 2 0 7 122000 2
1 2 0 8 122000 2
1 2 1 9 122000 2
1 2 1 8 122000 2
1 2 1 0 122000 2
1 2 2 3 122000 2
1 2 4 1 122000 2
1 2 5 0 122000 2
1 2 5 0 122000 2
1 2 5 0 122000 2
1 2 6 3 122000 2
1 2 7 5 122000 2
1 2 9 6 122000 2
1 2 3 0 122000 2
1 2 9 6 122500 2
1 2 9 2 122500 2
1 2 10 6 122500 2
1 2 10 3 122500 2
1 2 11 5 122500 2
1 2 11 9 122500 2
1 2 11 5 122500 2
1 2 11 3 122500 2
1 2 11 4 122500 2
1 2 14 2 122500 2
1 2 14 6 122500 2
1 2 14 1 122500 2
1 2 15 3 122500 2
1 2 6 7 122500 2
1 2 8 7 122500 2
1 2 9 4 122500 2
1 2 1 8 122500 2
1 2 3 6 122500 2
1 2 4 7 122500 2
1 2 4 0 122500 2
1 2 4 0 122500 2
1 2 5 6 122500 2
1 2 6 0 122500 2
1 2 0 8 122500 2
1 2 6 0 122500 2
1 2 7 5 122500 2
1 2 8 0 122500 2
1 2 5 7 122500 2
1 2 9 3 123000 2
1 2 9 0 123000 2
1 2 9 0 123000 2
1 2 10 9 123000 2
1 2 10 0 123000 2
1 2 10 1 123000 2
1 2 11 5 123000 2
1 2 11 4 123000 2
1 2 11 0 123000 2
1 2 12 7 123000 2
1 2 14 5 123000 2
1 2 15 2 123000 2
1 2 8 1 123000 2
1 2 8 2 123000 2
1 2 0 5 123000 2
1 2 1 5 123000 2
1 2 2 3 123000 2
1 2 3 7 123000 2
1 2 3 3 123000 2
1 2 4 6 123000 2
1 2 4 4 123000 2
1 2 5 4 123000 2
1 2 5 2 123000 2
1 2 6 3 123000 2
1 2 7 3 123000 2
1 2 9 0 123500 2
1 2 8 4 123500 2
1 2 10 6 123500 2
1 2 10 4 123500 2
1 2 11 6 123500 2
1 2 11 9 123500 2
1 2 14 4 123500 2
1 2 14 8 123500 2
1 2 15 0 123500 2
1 2 15 2 123500 2
1 2 10 9 123500 2
1 2 7 4 123500 2
1 2 8 1 123500 2
1 2 0 6 123500 2
1 2 2 2 123500 2
1 2 3 6 123500 2
1 2 3 0 123500 2
1 2 4 1 123500 2
1 2 4 8 123500 2
1 2 4 0 123500 2
1 2 4 0 123500 2
1 2 5 8 123500 2
1 2 11 4 124000 2
1 2 10 4 124000 2
1 2 10 0 124000 2
1 2 11 3 124000 2
1 2 11 9 124000 2
1 2 11 7 124000 2
1 2 11 5 124000 2
1 2 11 3 124000 2
1 2 11 8 124000 2
1 2 12 6 124000 2
1 2 12 6 124000 2
1 2 14 9 124000 2
1 2 15 5 124000 2
1 2 6 1 124000 2
1 2 9 2 124000 2
1 2 0 5 124000 2
1 2 0 4 124000 2
1 2 0 3 124000 2
1 2 3 4 124000 2
1 2 4 1 124000 2
1 2 4 6 124000 2
1 2 4 4 124000 2
1 2 4 2 124000 2
1 2 5 8 124000 2
1 2 5 2 124000 2
1 2 6 0 124000 2
1 2 6 8 124000 2
1 2 7 2 124500 2
1 2 7 9 124500 2
1 2 7 6 124500 2
1 2 8 9 124500 2
1 2 9 3 124500 2
1 2 10 7 124500 2
1 2 11 3 124500 2
1 2 11 0 124500 2
1 2 11 4 124500 2
1 2 11 0 124500 2
1 2 12 6 124500 2
1 2 14 5 124500 2
1 2 14 7 124500 2
1 2 15 0 124500 2
1 2 15 0 124500 2
1 2 11 0 124500 2
1 2 6 9 124500 2
1 2 6 1 124500 2
1 2 0 4 124500 2
1 2 1 0 124500 2
1 2 2 2 124500 2
1 2 2 7 124500 2
1 2 3 7 124500 2
1 2 3 0 124500 2
1 2 3 2 124500 2
1 2 4 3 124500 2
1 2 4 7 124500 2
1 2 4 6 124500 2
1 2 5 9 124500 2
1 2 5 5 124500 2
1 2 5 9 124500 2
1 2 6 6 124500 2
1 2 0 7 124500 2
1 2 9 2 125000 2
1 2 10 8 125000 2
1 2 11 1 125000 2
1 2 11 9 125000 2
1 2 11 0 125000 2
1 2 12 2 125000 2
1 2 13 9 125000 2
1 2 14 9 125000 2
1 2 14 6 125000 2
1 2 14 0 125000 2
1 2 15 0 125000 2
1 2 15 9 125000 2
1 2 8 3 125000 2
1 2 8 8 125000 2
1 2 8 1 125000 2
1 2 6 5 125000 2
1 2 5 2 125000 2
1 2 5 8 125000 2
1 2 4 1 125000 2
1 2 3 6 125000 2
1 2 3 7 125000 2
1 2 2 5 125000 2
1 2 1 5 125000 2
1 2 1 7 125000 2
1 2 0 1 125000 2
1 2 8 1 125000 2
1 2 11 2 125500 2
1 2 11 1 125500 2
1 2 11 0 125500 2
1 2 15 9 125500 2
1 2 10 6 125500 2
1 2 10 0 125500 2
1 2 10 9 125500 2
1 2 9 0 125500 2
1 2 12 2 125500 2
1 2 12 6 125500 2
1 2 13 2 125500 2
1 2 14 0 125500 2
1 2 14 1 125500 2
1 2 15 2 125500 2
1 2 8 7 125500 2
1 2 8 9 125500 2
1 2 0 7 125500 2
1 2 0 6 125500 2
1 2 1 9 125500 2
1 2 2 8 125500 2
1 2 2 9 125500 2
1 2 3 7 125500 2
1 2 4 1 125500 2
1 2 5 0 125500 2
1 2 6 8 125500 2
1 2 6 4 125500 2
1 2 7 5 125500 2
1 2 8 1 125500 2
1 2 8 7 125500 2
1 2 4 4 125500 2
1 2 8 9 126000 2
1 2 9 0 126000 2
1 2 10 9 126000 2
1 2 10 0 126000 2
1 2 10 9 126000 2
1 2 11 0 126000 2
1 2 11 6 126000 2
1 2 11 0 126000 2
1 2 11 1 126000 2
1 2 11 7 126000 2
1 2 12 8 126000 2
1 2 14 5 126000 2
1 2 14 8 126000 2
1 2 15 0 126000 2
1 2 15 9 126000 2
1 2 8 0 126000 2
1 2 8 9 126000 2
1 2 1 2 126000 2
1 2 2 0 126000 2
1 2 3 4 126000 2
1 2 3 1 126000 2
1 2 3 0 126000 2
1 2 3 4 126000 2
1 2 3 7 126000 2
1 2 4 1 126000 2
1 2 5 7 126000 2
1 2 6 9 126000 2
1 2 6 9 126000 2
1 2 6 7 126000 2
1 2 7 2 126000 2
1 2 7 9 126000 2
1 2 8 7 126500 2
1 2 9 4 126500 2
1 2 10 8 126500 2
1 2 10 8 126500 2
1 2 10 7 126500 2
1 2 11 1 126500 2
1 2 11 1 126500 2
1 2 11 4 126500 2
1 2 12 6 126500 2
1 2 14 9 126500 2
1 2 14 5 126500 2
1 2 15 8 126500 2
1 2 9 6 126500 2
1 2 8 4 126500 2
1 2 8 4 126500 2
1 2 0 4 126500 2
1 2 1 3 126500 2
1 2 2 6 126500 2
1 2 2 8 126500 2
1 2 3 7 126500 2
1 2 4 0 126500 2
1 2 4 0 126500 2
1 2 5 3 126500 2
1 2 7 5 126500 2
1 2 8 1 126500 2
1 2 4 6 126500 2
1 2 9 0 127000 2
1 2 13 7 127000 2
1 2 9 1 127000 2
1 2 9 2 127000 2
1 2 11 1 127000 2
1 2 11 9 127000 2
1 2 12 6 127000 2
1 2 13 2 127000 2
1 2 14 9 127000 2
1 2 14 3 127000 2
1 2 15 0 127000 2
1 2 15 8 127000 2
1 2 15 0 127000 2
1 2 15 6 127000 2
1 2 8 6 127000 2
1 2 8 2 127000 2
1 2 0 3 127000 2
1 2 0 5 127000 2
1 2 0 1 127000 2
1 2 1 6 127000 2
1 2 1 7 127000 2
1 2 3 4 127000 2
1 2 3 1 127000 2
1 2 4 0 127000 2
1 2 4 6 127000 2
1 2 4 0 127000 2
1 2 6 5 127000 2
1 2 7 0 127000 2
1 2 8 7 127500 2
1 2 9 4 127500 2
1 2 9 0 127500 2
1 2 9 4 127500 2
1 2 10 8 127500 2
1 2 10 9 127500 2
1 2 10 7 127500 2
1 2 11 9 127500 2
1 2 11 1 127500 2
1 2 11 4 127500 2
1 2 12 1 127500 2
1 2 13 4 127500 2
1 2 13 7 127500 2
1 2 14 7 127500 2
1 2 14 8 127500 2
1 2 15 0 127500 2
1 2 15 1 127500 2
1 2 15 9 127500 2
1 2 15 9 127500 2
1 2 6 9 127500 2
1 2 7 0 127500 2
1 2 0 6 127500 2
1 2 1 0 127500 2
1 2 1 3 127500 2
1 2 2 2 127500 2
1 2 3 3 127500 2
1 2 4 1 127500 2
1 2 4 1 127500 2
1 2 4 7 127500 2
1 2 4 0 127500 2
1 2 5 8 127500 2
1 2 5 1 127500 2
1 2 5 4 127500 2
1 2 6 0 127500 2
1 2 6 5 127500 2
1 2 6 9 127500 2
1 2 4 0 127500 2
1 2 9 0 128000 2
1 2 10 8 128000 2
1 2 10 0 128000 2
1 2 6 7 128000 2
1 2 11 2 128000 2
1 2 11 9 128000 2
1 2 11 0 128000 2
1 2 11 2 128000 2
1 2 11 8 128000 2
1 2 12 3 128000 2
1 2 13 1 128000 2
1 2 14 4 128000 2
1 2 14 8 128000 2
1 2 15 0 128000 2
1 2 15 6 128000 2
1 2 9 6 128000 2
1 2 0 9 128000 2
1 2 1 6 128000 2
1 2 1 7 128000 2
1 2 2 9 128000 2
1 2 3 6 128000 2
1 2 4 2 128000 2
1 2 4 1 128000 2
1 2 4 0 128000 2
1 2 6 8 128000 2
1 2 6 3 128000 2
1 2 8 0 128000 2
1 2 8 3 128000 2
1 2 9 4 128000 2
1 2 4 6 128000 2
1 2 8 9 128500 2
1 2 8 9 128500 2
1 2 8 8 128500 2
1 2 8 3 128500 2
1 2 11 4 128500 2
1 2 12 2 128500 2
1 2 12 5 128500 2
1 2 13 4 128500 2
1 2 14 4 128500 2
1 2 15 9 128500 2
1 2 15 4 128500 2
1 2 7 5 128500 2
1 2 8 5 128500 2
1 2 0 3 128500 2
1 2 0 7 128500 2
1 2 0 3 128500 2
1 2 2 2 128500 2
1 2 2 6 128500 2
1 2 3 4 128500 2
1 2 4 8 128500 2
1 2 5 5 128500 2
1 2 7 5 128500 2
1 2 8 7 129000 2
1 2 14 4 129000 2
1 2 14 4 129000 2
1 2 14 5 129000 2
1 2 13 8 129000 2
1 2 12 9 129000 2
1 2 11 7 129000 2
1 2 11 4 129000 2
1 2 10 5 129000 2
1 2 8 2 129000 2
1 2 5 5 129000 2
1 2 5 3 129000 2
1 2 4 2 129000 2
1 2 4 3 129000 2
1 2 3 7 129000 2
1 2 2 9 129000 2
1 2 1 2 129000 2
1 2 0 4 129000 2
1 2 0 4 129000 2
1 2 9 3 129500 2
1 2 0 7 129500 2
1 2 11 0 129500 2
1 2 11 7 129500 2
1 2 12 4 129500 2
1 2 13 0 129500 2
1 2 14 0 129500 2
1 2 14 8 129500 2
1 2 15 0 129500 2
1 2 15 5 129500 2
1 2 15 4 129500 2
1 2 8 7 129500 2
1 2 1 2 129500 2
1 2 2 5 129500 2
1 2 3 5 129500 2
1 2 3 5 129500 2
1 2 3 7 129500 2
1 2 5 9 129500 2
1 2 7 8 129500 2
1 2 7 6 129500 2
1 2 8 7 129500 2
1 2 9 6 129500 2
1 2 8 2 130000 2
1 2 14 9 130000 2
1 2 13 8 130000 2
1 2 12 1 130000 2
1 2 11 3 130000 2
1 2 11 8 130000 2
1 2 10 3 130000 2
1 2 8 9 130000 2
1 2 8 7 130000 2
1 2 7 9 130000 2
1 2 5 6 130000 2
1 2 3 0 130000 2
1 2 2 7 130000 2
1 2 1 9 130000 2
1 2 0 5 130000 2
1 2 9 2 130500 2
1 2 15 9 130500 2
1 2 9 6 130500 2
1 2 10 9 130500 2
1 2 10 6 130500 2
1 2 10 4 130500 2
1 2 11 3 130500 2
1 2 11 0 130500 2
1 2 11 5 130500 2
1 2 13 0 130500 2
1 2 15 6 130500 2
1 2 0 4 130500 2
1 2 8 2 130500 2
1 2 0 2 130500 2
1 2 1 2 130500 2
1 2 1 7 130500 2
1 2 2 6 130500 2
1 2 3 2 130500 2
1 2 4 7 130500 2
1 2 5 6 130500 2
1 2 7 4 130500 2
1 2 8 6 130500 2
1 2 8 9 130500 2
1 2 8 3 131000 2
1 2 14 0 131000 2
1 2 14 1 131000 2
1 2 13 6 131000 2
1 2 13 6 131000 2
1 2 12 6 131000 2
1 2 12 9 131000 2
1 2 11 4 131000 2
1 2 10 5 131000 2
1 2 8 2 131000 2
1 2 8 9 131000 2
1 2 8 7 131000 2
1 2 5 2 131000 2
1 2 5 3 131000 2
1 2 0 3 131000 2
1 2 0 8 131000 2
1 2 8 4 131000 2
1 2 7 5 131500 2
1 2 8 2 131500 2
1 2 8 4 131500 2
1 2 8 2 131500 2
1 2 8 7 131500 2
1 2 8 3 131500 2
1 2 11 6 131500 2
1 2 13 7 131500 2
1 2 14 1 131500 2
1 2 15 2 131500 2
1 2 6 6 131500 2
1 2 6 8 131500 2
1 2 2 8 131500 2
1 2 2 9 131500 2
1 2 2 4 131500 2
1 2 3 4 131500 2
1 2 3 8 131500 2
1 2 3 4 131500 2
1 2 4 4 131500 2
1 2 5 0 131500 2
1 2 6 2 131500 2
1 2 7 5 132000 2
1 2 15 9 132000 2
1 2 13 6 132000 2
1 2 11 9 132000 2
1 2 9 5 132000 2
1 2 8 9 132000 2
1 2 8 9 132000 2
1 2 8 5 132000 2
1 2 6 0 132000 2
1 2 5 2 132000 2
1 2 5 4 132000 2
1 2 4 4 132000 2
1 2 4 8 132000 2
1 2 4 9 132000 2
1 2 3 5 132000 2
1 2 3 5 132000 2
1 2 11 4 132500 2
1 2 5 4 132500 2
1 2 11 4 132500 2
1 2 12 6 132500 2
1 2 13 3 132500 2
1 2 13 4 132500 2
1 2 14 0 132500 2
1 2 14 0 132500 2
1 2 15 9 132500 2
1 2 15 0 132500 2
1 2 10 5 132500 2
1 2 9 7 132500 2
1 2 8 2 132500 2
1 2 8 6 132500 2
1 2 7 8 132500 2
1 2 6 7 132500 2
1 2 11 4 132500 2
1 2 3 4 132500 2
1 2 3 3 132500 2
1 2 3 8 132500 2
1 2 11 5 133000 2
1 2 11 9 133000 2
1 2 11 4 133000 2
1 2 12 8 133000 2
1 2 12 2 133000 2
1 2 12 6 133000 2
1 2 12 8 133000 2
1 2 13 8 133000 2
1 2 14 6 133000 2
1 2 14 0 133000 2
1 2 15 5 133000 2
1 2 8 4 133000 2
1 2 9 5 133000 2
1 2 11 8 133000 2
1 2 4 6 133000 2
1 2 4 4 133000 2
1 2 5 8 133000 2
1 2 6 4 133000 2
1 2 8 7 133000 2
1 2 8 0 133000 2
1 2 8 7 133000 2
1 2 8 0 133000 2
1 2 3 2 133000 2
1 2 9 3 133000 2
1 2 15 2 133500 2
1 2 15 0 133500 2
1 2 15 8 133500 2
1 2 14 0 133500 2
1 2 14 9 133500 2
1 2 12 4 133500 2
1 2 12 6 133500 2
1 2 12 6 133500 2
1 2 11 7 133500 2
1 2 11 2 133500 2
1 2 8 6 133500 2
1 2 8 7 133500 2
1 2 8 2 133500 2
1 2 0 3 133500 2
1 2 0 8 133500 2
1 2 0 9 133500 2
1 2 1 4 133500 2
1 2 2 5 133500 2
1 2 3 4 133500 2
1 2 3 8 133500 2
1 2 3 4 133500 2
1 2 4 6 133500 2
1 2 5 8 133500 2
1 2 15 2 134000 2
1 2 11 3 134000 2
1 2 3 7 134000 2
1 2 11 4 134000 2
1 2 11 8 134000 2
1 2 8 7 134000 2
1 2 8 9 134000 2
1 2 8 9 134000 2
1 2 8 7 134000 2
1 2 4 6 134000 2
1 2 3 5 134000 2
1 2 2 6 134000 2
1 2 0 8 134000 2
1 2 11 9 134500 2
1 2 11 7 134500 2
1 2 11 4 134500 2
1 2 11 5 134500 2
1 2 14 8 134500 2
1 2 15 6 134500 2
1 2 15 4 134500 2
1 2 15 3 134500 2
1 2 7 5 134500 2
1 2 8 3 134500 2
1 2 8 8 134500 2
1 2 2 0 134500 2
1 2 2 7 134500 2
1 2 4 7 134500 2
1 2 5 9 134500 2
1 2 6 3 134500 2
1 2 6 2 134500 2
1 2 7 9 134500 2
1 2 9 2 135000 2
1 2 15 6 135000 2
1 2 15 0 135000 2
1 2 14 9 135000 2
1 2 12 4 135000 2
1 2 12 9 135000 2
1 2 11 0 135000 2
1 2 11 6 135000 2
1 2 10 4 135000 2
1 2 9 5 135000 2
1 2 8 9 135000 2
1 2 2 2 135000 2
1 2 4 7 135000 2
1 2 6 9 135000 2
1 2 7 5 135000 2
1 2 7 8 135000 2
1 2 7 5 135000 2
1 2 8 5 135000 2
1 2 8 7 135000 2
1 2 8 8 135000 2
1 2 2 2 135500 2
1 2 15 0 135500 2
1 2 15 2 135500 2
1 2 14 8 135500 2
1 2 13 5 135500 2
1 2 13 9 135500 2
1 2 12 2 135500 2
1 2 11 9 135500 2
1 2 8 6 135500 2
1 2 8 2 135500 2
1 2 7 6 135500 2
1 2 3 4 135500 2
1 2 4 9 135500 2
1 2 4 7 135500 2
1 2 5 7 135500 2
1 2 5 9 135500 2
1 2 5 9 135500 2
1 2 5 2 135500 2
1 2 6 3 135500 2
1 2 7 8 135500 2
1 2 9 1 136000 2
1 2 15 9 136000 2
1 2 15 4 136000 2
1 2 14 0 136000 2
1 2 13 4 136000 2
1 2 13 5 136000 2
1 2 13 0 136000 2
1 2 13 2 136000 2
1 2 12 4 136000 2
1 2 10 8 136000 2
1 2 9 3 136000 2
1 2 3 8 136000 2
1 2 8 9 136000 2
1 2 6 0 136000 2
1 2 5 3 136000 2
1 2 4 8 136000 2
1 2 3 8 136000 2
1 2 12 9 136000 2
1 2 9 2 136500 2
1 2 15 2 136500 2
1 2 13 4 136500 2
1 2 13 3 136500 2
1 2 12 4 136500 2
1 2 10 8 136500 2
1 2 9 3 136500 2
1 2 7 5 136500 2
1 2 4 0 136500 2
1 2 4 5 136500 2
1 2 3 5 136500 2
1 2 2 4 136500 2
1 2 0 8 136500 2
1 2 7 2 136500 2
1 2 0 4 136500 2
1 2 14 0 137000 2
1 2 8 7 137000 2
1 2 10 4 137000 2
1 2 11 8 137000 2
1 2 11 9 137000 2
1 2 12 4 137000 2
1 2 13 6 137000 2
1 2 14 2 137000 2
1 2 15 4 137000 2
1 2 3 2 137000 2
1 2 8 0 137000 2
1 2 7 2 137000 2
1 2 6 8 137000 2
1 2 5 4 137000 2
1 2 5 5 137000 2
1 2 5 5 137000 2
1 2 1 4 137000 2
1 2 0 3 137000 2
1 2 8 9 137000 2
1 2 8 2 137500 2
1 2 8 7 137500 2
1 2 9 5 137500 2
1 2 9 1 137500 2
1 2 11 4 137500 2
1 2 13 8 137500 2
1 2 14 8 137500 2
1 2 15 8 137500 2
1 2 15 6 137500 2
1 2 15 4 137500 2
1 2 8 4 137500 2
1 2 8 5 137500 2
1 2 0 8 137500 2
1 2 3 8 137500 2
1 2 3 7 137500 2
1 2 3 7 137500 2
1 2 5 3 137500 2
1 2 5 4 137500 2
1 2 5 6 137500 2
1 2 6 1 137500 2
1 2 6 3 137500 2
1 2 14 4 138000 2
1 2 14 7 138000 2
1 2 13 6 138000 2
1 2 8 7 138000 2
1 2 8 9 138000 2
1 2 7 4 138000 2
1 2 5 4 138000 2
1 2 4 8 138000 2
1 2 5 4 138000 2
1 2 1 6 138000 2
1 2 1 5 138000 2
1 2 3 8 138000 2
1 2 3 2 138000 2
1 2 3 4 138000 2
1 2 4 7 138000 2
1 2 14 1 138500 2
1 2 13 6 138500 2
1 2 12 2 138500 2
1 2 11 5 138500 2
1 2 11 0 138500 2
1 2 11 4 138500 2
1 2 8 9 138500 2
1 2 7 4 138500 2
1 2 7 5 138500 2
1 2 6 0 138500 2
1 2 6 3 138500 2
1 2 5 9 138500 2
1 2 5 8 138500 2
1 2 4 5 138500 2
1 2 3 8 138500 2
1 2 3 8 138500 2
1 2 0 4 138500 2
1 2 15 3 139000 2
1 2 15 5 139000 2
1 2 14 5 139000 2
1 2 14 3 139000 2
1 2 12 6 139000 2
1 2 11 9 139000 2
1 2 8 7 139000 2
1 2 8 3 139000 2
1 2 6 3 139000 2
1 2 7 7 139000 2
1 2 0 3 139000 2
1 2 1 4 139000 2
1 2 2 4 139000 2
1 2 2 6 139000 2
1 2 3 2 139000 2
1 2 3 4 139000 2
1 2 10 5 139500 2
1 2 14 5 139500 2
1 2 13 1 139500 2
1 2 13 3 139500 2
1 2 11 4 139500 2
1 2 11 9 139500 2
1 2 11 8 139500 2
1 2 10 6 139500 2
1 2 9 1 139500 2
1 2 8 5 139500 2
1 2 9 0 139500 2
1 2 7 7 139500 2
1 2 7 5 139500 2
1 2 6 0 139500 2
1 2 5 9 139500 2
1 2 5 9 139500 2
1 2 3 4 139500 2
1 2 2 7 139500 2
1 2 0 5 139500 2
1 2 8 2 140000 2
1 2 9 3 140000 2
1 2 12 4 140000 2
1 2 12 4 140000 2
1 2 12 4 140000 2
1 2 14 9 140000 2
1 2 14 7 140000 2
1 2 14 0 140000 2
1 2 15 8 140000 2
1 2 15 2 140000 2
1 2 15 9 140000 2
1 2 5 7 140000 2
1 2 8 9 140000 2
1 2 8 2 140000 2
1 2 0 8 140000 2
1 2 1 2 140000 2
1 2 2 7 140000 2
1 2 3 3 140000 2
1 2 4 0 140000 2
1 2 4 5 140000 2
1 2 6 3 140000 2
1 2 6 0 140000 2
1 2 8 9 140000 2
1 2 7 5 140500 2
1 2 8 7 140500 2
1 2 8 7 140500 2
1 2 8 9 140500 2
1 2 8 2 140500 2
1 2 8 6 140500 2
1 2 9 0 140500 2
1 2 10 1 140500 2
1 2 11 9 140500 2
1 2 11 7 140500 2
1 2 11 9 140500 2
1 2 12 7 140500 2
1 2 14 4 140500 2
1 2 14 9 140500 2
1 2 14 5 140500 2
1 2 15 4 140500 2
1 2 5 8 140500 2
1 2 7 5 140500 2
1 2 0 8 140500 2
1 2 1 2 140500 2
1 2 1 5 140500 2
1 2 1 2 140500 2
1 2 2 0 140500 2
1 2 2 7 140500 2
1 2 2 6 140500 2
1 2 3 3 140500 2
1 2 3 7 140500 2
1 2 4 3 140500 2
1 2 4 8 140500 2
1 2 4 2 140500 2
1 2 5 4 140500 2
1 2 2 2 140500 2
1 2 11 1 141000 2
1 2 11 7 141000 2
1 2 11 2 141000 2
1 2 13 2 141000 2
1 2 13 3 141000 2
1 2 14 2 141000 2
1 2 14 4 141000 2
1 2 14 6 141000 2
1 2 14 8 141000 2
1 2 12 1 141000 2
1 2 9 0 141000 2
1 2 10 7 141000 2
1 2 3 5 141000 2
1 2 3 4 141000 2
1 2 5 5 141000 2
1 2 7 7 141000 2
1 2 8 4 141000 2
1 2 8 0 141000 2
1 2 2 5 141000 2
1 2 8 4 141000 2
1 2 8 9 141000 2
1 2 15 8 141500 2
1 2 13 5 141500 2
1 2 11 8 141500 2
1 2 10 3 141500 2
1 2 8 3 141500 2
1 2 8 9 141500 2
1 2 5 9 141500 2
1 2 8 2 141500 2
1 2 7 9 141500 2
1 2 4 2 141500 2
1 2 4 9 141500 2
1 2 3 4 141500 2
1 2 3 7 141500 2
1 2 0 4 141500 2
1 2 0 3 141500 2
1 2 7 6 142000 2
1 2 15 4 142000 2
1 2 14 0 142000 2
1 2 13 6 142000 2
1 2 12 8 142000 2
1 2 11 7 142000 2
1 2 11 9 142000 2
1 2 11 9 142000 2
1 2 11 1 142000 2
1 2 8 9 142000 2
1 2 8 4 142000 2
1 2 0 1 142000 2
1 2 6 6 142000 2
1 2 4 5 142000 2
1 2 4 0 142000 2
1 2 4 4 142000 2
1 2 8 8 142000 2
1 2 12 8 142500 2
1 2 15 6 142500 2
1 2 15 9 142500 2
1 2 14 8 142500 2
1 2 14 5 142500 2
1 2 12 1 142500 2
1 2 11 0 142500 2
1 2 7 3 142500 2
1 2 8 9 142500 2
1 2 6 7 142500 2
1 2 5 9 142500 2
1 2 4 8 142500 2
1 2 3 9 142500 2
1 2 2 0 142500 2
1 2 0 1 142500 2
1 2 8 9 143000 2
1 2 10 5 143000 2
1 2 10 5 143000 2
1 2 11 0 143000 2
1 2 11 0 143000 2
1 2 11 4 143000 2
1 2 12 8 143000 2
1 2 12 1 143000 2
1 2 12 4 143000 2
1 2 15 0 143000 2
1 2 15 9 143000 2
1 2 2 8 143000 2
1 2 8 9 143000 2
1 2 0 4 143000 2
1 2 1 6 143000 2
1 2 2 9 143000 2
1 2 2 6 143000 2
1 2 3 4 143000 2
1 2 4 1 143000 2
1 2 4 0 143000 2
1 2 7 0 143000 2
1 2 8 4 143000 2
1 2 8 7 143000 2
1 2 12 8 143500 2
1 2 15 5 143500 2
1 2 14 9 143500 2
1 2 11 6 143500 2
1 2 10 9 143500 2
1 2 10 5 143500 2
1 2 8 7 143500 2
1 2 7 4 143500 2
1 2 5 3 143500 2
1 2 4 6 143500 2
1 2 3 4 143500 2
1 2 0 8 143500 2
1 2 3 7 143500 2
1 2 2 9 143500 2
1 2 8 4 143500 2
1 2 6 1 144000 2
1 2 13 4 144000 2
1 2 8 9 144000 2
1 2 8 8 144000 2
1 2 9 2 144000 2
1 2 11 0 144000 2
1 2 11 0 144000 2
1 2 12 6 144000 2
1 2 12 8 144000 2
1 2 13 0 144000 2
1 2 15 0 144000 2
1 2 0 5 144000 2
1 2 6 8 144000 2
1 2 0 5 144000 2
1 2 1 9 144000 2
1 2 2 2 144000 2
1 2 3 8 144000 2
1 2 3 4 144000 2
1 2 4 9 144000 2
1 2 4 1 144000 2
1 2 4 0 144000 2
1 2 5 4 144000 2
1 2 5 6 144000 2
1 2 7 5 144500 2
1 2 14 5 144500 2
1 2 14 9 144500 2
1 2 13 5 144500 2
1 2 11 7 144500 2
1 2 11 7 144500 2
1 2 8 7 144500 2
1 2 8 9 144500 2
1 2 4 5 144500 2
1 2 3 5 144500 2
1 2 3 5 144500 2
1 2 3 6 144500 2
1 2 2 2 144500 2
1 2 1 4 144500 2
1 2 6 4 144500 2
1 2 9 7 145000 2
1 2 10 3 145000 2
1 2 11 0 145000 2
1 2 11 8 145000 2
1 2 12 4 145000 2
1 2 13 6 145000 2
1 2 13 4 145000 2
1 2 14 1 145000 2
1 2 14 0 145000 2
1 2 15 8 145000 2
1 2 15 2 145000 2
1 2 15 4 145000 2
1 2 8 9 145000 2
1 2 9 3 145000 2
1 2 0 4 145000 2
1 2 2 8 145000 2
1 2 3 9 145000 2
1 2 3 4 145000 2
1 2 4 4 145000 2
1 2 4 0 145000 2
1 2 6 4 145000 2
1 2 6 8 145000 2
1 2 7 9 145000 2
1 2 8 6 145000 2
1 2 8 9 145000 2
1 2 4 6 145500 2
1 2 15 6 145500 2
1 2 15 5 145500 2
1 2 14 0 145500 2
1 2 13 1 145500 2
1 2 12 9 145500 2
1 2 12 6 145500 2
1 2 11 7 145500 2
1 2 11 4 145500 2
1 2 8 7 145500 2
1 2 6 0 145500 2
1 2 5 8 145500 2
1 2 3 2 145500 2
1 2 3 5 145500 2
1 2 3 7 145500 2
1 2 2 8 145500 2
1 2 4 5 146000 2
1 2 15 4 146000 2
1 2 15 2 146000 2
1 2 15 7 146000 2
1 2 10 6 146000 2
1 2 8 7 146000 2
1 2 4 5 146000 2
1 2 4 7 146000 2
1 2 0 4 146000 2
1 2 0 4 146000 2
1 2 7 7 146000 2
1 2 10 3 146500 2
1 2 14 8 146500 2
1 2 14 6 146500 2
1 2 14 4 146500 2
1 2 13 8 146500 2
1 2 13 3 146500 2
1 2 13 7 146500 2
1 2 12 7 146500 2
1 2 9 1 146500 2
1 2 8 4 146500 2
1 2 0 4 146500 2
1 2 1 2 146500 2
1 2 2 2 146500 2
1 2 3 7 146500 2
1 2 4 0 146500 2
1 2 5 4 146500 2
1 2 6 3 146500 2
1 2 7 4 146500 2
1 2 8 2 146500 2
1 2 3 8 147000 2
1 2 14 8 147000 2
1 2 14 9 147000 2
1 2 14 4 147000 2
1 2 13 8 147000 2
1 2 12 4 147000 2
1 2 11 4 147000 2
1 2 11 0 147000 2
1 2 9 1 147000 2
1 2 9 3 147000 2
1 2 0 5 147000 2
1 2 0 3 147000 2
1 2 3 7 147000 2
1 2 7 4 147000 2
1 2 8 9 147000 2
1 2 8 8 147000 2
1 2 7 5 147500 2
1 2 14 0 147500 2
1 2 13 8 147500 2
1 2 12 1 147500 2
1 2 12 8 147500 2
1 2 11 0 147500 2
1 2 10 2 147500 2
1 2 10 9 147500 2
1 2 6 3 147500 2
1 2 5 4 147500 2
1 2 2 2 147500 2
1 2 2 7 147500 2
1 2 2 6 147500 2
1 2 2 6 147500 2
1 2 3 1 147500 2
1 2 3 4 147500 2
1 2 3 7 147500 2
1 2 4 8 147500 2
1 2 5 9 147500 2
1 2 3 7 148000 2
1 2 15 0 148000 2
1 2 14 8 148000 2
1 2 14 4 148000 2
1 2 13 2 148000 2
1 2 13 7 148000 2
1 2 12 4 148000 2
1 2 10 5 148000 2
1 2 9 7 148000 2
1 2 9 6 148000 2
1 2 8 7 148000 2
1 2 8 7 148000 2
1 2 2 9 148000 2
1 2 3 8 148000 2
1 2 4 6 148000 2
1 2 4 0 148000 2
1 2 4 5 148000 2
1 2 5 2 148000 2
1 2 5 7 148000 2
1 2 7 7 148000 2
1 2 7 6 148000 2
1 2 8 9 148000 2
1 2 8 9 148500 2
1 2 15 9 148500 2
1 2 12 4 148500 2
1 2 11 1 148500 2
1 2 11 8 148500 2
1 2 10 7 148500 2
1 2 8 3 148500 2
1 2 8 2 148500 2
1 2 8 4 148500 2
1 2 6 3 148500 2
1 2 4 3 148500 2
1 2 2 4 148500 2
1 2 2 9 148500 2
1 2 1 2 148500 2
1 2 1 4 148500 2
1 2 8 4 149000 2
1 2 15 0 149000 2
1 2 10 8 149000 2
1 2 10 7 149000 2
1 2 11 4 149000 2
1 2 11 7 149000 2
1 2 13 6 149000 2
1 2 14 0 149000 2
1 2 14 8 149000 2
1 2 15 0 149000 2
1 2 15 9 149000 2
1 2 6 4 149000 2
1 2 8 9 149000 2
1 2 0 5 149000 2
1 2 2 6 149000 2
1 2 0 9 149000 2
1 2 3 4 149000 2
1 2 3 5 149000 2
1 2 4 2 149000 2
1 2 5 9 149000 2
1 2 5 9 149000 2
1 2 6 0 149000 2
1 2 6 6 149000 2
1 2 13 4 149500 2
1 2 13 1 149500 2
1 2 11 5 149500 2
1 2 10 0 149500 2
1 2 8 4 149500 2
1 2 8 7 149500 2
1 2 6 2 149500 2
1 2 8 4 149500 2
1 2 3 4 149500 2
1 2 3 5 149500 2
1 2 2 9 149500 2
1 2 2 0 149500 2
1 2 2 0 149500 2
1 2 1 2 149500 2
1 2 6 7 149500 2
1 2 7 6 150000 2
1 2 8 0 150000 2
1 2 8 6 150000 2
1 2 11 0 150000 2
1 2 11 7 150000 2
1 2 11 7 150000 2
1 2 13 4 150000 2
1 2 14 2 150000 2
1 2 14 5 150000 2
1 2 14 2 150000 2
1 2 6 6 150000 2
1 2 6 8 150000 2
1 2 0 5 150000 2
1 2 1 2 150000 2
1 2 2 0 150000 2
1 2 3 8 150000 2
1 2 4 6 150000 2
1 2 5 0 150000 2
1 2 5 8 150000 2
1 2 5 0 150000 2
1 2 6 1 150000 2
1 2 8 9 150500 2
1 2 13 1 150500 2
1 2 12 7 150500 2
1 2 11 7 150500 2
1 2 11 3 150500 2
1 2 10 9 150500 2
1 2 9 5 150500 2
1 2 8 9 150500 2
1 2 7 5 150500 2
1 2 6 3 150500 2
1 2 6 6 150500 2
1 2 4 2 150500 2
1 2 4 6 150500 2
1 2 4 7 150500 2
1 2 1 2 150500 2
1 2 0 5 150500 2
1 2 8 9 151000 2
1 2 4 8 151000 2
1 2 8 9 151000 2
1 2 9 7 151000 2
1 2 11 3 151000 2
1 2 11 6 151000 2
1 2 13 8 151000 2
1 2 13 4 151000 2
1 2 14 2 151000 2
1 2 15 6 151000 2
1 2 15 9 151000 2
1 2 8 7 151000 2
1 2 0 4 151000 2
1 2 2 8 151000 2
1 2 2 2 151000 2
1 2 3 4 151000 2
1 2 3 4 151000 2
1 2 8 9 151000 2
1 2 5 9 151000 2
1 2 6 8 151000 2
1 2 7 9 151000 2
1 2 8 1 151500 2
1 2 8 8 151500 2
1 2 8 3 151500 2
1 2 9 6 151500 2
1 2 8 3 151500 2
1 2 9 5 151500 2
1 2 10 5 151500 2
1 2 11 6 151500 2
1 2 13 1 151500 2
1 2 13 4 151500 2
1 2 14 2 151500 2
1 2 14 5 151500 2
1 2 15 2 151500 2
1 2 15 9 151500 2
1 2 15 1 151500 2
1 2 6 8 151500 2
1 2 1 2 151500 2
1 2 8 8 151500 2
1 2 0 5 151500 2
1 2 1 9 151500 2
1 2 3 2 151500 2
1 2 3 4 151500 2
1 2 4 5 151500 2
1 2 4 4 151500 2
1 2 4 0 151500 2
1 2 8 7 151500 2
1 2 7 6 151500 2
1 2 7 7 151500 2
1 2 7 8 151500 2
1 2 5 9 151500 2
1 2 4 8 151500 2
1 2 7 9 152000 2
1 2 14 0 152000 2
1 2 14 5 152000 2
1 2 13 9 152000 2
1 2 13 6 152000 2
1 2 12 4 152000 2
1 2 12 4 152000 2
1 2 11 0 152000 2
1 2 11 9 152000 2
1 2 10 7 152000 2
1 2 9 5 152000 2
1 2 8 9 152000 2
1 2 6 4 152000 2
1 2 8 5 152000 2
1 2 2 9 152000 2
1 2 2 0 152000 2
1 2 3 2 152000 2
1 2 3 7 152000 2
1 2 4 6 152000 2
1 2 4 0 152000 2
1 2 4 8 152000 2
1 2 5 7 152000 2
1 2 5 0 152000 2
1 2 6 0 152000 2
1 2 11 9 152500 2
1 2 11 5 152500 2
1 2 12 6 152500 2
1 2 12 8 152500 2
1 2 13 3 152500 2
1 2 13 6 152500 2
1 2 7 9 152500 2
1 2 13 8 152500 2
1 2 13 8 152500 2
1 2 14 9 152500 2
1 2 14 4 152500 2
1 2 15 9 152500 2
1 2 15 6 152500 2
1 2 10 6 152500 2
1 2 10 6 152500 2
1 2 1 2 152500 2
1 2 2 2 152500 2
1 2 2 6 152500 2
1 2 2 0 152500 2
1 2 4 8 152500 2
1 2 7 2 152500 2
1 2 8 7 152500 2
1 2 8 2 152500 2
1 2 8 1 152500 2
1 2 10 7 152500 2
1 2 4 5 152500 2
1 2 9 5 153000 2
1 2 15 9 153000 2
1 2 15 0 153000 2
1 2 13 7 153000 2
1 2 12 6 153000 2
1 2 11 9 153000 2
1 2 9 3 153000 2
1 2 9 3 153000 2
1 2 8 9 153000 2
1 2 8 6 153000 2
1 2 2 6 153000 2
1 2 3 4 153000 2
1 2 3 7 153000 2
1 2 5 8 153000 2
1 2 5 7 153000 2
1 2 6 0 153000 2
1 2 7 5 153000 2
1 2 7 9 153000 2
1 2 8 0 153000 2
1 2 4 7 153500 2
1 2 15 3 153500 2
1 2 15 9 153500 2
1 2 14 4 153500 2
1 2 13 6 153500 2
1 2 13 2 153500 2
1 2 13 4 153500 2
1 2 11 7 153500 2
1 2 11 0 153500 2
1 2 11 2 153500 2
1 2 10 5 153500 2
1 2 8 7 153500 2
1 2 0 3 153500 2
1 2 1 3 153500 2
1 2 2 8 153500 2
1 2 3 4 153500 2
1 2 5 4 153500 2
1 2 6 8 153500 2
1 2 6 8 153500 2
1 2 6 4 153500 2
1 2 8 4 153500 2
1 2 5 3 153500 2
1 2 14 2 154000 2
1 2 8 9 154000 2
1 2 8 6 154000 2
1 2 8 3 154000 2
1 2 10 7 154000 2
1 2 11 0 154000 2
1 2 11 0 154000 2
1 2 11 0 154000 2
1 2 12 1 154000 2
1 2 15 5 154000 2
1 2 15 1 154000 2
1 2 2 6 154000 2
1 2 1 2 154000 2
1 2 7 0 154000 2
1 2 2 2 154000 2
1 2 3 4 154000 2
1 2 3 8 154000 2
1 2 3 4 154000 2
1 2 4 1 154000 2
1 2 5 7 154000 2
1 2 5 3 154000 2
1 2 5 1 154000 2
1 2 6 0 154000 2
1 2 7 5 154000 2
1 2 8 9 154500 2
1 2 15 1 154500 2
1 2 15 6 154500 2
1 2 11 4 154500 2
1 2 11 6 154500 2
1 2 10 6 154500 2
1 2 9 4 154500 2
1 2 9 3 154500 2
1 2 8 2 154500 2
1 2 7 9 154500 2
1 2 5 3 154500 2
1 2 5 6 154500 2
1 2 4 6 154500 2
1 2 3 2 154500 2
1 2 2 6 154500 2
1 2 0 4 154500 2
1 2 8 4 154500 2
1 2 8 6 155000 2
1 2 8 4 155000 2
1 2 8 7 155000 2
1 2 9 6 155000 2
1 2 11 0 155000 2
1 2 13 7 155000 2
1 2 13 6 155000 2
1 2 14 4 155000 2
1 2 14 8 155000 2
1 2 15 0 155000 2
1 2 15 2 155000 2
1 2 7 4 155000 2
1 2 8 5 155000 2
1 2 0 4 155000 2
1 2 0 5 155000 2
1 2 0 8 155000 2
1 2 1 6 155000 2
1 2 2 2 155000 2
1 2 2 0 155000 2
1 2 3 5 155000 2
1 2 4 3 155000 2
1 2 5 6 155000 2
1 2 7 9 155000 2
1 2 8 6 155500 2
1 2 15 1 155500 2
1 2 15 3 155500 2
1 2 15 0 155500 2
1 2 14 9 155500 2
1 2 13 8 155500 2
1 2 11 7 155500 2
1 2 11 4 155500 2
1 2 9 5 155500 2
1 2 8 2 155500 2
1 2 8 9 155500 2
1 2 7 9 155500 2
1 2 0 2 155500 2
1 2 1 5 155500 2
1 2 3 2 155500 2
1 2 3 9 155500 2
1 2 4 2 155500 2
1 2 5 4 155500 2
1 2 5 5 155500 2
1 2 5 2 155500 2
1 2 5 6 155500 2
1 2 6 4 155500 2
1 2 8 4 156000 2
1 2 15 2 156000 2
1 2 8 9 156000 2
1 2 8 3 156000 2
1 2 8 3 156000 2
1 2 11 0 156000 2
1 2 11 0 156000 2
1 2 12 4 156000 2
1 2 13 5 156000 2
1 2 14 9 156000 2
1 2 14 8 156000 2
1 2 15 8 156000 2
1 2 15 4 156000 2
1 2 3 4 156000 2
1 2 8 4 156000 2
1 2 2 0 156000 2
1 2 3 8 156000 2
1 2 3 4 156000 2
1 2 3 7 156000 2
1 2 5 9 156000 2
1 2 5 9 156000 2
1 2 5 9 156000 2
1 2 6 0 156000 2
1 2 6 4 156000 2
1 2 6 8 156000 2
1 2 7 7 156000 2
1 2 7 0 156000 2
1 2 8 7 156500 2
1 2 12 3 156500 2
1 2 10 8 156500 2
1 2 11 8 156500 2
1 2 11 0 156500 2
1 2 11 3 156500 2
1 2 11 4 156500 2
1 2 12 6 156500 2
1 2 12 4 156500 2
1 2 13 5 156500 2
1 2 13 8 156500 2
1 2 14 9 156500 2
1 2 15 9 156500 2
1 2 15 2 156500 2
1 2 7 5 156500 2
1 2 7 9 156500 2
1 2 0 4 156500 2
1 2 0 5 156500 2
1 2 2 9 156500 2
1 2 2 4 156500 2
1 2 3 7 156500 2
1 2 3 8 156500 2
1 2 4 5 156500 2
1 2 5 5 156500 2
1 2 6 3 156500 2
1 2 6 0 156500 2
1 2 6 7 156500 2
1 2 7 5 156500 2
1 2 4 3 156500 2
1 2 11 7 157000 2
1 2 11 4 157000 2
1 2 8 0 157000 2
1 2 12 2 157000 2
1 2 12 6 157000 2
1 2 13 7 157000 2
1 2 14 5 157000 2
1 2 14 9 157000 2
1 2 15 6 157000 2
1 2 15 9 157000 2
1 2 9 5 157000 2
1 2 8 4 157000 2
1 2 7 0 157000 2
1 2 5 5 157000 2
1 2 5 4 157000 2
1 2 4 4 157000 2
1 2 3 8 157000 2
1 2 3 4 157000 2
1 2 11 1 157000 2
1 2 8 7 157500 2
1 2 10 8 157500 2
1 2 11 9 157500 2
1 2 11 2 157500 2
1 2 11 3 157500 2
1 2 12 8 157500 2
1 2 13 1 157500 2
1 2 13 4 157500 2
1 2 14 5 157500 2
1 2 14 8 157500 2
1 2 15 0 157500 2
1 2 8 0 157500 2
1 2 8 9 157500 2
1 2 0 3 157500 2
1 2 0 4 157500 2
1 2 2 9 157500 2
1 2 4 8 157500 2
1 2 4 7 157500 2
1 2 5 4 157500 2
1 2 5 1 157500 2
1 2 5 7 157500 2
1 2 7 2 157500 2
1 2 14 4 158000 2
1 2 13 4 158000 2
1 2 13 6 158000 2
1 2 12 8 158000 2
1 2 12 8 158000 2
1 2 12 6 158000 2
1 2 11 5 158000 2
1 2 8 9 158000 2
1 2 8 4 158000 2
1 2 8 6 158000 2
1 2 1 5 158000 2
1 2 2 4 158000 2
1 2 4 9 158000 2
1 2 4 1 158000 2
1 2 5 0 158000 2
1 2 6 1 158000 2
1 2 7 7 158000 2
1 2 15 1 158500 2
1 2 15 0 158500 2
1 2 14 4 158500 2
1 2 14 1 158500 2
1 2 14 0 158500 2
1 2 12 6 158500 2
1 2 11 0 158500 2
1 2 8 2 158500 2
1 2 8 0 158500 2
1 2 5 3 158500 2
1 2 5 4 158500 2
1 2 5 6 158500 2
1 2 4 1 158500 2
1 2 3 4 158500 2
1 2 3 4 158500 2
1 2 2 9 158500 2
1 2 2 0 158500 2
1 2 7 5 158500 2
1 2 11 6 159000 2
1 2 11 0 159000 2
1 2 12 2 159000 2
1 2 12 4 159000 2
1 2 13 8 159000 2
1 2 14 2 159000 2
1 2 14 5 159000 2
1 2 15 9 159000 2
1 2 12 4 159000 2
1 2 8 2 159000 2
1 2 9 0 159000 2
1 2 1 7 159000 2
1 2 3 4 159000 2
1 2 3 8 159000 2
1 2 3 4 159000 2
1 2 4 4 159000 2
1 2 8 1 159000 2
1 2 0 4 159000 2
1 2 8 2 159000 2
1 2 7 5 159500 2
1 2 15 9 159500 2
1 2 15 0 159500 2
1 2 14 7 159500 2
1 2 13 7 159500 2
1 2 11 1 159500 2
1 2 8 7 159500 2
1 2 8 6 159500 2
1 2 5 5 159500 2
1 2 3 8 159500 2
1 2 1 7 159500 2
1 2 1 2 159500 2
1 2 0 5 159500 2
1 2 0 7 159500 2
1 2 0 6 159500 2
1 2 6 0 159500 2
1 2 0 8 159500 2
1 2 15 1 160000 2
1 2 9 5 160000 2
1 2 11 3 160000 2
1 2 11 5 160000 2
1 2 11 7 160000 2
1 2 13 1 160000 2
1 2 14 4 160000 2
1 2 14 3 160000 2
1 2 14 0 160000 2
1 2 15 9 160000 2
1 2 6 3 160000 2
1 2 8 5 160000 2
1 2 8 7 160000 2
1 2 0 3 160000 2
1 2 1 2 160000 2
1 2 1 7 160000 2
1 2 4 4 160000 2
1 2 7 7 160000 2
1 2 7 7 160000 2
1 2 7 2 160000 2
1 2 7 3 160000 2
1 2 8 4 160000 2
1 2 6 8 160500 2
1 2 10 0 160500 2
1 2 10 9 160500 2
1 2 6 6 160500 2
1 2 11 0 160500 2
1 2 12 1 160500 2
1 2 14 2 160500 2
1 2 14 1 160500 2
1 2 14 3 160500 2
1 2 15 4 160500 2
1 2 15 7 160500 2
1 2 15 6 160500 2
1 2 15 3 160500 2
1 2 6 2 160500 2
1 2 6 8 160500 2
1 2 0 1 160500 2
1 2 1 7 160500 2
1 2 2 6 160500 2
1 2 3 3 160500 2
1 2 4 9 160500 2
1 2 4 8 160500 2
1 2 5 8 160500 2
1 2 5 2 160500 2
1 2 6 9 160500 2
1 2 4 3 160500 2
1 2 7 5 161000 2
1 2 15 0 161000 2
1 2 15 2 161000 2
1 2 10 7 161000 2
1 2 10 8 161000 2
1 2 9 3 161000 2
1 2 7 4 161000 2
1 2 7 2 161000 2
1 2 6 1 161000 2
1 2 6 8 161000 2
1 2 6 3 161000 2
1 2 5 2 161000 2
1 2 5 8 161000 2
1 2 4 8 161000 2
1 2 2 5 161000 2
1 2 2 7 161000 2
1 2 0 8 161000 2
1 2 0 3 161000 2
1 2 10 1 161500 2
1 2 11 6 161500 2
1 2 11 0 161500 2
1 2 11 0 161500 2
1 2 12 1 161500 2
1 2 14 7 161500 2
1 2 15 2 161500 2
1 2 2 6 161500 2
1 2 10 8 161500 2
1 2 7 3 161500 2
1 2 7 6 161500 2
1 2 7 7 161500 2
1 2 7 6 161500 2
1 2 6 4 161500 2
1 2 2 2 161500 2
1 2 15 3 162000 2
1 2 15 0 162000 2
1 2 15 0 162000 2
1 2 14 9 162000 2
1 2 13 2 162000 2
1 2 12 7 162000 2
1 2 10 8 162000 2
1 2 10 8 162000 2
1 2 9 1 162000 2
1 2 7 1 162000 2
1 2 7 8 162000 2
1 2 0 4 162000 2
1 2 0 4 162000 2
1 2 0 8 162000 2
1 2 3 1 162000 2
1 2 3 4 162000 2
1 2 4 2 162000 2
1 2 5 7 162000 2
1 2 7 1 162000 2
1 2 8 0 162500 2
1 2 15 7 162500 2
1 2 15 5 162500 2
1 2 14 2 162500 2
1 2 13 5 162500 2
1 2 13 1 162500 2
1 2 11 4 162500 2
1 2 10 9 162500 2
1 2 7 3 162500 2
1 2 6 4 162500 2
1 2 5 8 162500 2
1 2 5 7 162500 2
1 2 3 7 162500 2
1 2 3 6 162500 2
1 2 2 2 162500 2
1 2 1 1 162500 2
1 2 0 4 162500 2
1 2 6 5 162500 2
1 2 15 8 163000 2
1 2 6 5 163000 2
1 2 6 9 163000 2
1 2 7 1 163000 2
1 2 9 2 163000 2
1 2 9 1 163000 2
1 2 10 4 163000 2
1 2 10 1 163000 2
1 2 11 1 163000 2
1 2 14 1 163000 2
1 2 15 4 163000 2
1 2 1 4 163000 2
1 2 6 4 163000 2
1 2 6 2 163000 2
1 2 6 2 163000 2
1 2 5 3 163000 2
1 2 5 3 163000 2
1 2 5 8 163000 2
1 2 5 5 163000 2
1 2 3 0 163000 2
1 2 3 8 163000 2
1 2 3 9 163000 2
1 2 3 7 163000 2
1 2 2 6 163000 2
1 2 9 1 163500 2
1 2 10 1 163500 2
1 2 11 2 163500 2
1 2 7 4 163500 2
1 2 12 8 163500 2
1 2 13 3 163500 2
1 2 15 2 163500 2
1 2 15 7 163500 2
1 2 12 3 163500 2
1 2 6 7 163500 2
1 2 7 9 163500 2
1 2 0 4 163500 2
1 2 1 2 163500 2
1 2 2 6 163500 2
1 2 4 5 163500 2
1 2 4 6 163500 2
1 2 5 1 163500 2
1 2 3 5 163500 2
1 2 10 9 164000 2
1 2 15 1 164000 2
1 2 15 7 164000 2
1 2 14 9 164000 2
1 2 14 4 164000 2
1 2 12 8 164000 2
1 2 12 7 164000 2
1 2 10 0 164000 2
1 2 10 4 164000 2
1 2 9 5 164000 2
1 2 7 3 164000 2
1 2 6 5 164000 2
1 2 0 9 164000 2
1 2 0 5 164000 2
1 2 0 1 164000 2
1 2 0 8 164000 2
1 2 2 6 164000 2
1 2 3 7 164000 2
1 2 4 5 164000 2
1 2 5 8 164000 2
1 2 5 7 164000 2
1 2 7 7 164000 2
1 2 3 9 164000 2
1 2 12 6 164500 2
1 2 6 1 164500 2
1 2 7 5 164500 2
1 2 7 2 164500 2
1 2 8 3 164500 2
1 2 9 2 164500 2
1 2 10 1 164500 2
1 2 11 2 164500 2
1 2 12 2 164500 2
1 2 15 6 164500 2
1 2 15 8 164500 2
1 2 15 6 164500 2
1 2 3 4 164500 2
1 2 6 2 164500 2
1 2 0 0 164500 2
1 2 2 2 164500 2
1 2 3 7 164500 2
1 2 4 4 164500 2
1 2 4 3 164500 2
1 2 4 5 164500 2
1 2 5 2 164500 2
1 2 5 9 164500 2
1 2 6 8 164500 2
1 2 6 3 164500 2
1 2 6 8 164500 2
1 2 14 1 165000 2
1 2 15 4 165000 2
1 2 14 9 165000 2
1 2 12 6 165000 2
1 2 10 8 165000 2
1 2 10 9 165000 2
1 2 8 1 165000 2
1 2 7 9 165000 2
1 2 5 3 165000 2
1 2 5 8 165000 2
1 2 3 5 165000 2
1 2 3 0 165000 2
1 2 0 7 165000 2
1 2 2 0 165000 2
1 2 1 7 165000 2
1 2 5 1 165000 2
1 2 6 1 165500 2
1 2 6 8 165500 2
1 2 6 3 165500 2
1 2 6 3 165500 2
1 2 7 4 165500 2
1 2 8 3 165500 2
1 2 9 1 165500 2
1 2 9 7 165500 2
1 2 12 6 165500 2
1 2 13 4 165500 2
1 2 14 1 165500 2
1 2 15 1 165500 2
1 2 15 7 165500 2
1 2 3 8 165500 2
1 2 0 9 165500 2
1 2 0 7 165500 2
1 2 0 3 165500 2
1 2 0 3 165500 2
1 2 0 1 165500 2
1 2 1 4 165500 2
1 2 1 7 165500 2
1 2 2 7 165500 2
1 2 3 4 165500 2
1 2 3 6 165500 2
1 2 1 1 165500 2
1 2 5 3 165500 2
1 2 7 5 166000 2
1 2 8 9 166000 2
1 2 10 5 166000 2
1 2 10 0 166000 2
1 2 10 3 166000 2
1 2 11 2 166000 2
1 2 12 8 166000 2
1 2 14 9 166000 2
1 2 14 1 166000 2
1 2 15 1 166000 2
1 2 15 7 166000 2
1 2 0 6 166000 2
1 2 6 3 166000 2
1 2 7 5 166000 2
1 2 0 3 166000 2
1 2 0 8 166000 2
1 2 3 4 166000 2
1 2 3 8 166000 2
1 2 4 1 166000 2
1 2 4 1 166000 2
1 2 4 8 166000 2
1 2 5 3 166000 2
1 2 5 7 166000 2
1 2 6 2 166000 2
1 2 7 6 166500 2
1 2 7 5 166500 2
1 2 7 7 166500 2
1 2 8 9 166500 2
1 2 10 7 166500 2
1 2 10 8 166500 2
1 2 10 3 166500 2
1 2 11 4 166500 2
1 2 14 9 166500 2
1 2 15 1 166500 2
1 2 15 2 166500 2
1 2 15 3 166500 2
1 2 0 1 166500 2
1 2 6 2 166500 2
1 2 6 3 166500 2
1 2 0 3 166500 2
1 2 1 1 166500 2
1 2 2 3 166500 2
1 2 3 7 166500 2
1 2 3 0 166500 2
1 2 4 1 166500 2
1 2 5 4 166500 2
1 2 5 7 166500 2
1 2 6 3 166500 2
1 2 6 3 166500 2
1 2 4 7 166500 2
1 2 7 9 167000 2
1 2 8 6 167000 2
1 2 9 5 167000 2
1 2 10 8 167000 2
1 2 10 2 167000 2
1 2 10 9 167000 2
1 2 10 6 167000 2
1 2 11 7 167000 2
1 2 12 2 167000 2
1 2 12 1 167000 2
1 2 14 9 167000 2
1 2 15 3 167000 2
1 2 6 4 167000 2
1 2 7 5 167000 2
1 2 0 6 167000 2
1 2 0 2 167000 2
1 2 0 1 167000 2
1 2 2 7 167000 2
1 2 2 2 167000 2
1 2 3 7 167000 2
1 2 3 4 167000 2
1 2 4 3 167000 2
1 2 4 0 167000 2
1 2 5 8 167000 2
1 2 7 9 167000 2
1 2 13 9 167500 2
1 2 15 7 167500 2
1 2 14 9 167500 2
1 2 12 8 167500 2
1 2 12 3 167500 2
1 2 10 7 167500 2
1 2 10 9 167500 2
1 2 7 8 167500 2
1 2 7 4 167500 2
1 2 6 9 167500 2
1 2 5 3 167500 2
1 2 4 8 167500 2
1 2 3 7 167500 2
1 2 3 3 167500 2
1 2 1 5 167500 2
1 2 0 1 167500 2
1 2 0 2 167500 2
1 2 0 3 167500 2
1 2 7 8 167500 2
1 2 7 1 168000 2
1 2 15 8 168000 2
1 2 7 1 168000 2
1 2 7 3 168000 2
1 2 8 9 168000 2
1 2 10 5 168000 2
1 2 10 1 168000 2
1 2 12 1 168000 2
1 2 12 1 168000 2
1 2 15 2 168000 2
1 2 15 7 168000 2
1 2 0 5 168000 2
1 2 6 7 168000 2
1 2 0 4 168000 2
1 2 0 2 168000 2
1 2 0 7 168000 2
1 2 1 4 168000 2
1 2 1 3 168000 2
1 2 3 1 168000 2
1 2 4 1 168000 2
1 2 5 1 168000 2
1 2 5 7 168000 2
1 2 5 3 168000 2
1 2 3 4 168500 2
1 2 14 1 168500 2
1 2 12 6 168500 2
1 2 11 3 168500 2
1 2 10 1 168500 2
1 2 7 9 168500 2
1 2 6 9 168500 2
1 2 4 6 168500 2
1 2 2 7 168500 2
1 2 1 5 168500 2
1 2 1 3 168500 2
1 2 1 4 168500 2
1 2 0 8 168500 2
1 2 0 8 168500 2
1 2 0 4 168500 2
1 2 3 4 168500 2
1 2 8 7 169000 2
1 2 10 9 169000 2
1 2 10 9 169000 2
1 2 11 6 169000 2
1 2 11 0 169000 2
1 2 11 6 169000 2
1 2 11 7 169000 2
1 2 12 1 169000 2
1 2 15 7 169000 2
1 2 15 0 169000 2
1 2 15 1 169000 2
1 2 0 3 169000 2
1 2 7 4 169000 2
1 2 8 0 169000 2
1 2 0 0 169000 2
1 2 0 4 169000 2
1 2 1 7 169000 2
1 2 2 7 169000 2
1 2 3 1 169000 2
1 2 3 4 169000 2
1 2 5 9 169000 2
1 2 6 1 169000 2
1 2 6 1 169000 2
1 2 7 8 169000 2
1 2 15 6 169500 2
1 2 14 2 169500 2
1 2 14 9 169500 2
1 2 14 4 169500 2
1 2 13 2 169500 2
1 2 13 8 169500 2
1 2 12 2 169500 2
1 2 11 6 169500 2
1 2 10 9 169500 2
1 2 6 4 169500 2
1 2 7 8 169500 2
1 2 3 4 169500 2
1 2 4 6 169500 2
1 2 5 1 169500 2
1 2 5 8 169500 2
1 2 5 6 169500 2
1 2 5 0 169500 2
1 2 6 8 169500 2
1 2 6 3 169500 2
1 2 15 4 170000 2
1 2 15 7 170000 2
1 2 14 0 170000 2
1 2 13 3 170000 2
1 2 12 7 170000 2
1 2 12 5 170000 2
1 2 12 6 170000 2
1 2 8 7 170000 2
1 2 8 9 170000 2
1 2 7 8 170000 2
1 2 6 4 170000 2
1 2 6 6 170000 2
1 2 5 7 170000 2
1 2 4 2 170000 2
1 2 2 7 170000 2
1 2 1 5 170000 2
1 2 0 2 170000 2
1 2 0 7 170000 2
1 2 6 1 170000 2
1 2 5 1 170500 2
1 2 6 3 170500 2
1 2 7 3 170500 2
1 2 8 7 170500 2
1 2 11 6 170500 2
1 2 12 3 170500 2
1 2 14 9 170500 2
1 2 15 3 170500 2
1 2 15 6 170500 2
1 2 4 3 170500 2
1 2 4 6 170500 2
1 2 5 9 170500 2
1 2 0 8 170500 2
1 2 1 7 170500 2
1 2 2 7 170500 2
1 2 3 8 170500 2
1 2 3 7 170500 2
1 2 3 2 170500 2
1 2 4 9 170500 2
1 2 0 1 170500 2
1 2 10 8 171000 2
1 2 15 7 171000 2
1 2 14 9 171000 2
1 2 12 4 171000 2
1 2 11 2 171000 2
1 2 10 1 171000 2
1 2 9 5 171000 2
1 2 5 8 171000 2
1 2 3 4 171000 2
1 2 2 7 171000 2
1 2 1 4 171000 2
1 2 1 8 171000 2
1 2 7 2 171000 2
1 2 0 3 171000 2
1 2 14 2 171500 2
1 2 7 1 171500 2
1 2 9 6 171500 2
1 2 11 1 171500 2
1 2 11 0 171500 2
1 2 12 2 171500 2
1 2 13 5 171500 2
1 2 14 0 171500 2
1 2 14 8 171500 2
1 2 15 1 171500 2
1 2 15 7 171500 2
1 2 15 8 171500 2
1 2 3 9 171500 2
1 2 6 9 171500 2
1 2 1 5 171500 2
1 2 2 3 171500 2
1 2 2 6 171500 2
1 2 2 7 171500 2
1 2 3 8 171500 2
1 2 4 7 171500 2
1 2 4 2 171500 2
1 2 5 2 171500 2
1 2 6 2 171500 2
1 2 6 2 171500 2
1 2 6 8 171500 2
1 2 7 8 171500 2
1 2 1 7 172000 2
1 2 15 0 172000 2
1 2 15 3 172000 2
1 2 14 8 172000 2
1 2 13 5 172000 2
1 2 12 6 172000 2
1 2 9 9 172000 2
1 2 8 7 172000 2
1 2 8 6 172000 2
1 2 6 8 172000 2
1 2 5 6 172000 2
1 2 2 6 172000 2
1 2 8 6 172000 2
1 2 12 8 172500 2
1 2 14 4 172500 2
1 2 13 8 172500 2
1 2 12 6 172500 2
1 2 12 2 172500 2
1 2 10 7 172500 2
1 2 8 6 172500 2
1 2 7 2 172500 2
1 2 6 6 172500 2
1 2 5 3 172500 2
1 2 5 3 172500 2
1 2 6 8 172500 2
1 2 3 8 172500 2
1 2 2 2 172500 2
1 2 1 7 172500 2
1 2 0 0 172500 2
1 2 0 4 172500 2
1 2 10 1 173000 2
1 2 11 4 173000 2
1 2 12 2 173000 2
1 2 12 4 173000 2
1 2 12 6 173000 2
1 2 12 4 173000 2
1 2 13 1 173000 2
1 2 13 3 173000 2
1 2 13 3 173000 2
1 2 14 8 173000 2
1 2 15 2 173000 2
1 2 15 7 173000 2
1 2 6 3 173000 2
1 2 7 8 173000 2
1 2 0 8 173000 2
1 2 0 6 173000 2
1 2 0 3 173000 2
1 2 3 1 173000 2
1 2 4 5 173000 2
1 2 4 7 173000 2
1 2 4 2 173000 2
1 2 8 6 173000 2
1 2 6 8 173000 2
1 2 7 5 173000 2
1 2 7 1 173000 2
1 2 8 6 173500 2
1 2 9 1 173500 2
1 2 10 0 173500 2
1 2 8 1 173500 2
1 2 11 0 173500 2
1 2 12 8 173500 2
1 2 12 8 173500 2
1 2 13 5 173500 2
1 2 15 0 173500 2
1 2 15 1 173500 2
1 2 15 7 173500 2
1 2 15 0 173500 2
1 2 0 1 173500 2
1 2 0 9 173500 2
1 2 7 1 173500 2
1 2 0 9 173500 2
1 2 0 3 173500 2
1 2 1 7 173500 2
1 2 1 9 173500 2
1 2 2 7 173500 2
1 2 2 2 173500 2
1 2 3 9 173500 2
1 2 5 3 173500 2
1 2 5 4 173500 2
1 2 7 9 173500 2
1 2 7 4 173500 2
1 2 4 8 174000 2
1 2 15 4 174000 2
1 2 14 8 174000 2
1 2 13 2 174000 2
1 2 12 2 174000 2
1 2 12 6 174000 2
1 2 9 9 174000 2
1 2 8 1 174000 2
1 2 6 8 174000 2
1 2 4 1 174000 2
1 2 3 1 174000 2
1 2 3 4 174000 2
1 2 2 8 174000 2
1 2 2 8 174000 2
1 2 1 7 174000 2
1 2 0 4 174000 2
1 2 0 8 174000 2
1 2 6 1 174000 2
1 2 9 5 174500 2
1 2 10 5 174500 2
1 2 10 5 174500 2
1 2 10 1 174500 2
1 2 11 0 174500 2
1 2 12 2 174500 2
1 2 13 5 174500 2
1 2 13 1 174500 2
1 2 15 7 174500 2
1 2 15 1 174500 2
1 2 5 5 174500 2
1 2 7 8 174500 2
1 2 8 1 174500 2
1 2 3 5 174500 2
1 2 4 3 174500 2
1 2 4 3 174500 2
1 2 4 0 174500 2
1 2 0 3 174500 2
1 2 6 7 174500 2
1 2 6 5 174500 2
1 2 6 3 174500 2
1 2 10 7 175000 2
1 2 15 6 175000 2
1 2 15 7 175000 2
1 2 14 2 175000 2
1 2 13 8 175000 2
1 2 13 6 175000 2
1 2 13 2 175000 2
1 2 12 2 175000 2
1 2 9 9 175000 2
1 2 7 7 175000 2
1 2 5 7 175000 2
1 2 0 3 175000 2
1 2 1 7 175000 2
1 2 2 7 175000 2
1 2 3 4 175000 2
1 2 3 7 175000 2
1 2 4 4 175000 2
1 2 5 1 175000 2
1 2 5 9 175000 2
1 2 5 1 175000 2
1 2 7 4 175500 2
1 2 8 6 175500 2
1 2 9 2 175500 2
1 2 10 1 175500 2
1 2 11 4 175500 2
1 2 11 0 175500 2
1 2 11 3 175500 2
1 2 11 4 175500 2
1 2 11 1 175500 2
1 2 12 4 175500 2
1 2 12 8 175500 2
1 2 13 5 175500 2
1 2 15 3 175500 2
1 2 15 7 175500 2
1 2 5 9 175500 2
1 2 5 0 175500 2
1 2 0 2 175500 2
1 2 0 0 175500 2
1 2 0 1 175500 2
1 2 1 9 175500 2
1 2 2 2 175500 2
1 2 2 1 175500 2
1 2 3 8 175500 2
1 2 3 3 175500 2
1 2 3 9 175500 2
1 2 3 4 175500 2
1 2 4 1 175500 2
1 2 5 7 175500 2
1 2 7 8 176000 2
1 2 15 4 176000 2
1 2 15 6 176000 2
1 2 14 0 176000 2
1 2 13 5 176000 2
1 2 13 6 176000 2
1 2 11 9 176000 2
1 2 8 9 176000 2
1 2 7 2 176000 2
1 2 6 6 176000 2
1 2 0 7 176000 2
1 2 0 3 176000 2
1 2 1 9 176000 2
1 2 2 2 176000 2
1 2 4 8 176000 2
1 2 5 7 176000 2
1 2 5 3 176000 2
1 2 6 0 176000 2
1 2 0 7 176500 2
1 2 6 5 176500 2
1 2 6 8 176500 2
1 2 6 2 176500 2
1 2 6 8 176500 2
1 2 7 8 176500 2
1 2 7 8 176500 2
1 2 9 9 176500 2
1 2 10 5 176500 2
1 2 10 0 176500 2
1 2 10 9 176500 2
1 2 10 1 176500 2
1 2 12 2 176500 2
1 2 14 3 176500 2
1 2 15 7 176500 2
1 2 5 3 176500 2
1 2 0 0 176500 2
1 2 0 3 176500 2
1 2 0 8 176500 2
1 2 1 4 176500 2
1 2 2 6 176500 2
1 2 2 7 176500 2
1 2 3 8 176500 2
1 2 3 7 176500 2
1 2 3 9 176500 2
1 2 4 4 176500 2
1 2 4 3 176500 2
1 2 5 5 176500 2
1 2 5 7 176500 2
1 2 11 3 177000 2
1 2 15 3 177000 2
1 2 15 6 177000 2
1 2 14 1 177000 2
1 2 14 1 177000 2
1 2 14 9 177000 2
1 2 9 6 177000 2
1 2 8 7 177000 2
1 2 6 4 177000 2
1 2 2 2 177000 2
1 2 5 7 177000 2
1 2 4 0 177000 2
1 2 4 5 177000 2
1 2 3 4 177000 2
1 2 3 3 177000 2
1 2 7 5 177000 2
1 2 6 5 177500 2
1 2 7 4 177500 2
1 2 6 1 177500 2
1 2 8 6 177500 2
1 2 8 6 177500 2
1 2 10 9 177500 2
1 2 11 0 177500 2
1 2 11 7 177500 2
1 2 11 0 177500 2
1 2 12 2 177500 2
1 2 15 6 177500 2
1 2 5 3 177500 2
1 2 0 8 177500 2
1 2 0 8 177500 2
1 2 0 1 177500 2
1 2 0 3 177500 2
1 2 1 8 177500 2
1 2 3 1 177500 2
1 2 3 4 177500 2
1 2 4 1 177500 2
1 2 2 1 177500 2
1 2 6 3 177500 2
1 2 6 9 178000 2
1 2 7 5 178000 2
1 2 7 9 178000 2
1 2 7 8 178000 2
1 2 8 3 178000 2
1 2 9 2 178000 2
1 2 10 0 178000 2
1 2 12 7 178000 2
1 2 14 9 178000 2
1 2 15 6 178000 2
1 2 15 0 178000 2
1 2 1 6 178000 2
1 2 1 6 178000 2
1 2 0 8 178000 2
1 2 0 1 178000 2
1 2 6 9 178000 2
1 2 4 2 178000 2
1 2 4 9 178000 2
1 2 5 1 178000 2
1 2 5 8 178000 2
1 2 5 2 178000 2
1 2 5 1 178000 2
1 2 6 9 178000 2
1 2 7 9 178500 2
1 2 7 1 178500 2
1 2 9 5 178500 2
1 2 9 7 178500 2
1 2 9 0 178500 2
1 2 10 5 178500 2
1 2 11 0 178500 2
1 2 11 4 178500 2
1 2 12 2 178500 2
1 2 14 0 178500 2
1 2 15 6 178500 2
1 2 15 6 178500 2
1 2 15 1 178500 2
1 2 5 8 178500 2
1 2 0 2 178500 2
1 2 6 9 178500 2
1 2 0 1 178500 2
1 2 0 8 178500 2
1 2 3 0 178500 2
1 2 4 1 178500 2
1 2 4 6 178500 2
1 2 5 3 178500 2
1 2 6 3 178500 2
1 2 6 3 178500 2
1 2 5 5 178500 2
1 2 5 3 178500 2
1 2 5 8 178500 2
1 2 6 3 179000 2
1 2 15 6 179000 2
1 2 15 3 179000 2
1 2 15 3 179000 2
1 2 15 5 179000 2
1 2 15 1 179000 2
1 2 14 8 179000 2
1 2 12 2 179000 2
1 2 11 4 179000 2
1 2 10 8 179000 2
1 2 10 0 179000 2
1 2 7 1 179000 2
1 2 6 5 179000 2
1 2 6 4 179000 2
1 2 0 2 179000 2
1 2 0 5 179000 2
1 2 0 8 179000 2
1 2 3 6 179000 2
1 2 3 7 179000 2
1 2 3 8 179000 2
1 2 5 8 179000 2
1 2 5 5 179000 2
1 2 5 4 179000 2
1 2 6 8 179000 2
1 2 9 1 179500 2
1 2 10 2 179500 2
1 2 10 8 179500 2
1 2 11 4 179500 2
1 2 12 1 179500 2
1 2 12 8 179500 2
1 2 5 4 179500 2
1 2 13 3 179500 2
1 2 13 5 179500 2
1 2 13 5 179500 2
1 2 14 1 179500 2
1 2 15 7 179500 2
1 2 15 0 179500 2
1 2 15 4 179500 2
1 2 6 3 179500 2
1 2 6 1 179500 2
1 2 0 5 179500 2
1 2 0 7 179500 2
1 2 1 9 179500 2
1 2 2 7 179500 2
1 2 3 3 179500 2
1 2 3 4 179500 2
1 2 3 8 179500 2
1 2 5 0 179500 2
1 2 5 9 179500 2
1 2 5 2 179500 2
1 2 5 1 179500 2
1 2 7 1 180000 2
1 2 14 0 180000 2
1 2 13 3 180000 2
1 2 12 2 180000 2
1 2 12 1 180000 2
1 2 11 1 180000 2
1 2 11 9 180000 2
1 2 11 4 180000 2
1 2 10 1 180000 2
1 2 10 2 180000 2
1 2 3 4 180000 2
1 2 3 1 180000 2
1 2 2 0 180000 2
1 2 2 7 180000 2
1 2 0 1 180000 2
1 2 0 9 180000 2
1 2 0 2 180000 2
1 2 0 9 180000 2
1 2 8 1 180000 2
1 2 15 2 180500 2
1 2 5 7 180500 2
1 2 5 7 180500 2
1 2 6 5 180500 2
1 2 10 9 180500 2
1 2 11 2 180500 2
1 2 12 1 180500 2
1 2 13 8 180500 2
1 2 13 1 180500 2
1 2 15 4 180500 2
1 2 0 2 180500 2
1 2 4 0 180500 2
1 2 4 4 180500 2
1 2 3 4 180500 2
1 2 3 4 180500 2
1 2 2 4 180500 2
1 2 2 5 180500 2
1 2 1 7 180500 2
1 2 1 5 180500 2
1 2 0 3 180500 2
1 2 0 7 180500 2
1 2 4 9 180500 2
1 2 7 7 181000 2
1 2 9 7 181000 2
1 2 10 8 181000 2
1 2 11 2 181000 2
1 2 12 7 181000 2
1 2 12 8 181000 2
1 2 13 5 181000 2
1 2 14 1 181000 2
1 2 15 6 181000 2
1 2 15 1 181000 2
1 2 2 6 181000 2
1 2 6 3 181000 2
1 2 6 4 181000 2
1 2 1 5 181000 2
1 2 1 1 181000 2
1 2 0 2 181000 2
1 2 2 2 181000 2
1 2 3 4 181000 2
1 2 4 4 181000 2
1 2 4 1 181000 2
1 2 5 8 181000 2
1 2 3 7 181000 2
1 2 8 1 181500 2
1 2 10 8 181500 2
1 2 10 7 181500 2
1 2 10 8 181500 2
1 2 11 6 181500 2
1 2 11 8 181500 2
1 2 12 2 181500 2
1 2 13 9 181500 2
1 2 14 2 181500 2
1 2 14 4 181500 2
1 2 15 0 181500 2
1 2 15 5 181500 2
1 2 15 2 181500 2
1 2 15 7 181500 2
1 2 15 3 181500 2
1 2 7 5 181500 2
1 2 0 9 181500 2
1 2 0 3 181500 2
1 2 0 2 181500 2
1 2 0 4 181500 2
1 2 1 7 181500 2
1 2 1 2 181500 2
1 2 1 1 181500 2
1 2 4 3 181500 2
1 2 5 8 181500 2
1 2 5 0 181500 2
1 2 5 3 181500 2
1 2 6 5 181500 2
1 2 7 1 181500 2
1 2 8 0 181500 2
1 2 15 6 182000 2
1 2 15 7 182000 2
1 2 2 1 182000 2
1 2 14 2 182000 2
1 2 14 4 182000 2
1 2 14 7 182000 2
1 2 10 8 182000 2
1 2 8 9 182000 2
1 2 7 1 182000 2
1 2 6 7 182000 2
1 2 5 1 182000 2
1 2 5 6 182000 2
1 2 4 1 182000 2
1 2 3 8 182000 2
1 2 0 2 182000 2
1 2 0 7 182000 2
1 2 7 0 182000 2
1 2 8 9 182500 2
1 2 8 4 182500 2
1 2 8 2 182500 2
1 2 12 3 182500 2
1 2 13 2 182500 2
1 2 13 8 182500 2
1 2 13 4 182500 2
1 2 14 2 182500 2
1 2 15 7 182500 2
1 2 15 5 182500 2
1 2 7 4 182500 2
1 2 0 3 182500 2
1 2 0 2 182500 2
1 2 4 5 182500 2
1 2 5 7 182500 2
1 2 6 3 182500 2
1 2 6 3 182500 2
1 2 6 1 182500 2
1 2 6 1 182500 2
1 2 6 4 182500 2
1 2 0 0 183000 2
1 2 15 9 183000 2
1 2 15 1 183000 2
1 2 15 6 183000 2
1 2 15 6 183000 2
1 2 14 0 183000 2
1 2 12 2 183000 2
1 2 10 4 183000 2
1 2 8 1 183000 2
1 2 6 3 183000 2
1 2 5 4 183000 2
1 2 5 8 183000 2
1 2 3 3 183000 2
1 2 1 9 183000 2
1 2 1 7 183000 2
1 2 9 1 183000 2
1 2 7 1 183500 2
1 2 7 3 183500 2
1 2 8 7 183500 2
1 2 10 7 183500 2
1 2 10 9 183500 2
1 2 4 9 183500 2
1 2 10 1 183500 2
1 2 11 4 183500 2
1 2 13 5 183500 2
1 2 14 4 183500 2
1 2 14 0 183500 2
1 2 15 3 183500 2
1 2 15 4 183500 2
1 2 6 9 183500 2
1 2 7 8 183500 2
1 2 0 2 183500 2
1 2 1 9 183500 2
1 2 1 5 183500 2
1 2 2 4 183500 2
1 2 3 5 183500 2
1 2 4 6 183500 2
1 2 4 3 183500 2
1 2 4 2 183500 2
1 2 5 0 183500 2
1 2 5 9 183500 2
1 2 3 4 183500 2
1 2 10 0 184000 2
1 2 11 4 184000 2
1 2 7 1 184000 2
1 2 11 4 184000 2
1 2 11 4 184000 2
1 2 12 9 184000 2
1 2 12 6 184000 2
1 2 13 4 184000 2
1 2 14 4 184000 2
1 2 14 9 184000 2
1 2 14 8 184000 2
1 2 15 7 184000 2
1 2 8 7 184000 2
1 2 0 9 184000 2
1 2 1 1 184000 2
1 2 5 6 184000 2
1 2 5 9 184000 2
1 2 5 7 184000 2
1 2 5 1 184000 2
1 2 6 8 184000 2
1 2 6 7 184000 2
1 2 6 4 184000 2
1 2 10 7 184000 2
1 2 15 7 184500 2
1 2 12 4 184500 2
1 2 12 3 184500 2
1 2 10 9 184500 2
1 2 9 1 184500 2
1 2 9 9 184500 2
1 2 8 7 184500 2
1 2 8 9 184500 2
1 2 7 1 184500 2
1 2 5 2 184500 2
1 2 5 8 184500 2
1 2 4 6 184500 2
1 2 3 4 184500 2
1 2 2 2 184500 2
1 2 2 7 184500 2
1 2 1 9 184500 2
1 2 0 8 184500 2
1 2 7 9 184500 2
1 2 7 9 185000 2
1 2 15 3 185000 2
1 2 15 7 185000 2
1 2 12 1 185000 2
1 2 10 9 185000 2
1 2 10 7 185000 2
1 2 9 5 185000 2
1 2 6 8 185000 2
1 2 5 7 185000 2
1 2 4 3 185000 2
1 2 4 2 185000 2
1 2 3 2 185000 2
1 2 3 4 185000 2
1 2 1 7 185000 2
1 2 10 7 185500 2
1 2 3 4 185500 2
1 2 11 0 185500 2
1 2 13 3 185500 2
1 2 14 2 185500 2
1 2 15 4 185500 2
1 2 15 7 185500 2
1 2 15 0 185500 2
1 2 15 0 185500 2
1 2 15 4 185500 2
1 2 6 8 185500 2
1 2 6 8 185500 2
1 2 5 2 185500 2
1 2 4 4 185500 2
1 2 7 8 185500 2
1 2 2 5 185500 2
1 2 0 3 185500 2
1 2 0 2 185500 2
1 2 0 4 185500 2
1 2 5 4 186000 2
1 2 6 4 186000 2
1 2 7 4 186000 2
1 2 8 6 186000 2
1 2 9 6 186000 2
1 2 10 1 186000 2
1 2 13 3 186000 2
1 2 13 2 186000 2
1 2 14 0 186000 2
1 2 15 6 186000 2
1 2 15 3 186000 2
1 2 12 1 186000 2
1 2 5 3 186000 2
1 2 5 2 186000 2
1 2 0 4 186000 2
1 2 0 1 186000 2
1 2 0 4 186000 2
1 2 0 3 186000 2
1 2 2 2 186000 2
1 2 0 5 186000 2
1 2 4 8 186000 2
1 2 4 8 186000 2
1 2 5 3 186000 2
1 2 5 1 186000 2
1 2 7 8 186500 2
1 2 15 4 186500 2
1 2 15 8 186500 2
1 2 14 9 186500 2
1 2 14 4 186500 2
1 2 13 5 186500 2
1 2 12 8 186500 2
1 2 10 8 186500 2
1 2 7 2 186500 2
1 2 5 2 186500 2
1 2 5 2 186500 2
1 2 5 3 186500 2
1 2 4 7 186500 2
1 2 3 7 186500 2
1 2 2 6 186500 2
1 2 1 2 186500 2
1 2 0 1 186500 2
1 2 7 1 187000 2
1 2 3 5 187000 2
1 2 10 8 187000 2
1 2 10 4 187000 2
1 2 10 9 187000 2
1 2 10 1 187000 2
1 2 11 9 187000 2
1 2 12 2 187000 2
1 2 13 7 187000 2
1 2 14 1 187000 2
1 2 15 4 187000 2
1 2 15 0 187000 2
1 2 7 5 187000 2
1 2 7 5 187000 2
1 2 0 9 187000 2
1 2 1 7 187000 2
1 2 3 4 187000 2
1 2 3 7 187000 2
1 2 5 1 187000 2
1 2 5 0 187000 2
1 2 5 4 187000 2
1 2 6 8 187000 2
1 2 6 7 187000 2
1 2 6 5 187000 2
1 2 8 6 187500 2
1 2 9 5 187500 2
1 2 11 9 187500 2
1 2 12 2 187500 2
1 2 12 5 187500 2
1 2 13 6 187500 2
1 2 13 3 187500 2
1 2 13 7 187500 2
1 2 14 2 187500 2
1 2 15 6 187500 2
1 2 15 6 187500 2
1 2 15 6 187500 2
1 2 7 3 187500 2
1 2 7 1 187500 2
1 2 0 8 187500 2
1 2 0 2 187500 2
1 2 0 4 187500 2
1 2 1 7 187500 2
1 2 2 3 187500 2
1 2 4 3 187500 2
1 2 5 7 187500 2
1 2 5 1 187500 2
1 2 6 7 187500 2
1 2 6 1 187500 2
1 2 6 1 187500 2
1 2 11 6 188000 2
1 2 15 1 188000 2
1 2 15 1 188000 2
1 2 15 6 188000 2
1 2 15 0 188000 2
1 2 14 9 188000 2
1 2 13 4 188000 2
1 2 12 5 188000 2
1 2 12 2 188000 2
1 2 9 7 188000 2
1 2 7 4 188000 2
1 2 7 0 188000 2
1 2 6 3 188000 2
1 2 5 7 188000 2
1 2 2 6 188000 2
1 2 0 2 188500 2
1 2 14 1 188500 2
1 2 12 2 188500 2
1 2 12 8 188500 2
1 2 10 2 188500 2
1 2 10 0 188500 2
1 2 9 9 188500 2
1 2 8 7 188500 2
1 2 8 1 188500 2
1 2 7 3 188500 2
1 2 7 5 188500 2
1 2 6 5 188500 2
1 2 5 3 188500 2
1 2 5 8 188500 2
1 2 1 2 188500 2
1 2 1 9 188500 2
1 2 0 0 188500 2
1 2 7 8 188500 2
1 2 7 3 189000 2
1 2 8 6 189000 2
1 2 9 5 189000 2
1 2 10 9 189000 2
1 2 12 2 189000 2
1 2 13 6 189000 2
1 2 14 1 189000 2
1 2 14 9 189000 2
1 2 15 8 189000 2
1 2 11 6 189000 2
1 2 7 6 189000 2
1 2 6 1 189000 2
1 2 6 6 189000 2
1 2 0 7 189000 2
1 2 5 8 189000 2
1 2 5 3 189000 2
1 2 4 8 189000 2
1 2 3 4 189000 2
1 2 2 1 189000 2
1 2 7 4 189000 2
1 2 12 7 189500 2
1 2 15 0 189500 2
1 2 15 8 189500 2
1 2 14 8 189500 2
1 2 13 2 189500 2
1 2 11 2 189500 2
1 2 7 9 189500 2
1 2 8 7 189500 2
1 2 6 1 189500 2
1 2 6 1 189500 2
1 2 6 5 189500 2
1 2 3 6 189500 2
1 2 0 8 189500 2
1 2 10 9 190000 2
1 2 12 2 190000 2
1 2 12 7 190000 2
1 2 12 6 190000 2
1 2 13 2 190000 2
1 2 14 2 190000 2
1 2 14 9 190000 2
1 2 14 8 190000 2
1 2 14 9 190000 2
1 2 14 8 190000 2
1 2 15 6 190000 2
1 2 15 7 190000 2
1 2 15 9 190000 2
1 2 4 8 190000 2
1 2 8 4 190000 2
1 2 8 8 190000 2
1 2 0 2 190000 2
1 2 0 4 190000 2
1 2 1 7 190000 2
1 2 2 9 190000 2
1 2 3 7 190000 2
1 2 3 1 190000 2
1 2 4 4 190000 2
1 2 4 5 190000 2
1 2 6 9 190000 2
1 2 7 1 190000 2
1 2 7 3 190000 2
1 2 9 0 190500 2
1 2 10 5 190500 2
1 2 10 4 190500 2
1 2 10 9 190500 2
1 2 11 5 190500 2
1 2 11 0 190500 2
1 2 11 4 190500 2
1 2 12 8 190500 2
1 2 13 6 190500 2
1 2 14 8 190500 2
1 2 14 9 190500 2
1 2 15 8 190500 2
1 2 3 6 190500 2
1 2 7 1 190500 2
1 2 8 4 190500 2
1 2 0 1 190500 2
1 2 0 7 190500 2
1 2 0 4 190500 2
1 2 3 4 190500 2
1 2 4 6 190500 2
1 2 5 2 190500 2
1 2 5 7 190500 2
1 2 5 1 190500 2
1 2 6 1 190500 2
1 2 6 9 190500 2
1 2 7 2 191000 2
1 2 15 1 191000 2
1 2 14 1 191000 2
1 2 13 8 191000 2
1 2 10 2 191000 2
1 2 10 9 191000 2
1 2 7 4 191000 2
1 2 6 5 191000 2
1 2 5 0 191000 2
1 2 5 8 191000 2
1 2 4 1 191000 2
1 2 1 7 191000 2
1 2 0 1 191000 2
1 2 0 8 191000 2
1 2 0 5 191000 2
1 2 6 5 191000 2
1 2 14 9 191500 2
1 2 7 1 191500 2
1 2 7 7 191500 2
1 2 8 1 191500 2
1 2 8 1 191500 2
1 2 9 9 191500 2
1 2 10 8 191500 2
1 2 11 9 191500 2
1 2 11 3 191500 2
1 2 12 3 191500 2
1 2 12 4 191500 2
1 2 15 7 191500 2
1 2 15 5 191500 2
1 2 2 1 191500 2
1 2 5 4 191500 2
1 2 0 5 191500 2
1 2 0 2 191500 2
1 2 0 8 191500 2
1 2 1 5 191500 2
1 2 1 7 191500 2
1 2 2 3 191500 2
1 2 3 2 191500 2
1 2 3 4 191500 2
1 2 4 8 191500 2
1 2 5 1 191500 2
1 2 6 3 191500 2
1 2 3 7 191500 2
1 2 14 0 192000 2
1 2 10 6 192000 2
1 2 11 9 192000 2
1 2 12 8 192000 2
1 2 12 2 192000 2
1 2 13 5 192000 2
1 2 13 5 192000 2
1 2 14 4 192000 2
1 2 14 3 192000 2
1 2 15 8 192000 2
1 2 15 6 192000 2
1 2 0 1 192000 2
1 2 0 0 192000 2
1 2 9 5 192000 2
1 2 0 1 192000 2
1 2 0 3 192000 2
1 2 1 6 192000 2
1 2 1 2 192000 2
1 2 4 3 192000 2
1 2 7 1 192000 2
1 2 6 3 192000 2
1 2 5 1 192000 2
1 2 4 9 192000 2
1 2 3 4 192000 2
1 2 10 4 192500 2
1 2 15 6 192500 2
1 2 15 9 192500 2
1 2 14 3 192500 2
1 2 13 5 192500 2
1 2 13 1 192500 2
1 2 13 3 192500 2
1 2 12 8 192500 2
1 2 12 2 192500 2
1 2 12 6 192500 2
1 2 11 9 192500 2
1 2 10 5 192500 2
1 2 10 5 192500 2
1 2 9 7 192500 2
1 2 6 8 192500 2
1 2 5 4 192500 2
1 2 4 8 192500 2
1 2 4 4 192500 2
1 2 3 2 192500 2
1 2 3 7 192500 2
1 2 2 4 192500 2
1 2 11 9 192500 2
1 2 8 7 193000 2
1 2 8 7 193000 2
1 2 6 3 193000 2
1 2 8 9 193000 2
1 2 10 9 193000 2
1 2 10 6 193000 2
1 2 11 4 193000 2
1 2 12 6 193000 2
1 2 13 5 193000 2
1 2 15 5 193000 2
1 2 15 3 193000 2
1 2 7 7 193000 2
1 2 8 9 193000 2
1 2 0 5 193000 2
1 2 0 4 193000 2
1 2 2 0 193000 2
1 2 3 2 193000 2
1 2 3 4 193000 2
1 2 4 0 193000 2
1 2 5 4 193000 2
1 2 5 3 193000 2
1 2 8 2 193500 2
1 2 15 2 193500 2
1 2 13 9 193500 2
1 2 13 2 193500 2
1 2 13 9 193500 2
1 2 11 7 193500 2
1 2 10 5 193500 2
1 2 10 8 193500 2
1 2 9 2 193500 2
1 2 8 8 193500 2
1 2 6 9 193500 2
1 2 6 8 193500 2
1 2 6 3 193500 2
1 2 6 2 193500 2
1 2 5 3 193500 2
1 2 4 1 193500 2
1 2 4 3 193500 2
1 2 3 4 193500 2
1 2 2 6 193500 2
1 2 2 5 193500 2
1 2 6 3 193500 2
1 2 2 9 193500 2
1 2 10 9 194000 2
1 2 13 4 194000 2
1 2 9 1 194000 2
1 2 8 3 194000 2
1 2 8 4 194000 2
1 2 8 9 194000 2
1 2 8 7 194000 2
1 2 10 3 194000 2
1 2 11 9 194000 2
1 2 13 6 194000 2
1 2 13 5 194000 2
1 2 14 2 194000 2
1 2 11 4 194000 2
1 2 6 4 194000 2
1 2 6 3 194000 2
1 2 0 8 194000 2
1 2 0 5 194000 2
1 2 1 4 194000 2
1 2 2 5 194000 2
1 2 3 5 194000 2
1 2 3 8 194000 2
1 2 4 5 194000 2
1 2 5 3 194000 2
1 2 5 5 194000 2
1 2 5 8 194000 2
1 2 5 1 194000 2
1 2 13 5 194500 2
1 2 13 1 194500 2
1 2 12 4 194500 2
1 2 12 2 194500 2
1 2 12 1 194500 2
1 2 11 6 194500 2
1 2 11 0 194500 2
1 2 11 7 194500 2
1 2 11 4 194500 2
1 2 11 3 194500 2
1 2 9 1 194500 2
1 2 10 6 194500 2
1 2 0 3 194500 2
1 2 0 6 194500 2
1 2 0 9 194500 2
1 2 4 2 194500 2
1 2 5 8 194500 2
1 2 5 2 194500 2
1 2 6 0 194500 2
1 2 6 7 194500 2
1 2 15 5 195000 2
1 2 15 2 195000 2
1 2 12 6 195000 2
1 2 11 0 195000 2
1 2 10 4 195000 2
1 2 8 8 195000 2
1 2 8 7 195000 2
1 2 8 4 195000 2
1 2 7 9 195000 2
1 2 7 7 195000 2
1 2 6 4 195000 2
1 2 6 1 195000 2
1 2 5 7 195000 2
1 2 4 7 195000 2
1 2 3 4 195000 2
1 2 2 6 195000 2
1 2 1 4 195000 2
1 2 0 4 195000 2
1 2 6 7 195000 2
1 2 7 8 195500 2
1 2 8 7 195500 2
1 2 8 8 195500 2
1 2 8 4 195500 2
1 2 8 8 195500 2
1 2 8 3 195500 2
1 2 9 2 195500 2
1 2 11 9 195500 2
1 2 11 9 195500 2
1 2 13 9 195500 2
1 2 6 4 195500 2
1 2 6 0 195500 2
1 2 0 2 195500 2
1 2 0 8 195500 2
1 2 4 4 195500 2
1 2 4 6 195500 2
1 2 4 4 195500 2
1 2 5 9 195500 2
1 2 5 5 195500 2
1 2 5 5 195500 2
1 2 5 9 195500 2
1 2 6 7 196000 2
1 2 15 2 196000 2
1 2 15 4 196000 2
1 2 14 9 196000 2
1 2 14 0 196000 2
1 2 13 6 196000 2
1 2 12 4 196000 2
1 2 11 9 196000 2
1 2 10 6 196000 2
1 2 8 1 196000 2
1 2 6 3 196000 2
1 2 0 6 196000 2
1 2 2 8 196000 2
1 2 3 8 196000 2
1 2 3 7 196000 2
1 2 4 3 196000 2
1 2 4 7 196000 2
1 2 5 5 196000 2
1 2 5 9 196000 2
1 2 0 4 196500 2
1 2 13 4 196500 2
1 2 11 0 196500 2
1 2 11 4 196500 2
1 2 11 7 196500 2
1 2 9 0 196500 2
1 2 8 9 196500 2
1 2 8 4 196500 2
1 2 8 0 196500 2
1 2 6 4 196500 2
1 2 5 3 196500 2
1 2 5 2 196500 2
1 2 4 6 196500 2
1 2 3 7 196500 2
1 2 3 5 196500 2
1 2 2 8 196500 2
1 2 1 6 196500 2
1 2 0 4 196500 2
1 2 6 3 196500 2
1 2 11 2 197000 2
1 2 11 4 197000 2
1 2 11 7 197000 2
1 2 12 6 197000 2
1 2 13 2 197000 2
1 2 13 5 197000 2
1 2 14 0 197000 2
1 2 14 9 197000 2
1 2 15 6 197000 2
1 2 15 8 197000 2
1 2 5 4 197000 2
1 2 8 2 197000 2
1 2 10 9 197000 2
1 2 0 4 197000 2
1 2 2 4 197000 2
1 2 3 4 197000 2
1 2 4 4 197000 2
1 2 4 2 197000 2
1 2 4 9 197000 2
1 2 5 3 197000 2
1 2 0 9 197000 2
1 2 8 7 197000 2
1 2 14 8 197500 2
1 2 13 3 197500 2
1 2 12 5 197500 2
1 2 12 5 197500 2
1 2 11 4 197500 2
1 2 10 9 197500 2
1 2 8 6 197500 2
1 2 8 8 197500 2
1 2 6 7 197500 2
1 2 6 4 197500 2
1 2 4 2 197500 2
1 2 4 4 197500 2
1 2 3 4 197500 2
1 2 0 8 197500 2
1 2 0 8 197500 2
1 2 0 5 197500 2
1 2 7 4 197500 2
1 2 10 6 198000 2
1 2 6 9 198000 2
1 2 11 9 198000 2
1 2 11 6 198000 2
1 2 11 7 198000 2
1 2 12 4 198000 2
1 2 12 4 198000 2
1 2 12 5 198000 2
1 2 13 3 198000 2
1 2 13 5 198000 2
1 2 15 7 198000 2
1 2 9 6 198000 2
1 2 7 8 198000 2
1 2 5 9 198000 2
1 2 4 2 198000 2
1 2 3 4 198000 2
1 2 2 8 198000 2
1 2 1 2 198000 2
1 2 1 0 198000 2
1 2 0 8 198000 2
1 2 0 8 198000 2
1 2 13 4 198500 2
1 2 13 2 198500 2
1 2 9 4 198500 2
1 2 9 6 198500 2
1 2 9 3 198500 2
1 2 5 6 198500 2
1 2 3 4 198500 2
1 2 3 4 198500 2
1 2 0 1 198500 2
1 2 3 8 198500 2
1 2 6 1 198500 2
1 2 8 3 199000 2
1 2 9 5 199000 2
1 2 9 9 199000 2
1 2 10 9 199000 2
1 2 11 7 199000 2
1 2 11 9 199000 2
1 2 11 7 199000 2
1 2 12 4 199000 2
1 2 13 8 199000 2
1 2 14 4 199000 2
1 2 14 9 199000 2
1 2 15 0 199000 2
1 2 15 6 199000 2
1 2 7 7 199000 2
1 2 0 3 199000 2
1 2 0 7 199000 2
1 2 0 5 199000 2
1 2 0 8 199000 2
1 2 1 9 199000 2
1 2 2 6 199000 2
1 2 4 4 199000 2
1 2 5 5 199000 2
1 2 5 3 199000 2
1 2 6 0 199000 2
1 2 5 5 199000 2
1 2 7 2 199000 2
1 2 8 9 199000 2
1 2 7 5 199500 2
1 2 7 8 199500 2
1 2 8 8 199500 2
1 2 10 1 199500 2
1 2 10 4 199500 2
1 2 11 4 199500 2
1 2 12 6 199500 2
1 2 13 4 199500 2
1 2 13 6 199500 2
1 2 14 2 199500 2
1 2 14 4 199500 2
1 2 2 2 199500 2
1 2 5 9 199500 2
1 2 0 3 199500 2
1 2 0 8 199500 2
1 2 2 9 199500 2
1 2 6 1 199500 2
1 2 3 4 199500 2
1 2 3 8 199500 2
1 2 4 6 199500 2
1 2 4 5 199500 2
1 2 5 5 199500 2
1 2 5 9 199500 2
1 2 5 5 199500 2
1 2 9 6 200000 2
1 2 9 0 200000 2
1 2 9 7 200000 2
1 2 9 1 200000 2
1 2 8 8 200000 2
1 2 10 5 200000 2
1 2 10 9 200000 2
1 2 10 1 200000 2
1 2 10 4 200000 2
1 2 11 1 200000 2
1 2 11 0 200000 2
1 2 12 6 200000 2
1 2 12 2 200000 2
1 2 12 5 200000 2
1 2 15 8 200000 2
1 2 4 8 200000 2
1 2 2 8 200000 2
1 2 8 4 200000 2
1 2 0 8 200000 2
1 2 0 8 200000 2
1 2 2 5 200000 2
1 2 5 9 200000 2
1 2 5 9 200000 2
1 2 5 7 200000 2
1 2 6 8 200000 2
1 2 8 6 200000 2
1 2 8 8 200000 2
1 2 8 2 200000 2
1 2 7 7 200000 2
1 2 6 1 200000 2
1 2 5 4 200000 2
1 2 6 6 200500 2
1 2 15 3 200500 2
1 2 11 5 200500 2
1 2 11 6 200500 2
1 2 10 4 200500 2
1 2 10 9 200500 2
1 2 8 2 200500 2
1 2 7 4 200500 2
1 2 7 7 200500 2
1 2 6 8 200500 2
1 2 5 9 200500 2
1 2 6 3 200500 2
1 2 0 6 200500 2
1 2 0 3 200500 2
1 2 2 9 200500 2
1 2 2 4 200500 2
1 2 3 4 200500 2
1 2 3 2 200500 2
1 2 4 3 200500 2
1 2 5 9 200500 2
1 2 7 4 201000 2
1 2 9 0 201000 2
1 2 5 2 201000 2
1 2 10 7 201000 2
1 2 10 1 201000 2
1 2 10 5 201000 2
1 2 10 8 201000 2
1 2 10 3 201000 2
1 2 11 7 201000 2
1 2 12 1 201000 2
1 2 12 5 201000 2
1 2 13 8 201000 2
1 2 14 8 201000 2
1 2 15 5 201000 2
1 2 6 8 201000 2
1 2 6 3 201000 2
1 2 0 5 201000 2
1 2 0 5 201000 2
1 2 0 3 201000 2
1 2 2 2 201000 2
1 2 4 9 201000 2
1 2 4 2 201000 2
1 2 5 9 201000 2
1 2 5 4 201000 2
1 2 5 3 201000 2
1 2 5 5 201000 2
1 2 5 3 201000 2
1 2 9 1 201500 2
1 2 15 5 201500 2
1 2 14 8 201500 2
1 2 13 1 201500 2
1 2 11 2 201500 2
1 2 10 6 201500 2
1 2 8 2 201500 2
1 2 7 5 201500 2
1 2 6 1 201500 2
1 2 6 8 201500 2
1 2 5 3 201500 2
1 2 2 4 201500 2
1 2 0 4 201500 2
1 2 7 4 201500 2
1 2 13 4 202000 2
1 2 9 1 202000 2
1 2 10 4 202000 2
1 2 11 1 202000 2
1 2 11 4 202000 2
1 2 11 7 202000 2
1 2 11 3 202000 2
1 2 11 7 202000 2
1 2 12 9 202000 2
1 2 12 7 202000 2
1 2 13 1 202000 2
1 2 13 2 202000 2
1 2 14 9 202000 2
1 2 15 3 202000 2
1 2 15 7 202000 2
1 2 5 7 202000 2
1 2 8 8 202000 2
1 2 0 1 202000 2
1 2 0 8 202000 2
1 2 0 8 202000 2
1 2 1 7 202000 2
1 2 1 6 202000 2
1 2 2 8 202000 2
1 2 3 9 202000 2
1 2 5 5 202000 2
1 2 5 9 202000 2
1 2 5 7 202000 2
1 2 6 8 202000 2
1 2 7 7 202000 2
1 2 8 3 202000 2
1 2 4 8 202000 2
1 2 15 1 202500 2
1 2 8 0 202500 2
1 2 8 8 202500 2
1 2 10 1 202500 2
1 2 11 6 202500 2
1 2 12 6 202500 2
1 2 12 5 202500 2
1 2 12 8 202500 2
1 2 13 4 202500 2
1 2 14 1 202500 2
1 2 15 6 202500 2
1 2 3 5 202500 2
1 2 6 3 202500 2
1 2 7 0 202500 2
1 2 1 4 202500 2
1 2 3 0 202500 2
1 2 0 6 202500 2
1 2 3 4 202500 2
1 2 4 6 202500 2
1 2 5 3 202500 2
1 2 6 1 202500 2
1 2 6 3 202500 2
1 2 6 8 202500 2
1 2 5 9 202500 2
1 2 7 1 203000 2
1 2 7 9 203000 2
1 2 8 4 203000 2
1 2 8 7 203000 2
1 2 8 8 203000 2
1 2 10 6 203000 2
1 2 11 7 203000 2
1 2 11 0 203000 2
1 2 12 8 203000 2
1 2 12 5 203000 2
1 2 14 9 203000 2
1 2 14 0 203000 2
1 2 15 2 203000 2
1 2 15 6 203000 2
1 2 6 8 203000 2
1 2 0 4 203000 2
1 2 0 9 203000 2
1 2 1 7 203000 2
1 2 2 6 203000 2
1 2 3 8 203000 2
1 2 4 0 203000 2
1 2 4 2 203000 2
1 2 6 7 203000 2
1 2 6 3 203000 2
1 2 6 2 203000 2
1 2 6 9 203000 2
1 2 6 9 203000 2
1 2 4 6 203000 2
1 2 9 6 203500 2
1 2 10 6 203500 2
1 2 11 1 203500 2
1 2 11 7 203500 2
1 2 11 0 203500 2
1 2 12 8 203500 2
1 2 12 4 203500 2
1 2 5 8 203500 2
1 2 13 7 203500 2
1 2 13 1 203500 2
1 2 13 5 203500 2
1 2 14 3 203500 2
1 2 15 2 203500 2
1 2 8 4 203500 2
1 2 9 3 203500 2
1 2 0 3 203500 2
1 2 0 8 203500 2
1 2 3 4 203500 2
1 2 4 2 203500 2
1 2 4 2 203500 2
1 2 6 6 203500 2
1 2 6 9 203500 2
1 2 6 4 203500 2
1 2 8 6 203500 2
1 2 8 8 203500 2
1 2 4 2 204000 2
1 2 15 5 204000 2
1 2 13 1 204000 2
1 2 13 7 204000 2
1 2 12 4 204000 2
1 2 12 5 204000 2
1 2 11 0 204000 2
1 2 9 5 204000 2
1 2 6 2 204000 2
1 2 5 4 204000 2
1 2 5 3 204000 2
1 2 5 3 204000 2
1 2 3 4 204000 2
1 2 3 5 204000 2
1 2 3 4 204000 2
1 2 2 2 204000 2
1 2 1 7 204000 2
1 2 1 7 204000 2
1 2 1 4 204000 2
1 2 0 4 204000 2
1 2 0 8 204000 2
1 2 8 1 204500 2
1 2 9 1 204500 2
1 2 10 9 204500 2
1 2 10 6 204500 2
1 2 12 6 204500 2
1 2 13 5 204500 2
1 2 13 6 204500 2
1 2 14 8 204500 2
1 2 15 4 204500 2
1 2 15 3 204500 2
1 2 6 3 204500 2
1 2 7 3 204500 2
1 2 0 8 204500 2
1 2 0 8 204500 2
1 2 2 3 204500 2
1 2 2 2 204500 2
1 2 3 4 204500 2
1 2 3 4 204500 2
1 2 3 3 204500 2
1 2 4 8 204500 2
1 2 5 1 204500 2
1 2 15 1 205000 2
1 2 10 9 205000 2
1 2 10 4 205000 2
1 2 11 6 205000 2
1 2 12 5 205000 2
1 2 12 5 205000 2
1 2 13 3 205000 2
1 2 13 5 205000 2
1 2 14 1 205000 2
1 2 14 8 205000 2
1 2 15 6 205000 2
1 2 0 9 205000 2
1 2 9 4 205000 2
1 2 0 3 205000 2
1 2 4 1 205000 2
1 2 5 8 205000 2
1 2 6 9 205000 2
1 2 6 8 205000 2
1 2 7 4 205000 2
1 2 7 8 205000 2
1 2 8 7 205000 2
1 2 8 3 205000 2
1 2 9 3 205000 2
1 2 8 4 205500 2
1 2 13 1 205500 2
1 2 13 4 205500 2
1 2 11 0 205500 2
1 2 11 7 205500 2
1 2 10 4 205500 2
1 2 10 9 205500 2
1 2 8 2 205500 2
1 2 8 8 205500 2
1 2 5 5 205500 2
1 2 5 3 205500 2
1 2 4 1 205500 2
1 2 3 7 205500 2
1 2 3 4 205500 2
1 2 2 6 205500 2
1 2 0 1 205500 2
1 2 0 4 205500 2
1 2 5 5 205500 2
1 2 9 3 206000 2
1 2 10 9 206000 2
1 2 10 5 206000 2
1 2 10 7 206000 2
1 2 11 7 206000 2
1 2 11 6 206000 2
1 2 11 7 206000 2
1 2 12 6 206000 2
1 2 13 3 206000 2
1 2 13 1 206000 2
1 2 14 4 206000 2
1 2 15 5 206000 2
1 2 8 7 206000 2
1 2 8 1 206000 2
1 2 0 4 206000 2
1 2 2 5 206000 2
1 2 3 4 206000 2
1 2 3 5 206000 2
1 2 3 8 206000 2
1 2 4 8 206000 2
1 2 5 5 206000 2
1 2 5 9 206000 2
1 2 6 3 206000 2
1 2 6 7 206000 2
1 2 7 2 206000 2
1 2 11 7 206500 2
1 2 15 3 206500 2
1 2 13 6 206500 2
1 2 13 3 206500 2
1 2 12 4 206500 2
1 2 11 0 206500 2
1 2 9 2 206500 2
1 2 9 0 206500 2
1 2 8 7 206500 2
1 2 8 6 206500 2
1 2 6 8 206500 2
1 2 6 4 206500 2
1 2 5 3 206500 2
1 2 5 9 206500 2
1 2 0 4 206500 2
1 2 4 0 206500 2
1 2 4 8 206500 2
1 2 4 3 206500 2
1 2 0 7 206500 2
1 2 7 4 206500 2
1 2 9 6 207000 2
1 2 15 2 207000 2
1 2 14 0 207000 2
1 2 12 8 207000 2
1 2 10 9 207000 2
1 2 10 1 207000 2
1 2 7 9 207000 2
1 2 5 5 207000 2
1 2 5 9 207000 2
1 2 4 8 207000 2
1 2 2 9 207000 2
1 2 8 4 207000 2
1 2 8 3 207500 2
1 2 8 8 207500 2
1 2 9 6 207500 2
1 2 12 7 207500 2
1 2 12 6 207500 2
1 2 12 6 207500 2
1 2 13 6 207500 2
1 2 13 4 207500 2
1 2 14 4 207500 2
1 2 14 8 207500 2
1 2 11 1 207500 2
1 2 7 9 207500 2
1 2 7 4 207500 2
1 2 2 2 207500 2
1 2 2 9 207500 2
1 2 3 7 207500 2
1 2 4 1 207500 2
1 2 5 4 207500 2
1 2 5 1 207500 2
1 2 6 7 207500 2
1 2 0 4 207500 2
1 2 6 9 207500 2
1 2 11 9 208000 2
1 2 6 8 208000 2
1 2 7 9 208000 2
1 2 6 8 208000 2
1 2 7 4 208000 2
1 2 8 8 208000 2
1 2 8 9 208000 2
1 2 10 6 208000 2
1 2 11 8 208000 2
1 2 12 1 208000 2
1 2 12 6 208000 2
1 2 15 6 208000 2
1 2 2 5 208000 2
1 2 6 5 208000 2
1 2 0 8 208000 2
1 2 2 6 208000 2
1 2 3 5 208000 2
1 2 3 2 208000 2
1 2 4 2 208000 2
1 2 4 6 208000 2
1 2 4 9 208000 2
1 2 5 6 208000 2
1 2 5 3 208000 2
1 2 5 7 208000 2
1 2 5 1 208500 2
1 2 15 4 208500 2
1 2 13 4 208500 2
1 2 11 4 208500 2
1 2 11 1 208500 2
1 2 10 4 208500 2
1 2 10 6 208500 2
1 2 7 8 208500 2
1 2 5 3 208500 2
1 2 4 7 208500 2
1 2 3 6 208500 2
1 2 2 5 208500 2
1 2 1 0 208500 2
1 2 0 6 208500 2
1 2 0 8 208500 2
1 2 6 0 208500 2
1 2 8 3 209000 2
1 2 11 0 209000 2
1 2 11 6 209000 2
1 2 11 0 209000 2
1 2 12 4 209000 2
1 2 13 5 209000 2
1 2 13 8 209000 2
1 2 15 6 209000 2
1 2 15 2 209000 2
1 2 15 3 209000 2
1 2 11 0 209000 2
1 2 7 9 209000 2
1 2 8 8 209000 2
1 2 2 0 209000 2
1 2 3 5 209000 2
1 2 5 4 209000 2
1 2 5 3 209000 2
1 2 5 2 209000 2
1 2 5 9 209000 2
1 2 7 2 209000 2
1 2 0 4 209000 2
1 2 7 7 209000 2
1 2 8 7 209500 2
1 2 15 2 209500 2
1 2 13 8 209500 2
1 2 12 7 209500 2
1 2 11 4 209500 2
1 2 11 0 209500 2
1 2 10 4 209500 2
1 2 10 1 209500 2
1 2 9 4 209500 2
1 2 8 7 209500 2
1 2 8 9 209500 2
1 2 8 7 209500 2
1 2 0 9 209500 2
1 2 0 5 209500 2
1 2 1 4 209500 2
1 2 2 6 209500 2
1 2 4 0 209500 2
1 2 5 9 209500 2
1 2 5 8 209500 2
1 2 6 0 209500 2
1 2 7 3 209500 2
1 2 2 5 210000 2
1 2 15 8 210000 2
1 2 15 2 210000 2
1 2 13 1 210000 2
1 2 12 6 210000 2
1 2 11 1 210000 2
1 2 10 7 210000 2
1 2 10 8 210000 2
1 2 9 1 210000 2
1 2 8 8 210000 2
1 2 8 7 210000 2
1 2 7 4 210000 2
1 2 6 0 210000 2
1 2 5 5 210000 2
1 2 3 8 210000 2
1 2 3 4 210000 2
1 2 3 4 210000 2
1 2 8 9 210000 2
1 2 0 2 210000 2
1 2 6 0 210500 2
1 2 7 3 210500 2
1 2 7 3 210500 2
1 2 8 4 210500 2
1 2 8 8 210500 2
1 2 8 7 210500 2
1 2 9 1 210500 2
1 2 10 8 210500 2
1 2 11 6 210500 2
1 2 12 2 210500 2
1 2 13 3 210500 2
1 2 13 6 210500 2
1 2 14 1 210500 2
1 2 15 0 210500 2
1 2 5 3 210500 2
1 2 6 2 210500 2
1 2 6 4 210500 2
1 2 0 4 210500 2
1 2 0 8 210500 2
1 2 1 4 210500 2
1 2 2 3 210500 2
1 2 2 9 210500 2
1 2 2 5 210500 2
1 2 3 5 210500 2
1 2 4 8 210500 2
1 2 4 4 210500 2
1 2 5 6 210500 2
1 2 5 0 210500 2
1 2 3 5 210500 2
1 2 6 7 211000 2
1 2 7 9 211000 2
1 2 8 5 211000 2
1 2 10 6 211000 2
1 2 11 1 211000 2
1 2 11 4 211000 2
1 2 11 4 211000 2
1 2 12 3 211000 2
1 2 12 8 211000 2
1 2 13 1 211000 2
1 2 13 4 211000 2
1 2 13 4 211000 2
1 2 14 0 211000 2
1 2 15 6 211000 2
1 2 15 2 211000 2
1 2 15 0 211000 2
1 2 6 3 211000 2
1 2 0 8 211000 2
1 2 0 6 211000 2
1 2 0 8 211000 2
1 2 2 0 211000 2
1 2 2 6 211000 2
1 2 3 5 211000 2
1 2 4 2 211000 2
1 2 4 2 211000 2
1 2 5 3 211000 2
1 2 5 3 211000 2
1 2 5 5 211000 2
1 2 5 8 211000 2
1 2 6 8 211000 2
1 2 4 8 211000 2
1 2 5 2 211500 2
1 2 5 2 211500 2
1 2 7 9 211500 2
1 2 8 2 211500 2
1 2 8 2 211500 2
1 2 9 9 211500 2
1 2 10 4 211500 2
1 2 11 0 211500 2
1 2 12 6 211500 2
1 2 13 3 211500 2
1 2 13 5 211500 2
1 2 14 1 211500 2
1 2 0 2 211500 2
1 2 3 4 211500 2
1 2 4 3 211500 2
1 2 0 5 211500 2
1 2 0 9 211500 2
1 2 0 3 211500 2
1 2 1 4 211500 2
1 2 2 9 211500 2
1 2 2 8 211500 2
1 2 2 4 211500 2
1 2 3 8 211500 2
1 2 3 4 211500 2
1 2 3 5 211500 2
1 2 6 8 212000 2
1 2 14 9 212000 2
1 2 13 4 212000 2
1 2 13 2 212000 2
1 2 13 7 212000 2
1 2 12 6 212000 2
1 2 11 9 212000 2
1 2 10 8 212000 2
1 2 9 5 212000 2
1 2 9 0 212000 2
1 2 8 8 212000 2
1 2 8 6 212000 2
1 2 5 8 212000 2
1 2 5 9 212000 2
1 2 4 6 212000 2
1 2 4 3 212000 2
1 2 3 8 212000 2
1 2 2 9 212000 2
1 2 2 6 212000 2
1 2 2 9 212000 2
1 2 1 7 212000 2
1 2 0 9 212000 2
1 2 7 7 212500 2
1 2 8 9 212500 2
1 2 8 4 212500 2
1 2 8 3 212500 2
1 2 11 4 212500 2
1 2 12 4 212500 2
1 2 13 5 212500 2
1 2 13 5 212500 2
1 2 14 9 212500 2
1 2 2 3 212500 2
1 2 5 2 212500 2
1 2 5 8 212500 2
1 2 5 9 212500 2
1 2 4 6 212500 2
1 2 4 4 212500 2
1 2 3 5 212500 2
1 2 3 4 212500 2
1 2 2 0 212500 2
1 2 5 2 212500 2
1 2 8 0 213000 2
1 2 8 4 213000 2
1 2 8 7 213000 2
1 2 8 2 213000 2
1 2 10 5 213000 2
1 2 10 8 213000 2
1 2 10 5 213000 2
1 2 10 4 213000 2
1 2 13 6 213000 2
1 2 13 4 213000 2
1 2 14 8 213000 2
1 2 14 9 213000 2
1 2 15 5 213000 2
1 2 15 8 213000 2
1 2 1 6 213000 2
1 2 8 0 213000 2
1 2 8 7 213000 2
1 2 0 5 213000 2
1 2 0 2 213000 2
1 2 0 3 213000 2
1 2 2 8 213000 2
1 2 4 4 213000 2
1 2 5 3 213000 2
1 2 5 9 213000 2
1 2 6 0 213000 2
1 2 6 3 213000 2
1 2 6 9 213000 2
1 2 7 7 213000 2
1 2 8 6 213000 2
1 2 13 4 213500 2
1 2 12 8 213500 2
1 2 12 6 213500 2
1 2 11 4 213500 2
1 2 10 4 213500 2
1 2 10 6 213500 2
1 2 10 6 213500 2
1 2 9 8 213500 2
1 2 7 3 213500 2
1 2 8 9 213500 2
1 2 6 4 213500 2
1 2 6 1 213500 2
1 2 5 3 213500 2
1 2 5 4 213500 2
1 2 3 9 213500 2
1 2 2 7 213500 2
1 2 2 8 213500 2
1 2 0 3 213500 2
1 2 7 4 213500 2
1 2 8 8 214000 2
1 2 10 4 214000 2
1 2 5 6 214000 2
1 2 10 3 214000 2
1 2 11 2 214000 2
1 2 11 0 214000 2
1 2 11 4 214000 2
1 2 12 8 214000 2
1 2 13 7 214000 2
1 2 14 0 214000 2
1 2 15 0 214000 2
1 2 6 8 214000 2
1 2 8 7 214000 2
1 2 0 8 214000 2
1 2 0 6 214000 2
1 2 0 6 214000 2
1 2 0 3 214000 2
1 2 2 8 214000 2
1 2 3 8 214000 2
1 2 3 8 214000 2
1 2 4 8 214000 2
1 2 5 2 214000 2
1 2 10 3 214500 2
1 2 15 1 214500 2
1 2 15 9 214500 2
1 2 15 1 214500 2
1 2 14 4 214500 2
1 2 13 3 214500 2
1 2 13 2 214500 2
1 2 12 6 214500 2
1 2 12 6 214500 2
1 2 11 9 214500 2
1 2 11 1 214500 2
1 2 8 3 214500 2
1 2 8 7 214500 2
1 2 6 3 214500 2
1 2 6 0 214500 2
1 2 5 5 214500 2
1 2 5 7 214500 2
1 2 3 4 214500 2
1 2 0 6 214500 2
1 2 8 6 215000 2
1 2 8 5 215000 2
1 2 10 7 215000 2
1 2 10 8 215000 2
1 2 10 6 215000 2
1 2 14 2 215000 2
1 2 14 0 215000 2
1 2 15 8 215000 2
1 2 3 7 215000 2
1 2 7 7 215000 2
1 2 6 3 215000 2
1 2 5 5 215000 2
1 2 5 8 215000 2
1 2 4 0 215000 2
1 2 4 1 215000 2
1 2 4 7 215000 2
1 2 7 7 215000 2
1 2 8 7 215500 2
1 2 8 9 215500 2
1 2 10 6 215500 2
1 2 10 4 215500 2
1 2 11 2 215500 2
1 2 11 0 215500 2
1 2 12 6 215500 2
1 2 3 2 215500 2
1 2 12 4 215500 2
1 2 12 5 215500 2
1 2 13 8 215500 2
1 2 13 2 215500 2
1 2 14 3 215500 2
1 2 15 8 215500 2
1 2 0 8 215500 2
1 2 7 4 215500 2
1 2 0 1 215500 2
1 2 2 2 215500 2
1 2 2 9 215500 2
1 2 2 8 215500 2
1 2 3 5 215500 2
1 2 5 7 215500 2
1 2 7 9 215500 2
1 2 7 7 215500 2
1 2 6 3 215500 2
1 2 5 9 215500 2
1 2 5 9 215500 2
1 2 8 7 216000 2
1 2 15 6 216000 2
1 2 14 3 216000 2
1 2 13 5 216000 2
1 2 13 2 216000 2
1 2 13 1 216000 2
1 2 12 9 216000 2
1 2 12 1 216000 2
1 2 11 6 216000 2
1 2 10 5 216000 2
1 2 10 5 216000 2
1 2 6 3 216000 2
1 2 5 4 216000 2
1 2 5 5 216000 2
1 2 4 4 216000 2
1 2 3 4 216000 2
1 2 3 7 216000 2
1 2 2 5 216000 2
1 2 2 3 216000 2
1 2 0 5 216000 2
1 2 6 0 216000 2
1 2 8 6 216500 2
1 2 8 1 216500 2
1 2 8 3 216500 2
1 2 11 6 216500 2
1 2 11 9 216500 2
1 2 11 0 216500 2
1 2 12 4 216500 2
1 2 12 4 216500 2
1 2 13 8 216500 2
1 2 14 8 216500 2
1 2 15 1 216500 2
1 2 8 8 216500 2
1 2 7 4 216500 2
1 2 7 4 216500 2
1 2 0 8 216500 2
1 2 2 9 216500 2
1 2 2 9 216500 2
1 2 3 4 216500 2
1 2 5 9 216500 2
1 2 5 9 216500 2
1 2 6 1 216500 2
1 2 0 6 216500 2
1 2 7 8 216500 2
1 2 5 3 216500 2
1 2 9 6 217000 2
1 2 9 1 217000 2
1 2 11 7 217000 2
1 2 11 9 217000 2
1 2 11 4 217000 2
1 2 11 9 217000 2
1 2 11 4 217000 2
1 2 12 2 217000 2
1 2 13 4 217000 2
1 2 13 2 217000 2
1 2 15 4 217000 2
1 2 6 7 217000 2
1 2 8 7 217000 2
1 2 0 6 217000 2
1 2 1 8 217000 2
1 2 1 1 217000 2
1 2 2 2 217000 2
1 2 3 7 217000 2
1 2 4 7 217000 2
1 2 4 1 217000 2
1 2 5 8 217000 2
1 2 6 0 217000 2
1 2 6 3 217000 2
1 2 6 8 217000 2
1 2 10 7 217500 2
1 2 10 6 217500 2
1 2 11 7 217500 2
1 2 11 9 217500 2
1 2 12 6 217500 2
1 2 12 4 217500 2
1 2 13 2 217500 2
1 2 13 8 217500 2
1 2 14 3 217500 2
1 2 15 2 217500 2
1 2 15 8 217500 2
1 2 8 2 217500 2
1 2 9 7 217500 2
1 2 0 8 217500 2
1 2 0 4 217500 2
1 2 2 6 217500 2
1 2 5 3 217500 2
1 2 5 3 217500 2
1 2 6 0 217500 2
1 2 6 3 217500 2
1 2 6 0 217500 2
1 2 7 4 217500 2
1 2 15 8 218000 2
1 2 14 1 218000 2
1 2 14 5 218000 2
1 2 13 5 218000 2
1 2 13 1 218000 2
1 2 11 4 218000 2
1 2 10 6 218000 2
1 2 10 5 218000 2
1 2 8 8 218000 2
1 2 8 2 218000 2
1 2 8 7 218000 2
1 2 0 8 218000 2
1 2 7 4 218000 2
1 2 0 3 218000 2
1 2 2 5 218000 2
1 2 3 8 218000 2
1 2 4 5 218000 2
1 2 4 6 218000 2
1 2 5 8 218000 2
1 2 6 8 218000 2
1 2 6 7 218000 2
1 2 7 6 218000 2
1 2 7 3 218000 2
1 2 6 9 218500 2
1 2 15 7 218500 2
1 2 14 1 218500 2
1 2 13 4 218500 2
1 2 12 4 218500 2
1 2 11 0 218500 2
1 2 11 8 218500 2
1 2 10 6 218500 2
1 2 8 3 218500 2
1 2 8 8 218500 2
1 2 5 2 218500 2
1 2 5 5 218500 2
1 2 4 0 218500 2
1 2 4 2 218500 2
1 2 3 5 218500 2
1 2 3 7 218500 2
1 2 2 2 218500 2
1 2 0 2 218500 2
1 2 0 9 218500 2
1 2 5 3 218500 2
1 2 6 8 219000 2
1 2 8 6 219000 2
1 2 8 5 219000 2
1 2 8 4 219000 2
1 2 9 6 219000 2
1 2 10 1 219000 2
1 2 10 8 219000 2
1 2 11 2 219000 2
1 2 12 6 219000 2
1 2 13 5 219000 2
1 2 15 5 219000 2
1 2 10 7 219000 2
1 2 6 4 219000 2
1 2 6 2 219000 2
1 2 1 6 219000 2
1 2 2 5 219000 2
1 2 2 5 219000 2
1 2 3 5 219000 2
1 2 4 2 219000 2
1 2 0 9 219000 2
1 2 4 8 219000 2
1 2 5 5 219000 2
1 2 5 7 219000 2
1 2 5 4 219000 2
1 2 10 6 219500 2
1 2 15 7 219500 2
1 2 14 4 219500 2
1 2 13 4 219500 2
1 2 13 4 219500 2
1 2 13 7 219500 2
1 2 12 8 219500 2
1 2 11 8 219500 2
1 2 10 8 219500 2
1 2 8 8 219500 2
1 2 8 3 219500 2
1 2 0 6 219500 2
1 2 1 6 219500 2
1 2 2 7 219500 2
1 2 2 8 219500 2
1 2 3 8 219500 2
1 2 3 4 219500 2
1 2 3 4 219500 2
1 2 4 4 219500 2
1 2 6 4 219500 2
1 2 8 1 219500 2
1 2 6 9 220000 2
1 2 7 7 220000 2
1 2 7 9 220000 2
1 2 9 5 220000 2
1 2 9 7 220000 2
1 2 10 6 220000 2
1 2 10 1 220000 2
1 2 11 7 220000 2
1 2 11 9 220000 2
1 2 13 1 220000 2
1 2 13 5 220000 2
1 2 13 6 220000 2
1 2 13 1 220000 2
1 2 13 1 220000 2
1 2 15 3 220000 2
1 2 6 4 220000 2
1 2 6 8 220000 2
1 2 1 4 220000 2
1 2 2 7 220000 2
1 2 3 4 220000 2
1 2 3 4 220000 2
1 2 4 1 220000 2
1 2 4 4 220000 2
1 2 5 2 220000 2
1 2 5 2 220000 2
1 2 5 9 220000 2
1 2 5 1 220000 2
1 2 6 1 220000 2
1 2 6 2 220000 2
1 2 5 3 220000 2
1 2 12 8 220500 2
1 2 12 6 220500 2
1 2 13 8 220500 2
1 2 13 9 220500 2
1 2 14 2 220500 2
1 2 14 8 220500 2
1 2 15 8 220500 2
1 2 15 6 220500 2
1 2 15 3 220500 2
1 2 15 1 220500 2
1 2 12 2 220500 2
1 2 10 7 220500 2
1 2 0 3 220500 2
1 2 1 4 220500 2
1 2 1 6 220500 2
1 2 3 4 220500 2
1 2 5 5 220500 2
1 2 6 8 220500 2
1 2 6 7 220500 2
1 2 7 8 220500 2
1 2 7 9 220500 2
1 2 10 7 220500 2
1 2 0 6 221000 2
1 2 7 3 221000 2
1 2 8 9 221000 2
1 2 8 3 221000 2
1 2 8 5 221000 2
1 2 9 2 221000 2
1 2 9 0 221000 2
1 2 10 7 221000 2
1 2 11 6 221000 2
1 2 11 2 221000 2
1 2 12 4 221000 2
1 2 12 8 221000 2
1 2 14 8 221000 2
1 2 15 4 221000 2
1 2 15 5 221000 2
1 2 6 8 221000 2
1 2 0 2 221000 2
1 2 0 8 221000 2
1 2 0 3 221000 2
1 2 2 5 221000 2
1 2 2 4 221000 2
1 2 3 8 221000 2
1 2 3 4 221000 2
1 2 4 8 221000 2
1 2 4 7 221000 2
1 2 5 0 221000 2
1 2 5 4 221000 2
1 2 6 4 221000 2
1 2 7 5 221000 2
1 2 4 6 221000 2
1 2 8 9 221500 2
1 2 8 2 221500 2
1 2 11 4 221500 2
1 2 5 3 221500 2
1 2 12 8 221500 2
1 2 13 1 221500 2
1 2 13 8 221500 2
1 2 13 4 221500 2
1 2 14 3 221500 2
1 2 15 8 221500 2
1 2 6 3 221500 2
1 2 8 9 221500 2
1 2 0 7 221500 2
1 2 0 1 221500 2
1 2 1 6 221500 2
1 2 3 8 221500 2
1 2 4 6 221500 2
1 2 5 5 221500 2
1 2 6 0 221500 2
1 2 6 8 221500 2
1 2 15 3 222000 2
1 2 15 5 222000 2
1 2 12 6 222000 2
1 2 12 8 222000 2
1 2 11 7 222000 2
1 2 11 4 222000 2
1 2 11 1 222000 2
1 2 10 5 222000 2
1 2 8 7 222000 2
1 2 7 4 222000 2
1 2 8 5 222000 2
1 2 0 8 222000 2
1 2 0 8 222000 2
1 2 3 9 222000 2
1 2 3 8 222000 2
1 2 5 3 222000 2
1 2 5 4 222000 2
1 2 6 3 222000 2
1 2 6 2 222000 2
1 2 13 9 222500 2
1 2 12 2 222500 2
1 2 12 8 222500 2
1 2 11 0 222500 2
1 2 11 0 222500 2
1 2 10 6 222500 2
1 2 10 9 222500 2
1 2 8 4 222500 2
1 2 6 4 222500 2
1 2 5 5 222500 2
1 2 5 4 222500 2
1 2 2 4 222500 2
1 2 0 5 222500 2
1 2 0 3 222500 2
1 2 9 6 222500 2
1 2 8 1 223000 2
1 2 8 4 223000 2
1 2 8 3 223000 2
1 2 9 0 223000 2
1 2 10 9 223000 2
1 2 10 4 223000 2
1 2 11 0 223000 2
1 2 11 9 223000 2
1 2 11 1 223000 2
1 2 12 6 223000 2
1 2 13 4 223000 2
1 2 15 5 223000 2
1 2 7 1 223000 2
1 2 7 7 223000 2
1 2 8 9 223000 2
1 2 0 1 223000 2
1 2 1 4 223000 2
1 2 2 5 223000 2
1 2 3 8 223000 2
1 2 4 1 223000 2
1 2 5 9 223000 2
1 2 5 5 223000 2
1 2 5 7 223000 2
1 2 6 2 223000 2
1 2 0 8 223000 2
1 2 4 4 223000 2
1 2 8 7 223500 2
1 2 9 1 223500 2
1 2 9 7 223500 2
1 2 10 1 223500 2
1 2 11 8 223500 2
1 2 11 6 223500 2
1 2 12 9 223500 2
1 2 12 9 223500 2
1 2 12 6 223500 2
1 2 13 7 223500 2
1 2 13 5 223500 2
1 2 15 6 223500 2
1 2 15 2 223500 2
1 2 15 6 223500 2
1 2 6 3 223500 2
1 2 6 3 223500 2
1 2 0 4 223500 2
1 2 1 0 223500 2
1 2 2 9 223500 2
1 2 2 6 223500 2
1 2 3 5 223500 2
1 2 4 4 223500 2
1 2 4 8 223500 2
1 2 4 8 223500 2
1 2 5 3 223500 2
1 2 6 3 223500 2
1 2 6 0 223500 2
1 2 6 2 224000 2
1 2 6 4 224000 2
1 2 8 9 224000 2
1 2 8 9 224000 2
1 2 8 8 224000 2
1 2 8 8 224000 2
1 2 9 0 224000 2
1 2 10 1 224000 2
1 2 11 8 224000 2
1 2 11 8 224000 2
1 2 11 9 224000 2
1 2 11 4 224000 2
1 2 15 1 224000 2
1 2 5 9 224000 2
1 2 6 4 224000 2
1 2 0 4 224000 2
1 2 0 6 224000 2
1 2 1 9 224000 2
1 2 2 6 224000 2
1 2 3 5 224000 2
1 2 4 0 224000 2
1 2 5 9 224000 2
1 2 5 9 224000 2
1 2 5 3 224000 2
1 2 5 2 224000 2
1 2 4 5 224000 2
1 2 6 8 224500 2
1 2 7 9 224500 2
1 2 9 6 224500 2
1 2 10 9 224500 2
1 2 10 9 224500 2
1 2 11 3 224500 2
1 2 12 8 224500 2
1 2 12 2 224500 2
1 2 12 7 224500 2
1 2 12 7 224500 2
1 2 13 5 224500 2
1 2 14 1 224500 2
1 2 6 3 224500 2
1 2 2 0 224500 2
1 2 0 1 224500 2
1 2 6 0 224500 2
1 2 0 2 224500 2
1 2 1 3 224500 2
1 2 3 5 224500 2
1 2 3 8 224500 2
1 2 4 5 224500 2
1 2 5 6 224500 2
1 2 5 5 224500 2
1 2 5 8 224500 2
1 2 5 6 224500 2
1 2 5 7 224500 2
1 2 13 4 225000 2
1 2 7 9 225000 2
1 2 9 9 225000 2
1 2 10 9 225000 2
1 2 10 2 225000 2
1 2 10 7 225000 2
1 2 6 3 225000 2
1 2 11 4 225000 2
1 2 11 6 225000 2
1 2 11 0 225000 2
1 2 12 2 225000 2
1 2 12 8 225000 2
1 2 12 6 225000 2
1 2 14 9 225000 2
1 2 10 6 225000 2
1 2 6 2 225000 2
1 2 6 6 225000 2
1 2 0 4 225000 2
1 2 0 2 225000 2
1 2 0 1 225000 2
1 2 1 5 225000 2
1 2 2 4 225000 2
1 2 2 1 225000 2
1 2 3 8 225000 2
1 2 3 2 225000 2
1 2 3 4 225000 2
1 2 4 7 225000 2
1 2 5 8 225000 2
1 2 5 9 225000 2
1 2 3 7 225000 2
1 2 9 2 225500 2
1 2 9 6 225500 2
1 2 11 9 225500 2
1 2 11 2 225500 2
1 2 11 7 225500 2
1 2 12 6 225500 2
1 2 12 8 225500 2
1 2 13 9 225500 2
1 2 15 9 225500 2
1 2 15 7 225500 2
1 2 7 3 225500 2
1 2 7 2 225500 2
1 2 0 1 225500 2
1 2 1 5 225500 2
1 2 2 5 225500 2
1 2 4 1 225500 2
1 2 4 2 225500 2
1 2 5 5 225500 2
1 2 5 9 225500 2
1 2 7 7 225500 2
1 2 7 7 225500 2
1 2 6 3 226000 2
1 2 10 9 226000 2
1 2 10 1 226000 2
1 2 10 9 226000 2
1 2 11 3 226000 2
1 2 11 8 226000 2
1 2 12 8 226000 2
1 2 12 7 226000 2
1 2 12 2 226000 2
1 2 12 2 226000 2
1 2 12 4 226000 2
1 2 13 0 226000 2
1 2 14 4 226000 2
1 2 7 1 226000 2
1 2 1 4 226000 2
1 2 2 9 226000 2
1 2 3 4 226000 2
1 2 3 8 226000 2
1 2 4 5 226000 2
1 2 4 7 226000 2
1 2 5 5 226000 2
1 2 5 5 226000 2
1 2 5 3 226000 2
1 2 6 0 226000 2
1 2 8 9 226000 2
1 2 13 3 226500 2
1 2 12 1 226500 2
1 2 5 6 226500 2
1 2 12 4 226500 2
1 2 12 2 226500 2
1 2 11 4 226500 2
1 2 9 4 226500 2
1 2 2 9 226500 2
1 2 1 3 226500 2
1 2 12 4 226500 2
1 2 11 7 227000 2
1 2 14 4 227000 2
1 2 12 6 227000 2
1 2 12 6 227000 2
1 2 11 3 227000 2
1 2 10 9 227000 2
1 2 7 3 227000 2
1 2 6 8 227000 2
1 2 5 6 227000 2
1 2 4 6 227000 2
1 2 4 7 227000 2
1 2 6 2 227000 2
1 2 4 6 227000 2
1 2 3 5 227000 2
1 2 2 8 227000 2
1 2 2 8 227000 2
1 2 0 3 227000 2
1 2 10 9 227500 2
1 2 11 3 227500 2
1 2 11 6 227500 2
1 2 11 6 227500 2
1 2 12 6 227500 2
1 2 12 6 227500 2
1 2 12 5 227500 2
1 2 12 4 227500 2
1 2 13 9 227500 2
1 2 13 5 227500 2
1 2 13 5 227500 2
1 2 15 8 227500 2
1 2 6 8 227500 2
1 2 9 3 227500 2
1 2 0 3 227500 2
1 2 0 1 227500 2
1 2 1 2 227500 2
1 2 2 9 227500 2
1 2 2 7 227500 2
1 2 4 4 227500 2
1 2 6 3 227500 2
1 2 5 3 227500 2
1 2 6 9 227500 2
1 2 7 6 227500 2
1 2 7 3 227500 2
1 2 10 9 227500 2
1 2 10 1 228000 2
1 2 10 6 228000 2
1 2 11 3 228000 2
1 2 12 1 228000 2
1 2 12 6 228000 2
1 2 13 8 228000 2
1 2 13 8 228000 2
1 2 14 1 228000 2
1 2 14 3 228000 2
1 2 14 0 228000 2
1 2 14 1 228000 2
1 2 9 3 228000 2
1 2 9 6 228000 2
1 2 1 7 228000 2
1 2 2 9 228000 2
1 2 2 1 228000 2
1 2 3 5 228000 2
1 2 4 1 228000 2
1 2 4 3 228000 2
1 2 4 3 228000 2
1 2 4 8 228000 2
1 2 5 5 228000 2
1 2 5 3 228000 2
1 2 6 4 228000 2
1 2 7 3 228000 2
1 2 3 8 228500 2
1 2 12 2 228500 2
1 2 12 7 228500 2
1 2 12 9 228500 2
1 2 11 4 228500 2
1 2 11 3 228500 2
1 2 7 5 228500 2
1 2 6 2 228500 2
1 2 5 9 228500 2
1 2 2 9 228500 2
1 2 0 7 228500 2
1 2 4 6 229000 2
1 2 13 7 229000 2
1 2 12 7 229000 2
1 2 10 9 229000 2
1 2 10 5 229000 2
1 2 9 1 229000 2
1 2 7 9 229000 2
1 2 6 9 229000 2
1 2 1 4 229000 2
1 2 4 3 229000 2
1 2 4 2 229000 2
1 2 1 2 229000 2
1 2 7 9 229000 2
1 2 6 9 229500 2
1 2 15 2 229500 2
1 2 14 4 229500 2
1 2 13 8 229500 2
1 2 7 3 229500 2
1 2 7 4 229500 2
1 2 7 5 229500 2
1 2 6 0 229500 2
1 2 4 2 229500 2
1 2 4 8 229500 2
1 2 2 9 229500 2
1 2 2 7 229500 2
1 2 1 9 229500 2
1 2 5 9 230000 2
1 2 5 9 230000 2
1 2 5 7 230000 2
1 2 6 9 230000 2
1 2 6 3 230000 2
1 2 7 5 230000 2
1 2 11 8 230000 2
1 2 12 7 230000 2
1 2 12 1 230000 2
1 2 14 4 230000 2
1 2 14 9 230000 2
1 2 15 2 230000 2
1 2 4 1 230000 2
1 2 4 9 230000 2
1 2 5 5 230000 2
1 2 1 3 230000 2
1 2 1 2 230000 2
1 2 2 6 230000 2
1 2 2 9 230000 2
1 2 2 9 230000 2
1 2 3 1 230000 2
1 2 4 5 230000 2
1 2 4 7 230000 2
1 2 4 3 230000 2
1 2 4 4 230000 2
1 2 0 4 230000 2
1 2 8 7 230500 2
1 2 14 9 230500 2
1 2 13 9 230500 2
1 2 13 8 230500 2
1 2 12 5 230500 2
1 2 11 6 230500 2
1 2 11 1 230500 2
1 2 10 3 230500 2
1 2 9 0 230500 2
1 2 7 7 230500 2
1 2 7 4 230500 2
1 2 5 9 230500 2
1 2 4 6 230500 2
1 2 4 7 230500 2
1 2 4 1 230500 2
1 2 4 4 230500 2
1 2 4 7 230500 2
1 2 2 9 230500 2
1 2 7 1 230500 2
1 2 0 3 230500 2
1 2 11 1 231000 2
1 2 13 5 231000 2
1 2 11 9 231000 2
1 2 11 6 231000 2
1 2 10 2 231000 2
1 2 10 9 231000 2
1 2 7 3 231000 2
1 2 7 7 231000 2
1 2 12 8 231000 2
1 2 12 9 231000 2
1 2 12 2 231000 2
1 2 13 2 231000 2
1 2 13 6 231000 2
1 2 14 7 231000 2
1 2 13 5 231000 2
1 2 6 9 231000 2
1 2 7 6 231000 2
1 2 0 3 231000 2
1 2 0 4 231000 2
1 2 1 5 231000 2
1 2 2 6 231000 2
1 2 2 9 231000 2
1 2 2 1 231000 2
1 2 2 4 231000 2
1 2 4 7 231000 2
1 2 4 6 231000 2
1 2 5 9 231000 2
1 2 5 5 231000 2
1 2 6 1 231000 2
1 2 6 0 231000 2
1 2 3 4 231000 2
1 2 9 1 231500 2
1 2 9 3 231500 2
1 2 10 6 231500 2
1 2 11 9 231500 2
1 2 11 7 231500 2
1 2 12 7 231500 2
1 2 12 8 231500 2
1 2 13 5 231500 2
1 2 13 7 231500 2
1 2 14 5 231500 2
1 2 14 5 231500 2
1 2 15 5 231500 2
1 2 7 8 231500 2
1 2 8 1 231500 2
1 2 0 9 231500 2
1 2 0 2 231500 2
1 2 0 1 231500 2
1 2 2 6 231500 2
1 2 4 7 231500 2
1 2 5 9 231500 2
1 2 5 3 231500 2
1 2 6 1 231500 2
1 2 7 5 231500 2
1 2 7 9 231500 2
1 2 4 2 231500 2
1 2 8 9 232000 2
1 2 8 8 232000 2
1 2 8 7 232000 2
1 2 5 9 232000 2
1 2 9 1 232000 2
1 2 10 6 232000 2
1 2 11 1 232000 2
1 2 11 8 232000 2
1 2 12 1 232000 2
1 2 13 6 232000 2
1 2 13 9 232000 2
1 2 14 9 232000 2
1 2 7 7 232000 2
1 2 0 2 232000 2
1 2 1 4 232000 2
1 2 2 7 232000 2
1 2 2 4 232000 2
1 2 2 9 232000 2
1 2 4 7 232000 2
1 2 4 5 232000 2
1 2 4 3 232000 2
1 2 5 4 232000 2
1 2 7 8 232000 2
1 2 0 4 232500 2
1 2 15 5 232500 2
1 2 13 7 232500 2
1 2 13 8 232500 2
1 2 12 2 232500 2
1 2 11 1 232500 2
1 2 11 5 232500 2
1 2 7 1 232500 2
1 2 6 3 232500 2
1 2 5 5 232500 2
1 2 4 5 232500 2
1 2 3 4 232500 2
1 2 8 4 232500 2
1 2 8 9 233000 2
1 2 13 5 233000 2
1 2 11 3 233000 2
1 2 11 8 233000 2
1 2 12 9 233000 2
1 2 12 2 233000 2
1 2 12 6 233000 2
1 2 12 8 233000 2
1 2 13 4 233000 2
1 2 13 8 233000 2
1 2 13 2 233000 2
1 2 7 9 233000 2
1 2 7 8 233000 2
1 2 0 5 233000 2
1 2 0 9 233000 2
1 2 0 8 233000 2
1 2 2 4 233000 2
1 2 2 9 233000 2
1 2 3 7 233000 2
1 2 5 4 233000 2
1 2 6 2 233000 2
1 2 7 5 233000 2
1 2 7 9 233000 2
1 2 15 7 233500 2
1 2 15 9 233500 2
1 2 15 6 233500 2
1 2 14 2 233500 2
1 2 12 3 233500 2
1 2 12 8 233500 2
1 2 11 6 233500 2
1 2 7 1 233500 2
1 2 10 9 233500 2
1 2 8 0 233500 2
1 2 8 8 233500 2
1 2 7 5 233500 2
1 2 6 3 233500 2
1 2 5 3 233500 2
1 2 5 9 233500 2
1 2 4 1 233500 2
1 2 4 3 233500 2
1 2 3 5 233500 2
1 2 2 0 233500 2
1 2 12 7 234000 2
1 2 14 5 234000 2
1 2 13 3 234000 2
1 2 12 4 234000 2
1 2 12 2 234000 2
1 2 10 6 234000 2
1 2 8 6 234000 2
1 2 6 0 234000 2
1 2 5 9 234000 2
1 2 0 3 234000 2
1 2 3 7 234000 2
1 2 2 0 234000 2
1 2 2 5 234000 2
1 2 0 1 234000 2
1 2 6 2 234000 2
1 2 5 9 234500 2
1 2 5 6 234500 2
1 2 6 2 234500 2
1 2 7 5 234500 2
1 2 10 5 234500 2
1 2 11 0 234500 2
1 2 12 9 234500 2
1 2 12 2 234500 2
1 2 12 5 234500 2
1 2 13 6 234500 2
1 2 14 4 234500 2
1 2 4 0 234500 2
1 2 0 4 234500 2
1 2 0 4 234500 2
1 2 0 1 234500 2
1 2 2 7 234500 2
1 2 2 6 234500 2
1 2 3 5 234500 2
1 2 3 8 234500 2
1 2 3 0 234500 2
1 2 4 9 234500 2
1 2 4 8 234500 2
1 2 4 6 234500 2
1 2 6 8 235000 2
1 2 7 5 235000 2
1 2 8 0 235000 2
1 2 12 9 235000 2
1 2 12 6 235000 2
1 2 12 4 235000 2
1 2 13 5 235000 2
1 2 13 5 235000 2
1 2 14 0 235000 2
1 2 0 9 235000 2
1 2 6 2 235000 2
1 2 6 0 235000 2
1 2 5 8 235000 2
1 2 4 2 235000 2
1 2 4 3 235000 2
1 2 3 2 235000 2
1 2 3 8 235000 2
1 2 1 8 235000 2
1 2 6 2 235000 2
1 2 11 3 235500 2
1 2 11 8 235500 2
1 2 8 9 235500 2
1 2 11 1 235500 2
1 2 12 8 235500 2
1 2 12 7 235500 2
1 2 12 7 235500 2
1 2 12 5 235500 2
1 2 14 7 235500 2
1 2 14 3 235500 2
1 2 14 3 235500 2
1 2 14 0 235500 2
1 2 8 6 235500 2
1 2 9 5 235500 2
1 2 1 3 235500 2
1 2 2 4 235500 2
1 2 4 7 235500 2
1 2 4 4 235500 2
1 2 5 9 235500 2
1 2 5 5 235500 2
1 2 6 8 235500 2
1 2 6 9 235500 2
1 2 7 4 235500 2
1 2 14 4 236000 2
1 2 12 8 236000 2
1 2 12 6 236000 2
1 2 12 1 236000 2
1 2 12 5 236000 2
1 2 10 9 236000 2
1 2 10 9 236000 2
1 2 7 5 236000 2
1 2 7 9 236000 2
1 2 6 7 236000 2
1 2 6 1 236000 2
1 2 6 3 236000 2
1 2 6 2 236000 2
1 2 0 3 236000 2
1 2 0 7 236000 2
1 2 1 9 236000 2
1 2 2 0 236000 2
1 2 2 4 236000 2
1 2 2 1 236000 2
1 2 4 9 236000 2
1 2 4 9 236000 2
1 2 5 9 236000 2
1 2 14 9 236500 2
1 2 14 0 236500 2
1 2 13 2 236500 2
1 2 13 7 236500 2
1 2 13 5 236500 2
1 2 13 6 236500 2
1 2 13 3 236500 2
1 2 12 8 236500 2
1 2 11 8 236500 2
1 2 7 3 236500 2
1 2 6 8 236500 2
1 2 5 7 236500 2
1 2 0 8 236500 2
1 2 0 4 236500 2
1 2 0 1 236500 2
1 2 2 9 236500 2
1 2 2 9 236500 2
1 2 3 4 236500 2
1 2 4 1 236500 2
1 2 4 6 236500 2
1 2 5 8 236500 2
1 2 6 9 236500 2
1 2 1 3 237000 2
1 2 14 9 237000 2
1 2 13 5 237000 2
1 2 12 6 237000 2
1 2 12 4 237000 2
1 2 12 6 237000 2
1 2 11 3 237000 2
1 2 10 9 237000 2
1 2 10 5 237000 2
1 2 8 9 237000 2
1 2 10 8 237000 2
1 2 3 5 237000 2
1 2 3 0 237000 2
1 2 5 9 237000 2
1 2 6 8 237000 2
1 2 6 8 237000 2
1 2 8 1 237000 2
1 2 5 3 237000 2
1 2 10 9 237500 2
1 2 10 9 237500 2
1 2 10 6 237500 2
1 2 11 3 237500 2
1 2 11 4 237500 2
1 2 12 8 237500 2
1 2 12 8 237500 2
1 2 12 5 237500 2
1 2 13 8 237500 2
1 2 13 5 237500 2
1 2 14 0 237500 2
1 2 15 2 237500 2
1 2 15 6 237500 2
1 2 15 6 237500 2
1 2 9 6 237500 2
1 2 0 2 237500 2
1 2 2 1 237500 2
1 2 2 5 237500 2
1 2 3 7 237500 2
1 2 4 7 237500 2
1 2 4 2 237500 2
1 2 6 6 237500 2
1 2 6 1 237500 2
1 2 7 7 237500 2
1 2 7 7 237500 2
1 2 7 2 237500 2
1 2 9 3 237500 2
1 2 4 3 237500 2
1 2 8 4 238000 2
1 2 8 6 238000 2
1 2 9 9 238000 2
1 2 10 9 238000 2
1 2 11 2 238000 2
1 2 11 2 238000 2
1 2 12 3 238000 2
1 2 13 1 238000 2
1 2 2 0 238000 2
1 2 14 8 238000 2
1 2 7 5 238000 2
1 2 7 6 238000 2
1 2 1 3 238000 2
1 2 2 4 238000 2
1 2 4 7 238000 2
1 2 5 5 238000 2
1 2 5 9 238000 2
1 2 6 6 238000 2
1 2 6 3 238000 2
1 2 6 8 238000 2
1 2 7 1 238500 2
1 2 7 7 238500 2
1 2 7 9 238500 2
1 2 9 5 238500 2
1 2 10 7 238500 2
1 2 11 1 238500 2
1 2 11 6 238500 2
1 2 12 4 238500 2
1 2 12 8 238500 2
1 2 12 5 238500 2
1 2 13 6 238500 2
1 2 13 3 238500 2
1 2 14 7 238500 2
1 2 14 3 238500 2
1 2 6 9 238500 2
1 2 0 4 238500 2
1 2 0 2 238500 2
1 2 1 3 238500 2
1 2 2 4 238500 2
1 2 2 9 238500 2
1 2 3 2 238500 2
1 2 4 4 238500 2
1 2 4 0 238500 2
1 2 4 2 238500 2
1 2 5 9 238500 2
1 2 5 9 238500 2
1 2 5 8 238500 2
1 2 6 1 238500 2
1 2 6 8 238500 2
1 2 10 0 239000 2
1 2 10 1 239000 2
1 2 10 6 239000 2
1 2 11 1 239000 2
1 2 12 6 239000 2
1 2 12 2 239000 2
1 2 12 4 239000 2
1 2 13 9 239000 2
1 2 15 2 239000 2
1 2 15 9 239000 2
1 2 12 6 239000 2
1 2 6 7 239000 2
1 2 9 0 239000 2
1 2 2 5 239000 2
1 2 2 9 239000 2
1 2 3 4 239000 2
1 2 3 8 239000 2
1 2 0 4 239000 2
1 2 3 4 239000 2
1 2 4 8 239000 2
1 2 5 4 239000 2
1 2 5 3 239000 2
1 2 6 3 239000 2
1 2 8 9 239500 2
1 2 15 7 239500 2
1 2 14 4 239500 2
1 2 13 9 239500 2
1 2 13 4 239500 2
1 2 12 3 239500 2
1 2 10 4 239500 2
1 2 10 7 239500 2
1 2 7 7 239500 2
1 2 6 1 239500 2
1 2 6 8 239500 2
1 2 5 8 239500 2
1 2 4 4 239500 2
1 2 2 2 239500 2
1 2 9 1 239500 2
1 2 1 5 239500 2
1 2 15 8 240000 2
1 2 8 4 240000 2
1 2 9 0 240000 2
1 2 10 6 240000 2
1 2 10 4 240000 2
1 2 11 6 240000 2
1 2 12 2 240000 2
1 2 12 2 240000 2
1 2 13 2 240000 2
1 2 15 8 240000 2
1 2 5 8 240000 2
1 2 7 1 240000 2
1 2 7 2 240000 2
1 2 1 9 240000 2
1 2 2 8 240000 2
1 2 2 3 240000 2
1 2 4 8 240000 2
1 2 6 2 240000 2
1 2 6 3 240000 2
1 2 6 9 240000 2
1 2 7 4 240000 2
1 2 8 8 240500 2
1 2 9 2 240500 2
1 2 9 3 240500 2
1 2 10 0 240500 2
1 2 10 1 240500 2
1 2 11 1 240500 2
1 2 12 2 240500 2
1 2 12 1 240500 2
1 2 12 8 240500 2
1 2 13 6 240500 2
1 2 13 4 240500 2
1 2 14 7 240500 2
1 2 14 8 240500 2
1 2 15 0 240500 2
1 2 15 9 240500 2
1 2 6 2 240500 2
1 2 7 5 240500 2
1 2 7 3 240500 2
1 2 2 7 240500 2
1 2 2 1 240500 2
1 2 3 9 240500 2
1 2 3 0 240500 2
1 2 3 8 240500 2
1 2 4 6 240500 2
1 2 4 3 240500 2
1 2 5 3 240500 2
1 2 6 2 240500 2
1 2 1 3 240500 2
1 2 6 4 240500 2
1 2 7 5 240500 2
1 2 4 2 240500 2
1 2 10 9 241000 2
1 2 10 8 241000 2
1 2 11 3 241000 2
1 2 11 1 241000 2
1 2 12 1 241000 2
1 2 12 2 241000 2
1 2 12 5 241000 2
1 2 13 6 241000 2
1 2 13 3 241000 2
1 2 13 7 241000 2
1 2 13 2 241000 2
1 2 7 7 241000 2
1 2 5 7 241000 2
1 2 5 4 241000 2
1 2 5 9 241000 2
1 2 4 2 241000 2
1 2 4 5 241000 2
1 2 4 1 241000 2
1 2 4 5 241000 2
1 2 3 5 241000 2
1 2 2 9 241000 2
1 2 7 3 241000 2
1 2 0 1 241000 2
1 2 12 7 241500 2
1 2 14 9 241500 2
1 2 11 4 241500 2
1 2 11 4 241500 2
1 2 6 4 241500 2
1 2 6 7 241500 2
1 2 12 2 241500 2
1 2 13 3 241500 2
1 2 13 2 241500 2
1 2 13 2 241500 2
1 2 14 7 241500 2
1 2 10 1 241500 2
1 2 5 9 241500 2
1 2 6 9 241500 2
1 2 0 8 241500 2
1 2 0 2 241500 2
1 2 1 4 241500 2
1 2 2 9 241500 2
1 2 2 7 241500 2
1 2 2 7 241500 2
1 2 2 9 241500 2
1 2 3 2 241500 2
1 2 4 2 241500 2
1 2 4 5 241500 2
1 2 5 9 241500 2
1 2 4 8 242000 2
1 2 13 4 242000 2
1 2 12 2 242000 2
1 2 11 7 242000 2
1 2 9 3 242000 2
1 2 8 4 242000 2
1 2 7 5 242000 2
1 2 6 2 242000 2
1 2 4 4 242000 2
1 2 4 5 242000 2
1 2 4 1 242000 2
1 2 2 9 242000 2
1 2 0 9 242000 2
1 2 0 3 242000 2
1 2 5 9 242000 2
1 2 13 4 242500 2
1 2 10 5 242500 2
1 2 10 9 242500 2
1 2 12 2 242500 2
1 2 12 9 242500 2
1 2 12 7 242500 2
1 2 12 2 242500 2
1 2 12 5 242500 2
1 2 13 2 242500 2
1 2 2 7 242500 2
1 2 8 7 242500 2
1 2 3 4 242500 2
1 2 3 5 242500 2
1 2 4 8 242500 2
1 2 4 3 242500 2
1 2 5 5 242500 2
1 2 6 2 242500 2
1 2 7 9 242500 2
1 2 7 9 242500 2
1 2 9 0 242500 2
1 2 13 0 243000 2
1 2 12 4 243000 2
1 2 12 7 243000 2
1 2 11 1 243000 2
1 2 11 2 243000 2
1 2 10 9 243000 2
1 2 10 8 243000 2
1 2 8 9 243000 2
1 2 5 3 243000 2
1 2 5 5 243000 2
1 2 4 8 243000 2
1 2 3 4 243000 2
1 2 2 8 243000 2
1 2 2 6 243000 2
1 2 2 9 243000 2
1 2 7 5 243000 2
1 2 9 2 243500 2
1 2 15 0 243500 2
1 2 9 3 243500 2
1 2 10 9 243500 2
1 2 10 9 243500 2
1 2 10 9 243500 2
1 2 11 1 243500 2
1 2 11 3 243500 2
1 2 12 2 243500 2
1 2 12 6 243500 2
1 2 14 9 243500 2
1 2 15 8 243500 2
1 2 15 7 243500 2
1 2 6 3 243500 2
1 2 8 8 243500 2
1 2 1 3 243500 2
1 2 2 7 243500 2
1 2 0 1 243500 2
1 2 2 4 243500 2
1 2 4 4 243500 2
1 2 4 3 243500 2
1 2 4 0 243500 2
1 2 4 5 243500 2
1 2 5 3 243500 2
1 2 6 2 243500 2
1 2 6 6 243500 2
1 2 6 1 243500 2
1 2 14 9 244000 2
1 2 14 9 244000 2
1 2 12 2 244000 2
1 2 11 7 244000 2
1 2 10 4 244000 2
1 2 10 9 244000 2
1 2 9 1 244000 2
1 2 7 7 244000 2
1 2 9 6 244000 2
1 2 7 8 244000 2
1 2 6 3 244000 2
1 2 6 4 244000 2
1 2 5 9 244000 2
1 2 5 8 244000 2
1 2 3 4 244000 2
1 2 0 1 244000 2
1 2 0 4 244000 2
1 2 8 9 244000 2
1 2 7 9 244500 2
1 2 9 5 244500 2
1 2 9 1 244500 2
1 2 11 3 244500 2
1 2 12 4 244500 2
1 2 12 6 244500 2
1 2 13 8 244500 2
1 2 13 9 244500 2
1 2 14 9 244500 2
1 2 15 9 244500 2
1 2 5 3 244500 2
1 2 6 3 244500 2
1 2 6 9 244500 2
1 2 2 9 244500 2
1 2 2 4 244500 2
1 2 2 3 244500 2
1 2 3 0 244500 2
1 2 3 7 244500 2
1 2 4 7 244500 2
1 2 4 3 244500 2
1 2 1 2 244500 2
1 2 7 9 245000 2
1 2 14 9 245000 2
1 2 11 0 245000 2
1 2 11 3 245000 2
1 2 10 7 245000 2
1 2 10 8 245000 2
1 2 10 9 245000 2
1 2 10 5 245000 2
1 2 8 9 245000 2
1 2 7 7 245000 2
1 2 7 1 245000 2
1 2 6 9 245000 2
1 2 6 3 245000 2
1 2 5 5 245000 2
1 2 4 7 245000 2
1 2 3 8 245000 2
1 2 2 9 245000 2
1 2 1 8 245000 2
1 2 11 6 245500 2
1 2 0 3 245500 2
1 2 12 2 245500 2
1 2 12 4 245500 2
1 2 12 4 245500 2
1 2 12 5 245500 2
1 2 13 8 245500 2
1 2 13 5 245500 2
1 2 13 8 245500 2
1 2 14 9 245500 2
1 2 7 9 245500 2
1 2 5 6 245500 2
1 2 3 8 245500 2
1 2 3 9 245500 2
1 2 3 4 245500 2
1 2 2 7 245500 2
1 2 1 4 245500 2
1 2 0 9 245500 2
1 2 10 9 245500 2
1 2 10 7 246000 2
1 2 10 8 246000 2
1 2 10 9 246000 2
1 2 11 3 246000 2
1 2 11 0 246000 2
1 2 12 1 246000 2
1 2 4 4 246000 2
1 2 12 5 246000 2
1 2 13 3 246000 2
1 2 13 2 246000 2
1 2 13 4 246000 2
1 2 15 8 246000 2
1 2 7 5 246000 2
1 2 10 8 246000 2
1 2 2 9 246000 2
1 2 3 7 246000 2
1 2 3 8 246000 2
1 2 4 9 246000 2
1 2 4 1 246000 2
1 2 4 9 246000 2
1 2 4 4 246000 2
1 2 5 9 246000 2
1 2 5 9 246000 2
1 2 6 4 246000 2
1 2 5 9 246500 2
1 2 14 8 246500 2
1 2 11 3 246500 2
1 2 11 4 246500 2
1 2 8 1 246500 2
1 2 7 1 246500 2
1 2 5 9 246500 2
1 2 4 3 246500 2
1 2 4 8 246500 2
1 2 3 4 246500 2
1 2 1 4 246500 2
1 2 0 8 246500 2
1 2 0 2 246500 2
1 2 0 9 246500 2
1 2 8 7 247000 2
1 2 4 2 247000 2
1 2 11 3 247000 2
1 2 11 8 247000 2
1 2 12 6 247000 2
1 2 12 8 247000 2
1 2 12 4 247000 2
1 2 13 4 247000 2
1 2 13 7 247000 2
1 2 14 5 247000 2
1 2 14 6 247000 2
1 2 14 0 247000 2
1 2 15 5 247000 2
1 2 6 9 247000 2
1 2 1 7 247000 2
1 2 2 9 247000 2
1 2 2 3 247000 2
1 2 2 9 247000 2
1 2 2 4 247000 2
1 2 7 5 247000 2
1 2 4 5 247000 2
1 2 4 3 247000 2
1 2 6 6 247000 2
1 2 6 1 247000 2
1 2 6 3 247000 2
1 2 9 5 247500 2
1 2 11 1 247500 2
1 2 12 8 247500 2
1 2 7 1 247500 2
1 2 12 5 247500 2
1 2 12 4 247500 2
1 2 13 8 247500 2
1 2 13 4 247500 2
1 2 13 5 247500 2
1 2 15 6 247500 2
1 2 15 6 247500 2
1 2 3 0 247500 2
1 2 0 8 247500 2
1 2 7 3 247500 2
1 2 1 4 247500 2
1 2 2 8 247500 2
1 2 4 3 247500 2
1 2 4 3 247500 2
1 2 5 9 247500 2
1 2 7 4 247500 2
1 2 6 7 247500 2
1 2 6 8 247500 2
1 2 6 0 247500 2
1 2 4 9 247500 2
1 2 6 3 248000 2
1 2 15 9 248000 2
1 2 13 6 248000 2
1 2 13 9 248000 2
1 2 12 2 248000 2
1 2 12 2 248000 2
1 2 11 9 248000 2
1 2 10 9 248000 2
1 2 8 0 248000 2
1 2 7 9 248000 2
1 2 6 7 248000 2
1 2 4 5 248000 2
1 2 5 9 248000 2
1 2 0 3 248000 2
1 2 0 8 248000 2
1 2 1 9 248000 2
1 2 2 5 248000 2
1 2 2 7 248000 2
1 2 2 1 248000 2
1 2 3 9 248000 2
1 2 3 8 248000 2
1 2 4 3 248000 2
1 2 11 6 248500 2
1 2 12 1 248500 2
1 2 12 2 248500 2
1 2 12 5 248500 2
1 2 13 8 248500 2
1 2 13 2 248500 2
1 2 13 5 248500 2
1 2 14 1 248500 2
1 2 14 4 248500 2
1 2 15 6 248500 2
1 2 15 7 248500 2
1 2 15 7 248500 2
1 2 11 3 248500 2
1 2 11 9 248500 2
1 2 0 0 248500 2
1 2 1 4 248500 2
1 2 1 2 248500 2
1 2 2 3 248500 2
1 2 2 5 248500 2
1 2 4 3 248500 2
1 2 6 1 248500 2
1 2 6 9 248500 2
1 2 7 8 248500 2
1 2 8 7 248500 2
1 2 6 2 249000 2
1 2 15 9 249000 2
1 2 14 9 249000 2
1 2 11 7 249000 2
1 2 10 9 249000 2
1 2 9 3 249000 2
1 2 5 3 249000 2
1 2 4 9 249000 2
1 2 2 4 249000 2
1 2 1 2 249000 2
1 2 1 9 249000 2
1 2 7 5 249000 2
1 2 13 3 249500 2
1 2 7 1 249500 2
1 2 9 4 249500 2
1 2 9 0 249500 2
1 2 11 1 249500 2
1 2 11 9 249500 2
1 2 11 2 249500 2
1 2 12 8 249500 2
1 2 12 4 249500 2
1 2 14 0 249500 2
1 2 2 8 249500 2
1 2 7 1 249500 2
1 2 1 3 249500 2
1 2 1 2 249500 2
1 2 1 7 249500 2
1 2 4 7 249500 2
1 2 4 9 249500 2
1 2 5 6 249500 2
1 2 5 5 249500 2
1 2 6 0 249500 2
1 2 7 5 249500 2
1 2 10 6 250000 2
1 2 14 1 250000 2
1 2 13 5 250000 2
1 2 13 1 250000 2
1 2 12 2 250000 2
1 2 12 3 250000 2
1 2 11 9 250000 2
1 2 9 3 250000 2
1 2 7 5 250000 2
1 2 6 3 250000 2
1 2 5 9 250000 2
1 2 6 9 250000 2
1 2 2 1 250000 2
1 2 3 4 250000 2
1 2 3 8 250000 2
1 2 4 7 250000 2
1 2 4 5 250000 2
1 2 5 3 250000 2
1 2 0 8 250000 2
1 2 5 3 250000 2
1 2 9 7 250500 2
1 2 14 8 250500 2
1 2 13 2 250500 2
1 2 12 6 250500 2
1 2 12 5 250500 2
1 2 12 6 250500 2
1 2 12 9 250500 2
1 2 10 3 250500 2
1 2 10 8 250500 2
1 2 9 6 250500 2
1 2 9 5 250500 2
1 2 6 7 250500 2
1 2 6 8 250500 2
1 2 5 4 250500 2
1 2 5 3 250500 2
1 2 4 3 250500 2
1 2 4 3 250500 2
1 2 1 2 250500 2
1 2 0 3 250500 2
1 2 0 7 250500 2
1 2 0 3 250500 2
1 2 7 7 251000 2
1 2 9 2 251000 2
1 2 10 9 251000 2
1 2 11 3 251000 2
1 2 11 0 251000 2
1 2 11 3 251000 2
1 2 12 3 251000 2
1 2 12 4 251000 2
1 2 14 9 251000 2
1 2 15 5 251000 2
1 2 1 3 251000 2
1 2 7 9 251000 2
1 2 2 6 251000 2
1 2 3 7 251000 2
1 2 3 5 251000 2
1 2 4 7 251000 2
1 2 4 2 251000 2
1 2 5 5 251000 2
1 2 5 5 251000 2
1 2 6 1 251000 2
1 2 6 0 251000 2
1 2 7 1 251000 2
1 2 11 1 251500 2
1 2 15 8 251500 2
1 2 14 8 251500 2
1 2 14 9 251500 2
1 2 12 6 251500 2
1 2 12 5 251500 2
1 2 12 2 251500 2
1 2 11 3 251500 2
1 2 10 9 251500 2
1 2 7 1 251500 2
1 2 9 9 251500 2
1 2 2 0 251500 2
1 2 2 7 251500 2
1 2 3 6 251500 2
1 2 3 7 251500 2
1 2 4 3 251500 2
1 2 7 5 251500 2
1 2 0 8 251500 2
1 2 7 9 251500 2
1 2 7 4 252000 2
1 2 15 1 252000 2
1 2 14 9 252000 2
1 2 14 0 252000 2
1 2 14 4 252000 2
1 2 13 9 252000 2
1 2 13 7 252000 2
1 2 11 3 252000 2
1 2 10 8 252000 2
1 2 8 9 252000 2
1 2 7 8 252000 2
1 2 6 3 252000 2
1 2 0 3 252000 2
1 2 1 9 252000 2
1 2 1 6 252000 2
1 2 2 4 252000 2
1 2 2 3 252000 2
1 2 2 5 252000 2
1 2 3 4 252000 2
1 2 4 5 252000 2
1 2 5 5 252000 2
1 2 3 2 252000 2
1 2 7 9 252000 2
1 2 9 6 252500 2
1 2 9 5 252500 2
1 2 11 4 252500 2
1 2 11 7 252500 2
1 2 12 2 252500 2
1 2 12 8 252500 2
1 2 12 2 252500 2
1 2 12 5 252500 2
1 2 13 9 252500 2
1 2 14 4 252500 2
1 2 14 3 252500 2
1 2 15 6 252500 2
1 2 2 9 252500 2
1 2 6 9 252500 2
1 2 0 3 252500 2
1 2 1 2 252500 2
1 2 9 1 252500 2
1 2 2 5 252500 2
1 2 3 4 252500 2
1 2 3 4 252500 2
1 2 4 7 252500 2
1 2 4 7 252500 2
1 2 5 9 252500 2
1 2 5 7 252500 2
1 2 6 0 252500 2
1 2 6 5 253000 2
1 2 6 9 253000 2
1 2 7 9 253000 2
1 2 8 8 253000 2
1 2 6 3 253000 2
1 2 9 4 253000 2
1 2 9 3 253000 2
1 2 10 2 253000 2
1 2 12 6 253000 2
1 2 12 4 253000 2
1 2 13 7 253000 2
1 2 14 8 253000 2
1 2 2 0 253000 2
1 2 4 0 253000 2
1 2 5 9 253000 2
1 2 0 2 253000 2
1 2 1 9 253000 2
1 2 2 2 253000 2
1 2 2 4 253000 2
1 2 4 9 253000 2
1 2 4 2 253000 2
1 2 4 9 253000 2
1 2 4 2 253000 2
1 2 4 1 253000 2
1 2 4 9 253000 2
1 2 13 8 253500 2
1 2 12 8 253500 2
1 2 12 1 253500 2
1 2 12 9 253500 2
1 2 11 7 253500 2
1 2 11 3 253500 2
1 2 10 9 253500 2
1 2 9 9 253500 2
1 2 8 9 253500 2
1 2 7 4 253500 2
1 2 6 4 253500 2
1 2 6 0 253500 2
1 2 6 6 253500 2
1 2 3 4 253500 2
1 2 2 0 253500 2
1 2 2 9 253500 2
1 2 0 0 253500 2
1 2 7 9 253500 2
1 2 9 2 254000 2
1 2 15 0 254000 2
1 2 14 0 254000 2
1 2 13 4 254000 2
1 2 12 0 254000 2
1 2 11 1 254000 2
1 2 5 5 254000 2
1 2 4 4 254000 2
1 2 4 8 254000 2
1 2 4 6 254000 2
1 2 3 2 254000 2
1 2 1 7 254000 2
1 2 6 1 254000 2
1 2 8 1 254500 2
1 2 9 3 254500 2
1 2 10 2 254500 2
1 2 12 2 254500 2
1 2 12 9 254500 2
1 2 13 1 254500 2
1 2 14 3 254500 2
1 2 14 9 254500 2
1 2 15 2 254500 2
1 2 1 3 254500 2
1 2 6 5 254500 2
1 2 7 2 254500 2
1 2 1 2 254500 2
1 2 2 2 254500 2
1 2 2 9 254500 2
1 2 2 5 254500 2
1 2 3 6 254500 2
1 2 4 2 254500 2
1 2 6 7 254500 2
1 2 9 3 255000 2
1 2 13 2 255000 2
1 2 12 8 255000 2
1 2 11 6 255000 2
1 2 10 8 255000 2
1 2 10 1 255000 2
1 2 8 4 255000 2
1 2 7 1 255000 2
1 2 6 8 255000 2
1 2 4 8 255000 2
1 2 4 3 255000 2
1 2 4 0 255000 2
1 2 2 0 255000 2
1 2 2 9 255000 2
1 2 2 6 255000 2
1 2 2 8 255000 2
1 2 1 4 255000 2
1 2 0 8 255000 2
1 2 8 6 255500 2
1 2 9 1 255500 2
1 2 10 9 255500 2
1 2 11 1 255500 2
1 2 11 0 255500 2
1 2 11 7 255500 2
1 2 12 9 255500 2
1 2 12 2 255500 2
1 2 12 2 255500 2
1 2 12 5 255500 2
1 2 13 2 255500 2
1 2 14 2 255500 2
1 2 15 2 255500 2
1 2 15 3 255500 2
1 2 3 4 255500 2
1 2 7 2 255500 2
1 2 0 3 255500 2
1 2 0 1 255500 2
1 2 1 0 255500 2
1 2 2 7 255500 2
1 2 3 2 255500 2
1 2 3 9 255500 2
1 2 4 3 255500 2
1 2 4 5 255500 2
1 2 5 4 255500 2
1 2 5 9 255500 2
1 2 6 0 255500 2
1 2 8 7 255500 2
1 2 4 9 255500 2
1 2 13 5 256000 2
1 2 7 3 256000 2
1 2 8 9 256000 2
1 2 10 6 256000 2
1 2 11 9 256000 2
1 2 12 2 256000 2
1 2 12 2 256000 2
1 2 12 6 256000 2
1 2 12 5 256000 2
1 2 15 2 256000 2
1 2 2 7 256000 2
1 2 7 8 256000 2
1 2 7 5 256000 2
1 2 0 0 256000 2
1 2 2 8 256000 2
1 2 0 8 256000 2
1 2 4 3 256000 2
1 2 4 6 256000 2
1 2 5 6 256000 2
1 2 6 0 256000 2
1 2 6 3 256000 2
1 2 7 5 256000 2
1 2 9 1 256500 2
1 2 9 3 256500 2
1 2 10 8 256500 2
1 2 10 8 256500 2
1 2 11 3 256500 2
1 2 11 4 256500 2
1 2 11 1 256500 2
1 2 12 6 256500 2
1 2 12 4 256500 2
1 2 13 4 256500 2
1 2 14 9 256500 2
1 2 15 8 256500 2
1 2 15 8 256500 2
1 2 6 9 256500 2
1 2 7 2 256500 2
1 2 0 3 256500 2
1 2 1 7 256500 2
1 2 2 6 256500 2
1 2 2 6 256500 2
1 2 3 9 256500 2
1 2 4 2 256500 2
1 2 4 3 256500 2
1 2 4 8 256500 2
1 2 5 4 256500 2
1 2 5 2 256500 2
1 2 5 6 256500 2
1 2 6 4 256500 2
1 2 9 3 257000 2
1 2 10 9 257000 2
1 2 11 9 257000 2
1 2 11 0 257000 2
1 2 12 6 257000 2
1 2 13 8 257000 2
1 2 14 5 257000 2
1 2 4 1 257000 2
1 2 14 0 257000 2
1 2 14 3 257000 2
1 2 14 8 257000 2
1 2 15 0 257000 2
1 2 15 6 257000 2
1 2 15 4 257000 2
1 2 8 8 257000 2
1 2 9 5 257000 2
1 2 0 3 257000 2
1 2 2 5 257000 2
1 2 2 6 257000 2
1 2 3 8 257000 2
1 2 4 5 257000 2
1 2 4 2 257000 2
1 2 5 6 257000 2
1 2 5 0 257000 2
1 2 5 4 257000 2
1 2 7 8 257000 2
1 2 8 2 257000 2
1 2 7 4 257500 2
1 2 7 0 257500 2
1 2 8 9 257500 2
1 2 9 5 257500 2
1 2 10 9 257500 2
1 2 10 5 257500 2
1 2 11 6 257500 2
1 2 11 1 257500 2
1 2 11 6 257500 2
1 2 11 9 257500 2
1 2 12 6 257500 2
1 2 12 4 257500 2
1 2 13 4 257500 2
1 2 13 7 257500 2
1 2 15 7 257500 2
1 2 15 9 257500 2
1 2 15 1 257500 2
1 2 6 8 257500 2
1 2 1 0 257500 2
1 2 2 5 257500 2
1 2 2 7 257500 2
1 2 2 2 257500 2
1 2 3 6 257500 2
1 2 3 1 257500 2
1 2 3 7 257500 2
1 2 3 3 257500 2
1 2 5 9 257500 2
1 2 5 5 257500 2
1 2 5 6 257500 2
1 2 5 5 257500 2
1 2 6 1 257500 2
1 2 6 8 257500 2
1 2 5 4 257500 2
1 2 10 8 258000 2
1 2 10 9 258000 2
1 2 10 5 258000 2
1 2 10 8 258000 2
1 2 12 8 258000 2
1 2 12 8 258000 2
1 2 4 2 258000 2
1 2 13 4 258000 2
1 2 13 5 258000 2
1 2 13 4 258000 2
1 2 13 5 258000 2
1 2 15 6 258000 2
1 2 8 7 258000 2
1 2 9 5 258000 2
1 2 0 4 258000 2
1 2 1 0 258000 2
1 2 2 8 258000 2
1 2 3 6 258000 2
1 2 4 5 258000 2
1 2 4 1 258000 2
1 2 4 0 258000 2
1 2 5 9 258000 2
1 2 6 6 258000 2
1 2 7 2 258000 2
1 2 7 4 258500 2
1 2 8 9 258500 2
1 2 9 2 258500 2
1 2 9 3 258500 2
1 2 11 4 258500 2
1 2 12 6 258500 2
1 2 13 8 258500 2
1 2 13 9 258500 2
1 2 14 5 258500 2
1 2 14 4 258500 2
1 2 14 4 258500 2
1 2 15 6 258500 2
1 2 7 1 258500 2
1 2 1 2 258500 2
1 2 3 4 258500 2
1 2 4 5 258500 2
1 2 4 3 258500 2
1 2 4 4 258500 2
1 2 4 8 258500 2
1 2 5 7 258500 2
1 2 5 2 258500 2
1 2 7 2 258500 2
1 2 8 9 258500 2
1 2 12 6 259000 2
1 2 15 3 259000 2
1 2 15 6 259000 2
1 2 15 0 259000 2
1 2 14 8 259000 2
1 2 13 4 259000 2
1 2 13 8 259000 2
1 2 13 7 259000 2
1 2 12 8 259000 2
1 2 12 6 259000 2
1 2 11 9 259000 2
1 2 11 7 259000 2
1 2 5 7 259000 2
1 2 5 4 259000 2
1 2 8 1 259000 2
1 2 9 6 259000 2
1 2 10 5 259000 2
1 2 10 6 259000 2
1 2 11 6 259000 2
1 2 3 4 259000 2
1 2 11 9 259000 2
1 2 11 4 259500 2
1 2 15 0 259500 2
1 2 14 8 259500 2
1 2 13 6 259500 2
1 2 11 7 259500 2
1 2 11 0 259500 2
1 2 11 6 259500 2
1 2 11 1 259500 2
1 2 8 3 259500 2
1 2 8 6 259500 2
1 2 7 3 259500 2
1 2 5 4 259500 2
1 2 4 8 259500 2
1 2 4 3 259500 2
1 2 2 8 259500 2
1 2 8 6 259500 2
1 2 15 7 260000 2
1 2 8 0 260000 2
1 2 9 5 260000 2
1 2 9 9 260000 2
1 2 10 5 260000 2
1 2 10 9 260000 2
1 2 11 4 260000 2
1 2 12 6 260000 2
1 2 12 4 260000 2
1 2 13 6 260000 2
1 2 15 2 260000 2
1 2 15 5 260000 2
1 2 15 9 260000 2
1 2 4 6 260000 2
1 2 7 2 260000 2
1 2 0 5 260000 2
1 2 0 8 260000 2
1 2 1 0 260000 2
1 2 1 2 260000 2
1 2 2 2 260000 2
1 2 3 4 260000 2
1 2 4 2 260000 2
1 2 5 6 260000 2
1 2 5 4 260000 2
1 2 6 8 260000 2
1 2 8 6 260000 2
1 2 4 5 260000 2
1 2 13 6 260500 2
1 2 9 7 260500 2
1 2 10 9 260500 2
1 2 10 3 260500 2
1 2 11 5 260500 2
1 2 11 0 260500 2
1 2 11 0 260500 2
1 2 11 8 260500 2
1 2 12 8 260500 2
1 2 13 6 260500 2
1 2 14 2 260500 2
1 2 14 4 260500 2
1 2 15 2 260500 2
1 2 4 8 260500 2
1 2 8 2 260500 2
1 2 9 6 260500 2
1 2 1 2 260500 2
1 2 1 2 260500 2
1 2 3 8 260500 2
1 2 3 3 260500 2
1 2 3 1 260500 2
1 2 0 8 260500 2
1 2 5 6 260500 2
1 2 5 3 260500 2
1 2 6 8 260500 2
1 2 7 2 260500 2
1 2 7 4 260500 2
1 2 8 2 260500 2
1 2 11 1 261000 2
1 2 11 1 261000 2
1 2 11 9 261000 2
1 2 12 8 261000 2
1 2 12 6 261000 2
1 2 12 6 261000 2
1 2 13 2 261000 2
1 2 13 5 261000 2
1 2 13 5 261000 2
1 2 14 8 261000 2
1 2 15 8 261000 2
1 2 15 9 261000 2
1 2 15 5 261000 2
1 2 15 9 261000 2
1 2 15 3 261000 2
1 2 11 9 261000 2
1 2 0 5 261000 2
1 2 0 7 261000 2
1 2 1 4 261000 2
1 2 4 3 261000 2
1 2 4 6 261000 2
1 2 5 2 261000 2
1 2 9 6 261000 2
1 2 9 3 261000 2
1 2 10 8 261000 2
1 2 10 6 261000 2
1 2 11 6 261000 2
1 2 11 6 261000 2
1 2 6 8 261000 2
1 2 10 8 261500 2
1 2 11 4 261500 2
1 2 11 7 261500 2
1 2 13 6 261500 2
1 2 13 2 261500 2
1 2 14 2 261500 2
1 2 14 0 261500 2
1 2 15 0 261500 2
1 2 15 1 261500 2
1 2 4 9 261500 2
1 2 9 0 261500 2
1 2 9 5 261500 2
1 2 2 2 261500 2
1 2 3 4 261500 2
1 2 3 0 261500 2
1 2 1 2 261500 2
1 2 5 9 261500 2
1 2 6 6 261500 2
1 2 6 8 261500 2
1 2 7 4 261500 2
1 2 15 4 262000 2
1 2 14 2 262000 2
1 2 14 4 262000 2
1 2 13 5 262000 2
1 2 13 8 262000 2
1 2 11 7 262000 2
1 2 11 8 262000 2
1 2 10 1 262000 2
1 2 10 5 262000 2
1 2 10 3 262000 2
1 2 10 0 262000 2
1 2 2 9 262000 2
1 2 8 9 262000 2
1 2 3 6 262000 2
1 2 3 3 262000 2
1 2 3 3 262000 2
1 2 4 1 262000 2
1 2 4 2 262000 2
1 2 5 1 262000 2
1 2 7 2 262000 2
1 2 7 5 262000 2
1 2 7 9 262000 2
1 2 8 2 262000 2
1 2 8 3 262500 2
1 2 15 4 262500 2
1 2 15 9 262500 2
1 2 15 2 262500 2
1 2 13 5 262500 2
1 2 12 4 262500 2
1 2 11 1 262500 2
1 2 10 6 262500 2
1 2 10 6 262500 2
1 2 10 9 262500 2
1 2 5 4 262500 2
1 2 4 8 262500 2
1 2 4 4 262500 2
1 2 3 7 262500 2
1 2 2 2 262500 2
1 2 2 9 262500 2
1 2 1 1 262500 2
1 2 0 8 262500 2
1 2 0 4 262500 2
1 2 8 2 262500 2
1 2 7 1 263000 2
1 2 9 3 263000 2
1 2 9 6 263000 2
1 2 11 1 263000 2
1 2 11 7 263000 2
1 2 12 8 263000 2
1 2 12 4 263000 2
1 2 14 8 263000 2
1 2 15 2 263000 2
1 2 15 7 263000 2
1 2 0 7 263000 2
1 2 15 3 263000 2
1 2 1 3 263000 2
1 2 6 8 263000 2
1 2 0 9 263000 2
1 2 2 5 263000 2
1 2 3 4 263000 2
1 2 3 1 263000 2
1 2 3 4 263000 2
1 2 4 3 263000 2
1 2 4 6 263000 2
1 2 4 0 263000 2
1 2 5 6 263000 2
1 2 5 1 263000 2
1 2 11 4 263500 2
1 2 15 4 263500 2
1 2 15 9 263500 2
1 2 15 0 263500 2
1 2 14 8 263500 2
1 2 14 9 263500 2
1 2 12 6 263500 2
1 2 11 4 263500 2
1 2 11 6 263500 2
1 2 10 6 263500 2
1 2 9 6 263500 2
1 2 5 4 263500 2
1 2 4 6 263500 2
1 2 4 7 263500 2
1 2 4 7 263500 2
1 2 3 8 263500 2
1 2 3 6 263500 2
1 2 3 6 263500 2
1 2 11 4 263500 2
1 2 8 4 264000 2
1 2 9 4 264000 2
1 2 9 0 264000 2
1 2 9 2 264000 2
1 2 10 8 264000 2
1 2 11 4 264000 2
1 2 11 9 264000 2
1 2 11 0 264000 2
1 2 12 1 264000 2
1 2 12 5 264000 2
1 2 15 0 264000 2
1 2 15 8 264000 2
1 2 15 9 264000 2
1 2 6 1 264000 2
1 2 7 3 264000 2
1 2 0 8 264000 2
1 2 1 0 264000 2
1 2 1 3 264000 2
1 2 2 3 264000 2
1 2 3 0 264000 2
1 2 4 4 264000 2
1 2 4 2 264000 2
1 2 5 5 264000 2
1 2 5 2 264000 2
1 2 5 5 264000 2
1 2 3 2 264000 2
1 2 11 7 264500 2
1 2 11 7 264500 2
1 2 11 8 264500 2
1 2 12 2 264500 2
1 2 12 6 264500 2
1 2 12 6 264500 2
1 2 13 7 264500 2
1 2 13 6 264500 2
1 2 15 0 264500 2
1 2 15 0 264500 2
1 2 15 9 264500 2
1 2 15 9 264500 2
1 2 15 1 264500 2
1 2 10 6 264500 2
1 2 10 9 264500 2
1 2 0 7 264500 2
1 2 1 7 264500 2
1 2 2 9 264500 2
1 2 3 9 264500 2
1 2 4 7 264500 2
1 2 4 8 264500 2
1 2 5 5 264500 2
1 2 5 4 264500 2
1 2 7 2 264500 2
1 2 7 8 264500 2
1 2 8 2 264500 2
1 2 8 3 264500 2
1 2 9 0 264500 2
1 2 9 9 264500 2
1 2 11 9 265000 2
1 2 12 8 265000 2
1 2 12 6 265000 2
1 2 13 7 265000 2
1 2 13 5 265000 2
1 2 13 2 265000 2
1 2 13 5 265000 2
1 2 15 0 265000 2
1 2 15 9 265000 2
1 2 15 1 265000 2
1 2 15 2 265000 2
1 2 15 3 265000 2
1 2 15 0 265000 2
1 2 11 7 265000 2
1 2 11 0 265000 2
1 2 0 7 265000 2
1 2 1 7 265000 2
1 2 1 4 265000 2
1 2 3 5 265000 2
1 2 3 9 265000 2
1 2 4 6 265000 2
1 2 5 0 265000 2
1 2 6 4 265000 2
1 2 7 1 265000 2
1 2 7 6 265000 2
1 2 8 9 265000 2
1 2 9 2 265000 2
1 2 11 2 265000 2
1 2 11 5 265500 2
1 2 7 9 265500 2
1 2 11 6 265500 2
1 2 11 2 265500 2
1 2 11 0 265500 2
1 2 11 9 265500 2
1 2 11 7 265500 2
1 2 12 1 265500 2
1 2 12 4 265500 2
1 2 13 7 265500 2
1 2 13 6 265500 2
1 2 13 5 265500 2
1 2 14 8 265500 2
1 2 15 2 265500 2
1 2 15 1 265500 2
1 2 15 5 265500 2
1 2 9 3 265500 2
1 2 1 9 265500 2
1 2 1 4 265500 2
1 2 2 4 265500 2
1 2 3 2 265500 2
1 2 3 4 265500 2
1 2 3 0 265500 2
1 2 4 1 265500 2
1 2 4 8 265500 2
1 2 5 8 265500 2
1 2 6 2 265500 2
1 2 7 5 265500 2
1 2 8 9 265500 2
1 2 9 6 265500 2
1 2 10 8 265500 2
1 2 11 6 266000 2
1 2 11 4 266000 2
1 2 11 7 266000 2
1 2 11 8 266000 2
1 2 11 0 266000 2
1 2 12 5 266000 2
1 2 13 7 266000 2
1 2 13 5 266000 2
1 2 13 3 266000 2
1 2 14 9 266000 2
1 2 14 0 266000 2
1 2 15 6 266000 2
1 2 12 6 266000 2
1 2 8 9 266000 2
1 2 9 5 266000 2
1 2 2 8 266000 2
1 2 3 2 266000 2
1 2 3 5 266000 2
1 2 3 4 266000 2
1 2 3 2 266000 2
1 2 4 1 266000 2
1 2 4 8 266000 2
1 2 5 0 266000 2
1 2 5 4 266000 2
1 2 6 7 266000 2
1 2 7 5 266000 2
1 2 7 6 266000 2
1 2 9 0 266500 2
1 2 8 9 266500 2
1 2 11 6 266500 2
1 2 11 7 266500 2
1 2 11 3 266500 2
1 2 11 1 266500 2
1 2 11 8 266500 2
1 2 11 9 266500 2
1 2 11 4 266500 2
1 2 12 8 266500 2
1 2 12 8 266500 2
1 2 13 5 266500 2
1 2 13 2 266500 2
1 2 14 8 266500 2
1 2 15 9 266500 2
1 2 15 3 266500 2
1 2 8 0 266500 2
1 2 0 8 266500 2
1 2 1 7 266500 2
1 2 2 2 266500 2
1 2 3 5 266500 2
1 2 4 5 266500 2
1 2 4 5 266500 2
1 2 4 8 266500 2
1 2 6 1 266500 2
1 2 6 9 266500 2
1 2 7 2 266500 2
1 2 7 9 266500 2
1 2 7 4 266500 2
1 2 4 6 266500 2
1 2 8 2 266500 2
1 2 11 0 267000 2
1 2 11 0 267000 2
1 2 11 4 267000 2
1 2 11 7 267000 2
1 2 12 6 267000 2
1 2 13 7 267000 2
1 2 14 9 267000 2
1 2 14 5 267000 2
1 2 15 9 267000 2
1 2 14 9 267000 2
1 2 8 1 267000 2
1 2 8 6 267000 2
1 2 0 8 267000 2
1 2 1 6 267000 2
1 2 3 5 267000 2
1 2 4 1 267000 2
1 2 4 9 267000 2
1 2 5 5 267000 2
1 2 5 8 267000 2
1 2 5 1 267000 2
1 2 7 9 267000 2
1 2 10 8 267500 2
1 2 15 9 267500 2
1 2 15 0 267500 2
1 2 13 5 267500 2
1 2 12 6 267500 2
1 2 12 8 267500 2
1 2 11 7 267500 2
1 2 11 8 267500 2
1 2 11 9 267500 2
1 2 11 7 267500 2
1 2 11 4 267500 2
1 2 9 5 267500 2
1 2 0 4 267500 2
1 2 2 0 267500 2
1 2 2 6 267500 2
1 2 3 6 267500 2
1 2 4 2 267500 2
1 2 4 8 267500 2
1 2 5 4 267500 2
1 2 6 1 267500 2
1 2 8 0 267500 2
1 2 9 0 267500 2
1 2 3 5 268000 2
1 2 11 6 268000 2
1 2 11 5 268000 2
1 2 11 7 268000 2
1 2 11 3 268000 2
1 2 11 4 268000 2
1 2 12 7 268000 2
1 2 12 9 268000 2
1 2 12 6 268000 2
1 2 15 0 268000 2
1 2 15 5 268000 2
1 2 15 9 268000 2
1 2 10 8 268000 2
1 2 10 6 268000 2
1 2 1 7 268000 2
1 2 2 2 268000 2
1 2 3 1 268000 2
1 2 4 5 268000 2
1 2 4 5 268000 2
1 2 4 5 268000 2
1 2 5 4 268000 2
1 2 8 3 268000 2
1 2 9 6 268000 2
1 2 9 3 268000 2
1 2 11 2 268500 2
1 2 11 9 268500 2
1 2 11 0 268500 2
1 2 11 0 268500 2
1 2 12 6 268500 2
1 2 12 4 268500 2
1 2 13 8 268500 2
1 2 13 6 268500 2
1 2 14 8 268500 2
1 2 15 8 268500 2
1 2 15 8 268500 2
1 2 15 9 268500 2
1 2 15 3 268500 2
1 2 2 0 268500 2
1 2 10 6 268500 2
1 2 11 2 268500 2
1 2 0 9 268500 2
1 2 0 8 268500 2
1 2 2 5 268500 2
1 2 3 4 268500 2
1 2 3 5 268500 2
1 2 4 2 268500 2
1 2 5 6 268500 2
1 2 5 1 268500 2
1 2 6 6 268500 2
1 2 7 5 268500 2
1 2 3 3 268500 2
1 2 10 6 269000 2
1 2 11 4 269000 2
1 2 11 7 269000 2
1 2 12 6 269000 2
1 2 12 4 269000 2
1 2 13 4 269000 2
1 2 13 6 269000 2
1 2 14 2 269000 2
1 2 15 3 269000 2
1 2 15 9 269000 2
1 2 10 8 269000 2
1 2 9 5 269000 2
1 2 9 3 269000 2
1 2 9 0 269000 2
1 2 6 5 269000 2
1 2 5 8 269000 2
1 2 4 7 269000 2
1 2 2 9 269000 2
1 2 2 9 269000 2
1 2 1 3 269000 2
1 2 0 8 269000 2
1 2 11 4 269500 2
1 2 15 3 269500 2
1 2 11 0 269500 2
1 2 11 6 269500 2
1 2 12 6 269500 2
1 2 12 6 269500 2
1 2 13 2 269500 2
1 2 13 5 269500 2
1 2 14 6 269500 2
1 2 15 5 269500 2
1 2 15 5 269500 2
1 2 15 4 269500 2
1 2 9 5 269500 2
1 2 11 6 269500 2
1 2 2 5 269500 2
1 2 2 8 269500 2
1 2 4 9 269500 2
1 2 4 3 269500 2
1 2 4 1 269500 2
1 2 5 6 269500 2
1 2 6 6 269500 2
1 2 7 9 269500 2
1 2 9 6 269500 2
1 2 9 5 269500 2
1 2 9 6 270000 2
1 2 15 6 270000 2
1 2 15 5 270000 2
1 2 15 7 270000 2
1 2 15 8 270000 2
1 2 13 6 270000 2
1 2 13 8 270000 2
1 2 13 4 270000 2
1 2 12 6 270000 2
1 2 12 9 270000 2
1 2 11 2 270000 2
1 2 10 6 270000 2
1 2 8 2 270000 2
1 2 8 9 270000 2
1 2 7 1 270000 2
1 2 7 3 270000 2
1 2 6 4 270000 2
1 2 5 9 270000 2
1 2 3 8 270000 2
1 2 3 1 270000 2
1 2 2 8 270000 2
1 2 1 2 270000 2
1 2 11 9 270500 2
1 2 11 4 270500 2
1 2 11 4 270500 2
1 2 11 6 270500 2
1 2 11 1 270500 2
1 2 12 8 270500 2
1 2 12 6 270500 2
1 2 13 5 270500 2
1 2 14 5 270500 2
1 2 15 5 270500 2
1 2 0 8 270500 2
1 2 8 1 270500 2
1 2 9 0 270500 2
1 2 1 2 270500 2
1 2 2 9 270500 2
1 2 3 6 270500 2
1 2 3 9 270500 2
1 2 4 8 270500 2
1 2 5 2 270500 2
1 2 5 4 270500 2
1 2 7 7 270500 2
1 2 7 0 270500 2
1 2 8 3 271000 2
1 2 10 0 271000 2
1 2 10 6 271000 2
1 2 11 1 271000 2
1 2 11 0 271000 2
1 2 11 9 271000 2
1 2 12 8 271000 2
1 2 13 4 271000 2
1 2 14 0 271000 2
1 2 15 2 271000 2
1 2 15 8 271000 2
1 2 11 0 271000 2
1 2 7 9 271000 2
1 2 8 9 271000 2
1 2 0 8 271000 2
1 2 1 2 271000 2
1 2 3 3 271000 2
1 2 4 2 271000 2
1 2 4 5 271000 2
1 2 4 1 271000 2
1 2 4 9 271000 2
1 2 5 6 271000 2
1 2 5 6 271000 2
1 2 0 3 271000 2
1 2 11 4 271500 2
1 2 12 6 271500 2
1 2 12 4 271500 2
1 2 13 8 271500 2
1 2 13 6 271500 2
1 2 13 4 271500 2
1 2 14 5 271500 2
1 2 15 0 271500 2
1 2 15 7 271500 2
1 2 15 8 271500 2
1 2 15 1 271500 2
1 2 11 0 271500 2
1 2 11 4 271500 2
1 2 2 2 271500 2
1 2 3 8 271500 2
1 2 4 8 271500 2
1 2 5 6 271500 2
1 2 6 3 271500 2
1 2 6 5 271500 2
1 2 8 9 271500 2
1 2 9 0 271500 2
1 2 9 5 271500 2
1 2 10 4 271500 2
1 2 7 4 271500 2
1 2 9 5 272000 2
1 2 10 3 272000 2
1 2 11 7 272000 2
1 2 11 4 272000 2
1 2 11 9 272000 2
1 2 11 6 272000 2
1 2 12 8 272000 2
1 2 12 6 272000 2
1 2 13 6 272000 2
1 2 15 2 272000 2
1 2 15 9 272000 2
1 2 2 8 272000 2
1 2 9 3 272000 2
1 2 0 8 272000 2
1 2 1 4 272000 2
1 2 9 5 272000 2
1 2 4 8 272000 2
1 2 4 0 272000 2
1 2 5 9 272000 2
1 2 5 2 272000 2
1 2 5 4 272000 2
1 2 6 1 272000 2
1 2 7 3 272000 2
1 2 8 2 272000 2
1 2 9 5 272500 2
1 2 10 9 272500 2
1 2 10 2 272500 2
1 2 9 8 272500 2
1 2 10 8 272500 2
1 2 11 9 272500 2
1 2 11 7 272500 2
1 2 11 9 272500 2
1 2 12 9 272500 2
1 2 12 4 272500 2
1 2 13 6 272500 2
1 2 14 2 272500 2
1 2 15 8 272500 2
1 2 15 5 272500 2
1 2 15 4 272500 2
1 2 1 1 272500 2
1 2 8 0 272500 2
1 2 9 6 272500 2
1 2 0 7 272500 2
1 2 0 5 272500 2
1 2 1 7 272500 2
1 2 3 6 272500 2
1 2 3 1 272500 2
1 2 4 4 272500 2
1 2 4 1 272500 2
1 2 4 8 272500 2
1 2 5 1 272500 2
1 2 7 5 272500 2
1 2 7 9 272500 2
1 2 8 4 272500 2
1 2 4 3 272500 2
1 2 11 6 273000 2
1 2 8 8 273000 2
1 2 11 1 273000 2
1 2 11 0 273000 2
1 2 11 4 273000 2
1 2 12 4 273000 2
1 2 13 8 273000 2
1 2 13 8 273000 2
1 2 13 1 273000 2
1 2 14 8 273000 2
1 2 15 2 273000 2
1 2 15 4 273000 2
1 2 9 9 273000 2
1 2 10 9 273000 2
1 2 0 2 273000 2
1 2 0 8 273000 2
1 2 2 5 273000 2
1 2 2 2 273000 2
1 2 4 8 273000 2
1 2 4 0 273000 2
1 2 5 4 273000 2
1 2 7 5 273000 2
1 2 7 9 273000 2
1 2 8 9 273000 2
1 2 11 7 273500 2
1 2 11 7 273500 2
1 2 12 7 273500 2
1 2 12 5 273500 2
1 2 12 4 273500 2
1 2 13 8 273500 2
1 2 14 5 273500 2
1 2 15 8 273500 2
1 2 15 1 273500 2
1 2 15 9 273500 2
1 2 15 1 273500 2
1 2 0 4 273500 2
1 2 11 4 273500 2
1 2 11 1 273500 2
1 2 1 0 273500 2
1 2 1 6 273500 2
1 2 4 2 273500 2
1 2 5 0 273500 2
1 2 6 1 273500 2
1 2 7 1 273500 2
1 2 7 4 273500 2
1 2 8 0 273500 2
1 2 11 4 273500 2
1 2 7 2 273500 2
1 2 13 6 274000 2
1 2 15 3 274000 2
1 2 15 9 274000 2
1 2 15 1 274000 2
1 2 14 5 274000 2
1 2 14 2 274000 2
1 2 13 7 274000 2
1 2 12 6 274000 2
1 2 11 0 274000 2
1 2 11 4 274000 2
1 2 11 6 274000 2
1 2 8 2 274000 2
1 2 0 8 274000 2
1 2 4 1 274000 2
1 2 4 0 274000 2
1 2 5 7 274000 2
1 2 5 3 274000 2
1 2 6 4 274000 2
1 2 5 6 274000 2
1 2 6 8 274000 2
1 2 7 3 274000 2
1 2 8 2 274000 2
1 2 11 7 274500 2
1 2 11 6 274500 2
1 2 11 1 274500 2
1 2 12 2 274500 2
1 2 12 8 274500 2
1 2 12 4 274500 2
1 2 13 2 274500 2
1 2 13 3 274500 2
1 2 13 4 274500 2
1 2 14 8 274500 2
1 2 15 8 274500 2
1 2 15 3 274500 2
1 2 15 9 274500 2
1 2 11 4 274500 2
1 2 11 9 274500 2
1 2 0 8 274500 2
1 2 1 2 274500 2
1 2 1 2 274500 2
1 2 3 7 274500 2
1 2 3 3 274500 2
1 2 3 8 274500 2
1 2 4 5 274500 2
1 2 4 1 274500 2
1 2 5 2 274500 2
1 2 8 4 274500 2
1 2 10 6 274500 2
1 2 8 2 275000 2
1 2 15 9 275000 2
1 2 15 8 275000 2
1 2 14 9 275000 2
1 2 14 2 275000 2
1 2 13 6 275000 2
1 2 11 9 275000 2
1 2 11 5 275000 2
1 2 9 3 275000 2
1 2 7 4 275000 2
1 2 7 8 275000 2
1 2 6 6 275000 2
1 2 4 5 275000 2
1 2 3 8 275000 2
1 2 2 3 275000 2
1 2 2 8 275000 2
1 2 11 6 275500 2
1 2 11 7 275500 2
1 2 11 4 275500 2
1 2 12 6 275500 2
1 2 13 8 275500 2
1 2 13 5 275500 2
1 2 14 4 275500 2
1 2 15 6 275500 2
1 2 15 6 275500 2
1 2 15 2 275500 2
1 2 15 4 275500 2
1 2 2 0 275500 2
1 2 10 6 275500 2
1 2 0 2 275500 2
1 2 0 8 275500 2
1 2 2 6 275500 2
1 2 2 9 275500 2
1 2 2 1 275500 2
1 2 3 1 275500 2
1 2 4 8 275500 2
1 2 7 4 275500 2
1 2 8 7 275500 2
1 2 9 3 275500 2
1 2 10 6 275500 2
1 2 15 6 276000 2
1 2 14 5 276000 2
1 2 12 6 276000 2
1 2 12 8 276000 2
1 2 11 0 276000 2
1 2 11 0 276000 2
1 2 11 8 276000 2
1 2 10 5 276000 2
1 2 9 5 276000 2
1 2 7 5 276000 2
1 2 5 6 276000 2
1 2 7 2 276000 2
1 2 0 6 276000 2
1 2 1 7 276000 2
1 2 3 3 276000 2
1 2 3 4 276000 2
1 2 3 4 276000 2
1 2 5 8 276000 2
1 2 5 7 276000 2
1 2 11 1 276500 2
1 2 15 5 276500 2
1 2 15 7 276500 2
1 2 13 4 276500 2
1 2 12 6 276500 2
1 2 11 4 276500 2
1 2 11 9 276500 2
1 2 10 1 276500 2
1 2 10 8 276500 2
1 2 9 3 276500 2
1 2 10 9 276500 2
1 2 9 3 276500 2
1 2 4 6 276500 2
1 2 3 1 276500 2
1 2 3 6 276500 2
1 2 2 8 276500 2
1 2 1 2 276500 2
1 2 0 8 276500 2
1 2 10 8 277000 2
1 2 10 6 277000 2
1 2 11 4 277000 2
1 2 11 0 277000 2
1 2 11 1 277000 2
1 2 12 6 277000 2
1 2 13 8 277000 2
1 2 13 8 277000 2
1 2 13 5 277000 2
1 2 14 0 277000 2
1 2 15 7 277000 2
1 2 15 4 277000 2
1 2 4 6 277000 2
1 2 9 3 277000 2
1 2 1 9 277000 2
1 2 1 4 277000 2
1 2 3 2 277000 2
1 2 3 0 277000 2
1 2 3 2 277000 2
1 2 5 9 277000 2
1 2 5 2 277000 2
1 2 5 0 277000 2
1 2 8 9 277000 2
1 2 9 6 277000 2
1 2 10 8 277000 2
1 2 5 7 277000 2
1 2 15 5 277500 2
1 2 11 1 277500 2
1 2 11 8 277500 2
1 2 11 2 277500 2
1 2 12 5 277500 2
1 2 13 4 277500 2
1 2 13 4 277500 2
1 2 13 6 277500 2
1 2 14 1 277500 2
1 2 15 2 277500 2
1 2 3 8 277500 2
1 2 11 6 277500 2
1 2 11 2 277500 2
1 2 1 7 277500 2
1 2 4 1 277500 2
1 2 5 7 277500 2
1 2 5 9 277500 2
1 2 7 4 277500 2
1 2 8 7 277500 2
1 2 10 6 277500 2
1 2 10 6 277500 2
1 2 5 0 277500 2
1 2 5 1 278000 2
1 2 9 4 278000 2
1 2 9 0 278000 2
1 2 9 8 278000 2
1 2 10 3 278000 2
1 2 11 6 278000 2
1 2 11 4 278000 2
1 2 12 8 278000 2
1 2 12 5 278000 2
1 2 13 1 278000 2
1 2 15 0 278000 2
1 2 15 9 278000 2
1 2 5 2 278000 2
1 2 0 2 278000 2
1 2 1 5 278000 2
1 2 2 8 278000 2
1 2 2 2 278000 2
1 2 3 0 278000 2
1 2 3 6 278000 2
1 2 4 5 278000 2
1 2 4 5 278000 2
1 2 4 0 278000 2
1 2 5 5 278000 2
1 2 7 2 278000 2
1 2 15 9 278500 2
1 2 14 7 278500 2
1 2 14 0 278500 2
1 2 13 9 278500 2
1 2 3 8 278500 2
1 2 13 8 278500 2
1 2 12 6 278500 2
1 2 11 7 278500 2
1 2 10 8 278500 2
1 2 5 0 278500 2
1 2 5 9 278500 2
1 2 3 8 278500 2
1 2 3 9 278500 2
1 2 3 4 278500 2
1 2 2 5 278500 2
1 2 0 9 278500 2
1 2 5 4 278500 2
1 2 8 2 279000 2
1 2 9 5 279000 2
1 2 10 8 279000 2
1 2 11 9 279000 2
1 2 11 0 279000 2
1 2 11 4 279000 2
1 2 11 0 279000 2
1 2 12 8 279000 2
1 2 12 4 279000 2
1 2 13 8 279000 2
1 2 14 2 279000 2
1 2 15 7 279000 2
1 2 15 3 279000 2
1 2 7 3 279000 2
1 2 0 5 279000 2
1 2 1 5 279000 2
1 2 2 2 279000 2
1 2 2 6 279000 2
1 2 2 8 279000 2
1 2 3 4 279000 2
1 2 3 3 279000 2
1 2 4 3 279000 2
1 2 4 7 279000 2
1 2 6 6 279000 2
1 2 6 3 279000 2
1 2 3 2 279000 2
1 2 7 5 279000 2
1 2 11 0 279500 2
1 2 11 9 279500 2
1 2 11 7 279500 2
1 2 12 6 279500 2
1 2 12 5 279500 2
1 2 14 5 279500 2
1 2 14 5 279500 2
1 2 14 8 279500 2
1 2 15 6 279500 2
1 2 15 8 279500 2
1 2 15 9 279500 2
1 2 2 8 279500 2
1 2 10 6 279500 2
1 2 11 4 279500 2
1 2 4 8 279500 2
1 2 4 0 279500 2
1 2 5 6 279500 2
1 2 6 1 279500 2
1 2 7 2 279500 2
1 2 7 5 279500 2
1 2 8 7 279500 2
1 2 8 3 279500 2
1 2 10 9 279500 2
1 2 11 3 280000 2
1 2 12 5 280000 2
1 2 13 6 280000 2
1 2 13 4 280000 2
1 2 13 5 280000 2
1 2 13 2 280000 2
1 2 14 9 280000 2
1 2 14 7 280000 2
1 2 14 8 280000 2
1 2 15 0 280000 2
1 2 15 6 280000 2
1 2 15 9 280000 2
1 2 4 6 280000 2
1 2 11 8 280000 2
1 2 11 4 280000 2
1 2 3 7 280000 2
1 2 4 5 280000 2
1 2 3 4 280000 2
1 2 5 2 280000 2
1 2 6 1 280000 2
1 2 8 7 280000 2
1 2 8 3 280000 2
1 2 9 3 280000 2
1 2 10 8 280000 2
1 2 10 3 280000 2
1 2 7 9 280000 2
1 2 11 7 280500 2
1 2 11 2 280500 2
1 2 11 9 280500 2
1 2 12 8 280500 2
1 2 13 8 280500 2
1 2 13 6 280500 2
1 2 14 7 280500 2
1 2 14 0 280500 2
1 2 14 8 280500 2
1 2 15 5 280500 2
1 2 15 7 280500 2
1 2 15 2 280500 2
1 2 15 9 280500 2
1 2 9 5 280500 2
1 2 10 2 280500 2
1 2 1 5 280500 2
1 2 2 0 280500 2
1 2 3 5 280500 2
1 2 3 8 280500 2
1 2 4 4 280500 2
1 2 4 8 280500 2
1 2 5 0 280500 2
1 2 6 3 280500 2
1 2 7 0 280500 2
1 2 8 5 280500 2
1 2 8 9 280500 2
1 2 11 9 281000 2
1 2 11 6 281000 2
1 2 11 4 281000 2
1 2 12 8 281000 2
1 2 12 4 281000 2
1 2 13 5 281000 2
1 2 13 2 281000 2
1 2 15 8 281000 2
1 2 15 7 281000 2
1 2 15 3 281000 2
1 2 15 0 281000 2
1 2 15 0 281000 2
1 2 5 6 281000 2
1 2 9 2 281000 2
1 2 11 1 281000 2
1 2 1 1 281000 2
1 2 1 3 281000 2
1 2 2 5 281000 2
1 2 3 1 281000 2
1 2 3 4 281000 2
1 2 4 8 281000 2
1 2 0 6 281000 2
1 2 8 2 281000 2
1 2 8 8 281000 2
1 2 8 9 281000 2
1 2 11 4 281500 2
1 2 15 3 281500 2
1 2 15 3 281500 2
1 2 15 6 281500 2
1 2 15 2 281500 2
1 2 15 8 281500 2
1 2 13 6 281500 2
1 2 13 8 281500 2
1 2 12 6 281500 2
1 2 10 8 281500 2
1 2 8 0 281500 2
1 2 5 6 281500 2
1 2 4 6 281500 2
1 2 4 1 281500 2
1 2 4 1 281500 2
1 2 2 5 281500 2
1 2 0 2 281500 2
1 2 11 0 281500 2
1 2 15 2 282000 2
1 2 9 5 282000 2
1 2 10 0 282000 2
1 2 10 8 282000 2
1 2 11 6 282000 2
1 2 11 9 282000 2
1 2 11 5 282000 2
1 2 12 8 282000 2
1 2 13 6 282000 2
1 2 15 4 282000 2
1 2 1 9 282000 2
1 2 8 9 282000 2
1 2 0 3 282000 2
1 2 0 2 282000 2
1 2 9 5 282000 2
1 2 2 9 282000 2
1 2 2 5 282000 2
1 2 3 7 282000 2
1 2 4 5 282000 2
1 2 4 5 282000 2
1 2 4 0 282000 2
1 2 5 0 282000 2
1 2 11 4 282500 2
1 2 11 4 282500 2
1 2 12 4 282500 2
1 2 12 5 282500 2
1 2 10 6 282500 2
1 2 12 4 282500 2
1 2 14 2 282500 2
1 2 14 9 282500 2
1 2 14 4 282500 2
1 2 15 0 282500 2
1 2 15 9 282500 2
1 2 3 3 282500 2
1 2 8 9 282500 2
1 2 9 0 282500 2
1 2 0 1 282500 2
1 2 0 8 282500 2
1 2 1 0 282500 2
1 2 2 8 282500 2
1 2 4 1 282500 2
1 2 4 2 282500 2
1 2 5 6 282500 2
1 2 5 0 282500 2
1 2 7 9 282500 2
1 2 4 4 282500 2
1 2 7 4 283000 2
1 2 8 6 283000 2
1 2 10 1 283000 2
1 2 10 3 283000 2
1 2 11 6 283000 2
1 2 11 4 283000 2
1 2 11 0 283000 2
1 2 12 6 283000 2
1 2 14 9 283000 2
1 2 14 0 283000 2
1 2 15 8 283000 2
1 2 15 7 283000 2
1 2 15 3 283000 2
1 2 7 5 283000 2
1 2 0 7 283000 2
1 2 0 4 283000 2
1 2 0 8 283000 2
1 2 1 0 283000 2
1 2 1 3 283000 2
1 2 2 2 283000 2
1 2 4 2 283000 2
1 2 4 0 283000 2
1 2 5 4 283000 2
1 2 5 9 283000 2
1 2 6 4 283000 2
1 2 8 2 283000 2
1 2 0 8 283500 2
1 2 15 6 283500 2
1 2 15 0 283500 2
1 2 15 5 283500 2
1 2 15 0 283500 2
1 2 14 2 283500 2
1 2 12 6 283500 2
1 2 12 8 283500 2
1 2 11 7 283500 2
1 2 10 8 283500 2
1 2 7 2 283500 2
1 2 6 3 283500 2
1 2 4 0 283500 2
1 2 4 1 283500 2
1 2 3 2 283500 2
1 2 3 8 283500 2
1 2 3 4 283500 2
1 2 2 8 283500 2
1 2 7 4 283500 2
1 2 11 4 284000 2
1 2 15 9 284000 2
1 2 11 8 284000 2
1 2 11 0 284000 2
1 2 11 2 284000 2
1 2 11 2 284000 2
1 2 12 6 284000 2
1 2 12 9 284000 2
1 2 12 5 284000 2
1 2 13 5 284000 2
1 2 15 8 284000 2
1 2 9 9 284000 2
1 2 10 9 284000 2
1 2 0 2 284000 2
1 2 2 9 284000 2
1 2 2 2 284000 2
1 2 3 2 284000 2
1 2 4 1 284000 2
1 2 4 0 284000 2
1 2 5 5 284000 2
1 2 5 2 284000 2
1 2 8 0 284000 2
1 2 9 6 284000 2
1 2 8 9 284500 2
1 2 11 0 284500 2
1 2 10 6 284500 2
1 2 11 6 284500 2
1 2 11 9 284500 2
1 2 11 3 284500 2
1 2 13 6 284500 2
1 2 13 8 284500 2
1 2 13 6 284500 2
1 2 13 4 284500 2
1 2 13 2 284500 2
1 2 15 8 284500 2
1 2 9 4 284500 2
1 2 0 4 284500 2
1 2 2 5 284500 2
1 2 2 2 284500 2
1 2 2 9 284500 2
1 2 2 9 284500 2
1 2 3 4 284500 2
1 2 4 8 284500 2
1 2 5 8 284500 2
1 2 7 0 284500 2
1 2 9 5 284500 2
1 2 5 8 285000 2
1 2 15 9 285000 2
1 2 13 5 285000 2
1 2 13 6 285000 2
1 2 13 8 285000 2
1 2 12 8 285000 2
1 2 12 5 285000 2
1 2 12 8 285000 2
1 2 7 9 285000 2
1 2 6 6 285000 2
1 2 0 7 285000 2
1 2 5 5 285000 2
1 2 4 0 285000 2
1 2 2 5 285000 2
1 2 11 9 285000 2
1 2 8 3 285500 2
1 2 15 2 285500 2
1 2 15 2 285500 2
1 2 14 4 285500 2
1 2 12 4 285500 2
1 2 12 8 285500 2
1 2 11 4 285500 2
1 2 11 0 285500 2
1 2 9 7 285500 2
1 2 8 2 285500 2
1 2 7 4 285500 2
1 2 7 2 285500 2
1 2 6 1 285500 2
1 2 4 6 285500 2
1 2 2 4 285500 2
1 2 2 0 285500 2
1 2 1 1 285500 2
1 2 1 0 285500 2
1 2 0 8 285500 2
1 2 10 7 286000 2
1 2 10 1 286000 2
1 2 11 3 286000 2
1 2 12 8 286000 2
1 2 12 6 286000 2
1 2 15 2 286000 2
1 2 15 9 286000 2
1 2 15 8 286000 2
1 2 3 2 286000 2
1 2 9 5 286000 2
1 2 9 5 286000 2
1 2 7 8 286000 2
1 2 7 9 286000 2
1 2 5 6 286000 2
1 2 4 2 286000 2
1 2 1 5 286000 2
1 2 0 8 286000 2
1 2 9 9 286000 2
1 2 9 2 286500 2
1 2 9 3 286500 2
1 2 10 0 286500 2
1 2 10 6 286500 2
1 2 11 9 286500 2
1 2 11 4 286500 2
1 2 11 4 286500 2
1 2 14 5 286500 2
1 2 15 0 286500 2
1 2 15 5 286500 2
1 2 15 5 286500 2
1 2 1 7 286500 2
1 2 6 4 286500 2
1 2 8 0 286500 2
1 2 2 8 286500 2
1 2 2 2 286500 2
1 2 3 8 286500 2
1 2 3 5 286500 2
1 2 4 5 286500 2
1 2 4 9 286500 2
1 2 4 8 286500 2
1 2 4 0 286500 2
1 2 5 6 286500 2
1 2 5 1 286500 2
1 2 9 2 287000 2
1 2 15 8 287000 2
1 2 14 0 287000 2
1 2 13 4 287000 2
1 2 13 5 287000 2
1 2 11 4 287000 2
1 2 11 4 287000 2
1 2 11 6 287000 2
1 2 10 6 287000 2
1 2 8 4 287000 2
1 2 8 8 287000 2
1 2 7 2 287000 2
1 2 6 1 287000 2
1 2 4 1 287000 2
1 2 4 7 287000 2
1 2 2 8 287000 2
1 2 0 8 287000 2
1 2 0 4 287000 2
1 2 8 9 287500 2
1 2 11 9 287500 2
1 2 9 6 287500 2
1 2 10 6 287500 2
1 2 11 2 287500 2
1 2 11 0 287500 2
1 2 12 4 287500 2
1 2 13 8 287500 2
1 2 13 5 287500 2
1 2 14 2 287500 2
1 2 15 8 287500 2
1 2 15 8 287500 2
1 2 7 9 287500 2
1 2 8 5 287500 2
1 2 0 3 287500 2
1 2 0 2 287500 2
1 2 0 1 287500 2
1 2 0 8 287500 2
1 2 1 5 287500 2
1 2 3 4 287500 2
1 2 4 6 287500 2
1 2 4 8 287500 2
1 2 5 6 287500 2
1 2 5 4 287500 2
1 2 2 6 287500 2
1 2 9 5 288000 2
1 2 9 3 288000 2
1 2 10 2 288000 2
1 2 11 4 288000 2
1 2 11 4 288000 2
1 2 12 8 288000 2
1 2 13 1 288000 2
1 2 13 1 288000 2
1 2 14 9 288000 2
1 2 14 4 288000 2
1 2 15 7 288000 2
1 2 8 4 288000 2
1 2 8 9 288000 2
1 2 0 7 288000 2
1 2 1 9 288000 2
1 2 3 4 288000 2
1 2 3 4 288000 2
1 2 4 1 288000 2
1 2 4 8 288000 2
1 2 5 2 288000 2
1 2 5 1 288000 2
1 2 7 4 288000 2
1 2 8 3 288500 2
1 2 8 3 288500 2
1 2 9 1 288500 2
1 2 10 9 288500 2
1 2 10 3 288500 2
1 2 11 7 288500 2
1 2 11 2 288500 2
1 2 11 9 288500 2
1 2 11 4 288500 2
1 2 12 5 288500 2
1 2 13 8 288500 2
1 2 13 5 288500 2
1 2 14 5 288500 2
1 2 14 8 288500 2
1 2 14 3 288500 2
1 2 15 2 288500 2
1 2 15 8 288500 2
1 2 15 7 288500 2
1 2 15 2 288500 2
1 2 7 7 288500 2
1 2 8 1 288500 2
1 2 0 4 288500 2
1 2 0 1 288500 2
1 2 1 7 288500 2
1 2 2 1 288500 2
1 2 2 7 288500 2
1 2 2 6 288500 2
1 2 3 4 288500 2
1 2 3 8 288500 2
1 2 4 0 288500 2
1 2 5 3 288500 2
1 2 6 2 288500 2
1 2 6 6 288500 2
1 2 6 3 288500 2
1 2 6 3 288500 2
1 2 6 8 288500 2
1 2 6 9 288500 2
1 2 7 7 288500 2
1 2 5 3 288500 2
1 2 10 7 289000 2
1 2 11 6 289000 2
1 2 11 9 289000 2
1 2 11 7 289000 2
1 2 12 2 289000 2
1 2 12 2 289000 2
1 2 12 5 289000 2
1 2 13 8 289000 2
1 2 14 9 289000 2
1 2 14 7 289000 2
1 2 15 2 289000 2
1 2 15 0 289000 2
1 2 8 2 289000 2
1 2 8 7 289000 2
1 2 0 4 289000 2
1 2 0 1 289000 2
1 2 2 8 289000 2
1 2 2 9 289000 2
1 2 2 4 289000 2
1 2 3 7 289000 2
1 2 5 8 289000 2
1 2 6 2 289000 2
1 2 7 4 289000 2
1 2 8 4 289000 2
1 2 8 9 289000 2
1 2 9 1 289000 2
1 2 9 6 289500 2
1 2 10 7 289500 2
1 2 10 3 289500 2
1 2 11 8 289500 2
1 2 11 9 289500 2
1 2 11 9 289500 2
1 2 11 0 289500 2
1 2 11 4 289500 2
1 2 12 5 289500 2
1 2 12 5 289500 2
1 2 13 8 289500 2
1 2 13 5 289500 2
1 2 14 8 289500 2
1 2 15 2 289500 2
1 2 15 9 289500 2
1 2 1 4 289500 2
1 2 8 9 289500 2
1 2 0 4 289500 2
1 2 2 6 289500 2
1 2 3 4 289500 2
1 2 3 8 289500 2
1 2 4 4 289500 2
1 2 4 3 289500 2
1 2 4 2 289500 2
1 2 4 4 289500 2
1 2 5 3 289500 2
1 2 6 3 289500 2
1 2 6 8 289500 2
1 2 6 9 289500 2
1 2 6 9 289500 2
1 2 4 6 289500 2
1 2 8 2 289500 2
1 2 8 7 290000 2
1 2 9 1 290000 2
1 2 9 5 290000 2
1 2 10 0 290000 2
1 2 10 9 290000 2
1 2 11 7 290000 2
1 2 11 0 290000 2
1 2 11 0 290000 2
1 2 11 4 290000 2
1 2 12 2 290000 2
1 2 12 1 290000 2
1 2 13 3 290000 2
1 2 13 6 290000 2
1 2 13 3 290000 2
1 2 15 3 290000 2
1 2 14 3 290000 2
1 2 7 3 290000 2
1 2 8 7 290000 2
1 2 0 8 290000 2
1 2 0 8 290000 2
1 2 1 7 290000 2
1 2 2 4 290000 2
1 2 3 4 290000 2
1 2 3 5 290000 2
1 2 3 8 290000 2
1 2 4 6 290000 2
1 2 5 7 290000 2
1 2 5 7 290000 2
1 2 6 0 290000 2
1 2 6 1 290000 2
1 2 7 9 290000 2
1 2 7 9 290000 2
1 2 3 8 290000 2
1 2 8 2 290500 2
1 2 9 5 290500 2
1 2 8 3 290500 2
1 2 9 7 290500 2
1 2 10 7 290500 2
1 2 10 6 290500 2
1 2 10 7 290500 2
1 2 11 9 290500 2
1 2 11 7 290500 2
1 2 11 7 290500 2
1 2 12 6 290500 2
1 2 12 5 290500 2
1 2 13 5 290500 2
1 2 13 8 290500 2
1 2 14 7 290500 2
1 2 14 9 290500 2
1 2 7 6 290500 2
1 2 0 5 290500 2
1 2 0 8 290500 2
1 2 0 5 290500 2
1 2 0 3 290500 2
1 2 1 6 290500 2
1 2 1 2 290500 2
1 2 1 7 290500 2
1 2 1 4 290500 2
1 2 3 4 290500 2
1 2 4 2 290500 2
1 2 5 9 290500 2
1 2 5 1 290500 2
1 2 6 3 290500 2
1 2 7 9 290500 2
1 2 8 1 290500 2
1 2 2 6 290500 2
1 2 7 7 291000 2
1 2 9 8 291000 2
1 2 10 3 291000 2
1 2 10 5 291000 2
1 2 11 9 291000 2
1 2 11 4 291000 2
1 2 12 2 291000 2
1 2 12 6 291000 2
1 2 12 4 291000 2
1 2 13 4 291000 2
1 2 13 3 291000 2
1 2 14 3 291000 2
1 2 15 2 291000 2
1 2 7 9 291000 2
1 2 8 4 291000 2
1 2 0 6 291000 2
1 2 0 2 291000 2
1 2 0 9 291000 2
1 2 1 3 291000 2
1 2 2 9 291000 2
1 2 2 4 291000 2
1 2 3 2 291000 2
1 2 4 4 291000 2
1 2 4 6 291000 2
1 2 4 7 291000 2
1 2 5 8 291000 2
1 2 9 7 291500 2
1 2 9 5 291500 2
1 2 10 0 291500 2
1 2 10 6 291500 2
1 2 10 1 291500 2
1 2 10 5 291500 2
1 2 11 7 291500 2
1 2 11 4 291500 2
1 2 12 4 291500 2
1 2 12 5 291500 2
1 2 12 3 291500 2
1 2 12 4 291500 2
1 2 13 8 291500 2
1 2 13 1 291500 2
1 2 15 0 291500 2
1 2 15 6 291500 2
1 2 7 9 291500 2
1 2 0 9 291500 2
1 2 0 6 291500 2
1 2 1 5 291500 2
1 2 2 5 291500 2
1 2 2 2 291500 2
1 2 3 4 291500 2
1 2 3 8 291500 2
1 2 4 2 291500 2
1 2 6 0 291500 2
1 2 6 8 291500 2
1 2 6 3 291500 2
1 2 6 7 291500 2
1 2 6 7 291500 2
1 2 7 9 291500 2
1 2 7 4 291500 2
1 2 5 9 291500 2
1 2 8 3 292000 2
1 2 8 9 292000 2
1 2 9 1 292000 2
1 2 9 1 292000 2
1 2 10 9 292000 2
1 2 10 3 292000 2
1 2 10 5 292000 2
1 2 11 9 292000 2
1 2 12 2 292000 2
1 2 12 6 292000 2
1 2 12 4 292000 2
1 2 13 5 292000 2
1 2 13 6 292000 2
1 2 14 8 292000 2
1 2 15 1 292000 2
1 2 11 0 292000 2
1 2 7 4 292000 2
1 2 8 7 292000 2
1 2 2 0 292000 2
1 2 2 9 292000 2
1 2 3 4 292000 2
1 2 3 5 292000 2
1 2 4 7 292000 2
1 2 4 7 292000 2
1 2 4 8 292000 2
1 2 0 2 292000 2
1 2 5 3 292000 2
1 2 5 8 292000 2
1 2 6 2 292000 2
1 2 6 4 292000 2
1 2 6 3 292000 2
1 2 5 8 292000 2
1 2 10 5 292500 2
1 2 11 3 292500 2
1 2 11 9 292500 2
1 2 11 7 292500 2
1 2 11 5 292500 2
1 2 12 6 292500 2
1 2 12 1 292500 2
1 2 12 4 292500 2
1 2 15 6 292500 2
1 2 15 8 292500 2
1 2 15 2 292500 2
1 2 15 8 292500 2
1 2 8 6 292500 2
1 2 7 9 292500 2
1 2 7 5 292500 2
1 2 6 3 292500 2
1 2 6 0 292500 2
1 2 5 9 292500 2
1 2 4 4 292500 2
1 2 4 8 292500 2
1 2 2 6 292500 2
1 2 2 5 292500 2
1 2 1 3 292500 2
1 2 0 3 292500 2
1 2 0 6 292500 2
1 2 8 0 292500 2
1 2 11 0 293000 2
1 2 13 6 293000 2
1 2 11 7 293000 2
1 2 15 7 293000 2
1 2 11 0 293000 2
1 2 11 8 293000 2
1 2 10 4 293000 2
1 2 10 9 293000 2
1 2 13 3 293000 2
1 2 13 8 293000 2
1 2 14 5 293000 2
1 2 14 3 293000 2
1 2 14 3 293000 2
1 2 15 2 293000 2
1 2 10 9 293000 2
1 2 8 3 293000 2
1 2 2 8 293000 2
1 2 3 9 293000 2
1 2 3 4 293000 2
1 2 4 8 293000 2
1 2 5 9 293000 2
1 2 5 9 293000 2
1 2 6 8 293000 2
1 2 7 7 293000 2
1 2 7 5 293000 2
1 2 7 1 293000 2
1 2 7 4 293000 2
1 2 7 4 293000 2
1 2 6 7 293000 2
1 2 9 7 293500 2
1 2 13 6 293500 2
1 2 13 8 293500 2
1 2 13 4 293500 2
1 2 13 2 293500 2
1 2 14 0 293500 2
1 2 14 9 293500 2
1 2 14 3 293500 2
1 2 15 7 293500 2
1 2 15 8 293500 2
1 2 15 0 293500 2
1 2 15 9 293500 2
1 2 10 9 293500 2
1 2 4 0 293500 2
1 2 2 8 293500 2
1 2 8 3 293500 2
1 2 3 8 293500 2
1 2 3 4 293500 2
1 2 4 4 293500 2
1 2 4 2 293500 2
1 2 5 8 293500 2
1 2 5 8 293500 2
1 2 6 8 293500 2
1 2 6 3 293500 2
1 2 7 7 293500 2
1 2 8 3 293500 2
1 2 11 8 294000 2
1 2 10 3 294000 2
1 2 9 9 294000 2
1 2 15 3 294000 2
1 2 9 6 294000 2
1 2 8 2 294000 2
1 2 8 3 294000 2
1 2 8 2 294000 2
1 2 11 6 294000 2
1 2 11 4 294000 2
1 2 12 2 294000 2
1 2 13 5 294000 2
1 2 14 2 294000 2
1 2 15 0 294000 2
1 2 15 4 294000 2
1 2 8 7 294000 2
1 2 6 3 294000 2
1 2 7 7 294000 2
1 2 0 5 294000 2
1 2 0 1 294000 2
1 2 1 6 294000 2
1 2 1 2 294000 2
1 2 1 1 294000 2
1 2 2 2 294000 2
1 2 3 8 294000 2
1 2 4 7 294000 2
1 2 5 8 294000 2
1 2 5 5 294000 2
1 2 6 0 294000 2
1 2 6 8 294000 2
1 2 6 8 294000 2
1 2 4 4 294000 2
1 2 8 4 294500 2
1 2 8 1 294500 2
1 2 8 4 294500 2
1 2 10 4 294500 2
1 2 10 7 294500 2
1 2 11 9 294500 2
1 2 11 0 294500 2
1 2 12 4 294500 2
1 2 12 6 294500 2
1 2 12 4 294500 2
1 2 12 4 294500 2
1 2 15 8 294500 2
1 2 15 3 294500 2
1 2 7 7 294500 2
1 2 6 4 294500 2
1 2 0 4 294500 2
1 2 0 2 294500 2
1 2 2 6 294500 2
1 2 3 4 294500 2
1 2 3 4 294500 2
1 2 4 6 294500 2
1 2 4 0 294500 2
1 2 5 6 294500 2
1 2 5 9 294500 2
1 2 5 3 294500 2
1 2 6 0 294500 2
1 2 6 7 294500 2
1 2 8 9 295000 2
1 2 7 7 295000 2
1 2 8 2 295000 2
1 2 9 6 295000 2
1 2 10 7 295000 2
1 2 10 3 295000 2
1 2 10 7 295000 2
1 2 11 9 295000 2
1 2 11 0 295000 2
1 2 12 6 295000 2
1 2 12 2 295000 2
1 2 13 2 295000 2
1 2 13 2 295000 2
1 2 13 6 295000 2
1 2 14 4 295000 2
1 2 0 9 295000 2
1 2 7 7 295000 2
1 2 0 3 295000 2
1 2 2 9 295000 2
1 2 2 9 295000 2
1 2 2 4 295000 2
1 2 3 6 295000 2
1 2 4 4 295000 2
1 2 5 3 295000 2
1 2 6 9 295000 2
1 2 6 7 295000 2
1 2 6 4 295000 2
1 2 6 2 295000 2
1 2 5 6 295000 2
1 2 6 3 295000 2
1 2 5 3 295000 2
1 2 12 2 295500 2
1 2 10 8 295500 2
1 2 10 7 295500 2
1 2 11 1 295500 2
1 2 11 9 295500 2
1 2 11 8 295500 2
1 2 11 0 295500 2
1 2 12 1 295500 2
1 2 12 6 295500 2
1 2 14 8 295500 2
1 2 15 8 295500 2
1 2 15 8 295500 2
1 2 15 7 295500 2
1 2 15 3 295500 2
1 2 7 8 295500 2
1 2 6 9 295500 2
1 2 6 3 295500 2
1 2 0 4 295500 2
1 2 0 8 295500 2
1 2 1 9 295500 2
1 2 1 7 295500 2
1 2 2 8 295500 2
1 2 2 3 295500 2
1 2 3 6 295500 2
1 2 3 8 295500 2
1 2 4 3 295500 2
1 2 4 0 295500 2
1 2 5 9 295500 2
1 2 5 3 295500 2
1 2 6 3 295500 2
1 2 10 0 296000 2
1 2 10 8 296000 2
1 2 10 9 296000 2
1 2 10 4 296000 2
1 2 11 6 296000 2
1 2 11 6 296000 2
1 2 12 1 296000 2
1 2 12 2 296000 2
1 2 12 5 296000 2
1 2 13 4 296000 2
1 2 14 2 296000 2
1 2 14 8 296000 2
1 2 15 0 296000 2
1 2 15 9 296000 2
1 2 15 2 296000 2
1 2 15 0 296000 2
1 2 8 2 296000 2
1 2 9 0 296000 2
1 2 0 3 296000 2
1 2 1 2 296000 2
1 2 1 5 296000 2
1 2 2 3 296000 2
1 2 3 4 296000 2
1 2 3 8 296000 2
1 2 3 8 296000 2
1 2 4 8 296000 2
1 2 5 6 296000 2
1 2 6 4 296000 2
1 2 7 1 296000 2
1 2 8 4 296000 2
1 2 8 2 296000 2
1 2 8 3 296000 2
1 2 4 6 296000 2
1 2 8 2 296500 2
1 2 8 8 296500 2
1 2 8 2 296500 2
1 2 10 1 296500 2
1 2 11 8 296500 2
1 2 11 8 296500 2
1 2 11 0 296500 2
1 2 13 6 296500 2
1 2 13 5 296500 2
1 2 14 4 296500 2
1 2 14 9 296500 2
1 2 15 2 296500 2
1 2 6 0 296500 2
1 2 6 7 296500 2
1 2 0 1 296500 2
1 2 1 7 296500 2
1 2 2 9 296500 2
1 2 2 2 296500 2
1 2 3 5 296500 2
1 2 4 9 296500 2
1 2 4 6 296500 2
1 2 4 8 296500 2
1 2 5 9 296500 2
1 2 5 8 296500 2
1 2 4 4 296500 2
1 2 8 7 296500 2
1 2 9 3 297000 2
1 2 9 0 297000 2
1 2 10 9 297000 2
1 2 11 9 297000 2
1 2 11 7 297000 2
1 2 11 4 297000 2
1 2 12 1 297000 2
1 2 12 6 297000 2
1 2 12 6 297000 2
1 2 13 1 297000 2
1 2 14 0 297000 2
1 2 15 7 297000 2
1 2 15 0 297000 2
1 2 13 4 297000 2
1 2 8 2 297000 2
1 2 8 3 297000 2
1 2 1 7 297000 2
1 2 2 9 297000 2
1 2 3 7 297000 2
1 2 4 1 297000 2
1 2 0 4 297000 2
1 2 5 8 297000 2
1 2 5 0 297000 2
1 2 5 8 297000 2
1 2 6 8 297000 2
1 2 7 9 297000 2
1 2 8 7 297000 2
1 2 8 9 297000 2
1 2 5 3 297000 2
1 2 10 0 297500 2
1 2 10 7 297500 2
1 2 10 4 297500 2
1 2 11 9 297500 2
1 2 11 0 297500 2
1 2 12 4 297500 2
1 2 12 6 297500 2
1 2 13 3 297500 2
1 2 13 4 297500 2
1 2 13 6 297500 2
1 2 14 9 297500 2
1 2 14 0 297500 2
1 2 15 6 297500 2
1 2 15 2 297500 2
1 2 3 2 297500 2
1 2 8 3 297500 2
1 2 0 3 297500 2
1 2 2 9 297500 2
1 2 3 4 297500 2
1 2 3 0 297500 2
1 2 4 6 297500 2
1 2 5 3 297500 2
1 2 6 9 297500 2
1 2 8 7 297500 2
1 2 8 6 297500 2
1 2 7 2 297500 2
1 2 7 7 297500 2
1 2 6 7 297500 2
1 2 5 3 297500 2
1 2 8 6 298000 2
1 2 15 0 298000 2
1 2 14 4 298000 2
1 2 13 5 298000 2
1 2 12 0 298000 2
1 2 11 7 298000 2
1 2 11 0 298000 2
1 2 11 3 298000 2
1 2 9 6 298000 2
1 2 8 7 298000 2
1 2 6 9 298000 2
1 2 6 2 298000 2
1 2 5 3 298000 2
1 2 5 3 298000 2
1 2 4 7 298000 2
1 2 2 6 298000 2
1 2 2 8 298000 2
1 2 0 8 298000 2
1 2 7 9 298000 2
1 2 8 9 298500 2
1 2 8 7 298500 2
1 2 8 6 298500 2
1 2 9 1 298500 2
1 2 10 1 298500 2
1 2 11 1 298500 2
1 2 11 9 298500 2
1 2 12 2 298500 2
1 2 13 5 298500 2
1 2 14 2 298500 2
1 2 14 8 298500 2
1 2 15 6 298500 2
1 2 15 7 298500 2
1 2 1 9 298500 2
1 2 6 5 298500 2
1 2 7 5 298500 2
1 2 0 8 298500 2
1 2 0 6 298500 2
1 2 2 2 298500 2
1 2 3 7 298500 2
1 2 3 8 298500 2
1 2 3 7 298500 2
1 2 4 8 298500 2
1 2 4 0 298500 2
1 2 5 3 298500 2
1 2 6 2 298500 2
1 2 3 4 298500 2
1 2 8 3 299000 2
1 2 10 9 299000 2
1 2 10 3 299000 2
1 2 11 4 299000 2
1 2 11 7 299000 2
1 2 12 2 299000 2
1 2 12 5 299000 2
1 2 13 8 299000 2
1 2 13 4 299000 2
1 2 15 8 299000 2
1 2 15 9 299000 2
1 2 15 0 299000 2
1 2 8 9 299000 2
1 2 7 7 299000 2
1 2 0 3 299000 2
1 2 1 5 299000 2
1 2 2 5 299000 2
1 2 2 9 299000 2
1 2 3 4 299000 2
1 2 3 8 299000 2
1 2 4 7 299000 2
1 2 5 3 299000 2
1 2 5 1 299000 2
1 2 5 7 299000 2
1 2 6 3 299000 2
1 2 6 9 299000 2
1 2 8 4 299500 2
1 2 7 9 299500 2
1 2 8 6 299500 2
1 2 8 3 299500 2
1 2 10 1 299500 2
1 2 11 1 299500 2
1 2 11 0 299500 2
1 2 12 5 299500 2
1 2 13 8 299500 2
1 2 13 1 299500 2
1 2 14 8 299500 2
1 2 15 0 299500 2
1 2 15 0 299500 2
1 2 15 0 299500 2
1 2 0 3 299500 2
1 2 6 9 299500 2
1 2 1 9 299500 2
1 2 2 2 299500 2
1 2 2 4 299500 2
1 2 3 8 299500 2
1 2 3 9 299500 2
1 2 3 2 299500 2
1 2 4 8 299500 2
1 2 6 3 299500 2
1 2 6 8 299500 2
1 2 5 2 299500 2
1 2 5 3 299500 2
1 2 5 9 299500 2
1 2 3 8 299500 2
1 2 8 2 300000 2
1 2 15 0 300000 2
1 2 15 8 300000 2
1 2 14 9 300000 2
1 2 14 7 300000 2
1 2 12 5 300000 2
1 2 12 2 300000 2
1 2 12 4 300000 2
1 2 11 4 300000 2
1 2 11 9 300000 2
1 2 9 6 300000 2
1 2 8 7 300000 2
1 2 8 6 300000 2
1 2 6 0 300000 2
1 2 7 9 300000 2
1 2 1 9 300000 2
1 2 3 8 300000 2
1 2 3 0 300000 2
1 2 3 4 300000 2
1 2 3 3 300000 2
1 2 4 8 300000 2
1 2 4 7 300000 2
1 2 4 2 300000 2
1 2 5 3 300000 2
1 2 5 8 300000 2
1 2 5 3 300000 2
1 2 6 3 300000 2
1 2 8 8 300500 2
1 2 8 7 300500 2
1 2 6 4 300500 2
1 2 8 9 300500 2
1 2 10 7 300500 2
1 2 10 5 300500 2
1 2 11 0 300500 2
1 2 11 7 300500 2
1 2 11 4 300500 2
1 2 12 5 300500 2
1 2 13 3 300500 2
1 2 14 7 300500 2
1 2 15 8 300500 2
1 2 15 6 300500 2
1 2 15 6 300500 2
1 2 15 1 300500 2
1 2 6 3 300500 2
1 2 8 6 300500 2
1 2 0 6 300500 2
1 2 0 2 300500 2
1 2 0 5 300500 2
1 2 0 8 300500 2
1 2 1 2 300500 2
1 2 2 2 300500 2
1 2 3 7 300500 2
1 2 4 9 300500 2
1 2 4 9 300500 2
1 2 4 7 300500 2
1 2 5 3 300500 2
1 2 6 4 300500 2
1 2 2 2 300500 2
1 2 6 9 301000 2
1 2 7 3 301000 2
1 2 8 8 301000 2
1 2 9 1 301000 2
1 2 9 5 301000 2
1 2 11 9 301000 2
1 2 11 4 301000 2
1 2 12 8 301000 2
1 2 12 4 301000 2
1 2 13 5 301000 2
1 2 13 5 301000 2
1 2 13 2 301000 2
1 2 15 0 301000 2
1 2 15 5 301000 2
1 2 6 8 301000 2
1 2 6 9 301000 2
1 2 0 4 301000 2
1 2 0 6 301000 2
1 2 1 9 301000 2
1 2 1 5 301000 2
1 2 2 6 301000 2
1 2 3 4 301000 2
1 2 3 9 301000 2
1 2 3 9 301000 2
1 2 3 8 301000 2
1 2 4 7 301000 2
1 2 5 9 301000 2
1 2 5 9 301000 2
1 2 6 2 301000 2
1 2 6 9 301500 2
1 2 8 2 301500 2
1 2 8 9 301500 2
1 2 9 5 301500 2
1 2 11 9 301500 2
1 2 11 4 301500 2
1 2 12 0 301500 2
1 2 12 6 301500 2
1 2 14 0 301500 2
1 2 15 9 301500 2
1 2 15 7 301500 2
1 2 15 3 301500 2
1 2 7 8 301500 2
1 2 6 4 301500 2
1 2 6 9 301500 2
1 2 0 2 301500 2
1 2 1 4 301500 2
1 2 3 9 301500 2
1 2 3 7 301500 2
1 2 3 4 301500 2
1 2 4 0 301500 2
1 2 5 6 301500 2
1 2 5 3 301500 2
1 2 5 7 301500 2
1 2 6 3 301500 2
1 2 0 0 301500 2
1 2 4 7 301500 2
1 2 7 7 302000 2
1 2 8 2 302000 2
1 2 9 5 302000 2
1 2 10 9 302000 2
1 2 11 0 302000 2
1 2 11 8 302000 2
1 2 11 3 302000 2
1 2 11 6 302000 2
1 2 12 1 302000 2
1 2 12 4 302000 2
1 2 13 9 302000 2
1 2 13 5 302000 2
1 2 14 8 302000 2
1 2 14 1 302000 2
1 2 14 4 302000 2
1 2 15 3 302000 2
1 2 15 2 302000 2
1 2 6 9 302000 2
1 2 0 4 302000 2
1 2 0 8 302000 2
1 2 1 4 302000 2
1 2 1 9 302000 2
1 2 2 8 302000 2
1 2 2 7 302000 2
1 2 3 3 302000 2
1 2 3 7 302000 2
1 2 5 9 302000 2
1 2 5 4 302000 2
1 2 5 8 302000 2
1 2 5 7 302000 2
1 2 6 0 302000 2
1 2 6 8 302000 2
1 2 7 3 302000 2
1 2 4 8 302000 2
1 2 8 6 302500 2
1 2 8 7 302500 2
1 2 8 3 302500 2
1 2 9 5 302500 2
1 2 11 0 302500 2
1 2 11 4 302500 2
1 2 12 4 302500 2
1 2 12 2 302500 2
1 2 12 5 302500 2
1 2 13 5 302500 2
1 2 13 4 302500 2
1 2 14 0 302500 2
1 2 15 0 302500 2
1 2 8 6 302500 2
1 2 8 9 302500 2
1 2 0 4 302500 2
1 2 0 6 302500 2
1 2 3 9 302500 2
1 2 3 4 302500 2
1 2 5 6 302500 2
1 2 5 4 302500 2
1 2 5 7 302500 2
1 2 6 3 302500 2
1 2 6 8 302500 2
1 2 6 9 302500 2
1 2 7 4 302500 2
1 2 8 7 303000 2
1 2 8 3 303000 2
1 2 8 2 303000 2
1 2 10 7 303000 2
1 2 11 9 303000 2
1 2 11 8 303000 2
1 2 11 7 303000 2
1 2 12 4 303000 2
1 2 12 2 303000 2
1 2 12 6 303000 2
1 2 12 5 303000 2
1 2 13 9 303000 2
1 2 14 8 303000 2
1 2 15 2 303000 2
1 2 15 8 303000 2
1 2 7 5 303000 2
1 2 0 6 303000 2
1 2 1 9 303000 2
1 2 2 2 303000 2
1 2 2 9 303000 2
1 2 3 4 303000 2
1 2 3 8 303000 2
1 2 3 4 303000 2
1 2 4 0 303000 2
1 2 4 8 303000 2
1 2 5 9 303000 2
1 2 6 2 303000 2
1 2 6 3 303000 2
1 2 6 5 303000 2
1 2 7 6 303000 2
1 2 6 3 303000 2
1 2 8 9 303500 2
1 2 8 3 303500 2
1 2 8 3 303500 2
1 2 9 9 303500 2
1 2 10 9 303500 2
1 2 10 1 303500 2
1 2 11 7 303500 2
1 2 11 0 303500 2
1 2 11 5 303500 2
1 2 11 6 303500 2
1 2 12 6 303500 2
1 2 12 5 303500 2
1 2 13 4 303500 2
1 2 14 0 303500 2
1 2 14 8 303500 2
1 2 15 0 303500 2
1 2 15 9 303500 2
1 2 7 1 303500 2
1 2 7 7 303500 2
1 2 8 9 303500 2
1 2 0 4 303500 2
1 2 0 8 303500 2
1 2 1 9 303500 2
1 2 1 0 303500 2
1 2 2 9 303500 2
1 2 2 7 303500 2
1 2 3 7 303500 2
1 2 4 2 303500 2
1 2 4 8 303500 2
1 2 5 9 303500 2
1 2 5 3 303500 2
1 2 6 8 303500 2
1 2 6 4 303500 2
1 2 6 0 303500 2
1 2 4 3 303500 2
1 2 6 0 304000 2
1 2 7 5 304000 2
1 2 6 8 304000 2
1 2 7 4 304000 2
1 2 8 2 304000 2
1 2 9 7 304000 2
1 2 11 5 304000 2
1 2 11 6 304000 2
1 2 11 0 304000 2
1 2 12 6 304000 2
1 2 13 4 304000 2
1 2 13 1 304000 2
1 2 14 8 304000 2
1 2 14 5 304000 2
1 2 15 8 304000 2
1 2 6 7 304000 2
1 2 0 2 304000 2
1 2 0 8 304000 2
1 2 1 0 304000 2
1 2 2 2 304000 2
1 2 2 3 304000 2
1 2 2 7 304000 2
1 2 5 9 304000 2
1 2 5 9 304000 2
1 2 5 9 304000 2
1 2 6 6 304000 2
1 2 6 9 304000 2
1 2 6 9 304000 2
1 2 4 3 304000 2
1 2 8 8 304500 2
1 2 8 3 304500 2
1 2 8 7 304500 2
1 2 9 9 304500 2
1 2 10 9 304500 2
1 2 10 9 304500 2
1 2 11 9 304500 2
1 2 11 0 304500 2
1 2 12 5 304500 2
1 2 13 9 304500 2
1 2 15 0 304500 2
1 2 15 9 304500 2
1 2 0 2 304500 2
1 2 7 4 304500 2
1 2 8 4 304500 2
1 2 0 3 304500 2
1 2 2 8 304500 2
1 2 3 4 304500 2
1 2 3 4 304500 2
1 2 4 0 304500 2
1 2 5 9 304500 2
1 2 5 3 304500 2
1 2 7 7 304500 2
1 2 7 5 304500 2
1 2 4 4 304500 2
1 2 10 7 305000 2
1 2 11 6 305000 2
1 2 12 2 305000 2
1 2 12 7 305000 2
1 2 12 5 305000 2
1 2 13 3 305000 2
1 2 13 4 305000 2
1 2 13 9 305000 2
1 2 14 8 305000 2
1 2 14 3 305000 2
1 2 15 2 305000 2
1 2 10 7 305000 2
1 2 8 2 305000 2
1 2 3 4 305000 2
1 2 3 8 305000 2
1 2 4 6 305000 2
1 2 4 4 305000 2
1 2 5 4 305000 2
1 2 5 8 305000 2
1 2 6 6 305000 2
1 2 6 4 305000 2
1 2 7 5 305000 2
1 2 7 9 305000 2
1 2 7 0 305000 2
1 2 10 9 305000 2
1 2 6 9 305500 2
1 2 7 7 305500 2
1 2 8 9 305500 2
1 2 8 3 305500 2
1 2 8 0 305500 2
1 2 8 2 305500 2
1 2 9 9 305500 2
1 2 10 9 305500 2
1 2 11 3 305500 2
1 2 12 9 305500 2
1 2 12 6 305500 2
1 2 12 3 305500 2
1 2 15 0 305500 2
1 2 15 8 305500 2
1 2 6 8 305500 2
1 2 5 3 305500 2
1 2 0 5 305500 2
1 2 0 1 305500 2
1 2 0 8 305500 2
1 2 1 2 305500 2
1 2 1 1 305500 2
1 2 1 4 305500 2
1 2 2 7 305500 2
1 2 2 0 305500 2
1 2 3 8 305500 2
1 2 3 8 305500 2
1 2 4 8 305500 2
1 2 5 3 305500 2
1 2 5 8 305500 2
1 2 2 6 305500 2
1 2 8 6 306000 2
1 2 8 9 306000 2
1 2 9 9 306000 2
1 2 9 6 306000 2
1 2 10 1 306000 2
1 2 11 0 306000 2
1 2 11 0 306000 2
1 2 12 2 306000 2
1 2 12 5 306000 2
1 2 13 4 306000 2
1 2 7 7 306000 2
1 2 6 0 306000 2
1 2 0 3 306000 2
1 2 2 5 306000 2
1 2 2 3 306000 2
1 2 3 3 306000 2
1 2 3 8 306000 2
1 2 4 2 306000 2
1 2 4 6 306000 2
1 2 5 0 306000 2
1 2 5 9 306000 2
1 2 6 9 306000 2
1 2 8 6 306500 2
1 2 11 6 306500 2
1 2 8 7 306500 2
1 2 8 1 306500 2
1 2 8 8 306500 2
1 2 10 9 306500 2
1 2 10 5 306500 2
1 2 11 6 306500 2
1 2 11 3 306500 2
1 2 12 8 306500 2
1 2 12 5 306500 2
1 2 12 5 306500 2
1 2 14 9 306500 2
1 2 15 4 306500 2
1 2 15 0 306500 2
1 2 7 9 306500 2
1 2 8 7 306500 2
1 2 0 0 306500 2
1 2 1 6 306500 2
1 2 2 2 306500 2
1 2 3 7 306500 2
1 2 3 8 306500 2
1 2 3 5 306500 2
1 2 3 7 306500 2
1 2 0 4 306500 2
1 2 4 7 306500 2
1 2 5 8 306500 2
1 2 6 6 306500 2
1 2 6 3 306500 2
1 2 6 9 306500 2
1 2 4 8 306500 2
1 2 8 9 307000 2
1 2 9 9 307000 2
1 2 9 0 307000 2
1 2 10 3 307000 2
1 2 11 2 307000 2
1 2 11 9 307000 2
1 2 11 0 307000 2
1 2 12 2 307000 2
1 2 12 8 307000 2
1 2 12 8 307000 2
1 2 13 6 307000 2
1 2 13 1 307000 2
1 2 14 5 307000 2
1 2 14 3 307000 2
1 2 15 2 307000 2
1 2 15 8 307000 2
1 2 8 9 307000 2
1 2 8 2 307000 2
1 2 0 5 307000 2
1 2 0 3 307000 2
1 2 1 1 307000 2
1 2 2 8 307000 2
1 2 3 9 307000 2
1 2 3 8 307000 2
1 2 4 2 307000 2
1 2 4 8 307000 2
1 2 4 9 307000 2
1 2 5 1 307000 2
1 2 5 8 307000 2
1 2 6 0 307000 2
1 2 6 1 307000 2
1 2 6 4 307000 2
1 2 7 7 307000 2
1 2 8 9 307000 2
1 2 10 9 307500 2
1 2 10 9 307500 2
1 2 11 8 307500 2
1 2 11 4 307500 2
1 2 10 9 307500 2
1 2 12 6 307500 2
1 2 12 5 307500 2
1 2 12 5 307500 2
1 2 13 2 307500 2
1 2 13 2 307500 2
1 2 14 5 307500 2
1 2 14 0 307500 2
1 2 15 5 307500 2
1 2 15 2 307500 2
1 2 6 9 307500 2
1 2 0 4 307500 2
1 2 8 3 307500 2
1 2 0 8 307500 2
1 2 3 3 307500 2
1 2 4 4 307500 2
1 2 5 7 307500 2
1 2 5 9 307500 2
1 2 6 3 307500 2
1 2 8 2 307500 2
1 2 8 9 307500 2
1 2 8 7 307500 2
1 2 6 9 307500 2
1 2 6 7 307500 2
1 2 6 1 307500 2
1 2 8 8 308000 2
1 2 15 6 308000 2
1 2 15 0 308000 2
1 2 14 8 308000 2
1 2 13 2 308000 2
1 2 13 3 308000 2
1 2 12 5 308000 2
1 2 12 2 308000 2
1 2 11 0 308000 2
1 2 11 1 308000 2
1 2 10 7 308000 2
1 2 7 7 308000 2
1 2 8 9 308000 2
1 2 2 2 308000 2
1 2 2 8 308000 2
1 2 3 4 308000 2
1 2 3 4 308000 2
1 2 3 4 308000 2
1 2 4 5 308000 2
1 2 5 9 308000 2
1 2 5 7 308000 2
1 2 6 2 308000 2
1 2 6 0 308000 2
1 2 8 7 308500 2
1 2 8 2 308500 2
1 2 8 3 308500 2
1 2 8 3 308500 2
1 2 9 9 308500 2
1 2 11 6 308500 2
1 2 11 4 308500 2
1 2 12 0 308500 2
1 2 13 1 308500 2
1 2 14 8 308500 2
1 2 14 8 308500 2
1 2 14 3 308500 2
1 2 15 0 308500 2
1 2 15 7 308500 2
1 2 15 3 308500 2
1 2 10 9 308500 2
1 2 7 9 308500 2
1 2 7 1 308500 2
1 2 1 3 308500 2
1 2 1 7 308500 2
1 2 3 4 308500 2
1 2 3 4 308500 2
1 2 3 2 308500 2
1 2 3 7 308500 2
1 2 4 0 308500 2
1 2 5 4 308500 2
1 2 5 8 308500 2
1 2 0 3 308500 2
1 2 5 3 308500 2
1 2 6 2 308500 2
1 2 6 0 308500 2
1 2 6 4 308500 2
1 2 4 8 308500 2
1 2 6 4 309000 2
1 2 7 7 309000 2
1 2 7 9 309000 2
1 2 7 0 309000 2
1 2 8 2 309000 2
1 2 8 8 309000 2
1 2 8 3 309000 2
1 2 9 5 309000 2
1 2 11 4 309000 2
1 2 12 2 309000 2
1 2 12 6 309000 2
1 2 13 4 309000 2
1 2 14 9 309000 2
1 2 15 9 309000 2
1 2 15 6 309000 2
1 2 6 3 309000 2
1 2 6 5 309000 2
1 2 1 2 309000 2
1 2 1 9 309000 2
1 2 2 8 309000 2
1 2 2 7 309000 2
1 2 3 4 309000 2
1 2 3 4 309000 2
1 2 3 5 309000 2
1 2 4 2 309000 2
1 2 4 8 309000 2
1 2 4 4 309000 2
1 2 5 8 309000 2
1 2 5 9 309000 2
1 2 5 9 309000 2
1 2 6 0 309000 2
1 2 8 9 309500 2
1 2 0 8 309500 2
1 2 8 3 309500 2
1 2 9 5 309500 2
1 2 10 7 309500 2
1 2 10 6 309500 2
1 2 11 7 309500 2
1 2 11 7 309500 2
1 2 12 9 309500 2
1 2 12 9 309500 2
1 2 12 2 309500 2
1 2 12 4 309500 2
1 2 13 6 309500 2
1 2 14 0 309500 2
1 2 14 9 309500 2
1 2 15 6 309500 2
1 2 15 6 309500 2
1 2 7 1 309500 2
1 2 0 4 309500 2
1 2 0 5 309500 2
1 2 8 7 309500 2
1 2 1 5 309500 2
1 2 1 9 309500 2
1 2 1 2 309500 2
1 2 1 8 309500 2
1 2 2 2 309500 2
1 2 4 5 309500 2
1 2 5 6 309500 2
1 2 5 4 309500 2
1 2 5 1 309500 2
1 2 5 0 309500 2
1 2 6 2 309500 2
1 2 6 8 309500 2
1 2 3 7 309500 2
1 2 12 6 310000 2
1 2 11 1 310000 2
1 2 10 7 310000 2
1 2 10 9 310000 2
1 2 9 6 310000 2
1 2 9 4 310000 2
1 2 8 3 310000 2
1 2 8 7 310000 2
1 2 8 8 310000 2
1 2 12 5 310000 2
1 2 13 9 310000 2
1 2 13 5 310000 2
1 2 14 0 310000 2
1 2 15 0 310000 2
1 2 15 0 310000 2
1 2 15 3 310000 2
1 2 15 0 310000 2
1 2 15 8 310000 2
1 2 7 4 310000 2
1 2 8 6 310000 2
1 2 0 5 310000 2
1 2 0 5 310000 2
1 2 0 8 310000 2
1 2 1 7 310000 2
1 2 1 1 310000 2
1 2 2 9 310000 2
1 2 2 6 310000 2
1 2 3 5 310000 2
1 2 3 4 310000 2
1 2 4 4 310000 2
1 2 4 9 310000 2
1 2 4 0 310000 2
1 2 5 9 310000 2
1 2 6 8 310000 2
1 2 6 3 310000 2
1 2 6 7 310000 2
1 2 3 2 310000 2
1 2 8 7 310500 2
1 2 10 5 310500 2
1 2 11 9 310500 2
1 2 11 9 310500 2
1 2 11 6 310500 2
1 2 12 7 310500 2
1 2 12 2 310500 2
1 2 12 8 310500 2
1 2 12 4 310500 2
1 2 13 4 310500 2
1 2 14 9 310500 2
1 2 14 8 310500 2
1 2 6 0 310500 2
1 2 7 9 310500 2
1 2 0 5 310500 2
1 2 0 2 310500 2
1 2 2 5 310500 2
1 2 4 6 310500 2
1 2 4 5 310500 2
1 2 5 6 310500 2
1 2 6 2 310500 2
1 2 6 3 310500 2
1 2 6 0 310500 2
1 2 7 7 310500 2
1 2 7 5 310500 2
1 2 7 4 310500 2
1 2 7 8 311000 2
1 2 7 8 311000 2
1 2 8 9 311000 2
1 2 8 2 311000 2
1 2 8 3 311000 2
1 2 9 5 311000 2
1 2 11 0 311000 2
1 2 11 4 311000 2
1 2 11 4 311000 2
1 2 12 4 311000 2
1 2 14 8 311000 2
1 2 5 9 311000 2
1 2 6 7 311000 2
1 2 0 3 311000 2
1 2 1 9 311000 2
1 2 2 6 311000 2
1 2 3 4 311000 2
1 2 3 7 311000 2
1 2 4 2 311000 2
1 2 4 0 311000 2
1 2 5 3 311000 2
1 2 5 7 311000 2
1 2 4 5 311000 2
1 2 8 9 311500 2
1 2 8 9 311500 2
1 2 8 8 311500 2
1 2 9 7 311500 2
1 2 10 3 311500 2
1 2 10 5 311500 2
1 2 11 9 311500 2
1 2 11 3 311500 2
1 2 12 5 311500 2
1 2 13 8 311500 2
1 2 13 4 311500 2
1 2 14 8 311500 2
1 2 15 0 311500 2
1 2 15 6 311500 2
1 2 0 6 311500 2
1 2 7 5 311500 2
1 2 0 5 311500 2
1 2 0 2 311500 2
1 2 1 9 311500 2
1 2 1 4 311500 2
1 2 2 9 311500 2
1 2 3 2 311500 2
1 2 4 7 311500 2
1 2 7 7 311500 2
1 2 6 3 311500 2
1 2 5 3 311500 2
1 2 5 4 311500 2
1 2 5 6 311500 2
1 2 4 8 311500 2
1 2 8 7 312000 2
1 2 15 6 312000 2
1 2 15 3 312000 2
1 2 14 2 312000 2
1 2 13 5 312000 2
1 2 13 6 312000 2
1 2 13 1 312000 2
1 2 12 2 312000 2
1 2 11 4 312000 2
1 2 11 0 312000 2
1 2 11 0 312000 2
1 2 10 1 312000 2
1 2 7 1 312000 2
1 2 8 2 312000 2
1 2 0 4 312000 2
1 2 0 9 312000 2
1 2 3 4 312000 2
1 2 4 7 312000 2
1 2 4 8 312000 2
1 2 5 3 312000 2
1 2 6 8 312000 2
1 2 6 9 312000 2
1 2 6 3 312000 2
1 2 6 7 312000 2
1 2 8 0 312500 2
1 2 7 9 312500 2
1 2 8 5 312500 2
1 2 10 6 312500 2
1 2 10 9 312500 2
1 2 11 0 312500 2
1 2 11 8 312500 2
1 2 11 0 312500 2
1 2 11 4 312500 2
1 2 12 1 312500 2
1 2 13 5 312500 2
1 2 14 8 312500 2
1 2 15 9 312500 2
1 2 15 7 312500 2
1 2 7 0 312500 2
1 2 8 9 312500 2
1 2 0 9 312500 2
1 2 1 6 312500 2
1 2 1 7 312500 2
1 2 2 2 312500 2
1 2 2 6 312500 2
1 2 3 4 312500 2
1 2 4 4 312500 2
1 2 4 2 312500 2
1 2 4 2 312500 2
1 2 5 6 312500 2
1 2 5 7 312500 2
1 2 5 9 312500 2
1 2 9 1 313000 2
1 2 8 2 313000 2
1 2 10 8 313000 2
1 2 10 3 313000 2
1 2 11 7 313000 2
1 2 11 2 313000 2
1 2 11 9 313000 2
1 2 11 4 313000 2
1 2 11 7 313000 2
1 2 11 0 313000 2
1 2 11 4 313000 2
1 2 12 9 313000 2
1 2 12 5 313000 2
1 2 12 1 313000 2
1 2 13 0 313000 2
1 2 13 6 313000 2
1 2 14 1 313000 2
1 2 15 6 313000 2
1 2 8 2 313000 2
1 2 0 5 313000 2
1 2 0 5 313000 2
1 2 1 0 313000 2
1 2 1 8 313000 2
1 2 2 3 313000 2
1 2 3 7 313000 2
1 2 4 8 313000 2
1 2 4 6 313000 2
1 2 4 0 313000 2
1 2 5 4 313000 2
1 2 5 7 313000 2
1 2 6 8 313000 2
1 2 6 2 313000 2
1 2 6 8 313000 2
1 2 7 7 313000 2
1 2 7 5 313000 2
1 2 5 5 313000 2
1 2 8 4 313500 2
1 2 8 8 313500 2
1 2 8 4 313500 2
1 2 8 3 313500 2
1 2 9 0 313500 2
1 2 10 9 313500 2
1 2 10 9 313500 2
1 2 10 9 313500 2
1 2 11 6 313500 2
1 2 13 2 313500 2
1 2 15 0 313500 2
1 2 15 9 313500 2
1 2 15 2 313500 2
1 2 6 7 313500 2
1 2 7 9 313500 2
1 2 7 9 313500 2
1 2 0 7 313500 2
1 2 1 7 313500 2
1 2 3 6 313500 2
1 2 3 9 313500 2
1 2 3 4 313500 2
1 2 4 0 313500 2
1 2 5 9 313500 2
1 2 5 4 313500 2
1 2 6 3 313500 2
1 2 0 2 313500 2
1 2 4 5 313500 2
1 2 8 7 314000 2
1 2 8 2 314000 2
1 2 10 0 314000 2
1 2 10 3 314000 2
1 2 11 7 314000 2
1 2 11 4 314000 2
1 2 11 0 314000 2
1 2 11 6 314000 2
1 2 12 7 314000 2
1 2 12 3 314000 2
1 2 12 4 314000 2
1 2 13 6 314000 2
1 2 15 2 314000 2
1 2 15 9 314000 2
1 2 15 0 314000 2
1 2 15 6 314000 2
1 2 8 8 314000 2
1 2 0 4 314000 2
1 2 0 4 314000 2
1 2 0 4 314000 2
1 2 1 7 314000 2
1 2 1 9 314000 2
1 2 1 5 314000 2
1 2 2 8 314000 2
1 2 4 8 314000 2
1 2 4 6 314000 2
1 2 5 7 314000 2
1 2 6 4 314000 2
1 2 7 9 314000 2
1 2 8 4 314000 2
1 2 8 4 314000 2
1 2 3 4 314000 2
1 2 9 1 314500 2
1 2 10 0 314500 2
1 2 11 1 314500 2
1 2 11 8 314500 2
1 2 11 3 314500 2
1 2 11 7 314500 2
1 2 12 4 314500 2
1 2 12 5 314500 2
1 2 13 6 314500 2
1 2 13 5 314500 2
1 2 14 8 314500 2
1 2 15 0 314500 2
1 2 15 8 314500 2
1 2 2 6 314500 2
1 2 8 9 314500 2
1 2 9 8 314500 2
1 2 1 7 314500 2
1 2 1 2 314500 2
1 2 0 8 314500 2
1 2 2 9 314500 2
1 2 3 6 314500 2
1 2 3 4 314500 2
1 2 5 9 314500 2
1 2 6 3 314500 2
1 2 6 0 314500 2
1 2 7 5 314500 2
1 2 7 9 314500 2
1 2 3 4 314500 2
1 2 10 5 315000 2
1 2 11 9 315000 2
1 2 11 0 315000 2
1 2 11 0 315000 2
1 2 11 4 315000 2
1 2 12 6 315000 2
1 2 12 9 315000 2
1 2 13 4 315000 2
1 2 14 4 315000 2
1 2 14 9 315000 2
1 2 14 3 315000 2
1 2 15 3 315000 2
1 2 15 3 315000 2
1 2 9 6 315000 2
1 2 10 7 315000 2
1 2 0 1 315000 2
1 2 2 9 315000 2
1 2 3 8 315000 2
1 2 3 2 315000 2
1 2 3 8 315000 2
1 2 4 0 315000 2
1 2 5 4 315000 2
1 2 7 4 315000 2
1 2 8 8 315000 2
1 2 8 7 315000 2
1 2 9 9 315000 2
1 2 5 7 315000 2
1 2 10 2 315000 2
1 2 7 4 315500 2
1 2 8 2 315500 2
1 2 8 1 315500 2
1 2 8 3 315500 2
1 2 9 1 315500 2
1 2 10 8 315500 2
1 2 11 0 315500 2
1 2 12 5 315500 2
1 2 13 4 315500 2
1 2 15 2 315500 2
1 2 5 5 315500 2
1 2 7 8 315500 2
1 2 7 8 315500 2
1 2 0 1 315500 2
1 2 1 4 315500 2
1 2 2 0 315500 2
1 2 2 6 315500 2
1 2 3 4 315500 2
1 2 4 8 315500 2
1 2 5 9 315500 2
1 2 6 0 315500 2
1 2 3 5 315500 2
1 2 9 6 316000 2
1 2 10 1 316000 2
1 2 10 8 316000 2
1 2 11 7 316000 2
1 2 11 3 316000 2
1 2 11 7 316000 2
1 2 12 8 316000 2
1 2 13 3 316000 2
1 2 13 5 316000 2
1 2 14 6 316000 2
1 2 14 8 316000 2
1 2 15 2 316000 2
1 2 8 0 316000 2
1 2 0 5 316000 2
1 2 0 6 316000 2
1 2 0 8 316000 2
1 2 1 2 316000 2
1 2 1 3 316000 2
1 2 1 0 316000 2
1 2 2 4 316000 2
1 2 4 8 316000 2
1 2 5 4 316000 2
1 2 6 7 316000 2
1 2 8 8 316000 2
1 2 2 2 316000 2
1 2 7 1 316500 2
1 2 8 0 316500 2
1 2 8 8 316500 2
1 2 8 8 316500 2
1 2 10 9 316500 2
1 2 10 0 316500 2
1 2 11 4 316500 2
1 2 14 8 316500 2
1 2 14 2 316500 2
1 2 14 9 316500 2
1 2 15 0 316500 2
1 2 15 3 316500 2
1 2 6 4 316500 2
1 2 7 7 316500 2
1 2 0 3 316500 2
1 2 1 9 316500 2
1 2 1 9 316500 2
1 2 2 8 316500 2
1 2 2 6 316500 2
1 2 3 6 316500 2
1 2 3 8 316500 2
1 2 4 5 316500 2
1 2 5 5 316500 2
1 2 5 8 316500 2
1 2 10 6 317000 2
1 2 9 0 317000 2
1 2 11 1 317000 2
1 2 11 9 317000 2
1 2 11 7 317000 2
1 2 12 6 317000 2
1 2 12 6 317000 2
1 2 12 3 317000 2
1 2 13 3 317000 2
1 2 13 8 317000 2
1 2 13 7 317000 2
1 2 14 2 317000 2
1 2 14 9 317000 2
1 2 15 8 317000 2
1 2 15 9 317000 2
1 2 15 6 317000 2
1 2 8 7 317000 2
1 2 0 6 317000 2
1 2 0 3 317000 2
1 2 1 2 317000 2
1 2 1 9 317000 2
1 2 3 4 317000 2
1 2 3 4 317000 2
1 2 5 4 317000 2
1 2 5 3 317000 2
1 2 5 0 317000 2
1 2 5 3 317000 2
1 2 6 0 317000 2
1 2 6 3 317000 2
1 2 6 3 317000 2
1 2 6 5 317000 2
1 2 7 9 317000 2
1 2 7 5 317000 2
1 2 9 6 317500 2
1 2 10 4 317500 2
1 2 11 2 317500 2
1 2 11 8 317500 2
1 2 11 3 317500 2
1 2 12 8 317500 2
1 2 12 4 317500 2
1 2 12 6 317500 2
1 2 12 8 317500 2
1 2 13 8 317500 2
1 2 14 0 317500 2
1 2 14 8 317500 2
1 2 15 6 317500 2
1 2 10 9 317500 2
1 2 8 2 317500 2
1 2 8 4 317500 2
1 2 1 9 317500 2
1 2 1 7 317500 2
1 2 2 8 317500 2
1 2 3 2 317500 2
1 2 4 3 317500 2
1 2 6 6 317500 2
1 2 6 9 317500 2
1 2 6 0 317500 2
1 2 7 9 317500 2
1 2 7 3 317500 2
1 2 8 6 317500 2
1 2 0 1 317500 2
1 2 6 3 317500 2
1 2 8 9 318000 2
1 2 9 5 318000 2
1 2 10 3 318000 2
1 2 10 0 318000 2
1 2 11 2 318000 2
1 2 11 4 318000 2
1 2 11 4 318000 2
1 2 11 6 318000 2
1 2 12 2 318000 2
1 2 12 2 318000 2
1 2 12 6 318000 2
1 2 12 8 318000 2
1 2 13 8 318000 2
1 2 14 9 318000 2
1 2 15 6 318000 2
1 2 15 3 318000 2
1 2 8 9 318000 2
1 2 0 5 318000 2
1 2 1 6 318000 2
1 2 3 4 318000 2
1 2 3 4 318000 2
1 2 4 4 318000 2
1 2 4 8 318000 2
1 2 4 8 318000 2
1 2 4 4 318000 2
1 2 5 9 318000 2
1 2 6 3 318000 2
1 2 6 4 318000 2
1 2 6 4 318000 2
1 2 6 9 318000 2
1 2 7 1 318000 2
1 2 8 2 318000 2
1 2 5 4 318000 2
1 2 11 1 318500 2
1 2 11 0 318500 2
1 2 11 3 318500 2
1 2 12 9 318500 2
1 2 12 1 318500 2
1 2 13 3 318500 2
1 2 13 6 318500 2
1 2 13 5 318500 2
1 2 5 2 318500 2
1 2 14 5 318500 2
1 2 14 0 318500 2
1 2 14 5 318500 2
1 2 15 5 318500 2
1 2 15 5 318500 2
1 2 15 0 318500 2
1 2 15 7 318500 2
1 2 10 1 318500 2
1 2 10 1 318500 2
1 2 0 2 318500 2
1 2 2 9 318500 2
1 2 2 9 318500 2
1 2 3 4 318500 2
1 2 4 6 318500 2
1 2 4 0 318500 2
1 2 5 3 318500 2
1 2 7 7 318500 2
1 2 7 9 318500 2
1 2 8 9 318500 2
1 2 8 7 318500 2
1 2 9 0 318500 2
1 2 10 7 318500 2
1 2 6 4 318500 2
1 2 6 0 319000 2
1 2 6 7 319000 2
1 2 7 8 319000 2
1 2 8 3 319000 2
1 2 8 9 319000 2
1 2 11 6 319000 2
1 2 12 4 319000 2
1 2 13 4 319000 2
1 2 14 9 319000 2
1 2 15 5 319000 2
1 2 15 7 319000 2
1 2 6 1 319000 2
1 2 3 4 319000 2
1 2 0 3 319000 2
1 2 5 9 319000 2
1 2 1 9 319000 2
1 2 1 9 319000 2
1 2 2 9 319000 2
1 2 3 7 319000 2
1 2 3 4 319000 2
1 2 4 8 319000 2
1 2 4 0 319000 2
1 2 5 3 319000 2
1 2 5 1 319000 2
1 2 11 0 319500 2
1 2 10 7 319500 2
1 2 10 8 319500 2
1 2 10 2 319500 2
1 2 13 5 319500 2
1 2 10 8 319500 2
1 2 10 0 319500 2
1 2 9 5 319500 2
1 2 8 7 319500 2
1 2 11 9 319500 2
1 2 11 5 319500 2
1 2 12 8 319500 2
1 2 12 2 319500 2
1 2 12 8 319500 2
1 2 14 2 319500 2
1 2 14 0 319500 2
1 2 15 2 319500 2
1 2 6 0 319500 2
1 2 8 9 319500 2
1 2 8 6 319500 2
1 2 0 6 319500 2
1 2 0 8 319500 2
1 2 1 4 319500 2
1 2 2 9 319500 2
1 2 2 7 319500 2
1 2 2 8 319500 2
1 2 2 2 319500 2
1 2 3 9 319500 2
1 2 4 2 319500 2
1 2 4 7 319500 2
1 2 5 9 319500 2
1 2 5 4 319500 2
1 2 6 2 319500 2
1 2 6 8 319500 2
1 2 6 3 319500 2
1 2 3 7 319500 2
1 2 6 7 320000 2
1 2 6 9 320000 2
1 2 7 7 320000 2
1 2 8 4 320000 2
1 2 8 0 320000 2
1 2 8 3 320000 2
1 2 8 2 320000 2
1 2 8 7 320000 2
1 2 9 9 320000 2
1 2 10 9 320000 2
1 2 10 4 320000 2
1 2 12 6 320000 2
1 2 13 6 320000 2
1 2 14 8 320000 2
1 2 15 2 320000 2
1 2 6 3 320000 2
1 2 6 6 320000 2
1 2 5 3 320000 2
1 2 5 5 320000 2
1 2 4 2 320000 2
1 2 4 5 320000 2
1 2 3 8 320000 2
1 2 3 4 320000 2
1 2 3 8 320000 2
1 2 2 9 320000 2
1 2 1 7 320000 2
1 2 1 5 320000 2
1 2 1 5 320000 2
1 2 1 9 320000 2
1 2 0 8 320000 2
